./build_release.sh: line 22: env.sh: No such file or directory
-- Use QLDB
-- Protobuf 版本: 2.6.1
-- Protobuf 包含路径: /usr/local/include
-- Protobuf 库路径: /usr/local/lib/libprotobuf.so
-- Protobuf 编译器路径: /usr/local/bin/protoc
-- Found libevent at /usr/local/include
-- Found Rocksdb at /usr/local/include
-- /usr/local/bin/protoc
-- include: /pcissd/cxy_test/vidb_project/LedgerDatabase;/pcissd/cxy_test/vidb_project/LedgerDatabase/build_release_qldb
-- Configuring done
-- Generating done
-- Build files have been written to: /pcissd/cxy_test/vidb_project/LedgerDatabase/build_release_qldb
/usr/local/opt/cmake-3.22.1/bin/cmake -S/pcissd/cxy_test/vidb_project/LedgerDatabase -B/pcissd/cxy_test/vidb_project/LedgerDatabase/build_release_qldb --check-build-system CMakeFiles/Makefile.cmake 0
/usr/local/opt/cmake-3.22.1/bin/cmake -E cmake_progress_start /pcissd/cxy_test/vidb_project/LedgerDatabase/build_release_qldb/CMakeFiles /pcissd/cxy_test/vidb_project/LedgerDatabase/build_release_qldb//CMakeFiles/progress.marks
make  -f CMakeFiles/Makefile2 all
make[1]: Entering directory '/pcissd/cxy_test/vidb_project/LedgerDatabase/build_release_qldb'
make  -f ledger/CMakeFiles/ledger_objs.dir/build.make ledger/CMakeFiles/ledger_objs.dir/depend
make  -f distributed/CMakeFiles/copy_dist_protobuf.dir/build.make distributed/CMakeFiles/copy_dist_protobuf.dir/depend
make  -f test/CMakeFiles/gtest.dir/build.make test/CMakeFiles/gtest.dir/depend
make[2]: Entering directory '/pcissd/cxy_test/vidb_project/LedgerDatabase/build_release_qldb'
cd /pcissd/cxy_test/vidb_project/LedgerDatabase/build_release_qldb && /usr/local/opt/cmake-3.22.1/bin/cmake -E cmake_depends "Unix Makefiles" /pcissd/cxy_test/vidb_project/LedgerDatabase /pcissd/cxy_test/vidb_project/LedgerDatabase/ledger /pcissd/cxy_test/vidb_project/LedgerDatabase/build_release_qldb /pcissd/cxy_test/vidb_project/LedgerDatabase/build_release_qldb/ledger /pcissd/cxy_test/vidb_project/LedgerDatabase/build_release_qldb/ledger/CMakeFiles/ledger_objs.dir/DependInfo.cmake --color=
make[2]: Entering directory '/pcissd/cxy_test/vidb_project/LedgerDatabase/build_release_qldb'
cd /pcissd/cxy_test/vidb_project/LedgerDatabase/build_release_qldb && /usr/local/opt/cmake-3.22.1/bin/cmake -E cmake_depends "Unix Makefiles" /pcissd/cxy_test/vidb_project/LedgerDatabase /pcissd/cxy_test/vidb_project/LedgerDatabase/distributed /pcissd/cxy_test/vidb_project/LedgerDatabase/build_release_qldb /pcissd/cxy_test/vidb_project/LedgerDatabase/build_release_qldb/distributed /pcissd/cxy_test/vidb_project/LedgerDatabase/build_release_qldb/distributed/CMakeFiles/copy_dist_protobuf.dir/DependInfo.cmake --color=
make[2]: Entering directory '/pcissd/cxy_test/vidb_project/LedgerDatabase/build_release_qldb'
cd /pcissd/cxy_test/vidb_project/LedgerDatabase/build_release_qldb && /usr/local/opt/cmake-3.22.1/bin/cmake -E cmake_depends "Unix Makefiles" /pcissd/cxy_test/vidb_project/LedgerDatabase /pcissd/cxy_test/vidb_project/LedgerDatabase/test /pcissd/cxy_test/vidb_project/LedgerDatabase/build_release_qldb /pcissd/cxy_test/vidb_project/LedgerDatabase/build_release_qldb/test /pcissd/cxy_test/vidb_project/LedgerDatabase/build_release_qldb/test/CMakeFiles/gtest.dir/DependInfo.cmake --color=
Dependencies file "ledger/CMakeFiles/ledger_objs.dir/common/chunk.cc.o.d" is newer than depends file "/pcissd/cxy_test/vidb_project/LedgerDatabase/build_release_qldb/ledger/CMakeFiles/ledger_objs.dir/compiler_depend.internal".
Dependencies file "test/CMakeFiles/gtest.dir/gtest/gtest-all.cc.o.d" is newer than depends file "/pcissd/cxy_test/vidb_project/LedgerDatabase/build_release_qldb/test/CMakeFiles/gtest.dir/compiler_depend.internal".
Dependencies file "ledger/CMakeFiles/ledger_objs.dir/common/hash.cc.o.d" is newer than depends file "/pcissd/cxy_test/vidb_project/LedgerDatabase/build_release_qldb/ledger/CMakeFiles/ledger_objs.dir/compiler_depend.internal".
make[2]: Leaving directory '/pcissd/cxy_test/vidb_project/LedgerDatabase/build_release_qldb'
Dependencies file "ledger/CMakeFiles/ledger_objs.dir/common/logger.cc.o.d" is newer than depends file "/pcissd/cxy_test/vidb_project/LedgerDatabase/build_release_qldb/ledger/CMakeFiles/ledger_objs.dir/compiler_depend.internal".
make  -f distributed/CMakeFiles/copy_dist_protobuf.dir/build.make distributed/CMakeFiles/copy_dist_protobuf.dir/build
Dependencies file "ledger/CMakeFiles/ledger_objs.dir/common/utils.cc.o.d" is newer than depends file "/pcissd/cxy_test/vidb_project/LedgerDatabase/build_release_qldb/ledger/CMakeFiles/ledger_objs.dir/compiler_depend.internal".
Dependencies file "ledger/CMakeFiles/ledger_objs.dir/ledgerdb/ledgerdb.cc.o.d" is newer than depends file "/pcissd/cxy_test/vidb_project/LedgerDatabase/build_release_qldb/ledger/CMakeFiles/ledger_objs.dir/compiler_depend.internal".
make[2]: Entering directory '/pcissd/cxy_test/vidb_project/LedgerDatabase/build_release_qldb'
Dependencies file "ledger/CMakeFiles/ledger_objs.dir/ledgerdb/merkletree.cc.o.d" is newer than depends file "/pcissd/cxy_test/vidb_project/LedgerDatabase/build_release_qldb/ledger/CMakeFiles/ledger_objs.dir/compiler_depend.internal".
Dependencies file "ledger/CMakeFiles/ledger_objs.dir/ledgerdb/mpt/mpt_node.cc.o.d" is newer than depends file "/pcissd/cxy_test/vidb_project/LedgerDatabase/build_release_qldb/ledger/CMakeFiles/ledger_objs.dir/compiler_depend.internal".
Dependencies file "ledger/CMakeFiles/ledger_objs.dir/ledgerdb/mpt/trie.cc.o.d" is newer than depends file "/pcissd/cxy_test/vidb_project/LedgerDatabase/build_release_qldb/ledger/CMakeFiles/ledger_objs.dir/compiler_depend.internal".
Dependencies file "ledger/CMakeFiles/ledger_objs.dir/ledgerdb/skiplist/skiplist.cc.o.d" is newer than depends file "/pcissd/cxy_test/vidb_project/LedgerDatabase/build_release_qldb/ledger/CMakeFiles/ledger_objs.dir/compiler_depend.internal".
Consolidate compiler generated dependencies of target gtest
Dependencies file "ledger/CMakeFiles/ledger_objs.dir/qldb/ql_btree.cc.o.d" is newer than depends file "/pcissd/cxy_test/vidb_project/LedgerDatabase/build_release_qldb/ledger/CMakeFiles/ledger_objs.dir/compiler_depend.internal".
make[2]: Leaving directory '/pcissd/cxy_test/vidb_project/LedgerDatabase/build_release_qldb'
make  -f test/CMakeFiles/gtest.dir/build.make test/CMakeFiles/gtest.dir/build
[  1%] Copying Protobuf headers
Dependencies file "ledger/CMakeFiles/ledger_objs.dir/qldb/ql_btree_node.cc.o.d" is newer than depends file "/pcissd/cxy_test/vidb_project/LedgerDatabase/build_release_qldb/ledger/CMakeFiles/ledger_objs.dir/compiler_depend.internal".
cd /pcissd/cxy_test/vidb_project/LedgerDatabase/build_release_qldb/distributed && /usr/local/opt/cmake-3.22.1/bin/cmake -E make_directory /pcissd/cxy_test/vidb_project/LedgerDatabase/build_release_qldb/distributed/proto
Dependencies file "ledger/CMakeFiles/ledger_objs.dir/qldb/qldb.cc.o.d" is newer than depends file "/pcissd/cxy_test/vidb_project/LedgerDatabase/build_release_qldb/ledger/CMakeFiles/ledger_objs.dir/compiler_depend.internal".
Dependencies file "ledger/CMakeFiles/ledger_objs.dir/qldb/qldb_store.cc.o.d" is newer than depends file "/pcissd/cxy_test/vidb_project/LedgerDatabase/build_release_qldb/ledger/CMakeFiles/ledger_objs.dir/compiler_depend.internal".
Dependencies file "ledger/CMakeFiles/ledger_objs.dir/qldb/qlnode.cc.o.d" is newer than depends file "/pcissd/cxy_test/vidb_project/LedgerDatabase/build_release_qldb/ledger/CMakeFiles/ledger_objs.dir/compiler_depend.internal".
Dependencies file "ledger/CMakeFiles/ledger_objs.dir/sqlledger/sqlldg_mt.cc.o.d" is newer than depends file "/pcissd/cxy_test/vidb_project/LedgerDatabase/build_release_qldb/ledger/CMakeFiles/ledger_objs.dir/compiler_depend.internal".
Dependencies file "ledger/CMakeFiles/ledger_objs.dir/sqlledger/sqlledger.cc.o.d" is newer than depends file "/pcissd/cxy_test/vidb_project/LedgerDatabase/build_release_qldb/ledger/CMakeFiles/ledger_objs.dir/compiler_depend.internal".
cd /pcissd/cxy_test/vidb_project/LedgerDatabase/build_release_qldb/distributed && /usr/local/opt/cmake-3.22.1/bin/cmake -E copy_if_different /pcissd/cxy_test/vidb_project/LedgerDatabase/build_release_qldb/distributed/common-proto.pb.h /pcissd/cxy_test/vidb_project/LedgerDatabase/build_release_qldb/distributed/proto/common-proto.pb.h
make[2]: Entering directory '/pcissd/cxy_test/vidb_project/LedgerDatabase/build_release_qldb'
make[2]: Nothing to be done for 'test/CMakeFiles/gtest.dir/build'.
make[2]: Leaving directory '/pcissd/cxy_test/vidb_project/LedgerDatabase/build_release_qldb'
cd /pcissd/cxy_test/vidb_project/LedgerDatabase/build_release_qldb/distributed && /usr/local/opt/cmake-3.22.1/bin/cmake -E copy_if_different /pcissd/cxy_test/vidb_project/LedgerDatabase/build_release_qldb/distributed/request.pb.h /pcissd/cxy_test/vidb_project/LedgerDatabase/build_release_qldb/distributed/proto/request.pb.h
[  3%] Built target gtest
cd /pcissd/cxy_test/vidb_project/LedgerDatabase/build_release_qldb/distributed && /usr/local/opt/cmake-3.22.1/bin/cmake -E copy_if_different /pcissd/cxy_test/vidb_project/LedgerDatabase/build_release_qldb/distributed/strong-proto.pb.h /pcissd/cxy_test/vidb_project/LedgerDatabase/build_release_qldb/distributed/proto/strong-proto.pb.h
cd /pcissd/cxy_test/vidb_project/LedgerDatabase/build_release_qldb/distributed && /usr/local/opt/cmake-3.22.1/bin/cmake -E copy_if_different /pcissd/cxy_test/vidb_project/LedgerDatabase/build_release_qldb/distributed/vr-proto.pb.h /pcissd/cxy_test/vidb_project/LedgerDatabase/build_release_qldb/distributed/proto/vr-proto.pb.h
make[2]: Leaving directory '/pcissd/cxy_test/vidb_project/LedgerDatabase/build_release_qldb'
[  7%] Built target copy_dist_protobuf
make  -f distributed/CMakeFiles/dist_objs.dir/build.make distributed/CMakeFiles/dist_objs.dir/depend
make[2]: Entering directory '/pcissd/cxy_test/vidb_project/LedgerDatabase/build_release_qldb'
cd /pcissd/cxy_test/vidb_project/LedgerDatabase/build_release_qldb && /usr/local/opt/cmake-3.22.1/bin/cmake -E cmake_depends "Unix Makefiles" /pcissd/cxy_test/vidb_project/LedgerDatabase /pcissd/cxy_test/vidb_project/LedgerDatabase/distributed /pcissd/cxy_test/vidb_project/LedgerDatabase/build_release_qldb /pcissd/cxy_test/vidb_project/LedgerDatabase/build_release_qldb/distributed /pcissd/cxy_test/vidb_project/LedgerDatabase/build_release_qldb/distributed/CMakeFiles/dist_objs.dir/DependInfo.cmake --color=
Dependencies file "distributed/CMakeFiles/dist_objs.dir/common-proto.pb.cc.o.d" is newer than depends file "/pcissd/cxy_test/vidb_project/LedgerDatabase/build_release_qldb/distributed/CMakeFiles/dist_objs.dir/compiler_depend.internal".
Dependencies file "distributed/CMakeFiles/dist_objs.dir/lib/configuration.cc.o.d" is newer than depends file "/pcissd/cxy_test/vidb_project/LedgerDatabase/build_release_qldb/distributed/CMakeFiles/dist_objs.dir/compiler_depend.internal".
Dependencies file "distributed/CMakeFiles/dist_objs.dir/lib/message.cc.o.d" is newer than depends file "/pcissd/cxy_test/vidb_project/LedgerDatabase/build_release_qldb/distributed/CMakeFiles/dist_objs.dir/compiler_depend.internal".
Dependencies file "distributed/CMakeFiles/dist_objs.dir/lib/tcptransport.cc.o.d" is newer than depends file "/pcissd/cxy_test/vidb_project/LedgerDatabase/build_release_qldb/distributed/CMakeFiles/dist_objs.dir/compiler_depend.internal".
Dependencies file "distributed/CMakeFiles/dist_objs.dir/lib/transport.cc.o.d" is newer than depends file "/pcissd/cxy_test/vidb_project/LedgerDatabase/build_release_qldb/distributed/CMakeFiles/dist_objs.dir/compiler_depend.internal".
Dependencies file "distributed/CMakeFiles/dist_objs.dir/replication/common/client.cc.o.d" is newer than depends file "/pcissd/cxy_test/vidb_project/LedgerDatabase/build_release_qldb/distributed/CMakeFiles/dist_objs.dir/compiler_depend.internal".
Dependencies file "distributed/CMakeFiles/dist_objs.dir/replication/common/log.cc.o.d" is newer than depends file "/pcissd/cxy_test/vidb_project/LedgerDatabase/build_release_qldb/distributed/CMakeFiles/dist_objs.dir/compiler_depend.internal".
Dependencies file "distributed/CMakeFiles/dist_objs.dir/replication/common/replica.cc.o.d" is newer than depends file "/pcissd/cxy_test/vidb_project/LedgerDatabase/build_release_qldb/distributed/CMakeFiles/dist_objs.dir/compiler_depend.internal".
Dependencies file "distributed/CMakeFiles/dist_objs.dir/replication/vr/client.cc.o.d" is newer than depends file "/pcissd/cxy_test/vidb_project/LedgerDatabase/build_release_qldb/distributed/CMakeFiles/dist_objs.dir/compiler_depend.internal".
Dependencies file "distributed/CMakeFiles/dist_objs.dir/replication/vr/replica.cc.o.d" is newer than depends file "/pcissd/cxy_test/vidb_project/LedgerDatabase/build_release_qldb/distributed/CMakeFiles/dist_objs.dir/compiler_depend.internal".
Dependencies file "distributed/CMakeFiles/dist_objs.dir/request.pb.cc.o.d" is newer than depends file "/pcissd/cxy_test/vidb_project/LedgerDatabase/build_release_qldb/distributed/CMakeFiles/dist_objs.dir/compiler_depend.internal".
Dependencies file "distributed/CMakeFiles/dist_objs.dir/store/common/backend/kvstore.cc.o.d" is newer than depends file "/pcissd/cxy_test/vidb_project/LedgerDatabase/build_release_qldb/distributed/CMakeFiles/dist_objs.dir/compiler_depend.internal".
Dependencies file "distributed/CMakeFiles/dist_objs.dir/store/common/backend/txnstore.cc.o.d" is newer than depends file "/pcissd/cxy_test/vidb_project/LedgerDatabase/build_release_qldb/distributed/CMakeFiles/dist_objs.dir/compiler_depend.internal".
Dependencies file "distributed/CMakeFiles/dist_objs.dir/store/common/backend/versionstore.cc.o.d" is newer than depends file "/pcissd/cxy_test/vidb_project/LedgerDatabase/build_release_qldb/distributed/CMakeFiles/dist_objs.dir/compiler_depend.internal".
Dependencies file "distributed/CMakeFiles/dist_objs.dir/store/common/frontend/bufferclient.cc.o.d" is newer than depends file "/pcissd/cxy_test/vidb_project/LedgerDatabase/build_release_qldb/distributed/CMakeFiles/dist_objs.dir/compiler_depend.internal".
Dependencies file "distributed/CMakeFiles/dist_objs.dir/store/common/promise.cc.o.d" is newer than depends file "/pcissd/cxy_test/vidb_project/LedgerDatabase/build_release_qldb/distributed/CMakeFiles/dist_objs.dir/compiler_depend.internal".
Dependencies file "distributed/CMakeFiles/dist_objs.dir/store/common/timestamp.cc.o.d" is newer than depends file "/pcissd/cxy_test/vidb_project/LedgerDatabase/build_release_qldb/distributed/CMakeFiles/dist_objs.dir/compiler_depend.internal".
Dependencies file "distributed/CMakeFiles/dist_objs.dir/store/common/tracer.cc.o.d" is newer than depends file "/pcissd/cxy_test/vidb_project/LedgerDatabase/build_release_qldb/distributed/CMakeFiles/dist_objs.dir/compiler_depend.internal".
Dependencies file "distributed/CMakeFiles/dist_objs.dir/store/common/transaction.cc.o.d" is newer than depends file "/pcissd/cxy_test/vidb_project/LedgerDatabase/build_release_qldb/distributed/CMakeFiles/dist_objs.dir/compiler_depend.internal".
Dependencies file "distributed/CMakeFiles/dist_objs.dir/store/common/truetime.cc.o.d" is newer than depends file "/pcissd/cxy_test/vidb_project/LedgerDatabase/build_release_qldb/distributed/CMakeFiles/dist_objs.dir/compiler_depend.internal".
Dependencies file "distributed/CMakeFiles/dist_objs.dir/store/strongstore/client.cc.o.d" is newer than depends file "/pcissd/cxy_test/vidb_project/LedgerDatabase/build_release_qldb/distributed/CMakeFiles/dist_objs.dir/compiler_depend.internal".
Consolidate compiler generated dependencies of target ledger_objs
make[2]: Leaving directory '/pcissd/cxy_test/vidb_project/LedgerDatabase/build_release_qldb'
make  -f ledger/CMakeFiles/ledger_objs.dir/build.make ledger/CMakeFiles/ledger_objs.dir/build
Dependencies file "distributed/CMakeFiles/dist_objs.dir/store/strongstore/occstore.cc.o.d" is newer than depends file "/pcissd/cxy_test/vidb_project/LedgerDatabase/build_release_qldb/distributed/CMakeFiles/dist_objs.dir/compiler_depend.internal".
Dependencies file "distributed/CMakeFiles/dist_objs.dir/store/strongstore/shardclient.cc.o.d" is newer than depends file "/pcissd/cxy_test/vidb_project/LedgerDatabase/build_release_qldb/distributed/CMakeFiles/dist_objs.dir/compiler_depend.internal".
Dependencies file "distributed/CMakeFiles/dist_objs.dir/strong-proto.pb.cc.o.d" is newer than depends file "/pcissd/cxy_test/vidb_project/LedgerDatabase/build_release_qldb/distributed/CMakeFiles/dist_objs.dir/compiler_depend.internal".
Dependencies file "distributed/CMakeFiles/dist_objs.dir/vr-proto.pb.cc.o.d" is newer than depends file "/pcissd/cxy_test/vidb_project/LedgerDatabase/build_release_qldb/distributed/CMakeFiles/dist_objs.dir/compiler_depend.internal".
make[2]: Entering directory '/pcissd/cxy_test/vidb_project/LedgerDatabase/build_release_qldb'
[  8%] Building CXX object ledger/CMakeFiles/ledger_objs.dir/sqlledger/sqlledger.cc.o
cd /pcissd/cxy_test/vidb_project/LedgerDatabase/build_release_qldb/ledger && /usr/bin/c++ -DAMZQLDB -DUSE_ROCKSDB -I/pcissd/cxy_test/vidb_project/LedgerDatabase -I/pcissd/cxy_test/vidb_project/LedgerDatabase/build_release_qldb -isystem /usr/local/opt/boost1.67/include -std=c++11 -O2 -pthread -lssl -Wall -Wno-unused-function -fPIC -MD -MT ledger/CMakeFiles/ledger_objs.dir/sqlledger/sqlledger.cc.o -MF CMakeFiles/ledger_objs.dir/sqlledger/sqlledger.cc.o.d -o CMakeFiles/ledger_objs.dir/sqlledger/sqlledger.cc.o -c /pcissd/cxy_test/vidb_project/LedgerDatabase/ledger/sqlledger/sqlledger.cc
Consolidate compiler generated dependencies of target dist_objs
make[2]: Leaving directory '/pcissd/cxy_test/vidb_project/LedgerDatabase/build_release_qldb'
make  -f distributed/CMakeFiles/dist_objs.dir/build.make distributed/CMakeFiles/dist_objs.dir/build
make[2]: Entering directory '/pcissd/cxy_test/vidb_project/LedgerDatabase/build_release_qldb'
make[2]: Nothing to be done for 'distributed/CMakeFiles/dist_objs.dir/build'.
make[2]: Leaving directory '/pcissd/cxy_test/vidb_project/LedgerDatabase/build_release_qldb'
[ 41%] Built target dist_objs
make  -f distributed/CMakeFiles/dist.dir/build.make distributed/CMakeFiles/dist.dir/depend
make[2]: Entering directory '/pcissd/cxy_test/vidb_project/LedgerDatabase/build_release_qldb'
cd /pcissd/cxy_test/vidb_project/LedgerDatabase/build_release_qldb && /usr/local/opt/cmake-3.22.1/bin/cmake -E cmake_depends "Unix Makefiles" /pcissd/cxy_test/vidb_project/LedgerDatabase /pcissd/cxy_test/vidb_project/LedgerDatabase/distributed /pcissd/cxy_test/vidb_project/LedgerDatabase/build_release_qldb /pcissd/cxy_test/vidb_project/LedgerDatabase/build_release_qldb/distributed /pcissd/cxy_test/vidb_project/LedgerDatabase/build_release_qldb/distributed/CMakeFiles/dist.dir/DependInfo.cmake --color=
make[2]: Leaving directory '/pcissd/cxy_test/vidb_project/LedgerDatabase/build_release_qldb'
make  -f distributed/CMakeFiles/dist.dir/build.make distributed/CMakeFiles/dist.dir/build
make[2]: Entering directory '/pcissd/cxy_test/vidb_project/LedgerDatabase/build_release_qldb'
make[2]: Nothing to be done for 'distributed/CMakeFiles/dist.dir/build'.
make[2]: Leaving directory '/pcissd/cxy_test/vidb_project/LedgerDatabase/build_release_qldb'
[ 42%] Built target dist
/pcissd/cxy_test/vidb_project/LedgerDatabase/ledger/sqlledger/sqlledger.cc: In member function ‘std::vector<std::__cxx11::basic_string<char> > ledgebase::sqlledger::SQLLedger::GetHistory(const string&, size_t)’:
/pcissd/cxy_test/vidb_project/LedgerDatabase/ledger/sqlledger/sqlledger.cc:186:13: warning: comparison of integer expressions of different signedness: ‘int’ and ‘size_t’ {aka ‘long unsigned int’} [-Wsign-compare]
  186 |     if (cnt >= n) break;
      |         ~~~~^~~~
/pcissd/cxy_test/vidb_project/LedgerDatabase/ledger/sqlledger/sqlledger.cc: In member function ‘ledgebase::sqlledger::Auditor ledgebase::sqlledger::SQLLedger::getAudit(const uint64_t&)’:
/pcissd/cxy_test/vidb_project/LedgerDatabase/ledger/sqlledger/sqlledger.cc:278:33: warning: comparison of integer expressions of different signedness: ‘size_t’ {aka ‘long unsigned int’} and ‘int’ [-Wsign-compare]
  278 |   for (size_t i = block_addr; i <= tip; ++i) {
      |                               ~~^~~~~~
/pcissd/cxy_test/vidb_project/LedgerDatabase/ledger/sqlledger/sqlledger.cc:276:7: warning: variable ‘level’ set but not used [-Wunused-but-set-variable]
  276 |   int level;
      |       ^~~~~
In file included from /pcissd/cxy_test/vidb_project/LedgerDatabase/ledger/sqlledger/sqlledger.h:7,
                 from /pcissd/cxy_test/vidb_project/LedgerDatabase/ledger/sqlledger/sqlledger.cc:1:
/pcissd/cxy_test/vidb_project/LedgerDatabase/ledger/common/logger.h: In member function ‘void ledgebase::Logger::index(uint64_t)’:
/pcissd/cxy_test/vidb_project/LedgerDatabase/ledger/common/logger.h:108:10: warning: ignoring return value of ‘ssize_t write(int, const void*, size_t)’ declared with attribute ‘warn_unused_result’ [-Wunused-result]
  108 |     write(idx_, entry.get(), size);
      |     ~~~~~^~~~~~~~~~~~~~~~~~~~~~~~~
/pcissd/cxy_test/vidb_project/LedgerDatabase/ledger/common/logger.h: In member function ‘void ledgebase::Logger::log(const byte_t*, size_t)’:
/pcissd/cxy_test/vidb_project/LedgerDatabase/ledger/common/logger.h:85:10: warning: ignoring return value of ‘ssize_t write(int, const void*, size_t)’ declared with attribute ‘warn_unused_result’ [-Wunused-result]
   85 |     write(wal_, data, size);
      |     ~~~~~^~~~~~~~~~~~~~~~~~
/pcissd/cxy_test/vidb_project/LedgerDatabase/ledger/common/logger.h: In member function ‘std::string ledgebase::Logger::read(uint64_t, uint64_t*)’:
/pcissd/cxy_test/vidb_project/LedgerDatabase/ledger/common/logger.h:74:10: warning: ignoring return value of ‘ssize_t pread(int, void*, size_t, __off_t)’ declared with attribute ‘warn_unused_result’ [-Wunused-result]
   74 |     pread(idx_, buffer, idxEntrySize, idxOffset);
      |     ~~~~~^~~~~~~~~~~~~~~~~~~~~~~~~~~~~~~~~~~~~~~
/pcissd/cxy_test/vidb_project/LedgerDatabase/ledger/common/logger.h:80:10: warning: ignoring return value of ‘ssize_t pread(int, void*, size_t, __off_t)’ declared with attribute ‘warn_unused_result’ [-Wunused-result]
   80 |     pread(wal_, buf, walSize, walOffset);
      |     ~~~~~^~~~~~~~~~~~~~~~~~~~~~~~~~~~~~~
make[2]: Leaving directory '/pcissd/cxy_test/vidb_project/LedgerDatabase/build_release_qldb'
[ 59%] Built target ledger_objs
make  -f ledger/CMakeFiles/ledger.dir/build.make ledger/CMakeFiles/ledger.dir/depend
make[2]: Entering directory '/pcissd/cxy_test/vidb_project/LedgerDatabase/build_release_qldb'
cd /pcissd/cxy_test/vidb_project/LedgerDatabase/build_release_qldb && /usr/local/opt/cmake-3.22.1/bin/cmake -E cmake_depends "Unix Makefiles" /pcissd/cxy_test/vidb_project/LedgerDatabase /pcissd/cxy_test/vidb_project/LedgerDatabase/ledger /pcissd/cxy_test/vidb_project/LedgerDatabase/build_release_qldb /pcissd/cxy_test/vidb_project/LedgerDatabase/build_release_qldb/ledger /pcissd/cxy_test/vidb_project/LedgerDatabase/build_release_qldb/ledger/CMakeFiles/ledger.dir/DependInfo.cmake --color=
make[2]: Leaving directory '/pcissd/cxy_test/vidb_project/LedgerDatabase/build_release_qldb'
make  -f ledger/CMakeFiles/ledger.dir/build.make ledger/CMakeFiles/ledger.dir/build
make[2]: Entering directory '/pcissd/cxy_test/vidb_project/LedgerDatabase/build_release_qldb'
[ 60%] Linking CXX shared library ../lib/libledger.so
cd /pcissd/cxy_test/vidb_project/LedgerDatabase/build_release_qldb/ledger && /usr/local/opt/cmake-3.22.1/bin/cmake -E cmake_link_script CMakeFiles/ledger.dir/link.txt --verbose=1
/usr/bin/c++ -fPIC  -std=c++11 -O2 -pthread -lssl -Wall -Wno-unused-function -fPIC -shared -Wl,-soname,libledger.so -o ../lib/libledger.so CMakeFiles/ledger_objs.dir/common/chunk.cc.o CMakeFiles/ledger_objs.dir/common/hash.cc.o CMakeFiles/ledger_objs.dir/common/logger.cc.o CMakeFiles/ledger_objs.dir/common/utils.cc.o CMakeFiles/ledger_objs.dir/ledgerdb/ledgerdb.cc.o CMakeFiles/ledger_objs.dir/ledgerdb/merkletree.cc.o CMakeFiles/ledger_objs.dir/ledgerdb/mpt/mpt_node.cc.o CMakeFiles/ledger_objs.dir/ledgerdb/mpt/trie.cc.o CMakeFiles/ledger_objs.dir/ledgerdb/skiplist/skiplist.cc.o CMakeFiles/ledger_objs.dir/qldb/ql_btree.cc.o CMakeFiles/ledger_objs.dir/qldb/ql_btree_node.cc.o CMakeFiles/ledger_objs.dir/qldb/qldb.cc.o CMakeFiles/ledger_objs.dir/qldb/qldb_store.cc.o CMakeFiles/ledger_objs.dir/qldb/qlnode.cc.o CMakeFiles/ledger_objs.dir/sqlledger/sqlldg_mt.cc.o CMakeFiles/ledger_objs.dir/sqlledger/sqlledger.cc.o  -Wl,-rpath,/usr/local/opt/boost1.67/lib:/usr/local/lib /usr/local/opt/boost1.67/lib/libboost_filesystem.so /usr/local/opt/boost1.67/lib/libboost_program_options.so /usr/local/opt/boost1.67/lib/libboost_thread.so /usr/local/opt/boost1.67/lib/libboost_system.so /usr/local/opt/boost1.67/lib/libboost_chrono.so /usr/local/opt/boost1.67/lib/libboost_date_time.so /usr/local/opt/boost1.67/lib/libboost_atomic.so /usr/local/lib/librocksdb.so /usr/local/lib/libcryptopp.a -ltbb 
make[2]: Leaving directory '/pcissd/cxy_test/vidb_project/LedgerDatabase/build_release_qldb'
[ 60%] Built target ledger
make  -f distributed/CMakeFiles/timeserver.dir/build.make distributed/CMakeFiles/timeserver.dir/depend
make  -f distributed/CMakeFiles/strongstore.dir/build.make distributed/CMakeFiles/strongstore.dir/depend
make  -f distributed/CMakeFiles/verifyClient.dir/build.make distributed/CMakeFiles/verifyClient.dir/depend
make  -f distributed/CMakeFiles/smallbankClient.dir/build.make distributed/CMakeFiles/smallbankClient.dir/depend
make  -f distributed/CMakeFiles/tpccClient.dir/build.make distributed/CMakeFiles/tpccClient.dir/depend
make[2]: Entering directory '/pcissd/cxy_test/vidb_project/LedgerDatabase/build_release_qldb'
make  -f distributed/CMakeFiles/rangeClient.dir/build.make distributed/CMakeFiles/rangeClient.dir/depend
cd /pcissd/cxy_test/vidb_project/LedgerDatabase/build_release_qldb && /usr/local/opt/cmake-3.22.1/bin/cmake -E cmake_depends "Unix Makefiles" /pcissd/cxy_test/vidb_project/LedgerDatabase /pcissd/cxy_test/vidb_project/LedgerDatabase/distributed /pcissd/cxy_test/vidb_project/LedgerDatabase/build_release_qldb /pcissd/cxy_test/vidb_project/LedgerDatabase/build_release_qldb/distributed /pcissd/cxy_test/vidb_project/LedgerDatabase/build_release_qldb/distributed/CMakeFiles/timeserver.dir/DependInfo.cmake --color=
make[2]: Entering directory '/pcissd/cxy_test/vidb_project/LedgerDatabase/build_release_qldb'
cd /pcissd/cxy_test/vidb_project/LedgerDatabase/build_release_qldb && /usr/local/opt/cmake-3.22.1/bin/cmake -E cmake_depends "Unix Makefiles" /pcissd/cxy_test/vidb_project/LedgerDatabase /pcissd/cxy_test/vidb_project/LedgerDatabase/distributed /pcissd/cxy_test/vidb_project/LedgerDatabase/build_release_qldb /pcissd/cxy_test/vidb_project/LedgerDatabase/build_release_qldb/distributed /pcissd/cxy_test/vidb_project/LedgerDatabase/build_release_qldb/distributed/CMakeFiles/strongstore.dir/DependInfo.cmake --color=
make[2]: Entering directory '/pcissd/cxy_test/vidb_project/LedgerDatabase/build_release_qldb'
cd /pcissd/cxy_test/vidb_project/LedgerDatabase/build_release_qldb && /usr/local/opt/cmake-3.22.1/bin/cmake -E cmake_depends "Unix Makefiles" /pcissd/cxy_test/vidb_project/LedgerDatabase /pcissd/cxy_test/vidb_project/LedgerDatabase/distributed /pcissd/cxy_test/vidb_project/LedgerDatabase/build_release_qldb /pcissd/cxy_test/vidb_project/LedgerDatabase/build_release_qldb/distributed /pcissd/cxy_test/vidb_project/LedgerDatabase/build_release_qldb/distributed/CMakeFiles/verifyClient.dir/DependInfo.cmake --color=
make[2]: Entering directory '/pcissd/cxy_test/vidb_project/LedgerDatabase/build_release_qldb'
cd /pcissd/cxy_test/vidb_project/LedgerDatabase/build_release_qldb && /usr/local/opt/cmake-3.22.1/bin/cmake -E cmake_depends "Unix Makefiles" /pcissd/cxy_test/vidb_project/LedgerDatabase /pcissd/cxy_test/vidb_project/LedgerDatabase/distributed /pcissd/cxy_test/vidb_project/LedgerDatabase/build_release_qldb /pcissd/cxy_test/vidb_project/LedgerDatabase/build_release_qldb/distributed /pcissd/cxy_test/vidb_project/LedgerDatabase/build_release_qldb/distributed/CMakeFiles/smallbankClient.dir/DependInfo.cmake --color=
make[2]: Entering directory '/pcissd/cxy_test/vidb_project/LedgerDatabase/build_release_qldb'
cd /pcissd/cxy_test/vidb_project/LedgerDatabase/build_release_qldb && /usr/local/opt/cmake-3.22.1/bin/cmake -E cmake_depends "Unix Makefiles" /pcissd/cxy_test/vidb_project/LedgerDatabase /pcissd/cxy_test/vidb_project/LedgerDatabase/distributed /pcissd/cxy_test/vidb_project/LedgerDatabase/build_release_qldb /pcissd/cxy_test/vidb_project/LedgerDatabase/build_release_qldb/distributed /pcissd/cxy_test/vidb_project/LedgerDatabase/build_release_qldb/distributed/CMakeFiles/tpccClient.dir/DependInfo.cmake --color=
make[2]: Entering directory '/pcissd/cxy_test/vidb_project/LedgerDatabase/build_release_qldb'
cd /pcissd/cxy_test/vidb_project/LedgerDatabase/build_release_qldb && /usr/local/opt/cmake-3.22.1/bin/cmake -E cmake_depends "Unix Makefiles" /pcissd/cxy_test/vidb_project/LedgerDatabase /pcissd/cxy_test/vidb_project/LedgerDatabase/distributed /pcissd/cxy_test/vidb_project/LedgerDatabase/build_release_qldb /pcissd/cxy_test/vidb_project/LedgerDatabase/build_release_qldb/distributed /pcissd/cxy_test/vidb_project/LedgerDatabase/build_release_qldb/distributed/CMakeFiles/rangeClient.dir/DependInfo.cmake --color=
Dependencies file "distributed/CMakeFiles/timeserver.dir/exes/timeserver.cc.o.d" is newer than depends file "/pcissd/cxy_test/vidb_project/LedgerDatabase/build_release_qldb/distributed/CMakeFiles/timeserver.dir/compiler_depend.internal".
Dependencies file "distributed/CMakeFiles/verifyClient.dir/exes/verifyClient.cc.o.d" is newer than depends file "/pcissd/cxy_test/vidb_project/LedgerDatabase/build_release_qldb/distributed/CMakeFiles/verifyClient.dir/compiler_depend.internal".
Dependencies file "distributed/CMakeFiles/strongstore.dir/exes/strong-server.cc.o.d" is newer than depends file "/pcissd/cxy_test/vidb_project/LedgerDatabase/build_release_qldb/distributed/CMakeFiles/strongstore.dir/compiler_depend.internal".
Dependencies file "distributed/CMakeFiles/smallbankClient.dir/exes/smallbankClient.cc.o.d" is newer than depends file "/pcissd/cxy_test/vidb_project/LedgerDatabase/build_release_qldb/distributed/CMakeFiles/smallbankClient.dir/compiler_depend.internal".
Dependencies file "distributed/CMakeFiles/tpccClient.dir/exes/tpccClient.cc.o.d" is newer than depends file "/pcissd/cxy_test/vidb_project/LedgerDatabase/build_release_qldb/distributed/CMakeFiles/tpccClient.dir/compiler_depend.internal".
Dependencies file "distributed/CMakeFiles/rangeClient.dir/exes/rangeClient.cc.o.d" is newer than depends file "/pcissd/cxy_test/vidb_project/LedgerDatabase/build_release_qldb/distributed/CMakeFiles/rangeClient.dir/compiler_depend.internal".
Consolidate compiler generated dependencies of target timeserver
make[2]: Leaving directory '/pcissd/cxy_test/vidb_project/LedgerDatabase/build_release_qldb'
make  -f distributed/CMakeFiles/timeserver.dir/build.make distributed/CMakeFiles/timeserver.dir/build
make[2]: Entering directory '/pcissd/cxy_test/vidb_project/LedgerDatabase/build_release_qldb'
[ 61%] Linking CXX executable ../bin/timeserver
cd /pcissd/cxy_test/vidb_project/LedgerDatabase/build_release_qldb/distributed && /usr/local/opt/cmake-3.22.1/bin/cmake -E cmake_link_script CMakeFiles/timeserver.dir/link.txt --verbose=1
/usr/bin/c++  -std=c++11 -O2 -pthread -lssl -Wall -Wno-unused-function -fPIC CMakeFiles/timeserver.dir/exes/timeserver.cc.o -o ../bin/timeserver  -Wl,-rpath,/pcissd/cxy_test/vidb_project/LedgerDatabase/build_release_qldb/lib:/usr/local/lib:/usr/local/opt/boost1.67/lib ../lib/libdist.so ../lib/libledger.so /usr/local/lib/libevent.so /usr/local/lib/libevent_openssl.so /usr/local/lib/libevent_core.so /usr/local/lib/libevent_extra.so /usr/local/lib/libevent_pthreads.so /usr/local/lib/libevent_extra.so /usr/local/lib/libevent_pthreads.so -levent_openssl -lcrypto /usr/local/lib/libprotobuf.so /usr/local/opt/boost1.67/lib/libboost_filesystem.so /usr/local/opt/boost1.67/lib/libboost_program_options.so /usr/local/opt/boost1.67/lib/libboost_thread.so /usr/local/opt/boost1.67/lib/libboost_system.so /usr/local/opt/boost1.67/lib/libboost_chrono.so /usr/local/opt/boost1.67/lib/libboost_date_time.so /usr/local/opt/boost1.67/lib/libboost_atomic.so /usr/local/lib/librocksdb.so /usr/local/lib/libcryptopp.a -ltbb 
Consolidate compiler generated dependencies of target rangeClient
Consolidate compiler generated dependencies of target strongstore
Consolidate compiler generated dependencies of target verifyClient
Consolidate compiler generated dependencies of target smallbankClient
Consolidate compiler generated dependencies of target tpccClient
make[2]: Leaving directory '/pcissd/cxy_test/vidb_project/LedgerDatabase/build_release_qldb'
make[2]: Leaving directory '/pcissd/cxy_test/vidb_project/LedgerDatabase/build_release_qldb'
make[2]: Leaving directory '/pcissd/cxy_test/vidb_project/LedgerDatabase/build_release_qldb'
make  -f distributed/CMakeFiles/verifyClient.dir/build.make distributed/CMakeFiles/verifyClient.dir/build
make  -f distributed/CMakeFiles/strongstore.dir/build.make distributed/CMakeFiles/strongstore.dir/build
make[2]: Leaving directory '/pcissd/cxy_test/vidb_project/LedgerDatabase/build_release_qldb'
make[2]: Leaving directory '/pcissd/cxy_test/vidb_project/LedgerDatabase/build_release_qldb'
make  -f distributed/CMakeFiles/tpccClient.dir/build.make distributed/CMakeFiles/tpccClient.dir/build
make  -f distributed/CMakeFiles/smallbankClient.dir/build.make distributed/CMakeFiles/smallbankClient.dir/build
make  -f distributed/CMakeFiles/rangeClient.dir/build.make distributed/CMakeFiles/rangeClient.dir/build
make[2]: Entering directory '/pcissd/cxy_test/vidb_project/LedgerDatabase/build_release_qldb'
make[2]: Entering directory '/pcissd/cxy_test/vidb_project/LedgerDatabase/build_release_qldb'
make[2]: Entering directory '/pcissd/cxy_test/vidb_project/LedgerDatabase/build_release_qldb'
make[2]: Entering directory '/pcissd/cxy_test/vidb_project/LedgerDatabase/build_release_qldb'
make[2]: Entering directory '/pcissd/cxy_test/vidb_project/LedgerDatabase/build_release_qldb'
[ 62%] Linking CXX executable ../bin/strongstore
[ 64%] Linking CXX executable ../bin/verifyClient
cd /pcissd/cxy_test/vidb_project/LedgerDatabase/build_release_qldb/distributed && /usr/local/opt/cmake-3.22.1/bin/cmake -E cmake_link_script CMakeFiles/strongstore.dir/link.txt --verbose=1
cd /pcissd/cxy_test/vidb_project/LedgerDatabase/build_release_qldb/distributed && /usr/local/opt/cmake-3.22.1/bin/cmake -E cmake_link_script CMakeFiles/verifyClient.dir/link.txt --verbose=1
[ 67%] Linking CXX executable ../bin/tpccClient
[ 67%] Linking CXX executable ../bin/rangeClient
[ 67%] Linking CXX executable ../bin/smallbankClient
cd /pcissd/cxy_test/vidb_project/LedgerDatabase/build_release_qldb/distributed && /usr/local/opt/cmake-3.22.1/bin/cmake -E cmake_link_script CMakeFiles/tpccClient.dir/link.txt --verbose=1
cd /pcissd/cxy_test/vidb_project/LedgerDatabase/build_release_qldb/distributed && /usr/local/opt/cmake-3.22.1/bin/cmake -E cmake_link_script CMakeFiles/smallbankClient.dir/link.txt --verbose=1
cd /pcissd/cxy_test/vidb_project/LedgerDatabase/build_release_qldb/distributed && /usr/local/opt/cmake-3.22.1/bin/cmake -E cmake_link_script CMakeFiles/rangeClient.dir/link.txt --verbose=1
/usr/bin/c++  -std=c++11 -O2 -pthread -lssl -Wall -Wno-unused-function -fPIC CMakeFiles/strongstore.dir/exes/strong-server.cc.o -o ../bin/strongstore  -Wl,-rpath,/pcissd/cxy_test/vidb_project/LedgerDatabase/build_release_qldb/lib:/usr/local/lib:/usr/local/opt/boost1.67/lib ../lib/libdist.so ../lib/libledger.so /usr/local/lib/libevent.so /usr/local/lib/libevent_openssl.so /usr/local/lib/libevent_core.so /usr/local/lib/libevent_extra.so /usr/local/lib/libevent_pthreads.so /usr/local/lib/libevent_extra.so /usr/local/lib/libevent_pthreads.so -levent_openssl -lcrypto /usr/local/lib/libprotobuf.so /usr/local/opt/boost1.67/lib/libboost_filesystem.so /usr/local/opt/boost1.67/lib/libboost_program_options.so /usr/local/opt/boost1.67/lib/libboost_thread.so /usr/local/opt/boost1.67/lib/libboost_system.so /usr/local/opt/boost1.67/lib/libboost_chrono.so /usr/local/opt/boost1.67/lib/libboost_date_time.so /usr/local/opt/boost1.67/lib/libboost_atomic.so /usr/local/lib/librocksdb.so /usr/local/lib/libcryptopp.a -ltbb 
/usr/bin/c++  -std=c++11 -O2 -pthread -lssl -Wall -Wno-unused-function -fPIC CMakeFiles/verifyClient.dir/exes/verifyClient.cc.o -o ../bin/verifyClient  -Wl,-rpath,/pcissd/cxy_test/vidb_project/LedgerDatabase/build_release_qldb/lib:/usr/local/lib:/usr/local/opt/boost1.67/lib ../lib/libdist.so ../lib/libledger.so /usr/local/lib/libevent.so /usr/local/lib/libevent_openssl.so /usr/local/lib/libevent_core.so /usr/local/lib/libevent_extra.so /usr/local/lib/libevent_pthreads.so /usr/local/lib/libevent_extra.so /usr/local/lib/libevent_pthreads.so -levent_openssl -lcrypto /usr/local/lib/libprotobuf.so /usr/local/opt/boost1.67/lib/libboost_filesystem.so /usr/local/opt/boost1.67/lib/libboost_program_options.so /usr/local/opt/boost1.67/lib/libboost_thread.so /usr/local/opt/boost1.67/lib/libboost_system.so /usr/local/opt/boost1.67/lib/libboost_chrono.so /usr/local/opt/boost1.67/lib/libboost_date_time.so /usr/local/opt/boost1.67/lib/libboost_atomic.so /usr/local/lib/librocksdb.so /usr/local/lib/libcryptopp.a -ltbb 
/usr/bin/c++  -std=c++11 -O2 -pthread -lssl -Wall -Wno-unused-function -fPIC CMakeFiles/smallbankClient.dir/exes/smallbankClient.cc.o -o ../bin/smallbankClient  -Wl,-rpath,/pcissd/cxy_test/vidb_project/LedgerDatabase/build_release_qldb/lib:/usr/local/lib:/usr/local/opt/boost1.67/lib ../lib/libdist.so ../lib/libledger.so /usr/local/lib/libevent.so /usr/local/lib/libevent_openssl.so /usr/local/lib/libevent_core.so /usr/local/lib/libevent_extra.so /usr/local/lib/libevent_pthreads.so /usr/local/lib/libevent_extra.so /usr/local/lib/libevent_pthreads.so -levent_openssl -lcrypto /usr/local/lib/libprotobuf.so /usr/local/opt/boost1.67/lib/libboost_filesystem.so /usr/local/opt/boost1.67/lib/libboost_program_options.so /usr/local/opt/boost1.67/lib/libboost_thread.so /usr/local/opt/boost1.67/lib/libboost_system.so /usr/local/opt/boost1.67/lib/libboost_chrono.so /usr/local/opt/boost1.67/lib/libboost_date_time.so /usr/local/opt/boost1.67/lib/libboost_atomic.so /usr/local/lib/librocksdb.so /usr/local/lib/libcryptopp.a -ltbb 
/usr/bin/c++  -std=c++11 -O2 -pthread -lssl -Wall -Wno-unused-function -fPIC CMakeFiles/tpccClient.dir/exes/tpccClient.cc.o -o ../bin/tpccClient  -Wl,-rpath,/pcissd/cxy_test/vidb_project/LedgerDatabase/build_release_qldb/lib:/usr/local/lib:/usr/local/opt/boost1.67/lib ../lib/libdist.so ../lib/libledger.so /usr/local/lib/libevent.so /usr/local/lib/libevent_openssl.so /usr/local/lib/libevent_core.so /usr/local/lib/libevent_extra.so /usr/local/lib/libevent_pthreads.so /usr/local/lib/libevent_extra.so /usr/local/lib/libevent_pthreads.so -levent_openssl -lcrypto /usr/local/lib/libprotobuf.so /usr/local/opt/boost1.67/lib/libboost_filesystem.so /usr/local/opt/boost1.67/lib/libboost_program_options.so /usr/local/opt/boost1.67/lib/libboost_thread.so /usr/local/opt/boost1.67/lib/libboost_system.so /usr/local/opt/boost1.67/lib/libboost_chrono.so /usr/local/opt/boost1.67/lib/libboost_date_time.so /usr/local/opt/boost1.67/lib/libboost_atomic.so /usr/local/lib/librocksdb.so /usr/local/lib/libcryptopp.a -ltbb 
/usr/bin/c++  -std=c++11 -O2 -pthread -lssl -Wall -Wno-unused-function -fPIC CMakeFiles/rangeClient.dir/exes/rangeClient.cc.o -o ../bin/rangeClient  -Wl,-rpath,/pcissd/cxy_test/vidb_project/LedgerDatabase/build_release_qldb/lib:/usr/local/lib:/usr/local/opt/boost1.67/lib ../lib/libdist.so ../lib/libledger.so /usr/local/lib/libevent.so /usr/local/lib/libevent_openssl.so /usr/local/lib/libevent_core.so /usr/local/lib/libevent_extra.so /usr/local/lib/libevent_pthreads.so /usr/local/lib/libevent_extra.so /usr/local/lib/libevent_pthreads.so -levent_openssl -lcrypto /usr/local/lib/libprotobuf.so /usr/local/opt/boost1.67/lib/libboost_filesystem.so /usr/local/opt/boost1.67/lib/libboost_program_options.so /usr/local/opt/boost1.67/lib/libboost_thread.so /usr/local/opt/boost1.67/lib/libboost_system.so /usr/local/opt/boost1.67/lib/libboost_chrono.so /usr/local/opt/boost1.67/lib/libboost_date_time.so /usr/local/opt/boost1.67/lib/libboost_atomic.so /usr/local/lib/librocksdb.so /usr/local/lib/libcryptopp.a -ltbb 
make[2]: Leaving directory '/pcissd/cxy_test/vidb_project/LedgerDatabase/build_release_qldb'
[ 68%] Built target timeserver
make  -f distributed/CMakeFiles/auditClient.dir/build.make distributed/CMakeFiles/auditClient.dir/depend
make[2]: Entering directory '/pcissd/cxy_test/vidb_project/LedgerDatabase/build_release_qldb'
cd /pcissd/cxy_test/vidb_project/LedgerDatabase/build_release_qldb && /usr/local/opt/cmake-3.22.1/bin/cmake -E cmake_depends "Unix Makefiles" /pcissd/cxy_test/vidb_project/LedgerDatabase /pcissd/cxy_test/vidb_project/LedgerDatabase/distributed /pcissd/cxy_test/vidb_project/LedgerDatabase/build_release_qldb /pcissd/cxy_test/vidb_project/LedgerDatabase/build_release_qldb/distributed /pcissd/cxy_test/vidb_project/LedgerDatabase/build_release_qldb/distributed/CMakeFiles/auditClient.dir/DependInfo.cmake --color=
Dependencies file "distributed/CMakeFiles/auditClient.dir/exes/auditClient.cc.o.d" is newer than depends file "/pcissd/cxy_test/vidb_project/LedgerDatabase/build_release_qldb/distributed/CMakeFiles/auditClient.dir/compiler_depend.internal".
Consolidate compiler generated dependencies of target auditClient
make[2]: Leaving directory '/pcissd/cxy_test/vidb_project/LedgerDatabase/build_release_qldb'
make  -f distributed/CMakeFiles/auditClient.dir/build.make distributed/CMakeFiles/auditClient.dir/build
make[2]: Leaving directory '/pcissd/cxy_test/vidb_project/LedgerDatabase/build_release_qldb'
[ 69%] Built target smallbankClient
make  -f distributed/CMakeFiles/microBenchmark.dir/build.make distributed/CMakeFiles/microBenchmark.dir/depend
make[2]: Entering directory '/pcissd/cxy_test/vidb_project/LedgerDatabase/build_release_qldb'
make[2]: Entering directory '/pcissd/cxy_test/vidb_project/LedgerDatabase/build_release_qldb'
cd /pcissd/cxy_test/vidb_project/LedgerDatabase/build_release_qldb && /usr/local/opt/cmake-3.22.1/bin/cmake -E cmake_depends "Unix Makefiles" /pcissd/cxy_test/vidb_project/LedgerDatabase /pcissd/cxy_test/vidb_project/LedgerDatabase/distributed /pcissd/cxy_test/vidb_project/LedgerDatabase/build_release_qldb /pcissd/cxy_test/vidb_project/LedgerDatabase/build_release_qldb/distributed /pcissd/cxy_test/vidb_project/LedgerDatabase/build_release_qldb/distributed/CMakeFiles/microBenchmark.dir/DependInfo.cmake --color=
[ 70%] Linking CXX executable ../bin/auditClient
cd /pcissd/cxy_test/vidb_project/LedgerDatabase/build_release_qldb/distributed && /usr/local/opt/cmake-3.22.1/bin/cmake -E cmake_link_script CMakeFiles/auditClient.dir/link.txt --verbose=1
Dependencies file "distributed/CMakeFiles/microBenchmark.dir/exes/microBenchmark.cc.o.d" is newer than depends file "/pcissd/cxy_test/vidb_project/LedgerDatabase/build_release_qldb/distributed/CMakeFiles/microBenchmark.dir/compiler_depend.internal".
/usr/bin/c++  -std=c++11 -O2 -pthread -lssl -Wall -Wno-unused-function -fPIC CMakeFiles/auditClient.dir/exes/auditClient.cc.o -o ../bin/auditClient  -Wl,-rpath,/pcissd/cxy_test/vidb_project/LedgerDatabase/build_release_qldb/lib:/usr/local/lib:/usr/local/opt/boost1.67/lib ../lib/libdist.so ../lib/libledger.so /usr/local/lib/libevent.so /usr/local/lib/libevent_openssl.so /usr/local/lib/libevent_core.so /usr/local/lib/libevent_extra.so /usr/local/lib/libevent_pthreads.so /usr/local/lib/libevent_extra.so /usr/local/lib/libevent_pthreads.so -levent_openssl -lcrypto /usr/local/lib/libprotobuf.so /usr/local/opt/boost1.67/lib/libboost_filesystem.so /usr/local/opt/boost1.67/lib/libboost_program_options.so /usr/local/opt/boost1.67/lib/libboost_thread.so /usr/local/opt/boost1.67/lib/libboost_system.so /usr/local/opt/boost1.67/lib/libboost_chrono.so /usr/local/opt/boost1.67/lib/libboost_date_time.so /usr/local/opt/boost1.67/lib/libboost_atomic.so /usr/local/lib/librocksdb.so /usr/local/lib/libcryptopp.a -ltbb 
make[2]: Leaving directory '/pcissd/cxy_test/vidb_project/LedgerDatabase/build_release_qldb'
[ 71%] Built target strongstore
make  -f distributed/CMakeFiles/microseqBenchmark.dir/build.make distributed/CMakeFiles/microseqBenchmark.dir/depend
make[2]: Entering directory '/pcissd/cxy_test/vidb_project/LedgerDatabase/build_release_qldb'
cd /pcissd/cxy_test/vidb_project/LedgerDatabase/build_release_qldb && /usr/local/opt/cmake-3.22.1/bin/cmake -E cmake_depends "Unix Makefiles" /pcissd/cxy_test/vidb_project/LedgerDatabase /pcissd/cxy_test/vidb_project/LedgerDatabase/distributed /pcissd/cxy_test/vidb_project/LedgerDatabase/build_release_qldb /pcissd/cxy_test/vidb_project/LedgerDatabase/build_release_qldb/distributed /pcissd/cxy_test/vidb_project/LedgerDatabase/build_release_qldb/distributed/CMakeFiles/microseqBenchmark.dir/DependInfo.cmake --color=
Dependencies file "distributed/CMakeFiles/microseqBenchmark.dir/exes/microseqBenchmark.cc.o.d" is newer than depends file "/pcissd/cxy_test/vidb_project/LedgerDatabase/build_release_qldb/distributed/CMakeFiles/microseqBenchmark.dir/compiler_depend.internal".
Consolidate compiler generated dependencies of target microBenchmark
make[2]: Leaving directory '/pcissd/cxy_test/vidb_project/LedgerDatabase/build_release_qldb'
make  -f distributed/CMakeFiles/microBenchmark.dir/build.make distributed/CMakeFiles/microBenchmark.dir/build
make[2]: Leaving directory '/pcissd/cxy_test/vidb_project/LedgerDatabase/build_release_qldb'
[ 73%] Built target verifyClient
make  -f distributed/CMakeFiles/scaleBenchmark.dir/build.make distributed/CMakeFiles/scaleBenchmark.dir/depend
make[2]: Leaving directory '/pcissd/cxy_test/vidb_project/LedgerDatabase/build_release_qldb'
make[2]: Entering directory '/pcissd/cxy_test/vidb_project/LedgerDatabase/build_release_qldb'
cd /pcissd/cxy_test/vidb_project/LedgerDatabase/build_release_qldb && /usr/local/opt/cmake-3.22.1/bin/cmake -E cmake_depends "Unix Makefiles" /pcissd/cxy_test/vidb_project/LedgerDatabase /pcissd/cxy_test/vidb_project/LedgerDatabase/distributed /pcissd/cxy_test/vidb_project/LedgerDatabase/build_release_qldb /pcissd/cxy_test/vidb_project/LedgerDatabase/build_release_qldb/distributed /pcissd/cxy_test/vidb_project/LedgerDatabase/build_release_qldb/distributed/CMakeFiles/scaleBenchmark.dir/DependInfo.cmake --color=
[ 74%] Built target tpccClient
make  -f distributed/CMakeFiles/rangeBenchmark.dir/build.make distributed/CMakeFiles/rangeBenchmark.dir/depend
Dependencies file "distributed/CMakeFiles/scaleBenchmark.dir/exes/scaleBenchmark.cc.o.d" is newer than depends file "/pcissd/cxy_test/vidb_project/LedgerDatabase/build_release_qldb/distributed/CMakeFiles/scaleBenchmark.dir/compiler_depend.internal".
make[2]: Leaving directory '/pcissd/cxy_test/vidb_project/LedgerDatabase/build_release_qldb'
Consolidate compiler generated dependencies of target microseqBenchmark
make[2]: Entering directory '/pcissd/cxy_test/vidb_project/LedgerDatabase/build_release_qldb'
cd /pcissd/cxy_test/vidb_project/LedgerDatabase/build_release_qldb && /usr/local/opt/cmake-3.22.1/bin/cmake -E cmake_depends "Unix Makefiles" /pcissd/cxy_test/vidb_project/LedgerDatabase /pcissd/cxy_test/vidb_project/LedgerDatabase/distributed /pcissd/cxy_test/vidb_project/LedgerDatabase/build_release_qldb /pcissd/cxy_test/vidb_project/LedgerDatabase/build_release_qldb/distributed /pcissd/cxy_test/vidb_project/LedgerDatabase/build_release_qldb/distributed/CMakeFiles/rangeBenchmark.dir/DependInfo.cmake --color=
make[2]: Leaving directory '/pcissd/cxy_test/vidb_project/LedgerDatabase/build_release_qldb'
make  -f distributed/CMakeFiles/microseqBenchmark.dir/build.make distributed/CMakeFiles/microseqBenchmark.dir/build
make[2]: Entering directory '/pcissd/cxy_test/vidb_project/LedgerDatabase/build_release_qldb'
Dependencies file "distributed/CMakeFiles/rangeBenchmark.dir/exes/rangeBenchmark.cc.o.d" is newer than depends file "/pcissd/cxy_test/vidb_project/LedgerDatabase/build_release_qldb/distributed/CMakeFiles/rangeBenchmark.dir/compiler_depend.internal".
[ 75%] Built target rangeClient
make  -f distributed/CMakeFiles/updateBenchmark.dir/build.make distributed/CMakeFiles/updateBenchmark.dir/depend
[ 76%] Linking CXX executable ../bin/microBenchmark
cd /pcissd/cxy_test/vidb_project/LedgerDatabase/build_release_qldb/distributed && /usr/local/opt/cmake-3.22.1/bin/cmake -E cmake_link_script CMakeFiles/microBenchmark.dir/link.txt --verbose=1
make[2]: Entering directory '/pcissd/cxy_test/vidb_project/LedgerDatabase/build_release_qldb'
cd /pcissd/cxy_test/vidb_project/LedgerDatabase/build_release_qldb && /usr/local/opt/cmake-3.22.1/bin/cmake -E cmake_depends "Unix Makefiles" /pcissd/cxy_test/vidb_project/LedgerDatabase /pcissd/cxy_test/vidb_project/LedgerDatabase/distributed /pcissd/cxy_test/vidb_project/LedgerDatabase/build_release_qldb /pcissd/cxy_test/vidb_project/LedgerDatabase/build_release_qldb/distributed /pcissd/cxy_test/vidb_project/LedgerDatabase/build_release_qldb/distributed/CMakeFiles/updateBenchmark.dir/DependInfo.cmake --color=
/usr/bin/c++  -std=c++11 -O2 -pthread -lssl -Wall -Wno-unused-function -fPIC CMakeFiles/microBenchmark.dir/exes/microBenchmark.cc.o -o ../bin/microBenchmark  -Wl,-rpath,/pcissd/cxy_test/vidb_project/LedgerDatabase/build_release_qldb/lib:/usr/local/lib:/usr/local/opt/boost1.67/lib ../lib/libdist.so ../lib/libledger.so /usr/local/lib/libevent.so /usr/local/lib/libevent_openssl.so /usr/local/lib/libevent_core.so /usr/local/lib/libevent_extra.so /usr/local/lib/libevent_pthreads.so /usr/local/lib/libevent_extra.so /usr/local/lib/libevent_pthreads.so -levent_openssl -lcrypto /usr/local/lib/libprotobuf.so /usr/local/opt/boost1.67/lib/libboost_filesystem.so /usr/local/opt/boost1.67/lib/libboost_program_options.so /usr/local/opt/boost1.67/lib/libboost_thread.so /usr/local/opt/boost1.67/lib/libboost_system.so /usr/local/opt/boost1.67/lib/libboost_chrono.so /usr/local/opt/boost1.67/lib/libboost_date_time.so /usr/local/opt/boost1.67/lib/libboost_atomic.so /usr/local/lib/librocksdb.so /usr/local/lib/libcryptopp.a -ltbb 
Dependencies file "distributed/CMakeFiles/updateBenchmark.dir/exes/updateBenchmark.cc.o.d" is newer than depends file "/pcissd/cxy_test/vidb_project/LedgerDatabase/build_release_qldb/distributed/CMakeFiles/updateBenchmark.dir/compiler_depend.internal".
make[2]: Entering directory '/pcissd/cxy_test/vidb_project/LedgerDatabase/build_release_qldb'
[ 77%] Linking CXX executable ../bin/microseqBenchmark
cd /pcissd/cxy_test/vidb_project/LedgerDatabase/build_release_qldb/distributed && /usr/local/opt/cmake-3.22.1/bin/cmake -E cmake_link_script CMakeFiles/microseqBenchmark.dir/link.txt --verbose=1
/usr/bin/c++  -std=c++11 -O2 -pthread -lssl -Wall -Wno-unused-function -fPIC CMakeFiles/microseqBenchmark.dir/exes/microseqBenchmark.cc.o -o ../bin/microseqBenchmark  -Wl,-rpath,/pcissd/cxy_test/vidb_project/LedgerDatabase/build_release_qldb/lib:/usr/local/lib:/usr/local/opt/boost1.67/lib ../lib/libdist.so ../lib/libledger.so /usr/local/lib/libevent.so /usr/local/lib/libevent_openssl.so /usr/local/lib/libevent_core.so /usr/local/lib/libevent_extra.so /usr/local/lib/libevent_pthreads.so /usr/local/lib/libevent_extra.so /usr/local/lib/libevent_pthreads.so -levent_openssl -lcrypto /usr/local/lib/libprotobuf.so /usr/local/opt/boost1.67/lib/libboost_filesystem.so /usr/local/opt/boost1.67/lib/libboost_program_options.so /usr/local/opt/boost1.67/lib/libboost_thread.so /usr/local/opt/boost1.67/lib/libboost_system.so /usr/local/opt/boost1.67/lib/libboost_chrono.so /usr/local/opt/boost1.67/lib/libboost_date_time.so /usr/local/opt/boost1.67/lib/libboost_atomic.so /usr/local/lib/librocksdb.so /usr/local/lib/libcryptopp.a -ltbb 
Consolidate compiler generated dependencies of target scaleBenchmark
make[2]: Leaving directory '/pcissd/cxy_test/vidb_project/LedgerDatabase/build_release_qldb'
make  -f distributed/CMakeFiles/scaleBenchmark.dir/build.make distributed/CMakeFiles/scaleBenchmark.dir/build
Consolidate compiler generated dependencies of target rangeBenchmark
make[2]: Leaving directory '/pcissd/cxy_test/vidb_project/LedgerDatabase/build_release_qldb'
make  -f distributed/CMakeFiles/rangeBenchmark.dir/build.make distributed/CMakeFiles/rangeBenchmark.dir/build
Consolidate compiler generated dependencies of target updateBenchmark
make[2]: Leaving directory '/pcissd/cxy_test/vidb_project/LedgerDatabase/build_release_qldb'
make  -f distributed/CMakeFiles/updateBenchmark.dir/build.make distributed/CMakeFiles/updateBenchmark.dir/build
make[2]: Entering directory '/pcissd/cxy_test/vidb_project/LedgerDatabase/build_release_qldb'
[ 78%] Linking CXX executable ../bin/scaleBenchmark
cd /pcissd/cxy_test/vidb_project/LedgerDatabase/build_release_qldb/distributed && /usr/local/opt/cmake-3.22.1/bin/cmake -E cmake_link_script CMakeFiles/scaleBenchmark.dir/link.txt --verbose=1
make[2]: Entering directory '/pcissd/cxy_test/vidb_project/LedgerDatabase/build_release_qldb'
/usr/bin/c++  -std=c++11 -O2 -pthread -lssl -Wall -Wno-unused-function -fPIC CMakeFiles/scaleBenchmark.dir/exes/scaleBenchmark.cc.o -o ../bin/scaleBenchmark  -Wl,-rpath,/pcissd/cxy_test/vidb_project/LedgerDatabase/build_release_qldb/lib:/usr/local/lib:/usr/local/opt/boost1.67/lib ../lib/libdist.so ../lib/libledger.so /usr/local/lib/libevent.so /usr/local/lib/libevent_openssl.so /usr/local/lib/libevent_core.so /usr/local/lib/libevent_extra.so /usr/local/lib/libevent_pthreads.so /usr/local/lib/libevent_extra.so /usr/local/lib/libevent_pthreads.so -levent_openssl -lcrypto /usr/local/lib/libprotobuf.so /usr/local/opt/boost1.67/lib/libboost_filesystem.so /usr/local/opt/boost1.67/lib/libboost_program_options.so /usr/local/opt/boost1.67/lib/libboost_thread.so /usr/local/opt/boost1.67/lib/libboost_system.so /usr/local/opt/boost1.67/lib/libboost_chrono.so /usr/local/opt/boost1.67/lib/libboost_date_time.so /usr/local/opt/boost1.67/lib/libboost_atomic.so /usr/local/lib/librocksdb.so /usr/local/lib/libcryptopp.a -ltbb 
[ 79%] Linking CXX executable ../bin/rangeBenchmark
cd /pcissd/cxy_test/vidb_project/LedgerDatabase/build_release_qldb/distributed && /usr/local/opt/cmake-3.22.1/bin/cmake -E cmake_link_script CMakeFiles/rangeBenchmark.dir/link.txt --verbose=1
/usr/bin/c++  -std=c++11 -O2 -pthread -lssl -Wall -Wno-unused-function -fPIC CMakeFiles/rangeBenchmark.dir/exes/rangeBenchmark.cc.o -o ../bin/rangeBenchmark  -Wl,-rpath,/pcissd/cxy_test/vidb_project/LedgerDatabase/build_release_qldb/lib:/usr/local/lib:/usr/local/opt/boost1.67/lib ../lib/libdist.so ../lib/libledger.so /usr/local/lib/libevent.so /usr/local/lib/libevent_openssl.so /usr/local/lib/libevent_core.so /usr/local/lib/libevent_extra.so /usr/local/lib/libevent_pthreads.so /usr/local/lib/libevent_extra.so /usr/local/lib/libevent_pthreads.so -levent_openssl -lcrypto /usr/local/lib/libprotobuf.so /usr/local/opt/boost1.67/lib/libboost_filesystem.so /usr/local/opt/boost1.67/lib/libboost_program_options.so /usr/local/opt/boost1.67/lib/libboost_thread.so /usr/local/opt/boost1.67/lib/libboost_system.so /usr/local/opt/boost1.67/lib/libboost_chrono.so /usr/local/opt/boost1.67/lib/libboost_date_time.so /usr/local/opt/boost1.67/lib/libboost_atomic.so /usr/local/lib/librocksdb.so /usr/local/lib/libcryptopp.a -ltbb 
make[2]: Entering directory '/pcissd/cxy_test/vidb_project/LedgerDatabase/build_release_qldb'
[ 80%] Linking CXX executable ../bin/updateBenchmark
cd /pcissd/cxy_test/vidb_project/LedgerDatabase/build_release_qldb/distributed && /usr/local/opt/cmake-3.22.1/bin/cmake -E cmake_link_script CMakeFiles/updateBenchmark.dir/link.txt --verbose=1
/usr/bin/c++  -std=c++11 -O2 -pthread -lssl -Wall -Wno-unused-function -fPIC CMakeFiles/updateBenchmark.dir/exes/updateBenchmark.cc.o -o ../bin/updateBenchmark  -Wl,-rpath,/pcissd/cxy_test/vidb_project/LedgerDatabase/build_release_qldb/lib:/usr/local/lib:/usr/local/opt/boost1.67/lib ../lib/libdist.so ../lib/libledger.so /usr/local/lib/libevent.so /usr/local/lib/libevent_openssl.so /usr/local/lib/libevent_core.so /usr/local/lib/libevent_extra.so /usr/local/lib/libevent_pthreads.so /usr/local/lib/libevent_extra.so /usr/local/lib/libevent_pthreads.so -levent_openssl -lcrypto /usr/local/lib/libprotobuf.so /usr/local/opt/boost1.67/lib/libboost_filesystem.so /usr/local/opt/boost1.67/lib/libboost_program_options.so /usr/local/opt/boost1.67/lib/libboost_thread.so /usr/local/opt/boost1.67/lib/libboost_system.so /usr/local/opt/boost1.67/lib/libboost_chrono.so /usr/local/opt/boost1.67/lib/libboost_date_time.so /usr/local/opt/boost1.67/lib/libboost_atomic.so /usr/local/lib/librocksdb.so /usr/local/lib/libcryptopp.a -ltbb 
make[2]: Leaving directory '/pcissd/cxy_test/vidb_project/LedgerDatabase/build_release_qldb'
[ 82%] Built target auditClient
make  -f distributed/CMakeFiles/lineageBenchmarkV1.dir/build.make distributed/CMakeFiles/lineageBenchmarkV1.dir/depend
make[2]: Entering directory '/pcissd/cxy_test/vidb_project/LedgerDatabase/build_release_qldb'
cd /pcissd/cxy_test/vidb_project/LedgerDatabase/build_release_qldb && /usr/local/opt/cmake-3.22.1/bin/cmake -E cmake_depends "Unix Makefiles" /pcissd/cxy_test/vidb_project/LedgerDatabase /pcissd/cxy_test/vidb_project/LedgerDatabase/distributed /pcissd/cxy_test/vidb_project/LedgerDatabase/build_release_qldb /pcissd/cxy_test/vidb_project/LedgerDatabase/build_release_qldb/distributed /pcissd/cxy_test/vidb_project/LedgerDatabase/build_release_qldb/distributed/CMakeFiles/lineageBenchmarkV1.dir/DependInfo.cmake --color=
Dependencies file "distributed/CMakeFiles/lineageBenchmarkV1.dir/exes/lineageBenchmarkV1.cc.o.d" is newer than depends file "/pcissd/cxy_test/vidb_project/LedgerDatabase/build_release_qldb/distributed/CMakeFiles/lineageBenchmarkV1.dir/compiler_depend.internal".
Consolidate compiler generated dependencies of target lineageBenchmarkV1
make[2]: Leaving directory '/pcissd/cxy_test/vidb_project/LedgerDatabase/build_release_qldb'
make  -f distributed/CMakeFiles/lineageBenchmarkV1.dir/build.make distributed/CMakeFiles/lineageBenchmarkV1.dir/build
make[2]: Entering directory '/pcissd/cxy_test/vidb_project/LedgerDatabase/build_release_qldb'
[ 83%] Linking CXX executable ../bin/lineageBenchmarkV1
cd /pcissd/cxy_test/vidb_project/LedgerDatabase/build_release_qldb/distributed && /usr/local/opt/cmake-3.22.1/bin/cmake -E cmake_link_script CMakeFiles/lineageBenchmarkV1.dir/link.txt --verbose=1
/usr/bin/c++  -std=c++11 -O2 -pthread -lssl -Wall -Wno-unused-function -fPIC CMakeFiles/lineageBenchmarkV1.dir/exes/lineageBenchmarkV1.cc.o -o ../bin/lineageBenchmarkV1  -Wl,-rpath,/pcissd/cxy_test/vidb_project/LedgerDatabase/build_release_qldb/lib:/usr/local/lib:/usr/local/opt/boost1.67/lib ../lib/libdist.so ../lib/libledger.so /usr/local/lib/libevent.so /usr/local/lib/libevent_openssl.so /usr/local/lib/libevent_core.so /usr/local/lib/libevent_extra.so /usr/local/lib/libevent_pthreads.so /usr/local/lib/libevent_extra.so /usr/local/lib/libevent_pthreads.so -levent_openssl -lcrypto /usr/local/lib/libprotobuf.so /usr/local/opt/boost1.67/lib/libboost_filesystem.so /usr/local/opt/boost1.67/lib/libboost_program_options.so /usr/local/opt/boost1.67/lib/libboost_thread.so /usr/local/opt/boost1.67/lib/libboost_system.so /usr/local/opt/boost1.67/lib/libboost_chrono.so /usr/local/opt/boost1.67/lib/libboost_date_time.so /usr/local/opt/boost1.67/lib/libboost_atomic.so /usr/local/lib/librocksdb.so /usr/local/lib/libcryptopp.a -ltbb 
make[2]: Leaving directory '/pcissd/cxy_test/vidb_project/LedgerDatabase/build_release_qldb'
[ 84%] Built target microBenchmark
make  -f distributed/CMakeFiles/lineageBenchmarkV2.dir/build.make distributed/CMakeFiles/lineageBenchmarkV2.dir/depend
make[2]: Entering directory '/pcissd/cxy_test/vidb_project/LedgerDatabase/build_release_qldb'
cd /pcissd/cxy_test/vidb_project/LedgerDatabase/build_release_qldb && /usr/local/opt/cmake-3.22.1/bin/cmake -E cmake_depends "Unix Makefiles" /pcissd/cxy_test/vidb_project/LedgerDatabase /pcissd/cxy_test/vidb_project/LedgerDatabase/distributed /pcissd/cxy_test/vidb_project/LedgerDatabase/build_release_qldb /pcissd/cxy_test/vidb_project/LedgerDatabase/build_release_qldb/distributed /pcissd/cxy_test/vidb_project/LedgerDatabase/build_release_qldb/distributed/CMakeFiles/lineageBenchmarkV2.dir/DependInfo.cmake --color=
Dependencies file "distributed/CMakeFiles/lineageBenchmarkV2.dir/exes/lineageBenchmarkV2.cc.o.d" is newer than depends file "/pcissd/cxy_test/vidb_project/LedgerDatabase/build_release_qldb/distributed/CMakeFiles/lineageBenchmarkV2.dir/compiler_depend.internal".
make[2]: Leaving directory '/pcissd/cxy_test/vidb_project/LedgerDatabase/build_release_qldb'
make[2]: Leaving directory '/pcissd/cxy_test/vidb_project/LedgerDatabase/build_release_qldb'
[ 85%] Built target scaleBenchmark
make  -f test/CMakeFiles/test_ledger.dir/build.make test/CMakeFiles/test_ledger.dir/depend
[ 86%] Built target microseqBenchmark
make[2]: Entering directory '/pcissd/cxy_test/vidb_project/LedgerDatabase/build_release_qldb'
cd /pcissd/cxy_test/vidb_project/LedgerDatabase/build_release_qldb && /usr/local/opt/cmake-3.22.1/bin/cmake -E cmake_depends "Unix Makefiles" /pcissd/cxy_test/vidb_project/LedgerDatabase /pcissd/cxy_test/vidb_project/LedgerDatabase/test /pcissd/cxy_test/vidb_project/LedgerDatabase/build_release_qldb /pcissd/cxy_test/vidb_project/LedgerDatabase/build_release_qldb/test /pcissd/cxy_test/vidb_project/LedgerDatabase/build_release_qldb/test/CMakeFiles/test_ledger.dir/DependInfo.cmake --color=
Dependencies file "test/CMakeFiles/test_ledger.dir/gtest/gtest_main.cc.o.d" is newer than depends file "/pcissd/cxy_test/vidb_project/LedgerDatabase/build_release_qldb/test/CMakeFiles/test_ledger.dir/compiler_depend.internal".
Dependencies file "test/CMakeFiles/test_ledger.dir/ledger/test_merkle_tree.cc.o.d" is newer than depends file "/pcissd/cxy_test/vidb_project/LedgerDatabase/build_release_qldb/test/CMakeFiles/test_ledger.dir/compiler_depend.internal".
Dependencies file "test/CMakeFiles/test_ledger.dir/ledger/test_mpt.cc.o.d" is newer than depends file "/pcissd/cxy_test/vidb_project/LedgerDatabase/build_release_qldb/test/CMakeFiles/test_ledger.dir/compiler_depend.internal".
Dependencies file "test/CMakeFiles/test_ledger.dir/ledger/test_range.cc.o.d" is newer than depends file "/pcissd/cxy_test/vidb_project/LedgerDatabase/build_release_qldb/test/CMakeFiles/test_ledger.dir/compiler_depend.internal".
Dependencies file "test/CMakeFiles/test_ledger.dir/ledger/test_skiplist.cc.o.d" is newer than depends file "/pcissd/cxy_test/vidb_project/LedgerDatabase/build_release_qldb/test/CMakeFiles/test_ledger.dir/compiler_depend.internal".
Dependencies file "test/CMakeFiles/test_ledger.dir/ledger/test_storage.cc.o.d" is newer than depends file "/pcissd/cxy_test/vidb_project/LedgerDatabase/build_release_qldb/test/CMakeFiles/test_ledger.dir/compiler_depend.internal".
Consolidate compiler generated dependencies of target lineageBenchmarkV2
make[2]: Leaving directory '/pcissd/cxy_test/vidb_project/LedgerDatabase/build_release_qldb'
make  -f distributed/CMakeFiles/lineageBenchmarkV2.dir/build.make distributed/CMakeFiles/lineageBenchmarkV2.dir/build
make[2]: Entering directory '/pcissd/cxy_test/vidb_project/LedgerDatabase/build_release_qldb'
make[2]: Leaving directory '/pcissd/cxy_test/vidb_project/LedgerDatabase/build_release_qldb'
[ 87%] Linking CXX executable ../bin/lineageBenchmarkV2
[ 88%] Built target rangeBenchmark
cd /pcissd/cxy_test/vidb_project/LedgerDatabase/build_release_qldb/distributed && /usr/local/opt/cmake-3.22.1/bin/cmake -E cmake_link_script CMakeFiles/lineageBenchmarkV2.dir/link.txt --verbose=1
Consolidate compiler generated dependencies of target test_ledger
make[2]: Leaving directory '/pcissd/cxy_test/vidb_project/LedgerDatabase/build_release_qldb'
make[2]: Leaving directory '/pcissd/cxy_test/vidb_project/LedgerDatabase/build_release_qldb'
make  -f test/CMakeFiles/test_ledger.dir/build.make test/CMakeFiles/test_ledger.dir/build
/usr/bin/c++  -std=c++11 -O2 -pthread -lssl -Wall -Wno-unused-function -fPIC CMakeFiles/lineageBenchmarkV2.dir/exes/lineageBenchmarkV2.cc.o -o ../bin/lineageBenchmarkV2  -Wl,-rpath,/pcissd/cxy_test/vidb_project/LedgerDatabase/build_release_qldb/lib:/usr/local/lib:/usr/local/opt/boost1.67/lib ../lib/libdist.so ../lib/libledger.so /usr/local/lib/libevent.so /usr/local/lib/libevent_openssl.so /usr/local/lib/libevent_core.so /usr/local/lib/libevent_extra.so /usr/local/lib/libevent_pthreads.so /usr/local/lib/libevent_extra.so /usr/local/lib/libevent_pthreads.so -levent_openssl -lcrypto /usr/local/lib/libprotobuf.so /usr/local/opt/boost1.67/lib/libboost_filesystem.so /usr/local/opt/boost1.67/lib/libboost_program_options.so /usr/local/opt/boost1.67/lib/libboost_thread.so /usr/local/opt/boost1.67/lib/libboost_system.so /usr/local/opt/boost1.67/lib/libboost_chrono.so /usr/local/opt/boost1.67/lib/libboost_date_time.so /usr/local/opt/boost1.67/lib/libboost_atomic.so /usr/local/lib/librocksdb.so /usr/local/lib/libcryptopp.a -ltbb 
[ 89%] Built target updateBenchmark
make[2]: Entering directory '/pcissd/cxy_test/vidb_project/LedgerDatabase/build_release_qldb'
[ 91%] Linking CXX executable ../bin/test_ledger
cd /pcissd/cxy_test/vidb_project/LedgerDatabase/build_release_qldb/test && /usr/local/opt/cmake-3.22.1/bin/cmake -E cmake_link_script CMakeFiles/test_ledger.dir/link.txt --verbose=1
/usr/bin/c++  -std=c++11 -O2 -pthread -lssl -Wall -Wno-unused-function -fPIC CMakeFiles/test_ledger.dir/gtest/gtest_main.cc.o CMakeFiles/test_ledger.dir/ledger/test_merkle_tree.cc.o CMakeFiles/test_ledger.dir/ledger/test_mpt.cc.o CMakeFiles/test_ledger.dir/ledger/test_range.cc.o CMakeFiles/test_ledger.dir/ledger/test_skiplist.cc.o CMakeFiles/test_ledger.dir/ledger/test_storage.cc.o -o ../bin/test_ledger  -Wl,-rpath,/pcissd/cxy_test/vidb_project/LedgerDatabase/build_release_qldb/lib:/usr/local/opt/boost1.67/lib:/usr/local/lib ../lib/libgtest.a ../lib/libledger.so /usr/local/opt/boost1.67/lib/libboost_filesystem.so /usr/local/opt/boost1.67/lib/libboost_program_options.so /usr/local/opt/boost1.67/lib/libboost_thread.so /usr/local/opt/boost1.67/lib/libboost_system.so /usr/local/opt/boost1.67/lib/libboost_chrono.so /usr/local/opt/boost1.67/lib/libboost_date_time.so /usr/local/opt/boost1.67/lib/libboost_atomic.so /usr/local/lib/librocksdb.so /usr/local/lib/libcryptopp.a -ltbb 
make[2]: Leaving directory '/pcissd/cxy_test/vidb_project/LedgerDatabase/build_release_qldb'
[ 92%] Built target lineageBenchmarkV1
make[2]: Leaving directory '/pcissd/cxy_test/vidb_project/LedgerDatabase/build_release_qldb'
[ 98%] Built target test_ledger
make[2]: Leaving directory '/pcissd/cxy_test/vidb_project/LedgerDatabase/build_release_qldb'
[100%] Built target lineageBenchmarkV2
make[1]: Leaving directory '/pcissd/cxy_test/vidb_project/LedgerDatabase/build_release_qldb'
/usr/local/opt/cmake-3.22.1/bin/cmake -E cmake_progress_start /pcissd/cxy_test/vidb_project/LedgerDatabase/build_release_qldb/CMakeFiles 0
./build_release.sh: line 22: env.sh: No such file or directory
-- Use SQL Ledger
-- Protobuf 版本: 2.6.1
-- Protobuf 包含路径: /usr/local/include
-- Protobuf 库路径: /usr/local/lib/libprotobuf.so
-- Protobuf 编译器路径: /usr/local/bin/protoc
-- Found libevent at /usr/local/include
-- Found Rocksdb at /usr/local/include
-- /usr/local/bin/protoc
-- include: /pcissd/cxy_test/vidb_project/LedgerDatabase;/pcissd/cxy_test/vidb_project/LedgerDatabase/build_release_sqlledger
-- Configuring done
-- Generating done
-- Build files have been written to: /pcissd/cxy_test/vidb_project/LedgerDatabase/build_release_sqlledger
/usr/local/opt/cmake-3.22.1/bin/cmake -S/pcissd/cxy_test/vidb_project/LedgerDatabase -B/pcissd/cxy_test/vidb_project/LedgerDatabase/build_release_sqlledger --check-build-system CMakeFiles/Makefile.cmake 0
/usr/local/opt/cmake-3.22.1/bin/cmake -E cmake_progress_start /pcissd/cxy_test/vidb_project/LedgerDatabase/build_release_sqlledger/CMakeFiles /pcissd/cxy_test/vidb_project/LedgerDatabase/build_release_sqlledger//CMakeFiles/progress.marks
make  -f CMakeFiles/Makefile2 all
make[1]: Entering directory '/pcissd/cxy_test/vidb_project/LedgerDatabase/build_release_sqlledger'
make  -f ledger/CMakeFiles/ledger_objs.dir/build.make ledger/CMakeFiles/ledger_objs.dir/depend
make  -f distributed/CMakeFiles/copy_dist_protobuf.dir/build.make distributed/CMakeFiles/copy_dist_protobuf.dir/depend
make  -f test/CMakeFiles/gtest.dir/build.make test/CMakeFiles/gtest.dir/depend
make[2]: Entering directory '/pcissd/cxy_test/vidb_project/LedgerDatabase/build_release_sqlledger'
cd /pcissd/cxy_test/vidb_project/LedgerDatabase/build_release_sqlledger && /usr/local/opt/cmake-3.22.1/bin/cmake -E cmake_depends "Unix Makefiles" /pcissd/cxy_test/vidb_project/LedgerDatabase /pcissd/cxy_test/vidb_project/LedgerDatabase/distributed /pcissd/cxy_test/vidb_project/LedgerDatabase/build_release_sqlledger /pcissd/cxy_test/vidb_project/LedgerDatabase/build_release_sqlledger/distributed /pcissd/cxy_test/vidb_project/LedgerDatabase/build_release_sqlledger/distributed/CMakeFiles/copy_dist_protobuf.dir/DependInfo.cmake --color=
make[2]: Entering directory '/pcissd/cxy_test/vidb_project/LedgerDatabase/build_release_sqlledger'
cd /pcissd/cxy_test/vidb_project/LedgerDatabase/build_release_sqlledger && /usr/local/opt/cmake-3.22.1/bin/cmake -E cmake_depends "Unix Makefiles" /pcissd/cxy_test/vidb_project/LedgerDatabase /pcissd/cxy_test/vidb_project/LedgerDatabase/ledger /pcissd/cxy_test/vidb_project/LedgerDatabase/build_release_sqlledger /pcissd/cxy_test/vidb_project/LedgerDatabase/build_release_sqlledger/ledger /pcissd/cxy_test/vidb_project/LedgerDatabase/build_release_sqlledger/ledger/CMakeFiles/ledger_objs.dir/DependInfo.cmake --color=
make[2]: Entering directory '/pcissd/cxy_test/vidb_project/LedgerDatabase/build_release_sqlledger'
cd /pcissd/cxy_test/vidb_project/LedgerDatabase/build_release_sqlledger && /usr/local/opt/cmake-3.22.1/bin/cmake -E cmake_depends "Unix Makefiles" /pcissd/cxy_test/vidb_project/LedgerDatabase /pcissd/cxy_test/vidb_project/LedgerDatabase/test /pcissd/cxy_test/vidb_project/LedgerDatabase/build_release_sqlledger /pcissd/cxy_test/vidb_project/LedgerDatabase/build_release_sqlledger/test /pcissd/cxy_test/vidb_project/LedgerDatabase/build_release_sqlledger/test/CMakeFiles/gtest.dir/DependInfo.cmake --color=
Dependencies file "test/CMakeFiles/gtest.dir/gtest/gtest-all.cc.o.d" is newer than depends file "/pcissd/cxy_test/vidb_project/LedgerDatabase/build_release_sqlledger/test/CMakeFiles/gtest.dir/compiler_depend.internal".
make[2]: Leaving directory '/pcissd/cxy_test/vidb_project/LedgerDatabase/build_release_sqlledger'
Dependencies file "ledger/CMakeFiles/ledger_objs.dir/common/chunk.cc.o.d" is newer than depends file "/pcissd/cxy_test/vidb_project/LedgerDatabase/build_release_sqlledger/ledger/CMakeFiles/ledger_objs.dir/compiler_depend.internal".
make  -f distributed/CMakeFiles/copy_dist_protobuf.dir/build.make distributed/CMakeFiles/copy_dist_protobuf.dir/build
Dependencies file "ledger/CMakeFiles/ledger_objs.dir/common/hash.cc.o.d" is newer than depends file "/pcissd/cxy_test/vidb_project/LedgerDatabase/build_release_sqlledger/ledger/CMakeFiles/ledger_objs.dir/compiler_depend.internal".
Dependencies file "ledger/CMakeFiles/ledger_objs.dir/common/logger.cc.o.d" is newer than depends file "/pcissd/cxy_test/vidb_project/LedgerDatabase/build_release_sqlledger/ledger/CMakeFiles/ledger_objs.dir/compiler_depend.internal".
make[2]: Entering directory '/pcissd/cxy_test/vidb_project/LedgerDatabase/build_release_sqlledger'
Dependencies file "ledger/CMakeFiles/ledger_objs.dir/common/utils.cc.o.d" is newer than depends file "/pcissd/cxy_test/vidb_project/LedgerDatabase/build_release_sqlledger/ledger/CMakeFiles/ledger_objs.dir/compiler_depend.internal".
Dependencies file "ledger/CMakeFiles/ledger_objs.dir/ledgerdb/ledgerdb.cc.o.d" is newer than depends file "/pcissd/cxy_test/vidb_project/LedgerDatabase/build_release_sqlledger/ledger/CMakeFiles/ledger_objs.dir/compiler_depend.internal".
Dependencies file "ledger/CMakeFiles/ledger_objs.dir/ledgerdb/merkletree.cc.o.d" is newer than depends file "/pcissd/cxy_test/vidb_project/LedgerDatabase/build_release_sqlledger/ledger/CMakeFiles/ledger_objs.dir/compiler_depend.internal".
Dependencies file "ledger/CMakeFiles/ledger_objs.dir/ledgerdb/mpt/mpt_node.cc.o.d" is newer than depends file "/pcissd/cxy_test/vidb_project/LedgerDatabase/build_release_sqlledger/ledger/CMakeFiles/ledger_objs.dir/compiler_depend.internal".
Dependencies file "ledger/CMakeFiles/ledger_objs.dir/ledgerdb/mpt/trie.cc.o.d" is newer than depends file "/pcissd/cxy_test/vidb_project/LedgerDatabase/build_release_sqlledger/ledger/CMakeFiles/ledger_objs.dir/compiler_depend.internal".
[  1%] Copying Protobuf headers
Dependencies file "ledger/CMakeFiles/ledger_objs.dir/ledgerdb/skiplist/skiplist.cc.o.d" is newer than depends file "/pcissd/cxy_test/vidb_project/LedgerDatabase/build_release_sqlledger/ledger/CMakeFiles/ledger_objs.dir/compiler_depend.internal".
cd /pcissd/cxy_test/vidb_project/LedgerDatabase/build_release_sqlledger/distributed && /usr/local/opt/cmake-3.22.1/bin/cmake -E make_directory /pcissd/cxy_test/vidb_project/LedgerDatabase/build_release_sqlledger/distributed/proto
Dependencies file "ledger/CMakeFiles/ledger_objs.dir/qldb/ql_btree.cc.o.d" is newer than depends file "/pcissd/cxy_test/vidb_project/LedgerDatabase/build_release_sqlledger/ledger/CMakeFiles/ledger_objs.dir/compiler_depend.internal".
Dependencies file "ledger/CMakeFiles/ledger_objs.dir/qldb/ql_btree_node.cc.o.d" is newer than depends file "/pcissd/cxy_test/vidb_project/LedgerDatabase/build_release_sqlledger/ledger/CMakeFiles/ledger_objs.dir/compiler_depend.internal".
Dependencies file "ledger/CMakeFiles/ledger_objs.dir/qldb/qldb.cc.o.d" is newer than depends file "/pcissd/cxy_test/vidb_project/LedgerDatabase/build_release_sqlledger/ledger/CMakeFiles/ledger_objs.dir/compiler_depend.internal".
Dependencies file "ledger/CMakeFiles/ledger_objs.dir/qldb/qldb_store.cc.o.d" is newer than depends file "/pcissd/cxy_test/vidb_project/LedgerDatabase/build_release_sqlledger/ledger/CMakeFiles/ledger_objs.dir/compiler_depend.internal".
Dependencies file "ledger/CMakeFiles/ledger_objs.dir/qldb/qlnode.cc.o.d" is newer than depends file "/pcissd/cxy_test/vidb_project/LedgerDatabase/build_release_sqlledger/ledger/CMakeFiles/ledger_objs.dir/compiler_depend.internal".
cd /pcissd/cxy_test/vidb_project/LedgerDatabase/build_release_sqlledger/distributed && /usr/local/opt/cmake-3.22.1/bin/cmake -E copy_if_different /pcissd/cxy_test/vidb_project/LedgerDatabase/build_release_sqlledger/distributed/common-proto.pb.h /pcissd/cxy_test/vidb_project/LedgerDatabase/build_release_sqlledger/distributed/proto/common-proto.pb.h
Dependencies file "ledger/CMakeFiles/ledger_objs.dir/sqlledger/sqlldg_mt.cc.o.d" is newer than depends file "/pcissd/cxy_test/vidb_project/LedgerDatabase/build_release_sqlledger/ledger/CMakeFiles/ledger_objs.dir/compiler_depend.internal".
Dependencies file "ledger/CMakeFiles/ledger_objs.dir/sqlledger/sqlledger.cc.o.d" is newer than depends file "/pcissd/cxy_test/vidb_project/LedgerDatabase/build_release_sqlledger/ledger/CMakeFiles/ledger_objs.dir/compiler_depend.internal".
cd /pcissd/cxy_test/vidb_project/LedgerDatabase/build_release_sqlledger/distributed && /usr/local/opt/cmake-3.22.1/bin/cmake -E copy_if_different /pcissd/cxy_test/vidb_project/LedgerDatabase/build_release_sqlledger/distributed/request.pb.h /pcissd/cxy_test/vidb_project/LedgerDatabase/build_release_sqlledger/distributed/proto/request.pb.h
cd /pcissd/cxy_test/vidb_project/LedgerDatabase/build_release_sqlledger/distributed && /usr/local/opt/cmake-3.22.1/bin/cmake -E copy_if_different /pcissd/cxy_test/vidb_project/LedgerDatabase/build_release_sqlledger/distributed/strong-proto.pb.h /pcissd/cxy_test/vidb_project/LedgerDatabase/build_release_sqlledger/distributed/proto/strong-proto.pb.h
cd /pcissd/cxy_test/vidb_project/LedgerDatabase/build_release_sqlledger/distributed && /usr/local/opt/cmake-3.22.1/bin/cmake -E copy_if_different /pcissd/cxy_test/vidb_project/LedgerDatabase/build_release_sqlledger/distributed/vr-proto.pb.h /pcissd/cxy_test/vidb_project/LedgerDatabase/build_release_sqlledger/distributed/proto/vr-proto.pb.h
make[2]: Leaving directory '/pcissd/cxy_test/vidb_project/LedgerDatabase/build_release_sqlledger'
[  5%] Built target copy_dist_protobuf
Consolidate compiler generated dependencies of target gtest
make  -f distributed/CMakeFiles/dist_objs.dir/build.make distributed/CMakeFiles/dist_objs.dir/depend
make[2]: Leaving directory '/pcissd/cxy_test/vidb_project/LedgerDatabase/build_release_sqlledger'
make  -f test/CMakeFiles/gtest.dir/build.make test/CMakeFiles/gtest.dir/build
make[2]: Entering directory '/pcissd/cxy_test/vidb_project/LedgerDatabase/build_release_sqlledger'
cd /pcissd/cxy_test/vidb_project/LedgerDatabase/build_release_sqlledger && /usr/local/opt/cmake-3.22.1/bin/cmake -E cmake_depends "Unix Makefiles" /pcissd/cxy_test/vidb_project/LedgerDatabase /pcissd/cxy_test/vidb_project/LedgerDatabase/distributed /pcissd/cxy_test/vidb_project/LedgerDatabase/build_release_sqlledger /pcissd/cxy_test/vidb_project/LedgerDatabase/build_release_sqlledger/distributed /pcissd/cxy_test/vidb_project/LedgerDatabase/build_release_sqlledger/distributed/CMakeFiles/dist_objs.dir/DependInfo.cmake --color=
make[2]: Entering directory '/pcissd/cxy_test/vidb_project/LedgerDatabase/build_release_sqlledger'
make[2]: Nothing to be done for 'test/CMakeFiles/gtest.dir/build'.
make[2]: Leaving directory '/pcissd/cxy_test/vidb_project/LedgerDatabase/build_release_sqlledger'
Dependencies file "distributed/CMakeFiles/dist_objs.dir/common-proto.pb.cc.o.d" is newer than depends file "/pcissd/cxy_test/vidb_project/LedgerDatabase/build_release_sqlledger/distributed/CMakeFiles/dist_objs.dir/compiler_depend.internal".
Dependencies file "distributed/CMakeFiles/dist_objs.dir/lib/configuration.cc.o.d" is newer than depends file "/pcissd/cxy_test/vidb_project/LedgerDatabase/build_release_sqlledger/distributed/CMakeFiles/dist_objs.dir/compiler_depend.internal".
Dependencies file "distributed/CMakeFiles/dist_objs.dir/lib/message.cc.o.d" is newer than depends file "/pcissd/cxy_test/vidb_project/LedgerDatabase/build_release_sqlledger/distributed/CMakeFiles/dist_objs.dir/compiler_depend.internal".
Dependencies file "distributed/CMakeFiles/dist_objs.dir/lib/tcptransport.cc.o.d" is newer than depends file "/pcissd/cxy_test/vidb_project/LedgerDatabase/build_release_sqlledger/distributed/CMakeFiles/dist_objs.dir/compiler_depend.internal".
[  7%] Built target gtest
Dependencies file "distributed/CMakeFiles/dist_objs.dir/lib/transport.cc.o.d" is newer than depends file "/pcissd/cxy_test/vidb_project/LedgerDatabase/build_release_sqlledger/distributed/CMakeFiles/dist_objs.dir/compiler_depend.internal".
Dependencies file "distributed/CMakeFiles/dist_objs.dir/replication/common/client.cc.o.d" is newer than depends file "/pcissd/cxy_test/vidb_project/LedgerDatabase/build_release_sqlledger/distributed/CMakeFiles/dist_objs.dir/compiler_depend.internal".
Dependencies file "distributed/CMakeFiles/dist_objs.dir/replication/common/log.cc.o.d" is newer than depends file "/pcissd/cxy_test/vidb_project/LedgerDatabase/build_release_sqlledger/distributed/CMakeFiles/dist_objs.dir/compiler_depend.internal".
Dependencies file "distributed/CMakeFiles/dist_objs.dir/replication/common/replica.cc.o.d" is newer than depends file "/pcissd/cxy_test/vidb_project/LedgerDatabase/build_release_sqlledger/distributed/CMakeFiles/dist_objs.dir/compiler_depend.internal".
Dependencies file "distributed/CMakeFiles/dist_objs.dir/replication/vr/client.cc.o.d" is newer than depends file "/pcissd/cxy_test/vidb_project/LedgerDatabase/build_release_sqlledger/distributed/CMakeFiles/dist_objs.dir/compiler_depend.internal".
Dependencies file "distributed/CMakeFiles/dist_objs.dir/replication/vr/replica.cc.o.d" is newer than depends file "/pcissd/cxy_test/vidb_project/LedgerDatabase/build_release_sqlledger/distributed/CMakeFiles/dist_objs.dir/compiler_depend.internal".
Dependencies file "distributed/CMakeFiles/dist_objs.dir/request.pb.cc.o.d" is newer than depends file "/pcissd/cxy_test/vidb_project/LedgerDatabase/build_release_sqlledger/distributed/CMakeFiles/dist_objs.dir/compiler_depend.internal".
Dependencies file "distributed/CMakeFiles/dist_objs.dir/store/common/backend/kvstore.cc.o.d" is newer than depends file "/pcissd/cxy_test/vidb_project/LedgerDatabase/build_release_sqlledger/distributed/CMakeFiles/dist_objs.dir/compiler_depend.internal".
Dependencies file "distributed/CMakeFiles/dist_objs.dir/store/common/backend/txnstore.cc.o.d" is newer than depends file "/pcissd/cxy_test/vidb_project/LedgerDatabase/build_release_sqlledger/distributed/CMakeFiles/dist_objs.dir/compiler_depend.internal".
Dependencies file "distributed/CMakeFiles/dist_objs.dir/store/common/backend/versionstore.cc.o.d" is newer than depends file "/pcissd/cxy_test/vidb_project/LedgerDatabase/build_release_sqlledger/distributed/CMakeFiles/dist_objs.dir/compiler_depend.internal".
Dependencies file "distributed/CMakeFiles/dist_objs.dir/store/common/frontend/bufferclient.cc.o.d" is newer than depends file "/pcissd/cxy_test/vidb_project/LedgerDatabase/build_release_sqlledger/distributed/CMakeFiles/dist_objs.dir/compiler_depend.internal".
Dependencies file "distributed/CMakeFiles/dist_objs.dir/store/common/promise.cc.o.d" is newer than depends file "/pcissd/cxy_test/vidb_project/LedgerDatabase/build_release_sqlledger/distributed/CMakeFiles/dist_objs.dir/compiler_depend.internal".
Dependencies file "distributed/CMakeFiles/dist_objs.dir/store/common/timestamp.cc.o.d" is newer than depends file "/pcissd/cxy_test/vidb_project/LedgerDatabase/build_release_sqlledger/distributed/CMakeFiles/dist_objs.dir/compiler_depend.internal".
Dependencies file "distributed/CMakeFiles/dist_objs.dir/store/common/tracer.cc.o.d" is newer than depends file "/pcissd/cxy_test/vidb_project/LedgerDatabase/build_release_sqlledger/distributed/CMakeFiles/dist_objs.dir/compiler_depend.internal".
Dependencies file "distributed/CMakeFiles/dist_objs.dir/store/common/transaction.cc.o.d" is newer than depends file "/pcissd/cxy_test/vidb_project/LedgerDatabase/build_release_sqlledger/distributed/CMakeFiles/dist_objs.dir/compiler_depend.internal".
Dependencies file "distributed/CMakeFiles/dist_objs.dir/store/common/truetime.cc.o.d" is newer than depends file "/pcissd/cxy_test/vidb_project/LedgerDatabase/build_release_sqlledger/distributed/CMakeFiles/dist_objs.dir/compiler_depend.internal".
Dependencies file "distributed/CMakeFiles/dist_objs.dir/store/strongstore/client.cc.o.d" is newer than depends file "/pcissd/cxy_test/vidb_project/LedgerDatabase/build_release_sqlledger/distributed/CMakeFiles/dist_objs.dir/compiler_depend.internal".
Dependencies file "distributed/CMakeFiles/dist_objs.dir/store/strongstore/occstore.cc.o.d" is newer than depends file "/pcissd/cxy_test/vidb_project/LedgerDatabase/build_release_sqlledger/distributed/CMakeFiles/dist_objs.dir/compiler_depend.internal".
Dependencies file "distributed/CMakeFiles/dist_objs.dir/store/strongstore/shardclient.cc.o.d" is newer than depends file "/pcissd/cxy_test/vidb_project/LedgerDatabase/build_release_sqlledger/distributed/CMakeFiles/dist_objs.dir/compiler_depend.internal".
Dependencies file "distributed/CMakeFiles/dist_objs.dir/strong-proto.pb.cc.o.d" is newer than depends file "/pcissd/cxy_test/vidb_project/LedgerDatabase/build_release_sqlledger/distributed/CMakeFiles/dist_objs.dir/compiler_depend.internal".
Dependencies file "distributed/CMakeFiles/dist_objs.dir/vr-proto.pb.cc.o.d" is newer than depends file "/pcissd/cxy_test/vidb_project/LedgerDatabase/build_release_sqlledger/distributed/CMakeFiles/dist_objs.dir/compiler_depend.internal".
Consolidate compiler generated dependencies of target ledger_objs
make[2]: Leaving directory '/pcissd/cxy_test/vidb_project/LedgerDatabase/build_release_sqlledger'
make  -f ledger/CMakeFiles/ledger_objs.dir/build.make ledger/CMakeFiles/ledger_objs.dir/build
make[2]: Entering directory '/pcissd/cxy_test/vidb_project/LedgerDatabase/build_release_sqlledger'
[  8%] Building CXX object ledger/CMakeFiles/ledger_objs.dir/sqlledger/sqlledger.cc.o
cd /pcissd/cxy_test/vidb_project/LedgerDatabase/build_release_sqlledger/ledger && /usr/bin/c++ -DSQLLEDGER -DUSE_ROCKSDB -I/pcissd/cxy_test/vidb_project/LedgerDatabase -I/pcissd/cxy_test/vidb_project/LedgerDatabase/build_release_sqlledger -isystem /usr/local/opt/boost1.67/include -std=c++11 -O2 -pthread -lssl -Wall -Wno-unused-function -fPIC -MD -MT ledger/CMakeFiles/ledger_objs.dir/sqlledger/sqlledger.cc.o -MF CMakeFiles/ledger_objs.dir/sqlledger/sqlledger.cc.o.d -o CMakeFiles/ledger_objs.dir/sqlledger/sqlledger.cc.o -c /pcissd/cxy_test/vidb_project/LedgerDatabase/ledger/sqlledger/sqlledger.cc
Consolidate compiler generated dependencies of target dist_objs
make[2]: Leaving directory '/pcissd/cxy_test/vidb_project/LedgerDatabase/build_release_sqlledger'
make  -f distributed/CMakeFiles/dist_objs.dir/build.make distributed/CMakeFiles/dist_objs.dir/build
make[2]: Entering directory '/pcissd/cxy_test/vidb_project/LedgerDatabase/build_release_sqlledger'
make[2]: Nothing to be done for 'distributed/CMakeFiles/dist_objs.dir/build'.
make[2]: Leaving directory '/pcissd/cxy_test/vidb_project/LedgerDatabase/build_release_sqlledger'
[ 41%] Built target dist_objs
make  -f distributed/CMakeFiles/dist.dir/build.make distributed/CMakeFiles/dist.dir/depend
make[2]: Entering directory '/pcissd/cxy_test/vidb_project/LedgerDatabase/build_release_sqlledger'
cd /pcissd/cxy_test/vidb_project/LedgerDatabase/build_release_sqlledger && /usr/local/opt/cmake-3.22.1/bin/cmake -E cmake_depends "Unix Makefiles" /pcissd/cxy_test/vidb_project/LedgerDatabase /pcissd/cxy_test/vidb_project/LedgerDatabase/distributed /pcissd/cxy_test/vidb_project/LedgerDatabase/build_release_sqlledger /pcissd/cxy_test/vidb_project/LedgerDatabase/build_release_sqlledger/distributed /pcissd/cxy_test/vidb_project/LedgerDatabase/build_release_sqlledger/distributed/CMakeFiles/dist.dir/DependInfo.cmake --color=
make[2]: Leaving directory '/pcissd/cxy_test/vidb_project/LedgerDatabase/build_release_sqlledger'
make  -f distributed/CMakeFiles/dist.dir/build.make distributed/CMakeFiles/dist.dir/build
make[2]: Entering directory '/pcissd/cxy_test/vidb_project/LedgerDatabase/build_release_sqlledger'
make[2]: Nothing to be done for 'distributed/CMakeFiles/dist.dir/build'.
make[2]: Leaving directory '/pcissd/cxy_test/vidb_project/LedgerDatabase/build_release_sqlledger'
[ 42%] Built target dist
/pcissd/cxy_test/vidb_project/LedgerDatabase/ledger/sqlledger/sqlledger.cc: In member function ‘std::vector<std::__cxx11::basic_string<char> > ledgebase::sqlledger::SQLLedger::GetHistory(const string&, size_t)’:
/pcissd/cxy_test/vidb_project/LedgerDatabase/ledger/sqlledger/sqlledger.cc:186:13: warning: comparison of integer expressions of different signedness: ‘int’ and ‘size_t’ {aka ‘long unsigned int’} [-Wsign-compare]
  186 |     if (cnt >= n) break;
      |         ~~~~^~~~
/pcissd/cxy_test/vidb_project/LedgerDatabase/ledger/sqlledger/sqlledger.cc: In member function ‘ledgebase::sqlledger::Auditor ledgebase::sqlledger::SQLLedger::getAudit(const uint64_t&)’:
/pcissd/cxy_test/vidb_project/LedgerDatabase/ledger/sqlledger/sqlledger.cc:278:33: warning: comparison of integer expressions of different signedness: ‘size_t’ {aka ‘long unsigned int’} and ‘int’ [-Wsign-compare]
  278 |   for (size_t i = block_addr; i <= tip; ++i) {
      |                               ~~^~~~~~
/pcissd/cxy_test/vidb_project/LedgerDatabase/ledger/sqlledger/sqlledger.cc:276:7: warning: variable ‘level’ set but not used [-Wunused-but-set-variable]
  276 |   int level;
      |       ^~~~~
In file included from /pcissd/cxy_test/vidb_project/LedgerDatabase/ledger/sqlledger/sqlledger.h:7,
                 from /pcissd/cxy_test/vidb_project/LedgerDatabase/ledger/sqlledger/sqlledger.cc:1:
/pcissd/cxy_test/vidb_project/LedgerDatabase/ledger/common/logger.h: In member function ‘void ledgebase::Logger::index(uint64_t)’:
/pcissd/cxy_test/vidb_project/LedgerDatabase/ledger/common/logger.h:108:10: warning: ignoring return value of ‘ssize_t write(int, const void*, size_t)’ declared with attribute ‘warn_unused_result’ [-Wunused-result]
  108 |     write(idx_, entry.get(), size);
      |     ~~~~~^~~~~~~~~~~~~~~~~~~~~~~~~
/pcissd/cxy_test/vidb_project/LedgerDatabase/ledger/common/logger.h: In member function ‘void ledgebase::Logger::log(const byte_t*, size_t)’:
/pcissd/cxy_test/vidb_project/LedgerDatabase/ledger/common/logger.h:85:10: warning: ignoring return value of ‘ssize_t write(int, const void*, size_t)’ declared with attribute ‘warn_unused_result’ [-Wunused-result]
   85 |     write(wal_, data, size);
      |     ~~~~~^~~~~~~~~~~~~~~~~~
/pcissd/cxy_test/vidb_project/LedgerDatabase/ledger/common/logger.h: In member function ‘std::string ledgebase::Logger::read(uint64_t, uint64_t*)’:
/pcissd/cxy_test/vidb_project/LedgerDatabase/ledger/common/logger.h:74:10: warning: ignoring return value of ‘ssize_t pread(int, void*, size_t, __off_t)’ declared with attribute ‘warn_unused_result’ [-Wunused-result]
   74 |     pread(idx_, buffer, idxEntrySize, idxOffset);
      |     ~~~~~^~~~~~~~~~~~~~~~~~~~~~~~~~~~~~~~~~~~~~~
/pcissd/cxy_test/vidb_project/LedgerDatabase/ledger/common/logger.h:80:10: warning: ignoring return value of ‘ssize_t pread(int, void*, size_t, __off_t)’ declared with attribute ‘warn_unused_result’ [-Wunused-result]
   80 |     pread(wal_, buf, walSize, walOffset);
      |     ~~~~~^~~~~~~~~~~~~~~~~~~~~~~~~~~~~~~
make[2]: Leaving directory '/pcissd/cxy_test/vidb_project/LedgerDatabase/build_release_sqlledger'
[ 59%] Built target ledger_objs
make  -f ledger/CMakeFiles/ledger.dir/build.make ledger/CMakeFiles/ledger.dir/depend
make[2]: Entering directory '/pcissd/cxy_test/vidb_project/LedgerDatabase/build_release_sqlledger'
cd /pcissd/cxy_test/vidb_project/LedgerDatabase/build_release_sqlledger && /usr/local/opt/cmake-3.22.1/bin/cmake -E cmake_depends "Unix Makefiles" /pcissd/cxy_test/vidb_project/LedgerDatabase /pcissd/cxy_test/vidb_project/LedgerDatabase/ledger /pcissd/cxy_test/vidb_project/LedgerDatabase/build_release_sqlledger /pcissd/cxy_test/vidb_project/LedgerDatabase/build_release_sqlledger/ledger /pcissd/cxy_test/vidb_project/LedgerDatabase/build_release_sqlledger/ledger/CMakeFiles/ledger.dir/DependInfo.cmake --color=
make[2]: Leaving directory '/pcissd/cxy_test/vidb_project/LedgerDatabase/build_release_sqlledger'
make  -f ledger/CMakeFiles/ledger.dir/build.make ledger/CMakeFiles/ledger.dir/build
make[2]: Entering directory '/pcissd/cxy_test/vidb_project/LedgerDatabase/build_release_sqlledger'
[ 60%] Linking CXX shared library ../lib/libledger.so
cd /pcissd/cxy_test/vidb_project/LedgerDatabase/build_release_sqlledger/ledger && /usr/local/opt/cmake-3.22.1/bin/cmake -E cmake_link_script CMakeFiles/ledger.dir/link.txt --verbose=1
/usr/bin/c++ -fPIC  -std=c++11 -O2 -pthread -lssl -Wall -Wno-unused-function -fPIC -shared -Wl,-soname,libledger.so -o ../lib/libledger.so CMakeFiles/ledger_objs.dir/common/chunk.cc.o CMakeFiles/ledger_objs.dir/common/hash.cc.o CMakeFiles/ledger_objs.dir/common/logger.cc.o CMakeFiles/ledger_objs.dir/common/utils.cc.o CMakeFiles/ledger_objs.dir/ledgerdb/ledgerdb.cc.o CMakeFiles/ledger_objs.dir/ledgerdb/merkletree.cc.o CMakeFiles/ledger_objs.dir/ledgerdb/mpt/mpt_node.cc.o CMakeFiles/ledger_objs.dir/ledgerdb/mpt/trie.cc.o CMakeFiles/ledger_objs.dir/ledgerdb/skiplist/skiplist.cc.o CMakeFiles/ledger_objs.dir/qldb/ql_btree.cc.o CMakeFiles/ledger_objs.dir/qldb/ql_btree_node.cc.o CMakeFiles/ledger_objs.dir/qldb/qldb.cc.o CMakeFiles/ledger_objs.dir/qldb/qldb_store.cc.o CMakeFiles/ledger_objs.dir/qldb/qlnode.cc.o CMakeFiles/ledger_objs.dir/sqlledger/sqlldg_mt.cc.o CMakeFiles/ledger_objs.dir/sqlledger/sqlledger.cc.o  -Wl,-rpath,/usr/local/opt/boost1.67/lib:/usr/local/lib /usr/local/opt/boost1.67/lib/libboost_filesystem.so /usr/local/opt/boost1.67/lib/libboost_program_options.so /usr/local/opt/boost1.67/lib/libboost_thread.so /usr/local/opt/boost1.67/lib/libboost_system.so /usr/local/opt/boost1.67/lib/libboost_chrono.so /usr/local/opt/boost1.67/lib/libboost_date_time.so /usr/local/opt/boost1.67/lib/libboost_atomic.so /usr/local/lib/librocksdb.so /usr/local/lib/libcryptopp.a -ltbb 
make[2]: Leaving directory '/pcissd/cxy_test/vidb_project/LedgerDatabase/build_release_sqlledger'
[ 60%] Built target ledger
make  -f distributed/CMakeFiles/timeserver.dir/build.make distributed/CMakeFiles/timeserver.dir/depend
make  -f distributed/CMakeFiles/strongstore.dir/build.make distributed/CMakeFiles/strongstore.dir/depend
make  -f distributed/CMakeFiles/verifyClient.dir/build.make distributed/CMakeFiles/verifyClient.dir/depend
make  -f distributed/CMakeFiles/smallbankClient.dir/build.make distributed/CMakeFiles/smallbankClient.dir/depend
make  -f distributed/CMakeFiles/tpccClient.dir/build.make distributed/CMakeFiles/tpccClient.dir/depend
make  -f distributed/CMakeFiles/rangeClient.dir/build.make distributed/CMakeFiles/rangeClient.dir/depend
make[2]: Entering directory '/pcissd/cxy_test/vidb_project/LedgerDatabase/build_release_sqlledger'
cd /pcissd/cxy_test/vidb_project/LedgerDatabase/build_release_sqlledger && /usr/local/opt/cmake-3.22.1/bin/cmake -E cmake_depends "Unix Makefiles" /pcissd/cxy_test/vidb_project/LedgerDatabase /pcissd/cxy_test/vidb_project/LedgerDatabase/distributed /pcissd/cxy_test/vidb_project/LedgerDatabase/build_release_sqlledger /pcissd/cxy_test/vidb_project/LedgerDatabase/build_release_sqlledger/distributed /pcissd/cxy_test/vidb_project/LedgerDatabase/build_release_sqlledger/distributed/CMakeFiles/timeserver.dir/DependInfo.cmake --color=
make[2]: Entering directory '/pcissd/cxy_test/vidb_project/LedgerDatabase/build_release_sqlledger'
cd /pcissd/cxy_test/vidb_project/LedgerDatabase/build_release_sqlledger && /usr/local/opt/cmake-3.22.1/bin/cmake -E cmake_depends "Unix Makefiles" /pcissd/cxy_test/vidb_project/LedgerDatabase /pcissd/cxy_test/vidb_project/LedgerDatabase/distributed /pcissd/cxy_test/vidb_project/LedgerDatabase/build_release_sqlledger /pcissd/cxy_test/vidb_project/LedgerDatabase/build_release_sqlledger/distributed /pcissd/cxy_test/vidb_project/LedgerDatabase/build_release_sqlledger/distributed/CMakeFiles/strongstore.dir/DependInfo.cmake --color=
make[2]: Entering directory '/pcissd/cxy_test/vidb_project/LedgerDatabase/build_release_sqlledger'
cd /pcissd/cxy_test/vidb_project/LedgerDatabase/build_release_sqlledger && /usr/local/opt/cmake-3.22.1/bin/cmake -E cmake_depends "Unix Makefiles" /pcissd/cxy_test/vidb_project/LedgerDatabase /pcissd/cxy_test/vidb_project/LedgerDatabase/distributed /pcissd/cxy_test/vidb_project/LedgerDatabase/build_release_sqlledger /pcissd/cxy_test/vidb_project/LedgerDatabase/build_release_sqlledger/distributed /pcissd/cxy_test/vidb_project/LedgerDatabase/build_release_sqlledger/distributed/CMakeFiles/verifyClient.dir/DependInfo.cmake --color=
make[2]: Entering directory '/pcissd/cxy_test/vidb_project/LedgerDatabase/build_release_sqlledger'
cd /pcissd/cxy_test/vidb_project/LedgerDatabase/build_release_sqlledger && /usr/local/opt/cmake-3.22.1/bin/cmake -E cmake_depends "Unix Makefiles" /pcissd/cxy_test/vidb_project/LedgerDatabase /pcissd/cxy_test/vidb_project/LedgerDatabase/distributed /pcissd/cxy_test/vidb_project/LedgerDatabase/build_release_sqlledger /pcissd/cxy_test/vidb_project/LedgerDatabase/build_release_sqlledger/distributed /pcissd/cxy_test/vidb_project/LedgerDatabase/build_release_sqlledger/distributed/CMakeFiles/smallbankClient.dir/DependInfo.cmake --color=
make[2]: Entering directory '/pcissd/cxy_test/vidb_project/LedgerDatabase/build_release_sqlledger'
cd /pcissd/cxy_test/vidb_project/LedgerDatabase/build_release_sqlledger && /usr/local/opt/cmake-3.22.1/bin/cmake -E cmake_depends "Unix Makefiles" /pcissd/cxy_test/vidb_project/LedgerDatabase /pcissd/cxy_test/vidb_project/LedgerDatabase/distributed /pcissd/cxy_test/vidb_project/LedgerDatabase/build_release_sqlledger /pcissd/cxy_test/vidb_project/LedgerDatabase/build_release_sqlledger/distributed /pcissd/cxy_test/vidb_project/LedgerDatabase/build_release_sqlledger/distributed/CMakeFiles/tpccClient.dir/DependInfo.cmake --color=
make[2]: Entering directory '/pcissd/cxy_test/vidb_project/LedgerDatabase/build_release_sqlledger'
cd /pcissd/cxy_test/vidb_project/LedgerDatabase/build_release_sqlledger && /usr/local/opt/cmake-3.22.1/bin/cmake -E cmake_depends "Unix Makefiles" /pcissd/cxy_test/vidb_project/LedgerDatabase /pcissd/cxy_test/vidb_project/LedgerDatabase/distributed /pcissd/cxy_test/vidb_project/LedgerDatabase/build_release_sqlledger /pcissd/cxy_test/vidb_project/LedgerDatabase/build_release_sqlledger/distributed /pcissd/cxy_test/vidb_project/LedgerDatabase/build_release_sqlledger/distributed/CMakeFiles/rangeClient.dir/DependInfo.cmake --color=
Dependencies file "distributed/CMakeFiles/timeserver.dir/exes/timeserver.cc.o.d" is newer than depends file "/pcissd/cxy_test/vidb_project/LedgerDatabase/build_release_sqlledger/distributed/CMakeFiles/timeserver.dir/compiler_depend.internal".
Dependencies file "distributed/CMakeFiles/strongstore.dir/exes/strong-server.cc.o.d" is newer than depends file "/pcissd/cxy_test/vidb_project/LedgerDatabase/build_release_sqlledger/distributed/CMakeFiles/strongstore.dir/compiler_depend.internal".
Dependencies file "distributed/CMakeFiles/verifyClient.dir/exes/verifyClient.cc.o.d" is newer than depends file "/pcissd/cxy_test/vidb_project/LedgerDatabase/build_release_sqlledger/distributed/CMakeFiles/verifyClient.dir/compiler_depend.internal".
Dependencies file "distributed/CMakeFiles/smallbankClient.dir/exes/smallbankClient.cc.o.d" is newer than depends file "/pcissd/cxy_test/vidb_project/LedgerDatabase/build_release_sqlledger/distributed/CMakeFiles/smallbankClient.dir/compiler_depend.internal".
Dependencies file "distributed/CMakeFiles/tpccClient.dir/exes/tpccClient.cc.o.d" is newer than depends file "/pcissd/cxy_test/vidb_project/LedgerDatabase/build_release_sqlledger/distributed/CMakeFiles/tpccClient.dir/compiler_depend.internal".
Dependencies file "distributed/CMakeFiles/rangeClient.dir/exes/rangeClient.cc.o.d" is newer than depends file "/pcissd/cxy_test/vidb_project/LedgerDatabase/build_release_sqlledger/distributed/CMakeFiles/rangeClient.dir/compiler_depend.internal".
Consolidate compiler generated dependencies of target timeserver
make[2]: Leaving directory '/pcissd/cxy_test/vidb_project/LedgerDatabase/build_release_sqlledger'
make  -f distributed/CMakeFiles/timeserver.dir/build.make distributed/CMakeFiles/timeserver.dir/build
make[2]: Entering directory '/pcissd/cxy_test/vidb_project/LedgerDatabase/build_release_sqlledger'
[ 61%] Linking CXX executable ../bin/timeserver
cd /pcissd/cxy_test/vidb_project/LedgerDatabase/build_release_sqlledger/distributed && /usr/local/opt/cmake-3.22.1/bin/cmake -E cmake_link_script CMakeFiles/timeserver.dir/link.txt --verbose=1
/usr/bin/c++  -std=c++11 -O2 -pthread -lssl -Wall -Wno-unused-function -fPIC CMakeFiles/timeserver.dir/exes/timeserver.cc.o -o ../bin/timeserver  -Wl,-rpath,/pcissd/cxy_test/vidb_project/LedgerDatabase/build_release_sqlledger/lib:/usr/local/lib:/usr/local/opt/boost1.67/lib ../lib/libdist.so ../lib/libledger.so /usr/local/lib/libevent.so /usr/local/lib/libevent_openssl.so /usr/local/lib/libevent_core.so /usr/local/lib/libevent_extra.so /usr/local/lib/libevent_pthreads.so /usr/local/lib/libevent_extra.so /usr/local/lib/libevent_pthreads.so -levent_openssl -lcrypto /usr/local/lib/libprotobuf.so /usr/local/opt/boost1.67/lib/libboost_filesystem.so /usr/local/opt/boost1.67/lib/libboost_program_options.so /usr/local/opt/boost1.67/lib/libboost_thread.so /usr/local/opt/boost1.67/lib/libboost_system.so /usr/local/opt/boost1.67/lib/libboost_chrono.so /usr/local/opt/boost1.67/lib/libboost_date_time.so /usr/local/opt/boost1.67/lib/libboost_atomic.so /usr/local/lib/librocksdb.so /usr/local/lib/libcryptopp.a -ltbb 
Consolidate compiler generated dependencies of target strongstore
make[2]: Leaving directory '/pcissd/cxy_test/vidb_project/LedgerDatabase/build_release_sqlledger'
make  -f distributed/CMakeFiles/strongstore.dir/build.make distributed/CMakeFiles/strongstore.dir/build
Consolidate compiler generated dependencies of target rangeClient
Consolidate compiler generated dependencies of target verifyClient
make[2]: Leaving directory '/pcissd/cxy_test/vidb_project/LedgerDatabase/build_release_sqlledger'
make  -f distributed/CMakeFiles/rangeClient.dir/build.make distributed/CMakeFiles/rangeClient.dir/build
make[2]: Leaving directory '/pcissd/cxy_test/vidb_project/LedgerDatabase/build_release_sqlledger'
make  -f distributed/CMakeFiles/verifyClient.dir/build.make distributed/CMakeFiles/verifyClient.dir/build
Consolidate compiler generated dependencies of target smallbankClient
Consolidate compiler generated dependencies of target tpccClient
make[2]: Leaving directory '/pcissd/cxy_test/vidb_project/LedgerDatabase/build_release_sqlledger'
make[2]: Leaving directory '/pcissd/cxy_test/vidb_project/LedgerDatabase/build_release_sqlledger'
make  -f distributed/CMakeFiles/tpccClient.dir/build.make distributed/CMakeFiles/tpccClient.dir/build
make  -f distributed/CMakeFiles/smallbankClient.dir/build.make distributed/CMakeFiles/smallbankClient.dir/build
make[2]: Entering directory '/pcissd/cxy_test/vidb_project/LedgerDatabase/build_release_sqlledger'
make[2]: Entering directory '/pcissd/cxy_test/vidb_project/LedgerDatabase/build_release_sqlledger'
make[2]: Entering directory '/pcissd/cxy_test/vidb_project/LedgerDatabase/build_release_sqlledger'
[ 62%] Linking CXX executable ../bin/strongstore
make[2]: Entering directory '/pcissd/cxy_test/vidb_project/LedgerDatabase/build_release_sqlledger'
cd /pcissd/cxy_test/vidb_project/LedgerDatabase/build_release_sqlledger/distributed && /usr/local/opt/cmake-3.22.1/bin/cmake -E cmake_link_script CMakeFiles/strongstore.dir/link.txt --verbose=1
make[2]: Entering directory '/pcissd/cxy_test/vidb_project/LedgerDatabase/build_release_sqlledger'
[ 64%] Linking CXX executable ../bin/rangeClient
[ 65%] Linking CXX executable ../bin/verifyClient
cd /pcissd/cxy_test/vidb_project/LedgerDatabase/build_release_sqlledger/distributed && /usr/local/opt/cmake-3.22.1/bin/cmake -E cmake_link_script CMakeFiles/rangeClient.dir/link.txt --verbose=1
cd /pcissd/cxy_test/vidb_project/LedgerDatabase/build_release_sqlledger/distributed && /usr/local/opt/cmake-3.22.1/bin/cmake -E cmake_link_script CMakeFiles/verifyClient.dir/link.txt --verbose=1
/usr/bin/c++  -std=c++11 -O2 -pthread -lssl -Wall -Wno-unused-function -fPIC CMakeFiles/strongstore.dir/exes/strong-server.cc.o -o ../bin/strongstore  -Wl,-rpath,/pcissd/cxy_test/vidb_project/LedgerDatabase/build_release_sqlledger/lib:/usr/local/lib:/usr/local/opt/boost1.67/lib ../lib/libdist.so ../lib/libledger.so /usr/local/lib/libevent.so /usr/local/lib/libevent_openssl.so /usr/local/lib/libevent_core.so /usr/local/lib/libevent_extra.so /usr/local/lib/libevent_pthreads.so /usr/local/lib/libevent_extra.so /usr/local/lib/libevent_pthreads.so -levent_openssl -lcrypto /usr/local/lib/libprotobuf.so /usr/local/opt/boost1.67/lib/libboost_filesystem.so /usr/local/opt/boost1.67/lib/libboost_program_options.so /usr/local/opt/boost1.67/lib/libboost_thread.so /usr/local/opt/boost1.67/lib/libboost_system.so /usr/local/opt/boost1.67/lib/libboost_chrono.so /usr/local/opt/boost1.67/lib/libboost_date_time.so /usr/local/opt/boost1.67/lib/libboost_atomic.so /usr/local/lib/librocksdb.so /usr/local/lib/libcryptopp.a -ltbb 
[ 66%] Linking CXX executable ../bin/tpccClient
[ 67%] Linking CXX executable ../bin/smallbankClient
cd /pcissd/cxy_test/vidb_project/LedgerDatabase/build_release_sqlledger/distributed && /usr/local/opt/cmake-3.22.1/bin/cmake -E cmake_link_script CMakeFiles/tpccClient.dir/link.txt --verbose=1
cd /pcissd/cxy_test/vidb_project/LedgerDatabase/build_release_sqlledger/distributed && /usr/local/opt/cmake-3.22.1/bin/cmake -E cmake_link_script CMakeFiles/smallbankClient.dir/link.txt --verbose=1
/usr/bin/c++  -std=c++11 -O2 -pthread -lssl -Wall -Wno-unused-function -fPIC CMakeFiles/rangeClient.dir/exes/rangeClient.cc.o -o ../bin/rangeClient  -Wl,-rpath,/pcissd/cxy_test/vidb_project/LedgerDatabase/build_release_sqlledger/lib:/usr/local/lib:/usr/local/opt/boost1.67/lib ../lib/libdist.so ../lib/libledger.so /usr/local/lib/libevent.so /usr/local/lib/libevent_openssl.so /usr/local/lib/libevent_core.so /usr/local/lib/libevent_extra.so /usr/local/lib/libevent_pthreads.so /usr/local/lib/libevent_extra.so /usr/local/lib/libevent_pthreads.so -levent_openssl -lcrypto /usr/local/lib/libprotobuf.so /usr/local/opt/boost1.67/lib/libboost_filesystem.so /usr/local/opt/boost1.67/lib/libboost_program_options.so /usr/local/opt/boost1.67/lib/libboost_thread.so /usr/local/opt/boost1.67/lib/libboost_system.so /usr/local/opt/boost1.67/lib/libboost_chrono.so /usr/local/opt/boost1.67/lib/libboost_date_time.so /usr/local/opt/boost1.67/lib/libboost_atomic.so /usr/local/lib/librocksdb.so /usr/local/lib/libcryptopp.a -ltbb 
/usr/bin/c++  -std=c++11 -O2 -pthread -lssl -Wall -Wno-unused-function -fPIC CMakeFiles/verifyClient.dir/exes/verifyClient.cc.o -o ../bin/verifyClient  -Wl,-rpath,/pcissd/cxy_test/vidb_project/LedgerDatabase/build_release_sqlledger/lib:/usr/local/lib:/usr/local/opt/boost1.67/lib ../lib/libdist.so ../lib/libledger.so /usr/local/lib/libevent.so /usr/local/lib/libevent_openssl.so /usr/local/lib/libevent_core.so /usr/local/lib/libevent_extra.so /usr/local/lib/libevent_pthreads.so /usr/local/lib/libevent_extra.so /usr/local/lib/libevent_pthreads.so -levent_openssl -lcrypto /usr/local/lib/libprotobuf.so /usr/local/opt/boost1.67/lib/libboost_filesystem.so /usr/local/opt/boost1.67/lib/libboost_program_options.so /usr/local/opt/boost1.67/lib/libboost_thread.so /usr/local/opt/boost1.67/lib/libboost_system.so /usr/local/opt/boost1.67/lib/libboost_chrono.so /usr/local/opt/boost1.67/lib/libboost_date_time.so /usr/local/opt/boost1.67/lib/libboost_atomic.so /usr/local/lib/librocksdb.so /usr/local/lib/libcryptopp.a -ltbb 
/usr/bin/c++  -std=c++11 -O2 -pthread -lssl -Wall -Wno-unused-function -fPIC CMakeFiles/tpccClient.dir/exes/tpccClient.cc.o -o ../bin/tpccClient  -Wl,-rpath,/pcissd/cxy_test/vidb_project/LedgerDatabase/build_release_sqlledger/lib:/usr/local/lib:/usr/local/opt/boost1.67/lib ../lib/libdist.so ../lib/libledger.so /usr/local/lib/libevent.so /usr/local/lib/libevent_openssl.so /usr/local/lib/libevent_core.so /usr/local/lib/libevent_extra.so /usr/local/lib/libevent_pthreads.so /usr/local/lib/libevent_extra.so /usr/local/lib/libevent_pthreads.so -levent_openssl -lcrypto /usr/local/lib/libprotobuf.so /usr/local/opt/boost1.67/lib/libboost_filesystem.so /usr/local/opt/boost1.67/lib/libboost_program_options.so /usr/local/opt/boost1.67/lib/libboost_thread.so /usr/local/opt/boost1.67/lib/libboost_system.so /usr/local/opt/boost1.67/lib/libboost_chrono.so /usr/local/opt/boost1.67/lib/libboost_date_time.so /usr/local/opt/boost1.67/lib/libboost_atomic.so /usr/local/lib/librocksdb.so /usr/local/lib/libcryptopp.a -ltbb 
/usr/bin/c++  -std=c++11 -O2 -pthread -lssl -Wall -Wno-unused-function -fPIC CMakeFiles/smallbankClient.dir/exes/smallbankClient.cc.o -o ../bin/smallbankClient  -Wl,-rpath,/pcissd/cxy_test/vidb_project/LedgerDatabase/build_release_sqlledger/lib:/usr/local/lib:/usr/local/opt/boost1.67/lib ../lib/libdist.so ../lib/libledger.so /usr/local/lib/libevent.so /usr/local/lib/libevent_openssl.so /usr/local/lib/libevent_core.so /usr/local/lib/libevent_extra.so /usr/local/lib/libevent_pthreads.so /usr/local/lib/libevent_extra.so /usr/local/lib/libevent_pthreads.so -levent_openssl -lcrypto /usr/local/lib/libprotobuf.so /usr/local/opt/boost1.67/lib/libboost_filesystem.so /usr/local/opt/boost1.67/lib/libboost_program_options.so /usr/local/opt/boost1.67/lib/libboost_thread.so /usr/local/opt/boost1.67/lib/libboost_system.so /usr/local/opt/boost1.67/lib/libboost_chrono.so /usr/local/opt/boost1.67/lib/libboost_date_time.so /usr/local/opt/boost1.67/lib/libboost_atomic.so /usr/local/lib/librocksdb.so /usr/local/lib/libcryptopp.a -ltbb 
make[2]: Leaving directory '/pcissd/cxy_test/vidb_project/LedgerDatabase/build_release_sqlledger'
[ 68%] Built target timeserver
make  -f distributed/CMakeFiles/auditClient.dir/build.make distributed/CMakeFiles/auditClient.dir/depend
make[2]: Entering directory '/pcissd/cxy_test/vidb_project/LedgerDatabase/build_release_sqlledger'
cd /pcissd/cxy_test/vidb_project/LedgerDatabase/build_release_sqlledger && /usr/local/opt/cmake-3.22.1/bin/cmake -E cmake_depends "Unix Makefiles" /pcissd/cxy_test/vidb_project/LedgerDatabase /pcissd/cxy_test/vidb_project/LedgerDatabase/distributed /pcissd/cxy_test/vidb_project/LedgerDatabase/build_release_sqlledger /pcissd/cxy_test/vidb_project/LedgerDatabase/build_release_sqlledger/distributed /pcissd/cxy_test/vidb_project/LedgerDatabase/build_release_sqlledger/distributed/CMakeFiles/auditClient.dir/DependInfo.cmake --color=
Dependencies file "distributed/CMakeFiles/auditClient.dir/exes/auditClient.cc.o.d" is newer than depends file "/pcissd/cxy_test/vidb_project/LedgerDatabase/build_release_sqlledger/distributed/CMakeFiles/auditClient.dir/compiler_depend.internal".
Consolidate compiler generated dependencies of target auditClient
make[2]: Leaving directory '/pcissd/cxy_test/vidb_project/LedgerDatabase/build_release_sqlledger'
make  -f distributed/CMakeFiles/auditClient.dir/build.make distributed/CMakeFiles/auditClient.dir/build
make[2]: Entering directory '/pcissd/cxy_test/vidb_project/LedgerDatabase/build_release_sqlledger'
make[2]: Leaving directory '/pcissd/cxy_test/vidb_project/LedgerDatabase/build_release_sqlledger'
[ 69%] Linking CXX executable ../bin/auditClient
cd /pcissd/cxy_test/vidb_project/LedgerDatabase/build_release_sqlledger/distributed && /usr/local/opt/cmake-3.22.1/bin/cmake -E cmake_link_script CMakeFiles/auditClient.dir/link.txt --verbose=1
[ 70%] Built target strongstore
make  -f distributed/CMakeFiles/microBenchmark.dir/build.make distributed/CMakeFiles/microBenchmark.dir/depend
/usr/bin/c++  -std=c++11 -O2 -pthread -lssl -Wall -Wno-unused-function -fPIC CMakeFiles/auditClient.dir/exes/auditClient.cc.o -o ../bin/auditClient  -Wl,-rpath,/pcissd/cxy_test/vidb_project/LedgerDatabase/build_release_sqlledger/lib:/usr/local/lib:/usr/local/opt/boost1.67/lib ../lib/libdist.so ../lib/libledger.so /usr/local/lib/libevent.so /usr/local/lib/libevent_openssl.so /usr/local/lib/libevent_core.so /usr/local/lib/libevent_extra.so /usr/local/lib/libevent_pthreads.so /usr/local/lib/libevent_extra.so /usr/local/lib/libevent_pthreads.so -levent_openssl -lcrypto /usr/local/lib/libprotobuf.so /usr/local/opt/boost1.67/lib/libboost_filesystem.so /usr/local/opt/boost1.67/lib/libboost_program_options.so /usr/local/opt/boost1.67/lib/libboost_thread.so /usr/local/opt/boost1.67/lib/libboost_system.so /usr/local/opt/boost1.67/lib/libboost_chrono.so /usr/local/opt/boost1.67/lib/libboost_date_time.so /usr/local/opt/boost1.67/lib/libboost_atomic.so /usr/local/lib/librocksdb.so /usr/local/lib/libcryptopp.a -ltbb 
make[2]: Entering directory '/pcissd/cxy_test/vidb_project/LedgerDatabase/build_release_sqlledger'
cd /pcissd/cxy_test/vidb_project/LedgerDatabase/build_release_sqlledger && /usr/local/opt/cmake-3.22.1/bin/cmake -E cmake_depends "Unix Makefiles" /pcissd/cxy_test/vidb_project/LedgerDatabase /pcissd/cxy_test/vidb_project/LedgerDatabase/distributed /pcissd/cxy_test/vidb_project/LedgerDatabase/build_release_sqlledger /pcissd/cxy_test/vidb_project/LedgerDatabase/build_release_sqlledger/distributed /pcissd/cxy_test/vidb_project/LedgerDatabase/build_release_sqlledger/distributed/CMakeFiles/microBenchmark.dir/DependInfo.cmake --color=
Dependencies file "distributed/CMakeFiles/microBenchmark.dir/exes/microBenchmark.cc.o.d" is newer than depends file "/pcissd/cxy_test/vidb_project/LedgerDatabase/build_release_sqlledger/distributed/CMakeFiles/microBenchmark.dir/compiler_depend.internal".
make[2]: Leaving directory '/pcissd/cxy_test/vidb_project/LedgerDatabase/build_release_sqlledger'
make[2]: Leaving directory '/pcissd/cxy_test/vidb_project/LedgerDatabase/build_release_sqlledger'
make[2]: Leaving directory '/pcissd/cxy_test/vidb_project/LedgerDatabase/build_release_sqlledger'
make[2]: Leaving directory '/pcissd/cxy_test/vidb_project/LedgerDatabase/build_release_sqlledger'
[ 71%] Built target tpccClient
make  -f distributed/CMakeFiles/microseqBenchmark.dir/build.make distributed/CMakeFiles/microseqBenchmark.dir/depend
[ 73%] Built target smallbankClient
make[2]: Entering directory '/pcissd/cxy_test/vidb_project/LedgerDatabase/build_release_sqlledger'
cd /pcissd/cxy_test/vidb_project/LedgerDatabase/build_release_sqlledger && /usr/local/opt/cmake-3.22.1/bin/cmake -E cmake_depends "Unix Makefiles" /pcissd/cxy_test/vidb_project/LedgerDatabase /pcissd/cxy_test/vidb_project/LedgerDatabase/distributed /pcissd/cxy_test/vidb_project/LedgerDatabase/build_release_sqlledger /pcissd/cxy_test/vidb_project/LedgerDatabase/build_release_sqlledger/distributed /pcissd/cxy_test/vidb_project/LedgerDatabase/build_release_sqlledger/distributed/CMakeFiles/microseqBenchmark.dir/DependInfo.cmake --color=
make  -f distributed/CMakeFiles/scaleBenchmark.dir/build.make distributed/CMakeFiles/scaleBenchmark.dir/depend
[ 74%] Built target rangeClient
Consolidate compiler generated dependencies of target microBenchmark
make  -f distributed/CMakeFiles/rangeBenchmark.dir/build.make distributed/CMakeFiles/rangeBenchmark.dir/depend
[ 75%] Built target verifyClient
make[2]: Leaving directory '/pcissd/cxy_test/vidb_project/LedgerDatabase/build_release_sqlledger'
make  -f distributed/CMakeFiles/microBenchmark.dir/build.make distributed/CMakeFiles/microBenchmark.dir/build
make  -f distributed/CMakeFiles/updateBenchmark.dir/build.make distributed/CMakeFiles/updateBenchmark.dir/depend
make[2]: Entering directory '/pcissd/cxy_test/vidb_project/LedgerDatabase/build_release_sqlledger'
cd /pcissd/cxy_test/vidb_project/LedgerDatabase/build_release_sqlledger && /usr/local/opt/cmake-3.22.1/bin/cmake -E cmake_depends "Unix Makefiles" /pcissd/cxy_test/vidb_project/LedgerDatabase /pcissd/cxy_test/vidb_project/LedgerDatabase/distributed /pcissd/cxy_test/vidb_project/LedgerDatabase/build_release_sqlledger /pcissd/cxy_test/vidb_project/LedgerDatabase/build_release_sqlledger/distributed /pcissd/cxy_test/vidb_project/LedgerDatabase/build_release_sqlledger/distributed/CMakeFiles/scaleBenchmark.dir/DependInfo.cmake --color=
make[2]: Entering directory '/pcissd/cxy_test/vidb_project/LedgerDatabase/build_release_sqlledger'
cd /pcissd/cxy_test/vidb_project/LedgerDatabase/build_release_sqlledger && /usr/local/opt/cmake-3.22.1/bin/cmake -E cmake_depends "Unix Makefiles" /pcissd/cxy_test/vidb_project/LedgerDatabase /pcissd/cxy_test/vidb_project/LedgerDatabase/distributed /pcissd/cxy_test/vidb_project/LedgerDatabase/build_release_sqlledger /pcissd/cxy_test/vidb_project/LedgerDatabase/build_release_sqlledger/distributed /pcissd/cxy_test/vidb_project/LedgerDatabase/build_release_sqlledger/distributed/CMakeFiles/rangeBenchmark.dir/DependInfo.cmake --color=
Dependencies file "distributed/CMakeFiles/microseqBenchmark.dir/exes/microseqBenchmark.cc.o.d" is newer than depends file "/pcissd/cxy_test/vidb_project/LedgerDatabase/build_release_sqlledger/distributed/CMakeFiles/microseqBenchmark.dir/compiler_depend.internal".
make[2]: Entering directory '/pcissd/cxy_test/vidb_project/LedgerDatabase/build_release_sqlledger'
cd /pcissd/cxy_test/vidb_project/LedgerDatabase/build_release_sqlledger && /usr/local/opt/cmake-3.22.1/bin/cmake -E cmake_depends "Unix Makefiles" /pcissd/cxy_test/vidb_project/LedgerDatabase /pcissd/cxy_test/vidb_project/LedgerDatabase/distributed /pcissd/cxy_test/vidb_project/LedgerDatabase/build_release_sqlledger /pcissd/cxy_test/vidb_project/LedgerDatabase/build_release_sqlledger/distributed /pcissd/cxy_test/vidb_project/LedgerDatabase/build_release_sqlledger/distributed/CMakeFiles/updateBenchmark.dir/DependInfo.cmake --color=
Dependencies file "distributed/CMakeFiles/scaleBenchmark.dir/exes/scaleBenchmark.cc.o.d" is newer than depends file "/pcissd/cxy_test/vidb_project/LedgerDatabase/build_release_sqlledger/distributed/CMakeFiles/scaleBenchmark.dir/compiler_depend.internal".
Dependencies file "distributed/CMakeFiles/rangeBenchmark.dir/exes/rangeBenchmark.cc.o.d" is newer than depends file "/pcissd/cxy_test/vidb_project/LedgerDatabase/build_release_sqlledger/distributed/CMakeFiles/rangeBenchmark.dir/compiler_depend.internal".
Dependencies file "distributed/CMakeFiles/updateBenchmark.dir/exes/updateBenchmark.cc.o.d" is newer than depends file "/pcissd/cxy_test/vidb_project/LedgerDatabase/build_release_sqlledger/distributed/CMakeFiles/updateBenchmark.dir/compiler_depend.internal".
make[2]: Entering directory '/pcissd/cxy_test/vidb_project/LedgerDatabase/build_release_sqlledger'
[ 76%] Linking CXX executable ../bin/microBenchmark
cd /pcissd/cxy_test/vidb_project/LedgerDatabase/build_release_sqlledger/distributed && /usr/local/opt/cmake-3.22.1/bin/cmake -E cmake_link_script CMakeFiles/microBenchmark.dir/link.txt --verbose=1
/usr/bin/c++  -std=c++11 -O2 -pthread -lssl -Wall -Wno-unused-function -fPIC CMakeFiles/microBenchmark.dir/exes/microBenchmark.cc.o -o ../bin/microBenchmark  -Wl,-rpath,/pcissd/cxy_test/vidb_project/LedgerDatabase/build_release_sqlledger/lib:/usr/local/lib:/usr/local/opt/boost1.67/lib ../lib/libdist.so ../lib/libledger.so /usr/local/lib/libevent.so /usr/local/lib/libevent_openssl.so /usr/local/lib/libevent_core.so /usr/local/lib/libevent_extra.so /usr/local/lib/libevent_pthreads.so /usr/local/lib/libevent_extra.so /usr/local/lib/libevent_pthreads.so -levent_openssl -lcrypto /usr/local/lib/libprotobuf.so /usr/local/opt/boost1.67/lib/libboost_filesystem.so /usr/local/opt/boost1.67/lib/libboost_program_options.so /usr/local/opt/boost1.67/lib/libboost_thread.so /usr/local/opt/boost1.67/lib/libboost_system.so /usr/local/opt/boost1.67/lib/libboost_chrono.so /usr/local/opt/boost1.67/lib/libboost_date_time.so /usr/local/opt/boost1.67/lib/libboost_atomic.so /usr/local/lib/librocksdb.so /usr/local/lib/libcryptopp.a -ltbb 
Consolidate compiler generated dependencies of target microseqBenchmark
make[2]: Leaving directory '/pcissd/cxy_test/vidb_project/LedgerDatabase/build_release_sqlledger'
make  -f distributed/CMakeFiles/microseqBenchmark.dir/build.make distributed/CMakeFiles/microseqBenchmark.dir/build
Consolidate compiler generated dependencies of target scaleBenchmark
Consolidate compiler generated dependencies of target rangeBenchmark
Consolidate compiler generated dependencies of target updateBenchmark
make[2]: Leaving directory '/pcissd/cxy_test/vidb_project/LedgerDatabase/build_release_sqlledger'
make[2]: Leaving directory '/pcissd/cxy_test/vidb_project/LedgerDatabase/build_release_sqlledger'
make  -f distributed/CMakeFiles/scaleBenchmark.dir/build.make distributed/CMakeFiles/scaleBenchmark.dir/build
make[2]: Leaving directory '/pcissd/cxy_test/vidb_project/LedgerDatabase/build_release_sqlledger'
make  -f distributed/CMakeFiles/rangeBenchmark.dir/build.make distributed/CMakeFiles/rangeBenchmark.dir/build
make  -f distributed/CMakeFiles/updateBenchmark.dir/build.make distributed/CMakeFiles/updateBenchmark.dir/build
make[2]: Entering directory '/pcissd/cxy_test/vidb_project/LedgerDatabase/build_release_sqlledger'
[ 77%] Linking CXX executable ../bin/microseqBenchmark
cd /pcissd/cxy_test/vidb_project/LedgerDatabase/build_release_sqlledger/distributed && /usr/local/opt/cmake-3.22.1/bin/cmake -E cmake_link_script CMakeFiles/microseqBenchmark.dir/link.txt --verbose=1
make[2]: Entering directory '/pcissd/cxy_test/vidb_project/LedgerDatabase/build_release_sqlledger'
make[2]: Entering directory '/pcissd/cxy_test/vidb_project/LedgerDatabase/build_release_sqlledger'
make[2]: Entering directory '/pcissd/cxy_test/vidb_project/LedgerDatabase/build_release_sqlledger'
/usr/bin/c++  -std=c++11 -O2 -pthread -lssl -Wall -Wno-unused-function -fPIC CMakeFiles/microseqBenchmark.dir/exes/microseqBenchmark.cc.o -o ../bin/microseqBenchmark  -Wl,-rpath,/pcissd/cxy_test/vidb_project/LedgerDatabase/build_release_sqlledger/lib:/usr/local/lib:/usr/local/opt/boost1.67/lib ../lib/libdist.so ../lib/libledger.so /usr/local/lib/libevent.so /usr/local/lib/libevent_openssl.so /usr/local/lib/libevent_core.so /usr/local/lib/libevent_extra.so /usr/local/lib/libevent_pthreads.so /usr/local/lib/libevent_extra.so /usr/local/lib/libevent_pthreads.so -levent_openssl -lcrypto /usr/local/lib/libprotobuf.so /usr/local/opt/boost1.67/lib/libboost_filesystem.so /usr/local/opt/boost1.67/lib/libboost_program_options.so /usr/local/opt/boost1.67/lib/libboost_thread.so /usr/local/opt/boost1.67/lib/libboost_system.so /usr/local/opt/boost1.67/lib/libboost_chrono.so /usr/local/opt/boost1.67/lib/libboost_date_time.so /usr/local/opt/boost1.67/lib/libboost_atomic.so /usr/local/lib/librocksdb.so /usr/local/lib/libcryptopp.a -ltbb 
[ 78%] Linking CXX executable ../bin/scaleBenchmark
[ 80%] Linking CXX executable ../bin/rangeBenchmark
[ 80%] Linking CXX executable ../bin/updateBenchmark
cd /pcissd/cxy_test/vidb_project/LedgerDatabase/build_release_sqlledger/distributed && /usr/local/opt/cmake-3.22.1/bin/cmake -E cmake_link_script CMakeFiles/scaleBenchmark.dir/link.txt --verbose=1
cd /pcissd/cxy_test/vidb_project/LedgerDatabase/build_release_sqlledger/distributed && /usr/local/opt/cmake-3.22.1/bin/cmake -E cmake_link_script CMakeFiles/updateBenchmark.dir/link.txt --verbose=1
cd /pcissd/cxy_test/vidb_project/LedgerDatabase/build_release_sqlledger/distributed && /usr/local/opt/cmake-3.22.1/bin/cmake -E cmake_link_script CMakeFiles/rangeBenchmark.dir/link.txt --verbose=1
/usr/bin/c++  -std=c++11 -O2 -pthread -lssl -Wall -Wno-unused-function -fPIC CMakeFiles/scaleBenchmark.dir/exes/scaleBenchmark.cc.o -o ../bin/scaleBenchmark  -Wl,-rpath,/pcissd/cxy_test/vidb_project/LedgerDatabase/build_release_sqlledger/lib:/usr/local/lib:/usr/local/opt/boost1.67/lib ../lib/libdist.so ../lib/libledger.so /usr/local/lib/libevent.so /usr/local/lib/libevent_openssl.so /usr/local/lib/libevent_core.so /usr/local/lib/libevent_extra.so /usr/local/lib/libevent_pthreads.so /usr/local/lib/libevent_extra.so /usr/local/lib/libevent_pthreads.so -levent_openssl -lcrypto /usr/local/lib/libprotobuf.so /usr/local/opt/boost1.67/lib/libboost_filesystem.so /usr/local/opt/boost1.67/lib/libboost_program_options.so /usr/local/opt/boost1.67/lib/libboost_thread.so /usr/local/opt/boost1.67/lib/libboost_system.so /usr/local/opt/boost1.67/lib/libboost_chrono.so /usr/local/opt/boost1.67/lib/libboost_date_time.so /usr/local/opt/boost1.67/lib/libboost_atomic.so /usr/local/lib/librocksdb.so /usr/local/lib/libcryptopp.a -ltbb 
/usr/bin/c++  -std=c++11 -O2 -pthread -lssl -Wall -Wno-unused-function -fPIC CMakeFiles/updateBenchmark.dir/exes/updateBenchmark.cc.o -o ../bin/updateBenchmark  -Wl,-rpath,/pcissd/cxy_test/vidb_project/LedgerDatabase/build_release_sqlledger/lib:/usr/local/lib:/usr/local/opt/boost1.67/lib ../lib/libdist.so ../lib/libledger.so /usr/local/lib/libevent.so /usr/local/lib/libevent_openssl.so /usr/local/lib/libevent_core.so /usr/local/lib/libevent_extra.so /usr/local/lib/libevent_pthreads.so /usr/local/lib/libevent_extra.so /usr/local/lib/libevent_pthreads.so -levent_openssl -lcrypto /usr/local/lib/libprotobuf.so /usr/local/opt/boost1.67/lib/libboost_filesystem.so /usr/local/opt/boost1.67/lib/libboost_program_options.so /usr/local/opt/boost1.67/lib/libboost_thread.so /usr/local/opt/boost1.67/lib/libboost_system.so /usr/local/opt/boost1.67/lib/libboost_chrono.so /usr/local/opt/boost1.67/lib/libboost_date_time.so /usr/local/opt/boost1.67/lib/libboost_atomic.so /usr/local/lib/librocksdb.so /usr/local/lib/libcryptopp.a -ltbb 
/usr/bin/c++  -std=c++11 -O2 -pthread -lssl -Wall -Wno-unused-function -fPIC CMakeFiles/rangeBenchmark.dir/exes/rangeBenchmark.cc.o -o ../bin/rangeBenchmark  -Wl,-rpath,/pcissd/cxy_test/vidb_project/LedgerDatabase/build_release_sqlledger/lib:/usr/local/lib:/usr/local/opt/boost1.67/lib ../lib/libdist.so ../lib/libledger.so /usr/local/lib/libevent.so /usr/local/lib/libevent_openssl.so /usr/local/lib/libevent_core.so /usr/local/lib/libevent_extra.so /usr/local/lib/libevent_pthreads.so /usr/local/lib/libevent_extra.so /usr/local/lib/libevent_pthreads.so -levent_openssl -lcrypto /usr/local/lib/libprotobuf.so /usr/local/opt/boost1.67/lib/libboost_filesystem.so /usr/local/opt/boost1.67/lib/libboost_program_options.so /usr/local/opt/boost1.67/lib/libboost_thread.so /usr/local/opt/boost1.67/lib/libboost_system.so /usr/local/opt/boost1.67/lib/libboost_chrono.so /usr/local/opt/boost1.67/lib/libboost_date_time.so /usr/local/opt/boost1.67/lib/libboost_atomic.so /usr/local/lib/librocksdb.so /usr/local/lib/libcryptopp.a -ltbb 
make[2]: Leaving directory '/pcissd/cxy_test/vidb_project/LedgerDatabase/build_release_sqlledger'
[ 82%] Built target auditClient
make  -f distributed/CMakeFiles/lineageBenchmarkV1.dir/build.make distributed/CMakeFiles/lineageBenchmarkV1.dir/depend
make[2]: Entering directory '/pcissd/cxy_test/vidb_project/LedgerDatabase/build_release_sqlledger'
cd /pcissd/cxy_test/vidb_project/LedgerDatabase/build_release_sqlledger && /usr/local/opt/cmake-3.22.1/bin/cmake -E cmake_depends "Unix Makefiles" /pcissd/cxy_test/vidb_project/LedgerDatabase /pcissd/cxy_test/vidb_project/LedgerDatabase/distributed /pcissd/cxy_test/vidb_project/LedgerDatabase/build_release_sqlledger /pcissd/cxy_test/vidb_project/LedgerDatabase/build_release_sqlledger/distributed /pcissd/cxy_test/vidb_project/LedgerDatabase/build_release_sqlledger/distributed/CMakeFiles/lineageBenchmarkV1.dir/DependInfo.cmake --color=
Dependencies file "distributed/CMakeFiles/lineageBenchmarkV1.dir/exes/lineageBenchmarkV1.cc.o.d" is newer than depends file "/pcissd/cxy_test/vidb_project/LedgerDatabase/build_release_sqlledger/distributed/CMakeFiles/lineageBenchmarkV1.dir/compiler_depend.internal".
Consolidate compiler generated dependencies of target lineageBenchmarkV1
make[2]: Leaving directory '/pcissd/cxy_test/vidb_project/LedgerDatabase/build_release_sqlledger'
make[2]: Leaving directory '/pcissd/cxy_test/vidb_project/LedgerDatabase/build_release_sqlledger'
make  -f distributed/CMakeFiles/lineageBenchmarkV1.dir/build.make distributed/CMakeFiles/lineageBenchmarkV1.dir/build
[ 83%] Built target microBenchmark
make  -f distributed/CMakeFiles/lineageBenchmarkV2.dir/build.make distributed/CMakeFiles/lineageBenchmarkV2.dir/depend
make[2]: Entering directory '/pcissd/cxy_test/vidb_project/LedgerDatabase/build_release_sqlledger'
cd /pcissd/cxy_test/vidb_project/LedgerDatabase/build_release_sqlledger && /usr/local/opt/cmake-3.22.1/bin/cmake -E cmake_depends "Unix Makefiles" /pcissd/cxy_test/vidb_project/LedgerDatabase /pcissd/cxy_test/vidb_project/LedgerDatabase/distributed /pcissd/cxy_test/vidb_project/LedgerDatabase/build_release_sqlledger /pcissd/cxy_test/vidb_project/LedgerDatabase/build_release_sqlledger/distributed /pcissd/cxy_test/vidb_project/LedgerDatabase/build_release_sqlledger/distributed/CMakeFiles/lineageBenchmarkV2.dir/DependInfo.cmake --color=
Dependencies file "distributed/CMakeFiles/lineageBenchmarkV2.dir/exes/lineageBenchmarkV2.cc.o.d" is newer than depends file "/pcissd/cxy_test/vidb_project/LedgerDatabase/build_release_sqlledger/distributed/CMakeFiles/lineageBenchmarkV2.dir/compiler_depend.internal".
make[2]: Entering directory '/pcissd/cxy_test/vidb_project/LedgerDatabase/build_release_sqlledger'
[ 84%] Linking CXX executable ../bin/lineageBenchmarkV1
cd /pcissd/cxy_test/vidb_project/LedgerDatabase/build_release_sqlledger/distributed && /usr/local/opt/cmake-3.22.1/bin/cmake -E cmake_link_script CMakeFiles/lineageBenchmarkV1.dir/link.txt --verbose=1
/usr/bin/c++  -std=c++11 -O2 -pthread -lssl -Wall -Wno-unused-function -fPIC CMakeFiles/lineageBenchmarkV1.dir/exes/lineageBenchmarkV1.cc.o -o ../bin/lineageBenchmarkV1  -Wl,-rpath,/pcissd/cxy_test/vidb_project/LedgerDatabase/build_release_sqlledger/lib:/usr/local/lib:/usr/local/opt/boost1.67/lib ../lib/libdist.so ../lib/libledger.so /usr/local/lib/libevent.so /usr/local/lib/libevent_openssl.so /usr/local/lib/libevent_core.so /usr/local/lib/libevent_extra.so /usr/local/lib/libevent_pthreads.so /usr/local/lib/libevent_extra.so /usr/local/lib/libevent_pthreads.so -levent_openssl -lcrypto /usr/local/lib/libprotobuf.so /usr/local/opt/boost1.67/lib/libboost_filesystem.so /usr/local/opt/boost1.67/lib/libboost_program_options.so /usr/local/opt/boost1.67/lib/libboost_thread.so /usr/local/opt/boost1.67/lib/libboost_system.so /usr/local/opt/boost1.67/lib/libboost_chrono.so /usr/local/opt/boost1.67/lib/libboost_date_time.so /usr/local/opt/boost1.67/lib/libboost_atomic.so /usr/local/lib/librocksdb.so /usr/local/lib/libcryptopp.a -ltbb 
Consolidate compiler generated dependencies of target lineageBenchmarkV2
make[2]: Leaving directory '/pcissd/cxy_test/vidb_project/LedgerDatabase/build_release_sqlledger'
make  -f distributed/CMakeFiles/lineageBenchmarkV2.dir/build.make distributed/CMakeFiles/lineageBenchmarkV2.dir/build
make[2]: Leaving directory '/pcissd/cxy_test/vidb_project/LedgerDatabase/build_release_sqlledger'
[ 85%] Built target microseqBenchmark
make  -f test/CMakeFiles/test_ledger.dir/build.make test/CMakeFiles/test_ledger.dir/depend
make[2]: Entering directory '/pcissd/cxy_test/vidb_project/LedgerDatabase/build_release_sqlledger'
cd /pcissd/cxy_test/vidb_project/LedgerDatabase/build_release_sqlledger && /usr/local/opt/cmake-3.22.1/bin/cmake -E cmake_depends "Unix Makefiles" /pcissd/cxy_test/vidb_project/LedgerDatabase /pcissd/cxy_test/vidb_project/LedgerDatabase/test /pcissd/cxy_test/vidb_project/LedgerDatabase/build_release_sqlledger /pcissd/cxy_test/vidb_project/LedgerDatabase/build_release_sqlledger/test /pcissd/cxy_test/vidb_project/LedgerDatabase/build_release_sqlledger/test/CMakeFiles/test_ledger.dir/DependInfo.cmake --color=
Dependencies file "test/CMakeFiles/test_ledger.dir/gtest/gtest_main.cc.o.d" is newer than depends file "/pcissd/cxy_test/vidb_project/LedgerDatabase/build_release_sqlledger/test/CMakeFiles/test_ledger.dir/compiler_depend.internal".
Dependencies file "test/CMakeFiles/test_ledger.dir/ledger/test_merkle_tree.cc.o.d" is newer than depends file "/pcissd/cxy_test/vidb_project/LedgerDatabase/build_release_sqlledger/test/CMakeFiles/test_ledger.dir/compiler_depend.internal".
Dependencies file "test/CMakeFiles/test_ledger.dir/ledger/test_mpt.cc.o.d" is newer than depends file "/pcissd/cxy_test/vidb_project/LedgerDatabase/build_release_sqlledger/test/CMakeFiles/test_ledger.dir/compiler_depend.internal".
Dependencies file "test/CMakeFiles/test_ledger.dir/ledger/test_range.cc.o.d" is newer than depends file "/pcissd/cxy_test/vidb_project/LedgerDatabase/build_release_sqlledger/test/CMakeFiles/test_ledger.dir/compiler_depend.internal".
Dependencies file "test/CMakeFiles/test_ledger.dir/ledger/test_skiplist.cc.o.d" is newer than depends file "/pcissd/cxy_test/vidb_project/LedgerDatabase/build_release_sqlledger/test/CMakeFiles/test_ledger.dir/compiler_depend.internal".
make[2]: Entering directory '/pcissd/cxy_test/vidb_project/LedgerDatabase/build_release_sqlledger'
Dependencies file "test/CMakeFiles/test_ledger.dir/ledger/test_storage.cc.o.d" is newer than depends file "/pcissd/cxy_test/vidb_project/LedgerDatabase/build_release_sqlledger/test/CMakeFiles/test_ledger.dir/compiler_depend.internal".
[ 86%] Linking CXX executable ../bin/lineageBenchmarkV2
cd /pcissd/cxy_test/vidb_project/LedgerDatabase/build_release_sqlledger/distributed && /usr/local/opt/cmake-3.22.1/bin/cmake -E cmake_link_script CMakeFiles/lineageBenchmarkV2.dir/link.txt --verbose=1
/usr/bin/c++  -std=c++11 -O2 -pthread -lssl -Wall -Wno-unused-function -fPIC CMakeFiles/lineageBenchmarkV2.dir/exes/lineageBenchmarkV2.cc.o -o ../bin/lineageBenchmarkV2  -Wl,-rpath,/pcissd/cxy_test/vidb_project/LedgerDatabase/build_release_sqlledger/lib:/usr/local/lib:/usr/local/opt/boost1.67/lib ../lib/libdist.so ../lib/libledger.so /usr/local/lib/libevent.so /usr/local/lib/libevent_openssl.so /usr/local/lib/libevent_core.so /usr/local/lib/libevent_extra.so /usr/local/lib/libevent_pthreads.so /usr/local/lib/libevent_extra.so /usr/local/lib/libevent_pthreads.so -levent_openssl -lcrypto /usr/local/lib/libprotobuf.so /usr/local/opt/boost1.67/lib/libboost_filesystem.so /usr/local/opt/boost1.67/lib/libboost_program_options.so /usr/local/opt/boost1.67/lib/libboost_thread.so /usr/local/opt/boost1.67/lib/libboost_system.so /usr/local/opt/boost1.67/lib/libboost_chrono.so /usr/local/opt/boost1.67/lib/libboost_date_time.so /usr/local/opt/boost1.67/lib/libboost_atomic.so /usr/local/lib/librocksdb.so /usr/local/lib/libcryptopp.a -ltbb 
make[2]: Leaving directory '/pcissd/cxy_test/vidb_project/LedgerDatabase/build_release_sqlledger'
make[2]: Leaving directory '/pcissd/cxy_test/vidb_project/LedgerDatabase/build_release_sqlledger'
make[2]: Leaving directory '/pcissd/cxy_test/vidb_project/LedgerDatabase/build_release_sqlledger'
[ 87%] Built target updateBenchmark
[ 88%] Built target rangeBenchmark
[ 89%] Built target scaleBenchmark
Consolidate compiler generated dependencies of target test_ledger
make[2]: Leaving directory '/pcissd/cxy_test/vidb_project/LedgerDatabase/build_release_sqlledger'
make  -f test/CMakeFiles/test_ledger.dir/build.make test/CMakeFiles/test_ledger.dir/build
make[2]: Entering directory '/pcissd/cxy_test/vidb_project/LedgerDatabase/build_release_sqlledger'
[ 91%] Linking CXX executable ../bin/test_ledger
cd /pcissd/cxy_test/vidb_project/LedgerDatabase/build_release_sqlledger/test && /usr/local/opt/cmake-3.22.1/bin/cmake -E cmake_link_script CMakeFiles/test_ledger.dir/link.txt --verbose=1
/usr/bin/c++  -std=c++11 -O2 -pthread -lssl -Wall -Wno-unused-function -fPIC CMakeFiles/test_ledger.dir/gtest/gtest_main.cc.o CMakeFiles/test_ledger.dir/ledger/test_merkle_tree.cc.o CMakeFiles/test_ledger.dir/ledger/test_mpt.cc.o CMakeFiles/test_ledger.dir/ledger/test_range.cc.o CMakeFiles/test_ledger.dir/ledger/test_skiplist.cc.o CMakeFiles/test_ledger.dir/ledger/test_storage.cc.o -o ../bin/test_ledger  -Wl,-rpath,/pcissd/cxy_test/vidb_project/LedgerDatabase/build_release_sqlledger/lib:/usr/local/opt/boost1.67/lib:/usr/local/lib ../lib/libgtest.a ../lib/libledger.so /usr/local/opt/boost1.67/lib/libboost_filesystem.so /usr/local/opt/boost1.67/lib/libboost_program_options.so /usr/local/opt/boost1.67/lib/libboost_thread.so /usr/local/opt/boost1.67/lib/libboost_system.so /usr/local/opt/boost1.67/lib/libboost_chrono.so /usr/local/opt/boost1.67/lib/libboost_date_time.so /usr/local/opt/boost1.67/lib/libboost_atomic.so /usr/local/lib/librocksdb.so /usr/local/lib/libcryptopp.a -ltbb 
make[2]: Leaving directory '/pcissd/cxy_test/vidb_project/LedgerDatabase/build_release_sqlledger'
[ 92%] Built target lineageBenchmarkV1
make[2]: Leaving directory '/pcissd/cxy_test/vidb_project/LedgerDatabase/build_release_sqlledger'
[ 98%] Built target test_ledger
make[2]: Leaving directory '/pcissd/cxy_test/vidb_project/LedgerDatabase/build_release_sqlledger'
[100%] Built target lineageBenchmarkV2
make[1]: Leaving directory '/pcissd/cxy_test/vidb_project/LedgerDatabase/build_release_sqlledger'
/usr/local/opt/cmake-3.22.1/bin/cmake -E cmake_progress_start /pcissd/cxy_test/vidb_project/LedgerDatabase/build_release_sqlledger/CMakeFiles 0
./build_release.sh: line 22: env.sh: No such file or directory
-- Use LedgerDB
-- Protobuf 版本: 2.6.1
-- Protobuf 包含路径: /usr/local/include
-- Protobuf 库路径: /usr/local/lib/libprotobuf.so
-- Protobuf 编译器路径: /usr/local/bin/protoc
-- Found libevent at /usr/local/include
-- Found Rocksdb at /usr/local/include
-- /usr/local/bin/protoc
-- include: /pcissd/cxy_test/vidb_project/LedgerDatabase;/pcissd/cxy_test/vidb_project/LedgerDatabase/build_release_ledgerdb
-- Configuring done
-- Generating done
-- Build files have been written to: /pcissd/cxy_test/vidb_project/LedgerDatabase/build_release_ledgerdb
/usr/local/opt/cmake-3.22.1/bin/cmake -S/pcissd/cxy_test/vidb_project/LedgerDatabase -B/pcissd/cxy_test/vidb_project/LedgerDatabase/build_release_ledgerdb --check-build-system CMakeFiles/Makefile.cmake 0
/usr/local/opt/cmake-3.22.1/bin/cmake -E cmake_progress_start /pcissd/cxy_test/vidb_project/LedgerDatabase/build_release_ledgerdb/CMakeFiles /pcissd/cxy_test/vidb_project/LedgerDatabase/build_release_ledgerdb//CMakeFiles/progress.marks
make  -f CMakeFiles/Makefile2 all
make[1]: Entering directory '/pcissd/cxy_test/vidb_project/LedgerDatabase/build_release_ledgerdb'
make  -f ledger/CMakeFiles/ledger_objs.dir/build.make ledger/CMakeFiles/ledger_objs.dir/depend
make  -f distributed/CMakeFiles/copy_dist_protobuf.dir/build.make distributed/CMakeFiles/copy_dist_protobuf.dir/depend
make  -f test/CMakeFiles/gtest.dir/build.make test/CMakeFiles/gtest.dir/depend
make[2]: Entering directory '/pcissd/cxy_test/vidb_project/LedgerDatabase/build_release_ledgerdb'
cd /pcissd/cxy_test/vidb_project/LedgerDatabase/build_release_ledgerdb && /usr/local/opt/cmake-3.22.1/bin/cmake -E cmake_depends "Unix Makefiles" /pcissd/cxy_test/vidb_project/LedgerDatabase /pcissd/cxy_test/vidb_project/LedgerDatabase/distributed /pcissd/cxy_test/vidb_project/LedgerDatabase/build_release_ledgerdb /pcissd/cxy_test/vidb_project/LedgerDatabase/build_release_ledgerdb/distributed /pcissd/cxy_test/vidb_project/LedgerDatabase/build_release_ledgerdb/distributed/CMakeFiles/copy_dist_protobuf.dir/DependInfo.cmake --color=
make[2]: Entering directory '/pcissd/cxy_test/vidb_project/LedgerDatabase/build_release_ledgerdb'
cd /pcissd/cxy_test/vidb_project/LedgerDatabase/build_release_ledgerdb && /usr/local/opt/cmake-3.22.1/bin/cmake -E cmake_depends "Unix Makefiles" /pcissd/cxy_test/vidb_project/LedgerDatabase /pcissd/cxy_test/vidb_project/LedgerDatabase/ledger /pcissd/cxy_test/vidb_project/LedgerDatabase/build_release_ledgerdb /pcissd/cxy_test/vidb_project/LedgerDatabase/build_release_ledgerdb/ledger /pcissd/cxy_test/vidb_project/LedgerDatabase/build_release_ledgerdb/ledger/CMakeFiles/ledger_objs.dir/DependInfo.cmake --color=
make[2]: Entering directory '/pcissd/cxy_test/vidb_project/LedgerDatabase/build_release_ledgerdb'
cd /pcissd/cxy_test/vidb_project/LedgerDatabase/build_release_ledgerdb && /usr/local/opt/cmake-3.22.1/bin/cmake -E cmake_depends "Unix Makefiles" /pcissd/cxy_test/vidb_project/LedgerDatabase /pcissd/cxy_test/vidb_project/LedgerDatabase/test /pcissd/cxy_test/vidb_project/LedgerDatabase/build_release_ledgerdb /pcissd/cxy_test/vidb_project/LedgerDatabase/build_release_ledgerdb/test /pcissd/cxy_test/vidb_project/LedgerDatabase/build_release_ledgerdb/test/CMakeFiles/gtest.dir/DependInfo.cmake --color=
Dependencies file "ledger/CMakeFiles/ledger_objs.dir/common/chunk.cc.o.d" is newer than depends file "/pcissd/cxy_test/vidb_project/LedgerDatabase/build_release_ledgerdb/ledger/CMakeFiles/ledger_objs.dir/compiler_depend.internal".
Dependencies file "test/CMakeFiles/gtest.dir/gtest/gtest-all.cc.o.d" is newer than depends file "/pcissd/cxy_test/vidb_project/LedgerDatabase/build_release_ledgerdb/test/CMakeFiles/gtest.dir/compiler_depend.internal".
Dependencies file "ledger/CMakeFiles/ledger_objs.dir/common/hash.cc.o.d" is newer than depends file "/pcissd/cxy_test/vidb_project/LedgerDatabase/build_release_ledgerdb/ledger/CMakeFiles/ledger_objs.dir/compiler_depend.internal".
make[2]: Leaving directory '/pcissd/cxy_test/vidb_project/LedgerDatabase/build_release_ledgerdb'
make  -f distributed/CMakeFiles/copy_dist_protobuf.dir/build.make distributed/CMakeFiles/copy_dist_protobuf.dir/build
Dependencies file "ledger/CMakeFiles/ledger_objs.dir/common/logger.cc.o.d" is newer than depends file "/pcissd/cxy_test/vidb_project/LedgerDatabase/build_release_ledgerdb/ledger/CMakeFiles/ledger_objs.dir/compiler_depend.internal".
Dependencies file "ledger/CMakeFiles/ledger_objs.dir/common/utils.cc.o.d" is newer than depends file "/pcissd/cxy_test/vidb_project/LedgerDatabase/build_release_ledgerdb/ledger/CMakeFiles/ledger_objs.dir/compiler_depend.internal".
Dependencies file "ledger/CMakeFiles/ledger_objs.dir/ledgerdb/ledgerdb.cc.o.d" is newer than depends file "/pcissd/cxy_test/vidb_project/LedgerDatabase/build_release_ledgerdb/ledger/CMakeFiles/ledger_objs.dir/compiler_depend.internal".
make[2]: Entering directory '/pcissd/cxy_test/vidb_project/LedgerDatabase/build_release_ledgerdb'
Dependencies file "ledger/CMakeFiles/ledger_objs.dir/ledgerdb/merkletree.cc.o.d" is newer than depends file "/pcissd/cxy_test/vidb_project/LedgerDatabase/build_release_ledgerdb/ledger/CMakeFiles/ledger_objs.dir/compiler_depend.internal".
Dependencies file "ledger/CMakeFiles/ledger_objs.dir/ledgerdb/mpt/mpt_node.cc.o.d" is newer than depends file "/pcissd/cxy_test/vidb_project/LedgerDatabase/build_release_ledgerdb/ledger/CMakeFiles/ledger_objs.dir/compiler_depend.internal".
Dependencies file "ledger/CMakeFiles/ledger_objs.dir/ledgerdb/mpt/trie.cc.o.d" is newer than depends file "/pcissd/cxy_test/vidb_project/LedgerDatabase/build_release_ledgerdb/ledger/CMakeFiles/ledger_objs.dir/compiler_depend.internal".
Dependencies file "ledger/CMakeFiles/ledger_objs.dir/ledgerdb/skiplist/skiplist.cc.o.d" is newer than depends file "/pcissd/cxy_test/vidb_project/LedgerDatabase/build_release_ledgerdb/ledger/CMakeFiles/ledger_objs.dir/compiler_depend.internal".
Consolidate compiler generated dependencies of target gtest
Dependencies file "ledger/CMakeFiles/ledger_objs.dir/qldb/ql_btree.cc.o.d" is newer than depends file "/pcissd/cxy_test/vidb_project/LedgerDatabase/build_release_ledgerdb/ledger/CMakeFiles/ledger_objs.dir/compiler_depend.internal".
make[2]: Leaving directory '/pcissd/cxy_test/vidb_project/LedgerDatabase/build_release_ledgerdb'
make  -f test/CMakeFiles/gtest.dir/build.make test/CMakeFiles/gtest.dir/build
[  1%] Copying Protobuf headers
Dependencies file "ledger/CMakeFiles/ledger_objs.dir/qldb/ql_btree_node.cc.o.d" is newer than depends file "/pcissd/cxy_test/vidb_project/LedgerDatabase/build_release_ledgerdb/ledger/CMakeFiles/ledger_objs.dir/compiler_depend.internal".
cd /pcissd/cxy_test/vidb_project/LedgerDatabase/build_release_ledgerdb/distributed && /usr/local/opt/cmake-3.22.1/bin/cmake -E make_directory /pcissd/cxy_test/vidb_project/LedgerDatabase/build_release_ledgerdb/distributed/proto
Dependencies file "ledger/CMakeFiles/ledger_objs.dir/qldb/qldb.cc.o.d" is newer than depends file "/pcissd/cxy_test/vidb_project/LedgerDatabase/build_release_ledgerdb/ledger/CMakeFiles/ledger_objs.dir/compiler_depend.internal".
Dependencies file "ledger/CMakeFiles/ledger_objs.dir/qldb/qldb_store.cc.o.d" is newer than depends file "/pcissd/cxy_test/vidb_project/LedgerDatabase/build_release_ledgerdb/ledger/CMakeFiles/ledger_objs.dir/compiler_depend.internal".
Dependencies file "ledger/CMakeFiles/ledger_objs.dir/qldb/qlnode.cc.o.d" is newer than depends file "/pcissd/cxy_test/vidb_project/LedgerDatabase/build_release_ledgerdb/ledger/CMakeFiles/ledger_objs.dir/compiler_depend.internal".
Dependencies file "ledger/CMakeFiles/ledger_objs.dir/sqlledger/sqlldg_mt.cc.o.d" is newer than depends file "/pcissd/cxy_test/vidb_project/LedgerDatabase/build_release_ledgerdb/ledger/CMakeFiles/ledger_objs.dir/compiler_depend.internal".
Dependencies file "ledger/CMakeFiles/ledger_objs.dir/sqlledger/sqlledger.cc.o.d" is newer than depends file "/pcissd/cxy_test/vidb_project/LedgerDatabase/build_release_ledgerdb/ledger/CMakeFiles/ledger_objs.dir/compiler_depend.internal".
cd /pcissd/cxy_test/vidb_project/LedgerDatabase/build_release_ledgerdb/distributed && /usr/local/opt/cmake-3.22.1/bin/cmake -E copy_if_different /pcissd/cxy_test/vidb_project/LedgerDatabase/build_release_ledgerdb/distributed/common-proto.pb.h /pcissd/cxy_test/vidb_project/LedgerDatabase/build_release_ledgerdb/distributed/proto/common-proto.pb.h
make[2]: Entering directory '/pcissd/cxy_test/vidb_project/LedgerDatabase/build_release_ledgerdb'
make[2]: Nothing to be done for 'test/CMakeFiles/gtest.dir/build'.
make[2]: Leaving directory '/pcissd/cxy_test/vidb_project/LedgerDatabase/build_release_ledgerdb'
[  3%] Built target gtest
cd /pcissd/cxy_test/vidb_project/LedgerDatabase/build_release_ledgerdb/distributed && /usr/local/opt/cmake-3.22.1/bin/cmake -E copy_if_different /pcissd/cxy_test/vidb_project/LedgerDatabase/build_release_ledgerdb/distributed/request.pb.h /pcissd/cxy_test/vidb_project/LedgerDatabase/build_release_ledgerdb/distributed/proto/request.pb.h
cd /pcissd/cxy_test/vidb_project/LedgerDatabase/build_release_ledgerdb/distributed && /usr/local/opt/cmake-3.22.1/bin/cmake -E copy_if_different /pcissd/cxy_test/vidb_project/LedgerDatabase/build_release_ledgerdb/distributed/strong-proto.pb.h /pcissd/cxy_test/vidb_project/LedgerDatabase/build_release_ledgerdb/distributed/proto/strong-proto.pb.h
cd /pcissd/cxy_test/vidb_project/LedgerDatabase/build_release_ledgerdb/distributed && /usr/local/opt/cmake-3.22.1/bin/cmake -E copy_if_different /pcissd/cxy_test/vidb_project/LedgerDatabase/build_release_ledgerdb/distributed/vr-proto.pb.h /pcissd/cxy_test/vidb_project/LedgerDatabase/build_release_ledgerdb/distributed/proto/vr-proto.pb.h
make[2]: Leaving directory '/pcissd/cxy_test/vidb_project/LedgerDatabase/build_release_ledgerdb'
[  7%] Built target copy_dist_protobuf
make  -f distributed/CMakeFiles/dist_objs.dir/build.make distributed/CMakeFiles/dist_objs.dir/depend
make[2]: Entering directory '/pcissd/cxy_test/vidb_project/LedgerDatabase/build_release_ledgerdb'
cd /pcissd/cxy_test/vidb_project/LedgerDatabase/build_release_ledgerdb && /usr/local/opt/cmake-3.22.1/bin/cmake -E cmake_depends "Unix Makefiles" /pcissd/cxy_test/vidb_project/LedgerDatabase /pcissd/cxy_test/vidb_project/LedgerDatabase/distributed /pcissd/cxy_test/vidb_project/LedgerDatabase/build_release_ledgerdb /pcissd/cxy_test/vidb_project/LedgerDatabase/build_release_ledgerdb/distributed /pcissd/cxy_test/vidb_project/LedgerDatabase/build_release_ledgerdb/distributed/CMakeFiles/dist_objs.dir/DependInfo.cmake --color=
Dependencies file "distributed/CMakeFiles/dist_objs.dir/common-proto.pb.cc.o.d" is newer than depends file "/pcissd/cxy_test/vidb_project/LedgerDatabase/build_release_ledgerdb/distributed/CMakeFiles/dist_objs.dir/compiler_depend.internal".
Dependencies file "distributed/CMakeFiles/dist_objs.dir/lib/configuration.cc.o.d" is newer than depends file "/pcissd/cxy_test/vidb_project/LedgerDatabase/build_release_ledgerdb/distributed/CMakeFiles/dist_objs.dir/compiler_depend.internal".
Dependencies file "distributed/CMakeFiles/dist_objs.dir/lib/message.cc.o.d" is newer than depends file "/pcissd/cxy_test/vidb_project/LedgerDatabase/build_release_ledgerdb/distributed/CMakeFiles/dist_objs.dir/compiler_depend.internal".
Dependencies file "distributed/CMakeFiles/dist_objs.dir/lib/tcptransport.cc.o.d" is newer than depends file "/pcissd/cxy_test/vidb_project/LedgerDatabase/build_release_ledgerdb/distributed/CMakeFiles/dist_objs.dir/compiler_depend.internal".
Dependencies file "distributed/CMakeFiles/dist_objs.dir/lib/transport.cc.o.d" is newer than depends file "/pcissd/cxy_test/vidb_project/LedgerDatabase/build_release_ledgerdb/distributed/CMakeFiles/dist_objs.dir/compiler_depend.internal".
Dependencies file "distributed/CMakeFiles/dist_objs.dir/replication/common/client.cc.o.d" is newer than depends file "/pcissd/cxy_test/vidb_project/LedgerDatabase/build_release_ledgerdb/distributed/CMakeFiles/dist_objs.dir/compiler_depend.internal".
Dependencies file "distributed/CMakeFiles/dist_objs.dir/replication/common/log.cc.o.d" is newer than depends file "/pcissd/cxy_test/vidb_project/LedgerDatabase/build_release_ledgerdb/distributed/CMakeFiles/dist_objs.dir/compiler_depend.internal".
Dependencies file "distributed/CMakeFiles/dist_objs.dir/replication/common/replica.cc.o.d" is newer than depends file "/pcissd/cxy_test/vidb_project/LedgerDatabase/build_release_ledgerdb/distributed/CMakeFiles/dist_objs.dir/compiler_depend.internal".
Dependencies file "distributed/CMakeFiles/dist_objs.dir/replication/vr/client.cc.o.d" is newer than depends file "/pcissd/cxy_test/vidb_project/LedgerDatabase/build_release_ledgerdb/distributed/CMakeFiles/dist_objs.dir/compiler_depend.internal".
Dependencies file "distributed/CMakeFiles/dist_objs.dir/replication/vr/replica.cc.o.d" is newer than depends file "/pcissd/cxy_test/vidb_project/LedgerDatabase/build_release_ledgerdb/distributed/CMakeFiles/dist_objs.dir/compiler_depend.internal".
Dependencies file "distributed/CMakeFiles/dist_objs.dir/request.pb.cc.o.d" is newer than depends file "/pcissd/cxy_test/vidb_project/LedgerDatabase/build_release_ledgerdb/distributed/CMakeFiles/dist_objs.dir/compiler_depend.internal".
Dependencies file "distributed/CMakeFiles/dist_objs.dir/store/common/backend/kvstore.cc.o.d" is newer than depends file "/pcissd/cxy_test/vidb_project/LedgerDatabase/build_release_ledgerdb/distributed/CMakeFiles/dist_objs.dir/compiler_depend.internal".
Dependencies file "distributed/CMakeFiles/dist_objs.dir/store/common/backend/txnstore.cc.o.d" is newer than depends file "/pcissd/cxy_test/vidb_project/LedgerDatabase/build_release_ledgerdb/distributed/CMakeFiles/dist_objs.dir/compiler_depend.internal".
Dependencies file "distributed/CMakeFiles/dist_objs.dir/store/common/backend/versionstore.cc.o.d" is newer than depends file "/pcissd/cxy_test/vidb_project/LedgerDatabase/build_release_ledgerdb/distributed/CMakeFiles/dist_objs.dir/compiler_depend.internal".
Dependencies file "distributed/CMakeFiles/dist_objs.dir/store/common/frontend/bufferclient.cc.o.d" is newer than depends file "/pcissd/cxy_test/vidb_project/LedgerDatabase/build_release_ledgerdb/distributed/CMakeFiles/dist_objs.dir/compiler_depend.internal".
Dependencies file "distributed/CMakeFiles/dist_objs.dir/store/common/promise.cc.o.d" is newer than depends file "/pcissd/cxy_test/vidb_project/LedgerDatabase/build_release_ledgerdb/distributed/CMakeFiles/dist_objs.dir/compiler_depend.internal".
Dependencies file "distributed/CMakeFiles/dist_objs.dir/store/common/timestamp.cc.o.d" is newer than depends file "/pcissd/cxy_test/vidb_project/LedgerDatabase/build_release_ledgerdb/distributed/CMakeFiles/dist_objs.dir/compiler_depend.internal".
Dependencies file "distributed/CMakeFiles/dist_objs.dir/store/common/tracer.cc.o.d" is newer than depends file "/pcissd/cxy_test/vidb_project/LedgerDatabase/build_release_ledgerdb/distributed/CMakeFiles/dist_objs.dir/compiler_depend.internal".
Dependencies file "distributed/CMakeFiles/dist_objs.dir/store/common/transaction.cc.o.d" is newer than depends file "/pcissd/cxy_test/vidb_project/LedgerDatabase/build_release_ledgerdb/distributed/CMakeFiles/dist_objs.dir/compiler_depend.internal".
Dependencies file "distributed/CMakeFiles/dist_objs.dir/store/common/truetime.cc.o.d" is newer than depends file "/pcissd/cxy_test/vidb_project/LedgerDatabase/build_release_ledgerdb/distributed/CMakeFiles/dist_objs.dir/compiler_depend.internal".
Dependencies file "distributed/CMakeFiles/dist_objs.dir/store/strongstore/client.cc.o.d" is newer than depends file "/pcissd/cxy_test/vidb_project/LedgerDatabase/build_release_ledgerdb/distributed/CMakeFiles/dist_objs.dir/compiler_depend.internal".
Consolidate compiler generated dependencies of target ledger_objs
make[2]: Leaving directory '/pcissd/cxy_test/vidb_project/LedgerDatabase/build_release_ledgerdb'
make  -f ledger/CMakeFiles/ledger_objs.dir/build.make ledger/CMakeFiles/ledger_objs.dir/build
Dependencies file "distributed/CMakeFiles/dist_objs.dir/store/strongstore/occstore.cc.o.d" is newer than depends file "/pcissd/cxy_test/vidb_project/LedgerDatabase/build_release_ledgerdb/distributed/CMakeFiles/dist_objs.dir/compiler_depend.internal".
Dependencies file "distributed/CMakeFiles/dist_objs.dir/store/strongstore/shardclient.cc.o.d" is newer than depends file "/pcissd/cxy_test/vidb_project/LedgerDatabase/build_release_ledgerdb/distributed/CMakeFiles/dist_objs.dir/compiler_depend.internal".
Dependencies file "distributed/CMakeFiles/dist_objs.dir/strong-proto.pb.cc.o.d" is newer than depends file "/pcissd/cxy_test/vidb_project/LedgerDatabase/build_release_ledgerdb/distributed/CMakeFiles/dist_objs.dir/compiler_depend.internal".
Dependencies file "distributed/CMakeFiles/dist_objs.dir/vr-proto.pb.cc.o.d" is newer than depends file "/pcissd/cxy_test/vidb_project/LedgerDatabase/build_release_ledgerdb/distributed/CMakeFiles/dist_objs.dir/compiler_depend.internal".
make[2]: Entering directory '/pcissd/cxy_test/vidb_project/LedgerDatabase/build_release_ledgerdb'
[  8%] Building CXX object ledger/CMakeFiles/ledger_objs.dir/sqlledger/sqlledger.cc.o
cd /pcissd/cxy_test/vidb_project/LedgerDatabase/build_release_ledgerdb/ledger && /usr/bin/c++ -DLEDGERDB -DUSE_ROCKSDB -I/pcissd/cxy_test/vidb_project/LedgerDatabase -I/pcissd/cxy_test/vidb_project/LedgerDatabase/build_release_ledgerdb -isystem /usr/local/opt/boost1.67/include -std=c++11 -O2 -pthread -lssl -Wall -Wno-unused-function -fPIC -MD -MT ledger/CMakeFiles/ledger_objs.dir/sqlledger/sqlledger.cc.o -MF CMakeFiles/ledger_objs.dir/sqlledger/sqlledger.cc.o.d -o CMakeFiles/ledger_objs.dir/sqlledger/sqlledger.cc.o -c /pcissd/cxy_test/vidb_project/LedgerDatabase/ledger/sqlledger/sqlledger.cc
Consolidate compiler generated dependencies of target dist_objs
make[2]: Leaving directory '/pcissd/cxy_test/vidb_project/LedgerDatabase/build_release_ledgerdb'
make  -f distributed/CMakeFiles/dist_objs.dir/build.make distributed/CMakeFiles/dist_objs.dir/build
make[2]: Entering directory '/pcissd/cxy_test/vidb_project/LedgerDatabase/build_release_ledgerdb'
make[2]: Nothing to be done for 'distributed/CMakeFiles/dist_objs.dir/build'.
make[2]: Leaving directory '/pcissd/cxy_test/vidb_project/LedgerDatabase/build_release_ledgerdb'
[ 41%] Built target dist_objs
make  -f distributed/CMakeFiles/dist.dir/build.make distributed/CMakeFiles/dist.dir/depend
make[2]: Entering directory '/pcissd/cxy_test/vidb_project/LedgerDatabase/build_release_ledgerdb'
cd /pcissd/cxy_test/vidb_project/LedgerDatabase/build_release_ledgerdb && /usr/local/opt/cmake-3.22.1/bin/cmake -E cmake_depends "Unix Makefiles" /pcissd/cxy_test/vidb_project/LedgerDatabase /pcissd/cxy_test/vidb_project/LedgerDatabase/distributed /pcissd/cxy_test/vidb_project/LedgerDatabase/build_release_ledgerdb /pcissd/cxy_test/vidb_project/LedgerDatabase/build_release_ledgerdb/distributed /pcissd/cxy_test/vidb_project/LedgerDatabase/build_release_ledgerdb/distributed/CMakeFiles/dist.dir/DependInfo.cmake --color=
make[2]: Leaving directory '/pcissd/cxy_test/vidb_project/LedgerDatabase/build_release_ledgerdb'
make  -f distributed/CMakeFiles/dist.dir/build.make distributed/CMakeFiles/dist.dir/build
make[2]: Entering directory '/pcissd/cxy_test/vidb_project/LedgerDatabase/build_release_ledgerdb'
make[2]: Nothing to be done for 'distributed/CMakeFiles/dist.dir/build'.
make[2]: Leaving directory '/pcissd/cxy_test/vidb_project/LedgerDatabase/build_release_ledgerdb'
[ 42%] Built target dist
/pcissd/cxy_test/vidb_project/LedgerDatabase/ledger/sqlledger/sqlledger.cc: In member function ‘std::vector<std::__cxx11::basic_string<char> > ledgebase::sqlledger::SQLLedger::GetHistory(const string&, size_t)’:
/pcissd/cxy_test/vidb_project/LedgerDatabase/ledger/sqlledger/sqlledger.cc:186:13: warning: comparison of integer expressions of different signedness: ‘int’ and ‘size_t’ {aka ‘long unsigned int’} [-Wsign-compare]
  186 |     if (cnt >= n) break;
      |         ~~~~^~~~
/pcissd/cxy_test/vidb_project/LedgerDatabase/ledger/sqlledger/sqlledger.cc: In member function ‘ledgebase::sqlledger::Auditor ledgebase::sqlledger::SQLLedger::getAudit(const uint64_t&)’:
/pcissd/cxy_test/vidb_project/LedgerDatabase/ledger/sqlledger/sqlledger.cc:278:33: warning: comparison of integer expressions of different signedness: ‘size_t’ {aka ‘long unsigned int’} and ‘int’ [-Wsign-compare]
  278 |   for (size_t i = block_addr; i <= tip; ++i) {
      |                               ~~^~~~~~
/pcissd/cxy_test/vidb_project/LedgerDatabase/ledger/sqlledger/sqlledger.cc:276:7: warning: variable ‘level’ set but not used [-Wunused-but-set-variable]
  276 |   int level;
      |       ^~~~~
In file included from /pcissd/cxy_test/vidb_project/LedgerDatabase/ledger/sqlledger/sqlledger.h:7,
                 from /pcissd/cxy_test/vidb_project/LedgerDatabase/ledger/sqlledger/sqlledger.cc:1:
/pcissd/cxy_test/vidb_project/LedgerDatabase/ledger/common/logger.h: In member function ‘void ledgebase::Logger::index(uint64_t)’:
/pcissd/cxy_test/vidb_project/LedgerDatabase/ledger/common/logger.h:108:10: warning: ignoring return value of ‘ssize_t write(int, const void*, size_t)’ declared with attribute ‘warn_unused_result’ [-Wunused-result]
  108 |     write(idx_, entry.get(), size);
      |     ~~~~~^~~~~~~~~~~~~~~~~~~~~~~~~
/pcissd/cxy_test/vidb_project/LedgerDatabase/ledger/common/logger.h: In member function ‘void ledgebase::Logger::log(const byte_t*, size_t)’:
/pcissd/cxy_test/vidb_project/LedgerDatabase/ledger/common/logger.h:85:10: warning: ignoring return value of ‘ssize_t write(int, const void*, size_t)’ declared with attribute ‘warn_unused_result’ [-Wunused-result]
   85 |     write(wal_, data, size);
      |     ~~~~~^~~~~~~~~~~~~~~~~~
/pcissd/cxy_test/vidb_project/LedgerDatabase/ledger/common/logger.h: In member function ‘std::string ledgebase::Logger::read(uint64_t, uint64_t*)’:
/pcissd/cxy_test/vidb_project/LedgerDatabase/ledger/common/logger.h:74:10: warning: ignoring return value of ‘ssize_t pread(int, void*, size_t, __off_t)’ declared with attribute ‘warn_unused_result’ [-Wunused-result]
   74 |     pread(idx_, buffer, idxEntrySize, idxOffset);
      |     ~~~~~^~~~~~~~~~~~~~~~~~~~~~~~~~~~~~~~~~~~~~~
/pcissd/cxy_test/vidb_project/LedgerDatabase/ledger/common/logger.h:80:10: warning: ignoring return value of ‘ssize_t pread(int, void*, size_t, __off_t)’ declared with attribute ‘warn_unused_result’ [-Wunused-result]
   80 |     pread(wal_, buf, walSize, walOffset);
      |     ~~~~~^~~~~~~~~~~~~~~~~~~~~~~~~~~~~~~
make[2]: Leaving directory '/pcissd/cxy_test/vidb_project/LedgerDatabase/build_release_ledgerdb'
[ 59%] Built target ledger_objs
make  -f ledger/CMakeFiles/ledger.dir/build.make ledger/CMakeFiles/ledger.dir/depend
make[2]: Entering directory '/pcissd/cxy_test/vidb_project/LedgerDatabase/build_release_ledgerdb'
cd /pcissd/cxy_test/vidb_project/LedgerDatabase/build_release_ledgerdb && /usr/local/opt/cmake-3.22.1/bin/cmake -E cmake_depends "Unix Makefiles" /pcissd/cxy_test/vidb_project/LedgerDatabase /pcissd/cxy_test/vidb_project/LedgerDatabase/ledger /pcissd/cxy_test/vidb_project/LedgerDatabase/build_release_ledgerdb /pcissd/cxy_test/vidb_project/LedgerDatabase/build_release_ledgerdb/ledger /pcissd/cxy_test/vidb_project/LedgerDatabase/build_release_ledgerdb/ledger/CMakeFiles/ledger.dir/DependInfo.cmake --color=
make[2]: Leaving directory '/pcissd/cxy_test/vidb_project/LedgerDatabase/build_release_ledgerdb'
make  -f ledger/CMakeFiles/ledger.dir/build.make ledger/CMakeFiles/ledger.dir/build
make[2]: Entering directory '/pcissd/cxy_test/vidb_project/LedgerDatabase/build_release_ledgerdb'
[ 60%] Linking CXX shared library ../lib/libledger.so
cd /pcissd/cxy_test/vidb_project/LedgerDatabase/build_release_ledgerdb/ledger && /usr/local/opt/cmake-3.22.1/bin/cmake -E cmake_link_script CMakeFiles/ledger.dir/link.txt --verbose=1
/usr/bin/c++ -fPIC  -std=c++11 -O2 -pthread -lssl -Wall -Wno-unused-function -fPIC -shared -Wl,-soname,libledger.so -o ../lib/libledger.so CMakeFiles/ledger_objs.dir/common/chunk.cc.o CMakeFiles/ledger_objs.dir/common/hash.cc.o CMakeFiles/ledger_objs.dir/common/logger.cc.o CMakeFiles/ledger_objs.dir/common/utils.cc.o CMakeFiles/ledger_objs.dir/ledgerdb/ledgerdb.cc.o CMakeFiles/ledger_objs.dir/ledgerdb/merkletree.cc.o CMakeFiles/ledger_objs.dir/ledgerdb/mpt/mpt_node.cc.o CMakeFiles/ledger_objs.dir/ledgerdb/mpt/trie.cc.o CMakeFiles/ledger_objs.dir/ledgerdb/skiplist/skiplist.cc.o CMakeFiles/ledger_objs.dir/qldb/ql_btree.cc.o CMakeFiles/ledger_objs.dir/qldb/ql_btree_node.cc.o CMakeFiles/ledger_objs.dir/qldb/qldb.cc.o CMakeFiles/ledger_objs.dir/qldb/qldb_store.cc.o CMakeFiles/ledger_objs.dir/qldb/qlnode.cc.o CMakeFiles/ledger_objs.dir/sqlledger/sqlldg_mt.cc.o CMakeFiles/ledger_objs.dir/sqlledger/sqlledger.cc.o  -Wl,-rpath,/usr/local/opt/boost1.67/lib:/usr/local/lib /usr/local/opt/boost1.67/lib/libboost_filesystem.so /usr/local/opt/boost1.67/lib/libboost_program_options.so /usr/local/opt/boost1.67/lib/libboost_thread.so /usr/local/opt/boost1.67/lib/libboost_system.so /usr/local/opt/boost1.67/lib/libboost_chrono.so /usr/local/opt/boost1.67/lib/libboost_date_time.so /usr/local/opt/boost1.67/lib/libboost_atomic.so /usr/local/lib/librocksdb.so /usr/local/lib/libcryptopp.a -ltbb 
make[2]: Leaving directory '/pcissd/cxy_test/vidb_project/LedgerDatabase/build_release_ledgerdb'
[ 60%] Built target ledger
make  -f distributed/CMakeFiles/timeserver.dir/build.make distributed/CMakeFiles/timeserver.dir/depend
make  -f distributed/CMakeFiles/strongstore.dir/build.make distributed/CMakeFiles/strongstore.dir/depend
make  -f distributed/CMakeFiles/verifyClient.dir/build.make distributed/CMakeFiles/verifyClient.dir/depend
make  -f distributed/CMakeFiles/smallbankClient.dir/build.make distributed/CMakeFiles/smallbankClient.dir/depend
make  -f distributed/CMakeFiles/tpccClient.dir/build.make distributed/CMakeFiles/tpccClient.dir/depend
make  -f distributed/CMakeFiles/rangeClient.dir/build.make distributed/CMakeFiles/rangeClient.dir/depend
make[2]: Entering directory '/pcissd/cxy_test/vidb_project/LedgerDatabase/build_release_ledgerdb'
cd /pcissd/cxy_test/vidb_project/LedgerDatabase/build_release_ledgerdb && /usr/local/opt/cmake-3.22.1/bin/cmake -E cmake_depends "Unix Makefiles" /pcissd/cxy_test/vidb_project/LedgerDatabase /pcissd/cxy_test/vidb_project/LedgerDatabase/distributed /pcissd/cxy_test/vidb_project/LedgerDatabase/build_release_ledgerdb /pcissd/cxy_test/vidb_project/LedgerDatabase/build_release_ledgerdb/distributed /pcissd/cxy_test/vidb_project/LedgerDatabase/build_release_ledgerdb/distributed/CMakeFiles/timeserver.dir/DependInfo.cmake --color=
make[2]: Entering directory '/pcissd/cxy_test/vidb_project/LedgerDatabase/build_release_ledgerdb'
cd /pcissd/cxy_test/vidb_project/LedgerDatabase/build_release_ledgerdb && /usr/local/opt/cmake-3.22.1/bin/cmake -E cmake_depends "Unix Makefiles" /pcissd/cxy_test/vidb_project/LedgerDatabase /pcissd/cxy_test/vidb_project/LedgerDatabase/distributed /pcissd/cxy_test/vidb_project/LedgerDatabase/build_release_ledgerdb /pcissd/cxy_test/vidb_project/LedgerDatabase/build_release_ledgerdb/distributed /pcissd/cxy_test/vidb_project/LedgerDatabase/build_release_ledgerdb/distributed/CMakeFiles/strongstore.dir/DependInfo.cmake --color=
make[2]: Entering directory '/pcissd/cxy_test/vidb_project/LedgerDatabase/build_release_ledgerdb'
cd /pcissd/cxy_test/vidb_project/LedgerDatabase/build_release_ledgerdb && /usr/local/opt/cmake-3.22.1/bin/cmake -E cmake_depends "Unix Makefiles" /pcissd/cxy_test/vidb_project/LedgerDatabase /pcissd/cxy_test/vidb_project/LedgerDatabase/distributed /pcissd/cxy_test/vidb_project/LedgerDatabase/build_release_ledgerdb /pcissd/cxy_test/vidb_project/LedgerDatabase/build_release_ledgerdb/distributed /pcissd/cxy_test/vidb_project/LedgerDatabase/build_release_ledgerdb/distributed/CMakeFiles/verifyClient.dir/DependInfo.cmake --color=
make[2]: Entering directory '/pcissd/cxy_test/vidb_project/LedgerDatabase/build_release_ledgerdb'
cd /pcissd/cxy_test/vidb_project/LedgerDatabase/build_release_ledgerdb && /usr/local/opt/cmake-3.22.1/bin/cmake -E cmake_depends "Unix Makefiles" /pcissd/cxy_test/vidb_project/LedgerDatabase /pcissd/cxy_test/vidb_project/LedgerDatabase/distributed /pcissd/cxy_test/vidb_project/LedgerDatabase/build_release_ledgerdb /pcissd/cxy_test/vidb_project/LedgerDatabase/build_release_ledgerdb/distributed /pcissd/cxy_test/vidb_project/LedgerDatabase/build_release_ledgerdb/distributed/CMakeFiles/smallbankClient.dir/DependInfo.cmake --color=
make[2]: Entering directory '/pcissd/cxy_test/vidb_project/LedgerDatabase/build_release_ledgerdb'
cd /pcissd/cxy_test/vidb_project/LedgerDatabase/build_release_ledgerdb && /usr/local/opt/cmake-3.22.1/bin/cmake -E cmake_depends "Unix Makefiles" /pcissd/cxy_test/vidb_project/LedgerDatabase /pcissd/cxy_test/vidb_project/LedgerDatabase/distributed /pcissd/cxy_test/vidb_project/LedgerDatabase/build_release_ledgerdb /pcissd/cxy_test/vidb_project/LedgerDatabase/build_release_ledgerdb/distributed /pcissd/cxy_test/vidb_project/LedgerDatabase/build_release_ledgerdb/distributed/CMakeFiles/tpccClient.dir/DependInfo.cmake --color=
make[2]: Entering directory '/pcissd/cxy_test/vidb_project/LedgerDatabase/build_release_ledgerdb'
cd /pcissd/cxy_test/vidb_project/LedgerDatabase/build_release_ledgerdb && /usr/local/opt/cmake-3.22.1/bin/cmake -E cmake_depends "Unix Makefiles" /pcissd/cxy_test/vidb_project/LedgerDatabase /pcissd/cxy_test/vidb_project/LedgerDatabase/distributed /pcissd/cxy_test/vidb_project/LedgerDatabase/build_release_ledgerdb /pcissd/cxy_test/vidb_project/LedgerDatabase/build_release_ledgerdb/distributed /pcissd/cxy_test/vidb_project/LedgerDatabase/build_release_ledgerdb/distributed/CMakeFiles/rangeClient.dir/DependInfo.cmake --color=
Dependencies file "distributed/CMakeFiles/timeserver.dir/exes/timeserver.cc.o.d" is newer than depends file "/pcissd/cxy_test/vidb_project/LedgerDatabase/build_release_ledgerdb/distributed/CMakeFiles/timeserver.dir/compiler_depend.internal".
Dependencies file "distributed/CMakeFiles/strongstore.dir/exes/strong-server.cc.o.d" is newer than depends file "/pcissd/cxy_test/vidb_project/LedgerDatabase/build_release_ledgerdb/distributed/CMakeFiles/strongstore.dir/compiler_depend.internal".
Dependencies file "distributed/CMakeFiles/verifyClient.dir/exes/verifyClient.cc.o.d" is newer than depends file "/pcissd/cxy_test/vidb_project/LedgerDatabase/build_release_ledgerdb/distributed/CMakeFiles/verifyClient.dir/compiler_depend.internal".
Dependencies file "distributed/CMakeFiles/smallbankClient.dir/exes/smallbankClient.cc.o.d" is newer than depends file "/pcissd/cxy_test/vidb_project/LedgerDatabase/build_release_ledgerdb/distributed/CMakeFiles/smallbankClient.dir/compiler_depend.internal".
Dependencies file "distributed/CMakeFiles/tpccClient.dir/exes/tpccClient.cc.o.d" is newer than depends file "/pcissd/cxy_test/vidb_project/LedgerDatabase/build_release_ledgerdb/distributed/CMakeFiles/tpccClient.dir/compiler_depend.internal".
Dependencies file "distributed/CMakeFiles/rangeClient.dir/exes/rangeClient.cc.o.d" is newer than depends file "/pcissd/cxy_test/vidb_project/LedgerDatabase/build_release_ledgerdb/distributed/CMakeFiles/rangeClient.dir/compiler_depend.internal".
Consolidate compiler generated dependencies of target timeserver
make[2]: Leaving directory '/pcissd/cxy_test/vidb_project/LedgerDatabase/build_release_ledgerdb'
make  -f distributed/CMakeFiles/timeserver.dir/build.make distributed/CMakeFiles/timeserver.dir/build
make[2]: Entering directory '/pcissd/cxy_test/vidb_project/LedgerDatabase/build_release_ledgerdb'
[ 61%] Linking CXX executable ../bin/timeserver
cd /pcissd/cxy_test/vidb_project/LedgerDatabase/build_release_ledgerdb/distributed && /usr/local/opt/cmake-3.22.1/bin/cmake -E cmake_link_script CMakeFiles/timeserver.dir/link.txt --verbose=1
/usr/bin/c++  -std=c++11 -O2 -pthread -lssl -Wall -Wno-unused-function -fPIC CMakeFiles/timeserver.dir/exes/timeserver.cc.o -o ../bin/timeserver  -Wl,-rpath,/pcissd/cxy_test/vidb_project/LedgerDatabase/build_release_ledgerdb/lib:/usr/local/lib:/usr/local/opt/boost1.67/lib ../lib/libdist.so ../lib/libledger.so /usr/local/lib/libevent.so /usr/local/lib/libevent_openssl.so /usr/local/lib/libevent_core.so /usr/local/lib/libevent_extra.so /usr/local/lib/libevent_pthreads.so /usr/local/lib/libevent_extra.so /usr/local/lib/libevent_pthreads.so -levent_openssl -lcrypto /usr/local/lib/libprotobuf.so /usr/local/opt/boost1.67/lib/libboost_filesystem.so /usr/local/opt/boost1.67/lib/libboost_program_options.so /usr/local/opt/boost1.67/lib/libboost_thread.so /usr/local/opt/boost1.67/lib/libboost_system.so /usr/local/opt/boost1.67/lib/libboost_chrono.so /usr/local/opt/boost1.67/lib/libboost_date_time.so /usr/local/opt/boost1.67/lib/libboost_atomic.so /usr/local/lib/librocksdb.so /usr/local/lib/libcryptopp.a -ltbb 
Consolidate compiler generated dependencies of target verifyClient
Consolidate compiler generated dependencies of target strongstore
Consolidate compiler generated dependencies of target rangeClient
make[2]: Leaving directory '/pcissd/cxy_test/vidb_project/LedgerDatabase/build_release_ledgerdb'
make[2]: Leaving directory '/pcissd/cxy_test/vidb_project/LedgerDatabase/build_release_ledgerdb'
make[2]: Leaving directory '/pcissd/cxy_test/vidb_project/LedgerDatabase/build_release_ledgerdb'
make  -f distributed/CMakeFiles/strongstore.dir/build.make distributed/CMakeFiles/strongstore.dir/build
make  -f distributed/CMakeFiles/verifyClient.dir/build.make distributed/CMakeFiles/verifyClient.dir/build
make  -f distributed/CMakeFiles/rangeClient.dir/build.make distributed/CMakeFiles/rangeClient.dir/build
Consolidate compiler generated dependencies of target tpccClient
Consolidate compiler generated dependencies of target smallbankClient
make[2]: Leaving directory '/pcissd/cxy_test/vidb_project/LedgerDatabase/build_release_ledgerdb'
make  -f distributed/CMakeFiles/tpccClient.dir/build.make distributed/CMakeFiles/tpccClient.dir/build
make[2]: Leaving directory '/pcissd/cxy_test/vidb_project/LedgerDatabase/build_release_ledgerdb'
make  -f distributed/CMakeFiles/smallbankClient.dir/build.make distributed/CMakeFiles/smallbankClient.dir/build
make[2]: Entering directory '/pcissd/cxy_test/vidb_project/LedgerDatabase/build_release_ledgerdb'
make[2]: Entering directory '/pcissd/cxy_test/vidb_project/LedgerDatabase/build_release_ledgerdb'
make[2]: Entering directory '/pcissd/cxy_test/vidb_project/LedgerDatabase/build_release_ledgerdb'
make[2]: Entering directory '/pcissd/cxy_test/vidb_project/LedgerDatabase/build_release_ledgerdb'
make[2]: Entering directory '/pcissd/cxy_test/vidb_project/LedgerDatabase/build_release_ledgerdb'
[ 64%] Linking CXX executable ../bin/strongstore
[ 64%] Linking CXX executable ../bin/verifyClient
[ 65%] Linking CXX executable ../bin/rangeClient
cd /pcissd/cxy_test/vidb_project/LedgerDatabase/build_release_ledgerdb/distributed && /usr/local/opt/cmake-3.22.1/bin/cmake -E cmake_link_script CMakeFiles/rangeClient.dir/link.txt --verbose=1
cd /pcissd/cxy_test/vidb_project/LedgerDatabase/build_release_ledgerdb/distributed && /usr/local/opt/cmake-3.22.1/bin/cmake -E cmake_link_script CMakeFiles/strongstore.dir/link.txt --verbose=1
cd /pcissd/cxy_test/vidb_project/LedgerDatabase/build_release_ledgerdb/distributed && /usr/local/opt/cmake-3.22.1/bin/cmake -E cmake_link_script CMakeFiles/verifyClient.dir/link.txt --verbose=1
[ 66%] Linking CXX executable ../bin/tpccClient
cd /pcissd/cxy_test/vidb_project/LedgerDatabase/build_release_ledgerdb/distributed && /usr/local/opt/cmake-3.22.1/bin/cmake -E cmake_link_script CMakeFiles/tpccClient.dir/link.txt --verbose=1
[ 67%] Linking CXX executable ../bin/smallbankClient
cd /pcissd/cxy_test/vidb_project/LedgerDatabase/build_release_ledgerdb/distributed && /usr/local/opt/cmake-3.22.1/bin/cmake -E cmake_link_script CMakeFiles/smallbankClient.dir/link.txt --verbose=1
/usr/bin/c++  -std=c++11 -O2 -pthread -lssl -Wall -Wno-unused-function -fPIC CMakeFiles/rangeClient.dir/exes/rangeClient.cc.o -o ../bin/rangeClient  -Wl,-rpath,/pcissd/cxy_test/vidb_project/LedgerDatabase/build_release_ledgerdb/lib:/usr/local/lib:/usr/local/opt/boost1.67/lib ../lib/libdist.so ../lib/libledger.so /usr/local/lib/libevent.so /usr/local/lib/libevent_openssl.so /usr/local/lib/libevent_core.so /usr/local/lib/libevent_extra.so /usr/local/lib/libevent_pthreads.so /usr/local/lib/libevent_extra.so /usr/local/lib/libevent_pthreads.so -levent_openssl -lcrypto /usr/local/lib/libprotobuf.so /usr/local/opt/boost1.67/lib/libboost_filesystem.so /usr/local/opt/boost1.67/lib/libboost_program_options.so /usr/local/opt/boost1.67/lib/libboost_thread.so /usr/local/opt/boost1.67/lib/libboost_system.so /usr/local/opt/boost1.67/lib/libboost_chrono.so /usr/local/opt/boost1.67/lib/libboost_date_time.so /usr/local/opt/boost1.67/lib/libboost_atomic.so /usr/local/lib/librocksdb.so /usr/local/lib/libcryptopp.a -ltbb 
/usr/bin/c++  -std=c++11 -O2 -pthread -lssl -Wall -Wno-unused-function -fPIC CMakeFiles/strongstore.dir/exes/strong-server.cc.o -o ../bin/strongstore  -Wl,-rpath,/pcissd/cxy_test/vidb_project/LedgerDatabase/build_release_ledgerdb/lib:/usr/local/lib:/usr/local/opt/boost1.67/lib ../lib/libdist.so ../lib/libledger.so /usr/local/lib/libevent.so /usr/local/lib/libevent_openssl.so /usr/local/lib/libevent_core.so /usr/local/lib/libevent_extra.so /usr/local/lib/libevent_pthreads.so /usr/local/lib/libevent_extra.so /usr/local/lib/libevent_pthreads.so -levent_openssl -lcrypto /usr/local/lib/libprotobuf.so /usr/local/opt/boost1.67/lib/libboost_filesystem.so /usr/local/opt/boost1.67/lib/libboost_program_options.so /usr/local/opt/boost1.67/lib/libboost_thread.so /usr/local/opt/boost1.67/lib/libboost_system.so /usr/local/opt/boost1.67/lib/libboost_chrono.so /usr/local/opt/boost1.67/lib/libboost_date_time.so /usr/local/opt/boost1.67/lib/libboost_atomic.so /usr/local/lib/librocksdb.so /usr/local/lib/libcryptopp.a -ltbb 
/usr/bin/c++  -std=c++11 -O2 -pthread -lssl -Wall -Wno-unused-function -fPIC CMakeFiles/verifyClient.dir/exes/verifyClient.cc.o -o ../bin/verifyClient  -Wl,-rpath,/pcissd/cxy_test/vidb_project/LedgerDatabase/build_release_ledgerdb/lib:/usr/local/lib:/usr/local/opt/boost1.67/lib ../lib/libdist.so ../lib/libledger.so /usr/local/lib/libevent.so /usr/local/lib/libevent_openssl.so /usr/local/lib/libevent_core.so /usr/local/lib/libevent_extra.so /usr/local/lib/libevent_pthreads.so /usr/local/lib/libevent_extra.so /usr/local/lib/libevent_pthreads.so -levent_openssl -lcrypto /usr/local/lib/libprotobuf.so /usr/local/opt/boost1.67/lib/libboost_filesystem.so /usr/local/opt/boost1.67/lib/libboost_program_options.so /usr/local/opt/boost1.67/lib/libboost_thread.so /usr/local/opt/boost1.67/lib/libboost_system.so /usr/local/opt/boost1.67/lib/libboost_chrono.so /usr/local/opt/boost1.67/lib/libboost_date_time.so /usr/local/opt/boost1.67/lib/libboost_atomic.so /usr/local/lib/librocksdb.so /usr/local/lib/libcryptopp.a -ltbb 
/usr/bin/c++  -std=c++11 -O2 -pthread -lssl -Wall -Wno-unused-function -fPIC CMakeFiles/tpccClient.dir/exes/tpccClient.cc.o -o ../bin/tpccClient  -Wl,-rpath,/pcissd/cxy_test/vidb_project/LedgerDatabase/build_release_ledgerdb/lib:/usr/local/lib:/usr/local/opt/boost1.67/lib ../lib/libdist.so ../lib/libledger.so /usr/local/lib/libevent.so /usr/local/lib/libevent_openssl.so /usr/local/lib/libevent_core.so /usr/local/lib/libevent_extra.so /usr/local/lib/libevent_pthreads.so /usr/local/lib/libevent_extra.so /usr/local/lib/libevent_pthreads.so -levent_openssl -lcrypto /usr/local/lib/libprotobuf.so /usr/local/opt/boost1.67/lib/libboost_filesystem.so /usr/local/opt/boost1.67/lib/libboost_program_options.so /usr/local/opt/boost1.67/lib/libboost_thread.so /usr/local/opt/boost1.67/lib/libboost_system.so /usr/local/opt/boost1.67/lib/libboost_chrono.so /usr/local/opt/boost1.67/lib/libboost_date_time.so /usr/local/opt/boost1.67/lib/libboost_atomic.so /usr/local/lib/librocksdb.so /usr/local/lib/libcryptopp.a -ltbb 
/usr/bin/c++  -std=c++11 -O2 -pthread -lssl -Wall -Wno-unused-function -fPIC CMakeFiles/smallbankClient.dir/exes/smallbankClient.cc.o -o ../bin/smallbankClient  -Wl,-rpath,/pcissd/cxy_test/vidb_project/LedgerDatabase/build_release_ledgerdb/lib:/usr/local/lib:/usr/local/opt/boost1.67/lib ../lib/libdist.so ../lib/libledger.so /usr/local/lib/libevent.so /usr/local/lib/libevent_openssl.so /usr/local/lib/libevent_core.so /usr/local/lib/libevent_extra.so /usr/local/lib/libevent_pthreads.so /usr/local/lib/libevent_extra.so /usr/local/lib/libevent_pthreads.so -levent_openssl -lcrypto /usr/local/lib/libprotobuf.so /usr/local/opt/boost1.67/lib/libboost_filesystem.so /usr/local/opt/boost1.67/lib/libboost_program_options.so /usr/local/opt/boost1.67/lib/libboost_thread.so /usr/local/opt/boost1.67/lib/libboost_system.so /usr/local/opt/boost1.67/lib/libboost_chrono.so /usr/local/opt/boost1.67/lib/libboost_date_time.so /usr/local/opt/boost1.67/lib/libboost_atomic.so /usr/local/lib/librocksdb.so /usr/local/lib/libcryptopp.a -ltbb 
make[2]: Leaving directory '/pcissd/cxy_test/vidb_project/LedgerDatabase/build_release_ledgerdb'
[ 68%] Built target timeserver
make  -f distributed/CMakeFiles/auditClient.dir/build.make distributed/CMakeFiles/auditClient.dir/depend
make[2]: Entering directory '/pcissd/cxy_test/vidb_project/LedgerDatabase/build_release_ledgerdb'
cd /pcissd/cxy_test/vidb_project/LedgerDatabase/build_release_ledgerdb && /usr/local/opt/cmake-3.22.1/bin/cmake -E cmake_depends "Unix Makefiles" /pcissd/cxy_test/vidb_project/LedgerDatabase /pcissd/cxy_test/vidb_project/LedgerDatabase/distributed /pcissd/cxy_test/vidb_project/LedgerDatabase/build_release_ledgerdb /pcissd/cxy_test/vidb_project/LedgerDatabase/build_release_ledgerdb/distributed /pcissd/cxy_test/vidb_project/LedgerDatabase/build_release_ledgerdb/distributed/CMakeFiles/auditClient.dir/DependInfo.cmake --color=
Dependencies file "distributed/CMakeFiles/auditClient.dir/exes/auditClient.cc.o.d" is newer than depends file "/pcissd/cxy_test/vidb_project/LedgerDatabase/build_release_ledgerdb/distributed/CMakeFiles/auditClient.dir/compiler_depend.internal".
make[2]: Leaving directory '/pcissd/cxy_test/vidb_project/LedgerDatabase/build_release_ledgerdb'
make[2]: Leaving directory '/pcissd/cxy_test/vidb_project/LedgerDatabase/build_release_ledgerdb'
[ 69%] Built target tpccClient
make  -f distributed/CMakeFiles/microBenchmark.dir/build.make distributed/CMakeFiles/microBenchmark.dir/depend
Consolidate compiler generated dependencies of target auditClient
[ 70%] Built target rangeClient
make[2]: Entering directory '/pcissd/cxy_test/vidb_project/LedgerDatabase/build_release_ledgerdb'
make[2]: Leaving directory '/pcissd/cxy_test/vidb_project/LedgerDatabase/build_release_ledgerdb'
cd /pcissd/cxy_test/vidb_project/LedgerDatabase/build_release_ledgerdb && /usr/local/opt/cmake-3.22.1/bin/cmake -E cmake_depends "Unix Makefiles" /pcissd/cxy_test/vidb_project/LedgerDatabase /pcissd/cxy_test/vidb_project/LedgerDatabase/distributed /pcissd/cxy_test/vidb_project/LedgerDatabase/build_release_ledgerdb /pcissd/cxy_test/vidb_project/LedgerDatabase/build_release_ledgerdb/distributed /pcissd/cxy_test/vidb_project/LedgerDatabase/build_release_ledgerdb/distributed/CMakeFiles/microBenchmark.dir/DependInfo.cmake --color=
make  -f distributed/CMakeFiles/microseqBenchmark.dir/build.make distributed/CMakeFiles/microseqBenchmark.dir/depend
make  -f distributed/CMakeFiles/auditClient.dir/build.make distributed/CMakeFiles/auditClient.dir/build
make[2]: Entering directory '/pcissd/cxy_test/vidb_project/LedgerDatabase/build_release_ledgerdb'
cd /pcissd/cxy_test/vidb_project/LedgerDatabase/build_release_ledgerdb && /usr/local/opt/cmake-3.22.1/bin/cmake -E cmake_depends "Unix Makefiles" /pcissd/cxy_test/vidb_project/LedgerDatabase /pcissd/cxy_test/vidb_project/LedgerDatabase/distributed /pcissd/cxy_test/vidb_project/LedgerDatabase/build_release_ledgerdb /pcissd/cxy_test/vidb_project/LedgerDatabase/build_release_ledgerdb/distributed /pcissd/cxy_test/vidb_project/LedgerDatabase/build_release_ledgerdb/distributed/CMakeFiles/microseqBenchmark.dir/DependInfo.cmake --color=
Dependencies file "distributed/CMakeFiles/microBenchmark.dir/exes/microBenchmark.cc.o.d" is newer than depends file "/pcissd/cxy_test/vidb_project/LedgerDatabase/build_release_ledgerdb/distributed/CMakeFiles/microBenchmark.dir/compiler_depend.internal".
Dependencies file "distributed/CMakeFiles/microseqBenchmark.dir/exes/microseqBenchmark.cc.o.d" is newer than depends file "/pcissd/cxy_test/vidb_project/LedgerDatabase/build_release_ledgerdb/distributed/CMakeFiles/microseqBenchmark.dir/compiler_depend.internal".
make[2]: Leaving directory '/pcissd/cxy_test/vidb_project/LedgerDatabase/build_release_ledgerdb'
make[2]: Entering directory '/pcissd/cxy_test/vidb_project/LedgerDatabase/build_release_ledgerdb'
[ 73%] Linking CXX executable ../bin/auditClient
cd /pcissd/cxy_test/vidb_project/LedgerDatabase/build_release_ledgerdb/distributed && /usr/local/opt/cmake-3.22.1/bin/cmake -E cmake_link_script CMakeFiles/auditClient.dir/link.txt --verbose=1
/usr/bin/c++  -std=c++11 -O2 -pthread -lssl -Wall -Wno-unused-function -fPIC CMakeFiles/auditClient.dir/exes/auditClient.cc.o -o ../bin/auditClient  -Wl,-rpath,/pcissd/cxy_test/vidb_project/LedgerDatabase/build_release_ledgerdb/lib:/usr/local/lib:/usr/local/opt/boost1.67/lib ../lib/libdist.so ../lib/libledger.so /usr/local/lib/libevent.so /usr/local/lib/libevent_openssl.so /usr/local/lib/libevent_core.so /usr/local/lib/libevent_extra.so /usr/local/lib/libevent_pthreads.so /usr/local/lib/libevent_extra.so /usr/local/lib/libevent_pthreads.so -levent_openssl -lcrypto /usr/local/lib/libprotobuf.so /usr/local/opt/boost1.67/lib/libboost_filesystem.so /usr/local/opt/boost1.67/lib/libboost_program_options.so /usr/local/opt/boost1.67/lib/libboost_thread.so /usr/local/opt/boost1.67/lib/libboost_system.so /usr/local/opt/boost1.67/lib/libboost_chrono.so /usr/local/opt/boost1.67/lib/libboost_date_time.so /usr/local/opt/boost1.67/lib/libboost_atomic.so /usr/local/lib/librocksdb.so /usr/local/lib/libcryptopp.a -ltbb 
make[2]: Leaving directory '/pcissd/cxy_test/vidb_project/LedgerDatabase/build_release_ledgerdb'
make[2]: Leaving directory '/pcissd/cxy_test/vidb_project/LedgerDatabase/build_release_ledgerdb'
[ 75%] Built target verifyClient
[ 75%] Built target smallbankClient
[ 75%] Built target strongstore
Consolidate compiler generated dependencies of target microseqBenchmark
Consolidate compiler generated dependencies of target microBenchmark
make  -f distributed/CMakeFiles/scaleBenchmark.dir/build.make distributed/CMakeFiles/scaleBenchmark.dir/depend
make[2]: Leaving directory '/pcissd/cxy_test/vidb_project/LedgerDatabase/build_release_ledgerdb'
make[2]: Leaving directory '/pcissd/cxy_test/vidb_project/LedgerDatabase/build_release_ledgerdb'
make  -f distributed/CMakeFiles/microseqBenchmark.dir/build.make distributed/CMakeFiles/microseqBenchmark.dir/build
make  -f distributed/CMakeFiles/microBenchmark.dir/build.make distributed/CMakeFiles/microBenchmark.dir/build
make  -f distributed/CMakeFiles/rangeBenchmark.dir/build.make distributed/CMakeFiles/rangeBenchmark.dir/depend
make  -f distributed/CMakeFiles/updateBenchmark.dir/build.make distributed/CMakeFiles/updateBenchmark.dir/depend
make[2]: Entering directory '/pcissd/cxy_test/vidb_project/LedgerDatabase/build_release_ledgerdb'
cd /pcissd/cxy_test/vidb_project/LedgerDatabase/build_release_ledgerdb && /usr/local/opt/cmake-3.22.1/bin/cmake -E cmake_depends "Unix Makefiles" /pcissd/cxy_test/vidb_project/LedgerDatabase /pcissd/cxy_test/vidb_project/LedgerDatabase/distributed /pcissd/cxy_test/vidb_project/LedgerDatabase/build_release_ledgerdb /pcissd/cxy_test/vidb_project/LedgerDatabase/build_release_ledgerdb/distributed /pcissd/cxy_test/vidb_project/LedgerDatabase/build_release_ledgerdb/distributed/CMakeFiles/scaleBenchmark.dir/DependInfo.cmake --color=
make[2]: Entering directory '/pcissd/cxy_test/vidb_project/LedgerDatabase/build_release_ledgerdb'
cd /pcissd/cxy_test/vidb_project/LedgerDatabase/build_release_ledgerdb && /usr/local/opt/cmake-3.22.1/bin/cmake -E cmake_depends "Unix Makefiles" /pcissd/cxy_test/vidb_project/LedgerDatabase /pcissd/cxy_test/vidb_project/LedgerDatabase/distributed /pcissd/cxy_test/vidb_project/LedgerDatabase/build_release_ledgerdb /pcissd/cxy_test/vidb_project/LedgerDatabase/build_release_ledgerdb/distributed /pcissd/cxy_test/vidb_project/LedgerDatabase/build_release_ledgerdb/distributed/CMakeFiles/rangeBenchmark.dir/DependInfo.cmake --color=
make[2]: Entering directory '/pcissd/cxy_test/vidb_project/LedgerDatabase/build_release_ledgerdb'
cd /pcissd/cxy_test/vidb_project/LedgerDatabase/build_release_ledgerdb && /usr/local/opt/cmake-3.22.1/bin/cmake -E cmake_depends "Unix Makefiles" /pcissd/cxy_test/vidb_project/LedgerDatabase /pcissd/cxy_test/vidb_project/LedgerDatabase/distributed /pcissd/cxy_test/vidb_project/LedgerDatabase/build_release_ledgerdb /pcissd/cxy_test/vidb_project/LedgerDatabase/build_release_ledgerdb/distributed /pcissd/cxy_test/vidb_project/LedgerDatabase/build_release_ledgerdb/distributed/CMakeFiles/updateBenchmark.dir/DependInfo.cmake --color=
Dependencies file "distributed/CMakeFiles/scaleBenchmark.dir/exes/scaleBenchmark.cc.o.d" is newer than depends file "/pcissd/cxy_test/vidb_project/LedgerDatabase/build_release_ledgerdb/distributed/CMakeFiles/scaleBenchmark.dir/compiler_depend.internal".
Dependencies file "distributed/CMakeFiles/rangeBenchmark.dir/exes/rangeBenchmark.cc.o.d" is newer than depends file "/pcissd/cxy_test/vidb_project/LedgerDatabase/build_release_ledgerdb/distributed/CMakeFiles/rangeBenchmark.dir/compiler_depend.internal".
Dependencies file "distributed/CMakeFiles/updateBenchmark.dir/exes/updateBenchmark.cc.o.d" is newer than depends file "/pcissd/cxy_test/vidb_project/LedgerDatabase/build_release_ledgerdb/distributed/CMakeFiles/updateBenchmark.dir/compiler_depend.internal".
make[2]: Entering directory '/pcissd/cxy_test/vidb_project/LedgerDatabase/build_release_ledgerdb'
make[2]: Entering directory '/pcissd/cxy_test/vidb_project/LedgerDatabase/build_release_ledgerdb'
[ 76%] Linking CXX executable ../bin/microseqBenchmark
[ 77%] Linking CXX executable ../bin/microBenchmark
cd /pcissd/cxy_test/vidb_project/LedgerDatabase/build_release_ledgerdb/distributed && /usr/local/opt/cmake-3.22.1/bin/cmake -E cmake_link_script CMakeFiles/microseqBenchmark.dir/link.txt --verbose=1
cd /pcissd/cxy_test/vidb_project/LedgerDatabase/build_release_ledgerdb/distributed && /usr/local/opt/cmake-3.22.1/bin/cmake -E cmake_link_script CMakeFiles/microBenchmark.dir/link.txt --verbose=1
/usr/bin/c++  -std=c++11 -O2 -pthread -lssl -Wall -Wno-unused-function -fPIC CMakeFiles/microseqBenchmark.dir/exes/microseqBenchmark.cc.o -o ../bin/microseqBenchmark  -Wl,-rpath,/pcissd/cxy_test/vidb_project/LedgerDatabase/build_release_ledgerdb/lib:/usr/local/lib:/usr/local/opt/boost1.67/lib ../lib/libdist.so ../lib/libledger.so /usr/local/lib/libevent.so /usr/local/lib/libevent_openssl.so /usr/local/lib/libevent_core.so /usr/local/lib/libevent_extra.so /usr/local/lib/libevent_pthreads.so /usr/local/lib/libevent_extra.so /usr/local/lib/libevent_pthreads.so -levent_openssl -lcrypto /usr/local/lib/libprotobuf.so /usr/local/opt/boost1.67/lib/libboost_filesystem.so /usr/local/opt/boost1.67/lib/libboost_program_options.so /usr/local/opt/boost1.67/lib/libboost_thread.so /usr/local/opt/boost1.67/lib/libboost_system.so /usr/local/opt/boost1.67/lib/libboost_chrono.so /usr/local/opt/boost1.67/lib/libboost_date_time.so /usr/local/opt/boost1.67/lib/libboost_atomic.so /usr/local/lib/librocksdb.so /usr/local/lib/libcryptopp.a -ltbb 
/usr/bin/c++  -std=c++11 -O2 -pthread -lssl -Wall -Wno-unused-function -fPIC CMakeFiles/microBenchmark.dir/exes/microBenchmark.cc.o -o ../bin/microBenchmark  -Wl,-rpath,/pcissd/cxy_test/vidb_project/LedgerDatabase/build_release_ledgerdb/lib:/usr/local/lib:/usr/local/opt/boost1.67/lib ../lib/libdist.so ../lib/libledger.so /usr/local/lib/libevent.so /usr/local/lib/libevent_openssl.so /usr/local/lib/libevent_core.so /usr/local/lib/libevent_extra.so /usr/local/lib/libevent_pthreads.so /usr/local/lib/libevent_extra.so /usr/local/lib/libevent_pthreads.so -levent_openssl -lcrypto /usr/local/lib/libprotobuf.so /usr/local/opt/boost1.67/lib/libboost_filesystem.so /usr/local/opt/boost1.67/lib/libboost_program_options.so /usr/local/opt/boost1.67/lib/libboost_thread.so /usr/local/opt/boost1.67/lib/libboost_system.so /usr/local/opt/boost1.67/lib/libboost_chrono.so /usr/local/opt/boost1.67/lib/libboost_date_time.so /usr/local/opt/boost1.67/lib/libboost_atomic.so /usr/local/lib/librocksdb.so /usr/local/lib/libcryptopp.a -ltbb 
Consolidate compiler generated dependencies of target scaleBenchmark
make[2]: Leaving directory '/pcissd/cxy_test/vidb_project/LedgerDatabase/build_release_ledgerdb'
make  -f distributed/CMakeFiles/scaleBenchmark.dir/build.make distributed/CMakeFiles/scaleBenchmark.dir/build
Consolidate compiler generated dependencies of target updateBenchmark
Consolidate compiler generated dependencies of target rangeBenchmark
make[2]: Leaving directory '/pcissd/cxy_test/vidb_project/LedgerDatabase/build_release_ledgerdb'
make[2]: Leaving directory '/pcissd/cxy_test/vidb_project/LedgerDatabase/build_release_ledgerdb'
make  -f distributed/CMakeFiles/updateBenchmark.dir/build.make distributed/CMakeFiles/updateBenchmark.dir/build
make  -f distributed/CMakeFiles/rangeBenchmark.dir/build.make distributed/CMakeFiles/rangeBenchmark.dir/build
make[2]: Entering directory '/pcissd/cxy_test/vidb_project/LedgerDatabase/build_release_ledgerdb'
make[2]: Entering directory '/pcissd/cxy_test/vidb_project/LedgerDatabase/build_release_ledgerdb'
make[2]: Entering directory '/pcissd/cxy_test/vidb_project/LedgerDatabase/build_release_ledgerdb'
[ 78%] Linking CXX executable ../bin/scaleBenchmark
cd /pcissd/cxy_test/vidb_project/LedgerDatabase/build_release_ledgerdb/distributed && /usr/local/opt/cmake-3.22.1/bin/cmake -E cmake_link_script CMakeFiles/scaleBenchmark.dir/link.txt --verbose=1
[ 79%] Linking CXX executable ../bin/updateBenchmark
[ 80%] Linking CXX executable ../bin/rangeBenchmark
cd /pcissd/cxy_test/vidb_project/LedgerDatabase/build_release_ledgerdb/distributed && /usr/local/opt/cmake-3.22.1/bin/cmake -E cmake_link_script CMakeFiles/updateBenchmark.dir/link.txt --verbose=1
cd /pcissd/cxy_test/vidb_project/LedgerDatabase/build_release_ledgerdb/distributed && /usr/local/opt/cmake-3.22.1/bin/cmake -E cmake_link_script CMakeFiles/rangeBenchmark.dir/link.txt --verbose=1
/usr/bin/c++  -std=c++11 -O2 -pthread -lssl -Wall -Wno-unused-function -fPIC CMakeFiles/scaleBenchmark.dir/exes/scaleBenchmark.cc.o -o ../bin/scaleBenchmark  -Wl,-rpath,/pcissd/cxy_test/vidb_project/LedgerDatabase/build_release_ledgerdb/lib:/usr/local/lib:/usr/local/opt/boost1.67/lib ../lib/libdist.so ../lib/libledger.so /usr/local/lib/libevent.so /usr/local/lib/libevent_openssl.so /usr/local/lib/libevent_core.so /usr/local/lib/libevent_extra.so /usr/local/lib/libevent_pthreads.so /usr/local/lib/libevent_extra.so /usr/local/lib/libevent_pthreads.so -levent_openssl -lcrypto /usr/local/lib/libprotobuf.so /usr/local/opt/boost1.67/lib/libboost_filesystem.so /usr/local/opt/boost1.67/lib/libboost_program_options.so /usr/local/opt/boost1.67/lib/libboost_thread.so /usr/local/opt/boost1.67/lib/libboost_system.so /usr/local/opt/boost1.67/lib/libboost_chrono.so /usr/local/opt/boost1.67/lib/libboost_date_time.so /usr/local/opt/boost1.67/lib/libboost_atomic.so /usr/local/lib/librocksdb.so /usr/local/lib/libcryptopp.a -ltbb 
/usr/bin/c++  -std=c++11 -O2 -pthread -lssl -Wall -Wno-unused-function -fPIC CMakeFiles/updateBenchmark.dir/exes/updateBenchmark.cc.o -o ../bin/updateBenchmark  -Wl,-rpath,/pcissd/cxy_test/vidb_project/LedgerDatabase/build_release_ledgerdb/lib:/usr/local/lib:/usr/local/opt/boost1.67/lib ../lib/libdist.so ../lib/libledger.so /usr/local/lib/libevent.so /usr/local/lib/libevent_openssl.so /usr/local/lib/libevent_core.so /usr/local/lib/libevent_extra.so /usr/local/lib/libevent_pthreads.so /usr/local/lib/libevent_extra.so /usr/local/lib/libevent_pthreads.so -levent_openssl -lcrypto /usr/local/lib/libprotobuf.so /usr/local/opt/boost1.67/lib/libboost_filesystem.so /usr/local/opt/boost1.67/lib/libboost_program_options.so /usr/local/opt/boost1.67/lib/libboost_thread.so /usr/local/opt/boost1.67/lib/libboost_system.so /usr/local/opt/boost1.67/lib/libboost_chrono.so /usr/local/opt/boost1.67/lib/libboost_date_time.so /usr/local/opt/boost1.67/lib/libboost_atomic.so /usr/local/lib/librocksdb.so /usr/local/lib/libcryptopp.a -ltbb 
/usr/bin/c++  -std=c++11 -O2 -pthread -lssl -Wall -Wno-unused-function -fPIC CMakeFiles/rangeBenchmark.dir/exes/rangeBenchmark.cc.o -o ../bin/rangeBenchmark  -Wl,-rpath,/pcissd/cxy_test/vidb_project/LedgerDatabase/build_release_ledgerdb/lib:/usr/local/lib:/usr/local/opt/boost1.67/lib ../lib/libdist.so ../lib/libledger.so /usr/local/lib/libevent.so /usr/local/lib/libevent_openssl.so /usr/local/lib/libevent_core.so /usr/local/lib/libevent_extra.so /usr/local/lib/libevent_pthreads.so /usr/local/lib/libevent_extra.so /usr/local/lib/libevent_pthreads.so -levent_openssl -lcrypto /usr/local/lib/libprotobuf.so /usr/local/opt/boost1.67/lib/libboost_filesystem.so /usr/local/opt/boost1.67/lib/libboost_program_options.so /usr/local/opt/boost1.67/lib/libboost_thread.so /usr/local/opt/boost1.67/lib/libboost_system.so /usr/local/opt/boost1.67/lib/libboost_chrono.so /usr/local/opt/boost1.67/lib/libboost_date_time.so /usr/local/opt/boost1.67/lib/libboost_atomic.so /usr/local/lib/librocksdb.so /usr/local/lib/libcryptopp.a -ltbb 
make[2]: Leaving directory '/pcissd/cxy_test/vidb_project/LedgerDatabase/build_release_ledgerdb'
[ 82%] Built target auditClient
make  -f distributed/CMakeFiles/lineageBenchmarkV1.dir/build.make distributed/CMakeFiles/lineageBenchmarkV1.dir/depend
make[2]: Entering directory '/pcissd/cxy_test/vidb_project/LedgerDatabase/build_release_ledgerdb'
cd /pcissd/cxy_test/vidb_project/LedgerDatabase/build_release_ledgerdb && /usr/local/opt/cmake-3.22.1/bin/cmake -E cmake_depends "Unix Makefiles" /pcissd/cxy_test/vidb_project/LedgerDatabase /pcissd/cxy_test/vidb_project/LedgerDatabase/distributed /pcissd/cxy_test/vidb_project/LedgerDatabase/build_release_ledgerdb /pcissd/cxy_test/vidb_project/LedgerDatabase/build_release_ledgerdb/distributed /pcissd/cxy_test/vidb_project/LedgerDatabase/build_release_ledgerdb/distributed/CMakeFiles/lineageBenchmarkV1.dir/DependInfo.cmake --color=
Dependencies file "distributed/CMakeFiles/lineageBenchmarkV1.dir/exes/lineageBenchmarkV1.cc.o.d" is newer than depends file "/pcissd/cxy_test/vidb_project/LedgerDatabase/build_release_ledgerdb/distributed/CMakeFiles/lineageBenchmarkV1.dir/compiler_depend.internal".
Consolidate compiler generated dependencies of target lineageBenchmarkV1
make[2]: Leaving directory '/pcissd/cxy_test/vidb_project/LedgerDatabase/build_release_ledgerdb'
make  -f distributed/CMakeFiles/lineageBenchmarkV1.dir/build.make distributed/CMakeFiles/lineageBenchmarkV1.dir/build
make[2]: Entering directory '/pcissd/cxy_test/vidb_project/LedgerDatabase/build_release_ledgerdb'
[ 83%] Linking CXX executable ../bin/lineageBenchmarkV1
cd /pcissd/cxy_test/vidb_project/LedgerDatabase/build_release_ledgerdb/distributed && /usr/local/opt/cmake-3.22.1/bin/cmake -E cmake_link_script CMakeFiles/lineageBenchmarkV1.dir/link.txt --verbose=1
/usr/bin/c++  -std=c++11 -O2 -pthread -lssl -Wall -Wno-unused-function -fPIC CMakeFiles/lineageBenchmarkV1.dir/exes/lineageBenchmarkV1.cc.o -o ../bin/lineageBenchmarkV1  -Wl,-rpath,/pcissd/cxy_test/vidb_project/LedgerDatabase/build_release_ledgerdb/lib:/usr/local/lib:/usr/local/opt/boost1.67/lib ../lib/libdist.so ../lib/libledger.so /usr/local/lib/libevent.so /usr/local/lib/libevent_openssl.so /usr/local/lib/libevent_core.so /usr/local/lib/libevent_extra.so /usr/local/lib/libevent_pthreads.so /usr/local/lib/libevent_extra.so /usr/local/lib/libevent_pthreads.so -levent_openssl -lcrypto /usr/local/lib/libprotobuf.so /usr/local/opt/boost1.67/lib/libboost_filesystem.so /usr/local/opt/boost1.67/lib/libboost_program_options.so /usr/local/opt/boost1.67/lib/libboost_thread.so /usr/local/opt/boost1.67/lib/libboost_system.so /usr/local/opt/boost1.67/lib/libboost_chrono.so /usr/local/opt/boost1.67/lib/libboost_date_time.so /usr/local/opt/boost1.67/lib/libboost_atomic.so /usr/local/lib/librocksdb.so /usr/local/lib/libcryptopp.a -ltbb 
make[2]: Leaving directory '/pcissd/cxy_test/vidb_project/LedgerDatabase/build_release_ledgerdb'
[ 84%] Built target microBenchmark
make  -f distributed/CMakeFiles/lineageBenchmarkV2.dir/build.make distributed/CMakeFiles/lineageBenchmarkV2.dir/depend
make[2]: Entering directory '/pcissd/cxy_test/vidb_project/LedgerDatabase/build_release_ledgerdb'
cd /pcissd/cxy_test/vidb_project/LedgerDatabase/build_release_ledgerdb && /usr/local/opt/cmake-3.22.1/bin/cmake -E cmake_depends "Unix Makefiles" /pcissd/cxy_test/vidb_project/LedgerDatabase /pcissd/cxy_test/vidb_project/LedgerDatabase/distributed /pcissd/cxy_test/vidb_project/LedgerDatabase/build_release_ledgerdb /pcissd/cxy_test/vidb_project/LedgerDatabase/build_release_ledgerdb/distributed /pcissd/cxy_test/vidb_project/LedgerDatabase/build_release_ledgerdb/distributed/CMakeFiles/lineageBenchmarkV2.dir/DependInfo.cmake --color=
Dependencies file "distributed/CMakeFiles/lineageBenchmarkV2.dir/exes/lineageBenchmarkV2.cc.o.d" is newer than depends file "/pcissd/cxy_test/vidb_project/LedgerDatabase/build_release_ledgerdb/distributed/CMakeFiles/lineageBenchmarkV2.dir/compiler_depend.internal".
make[2]: Leaving directory '/pcissd/cxy_test/vidb_project/LedgerDatabase/build_release_ledgerdb'
[ 85%] Built target microseqBenchmark
make  -f test/CMakeFiles/test_ledger.dir/build.make test/CMakeFiles/test_ledger.dir/depend
make[2]: Entering directory '/pcissd/cxy_test/vidb_project/LedgerDatabase/build_release_ledgerdb'
cd /pcissd/cxy_test/vidb_project/LedgerDatabase/build_release_ledgerdb && /usr/local/opt/cmake-3.22.1/bin/cmake -E cmake_depends "Unix Makefiles" /pcissd/cxy_test/vidb_project/LedgerDatabase /pcissd/cxy_test/vidb_project/LedgerDatabase/test /pcissd/cxy_test/vidb_project/LedgerDatabase/build_release_ledgerdb /pcissd/cxy_test/vidb_project/LedgerDatabase/build_release_ledgerdb/test /pcissd/cxy_test/vidb_project/LedgerDatabase/build_release_ledgerdb/test/CMakeFiles/test_ledger.dir/DependInfo.cmake --color=
Consolidate compiler generated dependencies of target lineageBenchmarkV2
make[2]: Leaving directory '/pcissd/cxy_test/vidb_project/LedgerDatabase/build_release_ledgerdb'
make  -f distributed/CMakeFiles/lineageBenchmarkV2.dir/build.make distributed/CMakeFiles/lineageBenchmarkV2.dir/build
Dependencies file "test/CMakeFiles/test_ledger.dir/gtest/gtest_main.cc.o.d" is newer than depends file "/pcissd/cxy_test/vidb_project/LedgerDatabase/build_release_ledgerdb/test/CMakeFiles/test_ledger.dir/compiler_depend.internal".
Dependencies file "test/CMakeFiles/test_ledger.dir/ledger/test_merkle_tree.cc.o.d" is newer than depends file "/pcissd/cxy_test/vidb_project/LedgerDatabase/build_release_ledgerdb/test/CMakeFiles/test_ledger.dir/compiler_depend.internal".
Dependencies file "test/CMakeFiles/test_ledger.dir/ledger/test_mpt.cc.o.d" is newer than depends file "/pcissd/cxy_test/vidb_project/LedgerDatabase/build_release_ledgerdb/test/CMakeFiles/test_ledger.dir/compiler_depend.internal".
Dependencies file "test/CMakeFiles/test_ledger.dir/ledger/test_range.cc.o.d" is newer than depends file "/pcissd/cxy_test/vidb_project/LedgerDatabase/build_release_ledgerdb/test/CMakeFiles/test_ledger.dir/compiler_depend.internal".
Dependencies file "test/CMakeFiles/test_ledger.dir/ledger/test_skiplist.cc.o.d" is newer than depends file "/pcissd/cxy_test/vidb_project/LedgerDatabase/build_release_ledgerdb/test/CMakeFiles/test_ledger.dir/compiler_depend.internal".
Dependencies file "test/CMakeFiles/test_ledger.dir/ledger/test_storage.cc.o.d" is newer than depends file "/pcissd/cxy_test/vidb_project/LedgerDatabase/build_release_ledgerdb/test/CMakeFiles/test_ledger.dir/compiler_depend.internal".
make[2]: Leaving directory '/pcissd/cxy_test/vidb_project/LedgerDatabase/build_release_ledgerdb'
[ 86%] Built target rangeBenchmark
make[2]: Entering directory '/pcissd/cxy_test/vidb_project/LedgerDatabase/build_release_ledgerdb'
[ 87%] Linking CXX executable ../bin/lineageBenchmarkV2
cd /pcissd/cxy_test/vidb_project/LedgerDatabase/build_release_ledgerdb/distributed && /usr/local/opt/cmake-3.22.1/bin/cmake -E cmake_link_script CMakeFiles/lineageBenchmarkV2.dir/link.txt --verbose=1
/usr/bin/c++  -std=c++11 -O2 -pthread -lssl -Wall -Wno-unused-function -fPIC CMakeFiles/lineageBenchmarkV2.dir/exes/lineageBenchmarkV2.cc.o -o ../bin/lineageBenchmarkV2  -Wl,-rpath,/pcissd/cxy_test/vidb_project/LedgerDatabase/build_release_ledgerdb/lib:/usr/local/lib:/usr/local/opt/boost1.67/lib ../lib/libdist.so ../lib/libledger.so /usr/local/lib/libevent.so /usr/local/lib/libevent_openssl.so /usr/local/lib/libevent_core.so /usr/local/lib/libevent_extra.so /usr/local/lib/libevent_pthreads.so /usr/local/lib/libevent_extra.so /usr/local/lib/libevent_pthreads.so -levent_openssl -lcrypto /usr/local/lib/libprotobuf.so /usr/local/opt/boost1.67/lib/libboost_filesystem.so /usr/local/opt/boost1.67/lib/libboost_program_options.so /usr/local/opt/boost1.67/lib/libboost_thread.so /usr/local/opt/boost1.67/lib/libboost_system.so /usr/local/opt/boost1.67/lib/libboost_chrono.so /usr/local/opt/boost1.67/lib/libboost_date_time.so /usr/local/opt/boost1.67/lib/libboost_atomic.so /usr/local/lib/librocksdb.so /usr/local/lib/libcryptopp.a -ltbb 
make[2]: Leaving directory '/pcissd/cxy_test/vidb_project/LedgerDatabase/build_release_ledgerdb'
[ 88%] Built target scaleBenchmark
Consolidate compiler generated dependencies of target test_ledger
make[2]: Leaving directory '/pcissd/cxy_test/vidb_project/LedgerDatabase/build_release_ledgerdb'
make  -f test/CMakeFiles/test_ledger.dir/build.make test/CMakeFiles/test_ledger.dir/build
make[2]: Entering directory '/pcissd/cxy_test/vidb_project/LedgerDatabase/build_release_ledgerdb'
[ 89%] Linking CXX executable ../bin/test_ledger
cd /pcissd/cxy_test/vidb_project/LedgerDatabase/build_release_ledgerdb/test && /usr/local/opt/cmake-3.22.1/bin/cmake -E cmake_link_script CMakeFiles/test_ledger.dir/link.txt --verbose=1
make[2]: Leaving directory '/pcissd/cxy_test/vidb_project/LedgerDatabase/build_release_ledgerdb'
/usr/bin/c++  -std=c++11 -O2 -pthread -lssl -Wall -Wno-unused-function -fPIC CMakeFiles/test_ledger.dir/gtest/gtest_main.cc.o CMakeFiles/test_ledger.dir/ledger/test_merkle_tree.cc.o CMakeFiles/test_ledger.dir/ledger/test_mpt.cc.o CMakeFiles/test_ledger.dir/ledger/test_range.cc.o CMakeFiles/test_ledger.dir/ledger/test_skiplist.cc.o CMakeFiles/test_ledger.dir/ledger/test_storage.cc.o -o ../bin/test_ledger  -Wl,-rpath,/pcissd/cxy_test/vidb_project/LedgerDatabase/build_release_ledgerdb/lib:/usr/local/opt/boost1.67/lib:/usr/local/lib ../lib/libgtest.a ../lib/libledger.so /usr/local/opt/boost1.67/lib/libboost_filesystem.so /usr/local/opt/boost1.67/lib/libboost_program_options.so /usr/local/opt/boost1.67/lib/libboost_thread.so /usr/local/opt/boost1.67/lib/libboost_system.so /usr/local/opt/boost1.67/lib/libboost_chrono.so /usr/local/opt/boost1.67/lib/libboost_date_time.so /usr/local/opt/boost1.67/lib/libboost_atomic.so /usr/local/lib/librocksdb.so /usr/local/lib/libcryptopp.a -ltbb 
[ 91%] Built target updateBenchmark
make[2]: Leaving directory '/pcissd/cxy_test/vidb_project/LedgerDatabase/build_release_ledgerdb'
[ 92%] Built target lineageBenchmarkV1
make[2]: Leaving directory '/pcissd/cxy_test/vidb_project/LedgerDatabase/build_release_ledgerdb'
[ 98%] Built target test_ledger
make[2]: Leaving directory '/pcissd/cxy_test/vidb_project/LedgerDatabase/build_release_ledgerdb'
[100%] Built target lineageBenchmarkV2
make[1]: Leaving directory '/pcissd/cxy_test/vidb_project/LedgerDatabase/build_release_ledgerdb'
/usr/local/opt/cmake-3.22.1/bin/cmake -E cmake_progress_start /pcissd/cxy_test/vidb_project/LedgerDatabase/build_release_ledgerdb/CMakeFiles 0
