entry_count,batch_size,value_size,load_latency,get_latency,put_latency,load_throughput,get_throughput,put_throughput
1000000,500,1024,0.18499393069306933,0.008460974999999999,0.018552149999999996,57954.963366336626,70092.03000000001,28243.46
1000000,1000,1024,0.17176914851485145,0.0103682935,0.033897300000000005,60125.12574257425,110109.56999999999,30609.439999999995
1000000,2000,1024,0.17494918811881188,0.013332904999999997,0.074367705,58329.97821782178,164294.725,28007.170000000002
1000000,3000,1024,0.17290954455445545,0.017942674999999998,0.11284095000000001,59481.18811881187,187173.88499999998,27497.965000000004
1000000,4000,1024,0.1817393267326732,0.020176060000000003,0.1440601,57106.408910891085,212595.705,28080.260000000002
1000000,5000,1024,0.17728320792079205,0.023118529999999998,0.20367225000000003,57640.66138613862,232412.23500000002,25058.870000000003
