entry_count,batch_size,value_size,load_latency,get_latency,put_latency,load_throughput,get_throughput,put_throughput
1000000,500,1024,4.666462475247525,0.5157802499999999,0.1116817,2448.803227722772,981.1399000000001,4502.19
1000000,1000,1024,4.828197029702969,1.0847304999999998,0.23434395000000002,2386.5063267326736,924.1408000000001,4284.4929999999995
1000000,2000,1024,4.8408006930693075,2.1218624999999998,0.45562204999999995,2374.408831683168,948.8102999999999,4418.88
1000000,3000,1024,4.782658514851486,3.1803284999999994,0.76808225,2395.2869702970293,944.531,3911.1629999999996
1000000,4000,1024,4.723383267326732,6.015448999999999,1.04996805,2435.310702970297,665.2300000000001,3817.3380000000006
1000000,5000,1024,4.728968217821782,5.180938499999999,1.6488749999999999,2408.0228613861386,965.8042000000002,3047.6774999999993
