entry_count,batch_size,value_size,load_latency,get_latency,put_latency,load_throughput,get_throughput,put_throughput
1000000,500,1024,0.28219823762376234,0.019855785,0.07448632000000001,36048.99405940594,25310.305,7017.4295
1000000,1000,1024,0.28155560396039603,0.035177440000000004,0.13480930000000002,36135.37920792079,28658.620000000003,7740.590000000001
1000000,2000,1024,0.2906586831683168,0.060076279999999996,0.26343635,35080.09207920793,34026.625,7646.505499999999
1000000,3000,1024,0.29995008910891086,0.08370461999999998,0.35001595,34207.223762376234,36911.030000000006,8645.324499999999
1000000,4000,1024,0.27902232673267324,0.09167570500000001,0.46542445,36668.300990099015,45803.634999999995,8657.8225
1000000,5000,1024,0.2811859702970297,0.11646393499999999,0.5950738499999999,36270.73564356435,46540.31,8504.85
