entry_count,batch_size,value_size,load_latency,get_latency,put_latency,load_throughput,get_throughput,put_throughput
1000000,500,1024,0.1789764257425743,0.007953545999999999,0.020818995,57624.919801980184,62956.045000000006,26058.365
1000000,1000,1024,0.18529178217821782,0.01760577,0.041932714999999995,55743.7603960396,56933.815,24420.745000000003
1000000,2000,1024,0.18194663366336633,0.037319815,0.08007012,56806.04752475248,54385.520000000004,25309.074999999997
1000000,3000,1024,0.19366078217821783,0.066735925,0.13644189999999998,53179.22673267326,45579.780000000006,22566.435000000005
1000000,4000,1024,0.1860549306930693,0.08076766,0.1782714,55157.75940594059,49627.645,22747.874999999996
1000000,5000,1024,0.18362912871287132,0.095477305,0.20957195,56622.73465346535,52475.354999999996,24056.035
