=== sqlledger Scale Benchmark 运行日志 ===
开始时间: Sun Mar 22 09:46:14 AM CST 2026
脚本目录: /pcissd/cxy_test/vidb_project/LedgerDatabase/exps
========================================

[2026-03-22 09:46:14] [INFO] 运行默认测试模式...
[2026-03-22 09:46:14] [WARNING] 清理旧数据库数据...
[2026-03-22 09:46:28] [INFO] 启动基准测试...
=== 基准测试输出开始 ===
Benchmark Configuration:
  Write Batch Size: 10000 records
  Read Batch Size:  10000 records
  Key Length:       32 bytes
  Value Length:     512 bytes
  Database Directory: /pcissd/cxy_test/vidb_project/LedgerDatabase/exps/data/
  Result Directory:  /pcissd/cxy_test/vidb_project/LedgerDatabase/exps/results_sqlledger/
  Result File:       /pcissd/cxy_test/vidb_project/LedgerDatabase/exps/results_sqlledger/scaleBenchmark_20260322_094614.csv

initialize database .../pcissd/cxy_test/vidb_project/LedgerDatabase/exps/data/
initialized database
====================== Test Configuration =====================
Write Batch Size: 10000 records
Read Batch Size:  10000 records
Key Length:       32 bytes
Value Length:     512 bytes
Test Scales:      1000 → 10000 → 100000 → 1000000 → 10000000 → 100000000 → 1000000000
===============================================================

========== Starting Scale Benchmark ==========

========== Testing at data scale: 1,000 ==========
Writing 1000 incremental records (keys: 1-1000, total: 1000)
tip block: 0----0
Test Results: 
  Total Disk Usage: 1.85 MB
  Average Per Record: 1923.45 bytes
[test batch write] generate key value
[test batch write] write data
[test batch write] flush
tip block: 0----1
  Write Throughput: 8374.90 records/sec
  Read Throughput:  157465.95 records/sec
  Current Memory:   48.39 MB
  Peak Memory:      51.23 MB
  Memory Per Record: 50741.25 bytes

========== Testing at data scale: 10,000 ==========
Writing 9000 incremental records (keys: 1001-10000, total: 10000)
tip block: 1----2
Test Results: 
  Total Disk Usage: 31.66 MB
  Average Per Record: 3317.68 bytes
[test batch write] generate key value
[test batch write] write data
[test batch write] flush
tip block: 2----3
  Write Throughput: 7957.68 records/sec
  Read Throughput:  118166.18 records/sec
  Current Memory:   85.94 MB
  Peak Memory:      85.94 MB
  Memory Per Record: 9011.20 bytes

========== Testing at data scale: 100,000 ==========
Writing 90000 incremental records (keys: 10001-100000, total: 100000)
write base data version: 100, memory: 215740416 bytes (205.75 MB)
tip block: 5----7
Test Results: 
  Total Disk Usage: 217.39 MB
  Average Per Record: 2279.33 bytes
[test batch write] generate key value
[test batch write] write data
[test batch write] flush
tip block: 8----8
  Write Throughput: 25327.35 records/sec
  Read Throughput:  93277.47 records/sec
  Current Memory:   252.49 MB
  Peak Memory:      279.57 MB
  Memory Per Record: 2647.53 bytes

========== Testing at data scale: 1,000,000 ==========
Writing 900000 incremental records (keys: 100001-1000000, total: 1000000)
write base data version: 200, memory: 411029504 bytes (391.99 MB)
write base data version: 300, memory: 559222784 bytes (533.32 MB)
write base data version: 400, memory: 189800448 bytes (181.01 MB)
write base data version: 500, memory: 331538432 bytes (316.18 MB)
write base data version: 600, memory: 474935296 bytes (452.93 MB)
write base data version: 700, memory: 613777408 bytes (585.34 MB)
write base data version: 800, memory: 252608512 bytes (240.91 MB)
write base data version: 900, memory: 387665920 bytes (369.71 MB)
write base data version: 1000, memory: 528384000 bytes (503.91 MB)
tip block: 31----33
Test Results: 
  Total Disk Usage: 1836.43 MB
  Average Per Record: 1925.62 bytes
[test batch write] generate key value
[test batch write] write data
[test batch write] flush
tip block: 34----34
  Write Throughput: 15735.62 records/sec
  Read Throughput:  53030.95 records/sec
  Current Memory:   652.75 MB
  Peak Memory:      662.64 MB
  Memory Per Record: 684.46 bytes

========== Testing at data scale: 10,000,000 ==========
Writing 9000000 incremental records (keys: 1000001-10000000, total: 10000000)
write base data version: 1100, memory: 304369664 bytes (290.27 MB)
write base data version: 1200, memory: 446607360 bytes (425.92 MB)
write base data version: 1300, memory: 589074432 bytes (561.79 MB)
write base data version: 1400, memory: 731414528 bytes (697.53 MB)
write base data version: 1500, memory: 372568064 bytes (355.31 MB)
write base data version: 1600, memory: 521768960 bytes (497.60 MB)
write base data version: 1700, memory: 649867264 bytes (619.76 MB)
write base data version: 1800, memory: 805752832 bytes (768.43 MB)
write base data version: 1900, memory: 425107456 bytes (405.41 MB)
write base data version: 2000, memory: 566730752 bytes (540.48 MB)
write base data version: 2100, memory: 709152768 bytes (676.30 MB)
write base data version: 2200, memory: 345616384 bytes (329.61 MB)
write base data version: 2300, memory: 492277760 bytes (469.47 MB)
write base data version: 2400, memory: 643330048 bytes (613.53 MB)
write base data version: 2500, memory: 781987840 bytes (745.76 MB)
write base data version: 2600, memory: 421908480 bytes (402.36 MB)
write base data version: 2700, memory: 563507200 bytes (537.40 MB)
write base data version: 2800, memory: 704851968 bytes (672.20 MB)
write base data version: 2900, memory: 854499328 bytes (814.91 MB)
write base data version: 3000, memory: 487243776 bytes (464.67 MB)
write base data version: 3100, memory: 641085440 bytes (611.39 MB)
write base data version: 3200, memory: 777211904 bytes (741.21 MB)
write base data version: 3300, memory: 421531648 bytes (402.00 MB)
write base data version: 3400, memory: 562180096 bytes (536.14 MB)
write base data version: 3500, memory: 705884160 bytes (673.18 MB)
write base data version: 3600, memory: 848289792 bytes (808.99 MB)
write base data version: 3700, memory: 489308160 bytes (466.64 MB)
write base data version: 3800, memory: 640647168 bytes (610.97 MB)
write base data version: 3900, memory: 781979648 bytes (745.75 MB)
write base data version: 4000, memory: 928788480 bytes (885.76 MB)
write base data version: 4100, memory: 565411840 bytes (539.22 MB)
write base data version: 4200, memory: 702689280 bytes (670.14 MB)
write base data version: 4300, memory: 847253504 bytes (808.00 MB)
write base data version: 4400, memory: 481779712 bytes (459.46 MB)
write base data version: 4500, memory: 635023360 bytes (605.61 MB)
write base data version: 4600, memory: 775286784 bytes (739.37 MB)
write base data version: 4700, memory: 931401728 bytes (888.25 MB)
write base data version: 4800, memory: 566095872 bytes (539.87 MB)
write base data version: 4900, memory: 707293184 bytes (674.53 MB)
write base data version: 5000, memory: 849215488 bytes (809.88 MB)
write base data version: 5100, memory: 994545664 bytes (948.47 MB)
write base data version: 5200, memory: 634556416 bytes (605.16 MB)
write base data version: 5300, memory: 772657152 bytes (736.86 MB)
write base data version: 5400, memory: 931971072 bytes (888.80 MB)
write base data version: 5500, memory: 567767040 bytes (541.46 MB)
write base data version: 5600, memory: 714698752 bytes (681.59 MB)
write base data version: 5700, memory: 855916544 bytes (816.27 MB)
write base data version: 5800, memory: 997634048 bytes (951.42 MB)
write base data version: 5900, memory: 639606784 bytes (609.98 MB)
write base data version: 6000, memory: 787947520 bytes (751.45 MB)
write base data version: 6100, memory: 929603584 bytes (886.54 MB)
write base data version: 6200, memory: 1085681664 bytes (1035.39 MB)
write base data version: 6300, memory: 713351168 bytes (680.30 MB)
write base data version: 6400, memory: 854290432 bytes (814.71 MB)
write base data version: 6500, memory: 999755776 bytes (953.44 MB)
write base data version: 6600, memory: 638119936 bytes (608.56 MB)
write base data version: 6700, memory: 792662016 bytes (755.94 MB)
write base data version: 6800, memory: 928006144 bytes (885.02 MB)
write base data version: 6900, memory: 1086967808 bytes (1036.61 MB)
write base data version: 7000, memory: 724783104 bytes (691.21 MB)
write base data version: 7100, memory: 875208704 bytes (834.66 MB)
write base data version: 7200, memory: 1016590336 bytes (969.50 MB)
write base data version: 7300, memory: 1161486336 bytes (1107.68 MB)
write base data version: 7400, memory: 801583104 bytes (764.45 MB)
write base data version: 7500, memory: 940249088 bytes (896.69 MB)
write base data version: 7600, memory: 1099939840 bytes (1048.98 MB)
write base data version: 7700, memory: 738140160 bytes (703.95 MB)
write base data version: 7800, memory: 891396096 bytes (850.10 MB)
write base data version: 7900, memory: 1033723904 bytes (985.84 MB)
write base data version: 8000, memory: 1175363584 bytes (1120.91 MB)
write base data version: 8100, memory: 814657536 bytes (776.92 MB)
write base data version: 8200, memory: 965259264 bytes (920.54 MB)
write base data version: 8300, memory: 1110638592 bytes (1059.19 MB)
write base data version: 8400, memory: 1259016192 bytes (1200.69 MB)
write base data version: 8500, memory: 885542912 bytes (844.52 MB)
write base data version: 8600, memory: 1026461696 bytes (978.91 MB)
write base data version: 8700, memory: 1167462400 bytes (1113.38 MB)
write base data version: 8800, memory: 803438592 bytes (766.22 MB)
write base data version: 8900, memory: 957603840 bytes (913.24 MB)
write base data version: 9000, memory: 1093218304 bytes (1042.57 MB)
write base data version: 9100, memory: 1246359552 bytes (1188.62 MB)
write base data version: 9200, memory: 889266176 bytes (848.07 MB)
write base data version: 9300, memory: 1041715200 bytes (993.46 MB)
write base data version: 9400, memory: 1187205120 bytes (1132.21 MB)
write base data version: 9500, memory: 1336610816 bytes (1274.69 MB)
write base data version: 9600, memory: 974143488 bytes (929.02 MB)
write base data version: 9700, memory: 1115246592 bytes (1063.58 MB)
write base data version: 9800, memory: 1273262080 bytes (1214.28 MB)
write base data version: 9900, memory: 910712832 bytes (868.52 MB)
write base data version: 10000, memory: 1060777984 bytes (1011.64 MB)
tip block: 303----304
Test Results: 
  Total Disk Usage: 17984.45 MB
  Average Per Record: 1885.80 bytes
[test batch write] generate key value
[test batch write] write data
[test batch write] flush
tip block: 305----305
  Write Throughput: 10832.20 records/sec
  Read Throughput:  30321.98 records/sec
  Current Memory:   1183.15 MB
  Peak Memory:      1340.26 MB
  Memory Per Record: 124.06 bytes

========== Testing at data scale: 100,000,000 ==========
Writing 90000000 incremental records (keys: 10000001-100000000, total: 100000000)
write base data version: 10100, memory: 1376505856 bytes (1312.74 MB)
write base data version: 10200, memory: 1012109312 bytes (965.22 MB)
write base data version: 10300, memory: 1166467072 bytes (1112.43 MB)
write base data version: 10400, memory: 1307353088 bytes (1246.79 MB)
write base data version: 10500, memory: 1458413568 bytes (1390.85 MB)
write base data version: 10600, memory: 1102819328 bytes (1051.73 MB)
write base data version: 10700, memory: 1248079872 bytes (1190.26 MB)
write base data version: 10800, memory: 1399197696 bytes (1334.38 MB)
write base data version: 10900, memory: 1546477568 bytes (1474.84 MB)
write base data version: 11000, memory: 1178955776 bytes (1124.34 MB)
write base data version: 11100, memory: 1315520512 bytes (1254.58 MB)
write base data version: 11200, memory: 1474621440 bytes (1406.31 MB)
write base data version: 11300, memory: 1123692544 bytes (1071.64 MB)
write base data version: 11400, memory: 1242513408 bytes (1184.95 MB)
write base data version: 11500, memory: 1388986368 bytes (1324.64 MB)
write base data version: 11600, memory: 1540583424 bytes (1469.21 MB)
write base data version: 11700, memory: 1174114304 bytes (1119.72 MB)
write base data version: 11800, memory: 1317658624 bytes (1256.62 MB)
write base data version: 11900, memory: 1463050240 bytes (1395.27 MB)
write base data version: 12000, memory: 1604456448 bytes (1530.13 MB)
write base data version: 12100, memory: 1232437248 bytes (1175.34 MB)
write base data version: 12200, memory: 1375727616 bytes (1312.00 MB)
write base data version: 12300, memory: 1520074752 bytes (1449.66 MB)
write base data version: 12400, memory: 1153761280 bytes (1100.31 MB)
write base data version: 12500, memory: 1309757440 bytes (1249.08 MB)
write base data version: 12600, memory: 1451847680 bytes (1384.59 MB)
write base data version: 12700, memory: 1604333568 bytes (1530.01 MB)
write base data version: 12800, memory: 1234399232 bytes (1177.21 MB)
write base data version: 12900, memory: 1388769280 bytes (1324.43 MB)
write base data version: 13000, memory: 1537654784 bytes (1466.42 MB)
write base data version: 13100, memory: 1680171008 bytes (1602.34 MB)
write base data version: 13200, memory: 1310044160 bytes (1249.36 MB)
write base data version: 13300, memory: 1455575040 bytes (1388.14 MB)
write base data version: 13400, memory: 1600610304 bytes (1526.46 MB)
write base data version: 13500, memory: 1753456640 bytes (1672.23 MB)
write base data version: 13600, memory: 1390690304 bytes (1326.27 MB)
write base data version: 13700, memory: 1531719680 bytes (1460.76 MB)
write base data version: 13800, memory: 1682812928 bytes (1604.86 MB)
write base data version: 13900, memory: 1305235456 bytes (1244.77 MB)
write base data version: 14000, memory: 1445773312 bytes (1378.80 MB)
write base data version: 14100, memory: 1576124416 bytes (1503.11 MB)
write base data version: 14200, memory: 1729421312 bytes (1649.30 MB)
write base data version: 14300, memory: 1358630912 bytes (1295.69 MB)
write base data version: 14400, memory: 1504763904 bytes (1435.05 MB)
write base data version: 14500, memory: 1648304128 bytes (1571.95 MB)
write base data version: 14600, memory: 1287974912 bytes (1228.31 MB)
write base data version: 14700, memory: 1442349056 bytes (1375.53 MB)
write base data version: 14800, memory: 1582964736 bytes (1509.63 MB)
write base data version: 14900, memory: 1735266304 bytes (1654.88 MB)
write base data version: 15000, memory: 1357717504 bytes (1294.82 MB)
write base data version: 15100, memory: 1521319936 bytes (1450.84 MB)
write base data version: 15200, memory: 1662447616 bytes (1585.43 MB)
write base data version: 15300, memory: 1811726336 bytes (1727.80 MB)
write base data version: 15400, memory: 1440923648 bytes (1374.17 MB)
write base data version: 15500, memory: 1567350784 bytes (1494.74 MB)
write base data version: 15600, memory: 1710571520 bytes (1631.33 MB)
write base data version: 15700, memory: 1340157952 bytes (1278.07 MB)
write base data version: 15800, memory: 1482911744 bytes (1414.21 MB)
write base data version: 15900, memory: 1623224320 bytes (1548.03 MB)
write base data version: 16000, memory: 1767374848 bytes (1685.50 MB)
write base data version: 16100, memory: 1405501440 bytes (1340.39 MB)
write base data version: 16200, memory: 1560485888 bytes (1488.20 MB)
write base data version: 16300, memory: 1688862720 bytes (1610.62 MB)
write base data version: 16400, memory: 1842491392 bytes (1757.14 MB)
write base data version: 16500, memory: 1476308992 bytes (1407.92 MB)
write base data version: 16600, memory: 1633374208 bytes (1557.71 MB)
write base data version: 16700, memory: 1783062528 bytes (1700.46 MB)
write base data version: 16800, memory: 1417576448 bytes (1351.91 MB)
write base data version: 16900, memory: 1572900864 bytes (1500.04 MB)
write base data version: 17000, memory: 1715556352 bytes (1636.08 MB)
write base data version: 17100, memory: 1862791168 bytes (1776.50 MB)
write base data version: 17200, memory: 1495248896 bytes (1425.98 MB)
write base data version: 17300, memory: 1635516416 bytes (1559.75 MB)
write base data version: 17400, memory: 1779007488 bytes (1696.59 MB)
write base data version: 17500, memory: 1920606208 bytes (1831.63 MB)
write base data version: 17600, memory: 1550843904 bytes (1479.00 MB)
write base data version: 17700, memory: 1693691904 bytes (1615.23 MB)
write base data version: 17800, memory: 1833914368 bytes (1748.96 MB)
write base data version: 17900, memory: 1465085952 bytes (1397.21 MB)
write base data version: 18000, memory: 1611493376 bytes (1536.84 MB)
write base data version: 18100, memory: 1751724032 bytes (1670.57 MB)
write base data version: 18200, memory: 1895145472 bytes (1807.35 MB)
write base data version: 18300, memory: 1535254528 bytes (1464.13 MB)
write base data version: 18400, memory: 1686712320 bytes (1608.57 MB)
write base data version: 18500, memory: 1839583232 bytes (1754.36 MB)
write base data version: 18600, memory: 1975119872 bytes (1883.62 MB)
write base data version: 18700, memory: 1613987840 bytes (1539.22 MB)
write base data version: 18800, memory: 1763205120 bytes (1681.52 MB)
write base data version: 18900, memory: 1903988736 bytes (1815.79 MB)
write base data version: 19000, memory: 1528324096 bytes (1457.52 MB)
write base data version: 19100, memory: 1668689920 bytes (1591.39 MB)
write base data version: 19200, memory: 1812193280 bytes (1728.24 MB)
write base data version: 19300, memory: 1952616448 bytes (1862.16 MB)
write base data version: 19400, memory: 1577041920 bytes (1503.98 MB)
write base data version: 19500, memory: 1716965376 bytes (1637.43 MB)
write base data version: 19600, memory: 1860739072 bytes (1774.54 MB)
write base data version: 19700, memory: 2002251776 bytes (1909.50 MB)
write base data version: 19800, memory: 1646075904 bytes (1569.82 MB)
write base data version: 19900, memory: 1799569408 bytes (1716.20 MB)
write base data version: 20000, memory: 1936105472 bytes (1846.41 MB)
write base data version: 20100, memory: 1573838848 bytes (1500.93 MB)
write base data version: 20200, memory: 1714139136 bytes (1634.73 MB)
write base data version: 20300, memory: 1856909312 bytes (1770.89 MB)
write base data version: 20400, memory: 1999544320 bytes (1906.91 MB)
write base data version: 20500, memory: 1637396480 bytes (1561.54 MB)
write base data version: 20600, memory: 1791651840 bytes (1708.65 MB)
write base data version: 20700, memory: 1928437760 bytes (1839.10 MB)
write base data version: 20800, memory: 2082168832 bytes (1985.71 MB)
write base data version: 20900, memory: 1724477440 bytes (1644.59 MB)
write base data version: 21000, memory: 1869221888 bytes (1782.63 MB)
write base data version: 21100, memory: 2013663232 bytes (1920.38 MB)
write base data version: 21200, memory: 1650151424 bytes (1573.71 MB)
write base data version: 21300, memory: 1803218944 bytes (1719.68 MB)
write base data version: 21400, memory: 1952686080 bytes (1862.23 MB)
write base data version: 21500, memory: 2109587456 bytes (2011.86 MB)
write base data version: 21600, memory: 1724534784 bytes (1644.64 MB)
write base data version: 21700, memory: 1869021184 bytes (1782.44 MB)
write base data version: 21800, memory: 2013016064 bytes (1919.76 MB)
write base data version: 21900, memory: 2153213952 bytes (2053.46 MB)
write base data version: 22000, memory: 1792094208 bytes (1709.07 MB)
write base data version: 22100, memory: 1938157568 bytes (1848.37 MB)
write base data version: 22200, memory: 2067705856 bytes (1971.92 MB)
write base data version: 22300, memory: 1709260800 bytes (1630.08 MB)
write base data version: 22400, memory: 1849184256 bytes (1763.52 MB)
write base data version: 22500, memory: 1992732672 bytes (1900.42 MB)
write base data version: 22600, memory: 2133340160 bytes (2034.51 MB)
write base data version: 22700, memory: 1769185280 bytes (1687.23 MB)
write base data version: 22800, memory: 1909694464 bytes (1821.23 MB)
write base data version: 22900, memory: 2038812672 bytes (1944.36 MB)
write base data version: 23000, memory: 2183876608 bytes (2082.71 MB)
write base data version: 23100, memory: 1808322560 bytes (1724.55 MB)
write base data version: 23200, memory: 1961091072 bytes (1870.24 MB)
write base data version: 23300, memory: 2110570496 bytes (2012.80 MB)
write base data version: 23400, memory: 1741598720 bytes (1660.92 MB)
write base data version: 23500, memory: 1891454976 bytes (1803.83 MB)
write base data version: 23600, memory: 2045464576 bytes (1950.71 MB)
write base data version: 23700, memory: 2190573568 bytes (2089.09 MB)
write base data version: 23800, memory: 1836171264 bytes (1751.11 MB)
write base data version: 23900, memory: 1978421248 bytes (1886.77 MB)
write base data version: 24000, memory: 2124591104 bytes (2026.17 MB)
write base data version: 24100, memory: 2256551936 bytes (2152.02 MB)
write base data version: 24200, memory: 1881767936 bytes (1794.59 MB)
write base data version: 24300, memory: 2028040192 bytes (1934.09 MB)
write base data version: 24400, memory: 2171949056 bytes (2071.33 MB)
write base data version: 24500, memory: 1808781312 bytes (1724.99 MB)
write base data version: 24600, memory: 1964597248 bytes (1873.59 MB)
write base data version: 24700, memory: 2106310656 bytes (2008.73 MB)
write base data version: 24800, memory: 2234396672 bytes (2130.89 MB)
write base data version: 24900, memory: 1869025280 bytes (1782.44 MB)
write base data version: 25000, memory: 2008879104 bytes (1915.82 MB)
write base data version: 25100, memory: 2167205888 bytes (2066.81 MB)
write base data version: 25200, memory: 2318438400 bytes (2211.04 MB)
write base data version: 25300, memory: 1952739328 bytes (1862.28 MB)
write base data version: 25400, memory: 2104446976 bytes (2006.96 MB)
write base data version: 25500, memory: 2249015296 bytes (2144.83 MB)
write base data version: 25600, memory: 1889353728 bytes (1801.83 MB)
write base data version: 25700, memory: 2029764608 bytes (1935.73 MB)
write base data version: 25800, memory: 2175344640 bytes (2074.57 MB)
write base data version: 25900, memory: 2316099584 bytes (2208.80 MB)
write base data version: 26000, memory: 1938784256 bytes (1848.97 MB)
write base data version: 26100, memory: 2082017280 bytes (1985.57 MB)
write base data version: 26200, memory: 2222288896 bytes (2119.34 MB)
write base data version: 26300, memory: 2348720128 bytes (2239.91 MB)
write base data version: 26400, memory: 1973170176 bytes (1881.76 MB)
write base data version: 26500, memory: 2113744896 bytes (2015.82 MB)
write base data version: 26600, memory: 2257793024 bytes (2153.20 MB)
write base data version: 26700, memory: 1884606464 bytes (1797.30 MB)
write base data version: 26800, memory: 2040979456 bytes (1946.43 MB)
write base data version: 26900, memory: 2187825152 bytes (2086.47 MB)
write base data version: 27000, memory: 2334502912 bytes (2226.36 MB)
write base data version: 27100, memory: 1970634752 bytes (1879.34 MB)
write base data version: 27200, memory: 2114904064 bytes (2016.93 MB)
write base data version: 27300, memory: 2256125952 bytes (2151.61 MB)
write base data version: 27400, memory: 2404585472 bytes (2293.19 MB)
write base data version: 27500, memory: 2028032000 bytes (1934.08 MB)
write base data version: 27600, memory: 2168619008 bytes (2068.16 MB)
write base data version: 27700, memory: 2308182016 bytes (2201.25 MB)
write base data version: 27800, memory: 1903742976 bytes (1815.55 MB)
write base data version: 27900, memory: 2044108800 bytes (1949.41 MB)
write base data version: 28000, memory: 2187972608 bytes (2086.61 MB)
write base data version: 28100, memory: 2328104960 bytes (2220.25 MB)
write base data version: 28200, memory: 1968123904 bytes (1876.95 MB)
write base data version: 28300, memory: 2128191488 bytes (2029.60 MB)
write base data version: 28400, memory: 2292690944 bytes (2186.48 MB)
write base data version: 28500, memory: 2441408512 bytes (2328.31 MB)
write base data version: 28600, memory: 2071797760 bytes (1975.82 MB)
write base data version: 28700, memory: 2206433280 bytes (2104.22 MB)
write base data version: 28800, memory: 2346217472 bytes (2237.53 MB)
write base data version: 28900, memory: 1980071936 bytes (1888.34 MB)
write base data version: 29000, memory: 2132701184 bytes (2033.90 MB)
write base data version: 29100, memory: 2283073536 bytes (2177.31 MB)
write base data version: 29200, memory: 2408337408 bytes (2296.77 MB)
write base data version: 29300, memory: 2055962624 bytes (1960.72 MB)
write base data version: 29400, memory: 2208604160 bytes (2106.29 MB)
write base data version: 29500, memory: 2364932096 bytes (2255.38 MB)
write base data version: 29600, memory: 2522996736 bytes (2406.12 MB)
write base data version: 29700, memory: 2153869312 bytes (2054.09 MB)
write base data version: 29800, memory: 2304348160 bytes (2197.60 MB)
write base data version: 29900, memory: 2454691840 bytes (2340.98 MB)
write base data version: 30000, memory: 2091429888 bytes (1994.54 MB)
write base data version: 30100, memory: 2241466368 bytes (2137.63 MB)
write base data version: 30200, memory: 2337759232 bytes (2229.46 MB)
write base data version: 30300, memory: 2480738304 bytes (2365.82 MB)
write base data version: 30400, memory: 2100592640 bytes (2003.28 MB)
write base data version: 30500, memory: 2258227200 bytes (2153.61 MB)
write base data version: 30600, memory: 2397892608 bytes (2286.81 MB)
write base data version: 30700, memory: 2544107520 bytes (2426.25 MB)
write base data version: 30800, memory: 2173894656 bytes (2073.19 MB)
write base data version: 30900, memory: 2322673664 bytes (2215.07 MB)
write base data version: 31000, memory: 2479054848 bytes (2364.21 MB)
write base data version: 31100, memory: 2096197632 bytes (1999.09 MB)
write base data version: 31200, memory: 2238287872 bytes (2134.60 MB)
write base data version: 31300, memory: 2382712832 bytes (2272.33 MB)
write base data version: 31400, memory: 2528264192 bytes (2411.14 MB)
write base data version: 31500, memory: 2155237376 bytes (2055.39 MB)
write base data version: 31600, memory: 2283065344 bytes (2177.30 MB)
write base data version: 31700, memory: 2425606144 bytes (2313.24 MB)
write base data version: 31800, memory: 2572480512 bytes (2453.31 MB)
write base data version: 31900, memory: 2207465472 bytes (2105.20 MB)
write base data version: 32000, memory: 2355544064 bytes (2246.42 MB)
write base data version: 32100, memory: 2510888960 bytes (2394.57 MB)
write base data version: 32200, memory: 2149154816 bytes (2049.59 MB)
write base data version: 32300, memory: 2304385024 bytes (2197.63 MB)
write base data version: 32400, memory: 2452377600 bytes (2338.77 MB)
write base data version: 32500, memory: 2607247360 bytes (2486.46 MB)
write base data version: 32600, memory: 2244771840 bytes (2140.78 MB)
write base data version: 32700, memory: 2392272896 bytes (2281.45 MB)
write base data version: 32800, memory: 2533707776 bytes (2416.33 MB)
write base data version: 32900, memory: 2685734912 bytes (2561.32 MB)
write base data version: 33000, memory: 2315550720 bytes (2208.28 MB)
write base data version: 33100, memory: 2464440320 bytes (2350.27 MB)
write base data version: 33200, memory: 2608898048 bytes (2488.04 MB)
write base data version: 33300, memory: 2243710976 bytes (2139.77 MB)
write base data version: 33400, memory: 2395922432 bytes (2284.93 MB)
write base data version: 33500, memory: 2525765632 bytes (2408.76 MB)
write base data version: 33600, memory: 2676068352 bytes (2552.10 MB)
write base data version: 33700, memory: 2304327680 bytes (2197.58 MB)
write base data version: 33800, memory: 2447355904 bytes (2333.98 MB)
write base data version: 33900, memory: 2590638080 bytes (2470.62 MB)
write base data version: 34000, memory: 2217795584 bytes (2115.05 MB)
write base data version: 34100, memory: 2363576320 bytes (2254.08 MB)
write base data version: 34200, memory: 2493358080 bytes (2377.85 MB)
write base data version: 34300, memory: 2634534912 bytes (2512.49 MB)
write base data version: 34400, memory: 2267271168 bytes (2162.24 MB)
write base data version: 34500, memory: 2422583296 bytes (2310.36 MB)
write base data version: 34600, memory: 2569154560 bytes (2450.14 MB)
write base data version: 34700, memory: 2725089280 bytes (2598.85 MB)
write base data version: 34800, memory: 2356400128 bytes (2247.24 MB)
write base data version: 34900, memory: 2511126528 bytes (2394.80 MB)
write base data version: 35000, memory: 2662318080 bytes (2538.98 MB)
write base data version: 35100, memory: 2313781248 bytes (2206.59 MB)
write base data version: 35200, memory: 2490822656 bytes (2375.43 MB)
write base data version: 35300, memory: 2653970432 bytes (2531.02 MB)
write base data version: 35400, memory: 2786758656 bytes (2657.66 MB)
write base data version: 35500, memory: 2413477888 bytes (2301.67 MB)
write base data version: 35600, memory: 2557788160 bytes (2439.30 MB)
write base data version: 35700, memory: 2713001984 bytes (2587.32 MB)
write base data version: 35800, memory: 2866647040 bytes (2733.85 MB)
write base data version: 35900, memory: 2502406144 bytes (2386.48 MB)
write base data version: 36000, memory: 2651791360 bytes (2528.95 MB)
write base data version: 36100, memory: 2803040256 bytes (2673.19 MB)
write base data version: 36200, memory: 2461200384 bytes (2347.18 MB)
write base data version: 36300, memory: 2622824448 bytes (2501.32 MB)
write base data version: 36400, memory: 2773884928 bytes (2645.38 MB)
write base data version: 36500, memory: 2928214016 bytes (2792.56 MB)
write base data version: 36600, memory: 2564468736 bytes (2445.67 MB)
write base data version: 36700, memory: 2689359872 bytes (2564.77 MB)
write base data version: 36800, memory: 2833408000 bytes (2702.15 MB)
write base data version: 36900, memory: 2980253696 bytes (2842.19 MB)
write base data version: 37000, memory: 2601218048 bytes (2480.71 MB)
write base data version: 37100, memory: 2746032128 bytes (2618.82 MB)
write base data version: 37200, memory: 2886705152 bytes (2752.98 MB)
write base data version: 37300, memory: 2534248448 bytes (2416.85 MB)
write base data version: 37400, memory: 2693828608 bytes (2569.04 MB)
write base data version: 37500, memory: 2850492416 bytes (2718.44 MB)
write base data version: 37600, memory: 2993549312 bytes (2854.87 MB)
write base data version: 37700, memory: 2619645952 bytes (2498.29 MB)
write base data version: 37800, memory: 2768789504 bytes (2640.52 MB)
write base data version: 37900, memory: 2911580160 bytes (2776.70 MB)
write base data version: 38000, memory: 3061739520 bytes (2919.90 MB)
write base data version: 38100, memory: 2690076672 bytes (2565.46 MB)
write base data version: 38200, memory: 2832871424 bytes (2701.64 MB)
write base data version: 38300, memory: 2975301632 bytes (2837.47 MB)
write base data version: 38400, memory: 2615078912 bytes (2493.93 MB)
write base data version: 38500, memory: 2778361856 bytes (2649.65 MB)
write base data version: 38600, memory: 2931863552 bytes (2796.04 MB)
write base data version: 38700, memory: 3074666496 bytes (2932.23 MB)
write base data version: 38800, memory: 2697834496 bytes (2572.86 MB)
write base data version: 38900, memory: 2839760896 bytes (2708.21 MB)
write base data version: 39000, memory: 2983510016 bytes (2845.30 MB)
write base data version: 39100, memory: 2633543680 bytes (2511.54 MB)
write base data version: 39200, memory: 2794385408 bytes (2664.93 MB)
write base data version: 39300, memory: 2932367360 bytes (2796.52 MB)
write base data version: 39400, memory: 3073224704 bytes (2930.86 MB)
write base data version: 39500, memory: 2699886592 bytes (2574.81 MB)
write base data version: 39600, memory: 2808594432 bytes (2678.48 MB)
write base data version: 39700, memory: 2949521408 bytes (2812.88 MB)
write base data version: 39800, memory: 3094495232 bytes (2951.14 MB)
write base data version: 39900, memory: 2715684864 bytes (2589.88 MB)
write base data version: 40000, memory: 2860249088 bytes (2727.75 MB)
write base data version: 40100, memory: 3001090048 bytes (2862.06 MB)
write base data version: 40200, memory: 2643976192 bytes (2521.49 MB)
write base data version: 40300, memory: 2813091840 bytes (2682.77 MB)
write base data version: 40400, memory: 2969010176 bytes (2831.47 MB)
write base data version: 40500, memory: 3120549888 bytes (2975.99 MB)
write base data version: 40600, memory: 2749800448 bytes (2622.41 MB)
write base data version: 40700, memory: 2903920640 bytes (2769.39 MB)
write base data version: 40800, memory: 3049381888 bytes (2908.12 MB)
write base data version: 40900, memory: 3206975488 bytes (3058.41 MB)
write base data version: 41000, memory: 2873675776 bytes (2740.55 MB)
write base data version: 41100, memory: 3033157632 bytes (2892.64 MB)
write base data version: 41200, memory: 3156619264 bytes (3010.39 MB)
write base data version: 41300, memory: 2786099200 bytes (2657.03 MB)
write base data version: 41400, memory: 2938179584 bytes (2802.07 MB)
write base data version: 41500, memory: 3085742080 bytes (2942.79 MB)
write base data version: 41600, memory: 3231637504 bytes (3081.93 MB)
write base data version: 41700, memory: 2875195392 bytes (2742.00 MB)
write base data version: 41800, memory: 3040710656 bytes (2899.85 MB)
write base data version: 41900, memory: 3196465152 bytes (3048.39 MB)
write base data version: 42000, memory: 2825404416 bytes (2694.52 MB)
write base data version: 42100, memory: 2979180544 bytes (2841.17 MB)
write base data version: 42200, memory: 3128877056 bytes (2983.93 MB)
write base data version: 42300, memory: 3279052800 bytes (3127.15 MB)
write base data version: 42400, memory: 2912899072 bytes (2777.96 MB)
write base data version: 42500, memory: 3081940992 bytes (2939.17 MB)
write base data version: 42600, memory: 3251552256 bytes (3100.92 MB)
write base data version: 42700, memory: 3451375616 bytes (3291.49 MB)
write base data version: 42800, memory: 3031887872 bytes (2891.43 MB)
write base data version: 42900, memory: 3179319296 bytes (3032.04 MB)
write base data version: 43000, memory: 3303821312 bytes (3150.77 MB)
write base data version: 43100, memory: 2927599616 bytes (2791.98 MB)
write base data version: 43200, memory: 3071614976 bytes (2929.32 MB)
write base data version: 43300, memory: 3224600576 bytes (3075.22 MB)
write base data version: 43400, memory: 3377147904 bytes (3220.70 MB)
write base data version: 43500, memory: 2984198144 bytes (2845.95 MB)
write base data version: 43600, memory: 3130535936 bytes (2985.51 MB)
write base data version: 43700, memory: 3274887168 bytes (3123.18 MB)
write base data version: 43800, memory: 3415486464 bytes (3257.26 MB)
write base data version: 43900, memory: 3054882816 bytes (2913.36 MB)
write base data version: 44000, memory: 3200487424 bytes (3052.22 MB)
write base data version: 44100, memory: 3346952192 bytes (3191.90 MB)
write base data version: 44200, memory: 2975821824 bytes (2837.96 MB)
write base data version: 44300, memory: 3116355584 bytes (2971.99 MB)
write base data version: 44400, memory: 3260866560 bytes (3109.80 MB)
write base data version: 44500, memory: 3403284480 bytes (3245.62 MB)
write base data version: 44600, memory: 3025743872 bytes (2885.57 MB)
write base data version: 44700, memory: 3169169408 bytes (3022.36 MB)
write base data version: 44800, memory: 3313147904 bytes (3159.66 MB)
write base data version: 44900, memory: 3453636608 bytes (3293.64 MB)
write base data version: 45000, memory: 3077771264 bytes (2935.19 MB)
write base data version: 45100, memory: 3220365312 bytes (3071.18 MB)
write base data version: 45200, memory: 3362922496 bytes (3207.13 MB)
write base data version: 45300, memory: 2987311104 bytes (2848.92 MB)
write base data version: 45400, memory: 3127513088 bytes (2982.63 MB)
write base data version: 45500, memory: 3272736768 bytes (3121.12 MB)
write base data version: 45600, memory: 3413811200 bytes (3255.66 MB)
write base data version: 45700, memory: 3068841984 bytes (2926.68 MB)
write base data version: 45800, memory: 3244384256 bytes (3094.09 MB)
write base data version: 45900, memory: 3401211904 bytes (3243.65 MB)
write base data version: 46000, memory: 3560701952 bytes (3395.75 MB)
write base data version: 46100, memory: 3192856576 bytes (3044.95 MB)
write base data version: 46200, memory: 3342135296 bytes (3187.31 MB)
write base data version: 46300, memory: 3494354944 bytes (3332.48 MB)
write base data version: 46400, memory: 3115892736 bytes (2971.55 MB)
write base data version: 46500, memory: 3265413120 bytes (3114.14 MB)
write base data version: 46600, memory: 3416805376 bytes (3258.52 MB)
write base data version: 46700, memory: 3567042560 bytes (3401.80 MB)
write base data version: 46800, memory: 3208740864 bytes (3060.09 MB)
write base data version: 46900, memory: 3370160128 bytes (3214.04 MB)
write base data version: 47000, memory: 3529408512 bytes (3365.91 MB)
write base data version: 47100, memory: 3159298048 bytes (3012.94 MB)
write base data version: 47200, memory: 3314999296 bytes (3161.43 MB)
write base data version: 47300, memory: 3460902912 bytes (3300.57 MB)
write base data version: 47400, memory: 3613396992 bytes (3446.00 MB)
write base data version: 47500, memory: 3259547648 bytes (3108.55 MB)
write base data version: 47600, memory: 3411943424 bytes (3253.88 MB)
write base data version: 47700, memory: 3587334144 bytes (3421.15 MB)
write base data version: 47800, memory: 3739525120 bytes (3566.29 MB)
write base data version: 47900, memory: 3374051328 bytes (3217.75 MB)
write base data version: 48000, memory: 3484299264 bytes (3322.89 MB)
write base data version: 48100, memory: 3630010368 bytes (3461.85 MB)
write base data version: 48200, memory: 3251707904 bytes (3101.07 MB)
write base data version: 48300, memory: 3396050944 bytes (3238.73 MB)
write base data version: 48400, memory: 3537969152 bytes (3374.07 MB)
write base data version: 48500, memory: 3640811520 bytes (3472.15 MB)
write base data version: 48600, memory: 3264090112 bytes (3112.88 MB)
write base data version: 48700, memory: 3406053376 bytes (3248.27 MB)
write base data version: 48800, memory: 3549761536 bytes (3385.32 MB)
write base data version: 48900, memory: 3691655168 bytes (3520.64 MB)
write base data version: 49000, memory: 3315920896 bytes (3162.31 MB)
write base data version: 49100, memory: 3457196032 bytes (3297.04 MB)
write base data version: 49200, memory: 3601780736 bytes (3434.93 MB)
write base data version: 49300, memory: 3228954624 bytes (3079.37 MB)
write base data version: 49400, memory: 3391586304 bytes (3234.47 MB)
write base data version: 49500, memory: 3541110784 bytes (3377.07 MB)
write base data version: 49600, memory: 3683504128 bytes (3512.86 MB)
write base data version: 49700, memory: 3314864128 bytes (3161.30 MB)
write base data version: 49800, memory: 3455590400 bytes (3295.51 MB)
write base data version: 49900, memory: 3609812992 bytes (3442.59 MB)
write base data version: 50000, memory: 3756933120 bytes (3582.89 MB)
write base data version: 50100, memory: 3449790464 bytes (3289.98 MB)
write base data version: 50200, memory: 3621748736 bytes (3453.97 MB)
write base data version: 50300, memory: 3774468096 bytes (3599.61 MB)
write base data version: 50400, memory: 3388379136 bytes (3231.41 MB)
write base data version: 50500, memory: 3529814016 bytes (3366.29 MB)
write base data version: 50600, memory: 3673423872 bytes (3503.25 MB)
write base data version: 50700, memory: 3817660416 bytes (3640.80 MB)
write base data version: 50800, memory: 3457122304 bytes (3296.97 MB)
write base data version: 50900, memory: 3626074112 bytes (3458.09 MB)
write base data version: 51000, memory: 3769434112 bytes (3594.81 MB)
write base data version: 51100, memory: 3908648960 bytes (3727.58 MB)
write base data version: 51200, memory: 3540848640 bytes (3376.82 MB)
write base data version: 51300, memory: 3684937728 bytes (3514.23 MB)
write base data version: 51400, memory: 3828252672 bytes (3650.91 MB)
write base data version: 51500, memory: 3460702208 bytes (3300.38 MB)
write base data version: 51600, memory: 3605921792 bytes (3438.88 MB)
write base data version: 51700, memory: 3747295232 bytes (3573.70 MB)
write base data version: 51800, memory: 3891785728 bytes (3711.50 MB)
write base data version: 51900, memory: 3520278528 bytes (3357.20 MB)
write base data version: 52000, memory: 3663622144 bytes (3493.90 MB)
write base data version: 52100, memory: 3806023680 bytes (3629.71 MB)
write base data version: 52200, memory: 3954888704 bytes (3771.68 MB)
write base data version: 52300, memory: 3551686656 bytes (3387.15 MB)
write base data version: 52400, memory: 3695538176 bytes (3524.34 MB)
write base data version: 52500, memory: 3823550464 bytes (3646.42 MB)
write base data version: 52600, memory: 3448193024 bytes (3288.45 MB)
write base data version: 52700, memory: 3592212480 bytes (3425.80 MB)
write base data version: 52800, memory: 3740385280 bytes (3567.11 MB)
write base data version: 52900, memory: 3881447424 bytes (3701.64 MB)
write base data version: 53000, memory: 3511062528 bytes (3348.41 MB)
write base data version: 53100, memory: 3666550784 bytes (3496.70 MB)
write base data version: 53200, memory: 3818958848 bytes (3642.04 MB)
write base data version: 53300, memory: 3445055488 bytes (3285.46 MB)
write base data version: 53400, memory: 3588554752 bytes (3422.31 MB)
write base data version: 53500, memory: 3742785536 bytes (3569.40 MB)
write base data version: 53600, memory: 3885867008 bytes (3705.85 MB)
write base data version: 53700, memory: 3518554112 bytes (3355.55 MB)
write base data version: 53800, memory: 3673915392 bytes (3503.72 MB)
write base data version: 53900, memory: 3822559232 bytes (3645.48 MB)
write base data version: 54000, memory: 3978960896 bytes (3794.63 MB)
write base data version: 54100, memory: 3600609280 bytes (3433.81 MB)
write base data version: 54200, memory: 3743768576 bytes (3570.34 MB)
write base data version: 54300, memory: 3886460928 bytes (3706.42 MB)
write base data version: 54400, memory: 3509227520 bytes (3346.66 MB)
write base data version: 54500, memory: 3652149248 bytes (3482.96 MB)
write base data version: 54600, memory: 3796410368 bytes (3620.54 MB)
write base data version: 54700, memory: 3934838784 bytes (3752.55 MB)
write base data version: 54800, memory: 3562610688 bytes (3397.57 MB)
write base data version: 54900, memory: 3703201792 bytes (3531.65 MB)
write base data version: 55000, memory: 3848798208 bytes (3670.50 MB)
write base data version: 55100, memory: 3989929984 bytes (3805.09 MB)
write base data version: 55200, memory: 3623256064 bytes (3455.41 MB)
write base data version: 55300, memory: 3774943232 bytes (3600.07 MB)
write base data version: 55400, memory: 3932139520 bytes (3749.98 MB)
write base data version: 55500, memory: 3563786240 bytes (3398.69 MB)
write base data version: 55600, memory: 3714121728 bytes (3542.06 MB)
write base data version: 55700, memory: 3863490560 bytes (3684.51 MB)
write base data version: 55800, memory: 4009123840 bytes (3823.40 MB)
write base data version: 55900, memory: 3633602560 bytes (3465.27 MB)
write base data version: 56000, memory: 3774169088 bytes (3599.33 MB)
write base data version: 56100, memory: 3919208448 bytes (3737.65 MB)
write base data version: 56200, memory: 4060778496 bytes (3872.66 MB)
write base data version: 56300, memory: 3684069376 bytes (3513.40 MB)
write base data version: 56400, memory: 3822342144 bytes (3645.27 MB)
write base data version: 56500, memory: 3970527232 bytes (3786.59 MB)
write base data version: 56600, memory: 3575963648 bytes (3410.30 MB)
write base data version: 56700, memory: 3719557120 bytes (3547.25 MB)
write base data version: 56800, memory: 3867017216 bytes (3687.88 MB)
write base data version: 56900, memory: 4013883392 bytes (3827.94 MB)
write base data version: 57000, memory: 3635453952 bytes (3467.04 MB)
write base data version: 57100, memory: 3780870144 bytes (3605.72 MB)
write base data version: 57200, memory: 3925409792 bytes (3743.56 MB)
write base data version: 57300, memory: 3547000832 bytes (3382.68 MB)
write base data version: 57400, memory: 3700277248 bytes (3528.86 MB)
write base data version: 57500, memory: 3857719296 bytes (3679.01 MB)
write base data version: 57600, memory: 3998679040 bytes (3813.44 MB)
write base data version: 57700, memory: 3636183040 bytes (3467.73 MB)
write base data version: 57800, memory: 3779706880 bytes (3604.61 MB)
write base data version: 57900, memory: 3920551936 bytes (3738.93 MB)
write base data version: 58000, memory: 4064931840 bytes (3876.62 MB)
write base data version: 58100, memory: 3702259712 bytes (3530.75 MB)
write base data version: 58200, memory: 3857874944 bytes (3679.16 MB)
write base data version: 58300, memory: 4004909056 bytes (3819.38 MB)
write base data version: 58400, memory: 3645571072 bytes (3476.69 MB)
write base data version: 58500, memory: 3792470016 bytes (3616.78 MB)
write base data version: 58600, memory: 3940704256 bytes (3758.15 MB)
write base data version: 58700, memory: 4092272640 bytes (3902.70 MB)
write base data version: 58800, memory: 3724357632 bytes (3551.82 MB)
write base data version: 58900, memory: 3876450304 bytes (3696.87 MB)
write base data version: 59000, memory: 4029931520 bytes (3843.24 MB)
write base data version: 59100, memory: 4180828160 bytes (3987.15 MB)
write base data version: 59200, memory: 3810566144 bytes (3634.04 MB)
write base data version: 59300, memory: 3970789376 bytes (3786.84 MB)
write base data version: 59400, memory: 4119056384 bytes (3928.24 MB)
write base data version: 59500, memory: 3747926016 bytes (3574.30 MB)
write base data version: 59600, memory: 3900989440 bytes (3720.27 MB)
write base data version: 59700, memory: 4052180992 bytes (3864.46 MB)
write base data version: 59800, memory: 4211937280 bytes (4016.82 MB)
write base data version: 59900, memory: 3867238400 bytes (3688.09 MB)
write base data version: 60000, memory: 4021972992 bytes (3835.65 MB)
write base data version: 60100, memory: 4009697280 bytes (3823.95 MB)
write base data version: 60200, memory: 4161449984 bytes (3968.67 MB)
write base data version: 60300, memory: 3786838016 bytes (3611.41 MB)
write base data version: 60400, memory: 3941847040 bytes (3759.24 MB)
write base data version: 60500, memory: 4087644160 bytes (3898.28 MB)
write base data version: 60600, memory: 3711512576 bytes (3539.57 MB)
write base data version: 60700, memory: 3866189824 bytes (3687.09 MB)
write base data version: 60800, memory: 4018806784 bytes (3832.63 MB)
write base data version: 60900, memory: 4170207232 bytes (3977.02 MB)
write base data version: 61000, memory: 3712401408 bytes (3540.42 MB)
write base data version: 61100, memory: 3860316160 bytes (3681.48 MB)
write base data version: 61200, memory: 4006232064 bytes (3820.64 MB)
write base data version: 61300, memory: 3628359680 bytes (3460.27 MB)
write base data version: 61400, memory: 3781423104 bytes (3606.25 MB)
write base data version: 61500, memory: 3935768576 bytes (3753.44 MB)
write base data version: 61600, memory: 4100882432 bytes (3910.91 MB)
write base data version: 61700, memory: 3728748544 bytes (3556.01 MB)
write base data version: 61800, memory: 3871260672 bytes (3691.92 MB)
write base data version: 61900, memory: 4013494272 bytes (3827.57 MB)
write base data version: 62000, memory: 4158062592 bytes (3965.44 MB)
write base data version: 62100, memory: 3778584576 bytes (3603.54 MB)
write base data version: 62200, memory: 3921928192 bytes (3740.24 MB)
write base data version: 62300, memory: 4072849408 bytes (3884.17 MB)
write base data version: 62400, memory: 3678949376 bytes (3508.52 MB)
write base data version: 62500, memory: 3829579776 bytes (3652.17 MB)
write base data version: 62600, memory: 3975000064 bytes (3790.86 MB)
write base data version: 62700, memory: 4118839296 bytes (3928.03 MB)
write base data version: 62800, memory: 3746541568 bytes (3572.98 MB)
write base data version: 62900, memory: 3898855424 bytes (3718.24 MB)
write base data version: 63000, memory: 4052418560 bytes (3864.69 MB)
write base data version: 63100, memory: 4196728832 bytes (4002.31 MB)
write base data version: 63200, memory: 3830333440 bytes (3652.89 MB)
write base data version: 63300, memory: 3974287360 bytes (3790.18 MB)
write base data version: 63400, memory: 4116533248 bytes (3925.83 MB)
write base data version: 63500, memory: 3739500544 bytes (3566.27 MB)
write base data version: 63600, memory: 3891228672 bytes (3710.96 MB)
write base data version: 63700, memory: 4045414400 bytes (3858.01 MB)
write base data version: 63800, memory: 4197543936 bytes (4003.09 MB)
write base data version: 63900, memory: 3832549376 bytes (3655.00 MB)
write base data version: 64000, memory: 3973488640 bytes (3789.41 MB)
write base data version: 64100, memory: 4116484096 bytes (3925.79 MB)
write base data version: 64200, memory: 4260372480 bytes (4063.01 MB)
write base data version: 64300, memory: 3891638272 bytes (3711.36 MB)
write base data version: 64400, memory: 4043575296 bytes (3856.25 MB)
write base data version: 64500, memory: 4194660352 bytes (4000.34 MB)
write base data version: 64600, memory: 3831173120 bytes (3653.69 MB)
write base data version: 64700, memory: 3978637312 bytes (3794.32 MB)
write base data version: 64800, memory: 4126461952 bytes (3935.30 MB)
write base data version: 64900, memory: 4284891136 bytes (4086.39 MB)
write base data version: 65000, memory: 3917656064 bytes (3736.17 MB)
write base data version: 65100, memory: 4067516416 bytes (3879.09 MB)
write base data version: 65200, memory: 4219617280 bytes (4024.14 MB)
write base data version: 65300, memory: 4375166976 bytes (4172.48 MB)
write base data version: 65400, memory: 4009357312 bytes (3823.62 MB)
write base data version: 65500, memory: 4160675840 bytes (3967.93 MB)
write base data version: 65600, memory: 4313772032 bytes (4113.93 MB)
write base data version: 65700, memory: 3953643520 bytes (3770.49 MB)
write base data version: 65800, memory: 4099637248 bytes (3909.72 MB)
write base data version: 65900, memory: 4259786752 bytes (4062.45 MB)
write base data version: 66000, memory: 4414259200 bytes (4209.77 MB)
write base data version: 66100, memory: 4046303232 bytes (3858.86 MB)
write base data version: 66200, memory: 4055957504 bytes (3868.06 MB)
write base data version: 66300, memory: 4203225088 bytes (4008.51 MB)
write base data version: 66400, memory: 3833049088 bytes (3655.48 MB)
write base data version: 66500, memory: 3973697536 bytes (3789.61 MB)
write base data version: 66600, memory: 4122083328 bytes (3931.12 MB)
write base data version: 66700, memory: 4276752384 bytes (4078.63 MB)
write base data version: 66800, memory: 3907350528 bytes (3726.34 MB)
write base data version: 66900, memory: 4056518656 bytes (3868.60 MB)
write base data version: 67000, memory: 4206665728 bytes (4011.79 MB)
write base data version: 67100, memory: 4361732096 bytes (4159.67 MB)
write base data version: 67200, memory: 4010012672 bytes (3824.25 MB)
write base data version: 67300, memory: 4171968512 bytes (3978.70 MB)
write base data version: 67400, memory: 4280233984 bytes (4081.95 MB)
write base data version: 67500, memory: 3904659456 bytes (3723.77 MB)
write base data version: 67600, memory: 4049924096 bytes (3862.31 MB)
write base data version: 67700, memory: 4194189312 bytes (3999.89 MB)
write base data version: 67800, memory: 4335501312 bytes (4134.66 MB)
write base data version: 67900, memory: 3962540032 bytes (3778.97 MB)
write base data version: 68000, memory: 4094857216 bytes (3905.16 MB)
write base data version: 68100, memory: 4249120768 bytes (4052.28 MB)
write base data version: 68200, memory: 4393308160 bytes (4189.79 MB)
write base data version: 68300, memory: 4029952000 bytes (3843.26 MB)
write base data version: 68400, memory: 4170911744 bytes (3977.69 MB)
write base data version: 68500, memory: 4315045888 bytes (4115.15 MB)
write base data version: 68600, memory: 3938177024 bytes (3755.74 MB)
write base data version: 68700, memory: 4080926720 bytes (3891.88 MB)
write base data version: 68800, memory: 4232257536 bytes (4036.20 MB)
write base data version: 68900, memory: 4372471808 bytes (4169.91 MB)
write base data version: 69000, memory: 3997163520 bytes (3811.99 MB)
write base data version: 69100, memory: 4139270144 bytes (3947.52 MB)
write base data version: 69200, memory: 4281958400 bytes (4083.59 MB)
write base data version: 69300, memory: 4426366976 bytes (4221.31 MB)
write base data version: 69400, memory: 4047204352 bytes (3859.71 MB)
write base data version: 69500, memory: 4190629888 bytes (3996.50 MB)
write base data version: 69600, memory: 4338642944 bytes (4137.65 MB)
write base data version: 69700, memory: 3960848384 bytes (3777.36 MB)
write base data version: 69800, memory: 4103536640 bytes (3913.44 MB)
write base data version: 69900, memory: 4247232512 bytes (4050.48 MB)
write base data version: 70000, memory: 4388470784 bytes (4185.17 MB)
write base data version: 70100, memory: 4013416448 bytes (3827.49 MB)
write base data version: 70200, memory: 4168482816 bytes (3975.38 MB)
write base data version: 70300, memory: 4325707776 bytes (4125.32 MB)
write base data version: 70400, memory: 3954573312 bytes (3771.38 MB)
write base data version: 70500, memory: 4108136448 bytes (3917.82 MB)
write base data version: 70600, memory: 4256251904 bytes (4059.08 MB)
write base data version: 70700, memory: 4396834816 bytes (4193.15 MB)
write base data version: 70800, memory: 4023943168 bytes (3837.53 MB)
write base data version: 70900, memory: 4178157568 bytes (3984.60 MB)
write base data version: 71000, memory: 4322164736 bytes (4121.94 MB)
write base data version: 71100, memory: 4481077248 bytes (4273.49 MB)
write base data version: 71200, memory: 4102062080 bytes (3912.03 MB)
write base data version: 71300, memory: 4247158784 bytes (4050.41 MB)
write base data version: 71400, memory: 4388487168 bytes (4185.19 MB)
write base data version: 71500, memory: 4013035520 bytes (3827.13 MB)
write base data version: 71600, memory: 4154286080 bytes (3961.84 MB)
write base data version: 71700, memory: 4298391552 bytes (4099.27 MB)
write base data version: 71800, memory: 4440682496 bytes (4234.96 MB)
write base data version: 71900, memory: 4061945856 bytes (3873.77 MB)
write base data version: 72000, memory: 4206198784 bytes (4011.34 MB)
write base data version: 72100, memory: 4347736064 bytes (4146.32 MB)
write base data version: 72200, memory: 4491464704 bytes (4283.39 MB)
write base data version: 72300, memory: 4126572544 bytes (3935.41 MB)
write base data version: 72400, memory: 4279590912 bytes (4081.34 MB)
write base data version: 72500, memory: 4430188544 bytes (4224.96 MB)
write base data version: 72600, memory: 4051009536 bytes (3863.34 MB)
write base data version: 72700, memory: 4195958784 bytes (4001.58 MB)
write base data version: 72800, memory: 4336934912 bytes (4136.02 MB)
write base data version: 72900, memory: 4481859584 bytes (4274.23 MB)
write base data version: 73000, memory: 4109615104 bytes (3919.23 MB)
write base data version: 73100, memory: 4263038976 bytes (4065.55 MB)
write base data version: 73200, memory: 4421328896 bytes (4216.51 MB)
write base data version: 73300, memory: 4562087936 bytes (4350.75 MB)
write base data version: 73400, memory: 4186693632 bytes (3992.74 MB)
write base data version: 73500, memory: 4327796736 bytes (4127.31 MB)
write base data version: 73600, memory: 4472487936 bytes (4265.30 MB)
write base data version: 73700, memory: 4093476864 bytes (3903.84 MB)
write base data version: 73800, memory: 4237963264 bytes (4041.64 MB)
write base data version: 73900, memory: 4384296960 bytes (4181.19 MB)
write base data version: 74000, memory: 4529807360 bytes (4319.96 MB)
write base data version: 74100, memory: 4152827904 bytes (3960.45 MB)
write base data version: 74200, memory: 4295749632 bytes (4096.75 MB)
write base data version: 74300, memory: 4439134208 bytes (4233.49 MB)
write base data version: 74400, memory: 4580847616 bytes (4368.64 MB)
write base data version: 74500, memory: 4205260800 bytes (4010.45 MB)
write base data version: 74600, memory: 4346171392 bytes (4144.83 MB)
write base data version: 74700, memory: 4490989568 bytes (4282.94 MB)
write base data version: 74800, memory: 4111597568 bytes (3921.12 MB)
write base data version: 74900, memory: 4265205760 bytes (4067.62 MB)
write base data version: 75000, memory: 4412928000 bytes (4208.50 MB)
write base data version: 75100, memory: 4555235328 bytes (4344.21 MB)
write base data version: 75200, memory: 4177473536 bytes (3983.95 MB)
write base data version: 75300, memory: 4283764736 bytes (4085.32 MB)
write base data version: 75400, memory: 4428103680 bytes (4222.97 MB)
write base data version: 75500, memory: 4048822272 bytes (3861.26 MB)
write base data version: 75600, memory: 4192616448 bytes (3998.39 MB)
write base data version: 75700, memory: 4336672768 bytes (4135.77 MB)
write base data version: 75800, memory: 4477784064 bytes (4270.35 MB)
write base data version: 75900, memory: 4101275648 bytes (3911.28 MB)
write base data version: 76000, memory: 4246036480 bytes (4049.34 MB)
write base data version: 76100, memory: 4403044352 bytes (4199.07 MB)
write base data version: 76200, memory: 4552138752 bytes (4341.26 MB)
write base data version: 76300, memory: 4184412160 bytes (3990.57 MB)
write base data version: 76400, memory: 4328546304 bytes (4128.02 MB)
write base data version: 76500, memory: 4472901632 bytes (4265.69 MB)
write base data version: 76600, memory: 4093562880 bytes (3903.93 MB)
write base data version: 76700, memory: 4237488128 bytes (4041.18 MB)
write base data version: 76800, memory: 4381319168 bytes (4178.35 MB)
write base data version: 76900, memory: 4521930752 bytes (4312.45 MB)
write base data version: 77000, memory: 4145553408 bytes (3953.51 MB)
write base data version: 77100, memory: 4275179520 bytes (4077.13 MB)
write base data version: 77200, memory: 4416020480 bytes (4211.45 MB)
write base data version: 77300, memory: 4560269312 bytes (4349.01 MB)
write base data version: 77400, memory: 4188143616 bytes (3994.12 MB)
write base data version: 77500, memory: 4340703232 bytes (4139.62 MB)
write base data version: 77600, memory: 4490481664 bytes (4282.46 MB)
write base data version: 77700, memory: 4111507456 bytes (3921.04 MB)
write base data version: 77800, memory: 4255404032 bytes (4058.27 MB)
write base data version: 77900, memory: 4398137344 bytes (4194.39 MB)
write base data version: 78000, memory: 4539826176 bytes (4329.52 MB)
write base data version: 78100, memory: 4164722688 bytes (3971.79 MB)
write base data version: 78200, memory: 4305747968 bytes (4106.28 MB)
write base data version: 78300, memory: 4450271232 bytes (4244.11 MB)
write base data version: 78400, memory: 4590768128 bytes (4378.10 MB)
write base data version: 78500, memory: 4215906304 bytes (4020.60 MB)
write base data version: 78600, memory: 4356378624 bytes (4154.57 MB)
write base data version: 78700, memory: 4500832256 bytes (4292.33 MB)
write base data version: 78800, memory: 4121944064 bytes (3930.99 MB)
write base data version: 78900, memory: 4266188800 bytes (4068.55 MB)
write base data version: 79000, memory: 4408033280 bytes (4203.83 MB)
write base data version: 79100, memory: 4551221248 bytes (4340.38 MB)
write base data version: 79200, memory: 4175474688 bytes (3982.04 MB)
write base data version: 79300, memory: 4315766784 bytes (4115.84 MB)
write base data version: 79400, memory: 4460683264 bytes (4254.04 MB)
write base data version: 79500, memory: 4081577984 bytes (3892.50 MB)
write base data version: 79600, memory: 4236902400 bytes (4040.62 MB)
write base data version: 79700, memory: 4382801920 bytes (4179.77 MB)
write base data version: 79800, memory: 4538187776 bytes (4327.95 MB)
write base data version: 79900, memory: 4165156864 bytes (3972.20 MB)
write base data version: 80000, memory: 4305793024 bytes (4106.32 MB)
write base data version: 80100, memory: 4450304000 bytes (4244.14 MB)
write base data version: 80200, memory: 4591439872 bytes (4378.74 MB)
write base data version: 80300, memory: 4215541760 bytes (4020.25 MB)
write base data version: 80400, memory: 4359421952 bytes (4157.47 MB)
write base data version: 80500, memory: 4502360064 bytes (4293.79 MB)
write base data version: 80600, memory: 4128522240 bytes (3937.27 MB)
write base data version: 80700, memory: 4273438720 bytes (4075.47 MB)
write base data version: 80800, memory: 4418547712 bytes (4213.86 MB)
write base data version: 80900, memory: 4558761984 bytes (4347.57 MB)
write base data version: 81000, memory: 4183650304 bytes (3989.84 MB)
write base data version: 81100, memory: 4324999168 bytes (4124.64 MB)
write base data version: 81200, memory: 4467802112 bytes (4260.83 MB)
write base data version: 81300, memory: 4612071424 bytes (4398.41 MB)
write base data version: 81400, memory: 4237328384 bytes (4041.03 MB)
write base data version: 81500, memory: 4379885568 bytes (4176.98 MB)
write base data version: 81600, memory: 4522192896 bytes (4312.70 MB)
write base data version: 81700, memory: 4145364992 bytes (3953.33 MB)
write base data version: 81800, memory: 4293713920 bytes (4094.80 MB)
write base data version: 81900, memory: 4440645632 bytes (4234.93 MB)
write base data version: 82000, memory: 4590342144 bytes (4377.69 MB)
write base data version: 82100, memory: 4213858304 bytes (4018.65 MB)
write base data version: 82200, memory: 4357537792 bytes (4155.67 MB)
write base data version: 82300, memory: 4500537344 bytes (4292.05 MB)
write base data version: 82400, memory: 4642906112 bytes (4427.82 MB)
write base data version: 82500, memory: 4267069440 bytes (4069.39 MB)
write base data version: 82600, memory: 4408090624 bytes (4203.88 MB)
write base data version: 82700, memory: 4557262848 bytes (4346.14 MB)
write base data version: 82800, memory: 4181925888 bytes (3988.20 MB)
write base data version: 82900, memory: 4323561472 bytes (4123.27 MB)
write base data version: 83000, memory: 4466278400 bytes (4259.38 MB)
write base data version: 83100, memory: 4608466944 bytes (4394.98 MB)
write base data version: 83200, memory: 4232777728 bytes (4036.69 MB)
write base data version: 83300, memory: 4376031232 bytes (4173.31 MB)
write base data version: 83400, memory: 4518215680 bytes (4308.91 MB)
write base data version: 83500, memory: 4660633600 bytes (4444.73 MB)
write base data version: 83600, memory: 4285227008 bytes (4086.71 MB)
write base data version: 83700, memory: 4429328384 bytes (4224.14 MB)
write base data version: 83800, memory: 4559945728 bytes (4348.70 MB)
write base data version: 83900, memory: 4183752704 bytes (3989.94 MB)
write base data version: 84000, memory: 4333940736 bytes (4133.17 MB)
write base data version: 84100, memory: 4478779392 bytes (4271.30 MB)
write base data version: 84200, memory: 4621754368 bytes (4407.65 MB)
write base data version: 84300, memory: 4244955136 bytes (4048.30 MB)
write base data version: 84400, memory: 4386263040 bytes (4183.07 MB)
write base data version: 84500, memory: 4528418816 bytes (4318.64 MB)
write base data version: 84600, memory: 4153442304 bytes (3961.03 MB)
write base data version: 84700, memory: 4295999488 bytes (4096.98 MB)
write base data version: 84800, memory: 4439179264 bytes (4233.53 MB)
write base data version: 84900, memory: 4585852928 bytes (4373.41 MB)
write base data version: 85000, memory: 4210962432 bytes (4015.89 MB)
write base data version: 85100, memory: 4354850816 bytes (4153.11 MB)
write base data version: 85200, memory: 4495818752 bytes (4287.55 MB)
write base data version: 85300, memory: 4639162368 bytes (4424.25 MB)
write base data version: 85400, memory: 4261597184 bytes (4064.18 MB)
write base data version: 85500, memory: 4405493760 bytes (4201.41 MB)
write base data version: 85600, memory: 4553428992 bytes (4342.49 MB)
write base data version: 85700, memory: 4693499904 bytes (4476.07 MB)
write base data version: 85800, memory: 4319514624 bytes (4119.41 MB)
write base data version: 85900, memory: 4471595008 bytes (4264.45 MB)
write base data version: 86000, memory: 4614287360 bytes (4400.53 MB)
write base data version: 86100, memory: 4236374016 bytes (4040.12 MB)
write base data version: 86200, memory: 4380803072 bytes (4177.86 MB)
write base data version: 86300, memory: 4528746496 bytes (4318.95 MB)
write base data version: 86400, memory: 4671737856 bytes (4455.32 MB)
write base data version: 86500, memory: 4291366912 bytes (4092.57 MB)
write base data version: 86600, memory: 4434239488 bytes (4228.82 MB)
write base data version: 86700, memory: 4578791424 bytes (4366.68 MB)
write base data version: 86800, memory: 4203040768 bytes (4008.33 MB)
write base data version: 86900, memory: 4345212928 bytes (4143.92 MB)
write base data version: 87000, memory: 4486369280 bytes (4278.54 MB)
write base data version: 87100, memory: 4631998464 bytes (4417.42 MB)
write base data version: 87200, memory: 4255358976 bytes (4058.23 MB)
write base data version: 87300, memory: 4398350336 bytes (4194.59 MB)
write base data version: 87400, memory: 4540542976 bytes (4330.20 MB)
write base data version: 87500, memory: 4683984896 bytes (4467.00 MB)
write base data version: 87600, memory: 4306325504 bytes (4106.83 MB)
write base data version: 87700, memory: 4451254272 bytes (4245.05 MB)
write base data version: 87800, memory: 4594016256 bytes (4381.20 MB)
write base data version: 87900, memory: 4216356864 bytes (4021.03 MB)
write base data version: 88000, memory: 4360097792 bytes (4158.11 MB)
write base data version: 88100, memory: 4502315008 bytes (4293.74 MB)
write base data version: 88200, memory: 4644265984 bytes (4429.12 MB)
write base data version: 88300, memory: 4267184128 bytes (4069.50 MB)
write base data version: 88400, memory: 4419977216 bytes (4215.22 MB)
write base data version: 88500, memory: 4570120192 bytes (4358.41 MB)
write base data version: 88600, memory: 4711714816 bytes (4493.44 MB)
write base data version: 88700, memory: 4335583232 bytes (4134.73 MB)
write base data version: 88800, memory: 4478496768 bytes (4271.03 MB)
write base data version: 88900, memory: 4621766656 bytes (4407.66 MB)
write base data version: 89000, memory: 4244090880 bytes (4047.48 MB)
write base data version: 89100, memory: 4398530560 bytes (4194.77 MB)
write base data version: 89200, memory: 4544471040 bytes (4333.95 MB)
write base data version: 89300, memory: 4698722304 bytes (4481.05 MB)
write base data version: 89400, memory: 4327530496 bytes (4127.05 MB)
write base data version: 89500, memory: 4471087104 bytes (4263.96 MB)
write base data version: 89600, memory: 4614352896 bytes (4400.59 MB)
write base data version: 89700, memory: 4236148736 bytes (4039.91 MB)
write base data version: 89800, memory: 4379054080 bytes (4176.19 MB)
write base data version: 89900, memory: 4521562112 bytes (4312.10 MB)
write base data version: 90000, memory: 4665950208 bytes (4449.80 MB)
write base data version: 90100, memory: 4289482752 bytes (4090.77 MB)
write base data version: 90200, memory: 4434759680 bytes (4229.32 MB)
write base data version: 90300, memory: 4575715328 bytes (4363.74 MB)
write base data version: 90400, memory: 4719980544 bytes (4501.32 MB)
write base data version: 90500, memory: 4351877120 bytes (4150.27 MB)
write base data version: 90600, memory: 4506116096 bytes (4297.37 MB)
write base data version: 90700, memory: 4659146752 bytes (4443.31 MB)
write base data version: 90800, memory: 4281868288 bytes (4083.51 MB)
write base data version: 90900, memory: 4425465856 bytes (4220.45 MB)
write base data version: 91000, memory: 4568698880 bytes (4357.05 MB)
write base data version: 91100, memory: 4711362560 bytes (4493.11 MB)
write base data version: 91200, memory: 4334411776 bytes (4133.62 MB)
write base data version: 91300, memory: 4478955520 bytes (4271.46 MB)
write base data version: 91400, memory: 4636282880 bytes (4421.50 MB)
write base data version: 91500, memory: 4780056576 bytes (4558.62 MB)
write base data version: 91600, memory: 4402581504 bytes (4198.63 MB)
write base data version: 91700, memory: 4545810432 bytes (4335.22 MB)
write base data version: 91800, memory: 4688490496 bytes (4471.29 MB)
write base data version: 91900, memory: 4309401600 bytes (4109.77 MB)
write base data version: 92000, memory: 4460929024 bytes (4254.27 MB)
write base data version: 92100, memory: 4608507904 bytes (4395.02 MB)
write base data version: 92200, memory: 4753534976 bytes (4533.32 MB)
write base data version: 92300, memory: 4381794304 bytes (4178.80 MB)
write base data version: 92400, memory: 4530229248 bytes (4320.36 MB)
write base data version: 92500, memory: 4664754176 bytes (4448.66 MB)
write base data version: 92600, memory: 4807487488 bytes (4584.78 MB)
write base data version: 92700, memory: 4430368768 bytes (4225.13 MB)
write base data version: 92800, memory: 4573376512 bytes (4361.51 MB)
write base data version: 92900, memory: 4720529408 bytes (4501.85 MB)
write base data version: 93000, memory: 4343107584 bytes (4141.91 MB)
write base data version: 93100, memory: 4485033984 bytes (4277.26 MB)
write base data version: 93200, memory: 4628852736 bytes (4414.42 MB)
write base data version: 93300, memory: 4771049472 bytes (4550.03 MB)
write base data version: 93400, memory: 4404899840 bytes (4200.84 MB)
write base data version: 93500, memory: 4551950336 bytes (4341.08 MB)
write base data version: 93600, memory: 4703514624 bytes (4485.62 MB)
write base data version: 93700, memory: 4856786944 bytes (4631.79 MB)
write base data version: 93800, memory: 4463595520 bytes (4256.82 MB)
write base data version: 93900, memory: 4605030400 bytes (4391.70 MB)
write base data version: 94000, memory: 4747087872 bytes (4527.18 MB)
write base data version: 94100, memory: 4367192064 bytes (4164.88 MB)
write base data version: 94200, memory: 4526170112 bytes (4316.49 MB)
write base data version: 94300, memory: 4672540672 bytes (4456.08 MB)
write base data version: 94400, memory: 4815138816 bytes (4592.07 MB)
write base data version: 94500, memory: 4439748608 bytes (4234.07 MB)
write base data version: 94600, memory: 4582641664 bytes (4370.35 MB)
write base data version: 94700, memory: 4724768768 bytes (4505.89 MB)
write base data version: 94800, memory: 4348919808 bytes (4147.45 MB)
write base data version: 94900, memory: 4490559488 bytes (4282.53 MB)
write base data version: 95000, memory: 4633452544 bytes (4418.80 MB)
write base data version: 95100, memory: 4785483776 bytes (4563.79 MB)
write base data version: 95200, memory: 4408836096 bytes (4204.59 MB)
write base data version: 95300, memory: 4551569408 bytes (4340.71 MB)
write base data version: 95400, memory: 4695924736 bytes (4478.38 MB)
write base data version: 95500, memory: 4837023744 bytes (4612.95 MB)
write base data version: 95600, memory: 4464664576 bytes (4257.84 MB)
write base data version: 95700, memory: 4620324864 bytes (4406.29 MB)
write base data version: 95800, memory: 4759490560 bytes (4539.00 MB)
write base data version: 95900, memory: 4382879744 bytes (4179.84 MB)
write base data version: 96000, memory: 4526964736 bytes (4317.25 MB)
write base data version: 96100, memory: 4669407232 bytes (4453.09 MB)
write base data version: 96200, memory: 4798873600 bytes (4576.56 MB)
write base data version: 96300, memory: 4421709824 bytes (4216.87 MB)
write base data version: 96400, memory: 4565352448 bytes (4353.86 MB)
write base data version: 96500, memory: 4707667968 bytes (4489.58 MB)
write base data version: 96600, memory: 4849594368 bytes (4624.93 MB)
write base data version: 96700, memory: 4472201216 bytes (4265.02 MB)
write base data version: 96800, memory: 4614631424 bytes (4400.86 MB)
write base data version: 96900, memory: 4759801856 bytes (4539.30 MB)
write base data version: 97000, memory: 4382945280 bytes (4179.90 MB)
write base data version: 97100, memory: 4527722496 bytes (4317.97 MB)
write base data version: 97200, memory: 4669931520 bytes (4453.59 MB)
write base data version: 97300, memory: 4828614656 bytes (4604.93 MB)
write base data version: 97400, memory: 4458106880 bytes (4251.58 MB)
write base data version: 97500, memory: 4606844928 bytes (4393.43 MB)
write base data version: 97600, memory: 4736102400 bytes (4516.70 MB)
write base data version: 97700, memory: 4361887744 bytes (4159.82 MB)
write base data version: 97800, memory: 4520026112 bytes (4310.63 MB)
write base data version: 97900, memory: 4666204160 bytes (4450.04 MB)
write base data version: 98000, memory: 4811173888 bytes (4588.29 MB)
write base data version: 98100, memory: 4433399808 bytes (4228.02 MB)
write base data version: 98200, memory: 4578131968 bytes (4366.05 MB)
write base data version: 98300, memory: 4719734784 bytes (4501.09 MB)
write base data version: 98400, memory: 4862648320 bytes (4637.38 MB)
write base data version: 98500, memory: 4485898240 bytes (4278.09 MB)
write base data version: 98600, memory: 4629565440 bytes (4415.10 MB)
write base data version: 98700, memory: 4783570944 bytes (4561.97 MB)
write base data version: 98800, memory: 4405780480 bytes (4201.68 MB)
write base data version: 98900, memory: 4549279744 bytes (4338.53 MB)
write base data version: 99000, memory: 4693078016 bytes (4475.67 MB)
write base data version: 99100, memory: 4835532800 bytes (4611.52 MB)
write base data version: 99200, memory: 4458061824 bytes (4251.54 MB)
write base data version: 99300, memory: 4603170816 bytes (4389.93 MB)
write base data version: 99400, memory: 4748087296 bytes (4528.13 MB)
write base data version: 99500, memory: 4904718336 bytes (4677.50 MB)
write base data version: 99600, memory: 4530114560 bytes (4320.25 MB)
write base data version: 99700, memory: 4681351168 bytes (4464.48 MB)
write base data version: 99800, memory: 4823261184 bytes (4599.82 MB)
write base data version: 99900, memory: 4445622272 bytes (4239.68 MB)
write base data version: 100000, memory: 4598923264 bytes (4385.88 MB)
tip block: 3476----3477
Test Results: 
  Total Disk Usage: 169857.38 MB
  Average Per Record: 1781.08 bytes
[test batch write] generate key value
[test batch write] write data
[test batch write] flush
tip block: 3478----3478
  Write Throughput: 7894.27 records/sec
  Read Throughput:  21734.09 records/sec
  Current Memory:   4612.86 MB
  Peak Memory:      4717.02 MB
  Memory Per Record: 48.37 bytes

========== Testing at data scale: 1,000,000,000 ==========
Writing 900000000 incremental records (keys: 100000001-1000000000, total: 1000000000)
write base data version: 100100, memory: 4971413504 bytes (4741.11 MB)
write base data version: 100200, memory: 4595404800 bytes (4382.52 MB)
write base data version: 100300, memory: 4740575232 bytes (4520.96 MB)
write base data version: 100400, memory: 4884393984 bytes (4658.12 MB)
write base data version: 100500, memory: 5029023744 bytes (4796.05 MB)
write base data version: 100600, memory: 4652978176 bytes (4437.43 MB)
write base data version: 100700, memory: 4797714432 bytes (4575.46 MB)
write base data version: 100800, memory: 4941549568 bytes (4712.63 MB)
write base data version: 100900, memory: 5085368320 bytes (4849.79 MB)
write base data version: 101000, memory: 4679262208 bytes (4462.49 MB)
write base data version: 101100, memory: 4833558528 bytes (4609.64 MB)
write base data version: 101200, memory: 4989939712 bytes (4758.78 MB)
write base data version: 101300, memory: 4630323200 bytes (4415.82 MB)
write base data version: 101400, memory: 4800249856 bytes (4577.88 MB)
write base data version: 101500, memory: 4978577408 bytes (4747.94 MB)
write base data version: 101600, memory: 4966518784 bytes (4736.44 MB)
write base data version: 101700, memory: 4973240320 bytes (4742.85 MB)
write base data version: 101800, memory: 4973240320 bytes (4742.85 MB)
write base data version: 101900, memory: 4973240320 bytes (4742.85 MB)
write base data version: 102000, memory: 4973240320 bytes (4742.85 MB)
write base data version: 102100, memory: 4973240320 bytes (4742.85 MB)
write base data version: 102200, memory: 4973240320 bytes (4742.85 MB)
write base data version: 102300, memory: 4973240320 bytes (4742.85 MB)
write base data version: 102400, memory: 4973240320 bytes (4742.85 MB)
write base data version: 102500, memory: 4973240320 bytes (4742.85 MB)
write base data version: 102600, memory: 4973240320 bytes (4742.85 MB)
write base data version: 102700, memory: 4973240320 bytes (4742.85 MB)
write base data version: 102800, memory: 4973289472 bytes (4742.90 MB)
write base data version: 102900, memory: 4973289472 bytes (4742.90 MB)
write base data version: 103000, memory: 4973289472 bytes (4742.90 MB)
write base data version: 103100, memory: 4973289472 bytes (4742.90 MB)
write base data version: 103200, memory: 4973289472 bytes (4742.90 MB)
write base data version: 103300, memory: 4973289472 bytes (4742.90 MB)
write base data version: 103400, memory: 4973289472 bytes (4742.90 MB)
write base data version: 103500, memory: 4973289472 bytes (4742.90 MB)
write base data version: 103600, memory: 4973289472 bytes (4742.90 MB)
write base data version: 103700, memory: 4973289472 bytes (4742.90 MB)
write base data version: 103800, memory: 4973289472 bytes (4742.90 MB)
write base data version: 103900, memory: 4973289472 bytes (4742.90 MB)
write base data version: 104000, memory: 4973289472 bytes (4742.90 MB)
write base data version: 104100, memory: 4973289472 bytes (4742.90 MB)
write base data version: 104200, memory: 4973289472 bytes (4742.90 MB)
write base data version: 104300, memory: 4973289472 bytes (4742.90 MB)
write base data version: 104400, memory: 4973289472 bytes (4742.90 MB)
write base data version: 104500, memory: 4973289472 bytes (4742.90 MB)
write base data version: 104600, memory: 4973289472 bytes (4742.90 MB)
write base data version: 104700, memory: 4973289472 bytes (4742.90 MB)
write base data version: 104800, memory: 4973289472 bytes (4742.90 MB)
write base data version: 104900, memory: 4973289472 bytes (4742.90 MB)
write base data version: 105000, memory: 4973289472 bytes (4742.90 MB)
write base data version: 105100, memory: 4973289472 bytes (4742.90 MB)
write base data version: 105200, memory: 4973289472 bytes (4742.90 MB)
write base data version: 105300, memory: 4973289472 bytes (4742.90 MB)
write base data version: 105400, memory: 4973289472 bytes (4742.90 MB)
write base data version: 105500, memory: 4973289472 bytes (4742.90 MB)
write base data version: 105600, memory: 4973289472 bytes (4742.90 MB)
write base data version: 105700, memory: 4973289472 bytes (4742.90 MB)
write base data version: 105800, memory: 4973289472 bytes (4742.90 MB)
write base data version: 105900, memory: 4973289472 bytes (4742.90 MB)
write base data version: 106000, memory: 4973289472 bytes (4742.90 MB)
write base data version: 106100, memory: 4973289472 bytes (4742.90 MB)
write base data version: 106200, memory: 4973289472 bytes (4742.90 MB)
write base data version: 106300, memory: 4973289472 bytes (4742.90 MB)
write base data version: 106400, memory: 4973289472 bytes (4742.90 MB)
write base data version: 106500, memory: 4973289472 bytes (4742.90 MB)
write base data version: 106600, memory: 4973289472 bytes (4742.90 MB)
write base data version: 106700, memory: 4973289472 bytes (4742.90 MB)
write base data version: 106800, memory: 4973289472 bytes (4742.90 MB)
write base data version: 106900, memory: 4973289472 bytes (4742.90 MB)
write base data version: 107000, memory: 4973289472 bytes (4742.90 MB)
write base data version: 107100, memory: 4973289472 bytes (4742.90 MB)
write base data version: 107200, memory: 4973289472 bytes (4742.90 MB)
write base data version: 107300, memory: 4973289472 bytes (4742.90 MB)
write base data version: 107400, memory: 4973289472 bytes (4742.90 MB)
write base data version: 107500, memory: 4973289472 bytes (4742.90 MB)
write base data version: 107600, memory: 4973289472 bytes (4742.90 MB)
write base data version: 107700, memory: 4973289472 bytes (4742.90 MB)
write base data version: 107800, memory: 4973289472 bytes (4742.90 MB)
write base data version: 107900, memory: 4973289472 bytes (4742.90 MB)
write base data version: 108000, memory: 4973289472 bytes (4742.90 MB)
write base data version: 108100, memory: 4973289472 bytes (4742.90 MB)
write base data version: 108200, memory: 4973289472 bytes (4742.90 MB)
write base data version: 108300, memory: 4973289472 bytes (4742.90 MB)
write base data version: 108400, memory: 4973289472 bytes (4742.90 MB)
write base data version: 108500, memory: 4973289472 bytes (4742.90 MB)
write base data version: 108600, memory: 4973289472 bytes (4742.90 MB)
write base data version: 108700, memory: 4973289472 bytes (4742.90 MB)
write base data version: 108800, memory: 4973289472 bytes (4742.90 MB)
write base data version: 108900, memory: 4973289472 bytes (4742.90 MB)
write base data version: 109000, memory: 4973289472 bytes (4742.90 MB)
write base data version: 109100, memory: 4973289472 bytes (4742.90 MB)
write base data version: 109200, memory: 4973289472 bytes (4742.90 MB)
write base data version: 109300, memory: 4973289472 bytes (4742.90 MB)
write base data version: 109400, memory: 4973289472 bytes (4742.90 MB)
write base data version: 109500, memory: 4973289472 bytes (4742.90 MB)
write base data version: 109600, memory: 4973289472 bytes (4742.90 MB)
write base data version: 109700, memory: 4973289472 bytes (4742.90 MB)
write base data version: 109800, memory: 4973289472 bytes (4742.90 MB)
write base data version: 109900, memory: 4973289472 bytes (4742.90 MB)
write base data version: 110000, memory: 4973289472 bytes (4742.90 MB)
write base data version: 110100, memory: 4973289472 bytes (4742.90 MB)
write base data version: 110200, memory: 4973289472 bytes (4742.90 MB)
write base data version: 110300, memory: 4973289472 bytes (4742.90 MB)
write base data version: 110400, memory: 4973289472 bytes (4742.90 MB)
write base data version: 110500, memory: 4973289472 bytes (4742.90 MB)
write base data version: 110600, memory: 4973289472 bytes (4742.90 MB)
write base data version: 110700, memory: 4973289472 bytes (4742.90 MB)
write base data version: 110800, memory: 4973289472 bytes (4742.90 MB)
write base data version: 110900, memory: 4973289472 bytes (4742.90 MB)
write base data version: 111000, memory: 4973289472 bytes (4742.90 MB)
write base data version: 111100, memory: 4973289472 bytes (4742.90 MB)
write base data version: 111200, memory: 4973289472 bytes (4742.90 MB)
write base data version: 111300, memory: 4973289472 bytes (4742.90 MB)
write base data version: 111400, memory: 4973289472 bytes (4742.90 MB)
write base data version: 111500, memory: 4973289472 bytes (4742.90 MB)
write base data version: 111600, memory: 4973289472 bytes (4742.90 MB)
write base data version: 111700, memory: 4973289472 bytes (4742.90 MB)
write base data version: 111800, memory: 4973289472 bytes (4742.90 MB)
write base data version: 111900, memory: 4973289472 bytes (4742.90 MB)
write base data version: 112000, memory: 4973289472 bytes (4742.90 MB)
write base data version: 112100, memory: 4973289472 bytes (4742.90 MB)
write base data version: 112200, memory: 4973289472 bytes (4742.90 MB)
write base data version: 112300, memory: 4973289472 bytes (4742.90 MB)
write base data version: 112400, memory: 4973289472 bytes (4742.90 MB)
write base data version: 112500, memory: 4973289472 bytes (4742.90 MB)
write base data version: 112600, memory: 4973289472 bytes (4742.90 MB)
write base data version: 112700, memory: 4973289472 bytes (4742.90 MB)
write base data version: 112800, memory: 4973289472 bytes (4742.90 MB)
write base data version: 112900, memory: 4973289472 bytes (4742.90 MB)
write base data version: 113000, memory: 4973289472 bytes (4742.90 MB)
write base data version: 113100, memory: 4973289472 bytes (4742.90 MB)
write base data version: 113200, memory: 4973289472 bytes (4742.90 MB)
write base data version: 113300, memory: 4973289472 bytes (4742.90 MB)
write base data version: 113400, memory: 4973289472 bytes (4742.90 MB)
write base data version: 113500, memory: 4973289472 bytes (4742.90 MB)
write base data version: 113600, memory: 4973289472 bytes (4742.90 MB)
write base data version: 113700, memory: 4973289472 bytes (4742.90 MB)
write base data version: 113800, memory: 4973289472 bytes (4742.90 MB)
write base data version: 113900, memory: 4973289472 bytes (4742.90 MB)
write base data version: 114000, memory: 4973289472 bytes (4742.90 MB)
write base data version: 114100, memory: 4973289472 bytes (4742.90 MB)
write base data version: 114200, memory: 4973289472 bytes (4742.90 MB)
write base data version: 114300, memory: 4973289472 bytes (4742.90 MB)
write base data version: 114400, memory: 4973289472 bytes (4742.90 MB)
write base data version: 114500, memory: 4973289472 bytes (4742.90 MB)
write base data version: 114600, memory: 4973289472 bytes (4742.90 MB)
write base data version: 114700, memory: 4973289472 bytes (4742.90 MB)
write base data version: 114800, memory: 4973289472 bytes (4742.90 MB)
write base data version: 114900, memory: 4973289472 bytes (4742.90 MB)
write base data version: 115000, memory: 4973289472 bytes (4742.90 MB)
write base data version: 115100, memory: 4973289472 bytes (4742.90 MB)
write base data version: 115200, memory: 4973289472 bytes (4742.90 MB)
write base data version: 115300, memory: 4973289472 bytes (4742.90 MB)
write base data version: 115400, memory: 4973289472 bytes (4742.90 MB)
write base data version: 115500, memory: 4973289472 bytes (4742.90 MB)
write base data version: 115600, memory: 4973289472 bytes (4742.90 MB)
write base data version: 115700, memory: 4973289472 bytes (4742.90 MB)
write base data version: 115800, memory: 4973289472 bytes (4742.90 MB)
write base data version: 115900, memory: 4973289472 bytes (4742.90 MB)
write base data version: 116000, memory: 4973289472 bytes (4742.90 MB)
write base data version: 116100, memory: 4973289472 bytes (4742.90 MB)
write base data version: 116200, memory: 4973289472 bytes (4742.90 MB)
write base data version: 116300, memory: 4973289472 bytes (4742.90 MB)
write base data version: 116400, memory: 4973289472 bytes (4742.90 MB)
write base data version: 116500, memory: 4973289472 bytes (4742.90 MB)
write base data version: 116600, memory: 4973289472 bytes (4742.90 MB)
write base data version: 116700, memory: 4973289472 bytes (4742.90 MB)
write base data version: 116800, memory: 4973289472 bytes (4742.90 MB)
write base data version: 116900, memory: 4973289472 bytes (4742.90 MB)
write base data version: 117000, memory: 4973289472 bytes (4742.90 MB)
write base data version: 117100, memory: 4973289472 bytes (4742.90 MB)
write base data version: 117200, memory: 4973289472 bytes (4742.90 MB)
write base data version: 117300, memory: 4973289472 bytes (4742.90 MB)
write base data version: 117400, memory: 4973289472 bytes (4742.90 MB)
write base data version: 117500, memory: 4973289472 bytes (4742.90 MB)
write base data version: 117600, memory: 4973289472 bytes (4742.90 MB)
write base data version: 117700, memory: 4973289472 bytes (4742.90 MB)
write base data version: 117800, memory: 4973289472 bytes (4742.90 MB)
write base data version: 117900, memory: 4973289472 bytes (4742.90 MB)
write base data version: 118000, memory: 4973289472 bytes (4742.90 MB)
write base data version: 118100, memory: 4973289472 bytes (4742.90 MB)
write base data version: 118200, memory: 4973289472 bytes (4742.90 MB)
write base data version: 118300, memory: 4973289472 bytes (4742.90 MB)
write base data version: 118400, memory: 4973289472 bytes (4742.90 MB)
write base data version: 118500, memory: 4973289472 bytes (4742.90 MB)
write base data version: 118600, memory: 4973289472 bytes (4742.90 MB)
write base data version: 118700, memory: 4973289472 bytes (4742.90 MB)
write base data version: 118800, memory: 4973289472 bytes (4742.90 MB)
write base data version: 118900, memory: 4973289472 bytes (4742.90 MB)
write base data version: 119000, memory: 4973289472 bytes (4742.90 MB)
write base data version: 119100, memory: 4973289472 bytes (4742.90 MB)
write base data version: 119200, memory: 4973289472 bytes (4742.90 MB)
write base data version: 119300, memory: 4973289472 bytes (4742.90 MB)
write base data version: 119400, memory: 4973289472 bytes (4742.90 MB)
write base data version: 119500, memory: 4973289472 bytes (4742.90 MB)
write base data version: 119600, memory: 4973289472 bytes (4742.90 MB)
write base data version: 119700, memory: 4973289472 bytes (4742.90 MB)
write base data version: 119800, memory: 4973289472 bytes (4742.90 MB)
write base data version: 119900, memory: 4973289472 bytes (4742.90 MB)
write base data version: 120000, memory: 4973289472 bytes (4742.90 MB)
write base data version: 120100, memory: 4973289472 bytes (4742.90 MB)
write base data version: 120200, memory: 4973289472 bytes (4742.90 MB)
write base data version: 120300, memory: 4973289472 bytes (4742.90 MB)
write base data version: 120400, memory: 4973289472 bytes (4742.90 MB)
write base data version: 120500, memory: 4973289472 bytes (4742.90 MB)
write base data version: 120600, memory: 4973289472 bytes (4742.90 MB)
write base data version: 120700, memory: 4973289472 bytes (4742.90 MB)
write base data version: 120800, memory: 4973289472 bytes (4742.90 MB)
write base data version: 120900, memory: 4973289472 bytes (4742.90 MB)
write base data version: 121000, memory: 4973289472 bytes (4742.90 MB)
write base data version: 121100, memory: 4973289472 bytes (4742.90 MB)
write base data version: 121200, memory: 4973289472 bytes (4742.90 MB)
write base data version: 121300, memory: 4973289472 bytes (4742.90 MB)
write base data version: 121400, memory: 4973289472 bytes (4742.90 MB)
write base data version: 121500, memory: 4973289472 bytes (4742.90 MB)
write base data version: 121600, memory: 4973289472 bytes (4742.90 MB)
write base data version: 121700, memory: 4973289472 bytes (4742.90 MB)
write base data version: 121800, memory: 4973289472 bytes (4742.90 MB)
write base data version: 121900, memory: 4973289472 bytes (4742.90 MB)
write base data version: 122000, memory: 4973289472 bytes (4742.90 MB)
write base data version: 122100, memory: 4973289472 bytes (4742.90 MB)
write base data version: 122200, memory: 4973289472 bytes (4742.90 MB)
write base data version: 122300, memory: 4973289472 bytes (4742.90 MB)
write base data version: 122400, memory: 4973289472 bytes (4742.90 MB)
write base data version: 122500, memory: 4973289472 bytes (4742.90 MB)
write base data version: 122600, memory: 4973289472 bytes (4742.90 MB)
write base data version: 122700, memory: 4973289472 bytes (4742.90 MB)
write base data version: 122800, memory: 4973289472 bytes (4742.90 MB)
write base data version: 122900, memory: 4973289472 bytes (4742.90 MB)
write base data version: 123000, memory: 4973289472 bytes (4742.90 MB)
write base data version: 123100, memory: 4973289472 bytes (4742.90 MB)
write base data version: 123200, memory: 4973289472 bytes (4742.90 MB)
write base data version: 123300, memory: 4973289472 bytes (4742.90 MB)
write base data version: 123400, memory: 4973289472 bytes (4742.90 MB)
write base data version: 123500, memory: 4973289472 bytes (4742.90 MB)
write base data version: 123600, memory: 4973289472 bytes (4742.90 MB)
write base data version: 123700, memory: 4973289472 bytes (4742.90 MB)
write base data version: 123800, memory: 4973289472 bytes (4742.90 MB)
write base data version: 123900, memory: 4973289472 bytes (4742.90 MB)
write base data version: 124000, memory: 4973289472 bytes (4742.90 MB)
write base data version: 124100, memory: 4973289472 bytes (4742.90 MB)
write base data version: 124200, memory: 4973289472 bytes (4742.90 MB)
write base data version: 124300, memory: 4973289472 bytes (4742.90 MB)
write base data version: 124400, memory: 4973289472 bytes (4742.90 MB)
write base data version: 124500, memory: 4973289472 bytes (4742.90 MB)
write base data version: 124600, memory: 4973289472 bytes (4742.90 MB)
write base data version: 124700, memory: 4973289472 bytes (4742.90 MB)
write base data version: 124800, memory: 4973289472 bytes (4742.90 MB)
write base data version: 124900, memory: 4973289472 bytes (4742.90 MB)
write base data version: 125000, memory: 4973289472 bytes (4742.90 MB)
write base data version: 125100, memory: 4973289472 bytes (4742.90 MB)
write base data version: 125200, memory: 4973289472 bytes (4742.90 MB)
write base data version: 125300, memory: 4973289472 bytes (4742.90 MB)
write base data version: 125400, memory: 4973289472 bytes (4742.90 MB)
write base data version: 125500, memory: 4973289472 bytes (4742.90 MB)
write base data version: 125600, memory: 4973289472 bytes (4742.90 MB)
write base data version: 125700, memory: 4973289472 bytes (4742.90 MB)
write base data version: 125800, memory: 4973289472 bytes (4742.90 MB)
write base data version: 125900, memory: 4973289472 bytes (4742.90 MB)
write base data version: 126000, memory: 4973289472 bytes (4742.90 MB)
write base data version: 126100, memory: 4973289472 bytes (4742.90 MB)
write base data version: 126200, memory: 4973289472 bytes (4742.90 MB)
write base data version: 126300, memory: 4973289472 bytes (4742.90 MB)
write base data version: 126400, memory: 4973289472 bytes (4742.90 MB)
write base data version: 126500, memory: 4973289472 bytes (4742.90 MB)
write base data version: 126600, memory: 4973289472 bytes (4742.90 MB)
write base data version: 126700, memory: 4973289472 bytes (4742.90 MB)
write base data version: 126800, memory: 4973289472 bytes (4742.90 MB)
write base data version: 126900, memory: 4973289472 bytes (4742.90 MB)
write base data version: 127000, memory: 4973289472 bytes (4742.90 MB)
write base data version: 127100, memory: 4973289472 bytes (4742.90 MB)
write base data version: 127200, memory: 4973289472 bytes (4742.90 MB)
write base data version: 127300, memory: 4973289472 bytes (4742.90 MB)
write base data version: 127400, memory: 4973289472 bytes (4742.90 MB)
write base data version: 127500, memory: 4973289472 bytes (4742.90 MB)
write base data version: 127600, memory: 4973289472 bytes (4742.90 MB)
write base data version: 127700, memory: 4973289472 bytes (4742.90 MB)
write base data version: 127800, memory: 4973289472 bytes (4742.90 MB)
write base data version: 127900, memory: 4973289472 bytes (4742.90 MB)
write base data version: 128000, memory: 4973289472 bytes (4742.90 MB)
write base data version: 128100, memory: 4973289472 bytes (4742.90 MB)
write base data version: 128200, memory: 4973289472 bytes (4742.90 MB)
write base data version: 128300, memory: 4973289472 bytes (4742.90 MB)
write base data version: 128400, memory: 4973289472 bytes (4742.90 MB)
write base data version: 128500, memory: 4973289472 bytes (4742.90 MB)
write base data version: 128600, memory: 4973289472 bytes (4742.90 MB)
write base data version: 128700, memory: 4973289472 bytes (4742.90 MB)
write base data version: 128800, memory: 4973289472 bytes (4742.90 MB)
write base data version: 128900, memory: 4973289472 bytes (4742.90 MB)
write base data version: 129000, memory: 4973289472 bytes (4742.90 MB)
write base data version: 129100, memory: 4973289472 bytes (4742.90 MB)
write base data version: 129200, memory: 4973289472 bytes (4742.90 MB)
write base data version: 129300, memory: 4973289472 bytes (4742.90 MB)
write base data version: 129400, memory: 4973289472 bytes (4742.90 MB)
write base data version: 129500, memory: 4973289472 bytes (4742.90 MB)
write base data version: 129600, memory: 4973289472 bytes (4742.90 MB)
write base data version: 129700, memory: 4973289472 bytes (4742.90 MB)
write base data version: 129800, memory: 4973289472 bytes (4742.90 MB)
write base data version: 129900, memory: 4973289472 bytes (4742.90 MB)
write base data version: 130000, memory: 4973289472 bytes (4742.90 MB)
write base data version: 130100, memory: 4973289472 bytes (4742.90 MB)
write base data version: 130200, memory: 4973289472 bytes (4742.90 MB)
write base data version: 130300, memory: 4973289472 bytes (4742.90 MB)
write base data version: 130400, memory: 4973289472 bytes (4742.90 MB)
write base data version: 130500, memory: 4973289472 bytes (4742.90 MB)
write base data version: 130600, memory: 4973289472 bytes (4742.90 MB)
write base data version: 130700, memory: 4973289472 bytes (4742.90 MB)
write base data version: 130800, memory: 4973289472 bytes (4742.90 MB)
write base data version: 130900, memory: 4973289472 bytes (4742.90 MB)
write base data version: 131000, memory: 4973289472 bytes (4742.90 MB)
write base data version: 131100, memory: 4973289472 bytes (4742.90 MB)
write base data version: 131200, memory: 4973289472 bytes (4742.90 MB)
write base data version: 131300, memory: 4973289472 bytes (4742.90 MB)
write base data version: 131400, memory: 4973289472 bytes (4742.90 MB)
write base data version: 131500, memory: 4973289472 bytes (4742.90 MB)
write base data version: 131600, memory: 4973289472 bytes (4742.90 MB)
write base data version: 131700, memory: 4973289472 bytes (4742.90 MB)
write base data version: 131800, memory: 4973289472 bytes (4742.90 MB)
write base data version: 131900, memory: 4973289472 bytes (4742.90 MB)
write base data version: 132000, memory: 4973289472 bytes (4742.90 MB)
write base data version: 132100, memory: 4973289472 bytes (4742.90 MB)
write base data version: 132200, memory: 4973289472 bytes (4742.90 MB)
write base data version: 132300, memory: 4973289472 bytes (4742.90 MB)
write base data version: 132400, memory: 4973289472 bytes (4742.90 MB)
write base data version: 132500, memory: 4973289472 bytes (4742.90 MB)
write base data version: 132600, memory: 4973289472 bytes (4742.90 MB)
write base data version: 132700, memory: 4973289472 bytes (4742.90 MB)
write base data version: 132800, memory: 4973289472 bytes (4742.90 MB)
write base data version: 132900, memory: 4973289472 bytes (4742.90 MB)
write base data version: 133000, memory: 4973289472 bytes (4742.90 MB)
write base data version: 133100, memory: 4973289472 bytes (4742.90 MB)
write base data version: 133200, memory: 4973289472 bytes (4742.90 MB)
write base data version: 133300, memory: 4973289472 bytes (4742.90 MB)
write base data version: 133400, memory: 4973289472 bytes (4742.90 MB)
write base data version: 133500, memory: 4973289472 bytes (4742.90 MB)
write base data version: 133600, memory: 4973289472 bytes (4742.90 MB)
write base data version: 133700, memory: 4973289472 bytes (4742.90 MB)
write base data version: 133800, memory: 4973289472 bytes (4742.90 MB)
write base data version: 133900, memory: 4973289472 bytes (4742.90 MB)
write base data version: 134000, memory: 4973289472 bytes (4742.90 MB)
write base data version: 134100, memory: 4973289472 bytes (4742.90 MB)
write base data version: 134200, memory: 4973289472 bytes (4742.90 MB)
write base data version: 134300, memory: 4973289472 bytes (4742.90 MB)
write base data version: 134400, memory: 4973289472 bytes (4742.90 MB)
write base data version: 134500, memory: 4973289472 bytes (4742.90 MB)
write base data version: 134600, memory: 4973289472 bytes (4742.90 MB)
write base data version: 134700, memory: 4973289472 bytes (4742.90 MB)
write base data version: 134800, memory: 4973289472 bytes (4742.90 MB)
write base data version: 134900, memory: 4973289472 bytes (4742.90 MB)
write base data version: 135000, memory: 4973289472 bytes (4742.90 MB)
write base data version: 135100, memory: 4973289472 bytes (4742.90 MB)
write base data version: 135200, memory: 4973289472 bytes (4742.90 MB)
write base data version: 135300, memory: 4973289472 bytes (4742.90 MB)
write base data version: 135400, memory: 4973289472 bytes (4742.90 MB)
write base data version: 135500, memory: 4973289472 bytes (4742.90 MB)
write base data version: 135600, memory: 4973289472 bytes (4742.90 MB)
write base data version: 135700, memory: 4973289472 bytes (4742.90 MB)
write base data version: 135800, memory: 4973289472 bytes (4742.90 MB)
write base data version: 135900, memory: 4973289472 bytes (4742.90 MB)
write base data version: 136000, memory: 4973289472 bytes (4742.90 MB)
write base data version: 136100, memory: 4973289472 bytes (4742.90 MB)
write base data version: 136200, memory: 4973289472 bytes (4742.90 MB)
write base data version: 136300, memory: 4973289472 bytes (4742.90 MB)
write base data version: 136400, memory: 4973289472 bytes (4742.90 MB)
write base data version: 136500, memory: 4973289472 bytes (4742.90 MB)
write base data version: 136600, memory: 4973289472 bytes (4742.90 MB)
write base data version: 136700, memory: 4973289472 bytes (4742.90 MB)
write base data version: 136800, memory: 4973289472 bytes (4742.90 MB)
write base data version: 136900, memory: 4973289472 bytes (4742.90 MB)
write base data version: 137000, memory: 4973289472 bytes (4742.90 MB)
write base data version: 137100, memory: 4973289472 bytes (4742.90 MB)
write base data version: 137200, memory: 4973289472 bytes (4742.90 MB)
write base data version: 137300, memory: 4973289472 bytes (4742.90 MB)
write base data version: 137400, memory: 4973289472 bytes (4742.90 MB)
write base data version: 137500, memory: 4973289472 bytes (4742.90 MB)
write base data version: 137600, memory: 4973289472 bytes (4742.90 MB)
write base data version: 137700, memory: 4973289472 bytes (4742.90 MB)
write base data version: 137800, memory: 4973289472 bytes (4742.90 MB)
write base data version: 137900, memory: 4973289472 bytes (4742.90 MB)
write base data version: 138000, memory: 4973289472 bytes (4742.90 MB)
write base data version: 138100, memory: 4973289472 bytes (4742.90 MB)
write base data version: 138200, memory: 4973289472 bytes (4742.90 MB)
write base data version: 138300, memory: 4973289472 bytes (4742.90 MB)
write base data version: 138400, memory: 4973289472 bytes (4742.90 MB)
write base data version: 138500, memory: 4973289472 bytes (4742.90 MB)
write base data version: 138600, memory: 4973289472 bytes (4742.90 MB)
write base data version: 138700, memory: 4973289472 bytes (4742.90 MB)
write base data version: 138800, memory: 4973289472 bytes (4742.90 MB)
write base data version: 138900, memory: 4973289472 bytes (4742.90 MB)
write base data version: 139000, memory: 4973289472 bytes (4742.90 MB)
write base data version: 139100, memory: 4973289472 bytes (4742.90 MB)
write base data version: 139200, memory: 4973289472 bytes (4742.90 MB)
write base data version: 139300, memory: 4973289472 bytes (4742.90 MB)
write base data version: 139400, memory: 4973289472 bytes (4742.90 MB)
write base data version: 139500, memory: 4973289472 bytes (4742.90 MB)
write base data version: 139600, memory: 4973289472 bytes (4742.90 MB)
write base data version: 139700, memory: 4973289472 bytes (4742.90 MB)
write base data version: 139800, memory: 4973289472 bytes (4742.90 MB)
write base data version: 139900, memory: 4973289472 bytes (4742.90 MB)
write base data version: 140000, memory: 4973289472 bytes (4742.90 MB)
write base data version: 140100, memory: 4973289472 bytes (4742.90 MB)
write base data version: 140200, memory: 4973289472 bytes (4742.90 MB)
write base data version: 140300, memory: 4973289472 bytes (4742.90 MB)
write base data version: 140400, memory: 4973289472 bytes (4742.90 MB)
write base data version: 140500, memory: 4973289472 bytes (4742.90 MB)
write base data version: 140600, memory: 4973289472 bytes (4742.90 MB)
write base data version: 140700, memory: 4973289472 bytes (4742.90 MB)
write base data version: 140800, memory: 4973289472 bytes (4742.90 MB)
write base data version: 140900, memory: 4973289472 bytes (4742.90 MB)
write base data version: 141000, memory: 4973289472 bytes (4742.90 MB)
write base data version: 141100, memory: 4973289472 bytes (4742.90 MB)
write base data version: 141200, memory: 4973289472 bytes (4742.90 MB)
write base data version: 141300, memory: 4973289472 bytes (4742.90 MB)
write base data version: 141400, memory: 4973289472 bytes (4742.90 MB)
write base data version: 141500, memory: 4973289472 bytes (4742.90 MB)
write base data version: 141600, memory: 4973289472 bytes (4742.90 MB)
write base data version: 141700, memory: 4973289472 bytes (4742.90 MB)
write base data version: 141800, memory: 4973289472 bytes (4742.90 MB)
write base data version: 141900, memory: 4973289472 bytes (4742.90 MB)
write base data version: 142000, memory: 4973289472 bytes (4742.90 MB)
write base data version: 142100, memory: 4973289472 bytes (4742.90 MB)
write base data version: 142200, memory: 4973289472 bytes (4742.90 MB)
write base data version: 142300, memory: 4973289472 bytes (4742.90 MB)
write base data version: 142400, memory: 4973289472 bytes (4742.90 MB)
write base data version: 142500, memory: 4973289472 bytes (4742.90 MB)
write base data version: 142600, memory: 4973289472 bytes (4742.90 MB)
write base data version: 142700, memory: 4973289472 bytes (4742.90 MB)
write base data version: 142800, memory: 4973289472 bytes (4742.90 MB)
write base data version: 142900, memory: 4973289472 bytes (4742.90 MB)
write base data version: 143000, memory: 4973289472 bytes (4742.90 MB)
write base data version: 143100, memory: 4973289472 bytes (4742.90 MB)
write base data version: 143200, memory: 4973289472 bytes (4742.90 MB)
write base data version: 143300, memory: 4973289472 bytes (4742.90 MB)
write base data version: 143400, memory: 4973289472 bytes (4742.90 MB)
write base data version: 143500, memory: 4973289472 bytes (4742.90 MB)
write base data version: 143600, memory: 4973289472 bytes (4742.90 MB)
write base data version: 143700, memory: 4973289472 bytes (4742.90 MB)
write base data version: 143800, memory: 4973289472 bytes (4742.90 MB)
write base data version: 143900, memory: 4973289472 bytes (4742.90 MB)
write base data version: 144000, memory: 4973289472 bytes (4742.90 MB)
write base data version: 144100, memory: 4973289472 bytes (4742.90 MB)
write base data version: 144200, memory: 4973289472 bytes (4742.90 MB)
write base data version: 144300, memory: 4973289472 bytes (4742.90 MB)
write base data version: 144400, memory: 4973289472 bytes (4742.90 MB)
write base data version: 144500, memory: 4973289472 bytes (4742.90 MB)
write base data version: 144600, memory: 4973289472 bytes (4742.90 MB)
write base data version: 144700, memory: 4973289472 bytes (4742.90 MB)
write base data version: 144800, memory: 4973289472 bytes (4742.90 MB)
write base data version: 144900, memory: 4973289472 bytes (4742.90 MB)
write base data version: 145000, memory: 4973289472 bytes (4742.90 MB)
write base data version: 145100, memory: 4973289472 bytes (4742.90 MB)
write base data version: 145200, memory: 4973289472 bytes (4742.90 MB)
write base data version: 145300, memory: 4973289472 bytes (4742.90 MB)
write base data version: 145400, memory: 4973289472 bytes (4742.90 MB)
write base data version: 145500, memory: 4973289472 bytes (4742.90 MB)
write base data version: 145600, memory: 4973289472 bytes (4742.90 MB)
write base data version: 145700, memory: 4973289472 bytes (4742.90 MB)
write base data version: 145800, memory: 4973289472 bytes (4742.90 MB)
write base data version: 145900, memory: 4973289472 bytes (4742.90 MB)
write base data version: 146000, memory: 4973289472 bytes (4742.90 MB)
write base data version: 146100, memory: 4973289472 bytes (4742.90 MB)
write base data version: 146200, memory: 4973289472 bytes (4742.90 MB)
write base data version: 146300, memory: 4973289472 bytes (4742.90 MB)
write base data version: 146400, memory: 4973289472 bytes (4742.90 MB)
write base data version: 146500, memory: 4973289472 bytes (4742.90 MB)
write base data version: 146600, memory: 4973289472 bytes (4742.90 MB)
write base data version: 146700, memory: 4973289472 bytes (4742.90 MB)
write base data version: 146800, memory: 4973289472 bytes (4742.90 MB)
write base data version: 146900, memory: 4973289472 bytes (4742.90 MB)
write base data version: 147000, memory: 4973289472 bytes (4742.90 MB)
write base data version: 147100, memory: 4973289472 bytes (4742.90 MB)
write base data version: 147200, memory: 4973289472 bytes (4742.90 MB)
write base data version: 147300, memory: 4973289472 bytes (4742.90 MB)
write base data version: 147400, memory: 4973289472 bytes (4742.90 MB)
write base data version: 147500, memory: 4973289472 bytes (4742.90 MB)
write base data version: 147600, memory: 4973289472 bytes (4742.90 MB)
write base data version: 147700, memory: 4973289472 bytes (4742.90 MB)
write base data version: 147800, memory: 4973289472 bytes (4742.90 MB)
write base data version: 147900, memory: 4973289472 bytes (4742.90 MB)
write base data version: 148000, memory: 4973289472 bytes (4742.90 MB)
write base data version: 148100, memory: 4973289472 bytes (4742.90 MB)
write base data version: 148200, memory: 4973289472 bytes (4742.90 MB)
write base data version: 148300, memory: 4973289472 bytes (4742.90 MB)
write base data version: 148400, memory: 4973289472 bytes (4742.90 MB)
write base data version: 148500, memory: 4973289472 bytes (4742.90 MB)
write base data version: 148600, memory: 4973289472 bytes (4742.90 MB)
write base data version: 148700, memory: 4973289472 bytes (4742.90 MB)
write base data version: 148800, memory: 4973289472 bytes (4742.90 MB)
write base data version: 148900, memory: 4973289472 bytes (4742.90 MB)
write base data version: 149000, memory: 4973289472 bytes (4742.90 MB)
write base data version: 149100, memory: 4973289472 bytes (4742.90 MB)
write base data version: 149200, memory: 4973289472 bytes (4742.90 MB)
write base data version: 149300, memory: 4973289472 bytes (4742.90 MB)
write base data version: 149400, memory: 4973289472 bytes (4742.90 MB)
write base data version: 149500, memory: 4973289472 bytes (4742.90 MB)
write base data version: 149600, memory: 4973289472 bytes (4742.90 MB)
write base data version: 149700, memory: 4973289472 bytes (4742.90 MB)
write base data version: 149800, memory: 4973289472 bytes (4742.90 MB)
write base data version: 149900, memory: 4973289472 bytes (4742.90 MB)
write base data version: 150000, memory: 4973289472 bytes (4742.90 MB)
write base data version: 150100, memory: 4973289472 bytes (4742.90 MB)
write base data version: 150200, memory: 4973289472 bytes (4742.90 MB)
write base data version: 150300, memory: 4973289472 bytes (4742.90 MB)
write base data version: 150400, memory: 4973289472 bytes (4742.90 MB)
write base data version: 150500, memory: 4973289472 bytes (4742.90 MB)
write base data version: 150600, memory: 4973289472 bytes (4742.90 MB)
write base data version: 150700, memory: 4973289472 bytes (4742.90 MB)
write base data version: 150800, memory: 4973289472 bytes (4742.90 MB)
write base data version: 150900, memory: 4973289472 bytes (4742.90 MB)
write base data version: 151000, memory: 4973289472 bytes (4742.90 MB)
write base data version: 151100, memory: 4973289472 bytes (4742.90 MB)
write base data version: 151200, memory: 4973289472 bytes (4742.90 MB)
write base data version: 151300, memory: 4973289472 bytes (4742.90 MB)
write base data version: 151400, memory: 4973289472 bytes (4742.90 MB)
write base data version: 151500, memory: 4973289472 bytes (4742.90 MB)
write base data version: 151600, memory: 4973289472 bytes (4742.90 MB)
write base data version: 151700, memory: 4973289472 bytes (4742.90 MB)
write base data version: 151800, memory: 4973289472 bytes (4742.90 MB)
write base data version: 151900, memory: 4973289472 bytes (4742.90 MB)
write base data version: 152000, memory: 4973289472 bytes (4742.90 MB)
write base data version: 152100, memory: 4973289472 bytes (4742.90 MB)
write base data version: 152200, memory: 4973289472 bytes (4742.90 MB)
write base data version: 152300, memory: 4973289472 bytes (4742.90 MB)
write base data version: 152400, memory: 4973289472 bytes (4742.90 MB)
write base data version: 152500, memory: 4973289472 bytes (4742.90 MB)
write base data version: 152600, memory: 4973289472 bytes (4742.90 MB)
write base data version: 152700, memory: 4973289472 bytes (4742.90 MB)
write base data version: 152800, memory: 4973289472 bytes (4742.90 MB)
write base data version: 152900, memory: 4973289472 bytes (4742.90 MB)
write base data version: 153000, memory: 4973289472 bytes (4742.90 MB)
write base data version: 153100, memory: 4973289472 bytes (4742.90 MB)
write base data version: 153200, memory: 4973289472 bytes (4742.90 MB)
write base data version: 153300, memory: 4973289472 bytes (4742.90 MB)
write base data version: 153400, memory: 4973289472 bytes (4742.90 MB)
write base data version: 153500, memory: 4973289472 bytes (4742.90 MB)
write base data version: 153600, memory: 4973289472 bytes (4742.90 MB)
write base data version: 153700, memory: 4973289472 bytes (4742.90 MB)
write base data version: 153800, memory: 4973289472 bytes (4742.90 MB)
write base data version: 153900, memory: 4973289472 bytes (4742.90 MB)
write base data version: 154000, memory: 4973289472 bytes (4742.90 MB)
write base data version: 154100, memory: 4973289472 bytes (4742.90 MB)
write base data version: 154200, memory: 4973289472 bytes (4742.90 MB)
write base data version: 154300, memory: 4973289472 bytes (4742.90 MB)
write base data version: 154400, memory: 4973289472 bytes (4742.90 MB)
write base data version: 154500, memory: 4973289472 bytes (4742.90 MB)
write base data version: 154600, memory: 4973289472 bytes (4742.90 MB)
write base data version: 154700, memory: 4973289472 bytes (4742.90 MB)
write base data version: 154800, memory: 4973289472 bytes (4742.90 MB)
write base data version: 154900, memory: 4973289472 bytes (4742.90 MB)
write base data version: 155000, memory: 4973289472 bytes (4742.90 MB)
write base data version: 155100, memory: 4973289472 bytes (4742.90 MB)
write base data version: 155200, memory: 4973289472 bytes (4742.90 MB)
write base data version: 155300, memory: 4973289472 bytes (4742.90 MB)
write base data version: 155400, memory: 4973289472 bytes (4742.90 MB)
write base data version: 155500, memory: 4973289472 bytes (4742.90 MB)
write base data version: 155600, memory: 4973289472 bytes (4742.90 MB)
write base data version: 155700, memory: 4973289472 bytes (4742.90 MB)
write base data version: 155800, memory: 4973289472 bytes (4742.90 MB)
write base data version: 155900, memory: 4973289472 bytes (4742.90 MB)
write base data version: 156000, memory: 4973289472 bytes (4742.90 MB)
write base data version: 156100, memory: 4973289472 bytes (4742.90 MB)
write base data version: 156200, memory: 4973289472 bytes (4742.90 MB)
write base data version: 156300, memory: 4973289472 bytes (4742.90 MB)
write base data version: 156400, memory: 4973289472 bytes (4742.90 MB)
write base data version: 156500, memory: 4973289472 bytes (4742.90 MB)
write base data version: 156600, memory: 4973289472 bytes (4742.90 MB)
write base data version: 156700, memory: 4973289472 bytes (4742.90 MB)
write base data version: 156800, memory: 4973289472 bytes (4742.90 MB)
write base data version: 156900, memory: 4973289472 bytes (4742.90 MB)
write base data version: 157000, memory: 4973289472 bytes (4742.90 MB)
write base data version: 157100, memory: 4973289472 bytes (4742.90 MB)
write base data version: 157200, memory: 4973289472 bytes (4742.90 MB)
write base data version: 157300, memory: 4973289472 bytes (4742.90 MB)
write base data version: 157400, memory: 4973289472 bytes (4742.90 MB)
write base data version: 157500, memory: 4973289472 bytes (4742.90 MB)
write base data version: 157600, memory: 4973289472 bytes (4742.90 MB)
write base data version: 157700, memory: 4973289472 bytes (4742.90 MB)
write base data version: 157800, memory: 4973289472 bytes (4742.90 MB)
write base data version: 157900, memory: 4973289472 bytes (4742.90 MB)
write base data version: 158000, memory: 4973289472 bytes (4742.90 MB)
write base data version: 158100, memory: 4973289472 bytes (4742.90 MB)
write base data version: 158200, memory: 4973289472 bytes (4742.90 MB)
write base data version: 158300, memory: 4973289472 bytes (4742.90 MB)
write base data version: 158400, memory: 4973289472 bytes (4742.90 MB)
write base data version: 158500, memory: 4973289472 bytes (4742.90 MB)
write base data version: 158600, memory: 4973289472 bytes (4742.90 MB)
write base data version: 158700, memory: 4973289472 bytes (4742.90 MB)
write base data version: 158800, memory: 4973289472 bytes (4742.90 MB)
write base data version: 158900, memory: 4973289472 bytes (4742.90 MB)
write base data version: 159000, memory: 4973289472 bytes (4742.90 MB)
write base data version: 159100, memory: 4973289472 bytes (4742.90 MB)
write base data version: 159200, memory: 4973289472 bytes (4742.90 MB)
write base data version: 159300, memory: 4973289472 bytes (4742.90 MB)
write base data version: 159400, memory: 4973289472 bytes (4742.90 MB)
write base data version: 159500, memory: 4973289472 bytes (4742.90 MB)
write base data version: 159600, memory: 4973289472 bytes (4742.90 MB)
write base data version: 159700, memory: 4973289472 bytes (4742.90 MB)
write base data version: 159800, memory: 4973289472 bytes (4742.90 MB)
write base data version: 159900, memory: 4973289472 bytes (4742.90 MB)
write base data version: 160000, memory: 4973289472 bytes (4742.90 MB)
write base data version: 160100, memory: 4973289472 bytes (4742.90 MB)
write base data version: 160200, memory: 4973289472 bytes (4742.90 MB)
write base data version: 160300, memory: 4973289472 bytes (4742.90 MB)
write base data version: 160400, memory: 4973289472 bytes (4742.90 MB)
write base data version: 160500, memory: 4973289472 bytes (4742.90 MB)
write base data version: 160600, memory: 4973289472 bytes (4742.90 MB)
write base data version: 160700, memory: 4973289472 bytes (4742.90 MB)
write base data version: 160800, memory: 4973289472 bytes (4742.90 MB)
write base data version: 160900, memory: 4973289472 bytes (4742.90 MB)
write base data version: 161000, memory: 4973289472 bytes (4742.90 MB)
write base data version: 161100, memory: 4973289472 bytes (4742.90 MB)
write base data version: 161200, memory: 4973289472 bytes (4742.90 MB)
write base data version: 161300, memory: 4973289472 bytes (4742.90 MB)
write base data version: 161400, memory: 4973289472 bytes (4742.90 MB)
write base data version: 161500, memory: 4973289472 bytes (4742.90 MB)
write base data version: 161600, memory: 4973289472 bytes (4742.90 MB)
write base data version: 161700, memory: 4973289472 bytes (4742.90 MB)
write base data version: 161800, memory: 4973289472 bytes (4742.90 MB)
write base data version: 161900, memory: 4973289472 bytes (4742.90 MB)
write base data version: 162000, memory: 4973289472 bytes (4742.90 MB)
write base data version: 162100, memory: 4973289472 bytes (4742.90 MB)
write base data version: 162200, memory: 4973289472 bytes (4742.90 MB)
write base data version: 162300, memory: 4973289472 bytes (4742.90 MB)
write base data version: 162400, memory: 4973289472 bytes (4742.90 MB)
write base data version: 162500, memory: 4973289472 bytes (4742.90 MB)
write base data version: 162600, memory: 4973289472 bytes (4742.90 MB)
write base data version: 162700, memory: 4973289472 bytes (4742.90 MB)
write base data version: 162800, memory: 4973289472 bytes (4742.90 MB)
write base data version: 162900, memory: 4973289472 bytes (4742.90 MB)
write base data version: 163000, memory: 4973289472 bytes (4742.90 MB)
write base data version: 163100, memory: 4973289472 bytes (4742.90 MB)
write base data version: 163200, memory: 4973289472 bytes (4742.90 MB)
write base data version: 163300, memory: 4973289472 bytes (4742.90 MB)
write base data version: 163400, memory: 4973289472 bytes (4742.90 MB)
write base data version: 163500, memory: 4973289472 bytes (4742.90 MB)
write base data version: 163600, memory: 4973289472 bytes (4742.90 MB)
write base data version: 163700, memory: 4973289472 bytes (4742.90 MB)
write base data version: 163800, memory: 4973289472 bytes (4742.90 MB)
write base data version: 163900, memory: 4973289472 bytes (4742.90 MB)
write base data version: 164000, memory: 4973289472 bytes (4742.90 MB)
write base data version: 164100, memory: 4973289472 bytes (4742.90 MB)
write base data version: 164200, memory: 4973289472 bytes (4742.90 MB)
write base data version: 164300, memory: 4973289472 bytes (4742.90 MB)
write base data version: 164400, memory: 4973289472 bytes (4742.90 MB)
write base data version: 164500, memory: 4973289472 bytes (4742.90 MB)
write base data version: 164600, memory: 4973289472 bytes (4742.90 MB)
write base data version: 164700, memory: 4973289472 bytes (4742.90 MB)
write base data version: 164800, memory: 4973289472 bytes (4742.90 MB)
write base data version: 164900, memory: 4973289472 bytes (4742.90 MB)
write base data version: 165000, memory: 4973289472 bytes (4742.90 MB)
write base data version: 165100, memory: 4973289472 bytes (4742.90 MB)
write base data version: 165200, memory: 4973289472 bytes (4742.90 MB)
write base data version: 165300, memory: 4973289472 bytes (4742.90 MB)
write base data version: 165400, memory: 4973289472 bytes (4742.90 MB)
write base data version: 165500, memory: 4973289472 bytes (4742.90 MB)
write base data version: 165600, memory: 4973289472 bytes (4742.90 MB)
write base data version: 165700, memory: 4973289472 bytes (4742.90 MB)
write base data version: 165800, memory: 4973289472 bytes (4742.90 MB)
write base data version: 165900, memory: 4973289472 bytes (4742.90 MB)
write base data version: 166000, memory: 4973289472 bytes (4742.90 MB)
write base data version: 166100, memory: 4973289472 bytes (4742.90 MB)
write base data version: 166200, memory: 4973289472 bytes (4742.90 MB)
write base data version: 166300, memory: 4973289472 bytes (4742.90 MB)
write base data version: 166400, memory: 4973289472 bytes (4742.90 MB)
write base data version: 166500, memory: 4973289472 bytes (4742.90 MB)
write base data version: 166600, memory: 4973289472 bytes (4742.90 MB)
write base data version: 166700, memory: 4973289472 bytes (4742.90 MB)
write base data version: 166800, memory: 4973289472 bytes (4742.90 MB)
write base data version: 166900, memory: 4973289472 bytes (4742.90 MB)
write base data version: 167000, memory: 4973289472 bytes (4742.90 MB)
write base data version: 167100, memory: 4973289472 bytes (4742.90 MB)
write base data version: 167200, memory: 4973289472 bytes (4742.90 MB)
write base data version: 167300, memory: 4973289472 bytes (4742.90 MB)
write base data version: 167400, memory: 4973289472 bytes (4742.90 MB)
write base data version: 167500, memory: 4973289472 bytes (4742.90 MB)
write base data version: 167600, memory: 4973289472 bytes (4742.90 MB)
write base data version: 167700, memory: 4973289472 bytes (4742.90 MB)
write base data version: 167800, memory: 4973289472 bytes (4742.90 MB)
write base data version: 167900, memory: 4973289472 bytes (4742.90 MB)
write base data version: 168000, memory: 4973289472 bytes (4742.90 MB)
write base data version: 168100, memory: 4973289472 bytes (4742.90 MB)
write base data version: 168200, memory: 4973289472 bytes (4742.90 MB)
write base data version: 168300, memory: 4973289472 bytes (4742.90 MB)
write base data version: 168400, memory: 4973289472 bytes (4742.90 MB)
write base data version: 168500, memory: 4973289472 bytes (4742.90 MB)
write base data version: 168600, memory: 4973289472 bytes (4742.90 MB)
write base data version: 168700, memory: 4973289472 bytes (4742.90 MB)
write base data version: 168800, memory: 4973289472 bytes (4742.90 MB)
write base data version: 168900, memory: 4973289472 bytes (4742.90 MB)
write base data version: 169000, memory: 4973289472 bytes (4742.90 MB)
write base data version: 169100, memory: 4973289472 bytes (4742.90 MB)
write base data version: 169200, memory: 4973289472 bytes (4742.90 MB)
write base data version: 169300, memory: 4973289472 bytes (4742.90 MB)
write base data version: 169400, memory: 4973289472 bytes (4742.90 MB)
write base data version: 169500, memory: 4973289472 bytes (4742.90 MB)
write base data version: 169600, memory: 4973289472 bytes (4742.90 MB)
write base data version: 169700, memory: 4973289472 bytes (4742.90 MB)
write base data version: 169800, memory: 4973289472 bytes (4742.90 MB)
write base data version: 169900, memory: 4973289472 bytes (4742.90 MB)
write base data version: 170000, memory: 4973289472 bytes (4742.90 MB)
write base data version: 170100, memory: 4973289472 bytes (4742.90 MB)
write base data version: 170200, memory: 4973289472 bytes (4742.90 MB)
write base data version: 170300, memory: 4973289472 bytes (4742.90 MB)
write base data version: 170400, memory: 4973289472 bytes (4742.90 MB)
write base data version: 170500, memory: 4973289472 bytes (4742.90 MB)
write base data version: 170600, memory: 4973289472 bytes (4742.90 MB)
write base data version: 170700, memory: 4973289472 bytes (4742.90 MB)
write base data version: 170800, memory: 4973289472 bytes (4742.90 MB)
write base data version: 170900, memory: 4973289472 bytes (4742.90 MB)
write base data version: 171000, memory: 4973289472 bytes (4742.90 MB)
write base data version: 171100, memory: 4973289472 bytes (4742.90 MB)
write base data version: 171200, memory: 4973289472 bytes (4742.90 MB)
write base data version: 171300, memory: 4973289472 bytes (4742.90 MB)
write base data version: 171400, memory: 4973289472 bytes (4742.90 MB)
write base data version: 171500, memory: 4973289472 bytes (4742.90 MB)
write base data version: 171600, memory: 4973289472 bytes (4742.90 MB)
write base data version: 171700, memory: 4973289472 bytes (4742.90 MB)
write base data version: 171800, memory: 4973289472 bytes (4742.90 MB)
write base data version: 171900, memory: 4973289472 bytes (4742.90 MB)
write base data version: 172000, memory: 4973289472 bytes (4742.90 MB)
write base data version: 172100, memory: 4973289472 bytes (4742.90 MB)
write base data version: 172200, memory: 4973289472 bytes (4742.90 MB)
write base data version: 172300, memory: 4973289472 bytes (4742.90 MB)
write base data version: 172400, memory: 4973289472 bytes (4742.90 MB)
write base data version: 172500, memory: 4973289472 bytes (4742.90 MB)
write base data version: 172600, memory: 4973289472 bytes (4742.90 MB)
write base data version: 172700, memory: 4973289472 bytes (4742.90 MB)
write base data version: 172800, memory: 4973289472 bytes (4742.90 MB)
write base data version: 172900, memory: 4973289472 bytes (4742.90 MB)
write base data version: 173000, memory: 4973289472 bytes (4742.90 MB)
write base data version: 173100, memory: 4973289472 bytes (4742.90 MB)
write base data version: 173200, memory: 4973289472 bytes (4742.90 MB)
write base data version: 173300, memory: 4973289472 bytes (4742.90 MB)
write base data version: 173400, memory: 4973289472 bytes (4742.90 MB)
write base data version: 173500, memory: 4973289472 bytes (4742.90 MB)
write base data version: 173600, memory: 4973289472 bytes (4742.90 MB)
write base data version: 173700, memory: 4973289472 bytes (4742.90 MB)
write base data version: 173800, memory: 4973289472 bytes (4742.90 MB)
write base data version: 173900, memory: 4973289472 bytes (4742.90 MB)
write base data version: 174000, memory: 4973289472 bytes (4742.90 MB)
write base data version: 174100, memory: 4973289472 bytes (4742.90 MB)
write base data version: 174200, memory: 4973289472 bytes (4742.90 MB)
write base data version: 174300, memory: 4973289472 bytes (4742.90 MB)
write base data version: 174400, memory: 4973289472 bytes (4742.90 MB)
write base data version: 174500, memory: 4973289472 bytes (4742.90 MB)
write base data version: 174600, memory: 4973289472 bytes (4742.90 MB)
write base data version: 174700, memory: 4973289472 bytes (4742.90 MB)
write base data version: 174800, memory: 4973289472 bytes (4742.90 MB)
write base data version: 174900, memory: 4973289472 bytes (4742.90 MB)
write base data version: 175000, memory: 4973289472 bytes (4742.90 MB)
write base data version: 175100, memory: 4973289472 bytes (4742.90 MB)
write base data version: 175200, memory: 4973289472 bytes (4742.90 MB)
write base data version: 175300, memory: 4973289472 bytes (4742.90 MB)
write base data version: 175400, memory: 4973289472 bytes (4742.90 MB)
write base data version: 175500, memory: 4973289472 bytes (4742.90 MB)
write base data version: 175600, memory: 4973289472 bytes (4742.90 MB)
write base data version: 175700, memory: 4973289472 bytes (4742.90 MB)
write base data version: 175800, memory: 4973289472 bytes (4742.90 MB)
write base data version: 175900, memory: 4973289472 bytes (4742.90 MB)
write base data version: 176000, memory: 4973289472 bytes (4742.90 MB)
write base data version: 176100, memory: 4973289472 bytes (4742.90 MB)
write base data version: 176200, memory: 4973289472 bytes (4742.90 MB)
write base data version: 176300, memory: 4973289472 bytes (4742.90 MB)
write base data version: 176400, memory: 4973289472 bytes (4742.90 MB)
write base data version: 176500, memory: 4973289472 bytes (4742.90 MB)
write base data version: 176600, memory: 4973289472 bytes (4742.90 MB)
write base data version: 176700, memory: 4973289472 bytes (4742.90 MB)
write base data version: 176800, memory: 4973289472 bytes (4742.90 MB)
write base data version: 176900, memory: 4973289472 bytes (4742.90 MB)
write base data version: 177000, memory: 4973289472 bytes (4742.90 MB)
write base data version: 177100, memory: 4973289472 bytes (4742.90 MB)
write base data version: 177200, memory: 4973289472 bytes (4742.90 MB)
write base data version: 177300, memory: 4973289472 bytes (4742.90 MB)
write base data version: 177400, memory: 4973289472 bytes (4742.90 MB)
write base data version: 177500, memory: 4973289472 bytes (4742.90 MB)
write base data version: 177600, memory: 4973289472 bytes (4742.90 MB)
write base data version: 177700, memory: 4973289472 bytes (4742.90 MB)
write base data version: 177800, memory: 4973289472 bytes (4742.90 MB)
write base data version: 177900, memory: 4973289472 bytes (4742.90 MB)
write base data version: 178000, memory: 4973289472 bytes (4742.90 MB)
write base data version: 178100, memory: 4973289472 bytes (4742.90 MB)
write base data version: 178200, memory: 4973289472 bytes (4742.90 MB)
write base data version: 178300, memory: 4973289472 bytes (4742.90 MB)
write base data version: 178400, memory: 4973289472 bytes (4742.90 MB)
write base data version: 178500, memory: 4973289472 bytes (4742.90 MB)
write base data version: 178600, memory: 4973289472 bytes (4742.90 MB)
write base data version: 178700, memory: 4973289472 bytes (4742.90 MB)
write base data version: 178800, memory: 4973289472 bytes (4742.90 MB)
write base data version: 178900, memory: 4973289472 bytes (4742.90 MB)
write base data version: 179000, memory: 4973289472 bytes (4742.90 MB)
write base data version: 179100, memory: 4973289472 bytes (4742.90 MB)
write base data version: 179200, memory: 4973289472 bytes (4742.90 MB)
write base data version: 179300, memory: 4973289472 bytes (4742.90 MB)
write base data version: 179400, memory: 4973289472 bytes (4742.90 MB)
write base data version: 179500, memory: 4973289472 bytes (4742.90 MB)
write base data version: 179600, memory: 4973289472 bytes (4742.90 MB)
write base data version: 179700, memory: 4973289472 bytes (4742.90 MB)
write base data version: 179800, memory: 4973289472 bytes (4742.90 MB)
write base data version: 179900, memory: 4973289472 bytes (4742.90 MB)
write base data version: 180000, memory: 4973289472 bytes (4742.90 MB)
write base data version: 180100, memory: 4973289472 bytes (4742.90 MB)
write base data version: 180200, memory: 4973289472 bytes (4742.90 MB)
write base data version: 180300, memory: 4973289472 bytes (4742.90 MB)
write base data version: 180400, memory: 4973289472 bytes (4742.90 MB)
write base data version: 180500, memory: 4973289472 bytes (4742.90 MB)
write base data version: 180600, memory: 4973289472 bytes (4742.90 MB)
write base data version: 180700, memory: 4973289472 bytes (4742.90 MB)
write base data version: 180800, memory: 4973289472 bytes (4742.90 MB)
write base data version: 180900, memory: 4973289472 bytes (4742.90 MB)
write base data version: 181000, memory: 4973289472 bytes (4742.90 MB)
write base data version: 181100, memory: 4973289472 bytes (4742.90 MB)
write base data version: 181200, memory: 4973289472 bytes (4742.90 MB)
write base data version: 181300, memory: 4973289472 bytes (4742.90 MB)
write base data version: 181400, memory: 4973289472 bytes (4742.90 MB)
write base data version: 181500, memory: 4973289472 bytes (4742.90 MB)
write base data version: 181600, memory: 4973289472 bytes (4742.90 MB)
write base data version: 181700, memory: 4973289472 bytes (4742.90 MB)
write base data version: 181800, memory: 4973289472 bytes (4742.90 MB)
write base data version: 181900, memory: 4973289472 bytes (4742.90 MB)
write base data version: 182000, memory: 4973289472 bytes (4742.90 MB)
write base data version: 182100, memory: 4973289472 bytes (4742.90 MB)
write base data version: 182200, memory: 4973289472 bytes (4742.90 MB)
write base data version: 182300, memory: 4973289472 bytes (4742.90 MB)
write base data version: 182400, memory: 4973289472 bytes (4742.90 MB)
write base data version: 182500, memory: 4973289472 bytes (4742.90 MB)
write base data version: 182600, memory: 4973289472 bytes (4742.90 MB)
write base data version: 182700, memory: 4973289472 bytes (4742.90 MB)
write base data version: 182800, memory: 4973289472 bytes (4742.90 MB)
write base data version: 182900, memory: 4973289472 bytes (4742.90 MB)
write base data version: 183000, memory: 4973289472 bytes (4742.90 MB)
write base data version: 183100, memory: 4973289472 bytes (4742.90 MB)
write base data version: 183200, memory: 4973289472 bytes (4742.90 MB)
write base data version: 183300, memory: 4973289472 bytes (4742.90 MB)
write base data version: 183400, memory: 4973289472 bytes (4742.90 MB)
write base data version: 183500, memory: 4973289472 bytes (4742.90 MB)
write base data version: 183600, memory: 4973289472 bytes (4742.90 MB)
write base data version: 183700, memory: 4973289472 bytes (4742.90 MB)
write base data version: 183800, memory: 4973289472 bytes (4742.90 MB)
write base data version: 183900, memory: 4973289472 bytes (4742.90 MB)
write base data version: 184000, memory: 4973289472 bytes (4742.90 MB)
write base data version: 184100, memory: 4973289472 bytes (4742.90 MB)
write base data version: 184200, memory: 4973289472 bytes (4742.90 MB)
write base data version: 184300, memory: 4973289472 bytes (4742.90 MB)
write base data version: 184400, memory: 4973289472 bytes (4742.90 MB)
write base data version: 184500, memory: 4973289472 bytes (4742.90 MB)
write base data version: 184600, memory: 4973289472 bytes (4742.90 MB)
write base data version: 184700, memory: 4973289472 bytes (4742.90 MB)
write base data version: 184800, memory: 4973289472 bytes (4742.90 MB)
write base data version: 184900, memory: 4973289472 bytes (4742.90 MB)
write base data version: 185000, memory: 4973289472 bytes (4742.90 MB)
write base data version: 185100, memory: 4973289472 bytes (4742.90 MB)
write base data version: 185200, memory: 4973289472 bytes (4742.90 MB)
write base data version: 185300, memory: 4973289472 bytes (4742.90 MB)
write base data version: 185400, memory: 4973289472 bytes (4742.90 MB)
write base data version: 185500, memory: 4973289472 bytes (4742.90 MB)
write base data version: 185600, memory: 4973289472 bytes (4742.90 MB)
write base data version: 185700, memory: 4973289472 bytes (4742.90 MB)
write base data version: 185800, memory: 4973289472 bytes (4742.90 MB)
write base data version: 185900, memory: 4973289472 bytes (4742.90 MB)
write base data version: 186000, memory: 4973289472 bytes (4742.90 MB)
write base data version: 186100, memory: 4973289472 bytes (4742.90 MB)
write base data version: 186200, memory: 4973289472 bytes (4742.90 MB)
write base data version: 186300, memory: 4973289472 bytes (4742.90 MB)
write base data version: 186400, memory: 4973289472 bytes (4742.90 MB)
write base data version: 186500, memory: 4973289472 bytes (4742.90 MB)
write base data version: 186600, memory: 4973289472 bytes (4742.90 MB)
write base data version: 186700, memory: 4973289472 bytes (4742.90 MB)
write base data version: 186800, memory: 4973289472 bytes (4742.90 MB)
write base data version: 186900, memory: 4973289472 bytes (4742.90 MB)
write base data version: 187000, memory: 4973289472 bytes (4742.90 MB)
write base data version: 187100, memory: 4973289472 bytes (4742.90 MB)
write base data version: 187200, memory: 4973289472 bytes (4742.90 MB)
write base data version: 187300, memory: 4973289472 bytes (4742.90 MB)
write base data version: 187400, memory: 4973289472 bytes (4742.90 MB)
write base data version: 187500, memory: 4973289472 bytes (4742.90 MB)
write base data version: 187600, memory: 4973289472 bytes (4742.90 MB)
write base data version: 187700, memory: 4973289472 bytes (4742.90 MB)
write base data version: 187800, memory: 4973289472 bytes (4742.90 MB)
write base data version: 187900, memory: 4973289472 bytes (4742.90 MB)
write base data version: 188000, memory: 4973289472 bytes (4742.90 MB)
write base data version: 188100, memory: 4973289472 bytes (4742.90 MB)
write base data version: 188200, memory: 4973289472 bytes (4742.90 MB)
write base data version: 188300, memory: 4973289472 bytes (4742.90 MB)
write base data version: 188400, memory: 4973289472 bytes (4742.90 MB)
write base data version: 188500, memory: 4973289472 bytes (4742.90 MB)
write base data version: 188600, memory: 4973289472 bytes (4742.90 MB)
write base data version: 188700, memory: 4973289472 bytes (4742.90 MB)
write base data version: 188800, memory: 4973289472 bytes (4742.90 MB)
write base data version: 188900, memory: 4973289472 bytes (4742.90 MB)
write base data version: 189000, memory: 4973289472 bytes (4742.90 MB)
write base data version: 189100, memory: 4973289472 bytes (4742.90 MB)
write base data version: 189200, memory: 4973289472 bytes (4742.90 MB)
write base data version: 189300, memory: 4973289472 bytes (4742.90 MB)
write base data version: 189400, memory: 4973289472 bytes (4742.90 MB)
write base data version: 189500, memory: 4973289472 bytes (4742.90 MB)
write base data version: 189600, memory: 4973289472 bytes (4742.90 MB)
write base data version: 189700, memory: 4973289472 bytes (4742.90 MB)
write base data version: 189800, memory: 4973289472 bytes (4742.90 MB)
write base data version: 189900, memory: 4973289472 bytes (4742.90 MB)
write base data version: 190000, memory: 4973289472 bytes (4742.90 MB)
write base data version: 190100, memory: 4973289472 bytes (4742.90 MB)
write base data version: 190200, memory: 4973289472 bytes (4742.90 MB)
write base data version: 190300, memory: 4973289472 bytes (4742.90 MB)
write base data version: 190400, memory: 4973289472 bytes (4742.90 MB)
write base data version: 190500, memory: 4973289472 bytes (4742.90 MB)
write base data version: 190600, memory: 4973289472 bytes (4742.90 MB)
write base data version: 190700, memory: 4973289472 bytes (4742.90 MB)
write base data version: 190800, memory: 4973289472 bytes (4742.90 MB)
write base data version: 190900, memory: 4973289472 bytes (4742.90 MB)
write base data version: 191000, memory: 4973289472 bytes (4742.90 MB)
write base data version: 191100, memory: 4973289472 bytes (4742.90 MB)
write base data version: 191200, memory: 4973289472 bytes (4742.90 MB)
write base data version: 191300, memory: 4973289472 bytes (4742.90 MB)
write base data version: 191400, memory: 4973289472 bytes (4742.90 MB)
write base data version: 191500, memory: 4973289472 bytes (4742.90 MB)
write base data version: 191600, memory: 4973289472 bytes (4742.90 MB)
write base data version: 191700, memory: 4973289472 bytes (4742.90 MB)
write base data version: 191800, memory: 4973289472 bytes (4742.90 MB)
write base data version: 191900, memory: 4973289472 bytes (4742.90 MB)
write base data version: 192000, memory: 4973289472 bytes (4742.90 MB)
write base data version: 192100, memory: 4973289472 bytes (4742.90 MB)
write base data version: 192200, memory: 4973289472 bytes (4742.90 MB)
write base data version: 192300, memory: 4973289472 bytes (4742.90 MB)
write base data version: 192400, memory: 4973289472 bytes (4742.90 MB)
write base data version: 192500, memory: 4973289472 bytes (4742.90 MB)
write base data version: 192600, memory: 4973289472 bytes (4742.90 MB)
write base data version: 192700, memory: 4973289472 bytes (4742.90 MB)
write base data version: 192800, memory: 4973289472 bytes (4742.90 MB)
write base data version: 192900, memory: 4973289472 bytes (4742.90 MB)
write base data version: 193000, memory: 4973289472 bytes (4742.90 MB)
write base data version: 193100, memory: 4973289472 bytes (4742.90 MB)
write base data version: 193200, memory: 4973289472 bytes (4742.90 MB)
write base data version: 193300, memory: 4973289472 bytes (4742.90 MB)
write base data version: 193400, memory: 4973289472 bytes (4742.90 MB)
write base data version: 193500, memory: 4973289472 bytes (4742.90 MB)
write base data version: 193600, memory: 4973289472 bytes (4742.90 MB)
write base data version: 193700, memory: 4973289472 bytes (4742.90 MB)
write base data version: 193800, memory: 4973289472 bytes (4742.90 MB)
write base data version: 193900, memory: 4973289472 bytes (4742.90 MB)
write base data version: 194000, memory: 4973289472 bytes (4742.90 MB)
write base data version: 194100, memory: 4973289472 bytes (4742.90 MB)
write base data version: 194200, memory: 4973289472 bytes (4742.90 MB)
write base data version: 194300, memory: 4973289472 bytes (4742.90 MB)
write base data version: 194400, memory: 4973289472 bytes (4742.90 MB)
write base data version: 194500, memory: 4973289472 bytes (4742.90 MB)
write base data version: 194600, memory: 4973289472 bytes (4742.90 MB)
write base data version: 194700, memory: 4973289472 bytes (4742.90 MB)
write base data version: 194800, memory: 4973289472 bytes (4742.90 MB)
write base data version: 194900, memory: 4973289472 bytes (4742.90 MB)
write base data version: 195000, memory: 4973289472 bytes (4742.90 MB)
write base data version: 195100, memory: 4973289472 bytes (4742.90 MB)
write base data version: 195200, memory: 4973289472 bytes (4742.90 MB)
write base data version: 195300, memory: 4973289472 bytes (4742.90 MB)
write base data version: 195400, memory: 4973289472 bytes (4742.90 MB)
write base data version: 195500, memory: 4973289472 bytes (4742.90 MB)
write base data version: 195600, memory: 4973289472 bytes (4742.90 MB)
write base data version: 195700, memory: 4973289472 bytes (4742.90 MB)
write base data version: 195800, memory: 4973289472 bytes (4742.90 MB)
write base data version: 195900, memory: 4973289472 bytes (4742.90 MB)
write base data version: 196000, memory: 4973289472 bytes (4742.90 MB)
write base data version: 196100, memory: 4973289472 bytes (4742.90 MB)
write base data version: 196200, memory: 4973289472 bytes (4742.90 MB)
write base data version: 196300, memory: 4973289472 bytes (4742.90 MB)
write base data version: 196400, memory: 4973289472 bytes (4742.90 MB)
write base data version: 196500, memory: 4973289472 bytes (4742.90 MB)
write base data version: 196600, memory: 4973289472 bytes (4742.90 MB)
write base data version: 196700, memory: 4973289472 bytes (4742.90 MB)
write base data version: 196800, memory: 4973289472 bytes (4742.90 MB)
write base data version: 196900, memory: 4973289472 bytes (4742.90 MB)
write base data version: 197000, memory: 4973289472 bytes (4742.90 MB)
write base data version: 197100, memory: 4973289472 bytes (4742.90 MB)
write base data version: 197200, memory: 4973289472 bytes (4742.90 MB)
write base data version: 197300, memory: 4973289472 bytes (4742.90 MB)
write base data version: 197400, memory: 4973289472 bytes (4742.90 MB)
write base data version: 197500, memory: 4973289472 bytes (4742.90 MB)
write base data version: 197600, memory: 4973289472 bytes (4742.90 MB)
write base data version: 197700, memory: 4973289472 bytes (4742.90 MB)
write base data version: 197800, memory: 4973289472 bytes (4742.90 MB)
write base data version: 197900, memory: 4973289472 bytes (4742.90 MB)
write base data version: 198000, memory: 4973289472 bytes (4742.90 MB)
write base data version: 198100, memory: 4973289472 bytes (4742.90 MB)
write base data version: 198200, memory: 4973289472 bytes (4742.90 MB)
write base data version: 198300, memory: 4973289472 bytes (4742.90 MB)
write base data version: 198400, memory: 4973289472 bytes (4742.90 MB)
write base data version: 198500, memory: 4973289472 bytes (4742.90 MB)
write base data version: 198600, memory: 4973289472 bytes (4742.90 MB)
write base data version: 198700, memory: 4973289472 bytes (4742.90 MB)
write base data version: 198800, memory: 4973289472 bytes (4742.90 MB)
write base data version: 198900, memory: 4973289472 bytes (4742.90 MB)
write base data version: 199000, memory: 4973289472 bytes (4742.90 MB)
write base data version: 199100, memory: 4973289472 bytes (4742.90 MB)
write base data version: 199200, memory: 4973289472 bytes (4742.90 MB)
write base data version: 199300, memory: 4973289472 bytes (4742.90 MB)
write base data version: 199400, memory: 4973289472 bytes (4742.90 MB)
write base data version: 199500, memory: 4973289472 bytes (4742.90 MB)
write base data version: 199600, memory: 4973289472 bytes (4742.90 MB)
write base data version: 199700, memory: 4973289472 bytes (4742.90 MB)
write base data version: 199800, memory: 4973289472 bytes (4742.90 MB)
write base data version: 199900, memory: 4973289472 bytes (4742.90 MB)
write base data version: 200000, memory: 4973289472 bytes (4742.90 MB)
write base data version: 200100, memory: 4973289472 bytes (4742.90 MB)
write base data version: 200200, memory: 4973289472 bytes (4742.90 MB)
write base data version: 200300, memory: 4973289472 bytes (4742.90 MB)
write base data version: 200400, memory: 4973289472 bytes (4742.90 MB)
write base data version: 200500, memory: 4973289472 bytes (4742.90 MB)
write base data version: 200600, memory: 4973289472 bytes (4742.90 MB)
write base data version: 200700, memory: 4973289472 bytes (4742.90 MB)
write base data version: 200800, memory: 4973289472 bytes (4742.90 MB)
write base data version: 200900, memory: 4973289472 bytes (4742.90 MB)
write base data version: 201000, memory: 4973289472 bytes (4742.90 MB)
write base data version: 201100, memory: 4973289472 bytes (4742.90 MB)
write base data version: 201200, memory: 4973289472 bytes (4742.90 MB)
write base data version: 201300, memory: 4973289472 bytes (4742.90 MB)
write base data version: 201400, memory: 4973289472 bytes (4742.90 MB)
write base data version: 201500, memory: 4973289472 bytes (4742.90 MB)
write base data version: 201600, memory: 4973289472 bytes (4742.90 MB)
write base data version: 201700, memory: 4973289472 bytes (4742.90 MB)
write base data version: 201800, memory: 4973289472 bytes (4742.90 MB)
write base data version: 201900, memory: 4973289472 bytes (4742.90 MB)
write base data version: 202000, memory: 4973289472 bytes (4742.90 MB)
write base data version: 202100, memory: 4973289472 bytes (4742.90 MB)
write base data version: 202200, memory: 4973289472 bytes (4742.90 MB)
write base data version: 202300, memory: 4973289472 bytes (4742.90 MB)
write base data version: 202400, memory: 4973289472 bytes (4742.90 MB)
write base data version: 202500, memory: 4973289472 bytes (4742.90 MB)
write base data version: 202600, memory: 4973289472 bytes (4742.90 MB)
write base data version: 202700, memory: 4973289472 bytes (4742.90 MB)
write base data version: 202800, memory: 4973289472 bytes (4742.90 MB)
write base data version: 202900, memory: 4973289472 bytes (4742.90 MB)
write base data version: 203000, memory: 4973289472 bytes (4742.90 MB)
write base data version: 203100, memory: 4973289472 bytes (4742.90 MB)
write base data version: 203200, memory: 4973289472 bytes (4742.90 MB)
write base data version: 203300, memory: 4973289472 bytes (4742.90 MB)
write base data version: 203400, memory: 4973289472 bytes (4742.90 MB)
write base data version: 203500, memory: 4973289472 bytes (4742.90 MB)
write base data version: 203600, memory: 4973289472 bytes (4742.90 MB)
write base data version: 203700, memory: 4973289472 bytes (4742.90 MB)
write base data version: 203800, memory: 4973289472 bytes (4742.90 MB)
write base data version: 203900, memory: 4973289472 bytes (4742.90 MB)
write base data version: 204000, memory: 4973289472 bytes (4742.90 MB)
write base data version: 204100, memory: 4973289472 bytes (4742.90 MB)
write base data version: 204200, memory: 4973289472 bytes (4742.90 MB)
write base data version: 204300, memory: 4973289472 bytes (4742.90 MB)
write base data version: 204400, memory: 4973289472 bytes (4742.90 MB)
write base data version: 204500, memory: 4973289472 bytes (4742.90 MB)
write base data version: 204600, memory: 4973289472 bytes (4742.90 MB)
write base data version: 204700, memory: 4973289472 bytes (4742.90 MB)
write base data version: 204800, memory: 4973289472 bytes (4742.90 MB)
write base data version: 204900, memory: 4973289472 bytes (4742.90 MB)
write base data version: 205000, memory: 4973289472 bytes (4742.90 MB)
write base data version: 205100, memory: 4973289472 bytes (4742.90 MB)
write base data version: 205200, memory: 4973289472 bytes (4742.90 MB)
write base data version: 205300, memory: 4973289472 bytes (4742.90 MB)
write base data version: 205400, memory: 4973289472 bytes (4742.90 MB)
write base data version: 205500, memory: 4973289472 bytes (4742.90 MB)
write base data version: 205600, memory: 4973289472 bytes (4742.90 MB)
write base data version: 205700, memory: 4973289472 bytes (4742.90 MB)
write base data version: 205800, memory: 4973289472 bytes (4742.90 MB)
write base data version: 205900, memory: 4973289472 bytes (4742.90 MB)
write base data version: 206000, memory: 4973289472 bytes (4742.90 MB)
write base data version: 206100, memory: 4973289472 bytes (4742.90 MB)
write base data version: 206200, memory: 4973289472 bytes (4742.90 MB)
write base data version: 206300, memory: 4973289472 bytes (4742.90 MB)
write base data version: 206400, memory: 4973289472 bytes (4742.90 MB)
write base data version: 206500, memory: 4973289472 bytes (4742.90 MB)
write base data version: 206600, memory: 4973289472 bytes (4742.90 MB)
write base data version: 206700, memory: 4973289472 bytes (4742.90 MB)
write base data version: 206800, memory: 4973289472 bytes (4742.90 MB)
write base data version: 206900, memory: 4973289472 bytes (4742.90 MB)
write base data version: 207000, memory: 4973289472 bytes (4742.90 MB)
write base data version: 207100, memory: 4973289472 bytes (4742.90 MB)
write base data version: 207200, memory: 4973289472 bytes (4742.90 MB)
write base data version: 207300, memory: 4973289472 bytes (4742.90 MB)
write base data version: 207400, memory: 4973289472 bytes (4742.90 MB)
write base data version: 207500, memory: 4973289472 bytes (4742.90 MB)
write base data version: 207600, memory: 4973289472 bytes (4742.90 MB)
write base data version: 207700, memory: 4973289472 bytes (4742.90 MB)
write base data version: 207800, memory: 4973289472 bytes (4742.90 MB)
write base data version: 207900, memory: 4973289472 bytes (4742.90 MB)
write base data version: 208000, memory: 4973289472 bytes (4742.90 MB)
write base data version: 208100, memory: 4973289472 bytes (4742.90 MB)
write base data version: 208200, memory: 4973289472 bytes (4742.90 MB)
write base data version: 208300, memory: 4973289472 bytes (4742.90 MB)
write base data version: 208400, memory: 4973289472 bytes (4742.90 MB)
write base data version: 208500, memory: 4973289472 bytes (4742.90 MB)
write base data version: 208600, memory: 4973289472 bytes (4742.90 MB)
write base data version: 208700, memory: 4973289472 bytes (4742.90 MB)
write base data version: 208800, memory: 4973289472 bytes (4742.90 MB)
write base data version: 208900, memory: 4973289472 bytes (4742.90 MB)
write base data version: 209000, memory: 4973289472 bytes (4742.90 MB)
write base data version: 209100, memory: 4973289472 bytes (4742.90 MB)
write base data version: 209200, memory: 4973289472 bytes (4742.90 MB)
write base data version: 209300, memory: 4973289472 bytes (4742.90 MB)
write base data version: 209400, memory: 4973289472 bytes (4742.90 MB)
write base data version: 209500, memory: 4973289472 bytes (4742.90 MB)
write base data version: 209600, memory: 4973289472 bytes (4742.90 MB)
write base data version: 209700, memory: 4973289472 bytes (4742.90 MB)
write base data version: 209800, memory: 4973289472 bytes (4742.90 MB)
write base data version: 209900, memory: 4973289472 bytes (4742.90 MB)
write base data version: 210000, memory: 4973289472 bytes (4742.90 MB)
write base data version: 210100, memory: 4973289472 bytes (4742.90 MB)
write base data version: 210200, memory: 4973289472 bytes (4742.90 MB)
write base data version: 210300, memory: 4973289472 bytes (4742.90 MB)
write base data version: 210400, memory: 4973289472 bytes (4742.90 MB)
write base data version: 210500, memory: 4973289472 bytes (4742.90 MB)
write base data version: 210600, memory: 4973289472 bytes (4742.90 MB)
write base data version: 210700, memory: 4973289472 bytes (4742.90 MB)
write base data version: 210800, memory: 4973289472 bytes (4742.90 MB)
write base data version: 210900, memory: 4973289472 bytes (4742.90 MB)
write base data version: 211000, memory: 4973289472 bytes (4742.90 MB)
write base data version: 211100, memory: 4973289472 bytes (4742.90 MB)
write base data version: 211200, memory: 4973289472 bytes (4742.90 MB)
write base data version: 211300, memory: 4973289472 bytes (4742.90 MB)
write base data version: 211400, memory: 4973289472 bytes (4742.90 MB)
write base data version: 211500, memory: 4973289472 bytes (4742.90 MB)
write base data version: 211600, memory: 4973289472 bytes (4742.90 MB)
write base data version: 211700, memory: 4973289472 bytes (4742.90 MB)
write base data version: 211800, memory: 4973289472 bytes (4742.90 MB)
write base data version: 211900, memory: 4973289472 bytes (4742.90 MB)
write base data version: 212000, memory: 4973289472 bytes (4742.90 MB)
write base data version: 212100, memory: 4973289472 bytes (4742.90 MB)
write base data version: 212200, memory: 4973289472 bytes (4742.90 MB)
write base data version: 212300, memory: 4973289472 bytes (4742.90 MB)
write base data version: 212400, memory: 4973289472 bytes (4742.90 MB)
write base data version: 212500, memory: 4973289472 bytes (4742.90 MB)
write base data version: 212600, memory: 4973289472 bytes (4742.90 MB)
write base data version: 212700, memory: 4973289472 bytes (4742.90 MB)
write base data version: 212800, memory: 4973289472 bytes (4742.90 MB)
write base data version: 212900, memory: 4973289472 bytes (4742.90 MB)
write base data version: 213000, memory: 4973289472 bytes (4742.90 MB)
write base data version: 213100, memory: 4973289472 bytes (4742.90 MB)
write base data version: 213200, memory: 4973289472 bytes (4742.90 MB)
write base data version: 213300, memory: 4973289472 bytes (4742.90 MB)
write base data version: 213400, memory: 4973289472 bytes (4742.90 MB)
write base data version: 213500, memory: 4973289472 bytes (4742.90 MB)
write base data version: 213600, memory: 4973289472 bytes (4742.90 MB)
write base data version: 213700, memory: 4973289472 bytes (4742.90 MB)
write base data version: 213800, memory: 4973289472 bytes (4742.90 MB)
write base data version: 213900, memory: 4973289472 bytes (4742.90 MB)
write base data version: 214000, memory: 4973289472 bytes (4742.90 MB)
write base data version: 214100, memory: 4973289472 bytes (4742.90 MB)
write base data version: 214200, memory: 4973289472 bytes (4742.90 MB)
write base data version: 214300, memory: 4973289472 bytes (4742.90 MB)
write base data version: 214400, memory: 4973289472 bytes (4742.90 MB)
write base data version: 214500, memory: 4973289472 bytes (4742.90 MB)
write base data version: 214600, memory: 4973289472 bytes (4742.90 MB)
write base data version: 214700, memory: 4973289472 bytes (4742.90 MB)
write base data version: 214800, memory: 4973289472 bytes (4742.90 MB)
write base data version: 214900, memory: 4973289472 bytes (4742.90 MB)
write base data version: 215000, memory: 4973289472 bytes (4742.90 MB)
write base data version: 215100, memory: 4973289472 bytes (4742.90 MB)
write base data version: 215200, memory: 4973289472 bytes (4742.90 MB)
write base data version: 215300, memory: 4973289472 bytes (4742.90 MB)
write base data version: 215400, memory: 4973289472 bytes (4742.90 MB)
write base data version: 215500, memory: 4973289472 bytes (4742.90 MB)
write base data version: 215600, memory: 4973289472 bytes (4742.90 MB)
write base data version: 215700, memory: 4973289472 bytes (4742.90 MB)
write base data version: 215800, memory: 4973289472 bytes (4742.90 MB)
write base data version: 215900, memory: 4973289472 bytes (4742.90 MB)
write base data version: 216000, memory: 4973289472 bytes (4742.90 MB)
write base data version: 216100, memory: 4973289472 bytes (4742.90 MB)
write base data version: 216200, memory: 4973289472 bytes (4742.90 MB)
write base data version: 216300, memory: 4973289472 bytes (4742.90 MB)
write base data version: 216400, memory: 4973289472 bytes (4742.90 MB)
write base data version: 216500, memory: 4973289472 bytes (4742.90 MB)
write base data version: 216600, memory: 4973289472 bytes (4742.90 MB)
write base data version: 216700, memory: 4973289472 bytes (4742.90 MB)
write base data version: 216800, memory: 4973289472 bytes (4742.90 MB)
write base data version: 216900, memory: 4973289472 bytes (4742.90 MB)
write base data version: 217000, memory: 4973289472 bytes (4742.90 MB)
write base data version: 217100, memory: 4973289472 bytes (4742.90 MB)
write base data version: 217200, memory: 4973289472 bytes (4742.90 MB)
write base data version: 217300, memory: 4973289472 bytes (4742.90 MB)
write base data version: 217400, memory: 4973289472 bytes (4742.90 MB)
write base data version: 217500, memory: 4973289472 bytes (4742.90 MB)
write base data version: 217600, memory: 4973289472 bytes (4742.90 MB)
write base data version: 217700, memory: 4973289472 bytes (4742.90 MB)
write base data version: 217800, memory: 4973289472 bytes (4742.90 MB)
write base data version: 217900, memory: 4973289472 bytes (4742.90 MB)
write base data version: 218000, memory: 4973289472 bytes (4742.90 MB)
write base data version: 218100, memory: 4973289472 bytes (4742.90 MB)
write base data version: 218200, memory: 4973289472 bytes (4742.90 MB)
write base data version: 218300, memory: 4973289472 bytes (4742.90 MB)
write base data version: 218400, memory: 4973289472 bytes (4742.90 MB)
write base data version: 218500, memory: 4973289472 bytes (4742.90 MB)
write base data version: 218600, memory: 4973289472 bytes (4742.90 MB)
write base data version: 218700, memory: 4973289472 bytes (4742.90 MB)
write base data version: 218800, memory: 4973289472 bytes (4742.90 MB)
write base data version: 218900, memory: 4973289472 bytes (4742.90 MB)
write base data version: 219000, memory: 4973289472 bytes (4742.90 MB)
write base data version: 219100, memory: 4973289472 bytes (4742.90 MB)
write base data version: 219200, memory: 4973289472 bytes (4742.90 MB)
write base data version: 219300, memory: 4973289472 bytes (4742.90 MB)
write base data version: 219400, memory: 4973289472 bytes (4742.90 MB)
write base data version: 219500, memory: 4973289472 bytes (4742.90 MB)
write base data version: 219600, memory: 4973289472 bytes (4742.90 MB)
write base data version: 219700, memory: 4973289472 bytes (4742.90 MB)
write base data version: 219800, memory: 4973289472 bytes (4742.90 MB)
write base data version: 219900, memory: 4973289472 bytes (4742.90 MB)
write base data version: 220000, memory: 4973289472 bytes (4742.90 MB)
write base data version: 220100, memory: 4973289472 bytes (4742.90 MB)
write base data version: 220200, memory: 4973289472 bytes (4742.90 MB)
write base data version: 220300, memory: 4973289472 bytes (4742.90 MB)
write base data version: 220400, memory: 4973289472 bytes (4742.90 MB)
write base data version: 220500, memory: 4973289472 bytes (4742.90 MB)
write base data version: 220600, memory: 4973289472 bytes (4742.90 MB)
write base data version: 220700, memory: 4973289472 bytes (4742.90 MB)
write base data version: 220800, memory: 4973289472 bytes (4742.90 MB)
write base data version: 220900, memory: 4973289472 bytes (4742.90 MB)
write base data version: 221000, memory: 4973289472 bytes (4742.90 MB)
write base data version: 221100, memory: 4973289472 bytes (4742.90 MB)
write base data version: 221200, memory: 4973289472 bytes (4742.90 MB)
write base data version: 221300, memory: 4973289472 bytes (4742.90 MB)
write base data version: 221400, memory: 4973289472 bytes (4742.90 MB)
write base data version: 221500, memory: 4973289472 bytes (4742.90 MB)
write base data version: 221600, memory: 4973289472 bytes (4742.90 MB)
write base data version: 221700, memory: 4973289472 bytes (4742.90 MB)
write base data version: 221800, memory: 4973289472 bytes (4742.90 MB)
write base data version: 221900, memory: 4973289472 bytes (4742.90 MB)
write base data version: 222000, memory: 4973289472 bytes (4742.90 MB)
write base data version: 222100, memory: 4973289472 bytes (4742.90 MB)
write base data version: 222200, memory: 4973289472 bytes (4742.90 MB)
write base data version: 222300, memory: 4973289472 bytes (4742.90 MB)
write base data version: 222400, memory: 4973289472 bytes (4742.90 MB)
write base data version: 222500, memory: 4973289472 bytes (4742.90 MB)
write base data version: 222600, memory: 4973289472 bytes (4742.90 MB)
write base data version: 222700, memory: 4973289472 bytes (4742.90 MB)
write base data version: 222800, memory: 4973289472 bytes (4742.90 MB)
write base data version: 222900, memory: 4973289472 bytes (4742.90 MB)
write base data version: 223000, memory: 4973289472 bytes (4742.90 MB)
write base data version: 223100, memory: 4973289472 bytes (4742.90 MB)
write base data version: 223200, memory: 4973289472 bytes (4742.90 MB)
write base data version: 223300, memory: 4973289472 bytes (4742.90 MB)
write base data version: 223400, memory: 4973289472 bytes (4742.90 MB)
write base data version: 223500, memory: 4973289472 bytes (4742.90 MB)
write base data version: 223600, memory: 4973289472 bytes (4742.90 MB)
write base data version: 223700, memory: 4973289472 bytes (4742.90 MB)
write base data version: 223800, memory: 4973289472 bytes (4742.90 MB)
write base data version: 223900, memory: 4973289472 bytes (4742.90 MB)
write base data version: 224000, memory: 4973289472 bytes (4742.90 MB)
write base data version: 224100, memory: 4973289472 bytes (4742.90 MB)
write base data version: 224200, memory: 4973289472 bytes (4742.90 MB)
write base data version: 224300, memory: 4973289472 bytes (4742.90 MB)
write base data version: 224400, memory: 4973289472 bytes (4742.90 MB)
write base data version: 224500, memory: 4973289472 bytes (4742.90 MB)
write base data version: 224600, memory: 4973289472 bytes (4742.90 MB)
write base data version: 224700, memory: 4973289472 bytes (4742.90 MB)
write base data version: 224800, memory: 4973289472 bytes (4742.90 MB)
write base data version: 224900, memory: 4973289472 bytes (4742.90 MB)
write base data version: 225000, memory: 4973289472 bytes (4742.90 MB)
write base data version: 225100, memory: 4973289472 bytes (4742.90 MB)
write base data version: 225200, memory: 4973289472 bytes (4742.90 MB)
write base data version: 225300, memory: 4973289472 bytes (4742.90 MB)
write base data version: 225400, memory: 4973289472 bytes (4742.90 MB)
write base data version: 225500, memory: 4973289472 bytes (4742.90 MB)
write base data version: 225600, memory: 4973289472 bytes (4742.90 MB)
write base data version: 225700, memory: 4973289472 bytes (4742.90 MB)
write base data version: 225800, memory: 4973289472 bytes (4742.90 MB)
write base data version: 225900, memory: 4973289472 bytes (4742.90 MB)
write base data version: 226000, memory: 4973289472 bytes (4742.90 MB)
write base data version: 226100, memory: 4973289472 bytes (4742.90 MB)
write base data version: 226200, memory: 4973289472 bytes (4742.90 MB)
write base data version: 226300, memory: 4973289472 bytes (4742.90 MB)
write base data version: 226400, memory: 4973289472 bytes (4742.90 MB)
write base data version: 226500, memory: 4973289472 bytes (4742.90 MB)
write base data version: 226600, memory: 4973289472 bytes (4742.90 MB)
write base data version: 226700, memory: 4973289472 bytes (4742.90 MB)
write base data version: 226800, memory: 4973289472 bytes (4742.90 MB)
write base data version: 226900, memory: 4973289472 bytes (4742.90 MB)
write base data version: 227000, memory: 4973289472 bytes (4742.90 MB)
write base data version: 227100, memory: 4973289472 bytes (4742.90 MB)
write base data version: 227200, memory: 4973289472 bytes (4742.90 MB)
write base data version: 227300, memory: 4973289472 bytes (4742.90 MB)
write base data version: 227400, memory: 4973289472 bytes (4742.90 MB)
write base data version: 227500, memory: 4973289472 bytes (4742.90 MB)
write base data version: 227600, memory: 4973289472 bytes (4742.90 MB)
write base data version: 227700, memory: 4973289472 bytes (4742.90 MB)
write base data version: 227800, memory: 4973289472 bytes (4742.90 MB)
write base data version: 227900, memory: 4973289472 bytes (4742.90 MB)
write base data version: 228000, memory: 4973289472 bytes (4742.90 MB)
write base data version: 228100, memory: 4973289472 bytes (4742.90 MB)
write base data version: 228200, memory: 4973289472 bytes (4742.90 MB)
write base data version: 228300, memory: 4973289472 bytes (4742.90 MB)
write base data version: 228400, memory: 4973289472 bytes (4742.90 MB)
write base data version: 228500, memory: 4973322240 bytes (4742.93 MB)
write base data version: 228600, memory: 4973322240 bytes (4742.93 MB)
write base data version: 228700, memory: 4973322240 bytes (4742.93 MB)
write base data version: 228800, memory: 4973322240 bytes (4742.93 MB)
write base data version: 228900, memory: 4973322240 bytes (4742.93 MB)
write base data version: 229000, memory: 4973322240 bytes (4742.93 MB)
write base data version: 229100, memory: 4973322240 bytes (4742.93 MB)
write base data version: 229200, memory: 4973322240 bytes (4742.93 MB)
write base data version: 229300, memory: 4973322240 bytes (4742.93 MB)
write base data version: 229400, memory: 4973322240 bytes (4742.93 MB)
write base data version: 229500, memory: 4973322240 bytes (4742.93 MB)
write base data version: 229600, memory: 4973322240 bytes (4742.93 MB)
write base data version: 229700, memory: 4973322240 bytes (4742.93 MB)
write base data version: 229800, memory: 4973322240 bytes (4742.93 MB)
write base data version: 229900, memory: 4973322240 bytes (4742.93 MB)
write base data version: 230000, memory: 4973322240 bytes (4742.93 MB)
write base data version: 230100, memory: 4973322240 bytes (4742.93 MB)
write base data version: 230200, memory: 4973322240 bytes (4742.93 MB)
write base data version: 230300, memory: 4973322240 bytes (4742.93 MB)
write base data version: 230400, memory: 4973322240 bytes (4742.93 MB)
write base data version: 230500, memory: 4973322240 bytes (4742.93 MB)
write base data version: 230600, memory: 4973322240 bytes (4742.93 MB)
write base data version: 230700, memory: 4973322240 bytes (4742.93 MB)
write base data version: 230800, memory: 4973322240 bytes (4742.93 MB)
write base data version: 230900, memory: 4973322240 bytes (4742.93 MB)
write base data version: 231000, memory: 4973322240 bytes (4742.93 MB)
write base data version: 231100, memory: 4973322240 bytes (4742.93 MB)
write base data version: 231200, memory: 4973322240 bytes (4742.93 MB)
write base data version: 231300, memory: 4973322240 bytes (4742.93 MB)
write base data version: 231400, memory: 4973322240 bytes (4742.93 MB)
write base data version: 231500, memory: 4973322240 bytes (4742.93 MB)
write base data version: 231600, memory: 4973322240 bytes (4742.93 MB)
write base data version: 231700, memory: 4973322240 bytes (4742.93 MB)
write base data version: 231800, memory: 4973322240 bytes (4742.93 MB)
write base data version: 231900, memory: 4973322240 bytes (4742.93 MB)
write base data version: 232000, memory: 4973322240 bytes (4742.93 MB)
write base data version: 232100, memory: 4973322240 bytes (4742.93 MB)
write base data version: 232200, memory: 4973322240 bytes (4742.93 MB)
write base data version: 232300, memory: 4973322240 bytes (4742.93 MB)
write base data version: 232400, memory: 4973322240 bytes (4742.93 MB)
write base data version: 232500, memory: 4973322240 bytes (4742.93 MB)
write base data version: 232600, memory: 4973322240 bytes (4742.93 MB)
write base data version: 232700, memory: 4973322240 bytes (4742.93 MB)
write base data version: 232800, memory: 4973322240 bytes (4742.93 MB)
write base data version: 232900, memory: 4973322240 bytes (4742.93 MB)
write base data version: 233000, memory: 4973322240 bytes (4742.93 MB)
write base data version: 233100, memory: 4973322240 bytes (4742.93 MB)
write base data version: 233200, memory: 4973322240 bytes (4742.93 MB)
write base data version: 233300, memory: 4973322240 bytes (4742.93 MB)
write base data version: 233400, memory: 4973322240 bytes (4742.93 MB)
write base data version: 233500, memory: 4973322240 bytes (4742.93 MB)
write base data version: 233600, memory: 4973322240 bytes (4742.93 MB)
write base data version: 233700, memory: 4973322240 bytes (4742.93 MB)
write base data version: 233800, memory: 4973322240 bytes (4742.93 MB)
write base data version: 233900, memory: 4973322240 bytes (4742.93 MB)
write base data version: 234000, memory: 4973322240 bytes (4742.93 MB)
write base data version: 234100, memory: 4973322240 bytes (4742.93 MB)
write base data version: 234200, memory: 4973322240 bytes (4742.93 MB)
write base data version: 234300, memory: 4973322240 bytes (4742.93 MB)
write base data version: 234400, memory: 4973322240 bytes (4742.93 MB)
write base data version: 234500, memory: 4973322240 bytes (4742.93 MB)
write base data version: 234600, memory: 4973322240 bytes (4742.93 MB)
write base data version: 234700, memory: 4973322240 bytes (4742.93 MB)
write base data version: 234800, memory: 4973322240 bytes (4742.93 MB)
write base data version: 234900, memory: 4973322240 bytes (4742.93 MB)
write base data version: 235000, memory: 4973322240 bytes (4742.93 MB)
write base data version: 235100, memory: 4973322240 bytes (4742.93 MB)
write base data version: 235200, memory: 4973322240 bytes (4742.93 MB)
write base data version: 235300, memory: 4973322240 bytes (4742.93 MB)
write base data version: 235400, memory: 4973322240 bytes (4742.93 MB)
write base data version: 235500, memory: 4973322240 bytes (4742.93 MB)
write base data version: 235600, memory: 4973322240 bytes (4742.93 MB)
write base data version: 235700, memory: 4973322240 bytes (4742.93 MB)
write base data version: 235800, memory: 4973322240 bytes (4742.93 MB)
write base data version: 235900, memory: 4973322240 bytes (4742.93 MB)
write base data version: 236000, memory: 4973322240 bytes (4742.93 MB)
write base data version: 236100, memory: 4973322240 bytes (4742.93 MB)
write base data version: 236200, memory: 4973322240 bytes (4742.93 MB)
write base data version: 236300, memory: 4973322240 bytes (4742.93 MB)
write base data version: 236400, memory: 4973322240 bytes (4742.93 MB)
write base data version: 236500, memory: 4973322240 bytes (4742.93 MB)
write base data version: 236600, memory: 4973322240 bytes (4742.93 MB)
write base data version: 236700, memory: 4973322240 bytes (4742.93 MB)
write base data version: 236800, memory: 4973322240 bytes (4742.93 MB)
write base data version: 236900, memory: 4973322240 bytes (4742.93 MB)
write base data version: 237000, memory: 4973322240 bytes (4742.93 MB)
write base data version: 237100, memory: 4973322240 bytes (4742.93 MB)
write base data version: 237200, memory: 4973322240 bytes (4742.93 MB)
write base data version: 237300, memory: 4973322240 bytes (4742.93 MB)
write base data version: 237400, memory: 4973322240 bytes (4742.93 MB)
write base data version: 237500, memory: 4973322240 bytes (4742.93 MB)
write base data version: 237600, memory: 4973322240 bytes (4742.93 MB)
write base data version: 237700, memory: 4973322240 bytes (4742.93 MB)
write base data version: 237800, memory: 4973322240 bytes (4742.93 MB)
write base data version: 237900, memory: 4973322240 bytes (4742.93 MB)
write base data version: 238000, memory: 4973322240 bytes (4742.93 MB)
write base data version: 238100, memory: 4973322240 bytes (4742.93 MB)
write base data version: 238200, memory: 4973322240 bytes (4742.93 MB)
write base data version: 238300, memory: 4973322240 bytes (4742.93 MB)
write base data version: 238400, memory: 4973322240 bytes (4742.93 MB)
write base data version: 238500, memory: 4973322240 bytes (4742.93 MB)
write base data version: 238600, memory: 4973322240 bytes (4742.93 MB)
write base data version: 238700, memory: 4973322240 bytes (4742.93 MB)
write base data version: 238800, memory: 4973322240 bytes (4742.93 MB)
write base data version: 238900, memory: 4973322240 bytes (4742.93 MB)
write base data version: 239000, memory: 4973322240 bytes (4742.93 MB)
write base data version: 239100, memory: 4973322240 bytes (4742.93 MB)
write base data version: 239200, memory: 4973322240 bytes (4742.93 MB)
write base data version: 239300, memory: 4973322240 bytes (4742.93 MB)
write base data version: 239400, memory: 4973322240 bytes (4742.93 MB)
write base data version: 239500, memory: 4973322240 bytes (4742.93 MB)
write base data version: 239600, memory: 4973322240 bytes (4742.93 MB)
write base data version: 239700, memory: 4973322240 bytes (4742.93 MB)
write base data version: 239800, memory: 4973322240 bytes (4742.93 MB)
write base data version: 239900, memory: 4973322240 bytes (4742.93 MB)
write base data version: 240000, memory: 4973322240 bytes (4742.93 MB)
write base data version: 240100, memory: 4973322240 bytes (4742.93 MB)
write base data version: 240200, memory: 4973322240 bytes (4742.93 MB)
write base data version: 240300, memory: 4973322240 bytes (4742.93 MB)
write base data version: 240400, memory: 4973322240 bytes (4742.93 MB)
write base data version: 240500, memory: 4973322240 bytes (4742.93 MB)
write base data version: 240600, memory: 4973322240 bytes (4742.93 MB)
write base data version: 240700, memory: 4973322240 bytes (4742.93 MB)
write base data version: 240800, memory: 4973322240 bytes (4742.93 MB)
write base data version: 240900, memory: 4973322240 bytes (4742.93 MB)
write base data version: 241000, memory: 4973322240 bytes (4742.93 MB)
write base data version: 241100, memory: 4973322240 bytes (4742.93 MB)
write base data version: 241200, memory: 4973322240 bytes (4742.93 MB)
write base data version: 241300, memory: 4973322240 bytes (4742.93 MB)
write base data version: 241400, memory: 4974366720 bytes (4743.93 MB)
write base data version: 241500, memory: 4974366720 bytes (4743.93 MB)
write base data version: 241600, memory: 4974366720 bytes (4743.93 MB)
write base data version: 241700, memory: 4974366720 bytes (4743.93 MB)
write base data version: 241800, memory: 4974366720 bytes (4743.93 MB)
write base data version: 241900, memory: 4974366720 bytes (4743.93 MB)
write base data version: 242000, memory: 4974366720 bytes (4743.93 MB)
write base data version: 242100, memory: 4974366720 bytes (4743.93 MB)
write base data version: 242200, memory: 4974366720 bytes (4743.93 MB)
write base data version: 242300, memory: 4974366720 bytes (4743.93 MB)
write base data version: 242400, memory: 4974366720 bytes (4743.93 MB)
write base data version: 242500, memory: 4974366720 bytes (4743.93 MB)
write base data version: 242600, memory: 4974366720 bytes (4743.93 MB)
write base data version: 242700, memory: 4974366720 bytes (4743.93 MB)
write base data version: 242800, memory: 4974366720 bytes (4743.93 MB)
write base data version: 242900, memory: 4974366720 bytes (4743.93 MB)
write base data version: 243000, memory: 4974366720 bytes (4743.93 MB)
write base data version: 243100, memory: 4974366720 bytes (4743.93 MB)
write base data version: 243200, memory: 4974366720 bytes (4743.93 MB)
write base data version: 243300, memory: 4974366720 bytes (4743.93 MB)
write base data version: 243400, memory: 4974366720 bytes (4743.93 MB)
write base data version: 243500, memory: 4974366720 bytes (4743.93 MB)
write base data version: 243600, memory: 4974366720 bytes (4743.93 MB)
write base data version: 243700, memory: 4974366720 bytes (4743.93 MB)
write base data version: 243800, memory: 4974366720 bytes (4743.93 MB)
write base data version: 243900, memory: 4974366720 bytes (4743.93 MB)
write base data version: 244000, memory: 4974366720 bytes (4743.93 MB)
write base data version: 244100, memory: 4974366720 bytes (4743.93 MB)
write base data version: 244200, memory: 4974366720 bytes (4743.93 MB)
write base data version: 244300, memory: 4974366720 bytes (4743.93 MB)
write base data version: 244400, memory: 4974366720 bytes (4743.93 MB)
write base data version: 244500, memory: 4974366720 bytes (4743.93 MB)
write base data version: 244600, memory: 4974366720 bytes (4743.93 MB)
write base data version: 244700, memory: 4974366720 bytes (4743.93 MB)
write base data version: 244800, memory: 4974366720 bytes (4743.93 MB)
write base data version: 244900, memory: 4974366720 bytes (4743.93 MB)
write base data version: 245000, memory: 4974366720 bytes (4743.93 MB)
write base data version: 245100, memory: 4974366720 bytes (4743.93 MB)
write base data version: 245200, memory: 4974366720 bytes (4743.93 MB)
write base data version: 245300, memory: 4974366720 bytes (4743.93 MB)
write base data version: 245400, memory: 4974366720 bytes (4743.93 MB)
write base data version: 245500, memory: 4974366720 bytes (4743.93 MB)
write base data version: 245600, memory: 4974366720 bytes (4743.93 MB)
write base data version: 245700, memory: 4974366720 bytes (4743.93 MB)
write base data version: 245800, memory: 4974366720 bytes (4743.93 MB)
write base data version: 245900, memory: 4974366720 bytes (4743.93 MB)
write base data version: 246000, memory: 4974366720 bytes (4743.93 MB)
write base data version: 246100, memory: 4974366720 bytes (4743.93 MB)
write base data version: 246200, memory: 4974366720 bytes (4743.93 MB)
write base data version: 246300, memory: 4974366720 bytes (4743.93 MB)
write base data version: 246400, memory: 4974366720 bytes (4743.93 MB)
write base data version: 246500, memory: 4974366720 bytes (4743.93 MB)
write base data version: 246600, memory: 4974366720 bytes (4743.93 MB)
write base data version: 246700, memory: 4974366720 bytes (4743.93 MB)
write base data version: 246800, memory: 4974366720 bytes (4743.93 MB)
write base data version: 246900, memory: 4974366720 bytes (4743.93 MB)
write base data version: 247000, memory: 4974366720 bytes (4743.93 MB)
write base data version: 247100, memory: 4974366720 bytes (4743.93 MB)
write base data version: 247200, memory: 4974366720 bytes (4743.93 MB)
write base data version: 247300, memory: 4974366720 bytes (4743.93 MB)
write base data version: 247400, memory: 4974366720 bytes (4743.93 MB)
write base data version: 247500, memory: 4974366720 bytes (4743.93 MB)
write base data version: 247600, memory: 4974366720 bytes (4743.93 MB)
write base data version: 247700, memory: 4974366720 bytes (4743.93 MB)
write base data version: 247800, memory: 4974366720 bytes (4743.93 MB)
write base data version: 247900, memory: 4974366720 bytes (4743.93 MB)
write base data version: 248000, memory: 4974366720 bytes (4743.93 MB)
write base data version: 248100, memory: 4974366720 bytes (4743.93 MB)
write base data version: 248200, memory: 4974366720 bytes (4743.93 MB)
write base data version: 248300, memory: 4974366720 bytes (4743.93 MB)
write base data version: 248400, memory: 4974366720 bytes (4743.93 MB)
write base data version: 248500, memory: 4974366720 bytes (4743.93 MB)
write base data version: 248600, memory: 4974366720 bytes (4743.93 MB)
write base data version: 248700, memory: 4974366720 bytes (4743.93 MB)
write base data version: 248800, memory: 4974366720 bytes (4743.93 MB)
write base data version: 248900, memory: 4974366720 bytes (4743.93 MB)
write base data version: 249000, memory: 4974366720 bytes (4743.93 MB)
write base data version: 249100, memory: 4974366720 bytes (4743.93 MB)
write base data version: 249200, memory: 4974366720 bytes (4743.93 MB)
write base data version: 249300, memory: 4974366720 bytes (4743.93 MB)
write base data version: 249400, memory: 4974366720 bytes (4743.93 MB)
write base data version: 249500, memory: 4974366720 bytes (4743.93 MB)
write base data version: 249600, memory: 4974366720 bytes (4743.93 MB)
write base data version: 249700, memory: 4974366720 bytes (4743.93 MB)
write base data version: 249800, memory: 4974366720 bytes (4743.93 MB)
write base data version: 249900, memory: 4974366720 bytes (4743.93 MB)
write base data version: 250000, memory: 4974366720 bytes (4743.93 MB)
write base data version: 250100, memory: 4974366720 bytes (4743.93 MB)
write base data version: 250200, memory: 4974366720 bytes (4743.93 MB)
write base data version: 250300, memory: 4974366720 bytes (4743.93 MB)
write base data version: 250400, memory: 4974366720 bytes (4743.93 MB)
write base data version: 250500, memory: 4974366720 bytes (4743.93 MB)
write base data version: 250600, memory: 4974366720 bytes (4743.93 MB)
write base data version: 250700, memory: 4974366720 bytes (4743.93 MB)
write base data version: 250800, memory: 4974366720 bytes (4743.93 MB)
write base data version: 250900, memory: 4974366720 bytes (4743.93 MB)
write base data version: 251000, memory: 4974366720 bytes (4743.93 MB)
write base data version: 251100, memory: 4974366720 bytes (4743.93 MB)
write base data version: 251200, memory: 4974366720 bytes (4743.93 MB)
write base data version: 251300, memory: 4974366720 bytes (4743.93 MB)
write base data version: 251400, memory: 4974366720 bytes (4743.93 MB)
write base data version: 251500, memory: 4974366720 bytes (4743.93 MB)
write base data version: 251600, memory: 4974366720 bytes (4743.93 MB)
write base data version: 251700, memory: 4974366720 bytes (4743.93 MB)
write base data version: 251800, memory: 4974366720 bytes (4743.93 MB)
write base data version: 251900, memory: 4974366720 bytes (4743.93 MB)
write base data version: 252000, memory: 4974366720 bytes (4743.93 MB)
write base data version: 252100, memory: 4974366720 bytes (4743.93 MB)
write base data version: 252200, memory: 4974366720 bytes (4743.93 MB)
write base data version: 252300, memory: 4974366720 bytes (4743.93 MB)
write base data version: 252400, memory: 4974366720 bytes (4743.93 MB)
write base data version: 252500, memory: 4974366720 bytes (4743.93 MB)
write base data version: 252600, memory: 4974366720 bytes (4743.93 MB)
write base data version: 252700, memory: 4974366720 bytes (4743.93 MB)
write base data version: 252800, memory: 4974366720 bytes (4743.93 MB)
write base data version: 252900, memory: 4974366720 bytes (4743.93 MB)
write base data version: 253000, memory: 4974366720 bytes (4743.93 MB)
write base data version: 253100, memory: 4974366720 bytes (4743.93 MB)
write base data version: 253200, memory: 4974366720 bytes (4743.93 MB)
write base data version: 253300, memory: 4974366720 bytes (4743.93 MB)
write base data version: 253400, memory: 4974366720 bytes (4743.93 MB)
write base data version: 253500, memory: 4974366720 bytes (4743.93 MB)
write base data version: 253600, memory: 4974366720 bytes (4743.93 MB)
write base data version: 253700, memory: 4974366720 bytes (4743.93 MB)
write base data version: 253800, memory: 4974366720 bytes (4743.93 MB)
write base data version: 253900, memory: 4974366720 bytes (4743.93 MB)
write base data version: 254000, memory: 4974366720 bytes (4743.93 MB)
write base data version: 254100, memory: 4974366720 bytes (4743.93 MB)
write base data version: 254200, memory: 4974366720 bytes (4743.93 MB)
write base data version: 254300, memory: 4974366720 bytes (4743.93 MB)
write base data version: 254400, memory: 4974366720 bytes (4743.93 MB)
write base data version: 254500, memory: 4974366720 bytes (4743.93 MB)
write base data version: 254600, memory: 4974366720 bytes (4743.93 MB)
write base data version: 254700, memory: 4974366720 bytes (4743.93 MB)
write base data version: 254800, memory: 4974366720 bytes (4743.93 MB)
write base data version: 254900, memory: 4974366720 bytes (4743.93 MB)
write base data version: 255000, memory: 4974366720 bytes (4743.93 MB)
write base data version: 255100, memory: 4974366720 bytes (4743.93 MB)
write base data version: 255200, memory: 4974366720 bytes (4743.93 MB)
write base data version: 255300, memory: 4974366720 bytes (4743.93 MB)
write base data version: 255400, memory: 4974366720 bytes (4743.93 MB)
write base data version: 255500, memory: 4974366720 bytes (4743.93 MB)
write base data version: 255600, memory: 4974366720 bytes (4743.93 MB)
write base data version: 255700, memory: 4974366720 bytes (4743.93 MB)
write base data version: 255800, memory: 4974366720 bytes (4743.93 MB)
write base data version: 255900, memory: 4974366720 bytes (4743.93 MB)
write base data version: 256000, memory: 4974366720 bytes (4743.93 MB)
write base data version: 256100, memory: 4974366720 bytes (4743.93 MB)
write base data version: 256200, memory: 4974366720 bytes (4743.93 MB)
write base data version: 256300, memory: 4974366720 bytes (4743.93 MB)
write base data version: 256400, memory: 4974366720 bytes (4743.93 MB)
write base data version: 256500, memory: 4974366720 bytes (4743.93 MB)
write base data version: 256600, memory: 4974366720 bytes (4743.93 MB)
write base data version: 256700, memory: 4974366720 bytes (4743.93 MB)
write base data version: 256800, memory: 4974366720 bytes (4743.93 MB)
write base data version: 256900, memory: 4974366720 bytes (4743.93 MB)
write base data version: 257000, memory: 4974366720 bytes (4743.93 MB)
write base data version: 257100, memory: 4974366720 bytes (4743.93 MB)
write base data version: 257200, memory: 4974366720 bytes (4743.93 MB)
write base data version: 257300, memory: 4974366720 bytes (4743.93 MB)
write base data version: 257400, memory: 4974366720 bytes (4743.93 MB)
write base data version: 257500, memory: 4974366720 bytes (4743.93 MB)
write base data version: 257600, memory: 4974366720 bytes (4743.93 MB)
write base data version: 257700, memory: 4974366720 bytes (4743.93 MB)
write base data version: 257800, memory: 4974366720 bytes (4743.93 MB)
write base data version: 257900, memory: 4974366720 bytes (4743.93 MB)
write base data version: 258000, memory: 4974366720 bytes (4743.93 MB)
write base data version: 258100, memory: 4974366720 bytes (4743.93 MB)
write base data version: 258200, memory: 4974366720 bytes (4743.93 MB)
write base data version: 258300, memory: 4974366720 bytes (4743.93 MB)
write base data version: 258400, memory: 4974366720 bytes (4743.93 MB)
write base data version: 258500, memory: 4974366720 bytes (4743.93 MB)
write base data version: 258600, memory: 4974366720 bytes (4743.93 MB)
write base data version: 258700, memory: 4974366720 bytes (4743.93 MB)
write base data version: 258800, memory: 4974366720 bytes (4743.93 MB)
write base data version: 258900, memory: 4974366720 bytes (4743.93 MB)
write base data version: 259000, memory: 4974366720 bytes (4743.93 MB)
write base data version: 259100, memory: 4974366720 bytes (4743.93 MB)
write base data version: 259200, memory: 4974366720 bytes (4743.93 MB)
write base data version: 259300, memory: 4974366720 bytes (4743.93 MB)
write base data version: 259400, memory: 4974366720 bytes (4743.93 MB)
write base data version: 259500, memory: 4974366720 bytes (4743.93 MB)
write base data version: 259600, memory: 4974366720 bytes (4743.93 MB)
write base data version: 259700, memory: 4976480256 bytes (4745.94 MB)
write base data version: 259800, memory: 4976480256 bytes (4745.94 MB)
write base data version: 259900, memory: 4976480256 bytes (4745.94 MB)
write base data version: 260000, memory: 4976480256 bytes (4745.94 MB)
write base data version: 260100, memory: 4976480256 bytes (4745.94 MB)
write base data version: 260200, memory: 4976480256 bytes (4745.94 MB)
write base data version: 260300, memory: 4976480256 bytes (4745.94 MB)
write base data version: 260400, memory: 4976480256 bytes (4745.94 MB)
write base data version: 260500, memory: 4976480256 bytes (4745.94 MB)
write base data version: 260600, memory: 4976480256 bytes (4745.94 MB)
write base data version: 260700, memory: 4976480256 bytes (4745.94 MB)
write base data version: 260800, memory: 4976480256 bytes (4745.94 MB)
write base data version: 260900, memory: 4976480256 bytes (4745.94 MB)
write base data version: 261000, memory: 4976480256 bytes (4745.94 MB)
write base data version: 261100, memory: 4976480256 bytes (4745.94 MB)
write base data version: 261200, memory: 4976480256 bytes (4745.94 MB)
write base data version: 261300, memory: 4976480256 bytes (4745.94 MB)
write base data version: 261400, memory: 4976480256 bytes (4745.94 MB)
write base data version: 261500, memory: 4976480256 bytes (4745.94 MB)
write base data version: 261600, memory: 4976480256 bytes (4745.94 MB)
write base data version: 261700, memory: 4976480256 bytes (4745.94 MB)
write base data version: 261800, memory: 4976480256 bytes (4745.94 MB)
write base data version: 261900, memory: 4976480256 bytes (4745.94 MB)
write base data version: 262000, memory: 4976480256 bytes (4745.94 MB)
write base data version: 262100, memory: 4976480256 bytes (4745.94 MB)
write base data version: 262200, memory: 4976480256 bytes (4745.94 MB)
write base data version: 262300, memory: 4976480256 bytes (4745.94 MB)
write base data version: 262400, memory: 4976480256 bytes (4745.94 MB)
write base data version: 262500, memory: 4976480256 bytes (4745.94 MB)
write base data version: 262600, memory: 4976480256 bytes (4745.94 MB)
write base data version: 262700, memory: 4976480256 bytes (4745.94 MB)
write base data version: 262800, memory: 4976480256 bytes (4745.94 MB)
write base data version: 262900, memory: 4976480256 bytes (4745.94 MB)
write base data version: 263000, memory: 4976480256 bytes (4745.94 MB)
write base data version: 263100, memory: 4976480256 bytes (4745.94 MB)
write base data version: 263200, memory: 4976480256 bytes (4745.94 MB)
write base data version: 263300, memory: 4976480256 bytes (4745.94 MB)
write base data version: 263400, memory: 4976480256 bytes (4745.94 MB)
write base data version: 263500, memory: 4976480256 bytes (4745.94 MB)
write base data version: 263600, memory: 4976480256 bytes (4745.94 MB)
write base data version: 263700, memory: 4982898688 bytes (4752.06 MB)
write base data version: 263800, memory: 4982898688 bytes (4752.06 MB)
write base data version: 263900, memory: 4982898688 bytes (4752.06 MB)
write base data version: 264000, memory: 4982898688 bytes (4752.06 MB)
write base data version: 264100, memory: 4982898688 bytes (4752.06 MB)
write base data version: 264200, memory: 4982898688 bytes (4752.06 MB)
write base data version: 264300, memory: 4982898688 bytes (4752.06 MB)
write base data version: 264400, memory: 4983037952 bytes (4752.20 MB)
write base data version: 264500, memory: 4983037952 bytes (4752.20 MB)
write base data version: 264600, memory: 4983037952 bytes (4752.20 MB)
write base data version: 264700, memory: 4983037952 bytes (4752.20 MB)
write base data version: 264800, memory: 4983037952 bytes (4752.20 MB)
write base data version: 264900, memory: 4983037952 bytes (4752.20 MB)
write base data version: 265000, memory: 4983037952 bytes (4752.20 MB)
write base data version: 265100, memory: 4983037952 bytes (4752.20 MB)
write base data version: 265200, memory: 4983037952 bytes (4752.20 MB)
write base data version: 265300, memory: 4983037952 bytes (4752.20 MB)
write base data version: 265400, memory: 4983037952 bytes (4752.20 MB)
write base data version: 265500, memory: 4983037952 bytes (4752.20 MB)
write base data version: 265600, memory: 4983037952 bytes (4752.20 MB)
write base data version: 265700, memory: 4983037952 bytes (4752.20 MB)
write base data version: 265800, memory: 4983037952 bytes (4752.20 MB)
write base data version: 265900, memory: 4983037952 bytes (4752.20 MB)
write base data version: 266000, memory: 4983037952 bytes (4752.20 MB)
write base data version: 266100, memory: 4983037952 bytes (4752.20 MB)
write base data version: 266200, memory: 4983037952 bytes (4752.20 MB)
write base data version: 266300, memory: 4983037952 bytes (4752.20 MB)
write base data version: 266400, memory: 4983037952 bytes (4752.20 MB)
write base data version: 266500, memory: 4983037952 bytes (4752.20 MB)
write base data version: 266600, memory: 4983037952 bytes (4752.20 MB)
write base data version: 266700, memory: 4983037952 bytes (4752.20 MB)
write base data version: 266800, memory: 4983037952 bytes (4752.20 MB)
write base data version: 266900, memory: 4983037952 bytes (4752.20 MB)
write base data version: 267000, memory: 4983037952 bytes (4752.20 MB)
write base data version: 267100, memory: 4983037952 bytes (4752.20 MB)
write base data version: 267200, memory: 4983037952 bytes (4752.20 MB)
write base data version: 267300, memory: 4983037952 bytes (4752.20 MB)
write base data version: 267400, memory: 4983037952 bytes (4752.20 MB)
write base data version: 267500, memory: 4983037952 bytes (4752.20 MB)
write base data version: 267600, memory: 4983037952 bytes (4752.20 MB)
write base data version: 267700, memory: 4983037952 bytes (4752.20 MB)
write base data version: 267800, memory: 4983037952 bytes (4752.20 MB)
write base data version: 267900, memory: 4983037952 bytes (4752.20 MB)
write base data version: 268000, memory: 4983037952 bytes (4752.20 MB)
write base data version: 268100, memory: 4983037952 bytes (4752.20 MB)
write base data version: 268200, memory: 4983037952 bytes (4752.20 MB)
write base data version: 268300, memory: 4983037952 bytes (4752.20 MB)
write base data version: 268400, memory: 4983037952 bytes (4752.20 MB)
write base data version: 268500, memory: 4983037952 bytes (4752.20 MB)
write base data version: 268600, memory: 4983037952 bytes (4752.20 MB)
write base data version: 268700, memory: 4983037952 bytes (4752.20 MB)
write base data version: 268800, memory: 4983037952 bytes (4752.20 MB)
write base data version: 268900, memory: 4983037952 bytes (4752.20 MB)
write base data version: 269000, memory: 4983037952 bytes (4752.20 MB)
write base data version: 269100, memory: 4983037952 bytes (4752.20 MB)
write base data version: 269200, memory: 4983037952 bytes (4752.20 MB)
write base data version: 269300, memory: 4983037952 bytes (4752.20 MB)
write base data version: 269400, memory: 4983037952 bytes (4752.20 MB)
write base data version: 269500, memory: 4983037952 bytes (4752.20 MB)
write base data version: 269600, memory: 4983037952 bytes (4752.20 MB)
write base data version: 269700, memory: 4983037952 bytes (4752.20 MB)
write base data version: 269800, memory: 4983037952 bytes (4752.20 MB)
write base data version: 269900, memory: 4983037952 bytes (4752.20 MB)
write base data version: 270000, memory: 4983037952 bytes (4752.20 MB)
write base data version: 270100, memory: 4983037952 bytes (4752.20 MB)
write base data version: 270200, memory: 4983037952 bytes (4752.20 MB)
write base data version: 270300, memory: 4983037952 bytes (4752.20 MB)
write base data version: 270400, memory: 4983037952 bytes (4752.20 MB)
write base data version: 270500, memory: 4983037952 bytes (4752.20 MB)
write base data version: 270600, memory: 4983037952 bytes (4752.20 MB)
write base data version: 270700, memory: 4983037952 bytes (4752.20 MB)
write base data version: 270800, memory: 4983037952 bytes (4752.20 MB)
write base data version: 270900, memory: 4983037952 bytes (4752.20 MB)
write base data version: 271000, memory: 4983037952 bytes (4752.20 MB)
write base data version: 271100, memory: 4983037952 bytes (4752.20 MB)
write base data version: 271200, memory: 4983037952 bytes (4752.20 MB)
write base data version: 271300, memory: 4983037952 bytes (4752.20 MB)
write base data version: 271400, memory: 4983037952 bytes (4752.20 MB)
write base data version: 271500, memory: 4983037952 bytes (4752.20 MB)
write base data version: 271600, memory: 4983037952 bytes (4752.20 MB)
write base data version: 271700, memory: 4983037952 bytes (4752.20 MB)
write base data version: 271800, memory: 4983037952 bytes (4752.20 MB)
write base data version: 271900, memory: 4983037952 bytes (4752.20 MB)
write base data version: 272000, memory: 4983037952 bytes (4752.20 MB)
write base data version: 272100, memory: 4983037952 bytes (4752.20 MB)
write base data version: 272200, memory: 4983037952 bytes (4752.20 MB)
write base data version: 272300, memory: 4983037952 bytes (4752.20 MB)
write base data version: 272400, memory: 4983037952 bytes (4752.20 MB)
write base data version: 272500, memory: 4983037952 bytes (4752.20 MB)
write base data version: 272600, memory: 4983037952 bytes (4752.20 MB)
write base data version: 272700, memory: 4983037952 bytes (4752.20 MB)
write base data version: 272800, memory: 4983037952 bytes (4752.20 MB)
write base data version: 272900, memory: 4983037952 bytes (4752.20 MB)
write base data version: 273000, memory: 4983037952 bytes (4752.20 MB)
write base data version: 273100, memory: 4983037952 bytes (4752.20 MB)
write base data version: 273200, memory: 4983037952 bytes (4752.20 MB)
write base data version: 273300, memory: 4983037952 bytes (4752.20 MB)
write base data version: 273400, memory: 4983037952 bytes (4752.20 MB)
write base data version: 273500, memory: 4983037952 bytes (4752.20 MB)
write base data version: 273600, memory: 4983037952 bytes (4752.20 MB)
write base data version: 273700, memory: 4983037952 bytes (4752.20 MB)
write base data version: 273800, memory: 4983037952 bytes (4752.20 MB)
write base data version: 273900, memory: 4983037952 bytes (4752.20 MB)
write base data version: 274000, memory: 4983037952 bytes (4752.20 MB)
write base data version: 274100, memory: 4983037952 bytes (4752.20 MB)
write base data version: 274200, memory: 4983037952 bytes (4752.20 MB)
write base data version: 274300, memory: 4983037952 bytes (4752.20 MB)
write base data version: 274400, memory: 4983037952 bytes (4752.20 MB)
write base data version: 274500, memory: 4983037952 bytes (4752.20 MB)
write base data version: 274600, memory: 4983037952 bytes (4752.20 MB)
write base data version: 274700, memory: 4983037952 bytes (4752.20 MB)
write base data version: 274800, memory: 4983037952 bytes (4752.20 MB)
write base data version: 274900, memory: 4983037952 bytes (4752.20 MB)
write base data version: 275000, memory: 4983037952 bytes (4752.20 MB)
write base data version: 275100, memory: 4983037952 bytes (4752.20 MB)
write base data version: 275200, memory: 4983037952 bytes (4752.20 MB)
write base data version: 275300, memory: 4983037952 bytes (4752.20 MB)
write base data version: 275400, memory: 4983037952 bytes (4752.20 MB)
write base data version: 275500, memory: 4983037952 bytes (4752.20 MB)
write base data version: 275600, memory: 4983037952 bytes (4752.20 MB)
write base data version: 275700, memory: 4983037952 bytes (4752.20 MB)
write base data version: 275800, memory: 4983037952 bytes (4752.20 MB)
write base data version: 275900, memory: 4983037952 bytes (4752.20 MB)
write base data version: 276000, memory: 4983037952 bytes (4752.20 MB)
write base data version: 276100, memory: 4983037952 bytes (4752.20 MB)
write base data version: 276200, memory: 4983037952 bytes (4752.20 MB)
write base data version: 276300, memory: 4983037952 bytes (4752.20 MB)
write base data version: 276400, memory: 4983037952 bytes (4752.20 MB)
write base data version: 276500, memory: 4983037952 bytes (4752.20 MB)
write base data version: 276600, memory: 4983037952 bytes (4752.20 MB)
write base data version: 276700, memory: 4983037952 bytes (4752.20 MB)
write base data version: 276800, memory: 4983037952 bytes (4752.20 MB)
write base data version: 276900, memory: 4983037952 bytes (4752.20 MB)
write base data version: 277000, memory: 4983037952 bytes (4752.20 MB)
write base data version: 277100, memory: 4983037952 bytes (4752.20 MB)
write base data version: 277200, memory: 4983037952 bytes (4752.20 MB)
write base data version: 277300, memory: 4983037952 bytes (4752.20 MB)
write base data version: 277400, memory: 4983037952 bytes (4752.20 MB)
write base data version: 277500, memory: 4983037952 bytes (4752.20 MB)
write base data version: 277600, memory: 4983037952 bytes (4752.20 MB)
write base data version: 277700, memory: 4983037952 bytes (4752.20 MB)
write base data version: 277800, memory: 4983037952 bytes (4752.20 MB)
write base data version: 277900, memory: 4983037952 bytes (4752.20 MB)
write base data version: 278000, memory: 4983037952 bytes (4752.20 MB)
write base data version: 278100, memory: 4983037952 bytes (4752.20 MB)
write base data version: 278200, memory: 4983037952 bytes (4752.20 MB)
write base data version: 278300, memory: 4983037952 bytes (4752.20 MB)
write base data version: 278400, memory: 4983037952 bytes (4752.20 MB)
write base data version: 278500, memory: 4983037952 bytes (4752.20 MB)
write base data version: 278600, memory: 4983037952 bytes (4752.20 MB)
write base data version: 278700, memory: 4983037952 bytes (4752.20 MB)
write base data version: 278800, memory: 4983037952 bytes (4752.20 MB)
write base data version: 278900, memory: 4983037952 bytes (4752.20 MB)
write base data version: 279000, memory: 4983037952 bytes (4752.20 MB)
write base data version: 279100, memory: 4983037952 bytes (4752.20 MB)
write base data version: 279200, memory: 4983037952 bytes (4752.20 MB)
write base data version: 279300, memory: 4983037952 bytes (4752.20 MB)
write base data version: 279400, memory: 4983037952 bytes (4752.20 MB)
write base data version: 279500, memory: 4983037952 bytes (4752.20 MB)
write base data version: 279600, memory: 4983037952 bytes (4752.20 MB)
write base data version: 279700, memory: 4983037952 bytes (4752.20 MB)
write base data version: 279800, memory: 4983037952 bytes (4752.20 MB)
write base data version: 279900, memory: 4983037952 bytes (4752.20 MB)
write base data version: 280000, memory: 4983037952 bytes (4752.20 MB)
write base data version: 280100, memory: 4983037952 bytes (4752.20 MB)
write base data version: 280200, memory: 4983037952 bytes (4752.20 MB)
write base data version: 280300, memory: 4983037952 bytes (4752.20 MB)
write base data version: 280400, memory: 4983037952 bytes (4752.20 MB)
write base data version: 280500, memory: 4983037952 bytes (4752.20 MB)
write base data version: 280600, memory: 4983037952 bytes (4752.20 MB)
write base data version: 280700, memory: 4983037952 bytes (4752.20 MB)
write base data version: 280800, memory: 4983037952 bytes (4752.20 MB)
write base data version: 280900, memory: 4983037952 bytes (4752.20 MB)
write base data version: 281000, memory: 4983037952 bytes (4752.20 MB)
write base data version: 281100, memory: 4983037952 bytes (4752.20 MB)
write base data version: 281200, memory: 4983037952 bytes (4752.20 MB)
write base data version: 281300, memory: 4983037952 bytes (4752.20 MB)
write base data version: 281400, memory: 4983037952 bytes (4752.20 MB)
write base data version: 281500, memory: 4983037952 bytes (4752.20 MB)
write base data version: 281600, memory: 4983037952 bytes (4752.20 MB)
write base data version: 281700, memory: 4983037952 bytes (4752.20 MB)
write base data version: 281800, memory: 4983037952 bytes (4752.20 MB)
write base data version: 281900, memory: 4983037952 bytes (4752.20 MB)
write base data version: 282000, memory: 4983037952 bytes (4752.20 MB)
write base data version: 282100, memory: 4983037952 bytes (4752.20 MB)
write base data version: 282200, memory: 4983037952 bytes (4752.20 MB)
write base data version: 282300, memory: 4983037952 bytes (4752.20 MB)
write base data version: 282400, memory: 4983037952 bytes (4752.20 MB)
write base data version: 282500, memory: 4983037952 bytes (4752.20 MB)
write base data version: 282600, memory: 4983037952 bytes (4752.20 MB)
write base data version: 282700, memory: 4983037952 bytes (4752.20 MB)
write base data version: 282800, memory: 4983037952 bytes (4752.20 MB)
write base data version: 282900, memory: 4983037952 bytes (4752.20 MB)
write base data version: 283000, memory: 4983037952 bytes (4752.20 MB)
write base data version: 283100, memory: 4983037952 bytes (4752.20 MB)
write base data version: 283200, memory: 4983037952 bytes (4752.20 MB)
write base data version: 283300, memory: 4983037952 bytes (4752.20 MB)
write base data version: 283400, memory: 4983037952 bytes (4752.20 MB)
write base data version: 283500, memory: 4986626048 bytes (4755.62 MB)
write base data version: 283600, memory: 4986736640 bytes (4755.72 MB)
write base data version: 283700, memory: 4986736640 bytes (4755.72 MB)
write base data version: 283800, memory: 4986736640 bytes (4755.72 MB)
write base data version: 283900, memory: 4986736640 bytes (4755.72 MB)
write base data version: 284000, memory: 4986736640 bytes (4755.72 MB)
write base data version: 284100, memory: 4986736640 bytes (4755.72 MB)
write base data version: 284200, memory: 4986736640 bytes (4755.72 MB)
write base data version: 284300, memory: 4986736640 bytes (4755.72 MB)
write base data version: 284400, memory: 4986736640 bytes (4755.72 MB)
write base data version: 284500, memory: 4990451712 bytes (4759.27 MB)
write base data version: 284600, memory: 4990451712 bytes (4759.27 MB)
write base data version: 284700, memory: 4990472192 bytes (4759.29 MB)
write base data version: 284800, memory: 4990472192 bytes (4759.29 MB)
write base data version: 284900, memory: 4990472192 bytes (4759.29 MB)
write base data version: 285000, memory: 4990472192 bytes (4759.29 MB)
write base data version: 285100, memory: 4990472192 bytes (4759.29 MB)
write base data version: 285200, memory: 4990472192 bytes (4759.29 MB)
write base data version: 285300, memory: 4990472192 bytes (4759.29 MB)
write base data version: 285400, memory: 4990472192 bytes (4759.29 MB)
write base data version: 285500, memory: 4990472192 bytes (4759.29 MB)
write base data version: 285600, memory: 4990472192 bytes (4759.29 MB)
write base data version: 285700, memory: 4990472192 bytes (4759.29 MB)
write base data version: 285800, memory: 4990472192 bytes (4759.29 MB)
write base data version: 285900, memory: 4990472192 bytes (4759.29 MB)
write base data version: 286000, memory: 4990472192 bytes (4759.29 MB)
write base data version: 286100, memory: 4990472192 bytes (4759.29 MB)
write base data version: 286200, memory: 4990472192 bytes (4759.29 MB)
write base data version: 286300, memory: 4990472192 bytes (4759.29 MB)
write base data version: 286400, memory: 4990472192 bytes (4759.29 MB)
write base data version: 286500, memory: 4990472192 bytes (4759.29 MB)
write base data version: 286600, memory: 4990472192 bytes (4759.29 MB)
write base data version: 286700, memory: 4990472192 bytes (4759.29 MB)
write base data version: 286800, memory: 4990472192 bytes (4759.29 MB)
write base data version: 286900, memory: 4990472192 bytes (4759.29 MB)
write base data version: 287000, memory: 4990472192 bytes (4759.29 MB)
write base data version: 287100, memory: 4990472192 bytes (4759.29 MB)
write base data version: 287200, memory: 4990472192 bytes (4759.29 MB)
write base data version: 287300, memory: 4990472192 bytes (4759.29 MB)
write base data version: 287400, memory: 4990472192 bytes (4759.29 MB)
write base data version: 287500, memory: 4990472192 bytes (4759.29 MB)
write base data version: 287600, memory: 4990472192 bytes (4759.29 MB)
write base data version: 287700, memory: 4990472192 bytes (4759.29 MB)
write base data version: 287800, memory: 4990472192 bytes (4759.29 MB)
write base data version: 287900, memory: 4992491520 bytes (4761.21 MB)
write base data version: 288000, memory: 4992643072 bytes (4761.36 MB)
write base data version: 288100, memory: 4992643072 bytes (4761.36 MB)
write base data version: 288200, memory: 4992643072 bytes (4761.36 MB)
write base data version: 288300, memory: 4992643072 bytes (4761.36 MB)
write base data version: 288400, memory: 4992643072 bytes (4761.36 MB)
write base data version: 288500, memory: 4992643072 bytes (4761.36 MB)
write base data version: 288600, memory: 4992643072 bytes (4761.36 MB)
write base data version: 288700, memory: 4992643072 bytes (4761.36 MB)
write base data version: 288800, memory: 4992643072 bytes (4761.36 MB)
write base data version: 288900, memory: 4992643072 bytes (4761.36 MB)
write base data version: 289000, memory: 4992643072 bytes (4761.36 MB)
write base data version: 289100, memory: 4992643072 bytes (4761.36 MB)
write base data version: 289200, memory: 4992643072 bytes (4761.36 MB)
write base data version: 289300, memory: 4992643072 bytes (4761.36 MB)
write base data version: 289400, memory: 4992643072 bytes (4761.36 MB)
write base data version: 289500, memory: 4992643072 bytes (4761.36 MB)
write base data version: 289600, memory: 4992643072 bytes (4761.36 MB)
write base data version: 289700, memory: 4992643072 bytes (4761.36 MB)
write base data version: 289800, memory: 4992643072 bytes (4761.36 MB)
write base data version: 289900, memory: 4992643072 bytes (4761.36 MB)
write base data version: 290000, memory: 4992643072 bytes (4761.36 MB)
write base data version: 290100, memory: 4992643072 bytes (4761.36 MB)
write base data version: 290200, memory: 4992643072 bytes (4761.36 MB)
write base data version: 290300, memory: 4992643072 bytes (4761.36 MB)
write base data version: 290400, memory: 4992643072 bytes (4761.36 MB)
write base data version: 290500, memory: 4992643072 bytes (4761.36 MB)
write base data version: 290600, memory: 4992643072 bytes (4761.36 MB)
write base data version: 290700, memory: 4992643072 bytes (4761.36 MB)
write base data version: 290800, memory: 4992643072 bytes (4761.36 MB)
write base data version: 290900, memory: 4992643072 bytes (4761.36 MB)
write base data version: 291000, memory: 4992643072 bytes (4761.36 MB)
write base data version: 291100, memory: 4992643072 bytes (4761.36 MB)
write base data version: 291200, memory: 4992643072 bytes (4761.36 MB)
write base data version: 291300, memory: 4992643072 bytes (4761.36 MB)
write base data version: 291400, memory: 4992643072 bytes (4761.36 MB)
write base data version: 291500, memory: 4992643072 bytes (4761.36 MB)
write base data version: 291600, memory: 4992643072 bytes (4761.36 MB)
write base data version: 291700, memory: 4992643072 bytes (4761.36 MB)
write base data version: 291800, memory: 4992643072 bytes (4761.36 MB)
write base data version: 291900, memory: 4992643072 bytes (4761.36 MB)
write base data version: 292000, memory: 4992643072 bytes (4761.36 MB)
write base data version: 292100, memory: 4992643072 bytes (4761.36 MB)
write base data version: 292200, memory: 4992643072 bytes (4761.36 MB)
write base data version: 292300, memory: 5000744960 bytes (4769.08 MB)
write base data version: 292400, memory: 5000867840 bytes (4769.20 MB)
write base data version: 292500, memory: 5000867840 bytes (4769.20 MB)
write base data version: 292600, memory: 5000867840 bytes (4769.20 MB)
write base data version: 292700, memory: 5000867840 bytes (4769.20 MB)
write base data version: 292800, memory: 5000867840 bytes (4769.20 MB)
write base data version: 292900, memory: 5000867840 bytes (4769.20 MB)
write base data version: 293000, memory: 5000867840 bytes (4769.20 MB)
write base data version: 293100, memory: 5000867840 bytes (4769.20 MB)
write base data version: 293200, memory: 5000867840 bytes (4769.20 MB)
write base data version: 293300, memory: 5000867840 bytes (4769.20 MB)
write base data version: 293400, memory: 5000867840 bytes (4769.20 MB)
write base data version: 293500, memory: 5000867840 bytes (4769.20 MB)
write base data version: 293600, memory: 5000867840 bytes (4769.20 MB)
write base data version: 293700, memory: 5000867840 bytes (4769.20 MB)
write base data version: 293800, memory: 5000867840 bytes (4769.20 MB)
write base data version: 293900, memory: 5000867840 bytes (4769.20 MB)
write base data version: 294000, memory: 5000867840 bytes (4769.20 MB)
write base data version: 294100, memory: 5000867840 bytes (4769.20 MB)
write base data version: 294200, memory: 5000867840 bytes (4769.20 MB)
write base data version: 294300, memory: 5000867840 bytes (4769.20 MB)
write base data version: 294400, memory: 5000867840 bytes (4769.20 MB)
write base data version: 294500, memory: 5000867840 bytes (4769.20 MB)
write base data version: 294600, memory: 5000867840 bytes (4769.20 MB)
write base data version: 294700, memory: 5000867840 bytes (4769.20 MB)
write base data version: 294800, memory: 5000867840 bytes (4769.20 MB)
write base data version: 294900, memory: 5000867840 bytes (4769.20 MB)
write base data version: 295000, memory: 5000867840 bytes (4769.20 MB)
write base data version: 295100, memory: 5000867840 bytes (4769.20 MB)
write base data version: 295200, memory: 5000867840 bytes (4769.20 MB)
write base data version: 295300, memory: 5000867840 bytes (4769.20 MB)
write base data version: 295400, memory: 5000867840 bytes (4769.20 MB)
write base data version: 295500, memory: 5000867840 bytes (4769.20 MB)
write base data version: 295600, memory: 5000867840 bytes (4769.20 MB)
write base data version: 295700, memory: 5000867840 bytes (4769.20 MB)
write base data version: 295800, memory: 5000867840 bytes (4769.20 MB)
write base data version: 295900, memory: 5000867840 bytes (4769.20 MB)
write base data version: 296000, memory: 5000867840 bytes (4769.20 MB)
write base data version: 296100, memory: 5000867840 bytes (4769.20 MB)
write base data version: 296200, memory: 5000867840 bytes (4769.20 MB)
write base data version: 296300, memory: 5000867840 bytes (4769.20 MB)
write base data version: 296400, memory: 5000867840 bytes (4769.20 MB)
write base data version: 296500, memory: 5000867840 bytes (4769.20 MB)
write base data version: 296600, memory: 5000867840 bytes (4769.20 MB)
write base data version: 296700, memory: 5000867840 bytes (4769.20 MB)
write base data version: 296800, memory: 5000867840 bytes (4769.20 MB)
write base data version: 296900, memory: 5000867840 bytes (4769.20 MB)
write base data version: 297000, memory: 5000867840 bytes (4769.20 MB)
write base data version: 297100, memory: 5000867840 bytes (4769.20 MB)
write base data version: 297200, memory: 5000867840 bytes (4769.20 MB)
write base data version: 297300, memory: 5000867840 bytes (4769.20 MB)
write base data version: 297400, memory: 5000867840 bytes (4769.20 MB)
write base data version: 297500, memory: 5000867840 bytes (4769.20 MB)
write base data version: 297600, memory: 5000867840 bytes (4769.20 MB)
write base data version: 297700, memory: 5000867840 bytes (4769.20 MB)
write base data version: 297800, memory: 5000867840 bytes (4769.20 MB)
write base data version: 297900, memory: 5000867840 bytes (4769.20 MB)
write base data version: 298000, memory: 5000867840 bytes (4769.20 MB)
write base data version: 298100, memory: 5000867840 bytes (4769.20 MB)
write base data version: 298200, memory: 5000867840 bytes (4769.20 MB)
write base data version: 298300, memory: 5000867840 bytes (4769.20 MB)
write base data version: 298400, memory: 5000867840 bytes (4769.20 MB)
write base data version: 298500, memory: 5000867840 bytes (4769.20 MB)
write base data version: 298600, memory: 5000867840 bytes (4769.20 MB)
write base data version: 298700, memory: 5000867840 bytes (4769.20 MB)
write base data version: 298800, memory: 5000867840 bytes (4769.20 MB)
write base data version: 298900, memory: 5000867840 bytes (4769.20 MB)
write base data version: 299000, memory: 5000867840 bytes (4769.20 MB)
write base data version: 299100, memory: 5000867840 bytes (4769.20 MB)
write base data version: 299200, memory: 5000867840 bytes (4769.20 MB)
write base data version: 299300, memory: 5000867840 bytes (4769.20 MB)
write base data version: 299400, memory: 5000867840 bytes (4769.20 MB)
write base data version: 299500, memory: 5000867840 bytes (4769.20 MB)
write base data version: 299600, memory: 5000867840 bytes (4769.20 MB)
write base data version: 299700, memory: 5000867840 bytes (4769.20 MB)
write base data version: 299800, memory: 5000867840 bytes (4769.20 MB)
write base data version: 299900, memory: 5000867840 bytes (4769.20 MB)
write base data version: 300000, memory: 5000867840 bytes (4769.20 MB)
write base data version: 300100, memory: 5000867840 bytes (4769.20 MB)
write base data version: 300200, memory: 5000867840 bytes (4769.20 MB)
write base data version: 300300, memory: 5000867840 bytes (4769.20 MB)
write base data version: 300400, memory: 5000867840 bytes (4769.20 MB)
write base data version: 300500, memory: 5000867840 bytes (4769.20 MB)
write base data version: 300600, memory: 5000867840 bytes (4769.20 MB)
write base data version: 300700, memory: 5000867840 bytes (4769.20 MB)
write base data version: 300800, memory: 5000867840 bytes (4769.20 MB)
write base data version: 300900, memory: 5000867840 bytes (4769.20 MB)
write base data version: 301000, memory: 5000867840 bytes (4769.20 MB)
write base data version: 301100, memory: 5000867840 bytes (4769.20 MB)
write base data version: 301200, memory: 5000867840 bytes (4769.20 MB)
write base data version: 301300, memory: 5000867840 bytes (4769.20 MB)
write base data version: 301400, memory: 5000867840 bytes (4769.20 MB)
write base data version: 301500, memory: 5000867840 bytes (4769.20 MB)
write base data version: 301600, memory: 5000867840 bytes (4769.20 MB)
write base data version: 301700, memory: 5000867840 bytes (4769.20 MB)
write base data version: 301800, memory: 5000867840 bytes (4769.20 MB)
write base data version: 301900, memory: 5000867840 bytes (4769.20 MB)
write base data version: 302000, memory: 5000867840 bytes (4769.20 MB)
write base data version: 302100, memory: 5000867840 bytes (4769.20 MB)
write base data version: 302200, memory: 5000867840 bytes (4769.20 MB)
write base data version: 302300, memory: 5000867840 bytes (4769.20 MB)
write base data version: 302400, memory: 5000867840 bytes (4769.20 MB)
write base data version: 302500, memory: 5000867840 bytes (4769.20 MB)
write base data version: 302600, memory: 5000867840 bytes (4769.20 MB)
write base data version: 302700, memory: 5000867840 bytes (4769.20 MB)
write base data version: 302800, memory: 5000867840 bytes (4769.20 MB)
write base data version: 302900, memory: 5000867840 bytes (4769.20 MB)
write base data version: 303000, memory: 5000867840 bytes (4769.20 MB)
write base data version: 303100, memory: 5000867840 bytes (4769.20 MB)
write base data version: 303200, memory: 5000867840 bytes (4769.20 MB)
write base data version: 303300, memory: 5000867840 bytes (4769.20 MB)
write base data version: 303400, memory: 5000867840 bytes (4769.20 MB)
write base data version: 303500, memory: 5000867840 bytes (4769.20 MB)
write base data version: 303600, memory: 5000867840 bytes (4769.20 MB)
write base data version: 303700, memory: 5000867840 bytes (4769.20 MB)
write base data version: 303800, memory: 5000867840 bytes (4769.20 MB)
write base data version: 303900, memory: 5000867840 bytes (4769.20 MB)
write base data version: 304000, memory: 5000867840 bytes (4769.20 MB)
write base data version: 304100, memory: 5000867840 bytes (4769.20 MB)
write base data version: 304200, memory: 5000867840 bytes (4769.20 MB)
write base data version: 304300, memory: 5000867840 bytes (4769.20 MB)
write base data version: 304400, memory: 5000867840 bytes (4769.20 MB)
write base data version: 304500, memory: 5000867840 bytes (4769.20 MB)
write base data version: 304600, memory: 5000867840 bytes (4769.20 MB)
write base data version: 304700, memory: 5000867840 bytes (4769.20 MB)
write base data version: 304800, memory: 5000867840 bytes (4769.20 MB)
write base data version: 304900, memory: 5000867840 bytes (4769.20 MB)
write base data version: 305000, memory: 5000867840 bytes (4769.20 MB)
write base data version: 305100, memory: 5000867840 bytes (4769.20 MB)
write base data version: 305200, memory: 5000867840 bytes (4769.20 MB)
write base data version: 305300, memory: 5000867840 bytes (4769.20 MB)
write base data version: 305400, memory: 5000867840 bytes (4769.20 MB)
write base data version: 305500, memory: 5000867840 bytes (4769.20 MB)
write base data version: 305600, memory: 5000867840 bytes (4769.20 MB)
write base data version: 305700, memory: 5000867840 bytes (4769.20 MB)
write base data version: 305800, memory: 5000867840 bytes (4769.20 MB)
write base data version: 305900, memory: 5000867840 bytes (4769.20 MB)
write base data version: 306000, memory: 5000867840 bytes (4769.20 MB)
write base data version: 306100, memory: 5000867840 bytes (4769.20 MB)
write base data version: 306200, memory: 5000867840 bytes (4769.20 MB)
write base data version: 306300, memory: 5000867840 bytes (4769.20 MB)
write base data version: 306400, memory: 5000867840 bytes (4769.20 MB)
write base data version: 306500, memory: 5000867840 bytes (4769.20 MB)
write base data version: 306600, memory: 5000867840 bytes (4769.20 MB)
write base data version: 306700, memory: 5000867840 bytes (4769.20 MB)
write base data version: 306800, memory: 5000867840 bytes (4769.20 MB)
write base data version: 306900, memory: 5000867840 bytes (4769.20 MB)
write base data version: 307000, memory: 5000867840 bytes (4769.20 MB)
write base data version: 307100, memory: 5000867840 bytes (4769.20 MB)
write base data version: 307200, memory: 5000867840 bytes (4769.20 MB)
write base data version: 307300, memory: 5000867840 bytes (4769.20 MB)
write base data version: 307400, memory: 5000867840 bytes (4769.20 MB)
write base data version: 307500, memory: 5000867840 bytes (4769.20 MB)
write base data version: 307600, memory: 5000867840 bytes (4769.20 MB)
write base data version: 307700, memory: 5000867840 bytes (4769.20 MB)
write base data version: 307800, memory: 5000867840 bytes (4769.20 MB)
write base data version: 307900, memory: 5000867840 bytes (4769.20 MB)
write base data version: 308000, memory: 5000867840 bytes (4769.20 MB)
write base data version: 308100, memory: 5000867840 bytes (4769.20 MB)
write base data version: 308200, memory: 5000867840 bytes (4769.20 MB)
write base data version: 308300, memory: 5000867840 bytes (4769.20 MB)
write base data version: 308400, memory: 5000867840 bytes (4769.20 MB)
write base data version: 308500, memory: 5000867840 bytes (4769.20 MB)
write base data version: 308600, memory: 5000867840 bytes (4769.20 MB)
write base data version: 308700, memory: 5000867840 bytes (4769.20 MB)
write base data version: 308800, memory: 5000867840 bytes (4769.20 MB)
write base data version: 308900, memory: 5000867840 bytes (4769.20 MB)
write base data version: 309000, memory: 5000867840 bytes (4769.20 MB)
write base data version: 309100, memory: 5000867840 bytes (4769.20 MB)
write base data version: 309200, memory: 5000867840 bytes (4769.20 MB)
write base data version: 309300, memory: 5000867840 bytes (4769.20 MB)
write base data version: 309400, memory: 5000867840 bytes (4769.20 MB)
write base data version: 309500, memory: 5000867840 bytes (4769.20 MB)
write base data version: 309600, memory: 5000867840 bytes (4769.20 MB)
write base data version: 309700, memory: 5000867840 bytes (4769.20 MB)
write base data version: 309800, memory: 5000867840 bytes (4769.20 MB)
write base data version: 309900, memory: 5000867840 bytes (4769.20 MB)
write base data version: 310000, memory: 5000867840 bytes (4769.20 MB)
write base data version: 310100, memory: 5000867840 bytes (4769.20 MB)
write base data version: 310200, memory: 5000867840 bytes (4769.20 MB)
write base data version: 310300, memory: 5000867840 bytes (4769.20 MB)
write base data version: 310400, memory: 5000867840 bytes (4769.20 MB)
write base data version: 310500, memory: 5000867840 bytes (4769.20 MB)
write base data version: 310600, memory: 5000867840 bytes (4769.20 MB)
write base data version: 310700, memory: 5000867840 bytes (4769.20 MB)
write base data version: 310800, memory: 5000867840 bytes (4769.20 MB)
write base data version: 310900, memory: 5000867840 bytes (4769.20 MB)
write base data version: 311000, memory: 5000867840 bytes (4769.20 MB)
write base data version: 311100, memory: 5000867840 bytes (4769.20 MB)
write base data version: 311200, memory: 5000867840 bytes (4769.20 MB)
write base data version: 311300, memory: 5000867840 bytes (4769.20 MB)
write base data version: 311400, memory: 5000867840 bytes (4769.20 MB)
write base data version: 311500, memory: 5000867840 bytes (4769.20 MB)
write base data version: 311600, memory: 5000867840 bytes (4769.20 MB)
write base data version: 311700, memory: 5000867840 bytes (4769.20 MB)
write base data version: 311800, memory: 5000867840 bytes (4769.20 MB)
write base data version: 311900, memory: 5000867840 bytes (4769.20 MB)
write base data version: 312000, memory: 5000867840 bytes (4769.20 MB)
write base data version: 312100, memory: 5000867840 bytes (4769.20 MB)
write base data version: 312200, memory: 5000867840 bytes (4769.20 MB)
write base data version: 312300, memory: 5000867840 bytes (4769.20 MB)
write base data version: 312400, memory: 5000867840 bytes (4769.20 MB)
write base data version: 312500, memory: 5000867840 bytes (4769.20 MB)
write base data version: 312600, memory: 5000867840 bytes (4769.20 MB)
write base data version: 312700, memory: 5000867840 bytes (4769.20 MB)
write base data version: 312800, memory: 5000867840 bytes (4769.20 MB)
write base data version: 312900, memory: 5000867840 bytes (4769.20 MB)
write base data version: 313000, memory: 5000867840 bytes (4769.20 MB)
write base data version: 313100, memory: 5000867840 bytes (4769.20 MB)
write base data version: 313200, memory: 5000867840 bytes (4769.20 MB)
write base data version: 313300, memory: 5000867840 bytes (4769.20 MB)
write base data version: 313400, memory: 5000867840 bytes (4769.20 MB)
write base data version: 313500, memory: 5000867840 bytes (4769.20 MB)
write base data version: 313600, memory: 5000867840 bytes (4769.20 MB)
write base data version: 313700, memory: 5000867840 bytes (4769.20 MB)
write base data version: 313800, memory: 5000867840 bytes (4769.20 MB)
write base data version: 313900, memory: 5000867840 bytes (4769.20 MB)
write base data version: 314000, memory: 5000867840 bytes (4769.20 MB)
write base data version: 314100, memory: 5000867840 bytes (4769.20 MB)
write base data version: 314200, memory: 5000867840 bytes (4769.20 MB)
write base data version: 314300, memory: 5000867840 bytes (4769.20 MB)
write base data version: 314400, memory: 5000867840 bytes (4769.20 MB)
write base data version: 314500, memory: 5000867840 bytes (4769.20 MB)
write base data version: 314600, memory: 5000867840 bytes (4769.20 MB)
write base data version: 314700, memory: 5000867840 bytes (4769.20 MB)
write base data version: 314800, memory: 5000867840 bytes (4769.20 MB)
write base data version: 314900, memory: 5000867840 bytes (4769.20 MB)
write base data version: 315000, memory: 5000867840 bytes (4769.20 MB)
write base data version: 315100, memory: 5000867840 bytes (4769.20 MB)
write base data version: 315200, memory: 5000867840 bytes (4769.20 MB)
write base data version: 315300, memory: 5000867840 bytes (4769.20 MB)
write base data version: 315400, memory: 5000867840 bytes (4769.20 MB)
write base data version: 315500, memory: 5000867840 bytes (4769.20 MB)
write base data version: 315600, memory: 5000867840 bytes (4769.20 MB)
write base data version: 315700, memory: 5000867840 bytes (4769.20 MB)
write base data version: 315800, memory: 5000867840 bytes (4769.20 MB)
write base data version: 315900, memory: 5000867840 bytes (4769.20 MB)
write base data version: 316000, memory: 5000867840 bytes (4769.20 MB)
write base data version: 316100, memory: 5000867840 bytes (4769.20 MB)
write base data version: 316200, memory: 5000867840 bytes (4769.20 MB)
write base data version: 316300, memory: 5000867840 bytes (4769.20 MB)
write base data version: 316400, memory: 5000867840 bytes (4769.20 MB)
write base data version: 316500, memory: 5000867840 bytes (4769.20 MB)
write base data version: 316600, memory: 5000867840 bytes (4769.20 MB)
write base data version: 316700, memory: 5000867840 bytes (4769.20 MB)
write base data version: 316800, memory: 5000867840 bytes (4769.20 MB)
write base data version: 316900, memory: 5000867840 bytes (4769.20 MB)
write base data version: 317000, memory: 5000867840 bytes (4769.20 MB)
write base data version: 317100, memory: 5000867840 bytes (4769.20 MB)
write base data version: 317200, memory: 5000867840 bytes (4769.20 MB)
write base data version: 317300, memory: 5000867840 bytes (4769.20 MB)
write base data version: 317400, memory: 5000867840 bytes (4769.20 MB)
write base data version: 317500, memory: 5000867840 bytes (4769.20 MB)
write base data version: 317600, memory: 5000867840 bytes (4769.20 MB)
write base data version: 317700, memory: 5000867840 bytes (4769.20 MB)
write base data version: 317800, memory: 5000867840 bytes (4769.20 MB)
write base data version: 317900, memory: 5000867840 bytes (4769.20 MB)
write base data version: 318000, memory: 5000867840 bytes (4769.20 MB)
write base data version: 318100, memory: 5000867840 bytes (4769.20 MB)
write base data version: 318200, memory: 5000867840 bytes (4769.20 MB)
write base data version: 318300, memory: 5000867840 bytes (4769.20 MB)
write base data version: 318400, memory: 5000867840 bytes (4769.20 MB)
write base data version: 318500, memory: 5000867840 bytes (4769.20 MB)
write base data version: 318600, memory: 5000867840 bytes (4769.20 MB)
write base data version: 318700, memory: 5000867840 bytes (4769.20 MB)
write base data version: 318800, memory: 5000867840 bytes (4769.20 MB)
write base data version: 318900, memory: 5000867840 bytes (4769.20 MB)
write base data version: 319000, memory: 5000867840 bytes (4769.20 MB)
write base data version: 319100, memory: 5000867840 bytes (4769.20 MB)
write base data version: 319200, memory: 5000867840 bytes (4769.20 MB)
write base data version: 319300, memory: 5000867840 bytes (4769.20 MB)
write base data version: 319400, memory: 5000867840 bytes (4769.20 MB)
write base data version: 319500, memory: 5000867840 bytes (4769.20 MB)
write base data version: 319600, memory: 5000867840 bytes (4769.20 MB)
write base data version: 319700, memory: 5000867840 bytes (4769.20 MB)
write base data version: 319800, memory: 5000867840 bytes (4769.20 MB)
write base data version: 319900, memory: 5000867840 bytes (4769.20 MB)
write base data version: 320000, memory: 5000867840 bytes (4769.20 MB)
write base data version: 320100, memory: 5000867840 bytes (4769.20 MB)
write base data version: 320200, memory: 5000867840 bytes (4769.20 MB)
write base data version: 320300, memory: 5000867840 bytes (4769.20 MB)
write base data version: 320400, memory: 5000867840 bytes (4769.20 MB)
write base data version: 320500, memory: 5000867840 bytes (4769.20 MB)
write base data version: 320600, memory: 5000867840 bytes (4769.20 MB)
write base data version: 320700, memory: 5000867840 bytes (4769.20 MB)
write base data version: 320800, memory: 5000867840 bytes (4769.20 MB)
write base data version: 320900, memory: 5000867840 bytes (4769.20 MB)
write base data version: 321000, memory: 5000867840 bytes (4769.20 MB)
write base data version: 321100, memory: 5000867840 bytes (4769.20 MB)
write base data version: 321200, memory: 5000867840 bytes (4769.20 MB)
write base data version: 321300, memory: 5000867840 bytes (4769.20 MB)
write base data version: 321400, memory: 5000867840 bytes (4769.20 MB)
write base data version: 321500, memory: 5000867840 bytes (4769.20 MB)
write base data version: 321600, memory: 5000867840 bytes (4769.20 MB)
write base data version: 321700, memory: 5000867840 bytes (4769.20 MB)
write base data version: 321800, memory: 5000867840 bytes (4769.20 MB)
write base data version: 321900, memory: 5000867840 bytes (4769.20 MB)
write base data version: 322000, memory: 5000867840 bytes (4769.20 MB)
write base data version: 322100, memory: 5000867840 bytes (4769.20 MB)
write base data version: 322200, memory: 5000867840 bytes (4769.20 MB)
write base data version: 322300, memory: 5000867840 bytes (4769.20 MB)
write base data version: 322400, memory: 5000867840 bytes (4769.20 MB)
write base data version: 322500, memory: 5000867840 bytes (4769.20 MB)
write base data version: 322600, memory: 5000867840 bytes (4769.20 MB)
write base data version: 322700, memory: 5000867840 bytes (4769.20 MB)
write base data version: 322800, memory: 5000867840 bytes (4769.20 MB)
write base data version: 322900, memory: 5000867840 bytes (4769.20 MB)
write base data version: 323000, memory: 5000867840 bytes (4769.20 MB)
write base data version: 323100, memory: 5000867840 bytes (4769.20 MB)
write base data version: 323200, memory: 5000867840 bytes (4769.20 MB)
write base data version: 323300, memory: 5000867840 bytes (4769.20 MB)
write base data version: 323400, memory: 5000867840 bytes (4769.20 MB)
write base data version: 323500, memory: 5000867840 bytes (4769.20 MB)
write base data version: 323600, memory: 5000867840 bytes (4769.20 MB)
write base data version: 323700, memory: 5000867840 bytes (4769.20 MB)
write base data version: 323800, memory: 5000867840 bytes (4769.20 MB)
write base data version: 323900, memory: 5000867840 bytes (4769.20 MB)
write base data version: 324000, memory: 5000867840 bytes (4769.20 MB)
write base data version: 324100, memory: 5000867840 bytes (4769.20 MB)
write base data version: 324200, memory: 5000867840 bytes (4769.20 MB)
write base data version: 324300, memory: 5000867840 bytes (4769.20 MB)
write base data version: 324400, memory: 5000867840 bytes (4769.20 MB)
write base data version: 324500, memory: 5000867840 bytes (4769.20 MB)
write base data version: 324600, memory: 5000867840 bytes (4769.20 MB)
write base data version: 324700, memory: 5000867840 bytes (4769.20 MB)
write base data version: 324800, memory: 5000867840 bytes (4769.20 MB)
write base data version: 324900, memory: 5000867840 bytes (4769.20 MB)
write base data version: 325000, memory: 5000867840 bytes (4769.20 MB)
write base data version: 325100, memory: 5000867840 bytes (4769.20 MB)
write base data version: 325200, memory: 5000867840 bytes (4769.20 MB)
write base data version: 325300, memory: 5000867840 bytes (4769.20 MB)
write base data version: 325400, memory: 5000867840 bytes (4769.20 MB)
write base data version: 325500, memory: 5000867840 bytes (4769.20 MB)
write base data version: 325600, memory: 5000867840 bytes (4769.20 MB)
write base data version: 325700, memory: 5000867840 bytes (4769.20 MB)
write base data version: 325800, memory: 5000867840 bytes (4769.20 MB)
write base data version: 325900, memory: 5000867840 bytes (4769.20 MB)
write base data version: 326000, memory: 5000867840 bytes (4769.20 MB)
write base data version: 326100, memory: 5000867840 bytes (4769.20 MB)
write base data version: 326200, memory: 5000867840 bytes (4769.20 MB)
write base data version: 326300, memory: 5000867840 bytes (4769.20 MB)
write base data version: 326400, memory: 5000867840 bytes (4769.20 MB)
write base data version: 326500, memory: 5000867840 bytes (4769.20 MB)
write base data version: 326600, memory: 5000867840 bytes (4769.20 MB)
write base data version: 326700, memory: 5000867840 bytes (4769.20 MB)
write base data version: 326800, memory: 5000867840 bytes (4769.20 MB)
write base data version: 326900, memory: 5000867840 bytes (4769.20 MB)
write base data version: 327000, memory: 5000867840 bytes (4769.20 MB)
write base data version: 327100, memory: 5000867840 bytes (4769.20 MB)
write base data version: 327200, memory: 5000867840 bytes (4769.20 MB)
write base data version: 327300, memory: 5000867840 bytes (4769.20 MB)
write base data version: 327400, memory: 5000867840 bytes (4769.20 MB)
write base data version: 327500, memory: 5000867840 bytes (4769.20 MB)
write base data version: 327600, memory: 5000867840 bytes (4769.20 MB)
write base data version: 327700, memory: 5000867840 bytes (4769.20 MB)
write base data version: 327800, memory: 5000867840 bytes (4769.20 MB)
write base data version: 327900, memory: 5000867840 bytes (4769.20 MB)
write base data version: 328000, memory: 5000867840 bytes (4769.20 MB)
write base data version: 328100, memory: 5000867840 bytes (4769.20 MB)
write base data version: 328200, memory: 5000867840 bytes (4769.20 MB)
write base data version: 328300, memory: 5000867840 bytes (4769.20 MB)
write base data version: 328400, memory: 5000867840 bytes (4769.20 MB)
write base data version: 328500, memory: 5000867840 bytes (4769.20 MB)
write base data version: 328600, memory: 5000867840 bytes (4769.20 MB)
write base data version: 328700, memory: 5000867840 bytes (4769.20 MB)
write base data version: 328800, memory: 5000867840 bytes (4769.20 MB)
write base data version: 328900, memory: 5000867840 bytes (4769.20 MB)
write base data version: 329000, memory: 5000867840 bytes (4769.20 MB)
write base data version: 329100, memory: 5000867840 bytes (4769.20 MB)
write base data version: 329200, memory: 5000867840 bytes (4769.20 MB)
write base data version: 329300, memory: 5000867840 bytes (4769.20 MB)
write base data version: 329400, memory: 5000867840 bytes (4769.20 MB)
write base data version: 329500, memory: 5000867840 bytes (4769.20 MB)
write base data version: 329600, memory: 5000867840 bytes (4769.20 MB)
write base data version: 329700, memory: 5000867840 bytes (4769.20 MB)
write base data version: 329800, memory: 5000867840 bytes (4769.20 MB)
write base data version: 329900, memory: 5000867840 bytes (4769.20 MB)
write base data version: 330000, memory: 5000867840 bytes (4769.20 MB)
write base data version: 330100, memory: 5000867840 bytes (4769.20 MB)
write base data version: 330200, memory: 5000867840 bytes (4769.20 MB)
write base data version: 330300, memory: 5000867840 bytes (4769.20 MB)
write base data version: 330400, memory: 5000867840 bytes (4769.20 MB)
write base data version: 330500, memory: 5000867840 bytes (4769.20 MB)
write base data version: 330600, memory: 5000867840 bytes (4769.20 MB)
write base data version: 330700, memory: 5000867840 bytes (4769.20 MB)
write base data version: 330800, memory: 5000867840 bytes (4769.20 MB)
write base data version: 330900, memory: 5000867840 bytes (4769.20 MB)
write base data version: 331000, memory: 5000867840 bytes (4769.20 MB)
write base data version: 331100, memory: 5000867840 bytes (4769.20 MB)
write base data version: 331200, memory: 5000867840 bytes (4769.20 MB)
write base data version: 331300, memory: 5000867840 bytes (4769.20 MB)
write base data version: 331400, memory: 5000867840 bytes (4769.20 MB)
write base data version: 331500, memory: 5000867840 bytes (4769.20 MB)
write base data version: 331600, memory: 5000867840 bytes (4769.20 MB)
write base data version: 331700, memory: 5000867840 bytes (4769.20 MB)
write base data version: 331800, memory: 5000867840 bytes (4769.20 MB)
write base data version: 331900, memory: 5000867840 bytes (4769.20 MB)
write base data version: 332000, memory: 5000867840 bytes (4769.20 MB)
write base data version: 332100, memory: 5000867840 bytes (4769.20 MB)
write base data version: 332200, memory: 5000867840 bytes (4769.20 MB)
write base data version: 332300, memory: 5000867840 bytes (4769.20 MB)
write base data version: 332400, memory: 5000867840 bytes (4769.20 MB)
write base data version: 332500, memory: 5000867840 bytes (4769.20 MB)
write base data version: 332600, memory: 5000867840 bytes (4769.20 MB)
write base data version: 332700, memory: 5000867840 bytes (4769.20 MB)
write base data version: 332800, memory: 5000867840 bytes (4769.20 MB)
write base data version: 332900, memory: 5000867840 bytes (4769.20 MB)
write base data version: 333000, memory: 5000867840 bytes (4769.20 MB)
write base data version: 333100, memory: 5000867840 bytes (4769.20 MB)
write base data version: 333200, memory: 5000867840 bytes (4769.20 MB)
write base data version: 333300, memory: 5000867840 bytes (4769.20 MB)
write base data version: 333400, memory: 5000867840 bytes (4769.20 MB)
write base data version: 333500, memory: 5000867840 bytes (4769.20 MB)
write base data version: 333600, memory: 5000867840 bytes (4769.20 MB)
write base data version: 333700, memory: 5000867840 bytes (4769.20 MB)
write base data version: 333800, memory: 5000867840 bytes (4769.20 MB)
write base data version: 333900, memory: 5000867840 bytes (4769.20 MB)
write base data version: 334000, memory: 5000867840 bytes (4769.20 MB)
write base data version: 334100, memory: 5000867840 bytes (4769.20 MB)
write base data version: 334200, memory: 5000867840 bytes (4769.20 MB)
write base data version: 334300, memory: 5000867840 bytes (4769.20 MB)
write base data version: 334400, memory: 5000867840 bytes (4769.20 MB)
write base data version: 334500, memory: 5000867840 bytes (4769.20 MB)
write base data version: 334600, memory: 5000867840 bytes (4769.20 MB)
write base data version: 334700, memory: 5000867840 bytes (4769.20 MB)
write base data version: 334800, memory: 5000867840 bytes (4769.20 MB)
write base data version: 334900, memory: 5000867840 bytes (4769.20 MB)
write base data version: 335000, memory: 5000867840 bytes (4769.20 MB)
write base data version: 335100, memory: 5000867840 bytes (4769.20 MB)
write base data version: 335200, memory: 5000867840 bytes (4769.20 MB)
write base data version: 335300, memory: 5000867840 bytes (4769.20 MB)
write base data version: 335400, memory: 5000867840 bytes (4769.20 MB)
write base data version: 335500, memory: 5000867840 bytes (4769.20 MB)
write base data version: 335600, memory: 5000867840 bytes (4769.20 MB)
write base data version: 335700, memory: 5000867840 bytes (4769.20 MB)
write base data version: 335800, memory: 5000867840 bytes (4769.20 MB)
write base data version: 335900, memory: 5000867840 bytes (4769.20 MB)
write base data version: 336000, memory: 5000867840 bytes (4769.20 MB)
write base data version: 336100, memory: 5000867840 bytes (4769.20 MB)
write base data version: 336200, memory: 5000867840 bytes (4769.20 MB)
write base data version: 336300, memory: 5000867840 bytes (4769.20 MB)
write base data version: 336400, memory: 5000867840 bytes (4769.20 MB)
write base data version: 336500, memory: 5000867840 bytes (4769.20 MB)
write base data version: 336600, memory: 5000867840 bytes (4769.20 MB)
write base data version: 336700, memory: 5000867840 bytes (4769.20 MB)
write base data version: 336800, memory: 5000867840 bytes (4769.20 MB)
write base data version: 336900, memory: 5000867840 bytes (4769.20 MB)
write base data version: 337000, memory: 5000867840 bytes (4769.20 MB)
write base data version: 337100, memory: 5000867840 bytes (4769.20 MB)
write base data version: 337200, memory: 5000867840 bytes (4769.20 MB)
write base data version: 337300, memory: 5000867840 bytes (4769.20 MB)
write base data version: 337400, memory: 5000867840 bytes (4769.20 MB)
write base data version: 337500, memory: 5000867840 bytes (4769.20 MB)
write base data version: 337600, memory: 5000867840 bytes (4769.20 MB)
write base data version: 337700, memory: 5000867840 bytes (4769.20 MB)
write base data version: 337800, memory: 5000867840 bytes (4769.20 MB)
write base data version: 337900, memory: 5000867840 bytes (4769.20 MB)
write base data version: 338000, memory: 5000867840 bytes (4769.20 MB)
write base data version: 338100, memory: 5000867840 bytes (4769.20 MB)
write base data version: 338200, memory: 5000867840 bytes (4769.20 MB)
write base data version: 338300, memory: 5000867840 bytes (4769.20 MB)
write base data version: 338400, memory: 5000867840 bytes (4769.20 MB)
write base data version: 338500, memory: 5000867840 bytes (4769.20 MB)
write base data version: 338600, memory: 5000867840 bytes (4769.20 MB)
write base data version: 338700, memory: 5000867840 bytes (4769.20 MB)
write base data version: 338800, memory: 5000867840 bytes (4769.20 MB)
write base data version: 338900, memory: 5000867840 bytes (4769.20 MB)
write base data version: 339000, memory: 5000867840 bytes (4769.20 MB)
write base data version: 339100, memory: 5000867840 bytes (4769.20 MB)
write base data version: 339200, memory: 5000867840 bytes (4769.20 MB)
write base data version: 339300, memory: 5000867840 bytes (4769.20 MB)
write base data version: 339400, memory: 5000867840 bytes (4769.20 MB)
write base data version: 339500, memory: 5000867840 bytes (4769.20 MB)
write base data version: 339600, memory: 5000908800 bytes (4769.24 MB)
write base data version: 339700, memory: 5000908800 bytes (4769.24 MB)
write base data version: 339800, memory: 5000908800 bytes (4769.24 MB)
write base data version: 339900, memory: 5000937472 bytes (4769.27 MB)
write base data version: 340000, memory: 5001302016 bytes (4769.61 MB)
write base data version: 340100, memory: 5001392128 bytes (4769.70 MB)
write base data version: 340200, memory: 5001392128 bytes (4769.70 MB)
write base data version: 340300, memory: 5001392128 bytes (4769.70 MB)
write base data version: 340400, memory: 5001392128 bytes (4769.70 MB)
write base data version: 340500, memory: 5001392128 bytes (4769.70 MB)
write base data version: 340600, memory: 5001392128 bytes (4769.70 MB)
write base data version: 340700, memory: 5001392128 bytes (4769.70 MB)
write base data version: 340800, memory: 5001428992 bytes (4769.73 MB)
write base data version: 340900, memory: 5001437184 bytes (4769.74 MB)
write base data version: 341000, memory: 5001506816 bytes (4769.81 MB)
write base data version: 341100, memory: 5001506816 bytes (4769.81 MB)
write base data version: 341200, memory: 5001572352 bytes (4769.87 MB)
write base data version: 341300, memory: 5001596928 bytes (4769.89 MB)
write base data version: 341400, memory: 5001596928 bytes (4769.89 MB)
write base data version: 341500, memory: 5001953280 bytes (4770.23 MB)
write base data version: 341600, memory: 5001953280 bytes (4770.23 MB)
write base data version: 341700, memory: 5001953280 bytes (4770.23 MB)
write base data version: 341800, memory: 5001953280 bytes (4770.23 MB)
write base data version: 341900, memory: 5001953280 bytes (4770.23 MB)
write base data version: 342000, memory: 5001953280 bytes (4770.23 MB)
write base data version: 342100, memory: 5001953280 bytes (4770.23 MB)
write base data version: 342200, memory: 5002027008 bytes (4770.30 MB)
write base data version: 342300, memory: 5002223616 bytes (4770.49 MB)
write base data version: 342400, memory: 5002289152 bytes (4770.55 MB)
write base data version: 342500, memory: 5002289152 bytes (4770.55 MB)
write base data version: 342600, memory: 5002289152 bytes (4770.55 MB)
write base data version: 342700, memory: 5002289152 bytes (4770.55 MB)
write base data version: 342800, memory: 5002289152 bytes (4770.55 MB)
write base data version: 342900, memory: 5002289152 bytes (4770.55 MB)
write base data version: 343000, memory: 5002317824 bytes (4770.58 MB)
write base data version: 343100, memory: 5002752000 bytes (4771.00 MB)
write base data version: 343200, memory: 5002752000 bytes (4771.00 MB)
write base data version: 343300, memory: 5002752000 bytes (4771.00 MB)
write base data version: 343400, memory: 5002752000 bytes (4771.00 MB)
write base data version: 343500, memory: 5002752000 bytes (4771.00 MB)
write base data version: 343600, memory: 5002752000 bytes (4771.00 MB)
write base data version: 343700, memory: 5003157504 bytes (4771.38 MB)
write base data version: 343800, memory: 5003259904 bytes (4771.48 MB)
write base data version: 343900, memory: 5003259904 bytes (4771.48 MB)
write base data version: 344000, memory: 5003259904 bytes (4771.48 MB)
write base data version: 344100, memory: 5003259904 bytes (4771.48 MB)
write base data version: 344200, memory: 5003259904 bytes (4771.48 MB)
write base data version: 344300, memory: 5003259904 bytes (4771.48 MB)
write base data version: 344400, memory: 5003259904 bytes (4771.48 MB)
write base data version: 344500, memory: 5003259904 bytes (4771.48 MB)
write base data version: 344600, memory: 5003259904 bytes (4771.48 MB)
write base data version: 344700, memory: 5003259904 bytes (4771.48 MB)
write base data version: 344800, memory: 5003259904 bytes (4771.48 MB)
write base data version: 344900, memory: 5003259904 bytes (4771.48 MB)
write base data version: 345000, memory: 5003259904 bytes (4771.48 MB)
write base data version: 345100, memory: 5003608064 bytes (4771.81 MB)
write base data version: 345200, memory: 5003608064 bytes (4771.81 MB)
write base data version: 345300, memory: 5003608064 bytes (4771.81 MB)
write base data version: 345400, memory: 5003608064 bytes (4771.81 MB)
write base data version: 345500, memory: 5003608064 bytes (4771.81 MB)
write base data version: 345600, memory: 5003608064 bytes (4771.81 MB)
write base data version: 345700, memory: 5003612160 bytes (4771.82 MB)
write base data version: 345800, memory: 5003685888 bytes (4771.89 MB)
write base data version: 345900, memory: 5003685888 bytes (4771.89 MB)
write base data version: 346000, memory: 5003685888 bytes (4771.89 MB)
write base data version: 346100, memory: 5003710464 bytes (4771.91 MB)
write base data version: 346200, memory: 5003710464 bytes (4771.91 MB)
write base data version: 346300, memory: 5003870208 bytes (4772.06 MB)
write base data version: 346400, memory: 5003870208 bytes (4772.06 MB)
write base data version: 346500, memory: 5003870208 bytes (4772.06 MB)
write base data version: 346600, memory: 5003894784 bytes (4772.09 MB)
write base data version: 346700, memory: 5004320768 bytes (4772.49 MB)
write base data version: 346800, memory: 5004693504 bytes (4772.85 MB)
write base data version: 346900, memory: 5004693504 bytes (4772.85 MB)
write base data version: 347000, memory: 5004734464 bytes (4772.89 MB)
write base data version: 347100, memory: 5004820480 bytes (4772.97 MB)
write base data version: 347200, memory: 5004820480 bytes (4772.97 MB)
write base data version: 347300, memory: 5004820480 bytes (4772.97 MB)
write base data version: 347400, memory: 5004820480 bytes (4772.97 MB)
write base data version: 347500, memory: 5004820480 bytes (4772.97 MB)
write base data version: 347600, memory: 5004820480 bytes (4772.97 MB)
write base data version: 347700, memory: 5004820480 bytes (4772.97 MB)
write base data version: 347800, memory: 5004820480 bytes (4772.97 MB)
write base data version: 347900, memory: 5004857344 bytes (4773.00 MB)
write base data version: 348000, memory: 5004873728 bytes (4773.02 MB)
write base data version: 348100, memory: 5004873728 bytes (4773.02 MB)
write base data version: 348200, memory: 5004873728 bytes (4773.02 MB)
write base data version: 348300, memory: 5004873728 bytes (4773.02 MB)
write base data version: 348400, memory: 5004873728 bytes (4773.02 MB)
write base data version: 348500, memory: 5004873728 bytes (4773.02 MB)
write base data version: 348600, memory: 5004873728 bytes (4773.02 MB)
write base data version: 348700, memory: 5004873728 bytes (4773.02 MB)
write base data version: 348800, memory: 5004881920 bytes (4773.03 MB)
write base data version: 348900, memory: 5004881920 bytes (4773.03 MB)
write base data version: 349000, memory: 5004881920 bytes (4773.03 MB)
write base data version: 349100, memory: 5004947456 bytes (4773.09 MB)
write base data version: 349200, memory: 5004996608 bytes (4773.14 MB)
write base data version: 349300, memory: 5005139968 bytes (4773.27 MB)
write base data version: 349400, memory: 5005172736 bytes (4773.30 MB)
write base data version: 349500, memory: 5005205504 bytes (4773.34 MB)
write base data version: 349600, memory: 5005234176 bytes (4773.36 MB)
write base data version: 349700, memory: 5005332480 bytes (4773.46 MB)
write base data version: 349800, memory: 5005426688 bytes (4773.55 MB)
write base data version: 349900, memory: 5005426688 bytes (4773.55 MB)
write base data version: 350000, memory: 5005426688 bytes (4773.55 MB)
write base data version: 350100, memory: 5005475840 bytes (4773.59 MB)
write base data version: 350200, memory: 5005475840 bytes (4773.59 MB)
write base data version: 350300, memory: 5005623296 bytes (4773.73 MB)
write base data version: 350400, memory: 5005623296 bytes (4773.73 MB)
write base data version: 350500, memory: 5005623296 bytes (4773.73 MB)
write base data version: 350600, memory: 5005623296 bytes (4773.73 MB)
write base data version: 350700, memory: 5005844480 bytes (4773.95 MB)
write base data version: 350800, memory: 5005938688 bytes (4774.04 MB)
write base data version: 350900, memory: 5005938688 bytes (4774.04 MB)
write base data version: 351000, memory: 5005950976 bytes (4774.05 MB)
write base data version: 351100, memory: 5005950976 bytes (4774.05 MB)
write base data version: 351200, memory: 5005950976 bytes (4774.05 MB)
write base data version: 351300, memory: 5005950976 bytes (4774.05 MB)
write base data version: 351400, memory: 5005950976 bytes (4774.05 MB)
write base data version: 351500, memory: 5005979648 bytes (4774.07 MB)
write base data version: 351600, memory: 5006139392 bytes (4774.23 MB)
write base data version: 351700, memory: 5006139392 bytes (4774.23 MB)
write base data version: 351800, memory: 5006139392 bytes (4774.23 MB)
write base data version: 351900, memory: 5006282752 bytes (4774.36 MB)
write base data version: 352000, memory: 5006376960 bytes (4774.45 MB)
write base data version: 352100, memory: 5006376960 bytes (4774.45 MB)
write base data version: 352200, memory: 5006376960 bytes (4774.45 MB)
write base data version: 352300, memory: 5006376960 bytes (4774.45 MB)
write base data version: 352400, memory: 5006376960 bytes (4774.45 MB)
write base data version: 352500, memory: 5006446592 bytes (4774.52 MB)
write base data version: 352600, memory: 5006708736 bytes (4774.77 MB)
write base data version: 352700, memory: 5006708736 bytes (4774.77 MB)
write base data version: 352800, memory: 5006782464 bytes (4774.84 MB)
write base data version: 352900, memory: 5006831616 bytes (4774.89 MB)
write base data version: 353000, memory: 5006831616 bytes (4774.89 MB)
write base data version: 353100, memory: 5006897152 bytes (4774.95 MB)
write base data version: 353200, memory: 5006897152 bytes (4774.95 MB)
write base data version: 353300, memory: 5032677376 bytes (4799.54 MB)
write base data version: 353400, memory: 5040484352 bytes (4806.98 MB)
write base data version: 353500, memory: 5044027392 bytes (4810.36 MB)
write base data version: 353600, memory: 5044027392 bytes (4810.36 MB)
write base data version: 353700, memory: 5044211712 bytes (4810.54 MB)
write base data version: 353800, memory: 5044211712 bytes (4810.54 MB)
write base data version: 353900, memory: 5044211712 bytes (4810.54 MB)
write base data version: 354000, memory: 5044211712 bytes (4810.54 MB)
write base data version: 354100, memory: 5044211712 bytes (4810.54 MB)
write base data version: 354200, memory: 5044211712 bytes (4810.54 MB)
write base data version: 354300, memory: 5044211712 bytes (4810.54 MB)
write base data version: 354400, memory: 5044211712 bytes (4810.54 MB)
write base data version: 354500, memory: 5044211712 bytes (4810.54 MB)
write base data version: 354600, memory: 5044211712 bytes (4810.54 MB)
write base data version: 354700, memory: 5044211712 bytes (4810.54 MB)
write base data version: 354800, memory: 5044211712 bytes (4810.54 MB)
write base data version: 354900, memory: 5044211712 bytes (4810.54 MB)
write base data version: 355000, memory: 5044211712 bytes (4810.54 MB)
write base data version: 355100, memory: 5044211712 bytes (4810.54 MB)
write base data version: 355200, memory: 5044211712 bytes (4810.54 MB)
write base data version: 355300, memory: 5044211712 bytes (4810.54 MB)
write base data version: 355400, memory: 5044211712 bytes (4810.54 MB)
write base data version: 355500, memory: 5044211712 bytes (4810.54 MB)
write base data version: 355600, memory: 5044211712 bytes (4810.54 MB)
write base data version: 355700, memory: 5044211712 bytes (4810.54 MB)
write base data version: 355800, memory: 5044211712 bytes (4810.54 MB)
write base data version: 355900, memory: 5044211712 bytes (4810.54 MB)
write base data version: 356000, memory: 5044211712 bytes (4810.54 MB)
write base data version: 356100, memory: 5044211712 bytes (4810.54 MB)
write base data version: 356200, memory: 5044211712 bytes (4810.54 MB)
write base data version: 356300, memory: 5044211712 bytes (4810.54 MB)
write base data version: 356400, memory: 5044211712 bytes (4810.54 MB)
write base data version: 356500, memory: 5044211712 bytes (4810.54 MB)
write base data version: 356600, memory: 5044211712 bytes (4810.54 MB)
write base data version: 356700, memory: 5044211712 bytes (4810.54 MB)
write base data version: 356800, memory: 5044211712 bytes (4810.54 MB)
write base data version: 356900, memory: 5044211712 bytes (4810.54 MB)
write base data version: 357000, memory: 5044211712 bytes (4810.54 MB)
write base data version: 357100, memory: 5044211712 bytes (4810.54 MB)
write base data version: 357200, memory: 5044211712 bytes (4810.54 MB)
write base data version: 357300, memory: 5044211712 bytes (4810.54 MB)
write base data version: 357400, memory: 5044211712 bytes (4810.54 MB)
write base data version: 357500, memory: 5044211712 bytes (4810.54 MB)
write base data version: 357600, memory: 5044211712 bytes (4810.54 MB)
write base data version: 357700, memory: 5044211712 bytes (4810.54 MB)
write base data version: 357800, memory: 5044211712 bytes (4810.54 MB)
write base data version: 357900, memory: 5044211712 bytes (4810.54 MB)
write base data version: 358000, memory: 5044211712 bytes (4810.54 MB)
write base data version: 358100, memory: 5044211712 bytes (4810.54 MB)
write base data version: 358200, memory: 5044211712 bytes (4810.54 MB)
write base data version: 358300, memory: 5044211712 bytes (4810.54 MB)
write base data version: 358400, memory: 5044211712 bytes (4810.54 MB)
write base data version: 358500, memory: 5044211712 bytes (4810.54 MB)
write base data version: 358600, memory: 5044211712 bytes (4810.54 MB)
write base data version: 358700, memory: 5044211712 bytes (4810.54 MB)
write base data version: 358800, memory: 5044211712 bytes (4810.54 MB)
write base data version: 358900, memory: 5044211712 bytes (4810.54 MB)
write base data version: 359000, memory: 5044211712 bytes (4810.54 MB)
write base data version: 359100, memory: 5044211712 bytes (4810.54 MB)
write base data version: 359200, memory: 5044211712 bytes (4810.54 MB)
write base data version: 359300, memory: 5044211712 bytes (4810.54 MB)
write base data version: 359400, memory: 5044211712 bytes (4810.54 MB)
write base data version: 359500, memory: 5044211712 bytes (4810.54 MB)
write base data version: 359600, memory: 5044211712 bytes (4810.54 MB)
write base data version: 359700, memory: 5044211712 bytes (4810.54 MB)
write base data version: 359800, memory: 5044211712 bytes (4810.54 MB)
write base data version: 359900, memory: 5044211712 bytes (4810.54 MB)
write base data version: 360000, memory: 5044211712 bytes (4810.54 MB)
write base data version: 360100, memory: 5044211712 bytes (4810.54 MB)
write base data version: 360200, memory: 5044211712 bytes (4810.54 MB)
write base data version: 360300, memory: 5044211712 bytes (4810.54 MB)
write base data version: 360400, memory: 5044211712 bytes (4810.54 MB)
write base data version: 360500, memory: 5044211712 bytes (4810.54 MB)
write base data version: 360600, memory: 5044211712 bytes (4810.54 MB)
write base data version: 360700, memory: 5044211712 bytes (4810.54 MB)
write base data version: 360800, memory: 5044211712 bytes (4810.54 MB)
write base data version: 360900, memory: 5044211712 bytes (4810.54 MB)
write base data version: 361000, memory: 5044211712 bytes (4810.54 MB)
write base data version: 361100, memory: 5044211712 bytes (4810.54 MB)
write base data version: 361200, memory: 5044211712 bytes (4810.54 MB)
write base data version: 361300, memory: 5044211712 bytes (4810.54 MB)
write base data version: 361400, memory: 5044211712 bytes (4810.54 MB)
write base data version: 361500, memory: 5044211712 bytes (4810.54 MB)
write base data version: 361600, memory: 5044211712 bytes (4810.54 MB)
write base data version: 361700, memory: 5044211712 bytes (4810.54 MB)
write base data version: 361800, memory: 5044211712 bytes (4810.54 MB)
write base data version: 361900, memory: 5044211712 bytes (4810.54 MB)
write base data version: 362000, memory: 5044211712 bytes (4810.54 MB)
write base data version: 362100, memory: 5044211712 bytes (4810.54 MB)
write base data version: 362200, memory: 5044211712 bytes (4810.54 MB)
write base data version: 362300, memory: 5044211712 bytes (4810.54 MB)
write base data version: 362400, memory: 5044211712 bytes (4810.54 MB)
write base data version: 362500, memory: 5044211712 bytes (4810.54 MB)
write base data version: 362600, memory: 5044211712 bytes (4810.54 MB)
write base data version: 362700, memory: 5044211712 bytes (4810.54 MB)
write base data version: 362800, memory: 5044211712 bytes (4810.54 MB)
write base data version: 362900, memory: 5044211712 bytes (4810.54 MB)
write base data version: 363000, memory: 5044211712 bytes (4810.54 MB)
write base data version: 363100, memory: 5044211712 bytes (4810.54 MB)
write base data version: 363200, memory: 5044211712 bytes (4810.54 MB)
write base data version: 363300, memory: 5044211712 bytes (4810.54 MB)
write base data version: 363400, memory: 5044211712 bytes (4810.54 MB)
write base data version: 363500, memory: 5044211712 bytes (4810.54 MB)
write base data version: 363600, memory: 5044211712 bytes (4810.54 MB)
write base data version: 363700, memory: 5044211712 bytes (4810.54 MB)
write base data version: 363800, memory: 5044211712 bytes (4810.54 MB)
write base data version: 363900, memory: 5044211712 bytes (4810.54 MB)
write base data version: 364000, memory: 5044211712 bytes (4810.54 MB)
write base data version: 364100, memory: 5044211712 bytes (4810.54 MB)
write base data version: 364200, memory: 5044211712 bytes (4810.54 MB)
write base data version: 364300, memory: 5044211712 bytes (4810.54 MB)
write base data version: 364400, memory: 5044211712 bytes (4810.54 MB)
write base data version: 364500, memory: 5044211712 bytes (4810.54 MB)
write base data version: 364600, memory: 5044211712 bytes (4810.54 MB)
write base data version: 364700, memory: 5044211712 bytes (4810.54 MB)
write base data version: 364800, memory: 5044211712 bytes (4810.54 MB)
write base data version: 364900, memory: 5044211712 bytes (4810.54 MB)
write base data version: 365000, memory: 5044211712 bytes (4810.54 MB)
write base data version: 365100, memory: 5044211712 bytes (4810.54 MB)
write base data version: 365200, memory: 5044211712 bytes (4810.54 MB)
write base data version: 365300, memory: 5044211712 bytes (4810.54 MB)
write base data version: 365400, memory: 5044211712 bytes (4810.54 MB)
write base data version: 365500, memory: 5044211712 bytes (4810.54 MB)
write base data version: 365600, memory: 5044211712 bytes (4810.54 MB)
write base data version: 365700, memory: 5044211712 bytes (4810.54 MB)
write base data version: 365800, memory: 5044211712 bytes (4810.54 MB)
write base data version: 365900, memory: 5044211712 bytes (4810.54 MB)
write base data version: 366000, memory: 5044211712 bytes (4810.54 MB)
write base data version: 366100, memory: 5044211712 bytes (4810.54 MB)
write base data version: 366200, memory: 5044211712 bytes (4810.54 MB)
write base data version: 366300, memory: 5044211712 bytes (4810.54 MB)
write base data version: 366400, memory: 5044211712 bytes (4810.54 MB)
write base data version: 366500, memory: 5044211712 bytes (4810.54 MB)
write base data version: 366600, memory: 5044211712 bytes (4810.54 MB)
write base data version: 366700, memory: 5044211712 bytes (4810.54 MB)
write base data version: 366800, memory: 5044211712 bytes (4810.54 MB)
write base data version: 366900, memory: 5044211712 bytes (4810.54 MB)
write base data version: 367000, memory: 5044211712 bytes (4810.54 MB)
write base data version: 367100, memory: 5044211712 bytes (4810.54 MB)
write base data version: 367200, memory: 5044211712 bytes (4810.54 MB)
write base data version: 367300, memory: 5044211712 bytes (4810.54 MB)
write base data version: 367400, memory: 5044211712 bytes (4810.54 MB)
write base data version: 367500, memory: 5044211712 bytes (4810.54 MB)
write base data version: 367600, memory: 5044211712 bytes (4810.54 MB)
write base data version: 367700, memory: 5044211712 bytes (4810.54 MB)
write base data version: 367800, memory: 5044211712 bytes (4810.54 MB)
write base data version: 367900, memory: 5044211712 bytes (4810.54 MB)
write base data version: 368000, memory: 5044211712 bytes (4810.54 MB)
write base data version: 368100, memory: 5044211712 bytes (4810.54 MB)
write base data version: 368200, memory: 5044211712 bytes (4810.54 MB)
write base data version: 368300, memory: 5044211712 bytes (4810.54 MB)
write base data version: 368400, memory: 5044211712 bytes (4810.54 MB)
write base data version: 368500, memory: 5044211712 bytes (4810.54 MB)
write base data version: 368600, memory: 5044211712 bytes (4810.54 MB)
write base data version: 368700, memory: 5044211712 bytes (4810.54 MB)
write base data version: 368800, memory: 5044211712 bytes (4810.54 MB)
write base data version: 368900, memory: 5044211712 bytes (4810.54 MB)
write base data version: 369000, memory: 5044211712 bytes (4810.54 MB)
write base data version: 369100, memory: 5044211712 bytes (4810.54 MB)
write base data version: 369200, memory: 5044211712 bytes (4810.54 MB)
write base data version: 369300, memory: 5044211712 bytes (4810.54 MB)
write base data version: 369400, memory: 5044211712 bytes (4810.54 MB)
write base data version: 369500, memory: 5044211712 bytes (4810.54 MB)
write base data version: 369600, memory: 5044211712 bytes (4810.54 MB)
write base data version: 369700, memory: 5044211712 bytes (4810.54 MB)
write base data version: 369800, memory: 5044211712 bytes (4810.54 MB)
write base data version: 369900, memory: 5044211712 bytes (4810.54 MB)
write base data version: 370000, memory: 5044211712 bytes (4810.54 MB)
write base data version: 370100, memory: 5044211712 bytes (4810.54 MB)
write base data version: 370200, memory: 5044211712 bytes (4810.54 MB)
write base data version: 370300, memory: 5044211712 bytes (4810.54 MB)
write base data version: 370400, memory: 5044211712 bytes (4810.54 MB)
write base data version: 370500, memory: 5044211712 bytes (4810.54 MB)
write base data version: 370600, memory: 5044211712 bytes (4810.54 MB)
write base data version: 370700, memory: 5044211712 bytes (4810.54 MB)
write base data version: 370800, memory: 5044211712 bytes (4810.54 MB)
write base data version: 370900, memory: 5044211712 bytes (4810.54 MB)
write base data version: 371000, memory: 5044211712 bytes (4810.54 MB)
write base data version: 371100, memory: 5044211712 bytes (4810.54 MB)
write base data version: 371200, memory: 5044211712 bytes (4810.54 MB)
write base data version: 371300, memory: 5044211712 bytes (4810.54 MB)
write base data version: 371400, memory: 5044211712 bytes (4810.54 MB)
write base data version: 371500, memory: 5044211712 bytes (4810.54 MB)
write base data version: 371600, memory: 5044211712 bytes (4810.54 MB)
write base data version: 371700, memory: 5044211712 bytes (4810.54 MB)
write base data version: 371800, memory: 5044211712 bytes (4810.54 MB)
write base data version: 371900, memory: 5044211712 bytes (4810.54 MB)
write base data version: 372000, memory: 5044211712 bytes (4810.54 MB)
write base data version: 372100, memory: 5044211712 bytes (4810.54 MB)
write base data version: 372200, memory: 5044211712 bytes (4810.54 MB)
write base data version: 372300, memory: 5044211712 bytes (4810.54 MB)
write base data version: 372400, memory: 5044211712 bytes (4810.54 MB)
write base data version: 372500, memory: 5044211712 bytes (4810.54 MB)
write base data version: 372600, memory: 5044211712 bytes (4810.54 MB)
write base data version: 372700, memory: 5044211712 bytes (4810.54 MB)
write base data version: 372800, memory: 5044211712 bytes (4810.54 MB)
write base data version: 372900, memory: 5044211712 bytes (4810.54 MB)
write base data version: 373000, memory: 5044211712 bytes (4810.54 MB)
write base data version: 373100, memory: 5044211712 bytes (4810.54 MB)
write base data version: 373200, memory: 5044211712 bytes (4810.54 MB)
write base data version: 373300, memory: 5044211712 bytes (4810.54 MB)
write base data version: 373400, memory: 5044211712 bytes (4810.54 MB)
write base data version: 373500, memory: 5044211712 bytes (4810.54 MB)
write base data version: 373600, memory: 5044211712 bytes (4810.54 MB)
write base data version: 373700, memory: 5044211712 bytes (4810.54 MB)
write base data version: 373800, memory: 5044211712 bytes (4810.54 MB)
write base data version: 373900, memory: 5044211712 bytes (4810.54 MB)
write base data version: 374000, memory: 5044211712 bytes (4810.54 MB)
write base data version: 374100, memory: 5044211712 bytes (4810.54 MB)
write base data version: 374200, memory: 5044211712 bytes (4810.54 MB)
write base data version: 374300, memory: 5044211712 bytes (4810.54 MB)
write base data version: 374400, memory: 5044211712 bytes (4810.54 MB)
write base data version: 374500, memory: 5044211712 bytes (4810.54 MB)
write base data version: 374600, memory: 5044211712 bytes (4810.54 MB)
write base data version: 374700, memory: 5044211712 bytes (4810.54 MB)
write base data version: 374800, memory: 5044211712 bytes (4810.54 MB)
write base data version: 374900, memory: 5044211712 bytes (4810.54 MB)
write base data version: 375000, memory: 5044211712 bytes (4810.54 MB)
write base data version: 375100, memory: 5044211712 bytes (4810.54 MB)
write base data version: 375200, memory: 5044211712 bytes (4810.54 MB)
write base data version: 375300, memory: 5044211712 bytes (4810.54 MB)
write base data version: 375400, memory: 5044211712 bytes (4810.54 MB)
write base data version: 375500, memory: 5044211712 bytes (4810.54 MB)
write base data version: 375600, memory: 5044211712 bytes (4810.54 MB)
write base data version: 375700, memory: 5044211712 bytes (4810.54 MB)
write base data version: 375800, memory: 5044211712 bytes (4810.54 MB)
write base data version: 375900, memory: 5044211712 bytes (4810.54 MB)
write base data version: 376000, memory: 5044211712 bytes (4810.54 MB)
write base data version: 376100, memory: 5044211712 bytes (4810.54 MB)
write base data version: 376200, memory: 5044211712 bytes (4810.54 MB)
write base data version: 376300, memory: 5044211712 bytes (4810.54 MB)
write base data version: 376400, memory: 5044211712 bytes (4810.54 MB)
write base data version: 376500, memory: 5044211712 bytes (4810.54 MB)
write base data version: 376600, memory: 5044211712 bytes (4810.54 MB)
write base data version: 376700, memory: 5044211712 bytes (4810.54 MB)
write base data version: 376800, memory: 5044211712 bytes (4810.54 MB)
write base data version: 376900, memory: 5044211712 bytes (4810.54 MB)
write base data version: 377000, memory: 5044211712 bytes (4810.54 MB)
write base data version: 377100, memory: 5044211712 bytes (4810.54 MB)
write base data version: 377200, memory: 5044211712 bytes (4810.54 MB)
write base data version: 377300, memory: 5044211712 bytes (4810.54 MB)
write base data version: 377400, memory: 5044211712 bytes (4810.54 MB)
write base data version: 377500, memory: 5044211712 bytes (4810.54 MB)
write base data version: 377600, memory: 5044211712 bytes (4810.54 MB)
write base data version: 377700, memory: 5044211712 bytes (4810.54 MB)
write base data version: 377800, memory: 5044211712 bytes (4810.54 MB)
write base data version: 377900, memory: 5044211712 bytes (4810.54 MB)
write base data version: 378000, memory: 5044211712 bytes (4810.54 MB)
write base data version: 378100, memory: 5044211712 bytes (4810.54 MB)
write base data version: 378200, memory: 5044211712 bytes (4810.54 MB)
write base data version: 378300, memory: 5044211712 bytes (4810.54 MB)
write base data version: 378400, memory: 5044211712 bytes (4810.54 MB)
write base data version: 378500, memory: 5044211712 bytes (4810.54 MB)
write base data version: 378600, memory: 5044211712 bytes (4810.54 MB)
write base data version: 378700, memory: 5044211712 bytes (4810.54 MB)
write base data version: 378800, memory: 5044211712 bytes (4810.54 MB)
write base data version: 378900, memory: 5044211712 bytes (4810.54 MB)
write base data version: 379000, memory: 5044211712 bytes (4810.54 MB)
write base data version: 379100, memory: 5044211712 bytes (4810.54 MB)
write base data version: 379200, memory: 5044211712 bytes (4810.54 MB)
write base data version: 379300, memory: 5044211712 bytes (4810.54 MB)
write base data version: 379400, memory: 5053014016 bytes (4818.93 MB)
write base data version: 379500, memory: 5053014016 bytes (4818.93 MB)
write base data version: 379600, memory: 5053014016 bytes (4818.93 MB)
write base data version: 379700, memory: 5053014016 bytes (4818.93 MB)
write base data version: 379800, memory: 5053014016 bytes (4818.93 MB)
write base data version: 379900, memory: 5053014016 bytes (4818.93 MB)
write base data version: 380000, memory: 5053014016 bytes (4818.93 MB)
write base data version: 380100, memory: 5053014016 bytes (4818.93 MB)
write base data version: 380200, memory: 5053014016 bytes (4818.93 MB)
write base data version: 380300, memory: 5053014016 bytes (4818.93 MB)
write base data version: 380400, memory: 5053014016 bytes (4818.93 MB)
write base data version: 380500, memory: 5053014016 bytes (4818.93 MB)
write base data version: 380600, memory: 5053014016 bytes (4818.93 MB)
write base data version: 380700, memory: 5053014016 bytes (4818.93 MB)
write base data version: 380800, memory: 5053014016 bytes (4818.93 MB)
write base data version: 380900, memory: 5053014016 bytes (4818.93 MB)
write base data version: 381000, memory: 5053014016 bytes (4818.93 MB)
write base data version: 381100, memory: 5053014016 bytes (4818.93 MB)
write base data version: 381200, memory: 5053014016 bytes (4818.93 MB)
write base data version: 381300, memory: 5053014016 bytes (4818.93 MB)
write base data version: 381400, memory: 5053014016 bytes (4818.93 MB)
write base data version: 381500, memory: 5053014016 bytes (4818.93 MB)
write base data version: 381600, memory: 5053014016 bytes (4818.93 MB)
write base data version: 381700, memory: 5053014016 bytes (4818.93 MB)
write base data version: 381800, memory: 5053014016 bytes (4818.93 MB)
write base data version: 381900, memory: 5053014016 bytes (4818.93 MB)
write base data version: 382000, memory: 5053014016 bytes (4818.93 MB)
write base data version: 382100, memory: 5053014016 bytes (4818.93 MB)
write base data version: 382200, memory: 5053014016 bytes (4818.93 MB)
write base data version: 382300, memory: 5053014016 bytes (4818.93 MB)
write base data version: 382400, memory: 5053014016 bytes (4818.93 MB)
write base data version: 382500, memory: 5053014016 bytes (4818.93 MB)
write base data version: 382600, memory: 5053014016 bytes (4818.93 MB)
write base data version: 382700, memory: 5053014016 bytes (4818.93 MB)
write base data version: 382800, memory: 5053014016 bytes (4818.93 MB)
write base data version: 382900, memory: 5053014016 bytes (4818.93 MB)
write base data version: 383000, memory: 5053014016 bytes (4818.93 MB)
write base data version: 383100, memory: 5053014016 bytes (4818.93 MB)
write base data version: 383200, memory: 5053014016 bytes (4818.93 MB)
write base data version: 383300, memory: 5053014016 bytes (4818.93 MB)
write base data version: 383400, memory: 5053014016 bytes (4818.93 MB)
write base data version: 383500, memory: 5053014016 bytes (4818.93 MB)
write base data version: 383600, memory: 5053014016 bytes (4818.93 MB)
write base data version: 383700, memory: 5053014016 bytes (4818.93 MB)
write base data version: 383800, memory: 5053014016 bytes (4818.93 MB)
write base data version: 383900, memory: 5053014016 bytes (4818.93 MB)
write base data version: 384000, memory: 5053014016 bytes (4818.93 MB)
write base data version: 384100, memory: 5053014016 bytes (4818.93 MB)
write base data version: 384200, memory: 5053014016 bytes (4818.93 MB)
write base data version: 384300, memory: 5053014016 bytes (4818.93 MB)
write base data version: 384400, memory: 5053014016 bytes (4818.93 MB)
write base data version: 384500, memory: 5053014016 bytes (4818.93 MB)
write base data version: 384600, memory: 5053014016 bytes (4818.93 MB)
write base data version: 384700, memory: 5053014016 bytes (4818.93 MB)
write base data version: 384800, memory: 5053014016 bytes (4818.93 MB)
write base data version: 384900, memory: 5053014016 bytes (4818.93 MB)
write base data version: 385000, memory: 5053014016 bytes (4818.93 MB)
write base data version: 385100, memory: 5053014016 bytes (4818.93 MB)
write base data version: 385200, memory: 5053014016 bytes (4818.93 MB)
write base data version: 385300, memory: 5053014016 bytes (4818.93 MB)
write base data version: 385400, memory: 5053014016 bytes (4818.93 MB)
write base data version: 385500, memory: 5053014016 bytes (4818.93 MB)
write base data version: 385600, memory: 5053014016 bytes (4818.93 MB)
write base data version: 385700, memory: 5053014016 bytes (4818.93 MB)
write base data version: 385800, memory: 5053014016 bytes (4818.93 MB)
write base data version: 385900, memory: 5053014016 bytes (4818.93 MB)
write base data version: 386000, memory: 5053014016 bytes (4818.93 MB)
write base data version: 386100, memory: 5053014016 bytes (4818.93 MB)
write base data version: 386200, memory: 5053014016 bytes (4818.93 MB)
write base data version: 386300, memory: 5053014016 bytes (4818.93 MB)
write base data version: 386400, memory: 5053014016 bytes (4818.93 MB)
write base data version: 386500, memory: 5053014016 bytes (4818.93 MB)
write base data version: 386600, memory: 5053014016 bytes (4818.93 MB)
write base data version: 386700, memory: 5053014016 bytes (4818.93 MB)
write base data version: 386800, memory: 5053014016 bytes (4818.93 MB)
write base data version: 386900, memory: 5053014016 bytes (4818.93 MB)
write base data version: 387000, memory: 5053014016 bytes (4818.93 MB)
write base data version: 387100, memory: 5053014016 bytes (4818.93 MB)
write base data version: 387200, memory: 5053014016 bytes (4818.93 MB)
write base data version: 387300, memory: 5053014016 bytes (4818.93 MB)
write base data version: 387400, memory: 5053014016 bytes (4818.93 MB)
write base data version: 387500, memory: 5053014016 bytes (4818.93 MB)
write base data version: 387600, memory: 5053014016 bytes (4818.93 MB)
write base data version: 387700, memory: 5053014016 bytes (4818.93 MB)
write base data version: 387800, memory: 5053014016 bytes (4818.93 MB)
write base data version: 387900, memory: 5053014016 bytes (4818.93 MB)
write base data version: 388000, memory: 5053014016 bytes (4818.93 MB)
write base data version: 388100, memory: 5053014016 bytes (4818.93 MB)
write base data version: 388200, memory: 5053014016 bytes (4818.93 MB)
write base data version: 388300, memory: 5053014016 bytes (4818.93 MB)
write base data version: 388400, memory: 5053014016 bytes (4818.93 MB)
write base data version: 388500, memory: 5053014016 bytes (4818.93 MB)
write base data version: 388600, memory: 5053014016 bytes (4818.93 MB)
write base data version: 388700, memory: 5053014016 bytes (4818.93 MB)
write base data version: 388800, memory: 5053014016 bytes (4818.93 MB)
write base data version: 388900, memory: 5053014016 bytes (4818.93 MB)
write base data version: 389000, memory: 5053014016 bytes (4818.93 MB)
write base data version: 389100, memory: 5053014016 bytes (4818.93 MB)
write base data version: 389200, memory: 5053014016 bytes (4818.93 MB)
write base data version: 389300, memory: 5053014016 bytes (4818.93 MB)
write base data version: 389400, memory: 5053014016 bytes (4818.93 MB)
write base data version: 389500, memory: 5053014016 bytes (4818.93 MB)
write base data version: 389600, memory: 5053014016 bytes (4818.93 MB)
write base data version: 389700, memory: 5053014016 bytes (4818.93 MB)
write base data version: 389800, memory: 5053014016 bytes (4818.93 MB)
write base data version: 389900, memory: 5053014016 bytes (4818.93 MB)
write base data version: 390000, memory: 5053014016 bytes (4818.93 MB)
write base data version: 390100, memory: 5053014016 bytes (4818.93 MB)
write base data version: 390200, memory: 5053014016 bytes (4818.93 MB)
write base data version: 390300, memory: 5053014016 bytes (4818.93 MB)
write base data version: 390400, memory: 5053014016 bytes (4818.93 MB)
write base data version: 390500, memory: 5053014016 bytes (4818.93 MB)
write base data version: 390600, memory: 5053014016 bytes (4818.93 MB)
write base data version: 390700, memory: 5053014016 bytes (4818.93 MB)
write base data version: 390800, memory: 5053014016 bytes (4818.93 MB)
write base data version: 390900, memory: 5053014016 bytes (4818.93 MB)
write base data version: 391000, memory: 5053014016 bytes (4818.93 MB)
write base data version: 391100, memory: 5053014016 bytes (4818.93 MB)
write base data version: 391200, memory: 5053014016 bytes (4818.93 MB)
write base data version: 391300, memory: 5053014016 bytes (4818.93 MB)
write base data version: 391400, memory: 5053014016 bytes (4818.93 MB)
write base data version: 391500, memory: 5053014016 bytes (4818.93 MB)
write base data version: 391600, memory: 5053014016 bytes (4818.93 MB)
write base data version: 391700, memory: 5053014016 bytes (4818.93 MB)
write base data version: 391800, memory: 5053014016 bytes (4818.93 MB)
write base data version: 391900, memory: 5053014016 bytes (4818.93 MB)
write base data version: 392000, memory: 5053014016 bytes (4818.93 MB)
write base data version: 392100, memory: 5053014016 bytes (4818.93 MB)
write base data version: 392200, memory: 5053014016 bytes (4818.93 MB)
write base data version: 392300, memory: 5053014016 bytes (4818.93 MB)
write base data version: 392400, memory: 5053014016 bytes (4818.93 MB)
write base data version: 392500, memory: 5053014016 bytes (4818.93 MB)
write base data version: 392600, memory: 5053014016 bytes (4818.93 MB)
write base data version: 392700, memory: 5053014016 bytes (4818.93 MB)
write base data version: 392800, memory: 5053014016 bytes (4818.93 MB)
write base data version: 392900, memory: 5053014016 bytes (4818.93 MB)
write base data version: 393000, memory: 5053014016 bytes (4818.93 MB)
write base data version: 393100, memory: 5053014016 bytes (4818.93 MB)
write base data version: 393200, memory: 5053014016 bytes (4818.93 MB)
write base data version: 393300, memory: 5053014016 bytes (4818.93 MB)
write base data version: 393400, memory: 5053014016 bytes (4818.93 MB)
write base data version: 393500, memory: 5053014016 bytes (4818.93 MB)
write base data version: 393600, memory: 5053014016 bytes (4818.93 MB)
write base data version: 393700, memory: 5053014016 bytes (4818.93 MB)
write base data version: 393800, memory: 5053014016 bytes (4818.93 MB)
write base data version: 393900, memory: 5053014016 bytes (4818.93 MB)
write base data version: 394000, memory: 5053014016 bytes (4818.93 MB)
write base data version: 394100, memory: 5053014016 bytes (4818.93 MB)
write base data version: 394200, memory: 5053014016 bytes (4818.93 MB)
write base data version: 394300, memory: 5053014016 bytes (4818.93 MB)
write base data version: 394400, memory: 5053014016 bytes (4818.93 MB)
write base data version: 394500, memory: 5053014016 bytes (4818.93 MB)
write base data version: 394600, memory: 5053014016 bytes (4818.93 MB)
write base data version: 394700, memory: 5053014016 bytes (4818.93 MB)
write base data version: 394800, memory: 5053014016 bytes (4818.93 MB)
write base data version: 394900, memory: 5053014016 bytes (4818.93 MB)
write base data version: 395000, memory: 5053014016 bytes (4818.93 MB)
write base data version: 395100, memory: 5053014016 bytes (4818.93 MB)
write base data version: 395200, memory: 5053014016 bytes (4818.93 MB)
write base data version: 395300, memory: 5053014016 bytes (4818.93 MB)
write base data version: 395400, memory: 5053014016 bytes (4818.93 MB)
write base data version: 395500, memory: 5053014016 bytes (4818.93 MB)
write base data version: 395600, memory: 5053014016 bytes (4818.93 MB)
write base data version: 395700, memory: 5053014016 bytes (4818.93 MB)
write base data version: 395800, memory: 5053014016 bytes (4818.93 MB)
write base data version: 395900, memory: 5053014016 bytes (4818.93 MB)
write base data version: 396000, memory: 5053014016 bytes (4818.93 MB)
write base data version: 396100, memory: 5053014016 bytes (4818.93 MB)
write base data version: 396200, memory: 5053014016 bytes (4818.93 MB)
write base data version: 396300, memory: 5053014016 bytes (4818.93 MB)
write base data version: 396400, memory: 5053014016 bytes (4818.93 MB)
write base data version: 396500, memory: 5053014016 bytes (4818.93 MB)
write base data version: 396600, memory: 5053014016 bytes (4818.93 MB)
write base data version: 396700, memory: 5053014016 bytes (4818.93 MB)
write base data version: 396800, memory: 5053014016 bytes (4818.93 MB)
write base data version: 396900, memory: 5053014016 bytes (4818.93 MB)
write base data version: 397000, memory: 5053014016 bytes (4818.93 MB)
write base data version: 397100, memory: 5053014016 bytes (4818.93 MB)
write base data version: 397200, memory: 5053014016 bytes (4818.93 MB)
write base data version: 397300, memory: 5053014016 bytes (4818.93 MB)
write base data version: 397400, memory: 5053014016 bytes (4818.93 MB)
write base data version: 397500, memory: 5053014016 bytes (4818.93 MB)
write base data version: 397600, memory: 5053014016 bytes (4818.93 MB)
write base data version: 397700, memory: 5053014016 bytes (4818.93 MB)
write base data version: 397800, memory: 5053014016 bytes (4818.93 MB)
write base data version: 397900, memory: 5053014016 bytes (4818.93 MB)
write base data version: 398000, memory: 5053014016 bytes (4818.93 MB)
write base data version: 398100, memory: 5053014016 bytes (4818.93 MB)
write base data version: 398200, memory: 5053014016 bytes (4818.93 MB)
write base data version: 398300, memory: 5053014016 bytes (4818.93 MB)
write base data version: 398400, memory: 5053014016 bytes (4818.93 MB)
write base data version: 398500, memory: 5053014016 bytes (4818.93 MB)
write base data version: 398600, memory: 5053014016 bytes (4818.93 MB)
write base data version: 398700, memory: 5053014016 bytes (4818.93 MB)
write base data version: 398800, memory: 5053014016 bytes (4818.93 MB)
write base data version: 398900, memory: 5053014016 bytes (4818.93 MB)
write base data version: 399000, memory: 5053014016 bytes (4818.93 MB)
write base data version: 399100, memory: 5053014016 bytes (4818.93 MB)
write base data version: 399200, memory: 5053014016 bytes (4818.93 MB)
write base data version: 399300, memory: 5053014016 bytes (4818.93 MB)
write base data version: 399400, memory: 5053014016 bytes (4818.93 MB)
write base data version: 399500, memory: 5053014016 bytes (4818.93 MB)
write base data version: 399600, memory: 5053014016 bytes (4818.93 MB)
write base data version: 399700, memory: 5053014016 bytes (4818.93 MB)
write base data version: 399800, memory: 5053014016 bytes (4818.93 MB)
write base data version: 399900, memory: 5053014016 bytes (4818.93 MB)
write base data version: 400000, memory: 5053014016 bytes (4818.93 MB)
write base data version: 400100, memory: 5053014016 bytes (4818.93 MB)
write base data version: 400200, memory: 5053014016 bytes (4818.93 MB)
write base data version: 400300, memory: 5053014016 bytes (4818.93 MB)
write base data version: 400400, memory: 5053014016 bytes (4818.93 MB)
write base data version: 400500, memory: 5053014016 bytes (4818.93 MB)
write base data version: 400600, memory: 5053014016 bytes (4818.93 MB)
write base data version: 400700, memory: 5053014016 bytes (4818.93 MB)
write base data version: 400800, memory: 5053014016 bytes (4818.93 MB)
write base data version: 400900, memory: 5053014016 bytes (4818.93 MB)
write base data version: 401000, memory: 5053014016 bytes (4818.93 MB)
write base data version: 401100, memory: 5053014016 bytes (4818.93 MB)
write base data version: 401200, memory: 5053014016 bytes (4818.93 MB)
write base data version: 401300, memory: 5053014016 bytes (4818.93 MB)
write base data version: 401400, memory: 5053014016 bytes (4818.93 MB)
write base data version: 401500, memory: 5053014016 bytes (4818.93 MB)
write base data version: 401600, memory: 5053014016 bytes (4818.93 MB)
write base data version: 401700, memory: 5053014016 bytes (4818.93 MB)
write base data version: 401800, memory: 5053014016 bytes (4818.93 MB)
write base data version: 401900, memory: 5053014016 bytes (4818.93 MB)
write base data version: 402000, memory: 5053014016 bytes (4818.93 MB)
write base data version: 402100, memory: 5053014016 bytes (4818.93 MB)
write base data version: 402200, memory: 5053014016 bytes (4818.93 MB)
write base data version: 402300, memory: 5053014016 bytes (4818.93 MB)
write base data version: 402400, memory: 5053014016 bytes (4818.93 MB)
write base data version: 402500, memory: 5053014016 bytes (4818.93 MB)
write base data version: 402600, memory: 5053014016 bytes (4818.93 MB)
write base data version: 402700, memory: 5053014016 bytes (4818.93 MB)
write base data version: 402800, memory: 5053014016 bytes (4818.93 MB)
write base data version: 402900, memory: 5053014016 bytes (4818.93 MB)
write base data version: 403000, memory: 5053014016 bytes (4818.93 MB)
write base data version: 403100, memory: 5053014016 bytes (4818.93 MB)
write base data version: 403200, memory: 5053014016 bytes (4818.93 MB)
write base data version: 403300, memory: 5053014016 bytes (4818.93 MB)
write base data version: 403400, memory: 5053014016 bytes (4818.93 MB)
write base data version: 403500, memory: 5053014016 bytes (4818.93 MB)
write base data version: 403600, memory: 5053014016 bytes (4818.93 MB)
write base data version: 403700, memory: 5053014016 bytes (4818.93 MB)
write base data version: 403800, memory: 5053014016 bytes (4818.93 MB)
write base data version: 403900, memory: 5053014016 bytes (4818.93 MB)
write base data version: 404000, memory: 5053014016 bytes (4818.93 MB)
write base data version: 404100, memory: 5053014016 bytes (4818.93 MB)
write base data version: 404200, memory: 5053014016 bytes (4818.93 MB)
write base data version: 404300, memory: 5053014016 bytes (4818.93 MB)
write base data version: 404400, memory: 5053014016 bytes (4818.93 MB)
write base data version: 404500, memory: 5053014016 bytes (4818.93 MB)
write base data version: 404600, memory: 5053014016 bytes (4818.93 MB)
write base data version: 404700, memory: 5053014016 bytes (4818.93 MB)
write base data version: 404800, memory: 5053014016 bytes (4818.93 MB)
write base data version: 404900, memory: 5053014016 bytes (4818.93 MB)
write base data version: 405000, memory: 5053014016 bytes (4818.93 MB)
write base data version: 405100, memory: 5053014016 bytes (4818.93 MB)
write base data version: 405200, memory: 5053014016 bytes (4818.93 MB)
write base data version: 405300, memory: 5053014016 bytes (4818.93 MB)
write base data version: 405400, memory: 5053014016 bytes (4818.93 MB)
write base data version: 405500, memory: 5053014016 bytes (4818.93 MB)
write base data version: 405600, memory: 5053014016 bytes (4818.93 MB)
write base data version: 405700, memory: 5053014016 bytes (4818.93 MB)
write base data version: 405800, memory: 5053014016 bytes (4818.93 MB)
write base data version: 405900, memory: 5053014016 bytes (4818.93 MB)
write base data version: 406000, memory: 5053014016 bytes (4818.93 MB)
write base data version: 406100, memory: 5053014016 bytes (4818.93 MB)
write base data version: 406200, memory: 5053014016 bytes (4818.93 MB)
write base data version: 406300, memory: 5053014016 bytes (4818.93 MB)
write base data version: 406400, memory: 5053014016 bytes (4818.93 MB)
write base data version: 406500, memory: 5053014016 bytes (4818.93 MB)
write base data version: 406600, memory: 5053014016 bytes (4818.93 MB)
write base data version: 406700, memory: 5053014016 bytes (4818.93 MB)
write base data version: 406800, memory: 5053014016 bytes (4818.93 MB)
write base data version: 406900, memory: 5053014016 bytes (4818.93 MB)
write base data version: 407000, memory: 5053014016 bytes (4818.93 MB)
write base data version: 407100, memory: 5053014016 bytes (4818.93 MB)
write base data version: 407200, memory: 5053014016 bytes (4818.93 MB)
write base data version: 407300, memory: 5053014016 bytes (4818.93 MB)
write base data version: 407400, memory: 5053014016 bytes (4818.93 MB)
write base data version: 407500, memory: 5053014016 bytes (4818.93 MB)
write base data version: 407600, memory: 5053014016 bytes (4818.93 MB)
write base data version: 407700, memory: 5053014016 bytes (4818.93 MB)
write base data version: 407800, memory: 5053014016 bytes (4818.93 MB)
write base data version: 407900, memory: 5053014016 bytes (4818.93 MB)
write base data version: 408000, memory: 5053014016 bytes (4818.93 MB)
write base data version: 408100, memory: 5053014016 bytes (4818.93 MB)
write base data version: 408200, memory: 5053014016 bytes (4818.93 MB)
write base data version: 408300, memory: 5053014016 bytes (4818.93 MB)
write base data version: 408400, memory: 5053014016 bytes (4818.93 MB)
write base data version: 408500, memory: 5053014016 bytes (4818.93 MB)
write base data version: 408600, memory: 5053014016 bytes (4818.93 MB)
write base data version: 408700, memory: 5053014016 bytes (4818.93 MB)
write base data version: 408800, memory: 5053014016 bytes (4818.93 MB)
write base data version: 408900, memory: 5053014016 bytes (4818.93 MB)
write base data version: 409000, memory: 5053014016 bytes (4818.93 MB)
write base data version: 409100, memory: 5053014016 bytes (4818.93 MB)
write base data version: 409200, memory: 5053014016 bytes (4818.93 MB)
write base data version: 409300, memory: 5053014016 bytes (4818.93 MB)
write base data version: 409400, memory: 5053014016 bytes (4818.93 MB)
write base data version: 409500, memory: 5053014016 bytes (4818.93 MB)
write base data version: 409600, memory: 5053014016 bytes (4818.93 MB)
write base data version: 409700, memory: 5053014016 bytes (4818.93 MB)
write base data version: 409800, memory: 5053014016 bytes (4818.93 MB)
write base data version: 409900, memory: 5053014016 bytes (4818.93 MB)
write base data version: 410000, memory: 5053014016 bytes (4818.93 MB)
write base data version: 410100, memory: 5053014016 bytes (4818.93 MB)
write base data version: 410200, memory: 5053014016 bytes (4818.93 MB)
write base data version: 410300, memory: 5053014016 bytes (4818.93 MB)
write base data version: 410400, memory: 5053014016 bytes (4818.93 MB)
write base data version: 410500, memory: 5053014016 bytes (4818.93 MB)
write base data version: 410600, memory: 5053014016 bytes (4818.93 MB)
write base data version: 410700, memory: 5053014016 bytes (4818.93 MB)
write base data version: 410800, memory: 5053014016 bytes (4818.93 MB)
write base data version: 410900, memory: 5053014016 bytes (4818.93 MB)
write base data version: 411000, memory: 5053014016 bytes (4818.93 MB)
write base data version: 411100, memory: 5053014016 bytes (4818.93 MB)
write base data version: 411200, memory: 5053014016 bytes (4818.93 MB)
write base data version: 411300, memory: 5053014016 bytes (4818.93 MB)
write base data version: 411400, memory: 5053014016 bytes (4818.93 MB)
write base data version: 411500, memory: 5053014016 bytes (4818.93 MB)
write base data version: 411600, memory: 5053014016 bytes (4818.93 MB)
write base data version: 411700, memory: 5053014016 bytes (4818.93 MB)
write base data version: 411800, memory: 5053014016 bytes (4818.93 MB)
write base data version: 411900, memory: 5053014016 bytes (4818.93 MB)
write base data version: 412000, memory: 5053014016 bytes (4818.93 MB)
write base data version: 412100, memory: 5053014016 bytes (4818.93 MB)
write base data version: 412200, memory: 5053014016 bytes (4818.93 MB)
write base data version: 412300, memory: 5053014016 bytes (4818.93 MB)
write base data version: 412400, memory: 5053014016 bytes (4818.93 MB)
write base data version: 412500, memory: 5053014016 bytes (4818.93 MB)
write base data version: 412600, memory: 5053014016 bytes (4818.93 MB)
write base data version: 412700, memory: 5053014016 bytes (4818.93 MB)
write base data version: 412800, memory: 5053014016 bytes (4818.93 MB)
write base data version: 412900, memory: 5053014016 bytes (4818.93 MB)
write base data version: 413000, memory: 5053014016 bytes (4818.93 MB)
write base data version: 413100, memory: 5053014016 bytes (4818.93 MB)
write base data version: 413200, memory: 5053014016 bytes (4818.93 MB)
write base data version: 413300, memory: 5053014016 bytes (4818.93 MB)
write base data version: 413400, memory: 5053014016 bytes (4818.93 MB)
write base data version: 413500, memory: 5053014016 bytes (4818.93 MB)
write base data version: 413600, memory: 5053014016 bytes (4818.93 MB)
write base data version: 413700, memory: 5053014016 bytes (4818.93 MB)
write base data version: 413800, memory: 5053014016 bytes (4818.93 MB)
write base data version: 413900, memory: 5053014016 bytes (4818.93 MB)
write base data version: 414000, memory: 5053014016 bytes (4818.93 MB)
write base data version: 414100, memory: 5053014016 bytes (4818.93 MB)
write base data version: 414200, memory: 5053014016 bytes (4818.93 MB)
write base data version: 414300, memory: 5053014016 bytes (4818.93 MB)
write base data version: 414400, memory: 5053014016 bytes (4818.93 MB)
write base data version: 414500, memory: 5053014016 bytes (4818.93 MB)
write base data version: 414600, memory: 5053014016 bytes (4818.93 MB)
write base data version: 414700, memory: 5053014016 bytes (4818.93 MB)
write base data version: 414800, memory: 5053014016 bytes (4818.93 MB)
write base data version: 414900, memory: 5053014016 bytes (4818.93 MB)
write base data version: 415000, memory: 5053014016 bytes (4818.93 MB)
write base data version: 415100, memory: 5053014016 bytes (4818.93 MB)
write base data version: 415200, memory: 5053014016 bytes (4818.93 MB)
write base data version: 415300, memory: 5053014016 bytes (4818.93 MB)
write base data version: 415400, memory: 5053014016 bytes (4818.93 MB)
write base data version: 415500, memory: 5053014016 bytes (4818.93 MB)
write base data version: 415600, memory: 5053014016 bytes (4818.93 MB)
write base data version: 415700, memory: 5053014016 bytes (4818.93 MB)
write base data version: 415800, memory: 5053014016 bytes (4818.93 MB)
write base data version: 415900, memory: 5053014016 bytes (4818.93 MB)
write base data version: 416000, memory: 5053014016 bytes (4818.93 MB)
write base data version: 416100, memory: 5053014016 bytes (4818.93 MB)
write base data version: 416200, memory: 5053014016 bytes (4818.93 MB)
write base data version: 416300, memory: 5053014016 bytes (4818.93 MB)
write base data version: 416400, memory: 5053014016 bytes (4818.93 MB)
write base data version: 416500, memory: 5053014016 bytes (4818.93 MB)
write base data version: 416600, memory: 5053014016 bytes (4818.93 MB)
write base data version: 416700, memory: 5053014016 bytes (4818.93 MB)
write base data version: 416800, memory: 5053014016 bytes (4818.93 MB)
write base data version: 416900, memory: 5053014016 bytes (4818.93 MB)
write base data version: 417000, memory: 5053014016 bytes (4818.93 MB)
write base data version: 417100, memory: 5053014016 bytes (4818.93 MB)
write base data version: 417200, memory: 5053014016 bytes (4818.93 MB)
write base data version: 417300, memory: 5053014016 bytes (4818.93 MB)
write base data version: 417400, memory: 5053014016 bytes (4818.93 MB)
write base data version: 417500, memory: 5053014016 bytes (4818.93 MB)
write base data version: 417600, memory: 5053014016 bytes (4818.93 MB)
write base data version: 417700, memory: 5053014016 bytes (4818.93 MB)
write base data version: 417800, memory: 5053014016 bytes (4818.93 MB)
write base data version: 417900, memory: 5053014016 bytes (4818.93 MB)
write base data version: 418000, memory: 5053014016 bytes (4818.93 MB)
write base data version: 418100, memory: 5053014016 bytes (4818.93 MB)
write base data version: 418200, memory: 5053014016 bytes (4818.93 MB)
write base data version: 418300, memory: 5053014016 bytes (4818.93 MB)
write base data version: 418400, memory: 5053014016 bytes (4818.93 MB)
write base data version: 418500, memory: 5053014016 bytes (4818.93 MB)
write base data version: 418600, memory: 5053014016 bytes (4818.93 MB)
write base data version: 418700, memory: 5053014016 bytes (4818.93 MB)
write base data version: 418800, memory: 5053014016 bytes (4818.93 MB)
write base data version: 418900, memory: 5053014016 bytes (4818.93 MB)
write base data version: 419000, memory: 5053014016 bytes (4818.93 MB)
write base data version: 419100, memory: 5053014016 bytes (4818.93 MB)
write base data version: 419200, memory: 5053014016 bytes (4818.93 MB)
write base data version: 419300, memory: 5053014016 bytes (4818.93 MB)
write base data version: 419400, memory: 5053014016 bytes (4818.93 MB)
write base data version: 419500, memory: 5053014016 bytes (4818.93 MB)
write base data version: 419600, memory: 5053014016 bytes (4818.93 MB)
write base data version: 419700, memory: 5053014016 bytes (4818.93 MB)
write base data version: 419800, memory: 5053014016 bytes (4818.93 MB)
write base data version: 419900, memory: 5053014016 bytes (4818.93 MB)
write base data version: 420000, memory: 5053014016 bytes (4818.93 MB)
write base data version: 420100, memory: 5053014016 bytes (4818.93 MB)
write base data version: 420200, memory: 5053014016 bytes (4818.93 MB)
write base data version: 420300, memory: 5053014016 bytes (4818.93 MB)
write base data version: 420400, memory: 5053014016 bytes (4818.93 MB)
write base data version: 420500, memory: 5053014016 bytes (4818.93 MB)
write base data version: 420600, memory: 5053014016 bytes (4818.93 MB)
write base data version: 420700, memory: 5053014016 bytes (4818.93 MB)
write base data version: 420800, memory: 5053014016 bytes (4818.93 MB)
write base data version: 420900, memory: 5053014016 bytes (4818.93 MB)
write base data version: 421000, memory: 5053014016 bytes (4818.93 MB)
write base data version: 421100, memory: 5053014016 bytes (4818.93 MB)
write base data version: 421200, memory: 5053014016 bytes (4818.93 MB)
write base data version: 421300, memory: 5053014016 bytes (4818.93 MB)
write base data version: 421400, memory: 5053014016 bytes (4818.93 MB)
write base data version: 421500, memory: 5053014016 bytes (4818.93 MB)
write base data version: 421600, memory: 5053014016 bytes (4818.93 MB)
write base data version: 421700, memory: 5053014016 bytes (4818.93 MB)
write base data version: 421800, memory: 5053014016 bytes (4818.93 MB)
write base data version: 421900, memory: 5053014016 bytes (4818.93 MB)
write base data version: 422000, memory: 5053014016 bytes (4818.93 MB)
write base data version: 422100, memory: 5053014016 bytes (4818.93 MB)
write base data version: 422200, memory: 5053014016 bytes (4818.93 MB)
write base data version: 422300, memory: 5053014016 bytes (4818.93 MB)
write base data version: 422400, memory: 5053014016 bytes (4818.93 MB)
write base data version: 422500, memory: 5053014016 bytes (4818.93 MB)
write base data version: 422600, memory: 5053014016 bytes (4818.93 MB)
write base data version: 422700, memory: 5053014016 bytes (4818.93 MB)
write base data version: 422800, memory: 5053014016 bytes (4818.93 MB)
write base data version: 422900, memory: 5053014016 bytes (4818.93 MB)
write base data version: 423000, memory: 5053014016 bytes (4818.93 MB)
write base data version: 423100, memory: 5053014016 bytes (4818.93 MB)
write base data version: 423200, memory: 5053014016 bytes (4818.93 MB)
write base data version: 423300, memory: 5053014016 bytes (4818.93 MB)
write base data version: 423400, memory: 5053014016 bytes (4818.93 MB)
write base data version: 423500, memory: 5053014016 bytes (4818.93 MB)
write base data version: 423600, memory: 5053014016 bytes (4818.93 MB)
write base data version: 423700, memory: 5053014016 bytes (4818.93 MB)
write base data version: 423800, memory: 5053014016 bytes (4818.93 MB)
write base data version: 423900, memory: 5053014016 bytes (4818.93 MB)
write base data version: 424000, memory: 5053014016 bytes (4818.93 MB)
write base data version: 424100, memory: 5053014016 bytes (4818.93 MB)
write base data version: 424200, memory: 5053014016 bytes (4818.93 MB)
write base data version: 424300, memory: 5053014016 bytes (4818.93 MB)
write base data version: 424400, memory: 5053014016 bytes (4818.93 MB)
write base data version: 424500, memory: 5053014016 bytes (4818.93 MB)
write base data version: 424600, memory: 5053014016 bytes (4818.93 MB)
write base data version: 424700, memory: 5053014016 bytes (4818.93 MB)
write base data version: 424800, memory: 5053014016 bytes (4818.93 MB)
write base data version: 424900, memory: 5053014016 bytes (4818.93 MB)
write base data version: 425000, memory: 5053014016 bytes (4818.93 MB)
write base data version: 425100, memory: 5053014016 bytes (4818.93 MB)
write base data version: 425200, memory: 5053014016 bytes (4818.93 MB)
write base data version: 425300, memory: 5053014016 bytes (4818.93 MB)
write base data version: 425400, memory: 5053014016 bytes (4818.93 MB)
write base data version: 425500, memory: 5053014016 bytes (4818.93 MB)
write base data version: 425600, memory: 5053014016 bytes (4818.93 MB)
write base data version: 425700, memory: 5053014016 bytes (4818.93 MB)
write base data version: 425800, memory: 5053014016 bytes (4818.93 MB)
write base data version: 425900, memory: 5053014016 bytes (4818.93 MB)
write base data version: 426000, memory: 5053014016 bytes (4818.93 MB)
write base data version: 426100, memory: 5053014016 bytes (4818.93 MB)
write base data version: 426200, memory: 5053014016 bytes (4818.93 MB)
write base data version: 426300, memory: 5053014016 bytes (4818.93 MB)
write base data version: 426400, memory: 5053014016 bytes (4818.93 MB)
write base data version: 426500, memory: 5053014016 bytes (4818.93 MB)
write base data version: 426600, memory: 5053014016 bytes (4818.93 MB)
write base data version: 426700, memory: 5053014016 bytes (4818.93 MB)
write base data version: 426800, memory: 5053014016 bytes (4818.93 MB)
write base data version: 426900, memory: 5053014016 bytes (4818.93 MB)
write base data version: 427000, memory: 5053014016 bytes (4818.93 MB)
write base data version: 427100, memory: 5053014016 bytes (4818.93 MB)
write base data version: 427200, memory: 5053014016 bytes (4818.93 MB)
write base data version: 427300, memory: 5053014016 bytes (4818.93 MB)
write base data version: 427400, memory: 5053014016 bytes (4818.93 MB)
write base data version: 427500, memory: 5053014016 bytes (4818.93 MB)
write base data version: 427600, memory: 5053014016 bytes (4818.93 MB)
write base data version: 427700, memory: 5053014016 bytes (4818.93 MB)
write base data version: 427800, memory: 5053014016 bytes (4818.93 MB)
write base data version: 427900, memory: 5053014016 bytes (4818.93 MB)
write base data version: 428000, memory: 5053014016 bytes (4818.93 MB)
write base data version: 428100, memory: 5053014016 bytes (4818.93 MB)
write base data version: 428200, memory: 5053014016 bytes (4818.93 MB)
write base data version: 428300, memory: 5053014016 bytes (4818.93 MB)
write base data version: 428400, memory: 5053014016 bytes (4818.93 MB)
write base data version: 428500, memory: 5053014016 bytes (4818.93 MB)
write base data version: 428600, memory: 5053014016 bytes (4818.93 MB)
write base data version: 428700, memory: 5053014016 bytes (4818.93 MB)
write base data version: 428800, memory: 5053014016 bytes (4818.93 MB)
write base data version: 428900, memory: 5053014016 bytes (4818.93 MB)
write base data version: 429000, memory: 5053014016 bytes (4818.93 MB)
write base data version: 429100, memory: 5053014016 bytes (4818.93 MB)
write base data version: 429200, memory: 5053014016 bytes (4818.93 MB)
write base data version: 429300, memory: 5053014016 bytes (4818.93 MB)
write base data version: 429400, memory: 5053014016 bytes (4818.93 MB)
write base data version: 429500, memory: 5053014016 bytes (4818.93 MB)
write base data version: 429600, memory: 5053014016 bytes (4818.93 MB)
write base data version: 429700, memory: 5053014016 bytes (4818.93 MB)
write base data version: 429800, memory: 5053014016 bytes (4818.93 MB)
write base data version: 429900, memory: 5053014016 bytes (4818.93 MB)
write base data version: 430000, memory: 5053014016 bytes (4818.93 MB)
write base data version: 430100, memory: 5053014016 bytes (4818.93 MB)
write base data version: 430200, memory: 5053014016 bytes (4818.93 MB)
write base data version: 430300, memory: 5053014016 bytes (4818.93 MB)
write base data version: 430400, memory: 5053014016 bytes (4818.93 MB)
write base data version: 430500, memory: 5053014016 bytes (4818.93 MB)
write base data version: 430600, memory: 5053014016 bytes (4818.93 MB)
write base data version: 430700, memory: 5053014016 bytes (4818.93 MB)
write base data version: 430800, memory: 5053014016 bytes (4818.93 MB)
write base data version: 430900, memory: 5053014016 bytes (4818.93 MB)
write base data version: 431000, memory: 5053014016 bytes (4818.93 MB)
write base data version: 431100, memory: 5053014016 bytes (4818.93 MB)
write base data version: 431200, memory: 5053014016 bytes (4818.93 MB)
write base data version: 431300, memory: 5053014016 bytes (4818.93 MB)
write base data version: 431400, memory: 5053014016 bytes (4818.93 MB)
write base data version: 431500, memory: 5053014016 bytes (4818.93 MB)
write base data version: 431600, memory: 5053014016 bytes (4818.93 MB)
write base data version: 431700, memory: 5053014016 bytes (4818.93 MB)
write base data version: 431800, memory: 5053014016 bytes (4818.93 MB)
write base data version: 431900, memory: 5053014016 bytes (4818.93 MB)
write base data version: 432000, memory: 5053014016 bytes (4818.93 MB)
write base data version: 432100, memory: 5053014016 bytes (4818.93 MB)
write base data version: 432200, memory: 5053014016 bytes (4818.93 MB)
write base data version: 432300, memory: 5053014016 bytes (4818.93 MB)
write base data version: 432400, memory: 5053014016 bytes (4818.93 MB)
write base data version: 432500, memory: 5053014016 bytes (4818.93 MB)
write base data version: 432600, memory: 5053014016 bytes (4818.93 MB)
write base data version: 432700, memory: 5053014016 bytes (4818.93 MB)
write base data version: 432800, memory: 5053014016 bytes (4818.93 MB)
write base data version: 432900, memory: 5053014016 bytes (4818.93 MB)
write base data version: 433000, memory: 5053014016 bytes (4818.93 MB)
write base data version: 433100, memory: 5053014016 bytes (4818.93 MB)
write base data version: 433200, memory: 5053014016 bytes (4818.93 MB)
write base data version: 433300, memory: 5053014016 bytes (4818.93 MB)
write base data version: 433400, memory: 5053014016 bytes (4818.93 MB)
write base data version: 433500, memory: 5053014016 bytes (4818.93 MB)
write base data version: 433600, memory: 5053014016 bytes (4818.93 MB)
write base data version: 433700, memory: 5053014016 bytes (4818.93 MB)
write base data version: 433800, memory: 5053014016 bytes (4818.93 MB)
write base data version: 433900, memory: 5053014016 bytes (4818.93 MB)
write base data version: 434000, memory: 5053014016 bytes (4818.93 MB)
write base data version: 434100, memory: 5053014016 bytes (4818.93 MB)
write base data version: 434200, memory: 5053014016 bytes (4818.93 MB)
write base data version: 434300, memory: 5053014016 bytes (4818.93 MB)
write base data version: 434400, memory: 5053014016 bytes (4818.93 MB)
write base data version: 434500, memory: 5053014016 bytes (4818.93 MB)
write base data version: 434600, memory: 5053014016 bytes (4818.93 MB)
write base data version: 434700, memory: 5053014016 bytes (4818.93 MB)
write base data version: 434800, memory: 5053014016 bytes (4818.93 MB)
write base data version: 434900, memory: 5053014016 bytes (4818.93 MB)
write base data version: 435000, memory: 5053014016 bytes (4818.93 MB)
write base data version: 435100, memory: 5053014016 bytes (4818.93 MB)
write base data version: 435200, memory: 5053014016 bytes (4818.93 MB)
write base data version: 435300, memory: 5053014016 bytes (4818.93 MB)
write base data version: 435400, memory: 5053014016 bytes (4818.93 MB)
write base data version: 435500, memory: 5053014016 bytes (4818.93 MB)
write base data version: 435600, memory: 5053014016 bytes (4818.93 MB)
write base data version: 435700, memory: 5053014016 bytes (4818.93 MB)
write base data version: 435800, memory: 5053014016 bytes (4818.93 MB)
write base data version: 435900, memory: 5053014016 bytes (4818.93 MB)
write base data version: 436000, memory: 5053014016 bytes (4818.93 MB)
write base data version: 436100, memory: 5053014016 bytes (4818.93 MB)
write base data version: 436200, memory: 5053014016 bytes (4818.93 MB)
write base data version: 436300, memory: 5053014016 bytes (4818.93 MB)
write base data version: 436400, memory: 5053014016 bytes (4818.93 MB)
write base data version: 436500, memory: 5053014016 bytes (4818.93 MB)
write base data version: 436600, memory: 5053014016 bytes (4818.93 MB)
write base data version: 436700, memory: 5053014016 bytes (4818.93 MB)
write base data version: 436800, memory: 5053014016 bytes (4818.93 MB)
write base data version: 436900, memory: 5053014016 bytes (4818.93 MB)
write base data version: 437000, memory: 5053014016 bytes (4818.93 MB)
write base data version: 437100, memory: 5053014016 bytes (4818.93 MB)
write base data version: 437200, memory: 5053014016 bytes (4818.93 MB)
write base data version: 437300, memory: 5053014016 bytes (4818.93 MB)
write base data version: 437400, memory: 5053014016 bytes (4818.93 MB)
write base data version: 437500, memory: 5053014016 bytes (4818.93 MB)
write base data version: 437600, memory: 5053014016 bytes (4818.93 MB)
write base data version: 437700, memory: 5053014016 bytes (4818.93 MB)
write base data version: 437800, memory: 5053014016 bytes (4818.93 MB)
write base data version: 437900, memory: 5053014016 bytes (4818.93 MB)
write base data version: 438000, memory: 5053014016 bytes (4818.93 MB)
write base data version: 438100, memory: 5053014016 bytes (4818.93 MB)
write base data version: 438200, memory: 5053014016 bytes (4818.93 MB)
write base data version: 438300, memory: 5053014016 bytes (4818.93 MB)
write base data version: 438400, memory: 5053014016 bytes (4818.93 MB)
write base data version: 438500, memory: 5053014016 bytes (4818.93 MB)
write base data version: 438600, memory: 5053014016 bytes (4818.93 MB)
write base data version: 438700, memory: 5053014016 bytes (4818.93 MB)
write base data version: 438800, memory: 5053014016 bytes (4818.93 MB)
write base data version: 438900, memory: 5053014016 bytes (4818.93 MB)
write base data version: 439000, memory: 5053014016 bytes (4818.93 MB)
write base data version: 439100, memory: 5053014016 bytes (4818.93 MB)
write base data version: 439200, memory: 5053014016 bytes (4818.93 MB)
write base data version: 439300, memory: 5053014016 bytes (4818.93 MB)
write base data version: 439400, memory: 5053014016 bytes (4818.93 MB)
write base data version: 439500, memory: 5053014016 bytes (4818.93 MB)
write base data version: 439600, memory: 5053014016 bytes (4818.93 MB)
write base data version: 439700, memory: 5053014016 bytes (4818.93 MB)
write base data version: 439800, memory: 5053014016 bytes (4818.93 MB)
write base data version: 439900, memory: 5053014016 bytes (4818.93 MB)
write base data version: 440000, memory: 5053014016 bytes (4818.93 MB)
write base data version: 440100, memory: 5053014016 bytes (4818.93 MB)
write base data version: 440200, memory: 5053014016 bytes (4818.93 MB)
write base data version: 440300, memory: 5053014016 bytes (4818.93 MB)
write base data version: 440400, memory: 5053014016 bytes (4818.93 MB)
write base data version: 440500, memory: 5053014016 bytes (4818.93 MB)
write base data version: 440600, memory: 5053014016 bytes (4818.93 MB)
write base data version: 440700, memory: 5053014016 bytes (4818.93 MB)
write base data version: 440800, memory: 5053014016 bytes (4818.93 MB)
write base data version: 440900, memory: 5053014016 bytes (4818.93 MB)
write base data version: 441000, memory: 5053014016 bytes (4818.93 MB)
write base data version: 441100, memory: 5053014016 bytes (4818.93 MB)
write base data version: 441200, memory: 5053014016 bytes (4818.93 MB)
write base data version: 441300, memory: 5053014016 bytes (4818.93 MB)
write base data version: 441400, memory: 5053014016 bytes (4818.93 MB)
write base data version: 441500, memory: 5053014016 bytes (4818.93 MB)
write base data version: 441600, memory: 5053014016 bytes (4818.93 MB)
write base data version: 441700, memory: 5053014016 bytes (4818.93 MB)
write base data version: 441800, memory: 5053014016 bytes (4818.93 MB)
write base data version: 441900, memory: 5053014016 bytes (4818.93 MB)
write base data version: 442000, memory: 5053014016 bytes (4818.93 MB)
write base data version: 442100, memory: 5053014016 bytes (4818.93 MB)
write base data version: 442200, memory: 5053014016 bytes (4818.93 MB)
write base data version: 442300, memory: 5053014016 bytes (4818.93 MB)
write base data version: 442400, memory: 5053014016 bytes (4818.93 MB)
write base data version: 442500, memory: 5053014016 bytes (4818.93 MB)
write base data version: 442600, memory: 5053014016 bytes (4818.93 MB)
write base data version: 442700, memory: 5053014016 bytes (4818.93 MB)
write base data version: 442800, memory: 5053014016 bytes (4818.93 MB)
write base data version: 442900, memory: 5053014016 bytes (4818.93 MB)
write base data version: 443000, memory: 5053014016 bytes (4818.93 MB)
write base data version: 443100, memory: 5053014016 bytes (4818.93 MB)
write base data version: 443200, memory: 5053014016 bytes (4818.93 MB)
write base data version: 443300, memory: 5053014016 bytes (4818.93 MB)
write base data version: 443400, memory: 5053014016 bytes (4818.93 MB)
write base data version: 443500, memory: 5053014016 bytes (4818.93 MB)
write base data version: 443600, memory: 5053014016 bytes (4818.93 MB)
write base data version: 443700, memory: 5053014016 bytes (4818.93 MB)
write base data version: 443800, memory: 5053014016 bytes (4818.93 MB)
write base data version: 443900, memory: 5053014016 bytes (4818.93 MB)
write base data version: 444000, memory: 5053014016 bytes (4818.93 MB)
write base data version: 444100, memory: 5053014016 bytes (4818.93 MB)
write base data version: 444200, memory: 5053014016 bytes (4818.93 MB)
write base data version: 444300, memory: 5053014016 bytes (4818.93 MB)
write base data version: 444400, memory: 5053014016 bytes (4818.93 MB)
write base data version: 444500, memory: 5053014016 bytes (4818.93 MB)
write base data version: 444600, memory: 5053014016 bytes (4818.93 MB)
write base data version: 444700, memory: 5053014016 bytes (4818.93 MB)
write base data version: 444800, memory: 5053014016 bytes (4818.93 MB)
write base data version: 444900, memory: 5053014016 bytes (4818.93 MB)
write base data version: 445000, memory: 5053014016 bytes (4818.93 MB)
write base data version: 445100, memory: 5053014016 bytes (4818.93 MB)
write base data version: 445200, memory: 5053014016 bytes (4818.93 MB)
write base data version: 445300, memory: 5053014016 bytes (4818.93 MB)
write base data version: 445400, memory: 5053014016 bytes (4818.93 MB)
write base data version: 445500, memory: 5053014016 bytes (4818.93 MB)
write base data version: 445600, memory: 5053014016 bytes (4818.93 MB)
write base data version: 445700, memory: 5053014016 bytes (4818.93 MB)
write base data version: 445800, memory: 5053014016 bytes (4818.93 MB)
write base data version: 445900, memory: 5053014016 bytes (4818.93 MB)
write base data version: 446000, memory: 5053014016 bytes (4818.93 MB)
write base data version: 446100, memory: 5053014016 bytes (4818.93 MB)
write base data version: 446200, memory: 5053014016 bytes (4818.93 MB)
write base data version: 446300, memory: 5053014016 bytes (4818.93 MB)
write base data version: 446400, memory: 5053014016 bytes (4818.93 MB)
write base data version: 446500, memory: 5053014016 bytes (4818.93 MB)
write base data version: 446600, memory: 5053014016 bytes (4818.93 MB)
write base data version: 446700, memory: 5053014016 bytes (4818.93 MB)
write base data version: 446800, memory: 5053014016 bytes (4818.93 MB)
write base data version: 446900, memory: 5053014016 bytes (4818.93 MB)
write base data version: 447000, memory: 5053014016 bytes (4818.93 MB)
write base data version: 447100, memory: 5053014016 bytes (4818.93 MB)
write base data version: 447200, memory: 5053014016 bytes (4818.93 MB)
write base data version: 447300, memory: 5053014016 bytes (4818.93 MB)
write base data version: 447400, memory: 5053014016 bytes (4818.93 MB)
write base data version: 447500, memory: 5053014016 bytes (4818.93 MB)
write base data version: 447600, memory: 5053014016 bytes (4818.93 MB)
write base data version: 447700, memory: 5053014016 bytes (4818.93 MB)
write base data version: 447800, memory: 5053014016 bytes (4818.93 MB)
write base data version: 447900, memory: 5053014016 bytes (4818.93 MB)
write base data version: 448000, memory: 5070680064 bytes (4835.78 MB)
write base data version: 448100, memory: 5070700544 bytes (4835.80 MB)
write base data version: 448200, memory: 5070700544 bytes (4835.80 MB)
write base data version: 448300, memory: 5070700544 bytes (4835.80 MB)
write base data version: 448400, memory: 5070700544 bytes (4835.80 MB)
write base data version: 448500, memory: 5070700544 bytes (4835.80 MB)
write base data version: 448600, memory: 5070700544 bytes (4835.80 MB)
write base data version: 448700, memory: 5070700544 bytes (4835.80 MB)
write base data version: 448800, memory: 5070700544 bytes (4835.80 MB)
write base data version: 448900, memory: 5070700544 bytes (4835.80 MB)
write base data version: 449000, memory: 5070700544 bytes (4835.80 MB)
write base data version: 449100, memory: 5070700544 bytes (4835.80 MB)
write base data version: 449200, memory: 5070700544 bytes (4835.80 MB)
write base data version: 449300, memory: 5070700544 bytes (4835.80 MB)
write base data version: 449400, memory: 5070700544 bytes (4835.80 MB)
write base data version: 449500, memory: 5070700544 bytes (4835.80 MB)
write base data version: 449600, memory: 5070700544 bytes (4835.80 MB)
write base data version: 449700, memory: 5070700544 bytes (4835.80 MB)
write base data version: 449800, memory: 5070700544 bytes (4835.80 MB)
write base data version: 449900, memory: 5070700544 bytes (4835.80 MB)
write base data version: 450000, memory: 5070700544 bytes (4835.80 MB)
write base data version: 450100, memory: 5070700544 bytes (4835.80 MB)
write base data version: 450200, memory: 5070700544 bytes (4835.80 MB)
write base data version: 450300, memory: 5070700544 bytes (4835.80 MB)
write base data version: 450400, memory: 5070700544 bytes (4835.80 MB)
write base data version: 450500, memory: 5070700544 bytes (4835.80 MB)
write base data version: 450600, memory: 5070700544 bytes (4835.80 MB)
write base data version: 450700, memory: 5070700544 bytes (4835.80 MB)
write base data version: 450800, memory: 5070700544 bytes (4835.80 MB)
write base data version: 450900, memory: 5070700544 bytes (4835.80 MB)
write base data version: 451000, memory: 5070700544 bytes (4835.80 MB)
write base data version: 451100, memory: 5070700544 bytes (4835.80 MB)
write base data version: 451200, memory: 5070700544 bytes (4835.80 MB)
write base data version: 451300, memory: 5070700544 bytes (4835.80 MB)
write base data version: 451400, memory: 5070700544 bytes (4835.80 MB)
write base data version: 451500, memory: 5070700544 bytes (4835.80 MB)
write base data version: 451600, memory: 5070700544 bytes (4835.80 MB)
write base data version: 451700, memory: 5070700544 bytes (4835.80 MB)
write base data version: 451800, memory: 5070700544 bytes (4835.80 MB)
write base data version: 451900, memory: 5070700544 bytes (4835.80 MB)
write base data version: 452000, memory: 5070700544 bytes (4835.80 MB)
write base data version: 452100, memory: 5070700544 bytes (4835.80 MB)
write base data version: 452200, memory: 5070700544 bytes (4835.80 MB)
write base data version: 452300, memory: 5070700544 bytes (4835.80 MB)
write base data version: 452400, memory: 5070700544 bytes (4835.80 MB)
write base data version: 452500, memory: 5070700544 bytes (4835.80 MB)
write base data version: 452600, memory: 5070700544 bytes (4835.80 MB)
write base data version: 452700, memory: 5070700544 bytes (4835.80 MB)
write base data version: 452800, memory: 5070700544 bytes (4835.80 MB)
write base data version: 452900, memory: 5070700544 bytes (4835.80 MB)
write base data version: 453000, memory: 5070700544 bytes (4835.80 MB)
write base data version: 453100, memory: 5070700544 bytes (4835.80 MB)
write base data version: 453200, memory: 5070700544 bytes (4835.80 MB)
write base data version: 453300, memory: 5070700544 bytes (4835.80 MB)
write base data version: 453400, memory: 5070700544 bytes (4835.80 MB)
write base data version: 453500, memory: 5070700544 bytes (4835.80 MB)
write base data version: 453600, memory: 5070700544 bytes (4835.80 MB)
write base data version: 453700, memory: 5070700544 bytes (4835.80 MB)
write base data version: 453800, memory: 5070700544 bytes (4835.80 MB)
write base data version: 453900, memory: 5070700544 bytes (4835.80 MB)
write base data version: 454000, memory: 5070700544 bytes (4835.80 MB)
write base data version: 454100, memory: 5070700544 bytes (4835.80 MB)
write base data version: 454200, memory: 5070700544 bytes (4835.80 MB)
write base data version: 454300, memory: 5070700544 bytes (4835.80 MB)
write base data version: 454400, memory: 5070700544 bytes (4835.80 MB)
write base data version: 454500, memory: 5070700544 bytes (4835.80 MB)
write base data version: 454600, memory: 5070700544 bytes (4835.80 MB)
write base data version: 454700, memory: 5070700544 bytes (4835.80 MB)
write base data version: 454800, memory: 5070700544 bytes (4835.80 MB)
write base data version: 454900, memory: 5070700544 bytes (4835.80 MB)
write base data version: 455000, memory: 5070700544 bytes (4835.80 MB)
write base data version: 455100, memory: 5070700544 bytes (4835.80 MB)
write base data version: 455200, memory: 5070700544 bytes (4835.80 MB)
write base data version: 455300, memory: 5070700544 bytes (4835.80 MB)
write base data version: 455400, memory: 5070700544 bytes (4835.80 MB)
write base data version: 455500, memory: 5070700544 bytes (4835.80 MB)
write base data version: 455600, memory: 5070700544 bytes (4835.80 MB)
write base data version: 455700, memory: 5070700544 bytes (4835.80 MB)
write base data version: 455800, memory: 5070700544 bytes (4835.80 MB)
write base data version: 455900, memory: 5070700544 bytes (4835.80 MB)
write base data version: 456000, memory: 5070700544 bytes (4835.80 MB)
write base data version: 456100, memory: 5070700544 bytes (4835.80 MB)
write base data version: 456200, memory: 5070700544 bytes (4835.80 MB)
write base data version: 456300, memory: 5070700544 bytes (4835.80 MB)
write base data version: 456400, memory: 5070700544 bytes (4835.80 MB)
write base data version: 456500, memory: 5070700544 bytes (4835.80 MB)
write base data version: 456600, memory: 5070700544 bytes (4835.80 MB)
write base data version: 456700, memory: 5070700544 bytes (4835.80 MB)
write base data version: 456800, memory: 5070700544 bytes (4835.80 MB)
write base data version: 456900, memory: 5070700544 bytes (4835.80 MB)
write base data version: 457000, memory: 5070700544 bytes (4835.80 MB)
write base data version: 457100, memory: 5070700544 bytes (4835.80 MB)
write base data version: 457200, memory: 5070700544 bytes (4835.80 MB)
write base data version: 457300, memory: 5070700544 bytes (4835.80 MB)
write base data version: 457400, memory: 5070700544 bytes (4835.80 MB)
write base data version: 457500, memory: 5070700544 bytes (4835.80 MB)
write base data version: 457600, memory: 5070700544 bytes (4835.80 MB)
write base data version: 457700, memory: 5070700544 bytes (4835.80 MB)
write base data version: 457800, memory: 5070700544 bytes (4835.80 MB)
write base data version: 457900, memory: 5070700544 bytes (4835.80 MB)
write base data version: 458000, memory: 5070700544 bytes (4835.80 MB)
write base data version: 458100, memory: 5070700544 bytes (4835.80 MB)
write base data version: 458200, memory: 5070700544 bytes (4835.80 MB)
write base data version: 458300, memory: 5070700544 bytes (4835.80 MB)
write base data version: 458400, memory: 5070700544 bytes (4835.80 MB)
write base data version: 458500, memory: 5070700544 bytes (4835.80 MB)
write base data version: 458600, memory: 5070700544 bytes (4835.80 MB)
write base data version: 458700, memory: 5070700544 bytes (4835.80 MB)
write base data version: 458800, memory: 5070700544 bytes (4835.80 MB)
write base data version: 458900, memory: 5070700544 bytes (4835.80 MB)
write base data version: 459000, memory: 5070700544 bytes (4835.80 MB)
write base data version: 459100, memory: 5070700544 bytes (4835.80 MB)
write base data version: 459200, memory: 5070700544 bytes (4835.80 MB)
write base data version: 459300, memory: 5070700544 bytes (4835.80 MB)
write base data version: 459400, memory: 5070700544 bytes (4835.80 MB)
write base data version: 459500, memory: 5070700544 bytes (4835.80 MB)
write base data version: 459600, memory: 5070700544 bytes (4835.80 MB)
write base data version: 459700, memory: 5070700544 bytes (4835.80 MB)
write base data version: 459800, memory: 5070700544 bytes (4835.80 MB)
write base data version: 459900, memory: 5070700544 bytes (4835.80 MB)
write base data version: 460000, memory: 5070700544 bytes (4835.80 MB)
write base data version: 460100, memory: 5070700544 bytes (4835.80 MB)
write base data version: 460200, memory: 5070700544 bytes (4835.80 MB)
write base data version: 460300, memory: 5070700544 bytes (4835.80 MB)
write base data version: 460400, memory: 5070700544 bytes (4835.80 MB)
write base data version: 460500, memory: 5070700544 bytes (4835.80 MB)
write base data version: 460600, memory: 5070700544 bytes (4835.80 MB)
write base data version: 460700, memory: 5070700544 bytes (4835.80 MB)
write base data version: 460800, memory: 5070700544 bytes (4835.80 MB)
write base data version: 460900, memory: 5070700544 bytes (4835.80 MB)
write base data version: 461000, memory: 5070700544 bytes (4835.80 MB)
write base data version: 461100, memory: 5070700544 bytes (4835.80 MB)
write base data version: 461200, memory: 5070700544 bytes (4835.80 MB)
write base data version: 461300, memory: 5070700544 bytes (4835.80 MB)
write base data version: 461400, memory: 5070700544 bytes (4835.80 MB)
write base data version: 461500, memory: 5070700544 bytes (4835.80 MB)
write base data version: 461600, memory: 5070700544 bytes (4835.80 MB)
write base data version: 461700, memory: 5070700544 bytes (4835.80 MB)
write base data version: 461800, memory: 5070700544 bytes (4835.80 MB)
write base data version: 461900, memory: 5070700544 bytes (4835.80 MB)
write base data version: 462000, memory: 5070700544 bytes (4835.80 MB)
write base data version: 462100, memory: 5070700544 bytes (4835.80 MB)
write base data version: 462200, memory: 5070700544 bytes (4835.80 MB)
write base data version: 462300, memory: 5070700544 bytes (4835.80 MB)
write base data version: 462400, memory: 5070700544 bytes (4835.80 MB)
write base data version: 462500, memory: 5070700544 bytes (4835.80 MB)
write base data version: 462600, memory: 5070700544 bytes (4835.80 MB)
write base data version: 462700, memory: 5070700544 bytes (4835.80 MB)
write base data version: 462800, memory: 5070700544 bytes (4835.80 MB)
write base data version: 462900, memory: 5070700544 bytes (4835.80 MB)
write base data version: 463000, memory: 5070700544 bytes (4835.80 MB)
write base data version: 463100, memory: 5070700544 bytes (4835.80 MB)
write base data version: 463200, memory: 5070700544 bytes (4835.80 MB)
write base data version: 463300, memory: 5070700544 bytes (4835.80 MB)
write base data version: 463400, memory: 5070700544 bytes (4835.80 MB)
write base data version: 463500, memory: 5070700544 bytes (4835.80 MB)
write base data version: 463600, memory: 5070700544 bytes (4835.80 MB)
write base data version: 463700, memory: 5070700544 bytes (4835.80 MB)
write base data version: 463800, memory: 5070700544 bytes (4835.80 MB)
write base data version: 463900, memory: 5070700544 bytes (4835.80 MB)
write base data version: 464000, memory: 5070700544 bytes (4835.80 MB)
write base data version: 464100, memory: 5070700544 bytes (4835.80 MB)
write base data version: 464200, memory: 5070700544 bytes (4835.80 MB)
write base data version: 464300, memory: 5070700544 bytes (4835.80 MB)
write base data version: 464400, memory: 5070700544 bytes (4835.80 MB)
write base data version: 464500, memory: 5070700544 bytes (4835.80 MB)
write base data version: 464600, memory: 5070700544 bytes (4835.80 MB)
write base data version: 464700, memory: 5070700544 bytes (4835.80 MB)
write base data version: 464800, memory: 5070700544 bytes (4835.80 MB)
write base data version: 464900, memory: 5070700544 bytes (4835.80 MB)
write base data version: 465000, memory: 5070700544 bytes (4835.80 MB)
write base data version: 465100, memory: 5070700544 bytes (4835.80 MB)
write base data version: 465200, memory: 5070700544 bytes (4835.80 MB)
write base data version: 465300, memory: 5070700544 bytes (4835.80 MB)
write base data version: 465400, memory: 5070700544 bytes (4835.80 MB)
write base data version: 465500, memory: 5070700544 bytes (4835.80 MB)
write base data version: 465600, memory: 5070700544 bytes (4835.80 MB)
write base data version: 465700, memory: 5070700544 bytes (4835.80 MB)
write base data version: 465800, memory: 5070700544 bytes (4835.80 MB)
write base data version: 465900, memory: 5070700544 bytes (4835.80 MB)
write base data version: 466000, memory: 5070700544 bytes (4835.80 MB)
write base data version: 466100, memory: 5070700544 bytes (4835.80 MB)
write base data version: 466200, memory: 5070700544 bytes (4835.80 MB)
write base data version: 466300, memory: 5070700544 bytes (4835.80 MB)
write base data version: 466400, memory: 5070700544 bytes (4835.80 MB)
write base data version: 466500, memory: 5070700544 bytes (4835.80 MB)
write base data version: 466600, memory: 5070700544 bytes (4835.80 MB)
write base data version: 466700, memory: 5070700544 bytes (4835.80 MB)
write base data version: 466800, memory: 5070700544 bytes (4835.80 MB)
write base data version: 466900, memory: 5070700544 bytes (4835.80 MB)
write base data version: 467000, memory: 5070700544 bytes (4835.80 MB)
write base data version: 467100, memory: 5070700544 bytes (4835.80 MB)
write base data version: 467200, memory: 5070700544 bytes (4835.80 MB)
write base data version: 467300, memory: 5070700544 bytes (4835.80 MB)
write base data version: 467400, memory: 5070700544 bytes (4835.80 MB)
write base data version: 467500, memory: 5070700544 bytes (4835.80 MB)
write base data version: 467600, memory: 5070700544 bytes (4835.80 MB)
write base data version: 467700, memory: 5070700544 bytes (4835.80 MB)
write base data version: 467800, memory: 5070700544 bytes (4835.80 MB)
write base data version: 467900, memory: 5070700544 bytes (4835.80 MB)
write base data version: 468000, memory: 5070700544 bytes (4835.80 MB)
write base data version: 468100, memory: 5070700544 bytes (4835.80 MB)
write base data version: 468200, memory: 5070700544 bytes (4835.80 MB)
write base data version: 468300, memory: 5070700544 bytes (4835.80 MB)
write base data version: 468400, memory: 5070700544 bytes (4835.80 MB)
write base data version: 468500, memory: 5070700544 bytes (4835.80 MB)
write base data version: 468600, memory: 5070700544 bytes (4835.80 MB)
write base data version: 468700, memory: 5070700544 bytes (4835.80 MB)
write base data version: 468800, memory: 5070700544 bytes (4835.80 MB)
write base data version: 468900, memory: 5070700544 bytes (4835.80 MB)
write base data version: 469000, memory: 5070700544 bytes (4835.80 MB)
write base data version: 469100, memory: 5070700544 bytes (4835.80 MB)
write base data version: 469200, memory: 5070700544 bytes (4835.80 MB)
write base data version: 469300, memory: 5070700544 bytes (4835.80 MB)
write base data version: 469400, memory: 5070700544 bytes (4835.80 MB)
write base data version: 469500, memory: 5070700544 bytes (4835.80 MB)
write base data version: 469600, memory: 5070700544 bytes (4835.80 MB)
write base data version: 469700, memory: 5070700544 bytes (4835.80 MB)
write base data version: 469800, memory: 5070700544 bytes (4835.80 MB)
write base data version: 469900, memory: 5070700544 bytes (4835.80 MB)
write base data version: 470000, memory: 5070700544 bytes (4835.80 MB)
write base data version: 470100, memory: 5070700544 bytes (4835.80 MB)
write base data version: 470200, memory: 5070700544 bytes (4835.80 MB)
write base data version: 470300, memory: 5070700544 bytes (4835.80 MB)
write base data version: 470400, memory: 5070700544 bytes (4835.80 MB)
write base data version: 470500, memory: 5070700544 bytes (4835.80 MB)
write base data version: 470600, memory: 5070700544 bytes (4835.80 MB)
write base data version: 470700, memory: 5070700544 bytes (4835.80 MB)
write base data version: 470800, memory: 5070700544 bytes (4835.80 MB)
write base data version: 470900, memory: 5070700544 bytes (4835.80 MB)
write base data version: 471000, memory: 5070700544 bytes (4835.80 MB)
write base data version: 471100, memory: 5070700544 bytes (4835.80 MB)
write base data version: 471200, memory: 5070700544 bytes (4835.80 MB)
write base data version: 471300, memory: 5070700544 bytes (4835.80 MB)
write base data version: 471400, memory: 5070700544 bytes (4835.80 MB)
write base data version: 471500, memory: 5070700544 bytes (4835.80 MB)
write base data version: 471600, memory: 5070700544 bytes (4835.80 MB)
write base data version: 471700, memory: 5070700544 bytes (4835.80 MB)
write base data version: 471800, memory: 5070700544 bytes (4835.80 MB)
write base data version: 471900, memory: 5070700544 bytes (4835.80 MB)
write base data version: 472000, memory: 5070700544 bytes (4835.80 MB)
write base data version: 472100, memory: 5070700544 bytes (4835.80 MB)
write base data version: 472200, memory: 5070700544 bytes (4835.80 MB)
write base data version: 472300, memory: 5070700544 bytes (4835.80 MB)
write base data version: 472400, memory: 5070700544 bytes (4835.80 MB)
write base data version: 472500, memory: 5070700544 bytes (4835.80 MB)
write base data version: 472600, memory: 5070700544 bytes (4835.80 MB)
write base data version: 472700, memory: 5070700544 bytes (4835.80 MB)
write base data version: 472800, memory: 5070700544 bytes (4835.80 MB)
write base data version: 472900, memory: 5070700544 bytes (4835.80 MB)
write base data version: 473000, memory: 5070700544 bytes (4835.80 MB)
write base data version: 473100, memory: 5070700544 bytes (4835.80 MB)
write base data version: 473200, memory: 5070700544 bytes (4835.80 MB)
write base data version: 473300, memory: 5070700544 bytes (4835.80 MB)
write base data version: 473400, memory: 5070700544 bytes (4835.80 MB)
write base data version: 473500, memory: 5070700544 bytes (4835.80 MB)
write base data version: 473600, memory: 5070700544 bytes (4835.80 MB)
write base data version: 473700, memory: 5070700544 bytes (4835.80 MB)
write base data version: 473800, memory: 5070700544 bytes (4835.80 MB)
write base data version: 473900, memory: 5070700544 bytes (4835.80 MB)
write base data version: 474000, memory: 5070700544 bytes (4835.80 MB)
write base data version: 474100, memory: 5070700544 bytes (4835.80 MB)
write base data version: 474200, memory: 5070700544 bytes (4835.80 MB)
write base data version: 474300, memory: 5070700544 bytes (4835.80 MB)
write base data version: 474400, memory: 5070700544 bytes (4835.80 MB)
write base data version: 474500, memory: 5070700544 bytes (4835.80 MB)
write base data version: 474600, memory: 5070700544 bytes (4835.80 MB)
write base data version: 474700, memory: 5070700544 bytes (4835.80 MB)
write base data version: 474800, memory: 5070700544 bytes (4835.80 MB)
write base data version: 474900, memory: 5070700544 bytes (4835.80 MB)
write base data version: 475000, memory: 5070700544 bytes (4835.80 MB)
write base data version: 475100, memory: 5070700544 bytes (4835.80 MB)
write base data version: 475200, memory: 5070700544 bytes (4835.80 MB)
write base data version: 475300, memory: 5070700544 bytes (4835.80 MB)
write base data version: 475400, memory: 5070700544 bytes (4835.80 MB)
write base data version: 475500, memory: 5070700544 bytes (4835.80 MB)
write base data version: 475600, memory: 5070700544 bytes (4835.80 MB)
write base data version: 475700, memory: 5070700544 bytes (4835.80 MB)
write base data version: 475800, memory: 5070700544 bytes (4835.80 MB)
write base data version: 475900, memory: 5070700544 bytes (4835.80 MB)
write base data version: 476000, memory: 5070700544 bytes (4835.80 MB)
write base data version: 476100, memory: 5070700544 bytes (4835.80 MB)
write base data version: 476200, memory: 5070700544 bytes (4835.80 MB)
write base data version: 476300, memory: 5070700544 bytes (4835.80 MB)
write base data version: 476400, memory: 5070700544 bytes (4835.80 MB)
write base data version: 476500, memory: 5070700544 bytes (4835.80 MB)
write base data version: 476600, memory: 5070700544 bytes (4835.80 MB)
write base data version: 476700, memory: 5070700544 bytes (4835.80 MB)
write base data version: 476800, memory: 5070700544 bytes (4835.80 MB)
write base data version: 476900, memory: 5070700544 bytes (4835.80 MB)
write base data version: 477000, memory: 5070700544 bytes (4835.80 MB)
write base data version: 477100, memory: 5070700544 bytes (4835.80 MB)
write base data version: 477200, memory: 5070700544 bytes (4835.80 MB)
write base data version: 477300, memory: 5070700544 bytes (4835.80 MB)
write base data version: 477400, memory: 5070700544 bytes (4835.80 MB)
write base data version: 477500, memory: 5070700544 bytes (4835.80 MB)
write base data version: 477600, memory: 5070700544 bytes (4835.80 MB)
write base data version: 477700, memory: 5070700544 bytes (4835.80 MB)
write base data version: 477800, memory: 5070700544 bytes (4835.80 MB)
write base data version: 477900, memory: 5070700544 bytes (4835.80 MB)
write base data version: 478000, memory: 5070700544 bytes (4835.80 MB)
write base data version: 478100, memory: 5070700544 bytes (4835.80 MB)
write base data version: 478200, memory: 5070700544 bytes (4835.80 MB)
write base data version: 478300, memory: 5070700544 bytes (4835.80 MB)
write base data version: 478400, memory: 5070700544 bytes (4835.80 MB)
write base data version: 478500, memory: 5070700544 bytes (4835.80 MB)
write base data version: 478600, memory: 5070700544 bytes (4835.80 MB)
write base data version: 478700, memory: 5070700544 bytes (4835.80 MB)
write base data version: 478800, memory: 5070700544 bytes (4835.80 MB)
write base data version: 478900, memory: 5070700544 bytes (4835.80 MB)
write base data version: 479000, memory: 5070700544 bytes (4835.80 MB)
write base data version: 479100, memory: 5070700544 bytes (4835.80 MB)
write base data version: 479200, memory: 5070700544 bytes (4835.80 MB)
write base data version: 479300, memory: 5070700544 bytes (4835.80 MB)
write base data version: 479400, memory: 5070700544 bytes (4835.80 MB)
write base data version: 479500, memory: 5070700544 bytes (4835.80 MB)
write base data version: 479600, memory: 5070700544 bytes (4835.80 MB)
write base data version: 479700, memory: 5070700544 bytes (4835.80 MB)
write base data version: 479800, memory: 5070700544 bytes (4835.80 MB)
write base data version: 479900, memory: 5070700544 bytes (4835.80 MB)
write base data version: 480000, memory: 5070700544 bytes (4835.80 MB)
write base data version: 480100, memory: 5070700544 bytes (4835.80 MB)
write base data version: 480200, memory: 5070700544 bytes (4835.80 MB)
write base data version: 480300, memory: 5070700544 bytes (4835.80 MB)
write base data version: 480400, memory: 5070700544 bytes (4835.80 MB)
write base data version: 480500, memory: 5070700544 bytes (4835.80 MB)
write base data version: 480600, memory: 5070700544 bytes (4835.80 MB)
write base data version: 480700, memory: 5070700544 bytes (4835.80 MB)
write base data version: 480800, memory: 5070700544 bytes (4835.80 MB)
write base data version: 480900, memory: 5070700544 bytes (4835.80 MB)
write base data version: 481000, memory: 5070700544 bytes (4835.80 MB)
write base data version: 481100, memory: 5070700544 bytes (4835.80 MB)
write base data version: 481200, memory: 5070700544 bytes (4835.80 MB)
write base data version: 481300, memory: 5070700544 bytes (4835.80 MB)
write base data version: 481400, memory: 5070700544 bytes (4835.80 MB)
write base data version: 481500, memory: 5070700544 bytes (4835.80 MB)
write base data version: 481600, memory: 5070700544 bytes (4835.80 MB)
write base data version: 481700, memory: 5070700544 bytes (4835.80 MB)
write base data version: 481800, memory: 5070700544 bytes (4835.80 MB)
write base data version: 481900, memory: 5070700544 bytes (4835.80 MB)
write base data version: 482000, memory: 5070700544 bytes (4835.80 MB)
write base data version: 482100, memory: 5070700544 bytes (4835.80 MB)
write base data version: 482200, memory: 5070700544 bytes (4835.80 MB)
write base data version: 482300, memory: 5070700544 bytes (4835.80 MB)
write base data version: 482400, memory: 5070700544 bytes (4835.80 MB)
write base data version: 482500, memory: 5070700544 bytes (4835.80 MB)
write base data version: 482600, memory: 5070700544 bytes (4835.80 MB)
write base data version: 482700, memory: 5070700544 bytes (4835.80 MB)
write base data version: 482800, memory: 5070700544 bytes (4835.80 MB)
write base data version: 482900, memory: 5070700544 bytes (4835.80 MB)
write base data version: 483000, memory: 5070700544 bytes (4835.80 MB)
write base data version: 483100, memory: 5070700544 bytes (4835.80 MB)
write base data version: 483200, memory: 5070700544 bytes (4835.80 MB)
write base data version: 483300, memory: 5070700544 bytes (4835.80 MB)
write base data version: 483400, memory: 5070700544 bytes (4835.80 MB)
write base data version: 483500, memory: 5070700544 bytes (4835.80 MB)
write base data version: 483600, memory: 5070700544 bytes (4835.80 MB)
write base data version: 483700, memory: 5070700544 bytes (4835.80 MB)
write base data version: 483800, memory: 5070700544 bytes (4835.80 MB)
write base data version: 483900, memory: 5070700544 bytes (4835.80 MB)
write base data version: 484000, memory: 5070700544 bytes (4835.80 MB)
write base data version: 484100, memory: 5070700544 bytes (4835.80 MB)
write base data version: 484200, memory: 5070700544 bytes (4835.80 MB)
write base data version: 484300, memory: 5070700544 bytes (4835.80 MB)
write base data version: 484400, memory: 5070700544 bytes (4835.80 MB)
write base data version: 484500, memory: 5070700544 bytes (4835.80 MB)
write base data version: 484600, memory: 5070700544 bytes (4835.80 MB)
write base data version: 484700, memory: 5070700544 bytes (4835.80 MB)
write base data version: 484800, memory: 5070700544 bytes (4835.80 MB)
write base data version: 484900, memory: 5091487744 bytes (4855.62 MB)
write base data version: 485000, memory: 5099646976 bytes (4863.40 MB)
write base data version: 485100, memory: 5099646976 bytes (4863.40 MB)
write base data version: 485200, memory: 5099646976 bytes (4863.40 MB)
write base data version: 485300, memory: 5099646976 bytes (4863.40 MB)
write base data version: 485400, memory: 5099646976 bytes (4863.40 MB)
write base data version: 485500, memory: 5099646976 bytes (4863.40 MB)
write base data version: 485600, memory: 5099646976 bytes (4863.40 MB)
write base data version: 485700, memory: 5099646976 bytes (4863.40 MB)
write base data version: 485800, memory: 5099646976 bytes (4863.40 MB)
write base data version: 485900, memory: 5099646976 bytes (4863.40 MB)
write base data version: 486000, memory: 5099646976 bytes (4863.40 MB)
write base data version: 486100, memory: 5099646976 bytes (4863.40 MB)
write base data version: 486200, memory: 5099646976 bytes (4863.40 MB)
write base data version: 486300, memory: 5099646976 bytes (4863.40 MB)
write base data version: 486400, memory: 5099646976 bytes (4863.40 MB)
write base data version: 486500, memory: 5099646976 bytes (4863.40 MB)
write base data version: 486600, memory: 5099646976 bytes (4863.40 MB)
write base data version: 486700, memory: 5099646976 bytes (4863.40 MB)
write base data version: 486800, memory: 5099646976 bytes (4863.40 MB)
write base data version: 486900, memory: 5099646976 bytes (4863.40 MB)
write base data version: 487000, memory: 5099646976 bytes (4863.40 MB)
write base data version: 487100, memory: 5099646976 bytes (4863.40 MB)
write base data version: 487200, memory: 5099646976 bytes (4863.40 MB)
write base data version: 487300, memory: 5099646976 bytes (4863.40 MB)
write base data version: 487400, memory: 5099646976 bytes (4863.40 MB)
write base data version: 487500, memory: 5099646976 bytes (4863.40 MB)
write base data version: 487600, memory: 5099646976 bytes (4863.40 MB)
write base data version: 487700, memory: 5099646976 bytes (4863.40 MB)
write base data version: 487800, memory: 5099646976 bytes (4863.40 MB)
write base data version: 487900, memory: 5099646976 bytes (4863.40 MB)
write base data version: 488000, memory: 5099646976 bytes (4863.40 MB)
write base data version: 488100, memory: 5099646976 bytes (4863.40 MB)
write base data version: 488200, memory: 5099646976 bytes (4863.40 MB)
write base data version: 488300, memory: 5099646976 bytes (4863.40 MB)
write base data version: 488400, memory: 5099646976 bytes (4863.40 MB)
write base data version: 488500, memory: 5099646976 bytes (4863.40 MB)
write base data version: 488600, memory: 5099646976 bytes (4863.40 MB)
write base data version: 488700, memory: 5099646976 bytes (4863.40 MB)
write base data version: 488800, memory: 5099646976 bytes (4863.40 MB)
write base data version: 488900, memory: 5099646976 bytes (4863.40 MB)
write base data version: 489000, memory: 5099646976 bytes (4863.40 MB)
write base data version: 489100, memory: 5099646976 bytes (4863.40 MB)
write base data version: 489200, memory: 5099646976 bytes (4863.40 MB)
write base data version: 489300, memory: 5099646976 bytes (4863.40 MB)
write base data version: 489400, memory: 5099646976 bytes (4863.40 MB)
write base data version: 489500, memory: 5099646976 bytes (4863.40 MB)
write base data version: 489600, memory: 5099646976 bytes (4863.40 MB)
write base data version: 489700, memory: 5099646976 bytes (4863.40 MB)
write base data version: 489800, memory: 5099646976 bytes (4863.40 MB)
write base data version: 489900, memory: 5099646976 bytes (4863.40 MB)
write base data version: 490000, memory: 5099646976 bytes (4863.40 MB)
write base data version: 490100, memory: 5099646976 bytes (4863.40 MB)
write base data version: 490200, memory: 5099646976 bytes (4863.40 MB)
write base data version: 490300, memory: 5099646976 bytes (4863.40 MB)
write base data version: 490400, memory: 5099646976 bytes (4863.40 MB)
write base data version: 490500, memory: 5099646976 bytes (4863.40 MB)
write base data version: 490600, memory: 5099646976 bytes (4863.40 MB)
write base data version: 490700, memory: 5099646976 bytes (4863.40 MB)
write base data version: 490800, memory: 5099646976 bytes (4863.40 MB)
write base data version: 490900, memory: 5099646976 bytes (4863.40 MB)
write base data version: 491000, memory: 5099646976 bytes (4863.40 MB)
write base data version: 491100, memory: 5099646976 bytes (4863.40 MB)
write base data version: 491200, memory: 5099646976 bytes (4863.40 MB)
write base data version: 491300, memory: 5099646976 bytes (4863.40 MB)
write base data version: 491400, memory: 5099646976 bytes (4863.40 MB)
write base data version: 491500, memory: 5099646976 bytes (4863.40 MB)
write base data version: 491600, memory: 5099646976 bytes (4863.40 MB)
write base data version: 491700, memory: 5099646976 bytes (4863.40 MB)
write base data version: 491800, memory: 5099646976 bytes (4863.40 MB)
write base data version: 491900, memory: 5099646976 bytes (4863.40 MB)
write base data version: 492000, memory: 5099646976 bytes (4863.40 MB)
write base data version: 492100, memory: 5099646976 bytes (4863.40 MB)
write base data version: 492200, memory: 5099646976 bytes (4863.40 MB)
write base data version: 492300, memory: 5099646976 bytes (4863.40 MB)
write base data version: 492400, memory: 5099646976 bytes (4863.40 MB)
write base data version: 492500, memory: 5099646976 bytes (4863.40 MB)
write base data version: 492600, memory: 5099646976 bytes (4863.40 MB)
write base data version: 492700, memory: 5099646976 bytes (4863.40 MB)
write base data version: 492800, memory: 5099646976 bytes (4863.40 MB)
write base data version: 492900, memory: 5099646976 bytes (4863.40 MB)
write base data version: 493000, memory: 5099646976 bytes (4863.40 MB)
write base data version: 493100, memory: 5099646976 bytes (4863.40 MB)
write base data version: 493200, memory: 5099646976 bytes (4863.40 MB)
write base data version: 493300, memory: 5099646976 bytes (4863.40 MB)
write base data version: 493400, memory: 5099646976 bytes (4863.40 MB)
write base data version: 493500, memory: 5099646976 bytes (4863.40 MB)
write base data version: 493600, memory: 5099646976 bytes (4863.40 MB)
write base data version: 493700, memory: 5099646976 bytes (4863.40 MB)
write base data version: 493800, memory: 5099646976 bytes (4863.40 MB)
write base data version: 493900, memory: 5099646976 bytes (4863.40 MB)
write base data version: 494000, memory: 5099646976 bytes (4863.40 MB)
write base data version: 494100, memory: 5099646976 bytes (4863.40 MB)
write base data version: 494200, memory: 5099646976 bytes (4863.40 MB)
write base data version: 494300, memory: 5099646976 bytes (4863.40 MB)
write base data version: 494400, memory: 5099646976 bytes (4863.40 MB)
write base data version: 494500, memory: 5099646976 bytes (4863.40 MB)
write base data version: 494600, memory: 5099646976 bytes (4863.40 MB)
write base data version: 494700, memory: 5099646976 bytes (4863.40 MB)
write base data version: 494800, memory: 5099646976 bytes (4863.40 MB)
write base data version: 494900, memory: 5099646976 bytes (4863.40 MB)
write base data version: 495000, memory: 5099646976 bytes (4863.40 MB)
write base data version: 495100, memory: 5099646976 bytes (4863.40 MB)
write base data version: 495200, memory: 5099646976 bytes (4863.40 MB)
write base data version: 495300, memory: 5099646976 bytes (4863.40 MB)
write base data version: 495400, memory: 5099646976 bytes (4863.40 MB)
write base data version: 495500, memory: 5099646976 bytes (4863.40 MB)
write base data version: 495600, memory: 5099646976 bytes (4863.40 MB)
write base data version: 495700, memory: 5099646976 bytes (4863.40 MB)
write base data version: 495800, memory: 5099646976 bytes (4863.40 MB)
write base data version: 495900, memory: 5099646976 bytes (4863.40 MB)
write base data version: 496000, memory: 5099646976 bytes (4863.40 MB)
write base data version: 496100, memory: 5099646976 bytes (4863.40 MB)
write base data version: 496200, memory: 5099646976 bytes (4863.40 MB)
write base data version: 496300, memory: 5099646976 bytes (4863.40 MB)
write base data version: 496400, memory: 5099646976 bytes (4863.40 MB)
write base data version: 496500, memory: 5099646976 bytes (4863.40 MB)
write base data version: 496600, memory: 5099646976 bytes (4863.40 MB)
write base data version: 496700, memory: 5099646976 bytes (4863.40 MB)
write base data version: 496800, memory: 5099646976 bytes (4863.40 MB)
write base data version: 496900, memory: 5099646976 bytes (4863.40 MB)
write base data version: 497000, memory: 5099646976 bytes (4863.40 MB)
write base data version: 497100, memory: 5099646976 bytes (4863.40 MB)
write base data version: 497200, memory: 5099646976 bytes (4863.40 MB)
write base data version: 497300, memory: 5099646976 bytes (4863.40 MB)
write base data version: 497400, memory: 5099646976 bytes (4863.40 MB)
write base data version: 497500, memory: 5099646976 bytes (4863.40 MB)
write base data version: 497600, memory: 5099646976 bytes (4863.40 MB)
write base data version: 497700, memory: 5099646976 bytes (4863.40 MB)
write base data version: 497800, memory: 5099646976 bytes (4863.40 MB)
write base data version: 497900, memory: 5099646976 bytes (4863.40 MB)
write base data version: 498000, memory: 5099646976 bytes (4863.40 MB)
write base data version: 498100, memory: 5099646976 bytes (4863.40 MB)
write base data version: 498200, memory: 5099646976 bytes (4863.40 MB)
write base data version: 498300, memory: 5099646976 bytes (4863.40 MB)
write base data version: 498400, memory: 5099646976 bytes (4863.40 MB)
write base data version: 498500, memory: 5099646976 bytes (4863.40 MB)
write base data version: 498600, memory: 5099646976 bytes (4863.40 MB)
write base data version: 498700, memory: 5099646976 bytes (4863.40 MB)
write base data version: 498800, memory: 5099646976 bytes (4863.40 MB)
write base data version: 498900, memory: 5099646976 bytes (4863.40 MB)
write base data version: 499000, memory: 5099646976 bytes (4863.40 MB)
write base data version: 499100, memory: 5099646976 bytes (4863.40 MB)
write base data version: 499200, memory: 5099646976 bytes (4863.40 MB)
write base data version: 499300, memory: 5099646976 bytes (4863.40 MB)
write base data version: 499400, memory: 5099646976 bytes (4863.40 MB)
write base data version: 499500, memory: 5099646976 bytes (4863.40 MB)
write base data version: 499600, memory: 5099646976 bytes (4863.40 MB)
write base data version: 499700, memory: 5099646976 bytes (4863.40 MB)
write base data version: 499800, memory: 5099646976 bytes (4863.40 MB)
write base data version: 499900, memory: 5099646976 bytes (4863.40 MB)
write base data version: 500000, memory: 5099646976 bytes (4863.40 MB)
write base data version: 500100, memory: 5099646976 bytes (4863.40 MB)
write base data version: 500200, memory: 5099646976 bytes (4863.40 MB)
write base data version: 500300, memory: 5099646976 bytes (4863.40 MB)
write base data version: 500400, memory: 5099646976 bytes (4863.40 MB)
write base data version: 500500, memory: 5099646976 bytes (4863.40 MB)
write base data version: 500600, memory: 5099646976 bytes (4863.40 MB)
write base data version: 500700, memory: 5099646976 bytes (4863.40 MB)
write base data version: 500800, memory: 5099646976 bytes (4863.40 MB)
write base data version: 500900, memory: 5099646976 bytes (4863.40 MB)
write base data version: 501000, memory: 5099646976 bytes (4863.40 MB)
write base data version: 501100, memory: 5099646976 bytes (4863.40 MB)
write base data version: 501200, memory: 5099646976 bytes (4863.40 MB)
write base data version: 501300, memory: 5099646976 bytes (4863.40 MB)
write base data version: 501400, memory: 5099646976 bytes (4863.40 MB)
write base data version: 501500, memory: 5099646976 bytes (4863.40 MB)
write base data version: 501600, memory: 5099646976 bytes (4863.40 MB)
write base data version: 501700, memory: 5099646976 bytes (4863.40 MB)
write base data version: 501800, memory: 5099646976 bytes (4863.40 MB)
write base data version: 501900, memory: 5099646976 bytes (4863.40 MB)
write base data version: 502000, memory: 5099646976 bytes (4863.40 MB)
write base data version: 502100, memory: 5099646976 bytes (4863.40 MB)
write base data version: 502200, memory: 5099646976 bytes (4863.40 MB)
write base data version: 502300, memory: 5099646976 bytes (4863.40 MB)
write base data version: 502400, memory: 5099646976 bytes (4863.40 MB)
write base data version: 502500, memory: 5099646976 bytes (4863.40 MB)
write base data version: 502600, memory: 5099646976 bytes (4863.40 MB)
write base data version: 502700, memory: 5099646976 bytes (4863.40 MB)
write base data version: 502800, memory: 5099646976 bytes (4863.40 MB)
write base data version: 502900, memory: 5099646976 bytes (4863.40 MB)
write base data version: 503000, memory: 5099646976 bytes (4863.40 MB)
write base data version: 503100, memory: 5099646976 bytes (4863.40 MB)
write base data version: 503200, memory: 5099646976 bytes (4863.40 MB)
write base data version: 503300, memory: 5099646976 bytes (4863.40 MB)
write base data version: 503400, memory: 5099646976 bytes (4863.40 MB)
write base data version: 503500, memory: 5099646976 bytes (4863.40 MB)
write base data version: 503600, memory: 5099646976 bytes (4863.40 MB)
write base data version: 503700, memory: 5099646976 bytes (4863.40 MB)
write base data version: 503800, memory: 5099646976 bytes (4863.40 MB)
write base data version: 503900, memory: 5099646976 bytes (4863.40 MB)
write base data version: 504000, memory: 5099646976 bytes (4863.40 MB)
write base data version: 504100, memory: 5099646976 bytes (4863.40 MB)
write base data version: 504200, memory: 5099646976 bytes (4863.40 MB)
write base data version: 504300, memory: 5099646976 bytes (4863.40 MB)
write base data version: 504400, memory: 5099646976 bytes (4863.40 MB)
write base data version: 504500, memory: 5099646976 bytes (4863.40 MB)
write base data version: 504600, memory: 5099646976 bytes (4863.40 MB)
write base data version: 504700, memory: 5099646976 bytes (4863.40 MB)
write base data version: 504800, memory: 5099646976 bytes (4863.40 MB)
write base data version: 504900, memory: 5099646976 bytes (4863.40 MB)
write base data version: 505000, memory: 5099646976 bytes (4863.40 MB)
write base data version: 505100, memory: 5099646976 bytes (4863.40 MB)
write base data version: 505200, memory: 5099646976 bytes (4863.40 MB)
write base data version: 505300, memory: 5099646976 bytes (4863.40 MB)
write base data version: 505400, memory: 5099646976 bytes (4863.40 MB)
write base data version: 505500, memory: 5099646976 bytes (4863.40 MB)
write base data version: 505600, memory: 5099646976 bytes (4863.40 MB)
write base data version: 505700, memory: 5099646976 bytes (4863.40 MB)
write base data version: 505800, memory: 5099646976 bytes (4863.40 MB)
write base data version: 505900, memory: 5099646976 bytes (4863.40 MB)
write base data version: 506000, memory: 5099646976 bytes (4863.40 MB)
write base data version: 506100, memory: 5099646976 bytes (4863.40 MB)
write base data version: 506200, memory: 5099646976 bytes (4863.40 MB)
write base data version: 506300, memory: 5099646976 bytes (4863.40 MB)
write base data version: 506400, memory: 5099646976 bytes (4863.40 MB)
write base data version: 506500, memory: 5099646976 bytes (4863.40 MB)
write base data version: 506600, memory: 5099646976 bytes (4863.40 MB)
write base data version: 506700, memory: 5099646976 bytes (4863.40 MB)
write base data version: 506800, memory: 5099646976 bytes (4863.40 MB)
write base data version: 506900, memory: 5099646976 bytes (4863.40 MB)
write base data version: 507000, memory: 5099646976 bytes (4863.40 MB)
write base data version: 507100, memory: 5099646976 bytes (4863.40 MB)
write base data version: 507200, memory: 5099646976 bytes (4863.40 MB)
write base data version: 507300, memory: 5099646976 bytes (4863.40 MB)
write base data version: 507400, memory: 5099646976 bytes (4863.40 MB)
write base data version: 507500, memory: 5099646976 bytes (4863.40 MB)
write base data version: 507600, memory: 5099646976 bytes (4863.40 MB)
write base data version: 507700, memory: 5099646976 bytes (4863.40 MB)
write base data version: 507800, memory: 5099646976 bytes (4863.40 MB)
write base data version: 507900, memory: 5099646976 bytes (4863.40 MB)
write base data version: 508000, memory: 5099646976 bytes (4863.40 MB)
write base data version: 508100, memory: 5099646976 bytes (4863.40 MB)
write base data version: 508200, memory: 5099646976 bytes (4863.40 MB)
write base data version: 508300, memory: 5099646976 bytes (4863.40 MB)
write base data version: 508400, memory: 5099646976 bytes (4863.40 MB)
write base data version: 508500, memory: 5099646976 bytes (4863.40 MB)
write base data version: 508600, memory: 5099646976 bytes (4863.40 MB)
write base data version: 508700, memory: 5099646976 bytes (4863.40 MB)
write base data version: 508800, memory: 5099646976 bytes (4863.40 MB)
write base data version: 508900, memory: 5099646976 bytes (4863.40 MB)
write base data version: 509000, memory: 5099646976 bytes (4863.40 MB)
write base data version: 509100, memory: 5099646976 bytes (4863.40 MB)
write base data version: 509200, memory: 5099646976 bytes (4863.40 MB)
write base data version: 509300, memory: 5099646976 bytes (4863.40 MB)
write base data version: 509400, memory: 5099646976 bytes (4863.40 MB)
write base data version: 509500, memory: 5099646976 bytes (4863.40 MB)
write base data version: 509600, memory: 5099646976 bytes (4863.40 MB)
write base data version: 509700, memory: 5099646976 bytes (4863.40 MB)
write base data version: 509800, memory: 5099646976 bytes (4863.40 MB)
write base data version: 509900, memory: 5099646976 bytes (4863.40 MB)
write base data version: 510000, memory: 5099646976 bytes (4863.40 MB)
write base data version: 510100, memory: 5099646976 bytes (4863.40 MB)
write base data version: 510200, memory: 5099646976 bytes (4863.40 MB)
write base data version: 510300, memory: 5099646976 bytes (4863.40 MB)
write base data version: 510400, memory: 5099646976 bytes (4863.40 MB)
write base data version: 510500, memory: 5099646976 bytes (4863.40 MB)
write base data version: 510600, memory: 5099646976 bytes (4863.40 MB)
write base data version: 510700, memory: 5099646976 bytes (4863.40 MB)
write base data version: 510800, memory: 5099646976 bytes (4863.40 MB)
write base data version: 510900, memory: 5099646976 bytes (4863.40 MB)
write base data version: 511000, memory: 5099646976 bytes (4863.40 MB)
write base data version: 511100, memory: 5099646976 bytes (4863.40 MB)
write base data version: 511200, memory: 5099646976 bytes (4863.40 MB)
write base data version: 511300, memory: 5099646976 bytes (4863.40 MB)
write base data version: 511400, memory: 5099646976 bytes (4863.40 MB)
write base data version: 511500, memory: 5099646976 bytes (4863.40 MB)
write base data version: 511600, memory: 5099646976 bytes (4863.40 MB)
write base data version: 511700, memory: 5099646976 bytes (4863.40 MB)
write base data version: 511800, memory: 5099646976 bytes (4863.40 MB)
write base data version: 511900, memory: 5099646976 bytes (4863.40 MB)
write base data version: 512000, memory: 5099646976 bytes (4863.40 MB)
write base data version: 512100, memory: 5099646976 bytes (4863.40 MB)
write base data version: 512200, memory: 5099646976 bytes (4863.40 MB)
write base data version: 512300, memory: 5099646976 bytes (4863.40 MB)
write base data version: 512400, memory: 5099646976 bytes (4863.40 MB)
write base data version: 512500, memory: 5099646976 bytes (4863.40 MB)
write base data version: 512600, memory: 5099646976 bytes (4863.40 MB)
write base data version: 512700, memory: 5099646976 bytes (4863.40 MB)
write base data version: 512800, memory: 5099646976 bytes (4863.40 MB)
write base data version: 512900, memory: 5099646976 bytes (4863.40 MB)
write base data version: 513000, memory: 5099646976 bytes (4863.40 MB)
write base data version: 513100, memory: 5099646976 bytes (4863.40 MB)
write base data version: 513200, memory: 5099646976 bytes (4863.40 MB)
write base data version: 513300, memory: 5099646976 bytes (4863.40 MB)
write base data version: 513400, memory: 5099646976 bytes (4863.40 MB)
write base data version: 513500, memory: 5099646976 bytes (4863.40 MB)
write base data version: 513600, memory: 5099646976 bytes (4863.40 MB)
write base data version: 513700, memory: 5099646976 bytes (4863.40 MB)
write base data version: 513800, memory: 5099646976 bytes (4863.40 MB)
write base data version: 513900, memory: 5099646976 bytes (4863.40 MB)
write base data version: 514000, memory: 5099646976 bytes (4863.40 MB)
write base data version: 514100, memory: 5099646976 bytes (4863.40 MB)
write base data version: 514200, memory: 5099646976 bytes (4863.40 MB)
write base data version: 514300, memory: 5099646976 bytes (4863.40 MB)
write base data version: 514400, memory: 5099646976 bytes (4863.40 MB)
write base data version: 514500, memory: 5099646976 bytes (4863.40 MB)
write base data version: 514600, memory: 5099646976 bytes (4863.40 MB)
write base data version: 514700, memory: 5099646976 bytes (4863.40 MB)
write base data version: 514800, memory: 5099646976 bytes (4863.40 MB)
write base data version: 514900, memory: 5099646976 bytes (4863.40 MB)
write base data version: 515000, memory: 5099646976 bytes (4863.40 MB)
write base data version: 515100, memory: 5099646976 bytes (4863.40 MB)
write base data version: 515200, memory: 5099646976 bytes (4863.40 MB)
write base data version: 515300, memory: 5099646976 bytes (4863.40 MB)
write base data version: 515400, memory: 5099646976 bytes (4863.40 MB)
write base data version: 515500, memory: 5099646976 bytes (4863.40 MB)
write base data version: 515600, memory: 5099646976 bytes (4863.40 MB)
write base data version: 515700, memory: 5099646976 bytes (4863.40 MB)
write base data version: 515800, memory: 5099646976 bytes (4863.40 MB)
write base data version: 515900, memory: 5099646976 bytes (4863.40 MB)
write base data version: 516000, memory: 5099646976 bytes (4863.40 MB)
write base data version: 516100, memory: 5099646976 bytes (4863.40 MB)
write base data version: 516200, memory: 5099646976 bytes (4863.40 MB)
write base data version: 516300, memory: 5099646976 bytes (4863.40 MB)
write base data version: 516400, memory: 5099646976 bytes (4863.40 MB)
write base data version: 516500, memory: 5099646976 bytes (4863.40 MB)
write base data version: 516600, memory: 5099646976 bytes (4863.40 MB)
write base data version: 516700, memory: 5099646976 bytes (4863.40 MB)
write base data version: 516800, memory: 5099646976 bytes (4863.40 MB)
write base data version: 516900, memory: 5099646976 bytes (4863.40 MB)
write base data version: 517000, memory: 5099646976 bytes (4863.40 MB)
write base data version: 517100, memory: 5099646976 bytes (4863.40 MB)
write base data version: 517200, memory: 5099646976 bytes (4863.40 MB)
write base data version: 517300, memory: 5099646976 bytes (4863.40 MB)
write base data version: 517400, memory: 5099646976 bytes (4863.40 MB)
write base data version: 517500, memory: 5099646976 bytes (4863.40 MB)
write base data version: 517600, memory: 5099646976 bytes (4863.40 MB)
write base data version: 517700, memory: 5099646976 bytes (4863.40 MB)
write base data version: 517800, memory: 5099646976 bytes (4863.40 MB)
write base data version: 517900, memory: 5099646976 bytes (4863.40 MB)
write base data version: 518000, memory: 5099646976 bytes (4863.40 MB)
write base data version: 518100, memory: 5099646976 bytes (4863.40 MB)
write base data version: 518200, memory: 5099646976 bytes (4863.40 MB)
write base data version: 518300, memory: 5099646976 bytes (4863.40 MB)
write base data version: 518400, memory: 5099646976 bytes (4863.40 MB)
write base data version: 518500, memory: 5099646976 bytes (4863.40 MB)
write base data version: 518600, memory: 5099646976 bytes (4863.40 MB)
write base data version: 518700, memory: 5099646976 bytes (4863.40 MB)
write base data version: 518800, memory: 5099646976 bytes (4863.40 MB)
write base data version: 518900, memory: 5099646976 bytes (4863.40 MB)
write base data version: 519000, memory: 5099646976 bytes (4863.40 MB)
write base data version: 519100, memory: 5099646976 bytes (4863.40 MB)
write base data version: 519200, memory: 5099646976 bytes (4863.40 MB)
write base data version: 519300, memory: 5099646976 bytes (4863.40 MB)
write base data version: 519400, memory: 5099646976 bytes (4863.40 MB)
write base data version: 519500, memory: 5099646976 bytes (4863.40 MB)
write base data version: 519600, memory: 5099646976 bytes (4863.40 MB)
write base data version: 519700, memory: 5099646976 bytes (4863.40 MB)
write base data version: 519800, memory: 5099646976 bytes (4863.40 MB)
write base data version: 519900, memory: 5099646976 bytes (4863.40 MB)
write base data version: 520000, memory: 5099646976 bytes (4863.40 MB)
write base data version: 520100, memory: 5099646976 bytes (4863.40 MB)
write base data version: 520200, memory: 5099646976 bytes (4863.40 MB)
write base data version: 520300, memory: 5099646976 bytes (4863.40 MB)
write base data version: 520400, memory: 5099646976 bytes (4863.40 MB)
write base data version: 520500, memory: 5099646976 bytes (4863.40 MB)
write base data version: 520600, memory: 5099646976 bytes (4863.40 MB)
write base data version: 520700, memory: 5099646976 bytes (4863.40 MB)
write base data version: 520800, memory: 5099646976 bytes (4863.40 MB)
write base data version: 520900, memory: 5099646976 bytes (4863.40 MB)
write base data version: 521000, memory: 5099646976 bytes (4863.40 MB)
write base data version: 521100, memory: 5099646976 bytes (4863.40 MB)
write base data version: 521200, memory: 5099646976 bytes (4863.40 MB)
write base data version: 521300, memory: 5099646976 bytes (4863.40 MB)
write base data version: 521400, memory: 5099646976 bytes (4863.40 MB)
write base data version: 521500, memory: 5099646976 bytes (4863.40 MB)
write base data version: 521600, memory: 5099646976 bytes (4863.40 MB)
write base data version: 521700, memory: 5099646976 bytes (4863.40 MB)
write base data version: 521800, memory: 5099646976 bytes (4863.40 MB)
write base data version: 521900, memory: 5099646976 bytes (4863.40 MB)
write base data version: 522000, memory: 5099646976 bytes (4863.40 MB)
write base data version: 522100, memory: 5099646976 bytes (4863.40 MB)
write base data version: 522200, memory: 5099646976 bytes (4863.40 MB)
write base data version: 522300, memory: 5099646976 bytes (4863.40 MB)
write base data version: 522400, memory: 5099646976 bytes (4863.40 MB)
write base data version: 522500, memory: 5099646976 bytes (4863.40 MB)
write base data version: 522600, memory: 5099646976 bytes (4863.40 MB)
write base data version: 522700, memory: 5099646976 bytes (4863.40 MB)
write base data version: 522800, memory: 5099646976 bytes (4863.40 MB)
write base data version: 522900, memory: 5099646976 bytes (4863.40 MB)
write base data version: 523000, memory: 5099646976 bytes (4863.40 MB)
write base data version: 523100, memory: 5099646976 bytes (4863.40 MB)
write base data version: 523200, memory: 5099646976 bytes (4863.40 MB)
write base data version: 523300, memory: 5099646976 bytes (4863.40 MB)
write base data version: 523400, memory: 5099646976 bytes (4863.40 MB)
write base data version: 523500, memory: 5099646976 bytes (4863.40 MB)
write base data version: 523600, memory: 5099646976 bytes (4863.40 MB)
write base data version: 523700, memory: 5099646976 bytes (4863.40 MB)
write base data version: 523800, memory: 5099646976 bytes (4863.40 MB)
write base data version: 523900, memory: 5099646976 bytes (4863.40 MB)
write base data version: 524000, memory: 5099646976 bytes (4863.40 MB)
write base data version: 524100, memory: 5099646976 bytes (4863.40 MB)
write base data version: 524200, memory: 5099646976 bytes (4863.40 MB)
write base data version: 524300, memory: 5099646976 bytes (4863.40 MB)
write base data version: 524400, memory: 5099646976 bytes (4863.40 MB)
write base data version: 524500, memory: 5099646976 bytes (4863.40 MB)
write base data version: 524600, memory: 5099646976 bytes (4863.40 MB)
write base data version: 524700, memory: 5099646976 bytes (4863.40 MB)
write base data version: 524800, memory: 5099646976 bytes (4863.40 MB)
write base data version: 524900, memory: 5099646976 bytes (4863.40 MB)
write base data version: 525000, memory: 5099646976 bytes (4863.40 MB)
write base data version: 525100, memory: 5099646976 bytes (4863.40 MB)
write base data version: 525200, memory: 5099646976 bytes (4863.40 MB)
write base data version: 525300, memory: 5099646976 bytes (4863.40 MB)
write base data version: 525400, memory: 5099646976 bytes (4863.40 MB)
write base data version: 525500, memory: 5099646976 bytes (4863.40 MB)
write base data version: 525600, memory: 5099646976 bytes (4863.40 MB)
write base data version: 525700, memory: 5099646976 bytes (4863.40 MB)
write base data version: 525800, memory: 5099646976 bytes (4863.40 MB)
write base data version: 525900, memory: 5099646976 bytes (4863.40 MB)
write base data version: 526000, memory: 5099646976 bytes (4863.40 MB)
write base data version: 526100, memory: 5099646976 bytes (4863.40 MB)
write base data version: 526200, memory: 5099646976 bytes (4863.40 MB)
write base data version: 526300, memory: 5099646976 bytes (4863.40 MB)
write base data version: 526400, memory: 5099646976 bytes (4863.40 MB)
write base data version: 526500, memory: 5099646976 bytes (4863.40 MB)
write base data version: 526600, memory: 5099646976 bytes (4863.40 MB)
write base data version: 526700, memory: 5099646976 bytes (4863.40 MB)
write base data version: 526800, memory: 5099646976 bytes (4863.40 MB)
write base data version: 526900, memory: 5099646976 bytes (4863.40 MB)
write base data version: 527000, memory: 5099646976 bytes (4863.40 MB)
write base data version: 527100, memory: 5109739520 bytes (4873.03 MB)
write base data version: 527200, memory: 5109891072 bytes (4873.17 MB)
write base data version: 527300, memory: 5109891072 bytes (4873.17 MB)
write base data version: 527400, memory: 5109891072 bytes (4873.17 MB)
write base data version: 527500, memory: 5109891072 bytes (4873.17 MB)
write base data version: 527600, memory: 5109891072 bytes (4873.17 MB)
write base data version: 527700, memory: 5109891072 bytes (4873.17 MB)
write base data version: 527800, memory: 5109891072 bytes (4873.17 MB)
write base data version: 527900, memory: 5109891072 bytes (4873.17 MB)
write base data version: 528000, memory: 5109891072 bytes (4873.17 MB)
write base data version: 528100, memory: 5109891072 bytes (4873.17 MB)
write base data version: 528200, memory: 5109891072 bytes (4873.17 MB)
write base data version: 528300, memory: 5109891072 bytes (4873.17 MB)
write base data version: 528400, memory: 5109891072 bytes (4873.17 MB)
write base data version: 528500, memory: 5109891072 bytes (4873.17 MB)
write base data version: 528600, memory: 5109891072 bytes (4873.17 MB)
write base data version: 528700, memory: 5109891072 bytes (4873.17 MB)
write base data version: 528800, memory: 5109891072 bytes (4873.17 MB)
write base data version: 528900, memory: 5109891072 bytes (4873.17 MB)
write base data version: 529000, memory: 5109891072 bytes (4873.17 MB)
write base data version: 529100, memory: 5109891072 bytes (4873.17 MB)
write base data version: 529200, memory: 5109891072 bytes (4873.17 MB)
write base data version: 529300, memory: 5109891072 bytes (4873.17 MB)
write base data version: 529400, memory: 5109891072 bytes (4873.17 MB)
write base data version: 529500, memory: 5109891072 bytes (4873.17 MB)
write base data version: 529600, memory: 5109891072 bytes (4873.17 MB)
write base data version: 529700, memory: 5109891072 bytes (4873.17 MB)
write base data version: 529800, memory: 5109891072 bytes (4873.17 MB)
write base data version: 529900, memory: 5109891072 bytes (4873.17 MB)
write base data version: 530000, memory: 5109891072 bytes (4873.17 MB)
write base data version: 530100, memory: 5109891072 bytes (4873.17 MB)
write base data version: 530200, memory: 5109891072 bytes (4873.17 MB)
write base data version: 530300, memory: 5109891072 bytes (4873.17 MB)
write base data version: 530400, memory: 5109891072 bytes (4873.17 MB)
write base data version: 530500, memory: 5109891072 bytes (4873.17 MB)
write base data version: 530600, memory: 5109891072 bytes (4873.17 MB)
write base data version: 530700, memory: 5109891072 bytes (4873.17 MB)
write base data version: 530800, memory: 5109891072 bytes (4873.17 MB)
write base data version: 530900, memory: 5109891072 bytes (4873.17 MB)
write base data version: 531000, memory: 5109891072 bytes (4873.17 MB)
write base data version: 531100, memory: 5109891072 bytes (4873.17 MB)
write base data version: 531200, memory: 5109891072 bytes (4873.17 MB)
write base data version: 531300, memory: 5109891072 bytes (4873.17 MB)
write base data version: 531400, memory: 5109891072 bytes (4873.17 MB)
write base data version: 531500, memory: 5109891072 bytes (4873.17 MB)
write base data version: 531600, memory: 5109891072 bytes (4873.17 MB)
write base data version: 531700, memory: 5109891072 bytes (4873.17 MB)
write base data version: 531800, memory: 5109891072 bytes (4873.17 MB)
write base data version: 531900, memory: 5109891072 bytes (4873.17 MB)
write base data version: 532000, memory: 5109891072 bytes (4873.17 MB)
write base data version: 532100, memory: 5109891072 bytes (4873.17 MB)
write base data version: 532200, memory: 5109891072 bytes (4873.17 MB)
write base data version: 532300, memory: 5109891072 bytes (4873.17 MB)
write base data version: 532400, memory: 5109891072 bytes (4873.17 MB)
write base data version: 532500, memory: 5109891072 bytes (4873.17 MB)
write base data version: 532600, memory: 5109891072 bytes (4873.17 MB)
write base data version: 532700, memory: 5109891072 bytes (4873.17 MB)
write base data version: 532800, memory: 5109891072 bytes (4873.17 MB)
write base data version: 532900, memory: 5109891072 bytes (4873.17 MB)
write base data version: 533000, memory: 5109891072 bytes (4873.17 MB)
write base data version: 533100, memory: 5109891072 bytes (4873.17 MB)
write base data version: 533200, memory: 5109891072 bytes (4873.17 MB)
write base data version: 533300, memory: 5109891072 bytes (4873.17 MB)
write base data version: 533400, memory: 5109891072 bytes (4873.17 MB)
write base data version: 533500, memory: 5109891072 bytes (4873.17 MB)
write base data version: 533600, memory: 5109891072 bytes (4873.17 MB)
write base data version: 533700, memory: 5109891072 bytes (4873.17 MB)
write base data version: 533800, memory: 5109891072 bytes (4873.17 MB)
write base data version: 533900, memory: 5109891072 bytes (4873.17 MB)
write base data version: 534000, memory: 5109891072 bytes (4873.17 MB)
write base data version: 534100, memory: 5109891072 bytes (4873.17 MB)
write base data version: 534200, memory: 5109891072 bytes (4873.17 MB)
write base data version: 534300, memory: 5109891072 bytes (4873.17 MB)
write base data version: 534400, memory: 5109891072 bytes (4873.17 MB)
write base data version: 534500, memory: 5109891072 bytes (4873.17 MB)
write base data version: 534600, memory: 5109891072 bytes (4873.17 MB)
write base data version: 534700, memory: 5109891072 bytes (4873.17 MB)
write base data version: 534800, memory: 5109891072 bytes (4873.17 MB)
write base data version: 534900, memory: 5109891072 bytes (4873.17 MB)
write base data version: 535000, memory: 5109891072 bytes (4873.17 MB)
write base data version: 535100, memory: 5109891072 bytes (4873.17 MB)
write base data version: 535200, memory: 5109891072 bytes (4873.17 MB)
write base data version: 535300, memory: 5109891072 bytes (4873.17 MB)
write base data version: 535400, memory: 5109891072 bytes (4873.17 MB)
write base data version: 535500, memory: 5109891072 bytes (4873.17 MB)
write base data version: 535600, memory: 5109891072 bytes (4873.17 MB)
write base data version: 535700, memory: 5109891072 bytes (4873.17 MB)
write base data version: 535800, memory: 5109891072 bytes (4873.17 MB)
write base data version: 535900, memory: 5109891072 bytes (4873.17 MB)
write base data version: 536000, memory: 5109891072 bytes (4873.17 MB)
write base data version: 536100, memory: 5109891072 bytes (4873.17 MB)
write base data version: 536200, memory: 5109891072 bytes (4873.17 MB)
write base data version: 536300, memory: 5109891072 bytes (4873.17 MB)
write base data version: 536400, memory: 5109891072 bytes (4873.17 MB)
write base data version: 536500, memory: 5109891072 bytes (4873.17 MB)
write base data version: 536600, memory: 5109891072 bytes (4873.17 MB)
write base data version: 536700, memory: 5109891072 bytes (4873.17 MB)
write base data version: 536800, memory: 5109891072 bytes (4873.17 MB)
write base data version: 536900, memory: 5109891072 bytes (4873.17 MB)
write base data version: 537000, memory: 5109891072 bytes (4873.17 MB)
write base data version: 537100, memory: 5109891072 bytes (4873.17 MB)
write base data version: 537200, memory: 5109891072 bytes (4873.17 MB)
write base data version: 537300, memory: 5109891072 bytes (4873.17 MB)
write base data version: 537400, memory: 5109891072 bytes (4873.17 MB)
write base data version: 537500, memory: 5109891072 bytes (4873.17 MB)
write base data version: 537600, memory: 5109891072 bytes (4873.17 MB)
write base data version: 537700, memory: 5109891072 bytes (4873.17 MB)
write base data version: 537800, memory: 5109891072 bytes (4873.17 MB)
write base data version: 537900, memory: 5109891072 bytes (4873.17 MB)
write base data version: 538000, memory: 5109891072 bytes (4873.17 MB)
write base data version: 538100, memory: 5109891072 bytes (4873.17 MB)
write base data version: 538200, memory: 5109891072 bytes (4873.17 MB)
write base data version: 538300, memory: 5109891072 bytes (4873.17 MB)
write base data version: 538400, memory: 5109891072 bytes (4873.17 MB)
write base data version: 538500, memory: 5109891072 bytes (4873.17 MB)
write base data version: 538600, memory: 5109891072 bytes (4873.17 MB)
write base data version: 538700, memory: 5109891072 bytes (4873.17 MB)
write base data version: 538800, memory: 5109891072 bytes (4873.17 MB)
write base data version: 538900, memory: 5109891072 bytes (4873.17 MB)
write base data version: 539000, memory: 5109891072 bytes (4873.17 MB)
write base data version: 539100, memory: 5109891072 bytes (4873.17 MB)
write base data version: 539200, memory: 5109891072 bytes (4873.17 MB)
write base data version: 539300, memory: 5109891072 bytes (4873.17 MB)
write base data version: 539400, memory: 5109891072 bytes (4873.17 MB)
write base data version: 539500, memory: 5109891072 bytes (4873.17 MB)
write base data version: 539600, memory: 5109891072 bytes (4873.17 MB)
write base data version: 539700, memory: 5109891072 bytes (4873.17 MB)
write base data version: 539800, memory: 5109891072 bytes (4873.17 MB)
write base data version: 539900, memory: 5109891072 bytes (4873.17 MB)
write base data version: 540000, memory: 5109891072 bytes (4873.17 MB)
write base data version: 540100, memory: 5109891072 bytes (4873.17 MB)
write base data version: 540200, memory: 5109891072 bytes (4873.17 MB)
write base data version: 540300, memory: 5109891072 bytes (4873.17 MB)
write base data version: 540400, memory: 5109891072 bytes (4873.17 MB)
write base data version: 540500, memory: 5109891072 bytes (4873.17 MB)
write base data version: 540600, memory: 5109891072 bytes (4873.17 MB)
write base data version: 540700, memory: 5109891072 bytes (4873.17 MB)
write base data version: 540800, memory: 5109891072 bytes (4873.17 MB)
write base data version: 540900, memory: 5109891072 bytes (4873.17 MB)
write base data version: 541000, memory: 5109891072 bytes (4873.17 MB)
write base data version: 541100, memory: 5109891072 bytes (4873.17 MB)
write base data version: 541200, memory: 5109891072 bytes (4873.17 MB)
write base data version: 541300, memory: 5109891072 bytes (4873.17 MB)
write base data version: 541400, memory: 5109891072 bytes (4873.17 MB)
write base data version: 541500, memory: 5109891072 bytes (4873.17 MB)
write base data version: 541600, memory: 5109891072 bytes (4873.17 MB)
write base data version: 541700, memory: 5109891072 bytes (4873.17 MB)
write base data version: 541800, memory: 5109891072 bytes (4873.17 MB)
write base data version: 541900, memory: 5109891072 bytes (4873.17 MB)
write base data version: 542000, memory: 5109891072 bytes (4873.17 MB)
write base data version: 542100, memory: 5109891072 bytes (4873.17 MB)
write base data version: 542200, memory: 5109891072 bytes (4873.17 MB)
write base data version: 542300, memory: 5109891072 bytes (4873.17 MB)
write base data version: 542400, memory: 5109891072 bytes (4873.17 MB)
write base data version: 542500, memory: 5109891072 bytes (4873.17 MB)
write base data version: 542600, memory: 5109891072 bytes (4873.17 MB)
write base data version: 542700, memory: 5109891072 bytes (4873.17 MB)
write base data version: 542800, memory: 5109891072 bytes (4873.17 MB)
write base data version: 542900, memory: 5109891072 bytes (4873.17 MB)
write base data version: 543000, memory: 5109891072 bytes (4873.17 MB)
write base data version: 543100, memory: 5109891072 bytes (4873.17 MB)
write base data version: 543200, memory: 5109891072 bytes (4873.17 MB)
write base data version: 543300, memory: 5109891072 bytes (4873.17 MB)
write base data version: 543400, memory: 5109891072 bytes (4873.17 MB)
write base data version: 543500, memory: 5109891072 bytes (4873.17 MB)
write base data version: 543600, memory: 5109891072 bytes (4873.17 MB)
write base data version: 543700, memory: 5109891072 bytes (4873.17 MB)
write base data version: 543800, memory: 5109891072 bytes (4873.17 MB)
write base data version: 543900, memory: 5109891072 bytes (4873.17 MB)
write base data version: 544000, memory: 5109891072 bytes (4873.17 MB)
write base data version: 544100, memory: 5109891072 bytes (4873.17 MB)
write base data version: 544200, memory: 5109891072 bytes (4873.17 MB)
write base data version: 544300, memory: 5109891072 bytes (4873.17 MB)
write base data version: 544400, memory: 5109891072 bytes (4873.17 MB)
write base data version: 544500, memory: 5109891072 bytes (4873.17 MB)
write base data version: 544600, memory: 5109891072 bytes (4873.17 MB)
write base data version: 544700, memory: 5109891072 bytes (4873.17 MB)
write base data version: 544800, memory: 5109891072 bytes (4873.17 MB)
write base data version: 544900, memory: 5109891072 bytes (4873.17 MB)
write base data version: 545000, memory: 5109891072 bytes (4873.17 MB)
write base data version: 545100, memory: 5109891072 bytes (4873.17 MB)
write base data version: 545200, memory: 5109891072 bytes (4873.17 MB)
write base data version: 545300, memory: 5109891072 bytes (4873.17 MB)
write base data version: 545400, memory: 5109891072 bytes (4873.17 MB)
write base data version: 545500, memory: 5109891072 bytes (4873.17 MB)
write base data version: 545600, memory: 5109891072 bytes (4873.17 MB)
write base data version: 545700, memory: 5109891072 bytes (4873.17 MB)
write base data version: 545800, memory: 5109891072 bytes (4873.17 MB)
write base data version: 545900, memory: 5109891072 bytes (4873.17 MB)
write base data version: 546000, memory: 5109891072 bytes (4873.17 MB)
write base data version: 546100, memory: 5109891072 bytes (4873.17 MB)
write base data version: 546200, memory: 5109891072 bytes (4873.17 MB)
write base data version: 546300, memory: 5109891072 bytes (4873.17 MB)
write base data version: 546400, memory: 5109891072 bytes (4873.17 MB)
write base data version: 546500, memory: 5109891072 bytes (4873.17 MB)
write base data version: 546600, memory: 5109891072 bytes (4873.17 MB)
write base data version: 546700, memory: 5109891072 bytes (4873.17 MB)
write base data version: 546800, memory: 5109891072 bytes (4873.17 MB)
write base data version: 546900, memory: 5109891072 bytes (4873.17 MB)
write base data version: 547000, memory: 5109891072 bytes (4873.17 MB)
write base data version: 547100, memory: 5109891072 bytes (4873.17 MB)
write base data version: 547200, memory: 5109891072 bytes (4873.17 MB)
write base data version: 547300, memory: 5109891072 bytes (4873.17 MB)
write base data version: 547400, memory: 5109891072 bytes (4873.17 MB)
write base data version: 547500, memory: 5109891072 bytes (4873.17 MB)
write base data version: 547600, memory: 5109891072 bytes (4873.17 MB)
write base data version: 547700, memory: 5109891072 bytes (4873.17 MB)
write base data version: 547800, memory: 5109891072 bytes (4873.17 MB)
write base data version: 547900, memory: 5109891072 bytes (4873.17 MB)
write base data version: 548000, memory: 5109891072 bytes (4873.17 MB)
write base data version: 548100, memory: 5109891072 bytes (4873.17 MB)
write base data version: 548200, memory: 5109891072 bytes (4873.17 MB)
write base data version: 548300, memory: 5109891072 bytes (4873.17 MB)
write base data version: 548400, memory: 5109891072 bytes (4873.17 MB)
write base data version: 548500, memory: 5109891072 bytes (4873.17 MB)
write base data version: 548600, memory: 5109891072 bytes (4873.17 MB)
write base data version: 548700, memory: 5109891072 bytes (4873.17 MB)
write base data version: 548800, memory: 5109891072 bytes (4873.17 MB)
write base data version: 548900, memory: 5109891072 bytes (4873.17 MB)
write base data version: 549000, memory: 5109891072 bytes (4873.17 MB)
write base data version: 549100, memory: 5109891072 bytes (4873.17 MB)
write base data version: 549200, memory: 5109891072 bytes (4873.17 MB)
write base data version: 549300, memory: 5109891072 bytes (4873.17 MB)
write base data version: 549400, memory: 5109891072 bytes (4873.17 MB)
write base data version: 549500, memory: 5109891072 bytes (4873.17 MB)
write base data version: 549600, memory: 5109891072 bytes (4873.17 MB)
write base data version: 549700, memory: 5109891072 bytes (4873.17 MB)
write base data version: 549800, memory: 5109891072 bytes (4873.17 MB)
write base data version: 549900, memory: 5109891072 bytes (4873.17 MB)
write base data version: 550000, memory: 5109891072 bytes (4873.17 MB)
write base data version: 550100, memory: 5109891072 bytes (4873.17 MB)
write base data version: 550200, memory: 5109891072 bytes (4873.17 MB)
write base data version: 550300, memory: 5109891072 bytes (4873.17 MB)
write base data version: 550400, memory: 5109891072 bytes (4873.17 MB)
write base data version: 550500, memory: 5109891072 bytes (4873.17 MB)
write base data version: 550600, memory: 5109891072 bytes (4873.17 MB)
write base data version: 550700, memory: 5109891072 bytes (4873.17 MB)
write base data version: 550800, memory: 5109891072 bytes (4873.17 MB)
write base data version: 550900, memory: 5109891072 bytes (4873.17 MB)
write base data version: 551000, memory: 5109891072 bytes (4873.17 MB)
write base data version: 551100, memory: 5109891072 bytes (4873.17 MB)
write base data version: 551200, memory: 5109891072 bytes (4873.17 MB)
write base data version: 551300, memory: 5109891072 bytes (4873.17 MB)
write base data version: 551400, memory: 5109891072 bytes (4873.17 MB)
write base data version: 551500, memory: 5109891072 bytes (4873.17 MB)
write base data version: 551600, memory: 5109891072 bytes (4873.17 MB)
write base data version: 551700, memory: 5109891072 bytes (4873.17 MB)
write base data version: 551800, memory: 5109891072 bytes (4873.17 MB)
write base data version: 551900, memory: 5109891072 bytes (4873.17 MB)
write base data version: 552000, memory: 5109891072 bytes (4873.17 MB)
write base data version: 552100, memory: 5109891072 bytes (4873.17 MB)
write base data version: 552200, memory: 5109891072 bytes (4873.17 MB)
write base data version: 552300, memory: 5109891072 bytes (4873.17 MB)
write base data version: 552400, memory: 5109891072 bytes (4873.17 MB)
write base data version: 552500, memory: 5109891072 bytes (4873.17 MB)
write base data version: 552600, memory: 5109891072 bytes (4873.17 MB)
write base data version: 552700, memory: 5109891072 bytes (4873.17 MB)
write base data version: 552800, memory: 5109891072 bytes (4873.17 MB)
write base data version: 552900, memory: 5109891072 bytes (4873.17 MB)
write base data version: 553000, memory: 5109891072 bytes (4873.17 MB)
write base data version: 553100, memory: 5109891072 bytes (4873.17 MB)
write base data version: 553200, memory: 5109891072 bytes (4873.17 MB)
write base data version: 553300, memory: 5109891072 bytes (4873.17 MB)
write base data version: 553400, memory: 5109891072 bytes (4873.17 MB)
write base data version: 553500, memory: 5109891072 bytes (4873.17 MB)
write base data version: 553600, memory: 5109891072 bytes (4873.17 MB)
write base data version: 553700, memory: 5109891072 bytes (4873.17 MB)
write base data version: 553800, memory: 5109891072 bytes (4873.17 MB)
write base data version: 553900, memory: 5109891072 bytes (4873.17 MB)
write base data version: 554000, memory: 5109891072 bytes (4873.17 MB)
write base data version: 554100, memory: 5109891072 bytes (4873.17 MB)
write base data version: 554200, memory: 5109891072 bytes (4873.17 MB)
write base data version: 554300, memory: 5109891072 bytes (4873.17 MB)
write base data version: 554400, memory: 5109891072 bytes (4873.17 MB)
write base data version: 554500, memory: 5109891072 bytes (4873.17 MB)
write base data version: 554600, memory: 5109891072 bytes (4873.17 MB)
write base data version: 554700, memory: 5109891072 bytes (4873.17 MB)
write base data version: 554800, memory: 5109891072 bytes (4873.17 MB)
write base data version: 554900, memory: 5109891072 bytes (4873.17 MB)
write base data version: 555000, memory: 5109891072 bytes (4873.17 MB)
write base data version: 555100, memory: 5109891072 bytes (4873.17 MB)
write base data version: 555200, memory: 5109891072 bytes (4873.17 MB)
write base data version: 555300, memory: 5109891072 bytes (4873.17 MB)
write base data version: 555400, memory: 5109891072 bytes (4873.17 MB)
write base data version: 555500, memory: 5109891072 bytes (4873.17 MB)
write base data version: 555600, memory: 5109891072 bytes (4873.17 MB)
write base data version: 555700, memory: 5109891072 bytes (4873.17 MB)
write base data version: 555800, memory: 5109891072 bytes (4873.17 MB)
write base data version: 555900, memory: 5109891072 bytes (4873.17 MB)
write base data version: 556000, memory: 5109891072 bytes (4873.17 MB)
write base data version: 556100, memory: 5109891072 bytes (4873.17 MB)
write base data version: 556200, memory: 5109891072 bytes (4873.17 MB)
write base data version: 556300, memory: 5109891072 bytes (4873.17 MB)
write base data version: 556400, memory: 5109891072 bytes (4873.17 MB)
write base data version: 556500, memory: 5109891072 bytes (4873.17 MB)
write base data version: 556600, memory: 5109891072 bytes (4873.17 MB)
write base data version: 556700, memory: 5109891072 bytes (4873.17 MB)
write base data version: 556800, memory: 5109891072 bytes (4873.17 MB)
write base data version: 556900, memory: 5109891072 bytes (4873.17 MB)
write base data version: 557000, memory: 5109891072 bytes (4873.17 MB)
write base data version: 557100, memory: 5109891072 bytes (4873.17 MB)
write base data version: 557200, memory: 5109891072 bytes (4873.17 MB)
write base data version: 557300, memory: 5109891072 bytes (4873.17 MB)
write base data version: 557400, memory: 5109891072 bytes (4873.17 MB)
write base data version: 557500, memory: 5109891072 bytes (4873.17 MB)
write base data version: 557600, memory: 5109891072 bytes (4873.17 MB)
write base data version: 557700, memory: 5109891072 bytes (4873.17 MB)
write base data version: 557800, memory: 5109891072 bytes (4873.17 MB)
write base data version: 557900, memory: 5109891072 bytes (4873.17 MB)
write base data version: 558000, memory: 5109891072 bytes (4873.17 MB)
write base data version: 558100, memory: 5109891072 bytes (4873.17 MB)
write base data version: 558200, memory: 5109891072 bytes (4873.17 MB)
write base data version: 558300, memory: 5109891072 bytes (4873.17 MB)
write base data version: 558400, memory: 5109891072 bytes (4873.17 MB)
write base data version: 558500, memory: 5109891072 bytes (4873.17 MB)
write base data version: 558600, memory: 5109891072 bytes (4873.17 MB)
write base data version: 558700, memory: 5109891072 bytes (4873.17 MB)
write base data version: 558800, memory: 5109891072 bytes (4873.17 MB)
write base data version: 558900, memory: 5109891072 bytes (4873.17 MB)
write base data version: 559000, memory: 5109891072 bytes (4873.17 MB)
write base data version: 559100, memory: 5109891072 bytes (4873.17 MB)
write base data version: 559200, memory: 5109891072 bytes (4873.17 MB)
write base data version: 559300, memory: 5109891072 bytes (4873.17 MB)
write base data version: 559400, memory: 5109891072 bytes (4873.17 MB)
write base data version: 559500, memory: 5109891072 bytes (4873.17 MB)
write base data version: 559600, memory: 5109891072 bytes (4873.17 MB)
write base data version: 559700, memory: 5109891072 bytes (4873.17 MB)
write base data version: 559800, memory: 5109891072 bytes (4873.17 MB)
write base data version: 559900, memory: 5109891072 bytes (4873.17 MB)
write base data version: 560000, memory: 5109891072 bytes (4873.17 MB)
write base data version: 560100, memory: 5109891072 bytes (4873.17 MB)
write base data version: 560200, memory: 5109891072 bytes (4873.17 MB)
write base data version: 560300, memory: 5109891072 bytes (4873.17 MB)
write base data version: 560400, memory: 5109891072 bytes (4873.17 MB)
write base data version: 560500, memory: 5109891072 bytes (4873.17 MB)
write base data version: 560600, memory: 5109891072 bytes (4873.17 MB)
write base data version: 560700, memory: 5109891072 bytes (4873.17 MB)
write base data version: 560800, memory: 5109891072 bytes (4873.17 MB)
write base data version: 560900, memory: 5109891072 bytes (4873.17 MB)
write base data version: 561000, memory: 5109891072 bytes (4873.17 MB)
write base data version: 561100, memory: 5109891072 bytes (4873.17 MB)
write base data version: 561200, memory: 5109891072 bytes (4873.17 MB)
write base data version: 561300, memory: 5109891072 bytes (4873.17 MB)
write base data version: 561400, memory: 5109891072 bytes (4873.17 MB)
write base data version: 561500, memory: 5109891072 bytes (4873.17 MB)
write base data version: 561600, memory: 5109891072 bytes (4873.17 MB)
write base data version: 561700, memory: 5109891072 bytes (4873.17 MB)
write base data version: 561800, memory: 5109891072 bytes (4873.17 MB)
write base data version: 561900, memory: 5109891072 bytes (4873.17 MB)
write base data version: 562000, memory: 5109891072 bytes (4873.17 MB)
write base data version: 562100, memory: 5109891072 bytes (4873.17 MB)
write base data version: 562200, memory: 5109891072 bytes (4873.17 MB)
write base data version: 562300, memory: 5109891072 bytes (4873.17 MB)
write base data version: 562400, memory: 5109891072 bytes (4873.17 MB)
write base data version: 562500, memory: 5109891072 bytes (4873.17 MB)
write base data version: 562600, memory: 5109891072 bytes (4873.17 MB)
write base data version: 562700, memory: 5109891072 bytes (4873.17 MB)
write base data version: 562800, memory: 5109891072 bytes (4873.17 MB)
write base data version: 562900, memory: 5109891072 bytes (4873.17 MB)
write base data version: 563000, memory: 5109891072 bytes (4873.17 MB)
write base data version: 563100, memory: 5109891072 bytes (4873.17 MB)
write base data version: 563200, memory: 5109891072 bytes (4873.17 MB)
write base data version: 563300, memory: 5109891072 bytes (4873.17 MB)
write base data version: 563400, memory: 5109891072 bytes (4873.17 MB)
write base data version: 563500, memory: 5109891072 bytes (4873.17 MB)
write base data version: 563600, memory: 5109891072 bytes (4873.17 MB)
write base data version: 563700, memory: 5109891072 bytes (4873.17 MB)
write base data version: 563800, memory: 5109891072 bytes (4873.17 MB)
write base data version: 563900, memory: 5109891072 bytes (4873.17 MB)
write base data version: 564000, memory: 5109891072 bytes (4873.17 MB)
write base data version: 564100, memory: 5109891072 bytes (4873.17 MB)
write base data version: 564200, memory: 5109891072 bytes (4873.17 MB)
write base data version: 564300, memory: 5109891072 bytes (4873.17 MB)
write base data version: 564400, memory: 5109891072 bytes (4873.17 MB)
write base data version: 564500, memory: 5109891072 bytes (4873.17 MB)
write base data version: 564600, memory: 5109891072 bytes (4873.17 MB)
write base data version: 564700, memory: 5109891072 bytes (4873.17 MB)
write base data version: 564800, memory: 5109891072 bytes (4873.17 MB)
write base data version: 564900, memory: 5109891072 bytes (4873.17 MB)
write base data version: 565000, memory: 5109891072 bytes (4873.17 MB)
write base data version: 565100, memory: 5109891072 bytes (4873.17 MB)
write base data version: 565200, memory: 5109891072 bytes (4873.17 MB)
write base data version: 565300, memory: 5109891072 bytes (4873.17 MB)
write base data version: 565400, memory: 5109891072 bytes (4873.17 MB)
write base data version: 565500, memory: 5109891072 bytes (4873.17 MB)
write base data version: 565600, memory: 5109891072 bytes (4873.17 MB)
write base data version: 565700, memory: 5109891072 bytes (4873.17 MB)
write base data version: 565800, memory: 5109891072 bytes (4873.17 MB)
write base data version: 565900, memory: 5109891072 bytes (4873.17 MB)
write base data version: 566000, memory: 5109891072 bytes (4873.17 MB)
write base data version: 566100, memory: 5109891072 bytes (4873.17 MB)
write base data version: 566200, memory: 5109891072 bytes (4873.17 MB)
write base data version: 566300, memory: 5109891072 bytes (4873.17 MB)
write base data version: 566400, memory: 5109891072 bytes (4873.17 MB)
write base data version: 566500, memory: 5109891072 bytes (4873.17 MB)
write base data version: 566600, memory: 5109891072 bytes (4873.17 MB)
write base data version: 566700, memory: 5109891072 bytes (4873.17 MB)
write base data version: 566800, memory: 5109891072 bytes (4873.17 MB)
write base data version: 566900, memory: 5109891072 bytes (4873.17 MB)
write base data version: 567000, memory: 5109891072 bytes (4873.17 MB)
write base data version: 567100, memory: 5109891072 bytes (4873.17 MB)
write base data version: 567200, memory: 5109891072 bytes (4873.17 MB)
write base data version: 567300, memory: 5109891072 bytes (4873.17 MB)
write base data version: 567400, memory: 5109891072 bytes (4873.17 MB)
write base data version: 567500, memory: 5109891072 bytes (4873.17 MB)
write base data version: 567600, memory: 5109891072 bytes (4873.17 MB)
write base data version: 567700, memory: 5109891072 bytes (4873.17 MB)
write base data version: 567800, memory: 5109891072 bytes (4873.17 MB)
write base data version: 567900, memory: 5109891072 bytes (4873.17 MB)
write base data version: 568000, memory: 5109891072 bytes (4873.17 MB)
write base data version: 568100, memory: 5109891072 bytes (4873.17 MB)
write base data version: 568200, memory: 5109891072 bytes (4873.17 MB)
write base data version: 568300, memory: 5109891072 bytes (4873.17 MB)
write base data version: 568400, memory: 5109891072 bytes (4873.17 MB)
write base data version: 568500, memory: 5109891072 bytes (4873.17 MB)
write base data version: 568600, memory: 5109891072 bytes (4873.17 MB)
write base data version: 568700, memory: 5109891072 bytes (4873.17 MB)
write base data version: 568800, memory: 5109891072 bytes (4873.17 MB)
write base data version: 568900, memory: 5109891072 bytes (4873.17 MB)
write base data version: 569000, memory: 5109891072 bytes (4873.17 MB)
write base data version: 569100, memory: 5109891072 bytes (4873.17 MB)
write base data version: 569200, memory: 5109891072 bytes (4873.17 MB)
write base data version: 569300, memory: 5109891072 bytes (4873.17 MB)
write base data version: 569400, memory: 5109891072 bytes (4873.17 MB)
write base data version: 569500, memory: 5109891072 bytes (4873.17 MB)
write base data version: 569600, memory: 5109891072 bytes (4873.17 MB)
write base data version: 569700, memory: 5109891072 bytes (4873.17 MB)
write base data version: 569800, memory: 5109891072 bytes (4873.17 MB)
write base data version: 569900, memory: 5109891072 bytes (4873.17 MB)
write base data version: 570000, memory: 5109891072 bytes (4873.17 MB)
write base data version: 570100, memory: 5109891072 bytes (4873.17 MB)
write base data version: 570200, memory: 5109891072 bytes (4873.17 MB)
write base data version: 570300, memory: 5109891072 bytes (4873.17 MB)
write base data version: 570400, memory: 5109891072 bytes (4873.17 MB)
write base data version: 570500, memory: 5109891072 bytes (4873.17 MB)
write base data version: 570600, memory: 5109891072 bytes (4873.17 MB)
write base data version: 570700, memory: 5109891072 bytes (4873.17 MB)
write base data version: 570800, memory: 5109891072 bytes (4873.17 MB)
write base data version: 570900, memory: 5109891072 bytes (4873.17 MB)
write base data version: 571000, memory: 5109891072 bytes (4873.17 MB)
write base data version: 571100, memory: 5109891072 bytes (4873.17 MB)
write base data version: 571200, memory: 5109891072 bytes (4873.17 MB)
write base data version: 571300, memory: 5109891072 bytes (4873.17 MB)
write base data version: 571400, memory: 5109891072 bytes (4873.17 MB)
write base data version: 571500, memory: 5109891072 bytes (4873.17 MB)
write base data version: 571600, memory: 5109891072 bytes (4873.17 MB)
write base data version: 571700, memory: 5109891072 bytes (4873.17 MB)
write base data version: 571800, memory: 5109891072 bytes (4873.17 MB)
write base data version: 571900, memory: 5109891072 bytes (4873.17 MB)
write base data version: 572000, memory: 5109891072 bytes (4873.17 MB)
write base data version: 572100, memory: 5109891072 bytes (4873.17 MB)
write base data version: 572200, memory: 5109891072 bytes (4873.17 MB)
write base data version: 572300, memory: 5109891072 bytes (4873.17 MB)
write base data version: 572400, memory: 5109891072 bytes (4873.17 MB)
write base data version: 572500, memory: 5109891072 bytes (4873.17 MB)
write base data version: 572600, memory: 5109891072 bytes (4873.17 MB)
write base data version: 572700, memory: 5109891072 bytes (4873.17 MB)
write base data version: 572800, memory: 5109891072 bytes (4873.17 MB)
write base data version: 572900, memory: 5109891072 bytes (4873.17 MB)
write base data version: 573000, memory: 5109891072 bytes (4873.17 MB)
write base data version: 573100, memory: 5109891072 bytes (4873.17 MB)
write base data version: 573200, memory: 5109891072 bytes (4873.17 MB)
write base data version: 573300, memory: 5109891072 bytes (4873.17 MB)
write base data version: 573400, memory: 5109891072 bytes (4873.17 MB)
write base data version: 573500, memory: 5109891072 bytes (4873.17 MB)
write base data version: 573600, memory: 5109891072 bytes (4873.17 MB)
write base data version: 573700, memory: 5109891072 bytes (4873.17 MB)
write base data version: 573800, memory: 5109891072 bytes (4873.17 MB)
write base data version: 573900, memory: 5109891072 bytes (4873.17 MB)
write base data version: 574000, memory: 5109891072 bytes (4873.17 MB)
write base data version: 574100, memory: 5109891072 bytes (4873.17 MB)
write base data version: 574200, memory: 5109891072 bytes (4873.17 MB)
write base data version: 574300, memory: 5109891072 bytes (4873.17 MB)
write base data version: 574400, memory: 5109891072 bytes (4873.17 MB)
write base data version: 574500, memory: 5109891072 bytes (4873.17 MB)
write base data version: 574600, memory: 5109891072 bytes (4873.17 MB)
write base data version: 574700, memory: 5109891072 bytes (4873.17 MB)
write base data version: 574800, memory: 5109891072 bytes (4873.17 MB)
write base data version: 574900, memory: 5109891072 bytes (4873.17 MB)
write base data version: 575000, memory: 5109891072 bytes (4873.17 MB)
write base data version: 575100, memory: 5109891072 bytes (4873.17 MB)
write base data version: 575200, memory: 5109891072 bytes (4873.17 MB)
write base data version: 575300, memory: 5109891072 bytes (4873.17 MB)
write base data version: 575400, memory: 5109891072 bytes (4873.17 MB)
write base data version: 575500, memory: 5109891072 bytes (4873.17 MB)
write base data version: 575600, memory: 5109891072 bytes (4873.17 MB)
write base data version: 575700, memory: 5109891072 bytes (4873.17 MB)
write base data version: 575800, memory: 5109891072 bytes (4873.17 MB)
write base data version: 575900, memory: 5109891072 bytes (4873.17 MB)
write base data version: 576000, memory: 5109891072 bytes (4873.17 MB)
write base data version: 576100, memory: 5109891072 bytes (4873.17 MB)
write base data version: 576200, memory: 5109891072 bytes (4873.17 MB)
write base data version: 576300, memory: 5109891072 bytes (4873.17 MB)
write base data version: 576400, memory: 5109891072 bytes (4873.17 MB)
write base data version: 576500, memory: 5109891072 bytes (4873.17 MB)
write base data version: 576600, memory: 5109891072 bytes (4873.17 MB)
write base data version: 576700, memory: 5109891072 bytes (4873.17 MB)
write base data version: 576800, memory: 5109891072 bytes (4873.17 MB)
write base data version: 576900, memory: 5109891072 bytes (4873.17 MB)
write base data version: 577000, memory: 5109891072 bytes (4873.17 MB)
write base data version: 577100, memory: 5109891072 bytes (4873.17 MB)
write base data version: 577200, memory: 5109891072 bytes (4873.17 MB)
write base data version: 577300, memory: 5109891072 bytes (4873.17 MB)
write base data version: 577400, memory: 5109891072 bytes (4873.17 MB)
write base data version: 577500, memory: 5109891072 bytes (4873.17 MB)
write base data version: 577600, memory: 5109891072 bytes (4873.17 MB)
write base data version: 577700, memory: 5109891072 bytes (4873.17 MB)
write base data version: 577800, memory: 5109891072 bytes (4873.17 MB)
write base data version: 577900, memory: 5109891072 bytes (4873.17 MB)
write base data version: 578000, memory: 5109891072 bytes (4873.17 MB)
write base data version: 578100, memory: 5109891072 bytes (4873.17 MB)
write base data version: 578200, memory: 5109891072 bytes (4873.17 MB)
write base data version: 578300, memory: 5109891072 bytes (4873.17 MB)
write base data version: 578400, memory: 5109891072 bytes (4873.17 MB)
write base data version: 578500, memory: 5109891072 bytes (4873.17 MB)
write base data version: 578600, memory: 5109891072 bytes (4873.17 MB)
write base data version: 578700, memory: 5109891072 bytes (4873.17 MB)
write base data version: 578800, memory: 5109891072 bytes (4873.17 MB)
write base data version: 578900, memory: 5109891072 bytes (4873.17 MB)
write base data version: 579000, memory: 5109891072 bytes (4873.17 MB)
write base data version: 579100, memory: 5109891072 bytes (4873.17 MB)
write base data version: 579200, memory: 5109891072 bytes (4873.17 MB)
write base data version: 579300, memory: 5109891072 bytes (4873.17 MB)
write base data version: 579400, memory: 5109891072 bytes (4873.17 MB)
write base data version: 579500, memory: 5109891072 bytes (4873.17 MB)
write base data version: 579600, memory: 5109891072 bytes (4873.17 MB)
write base data version: 579700, memory: 5109891072 bytes (4873.17 MB)
write base data version: 579800, memory: 5109891072 bytes (4873.17 MB)
write base data version: 579900, memory: 5109891072 bytes (4873.17 MB)
write base data version: 580000, memory: 5109891072 bytes (4873.17 MB)
write base data version: 580100, memory: 5109891072 bytes (4873.17 MB)
write base data version: 580200, memory: 5109891072 bytes (4873.17 MB)
write base data version: 580300, memory: 5109891072 bytes (4873.17 MB)
write base data version: 580400, memory: 5109891072 bytes (4873.17 MB)
write base data version: 580500, memory: 5110083584 bytes (4873.36 MB)
write base data version: 580600, memory: 5110083584 bytes (4873.36 MB)
write base data version: 580700, memory: 5110083584 bytes (4873.36 MB)
write base data version: 580800, memory: 5110083584 bytes (4873.36 MB)
write base data version: 580900, memory: 5110083584 bytes (4873.36 MB)
write base data version: 581000, memory: 5110083584 bytes (4873.36 MB)
write base data version: 581100, memory: 5110083584 bytes (4873.36 MB)
write base data version: 581200, memory: 5110083584 bytes (4873.36 MB)
write base data version: 581300, memory: 5110083584 bytes (4873.36 MB)
write base data version: 581400, memory: 5110484992 bytes (4873.74 MB)
write base data version: 581500, memory: 5110505472 bytes (4873.76 MB)
write base data version: 581600, memory: 5110566912 bytes (4873.82 MB)
write base data version: 581700, memory: 5110591488 bytes (4873.84 MB)
write base data version: 581800, memory: 5110591488 bytes (4873.84 MB)
write base data version: 581900, memory: 5110591488 bytes (4873.84 MB)
write base data version: 582000, memory: 5110591488 bytes (4873.84 MB)
write base data version: 582100, memory: 5110591488 bytes (4873.84 MB)
write base data version: 582200, memory: 5110591488 bytes (4873.84 MB)
write base data version: 582300, memory: 5110591488 bytes (4873.84 MB)
write base data version: 582400, memory: 5110591488 bytes (4873.84 MB)
write base data version: 582500, memory: 5110591488 bytes (4873.84 MB)
write base data version: 582600, memory: 5110591488 bytes (4873.84 MB)
write base data version: 582700, memory: 5110591488 bytes (4873.84 MB)
write base data version: 582800, memory: 5110591488 bytes (4873.84 MB)
write base data version: 582900, memory: 5110591488 bytes (4873.84 MB)
write base data version: 583000, memory: 5110591488 bytes (4873.84 MB)
write base data version: 583100, memory: 5110591488 bytes (4873.84 MB)
write base data version: 583200, memory: 5110591488 bytes (4873.84 MB)
write base data version: 583300, memory: 5110591488 bytes (4873.84 MB)
write base data version: 583400, memory: 5110734848 bytes (4873.98 MB)
write base data version: 583500, memory: 5110734848 bytes (4873.98 MB)
write base data version: 583600, memory: 5110812672 bytes (4874.05 MB)
write base data version: 583700, memory: 5110943744 bytes (4874.18 MB)
write base data version: 583800, memory: 5110943744 bytes (4874.18 MB)
write base data version: 583900, memory: 5110943744 bytes (4874.18 MB)
write base data version: 584000, memory: 5110996992 bytes (4874.23 MB)
write base data version: 584100, memory: 5110996992 bytes (4874.23 MB)
write base data version: 584200, memory: 5111111680 bytes (4874.34 MB)
write base data version: 584300, memory: 5111111680 bytes (4874.34 MB)
write base data version: 584400, memory: 5111771136 bytes (4874.96 MB)
write base data version: 584500, memory: 5111808000 bytes (4875.00 MB)
write base data version: 584600, memory: 5111808000 bytes (4875.00 MB)
write base data version: 584700, memory: 5111808000 bytes (4875.00 MB)
write base data version: 584800, memory: 5111808000 bytes (4875.00 MB)
write base data version: 584900, memory: 5111808000 bytes (4875.00 MB)
write base data version: 585000, memory: 5111808000 bytes (4875.00 MB)
write base data version: 585100, memory: 5111808000 bytes (4875.00 MB)
write base data version: 585200, memory: 5111808000 bytes (4875.00 MB)
write base data version: 585300, memory: 5111808000 bytes (4875.00 MB)
write base data version: 585400, memory: 5111808000 bytes (4875.00 MB)
write base data version: 585500, memory: 5111808000 bytes (4875.00 MB)
write base data version: 585600, memory: 5111808000 bytes (4875.00 MB)
write base data version: 585700, memory: 5111808000 bytes (4875.00 MB)
write base data version: 585800, memory: 5111844864 bytes (4875.04 MB)
write base data version: 585900, memory: 5111844864 bytes (4875.04 MB)
write base data version: 586000, memory: 5111844864 bytes (4875.04 MB)
write base data version: 586100, memory: 5111844864 bytes (4875.04 MB)
write base data version: 586200, memory: 5111988224 bytes (4875.17 MB)
write base data version: 586300, memory: 5111996416 bytes (4875.18 MB)
write base data version: 586400, memory: 5112324096 bytes (4875.49 MB)
write base data version: 586500, memory: 5112369152 bytes (4875.54 MB)
write base data version: 586600, memory: 5112369152 bytes (4875.54 MB)
write base data version: 586700, memory: 5112369152 bytes (4875.54 MB)
write base data version: 586800, memory: 5112455168 bytes (4875.62 MB)
write base data version: 586900, memory: 5112561664 bytes (4875.72 MB)
write base data version: 587000, memory: 5112606720 bytes (4875.76 MB)
write base data version: 587100, memory: 5112606720 bytes (4875.76 MB)
write base data version: 587200, memory: 5112606720 bytes (4875.76 MB)
write base data version: 587300, memory: 5112606720 bytes (4875.76 MB)
write base data version: 587400, memory: 5112700928 bytes (4875.85 MB)
write base data version: 587500, memory: 5112700928 bytes (4875.85 MB)
write base data version: 587600, memory: 5112700928 bytes (4875.85 MB)
write base data version: 587700, memory: 5112700928 bytes (4875.85 MB)
write base data version: 587800, memory: 5112700928 bytes (4875.85 MB)
write base data version: 587900, memory: 5112700928 bytes (4875.85 MB)
write base data version: 588000, memory: 5112991744 bytes (4876.13 MB)
write base data version: 588100, memory: 5113188352 bytes (4876.32 MB)
write base data version: 588200, memory: 5113188352 bytes (4876.32 MB)
write base data version: 588300, memory: 5113245696 bytes (4876.37 MB)
write base data version: 588400, memory: 5113278464 bytes (4876.40 MB)
write base data version: 588500, memory: 5113696256 bytes (4876.80 MB)
write base data version: 588600, memory: 5113708544 bytes (4876.81 MB)
write base data version: 588700, memory: 5113708544 bytes (4876.81 MB)
write base data version: 588800, memory: 5113708544 bytes (4876.81 MB)
write base data version: 588900, memory: 5113708544 bytes (4876.81 MB)
write base data version: 589000, memory: 5113708544 bytes (4876.81 MB)
write base data version: 589100, memory: 5113708544 bytes (4876.81 MB)
write base data version: 589200, memory: 5113708544 bytes (4876.81 MB)
write base data version: 589300, memory: 5113708544 bytes (4876.81 MB)
write base data version: 589400, memory: 5113708544 bytes (4876.81 MB)
write base data version: 589500, memory: 5113708544 bytes (4876.81 MB)
write base data version: 589600, memory: 5113708544 bytes (4876.81 MB)
write base data version: 589700, memory: 5113708544 bytes (4876.81 MB)
write base data version: 589800, memory: 5113708544 bytes (4876.81 MB)
write base data version: 589900, memory: 5113729024 bytes (4876.83 MB)
write base data version: 590000, memory: 5113729024 bytes (4876.83 MB)
write base data version: 590100, memory: 5113745408 bytes (4876.85 MB)
write base data version: 590200, memory: 5113868288 bytes (4876.96 MB)
write base data version: 590300, memory: 5113868288 bytes (4876.96 MB)
write base data version: 590400, memory: 5113868288 bytes (4876.96 MB)
write base data version: 590500, memory: 5113884672 bytes (4876.98 MB)
write base data version: 590600, memory: 5113884672 bytes (4876.98 MB)
write base data version: 590700, memory: 5113884672 bytes (4876.98 MB)
write base data version: 590800, memory: 5113901056 bytes (4877.00 MB)
write base data version: 590900, memory: 5113901056 bytes (4877.00 MB)
write base data version: 591000, memory: 5114249216 bytes (4877.33 MB)
write base data version: 591100, memory: 5114900480 bytes (4877.95 MB)
write base data version: 591200, memory: 5114900480 bytes (4877.95 MB)
write base data version: 591300, memory: 5114900480 bytes (4877.95 MB)
write base data version: 591400, memory: 5114900480 bytes (4877.95 MB)
write base data version: 591500, memory: 5114900480 bytes (4877.95 MB)
write base data version: 591600, memory: 5114900480 bytes (4877.95 MB)
write base data version: 591700, memory: 5114900480 bytes (4877.95 MB)
write base data version: 591800, memory: 5114900480 bytes (4877.95 MB)
write base data version: 591900, memory: 5115129856 bytes (4878.17 MB)
write base data version: 592000, memory: 5115129856 bytes (4878.17 MB)
write base data version: 592100, memory: 5115129856 bytes (4878.17 MB)
write base data version: 592200, memory: 5115129856 bytes (4878.17 MB)
write base data version: 592300, memory: 5115191296 bytes (4878.23 MB)
write base data version: 592400, memory: 5115191296 bytes (4878.23 MB)
write base data version: 592500, memory: 5115191296 bytes (4878.23 MB)
write base data version: 592600, memory: 5115191296 bytes (4878.23 MB)
write base data version: 592700, memory: 5115191296 bytes (4878.23 MB)
write base data version: 592800, memory: 5115191296 bytes (4878.23 MB)
write base data version: 592900, memory: 5115191296 bytes (4878.23 MB)
write base data version: 593000, memory: 5115191296 bytes (4878.23 MB)
write base data version: 593100, memory: 5115191296 bytes (4878.23 MB)
write base data version: 593200, memory: 5115191296 bytes (4878.23 MB)
write base data version: 593300, memory: 5115191296 bytes (4878.23 MB)
write base data version: 593400, memory: 5115191296 bytes (4878.23 MB)
write base data version: 593500, memory: 5115191296 bytes (4878.23 MB)
write base data version: 593600, memory: 5115191296 bytes (4878.23 MB)
write base data version: 593700, memory: 5115191296 bytes (4878.23 MB)
write base data version: 593800, memory: 5115363328 bytes (4878.39 MB)
write base data version: 593900, memory: 5115363328 bytes (4878.39 MB)
write base data version: 594000, memory: 5115613184 bytes (4878.63 MB)
write base data version: 594100, memory: 5115645952 bytes (4878.66 MB)
write base data version: 594200, memory: 5115645952 bytes (4878.66 MB)
write base data version: 594300, memory: 5116035072 bytes (4879.03 MB)
write base data version: 594400, memory: 5116035072 bytes (4879.03 MB)
write base data version: 594500, memory: 5116035072 bytes (4879.03 MB)
write base data version: 594600, memory: 5116145664 bytes (4879.14 MB)
write base data version: 594700, memory: 5116465152 bytes (4879.44 MB)
write base data version: 594800, memory: 5116755968 bytes (4879.72 MB)
write base data version: 594900, memory: 5116755968 bytes (4879.72 MB)
write base data version: 595000, memory: 5116755968 bytes (4879.72 MB)
write base data version: 595100, memory: 5116755968 bytes (4879.72 MB)
write base data version: 595200, memory: 5116755968 bytes (4879.72 MB)
write base data version: 595300, memory: 5116755968 bytes (4879.72 MB)
write base data version: 595400, memory: 5116755968 bytes (4879.72 MB)
write base data version: 595500, memory: 5116755968 bytes (4879.72 MB)
write base data version: 595600, memory: 5116755968 bytes (4879.72 MB)
write base data version: 595700, memory: 5116887040 bytes (4879.84 MB)
write base data version: 595800, memory: 5116887040 bytes (4879.84 MB)
write base data version: 595900, memory: 5116887040 bytes (4879.84 MB)
write base data version: 596000, memory: 5116887040 bytes (4879.84 MB)
write base data version: 596100, memory: 5116887040 bytes (4879.84 MB)
write base data version: 596200, memory: 5116887040 bytes (4879.84 MB)
write base data version: 596300, memory: 5116887040 bytes (4879.84 MB)
write base data version: 596400, memory: 5116887040 bytes (4879.84 MB)
write base data version: 596500, memory: 5116887040 bytes (4879.84 MB)
write base data version: 596600, memory: 5116887040 bytes (4879.84 MB)
write base data version: 596700, memory: 5116887040 bytes (4879.84 MB)
write base data version: 596800, memory: 5116887040 bytes (4879.84 MB)
write base data version: 596900, memory: 5116887040 bytes (4879.84 MB)
write base data version: 597000, memory: 5116887040 bytes (4879.84 MB)
write base data version: 597100, memory: 5116887040 bytes (4879.84 MB)
write base data version: 597200, memory: 5116887040 bytes (4879.84 MB)
write base data version: 597300, memory: 5116887040 bytes (4879.84 MB)
write base data version: 597400, memory: 5116887040 bytes (4879.84 MB)
write base data version: 597500, memory: 5117136896 bytes (4880.08 MB)
write base data version: 597600, memory: 5117136896 bytes (4880.08 MB)
write base data version: 597700, memory: 5117136896 bytes (4880.08 MB)
write base data version: 597800, memory: 5117136896 bytes (4880.08 MB)
write base data version: 597900, memory: 5117136896 bytes (4880.08 MB)
write base data version: 598000, memory: 5117321216 bytes (4880.26 MB)
write base data version: 598100, memory: 5117390848 bytes (4880.32 MB)
write base data version: 598200, memory: 5117419520 bytes (4880.35 MB)
write base data version: 598300, memory: 5117480960 bytes (4880.41 MB)
write base data version: 598400, memory: 5117480960 bytes (4880.41 MB)
write base data version: 598500, memory: 5117480960 bytes (4880.41 MB)
write base data version: 598600, memory: 5117571072 bytes (4880.50 MB)
write base data version: 598700, memory: 5117677568 bytes (4880.60 MB)
write base data version: 598800, memory: 5117677568 bytes (4880.60 MB)
write base data version: 598900, memory: 5117677568 bytes (4880.60 MB)
write base data version: 599000, memory: 5117677568 bytes (4880.60 MB)
write base data version: 599100, memory: 5117779968 bytes (4880.70 MB)
write base data version: 599200, memory: 5117779968 bytes (4880.70 MB)
write base data version: 599300, memory: 5117812736 bytes (4880.73 MB)
write base data version: 599400, memory: 5117845504 bytes (4880.76 MB)
write base data version: 599500, memory: 5117898752 bytes (4880.81 MB)
write base data version: 599600, memory: 5118074880 bytes (4880.98 MB)
write base data version: 599700, memory: 5118119936 bytes (4881.02 MB)
write base data version: 599800, memory: 5118119936 bytes (4881.02 MB)
write base data version: 599900, memory: 5118201856 bytes (4881.10 MB)
write base data version: 600000, memory: 5118201856 bytes (4881.10 MB)
write base data version: 600100, memory: 5118201856 bytes (4881.10 MB)
write base data version: 600200, memory: 5118291968 bytes (4881.18 MB)
write base data version: 600300, memory: 5118345216 bytes (4881.23 MB)
write base data version: 600400, memory: 5118345216 bytes (4881.23 MB)
write base data version: 600500, memory: 5118410752 bytes (4881.30 MB)
write base data version: 600600, memory: 5118410752 bytes (4881.30 MB)
write base data version: 600700, memory: 5118410752 bytes (4881.30 MB)
write base data version: 600800, memory: 5119221760 bytes (4882.07 MB)
write base data version: 600900, memory: 5119221760 bytes (4882.07 MB)
write base data version: 601000, memory: 5119283200 bytes (4882.13 MB)
write base data version: 601100, memory: 5119283200 bytes (4882.13 MB)
write base data version: 601200, memory: 5119283200 bytes (4882.13 MB)
write base data version: 601300, memory: 5119488000 bytes (4882.32 MB)
write base data version: 601400, memory: 5119533056 bytes (4882.37 MB)
write base data version: 601500, memory: 5119533056 bytes (4882.37 MB)
write base data version: 601600, memory: 5119533056 bytes (4882.37 MB)
write base data version: 601700, memory: 5119533056 bytes (4882.37 MB)
write base data version: 601800, memory: 5119533056 bytes (4882.37 MB)
write base data version: 601900, memory: 5119533056 bytes (4882.37 MB)
write base data version: 602000, memory: 5119533056 bytes (4882.37 MB)
write base data version: 602100, memory: 5119533056 bytes (4882.37 MB)
write base data version: 602200, memory: 5119533056 bytes (4882.37 MB)
write base data version: 602300, memory: 5119533056 bytes (4882.37 MB)
write base data version: 602400, memory: 5119533056 bytes (4882.37 MB)
write base data version: 602500, memory: 5119533056 bytes (4882.37 MB)
write base data version: 602600, memory: 5119533056 bytes (4882.37 MB)
write base data version: 602700, memory: 5119533056 bytes (4882.37 MB)
write base data version: 602800, memory: 5119533056 bytes (4882.37 MB)
write base data version: 602900, memory: 5119533056 bytes (4882.37 MB)
write base data version: 603000, memory: 5119533056 bytes (4882.37 MB)
write base data version: 603100, memory: 5119533056 bytes (4882.37 MB)
write base data version: 603200, memory: 5120114688 bytes (4882.92 MB)
write base data version: 603300, memory: 5120114688 bytes (4882.92 MB)
write base data version: 603400, memory: 5120114688 bytes (4882.92 MB)
write base data version: 603500, memory: 5120114688 bytes (4882.92 MB)
write base data version: 603600, memory: 5120114688 bytes (4882.92 MB)
write base data version: 603700, memory: 5120114688 bytes (4882.92 MB)
write base data version: 603800, memory: 5120114688 bytes (4882.92 MB)
write base data version: 603900, memory: 5120114688 bytes (4882.92 MB)
write base data version: 604000, memory: 5120114688 bytes (4882.92 MB)
write base data version: 604100, memory: 5120114688 bytes (4882.92 MB)
write base data version: 604200, memory: 5120151552 bytes (4882.96 MB)
write base data version: 604300, memory: 5120151552 bytes (4882.96 MB)
write base data version: 604400, memory: 5120479232 bytes (4883.27 MB)
write base data version: 604500, memory: 5120479232 bytes (4883.27 MB)
write base data version: 604600, memory: 5120479232 bytes (4883.27 MB)
write base data version: 604700, memory: 5120479232 bytes (4883.27 MB)
write base data version: 604800, memory: 5120479232 bytes (4883.27 MB)
write base data version: 604900, memory: 5120638976 bytes (4883.42 MB)
write base data version: 605000, memory: 5120638976 bytes (4883.42 MB)
write base data version: 605100, memory: 5120638976 bytes (4883.42 MB)
write base data version: 605200, memory: 5120638976 bytes (4883.42 MB)
write base data version: 605300, memory: 5120638976 bytes (4883.42 MB)
write base data version: 605400, memory: 5120729088 bytes (4883.51 MB)
write base data version: 605500, memory: 5120729088 bytes (4883.51 MB)
write base data version: 605600, memory: 5120729088 bytes (4883.51 MB)
write base data version: 605700, memory: 5120729088 bytes (4883.51 MB)
write base data version: 605800, memory: 5120884736 bytes (4883.66 MB)
write base data version: 605900, memory: 5121347584 bytes (4884.10 MB)
write base data version: 606000, memory: 5121347584 bytes (4884.10 MB)
write base data version: 606100, memory: 5121347584 bytes (4884.10 MB)
write base data version: 606200, memory: 5121347584 bytes (4884.10 MB)
write base data version: 606300, memory: 5121347584 bytes (4884.10 MB)
write base data version: 606400, memory: 5121425408 bytes (4884.17 MB)
write base data version: 606500, memory: 5121425408 bytes (4884.17 MB)
write base data version: 606600, memory: 5121425408 bytes (4884.17 MB)
write base data version: 606700, memory: 5121433600 bytes (4884.18 MB)
write base data version: 606800, memory: 5121433600 bytes (4884.18 MB)
write base data version: 606900, memory: 5121433600 bytes (4884.18 MB)
write base data version: 607000, memory: 5121433600 bytes (4884.18 MB)
write base data version: 607100, memory: 5121478656 bytes (4884.22 MB)
write base data version: 607200, memory: 5121552384 bytes (4884.29 MB)
write base data version: 607300, memory: 5121552384 bytes (4884.29 MB)
write base data version: 607400, memory: 5121597440 bytes (4884.34 MB)
write base data version: 607500, memory: 5121626112 bytes (4884.36 MB)
write base data version: 607600, memory: 5121679360 bytes (4884.41 MB)
write base data version: 607700, memory: 5121679360 bytes (4884.41 MB)
write base data version: 607800, memory: 5122400256 bytes (4885.10 MB)
write base data version: 607900, memory: 5122674688 bytes (4885.36 MB)
write base data version: 608000, memory: 5122674688 bytes (4885.36 MB)
write base data version: 608100, memory: 5122674688 bytes (4885.36 MB)
write base data version: 608200, memory: 5122674688 bytes (4885.36 MB)
write base data version: 608300, memory: 5122674688 bytes (4885.36 MB)
write base data version: 608400, memory: 5122674688 bytes (4885.36 MB)
write base data version: 608500, memory: 5122682880 bytes (4885.37 MB)
write base data version: 608600, memory: 5122682880 bytes (4885.37 MB)
write base data version: 608700, memory: 5122682880 bytes (4885.37 MB)
write base data version: 608800, memory: 5122682880 bytes (4885.37 MB)
write base data version: 608900, memory: 5122682880 bytes (4885.37 MB)
write base data version: 609000, memory: 5122682880 bytes (4885.37 MB)
write base data version: 609100, memory: 5122682880 bytes (4885.37 MB)
write base data version: 609200, memory: 5122682880 bytes (4885.37 MB)
write base data version: 609300, memory: 5122682880 bytes (4885.37 MB)
write base data version: 609400, memory: 5122682880 bytes (4885.37 MB)
write base data version: 609500, memory: 5123174400 bytes (4885.84 MB)
write base data version: 609600, memory: 5123174400 bytes (4885.84 MB)
write base data version: 609700, memory: 5123174400 bytes (4885.84 MB)
write base data version: 609800, memory: 5123174400 bytes (4885.84 MB)
write base data version: 609900, memory: 5123174400 bytes (4885.84 MB)
write base data version: 610000, memory: 5123174400 bytes (4885.84 MB)
write base data version: 610100, memory: 5123174400 bytes (4885.84 MB)
write base data version: 610200, memory: 5123174400 bytes (4885.84 MB)
write base data version: 610300, memory: 5123174400 bytes (4885.84 MB)
write base data version: 610400, memory: 5123174400 bytes (4885.84 MB)
write base data version: 610500, memory: 5123174400 bytes (4885.84 MB)
write base data version: 610600, memory: 5123371008 bytes (4886.03 MB)
write base data version: 610700, memory: 5123567616 bytes (4886.21 MB)
write base data version: 610800, memory: 5123612672 bytes (4886.26 MB)
write base data version: 610900, memory: 5123612672 bytes (4886.26 MB)
write base data version: 611000, memory: 5123612672 bytes (4886.26 MB)
write base data version: 611100, memory: 5123612672 bytes (4886.26 MB)
write base data version: 611200, memory: 5123612672 bytes (4886.26 MB)
write base data version: 611300, memory: 5123612672 bytes (4886.26 MB)
write base data version: 611400, memory: 5123612672 bytes (4886.26 MB)
write base data version: 611500, memory: 5124038656 bytes (4886.66 MB)
write base data version: 611600, memory: 5147377664 bytes (4908.92 MB)
write base data version: 611700, memory: 5158105088 bytes (4919.15 MB)
write base data version: 611800, memory: 5158105088 bytes (4919.15 MB)
write base data version: 611900, memory: 5158105088 bytes (4919.15 MB)
write base data version: 612000, memory: 5158129664 bytes (4919.18 MB)
write base data version: 612100, memory: 5158129664 bytes (4919.18 MB)
write base data version: 612200, memory: 5158129664 bytes (4919.18 MB)
write base data version: 612300, memory: 5158129664 bytes (4919.18 MB)
write base data version: 612400, memory: 5158129664 bytes (4919.18 MB)
write base data version: 612500, memory: 5158129664 bytes (4919.18 MB)
write base data version: 612600, memory: 5158129664 bytes (4919.18 MB)
write base data version: 612700, memory: 5158129664 bytes (4919.18 MB)
write base data version: 612800, memory: 5158129664 bytes (4919.18 MB)
write base data version: 612900, memory: 5158129664 bytes (4919.18 MB)
write base data version: 613000, memory: 5158129664 bytes (4919.18 MB)
write base data version: 613100, memory: 5158129664 bytes (4919.18 MB)
write base data version: 613200, memory: 5158129664 bytes (4919.18 MB)
write base data version: 613300, memory: 5158129664 bytes (4919.18 MB)
write base data version: 613400, memory: 5158129664 bytes (4919.18 MB)
write base data version: 613500, memory: 5158129664 bytes (4919.18 MB)
write base data version: 613600, memory: 5158129664 bytes (4919.18 MB)
write base data version: 613700, memory: 5158129664 bytes (4919.18 MB)
write base data version: 613800, memory: 5158129664 bytes (4919.18 MB)
write base data version: 613900, memory: 5158129664 bytes (4919.18 MB)
write base data version: 614000, memory: 5158129664 bytes (4919.18 MB)
write base data version: 614100, memory: 5158129664 bytes (4919.18 MB)
write base data version: 614200, memory: 5158129664 bytes (4919.18 MB)
write base data version: 614300, memory: 5158129664 bytes (4919.18 MB)
write base data version: 614400, memory: 5158129664 bytes (4919.18 MB)
write base data version: 614500, memory: 5158129664 bytes (4919.18 MB)
write base data version: 614600, memory: 5158129664 bytes (4919.18 MB)
write base data version: 614700, memory: 5158129664 bytes (4919.18 MB)
write base data version: 614800, memory: 5158129664 bytes (4919.18 MB)
write base data version: 614900, memory: 5158129664 bytes (4919.18 MB)
write base data version: 615000, memory: 5158129664 bytes (4919.18 MB)
write base data version: 615100, memory: 5158129664 bytes (4919.18 MB)
write base data version: 615200, memory: 5158129664 bytes (4919.18 MB)
write base data version: 615300, memory: 5158129664 bytes (4919.18 MB)
write base data version: 615400, memory: 5158129664 bytes (4919.18 MB)
write base data version: 615500, memory: 5158129664 bytes (4919.18 MB)
write base data version: 615600, memory: 5158129664 bytes (4919.18 MB)
write base data version: 615700, memory: 5158129664 bytes (4919.18 MB)
write base data version: 615800, memory: 5158129664 bytes (4919.18 MB)
write base data version: 615900, memory: 5158129664 bytes (4919.18 MB)
write base data version: 616000, memory: 5158129664 bytes (4919.18 MB)
write base data version: 616100, memory: 5158129664 bytes (4919.18 MB)
write base data version: 616200, memory: 5158129664 bytes (4919.18 MB)
write base data version: 616300, memory: 5158129664 bytes (4919.18 MB)
write base data version: 616400, memory: 5158129664 bytes (4919.18 MB)
write base data version: 616500, memory: 5158129664 bytes (4919.18 MB)
write base data version: 616600, memory: 5158129664 bytes (4919.18 MB)
write base data version: 616700, memory: 5158129664 bytes (4919.18 MB)
write base data version: 616800, memory: 5158129664 bytes (4919.18 MB)
write base data version: 616900, memory: 5158129664 bytes (4919.18 MB)
write base data version: 617000, memory: 5158129664 bytes (4919.18 MB)
write base data version: 617100, memory: 5158129664 bytes (4919.18 MB)
write base data version: 617200, memory: 5158129664 bytes (4919.18 MB)
write base data version: 617300, memory: 5158129664 bytes (4919.18 MB)
write base data version: 617400, memory: 5158129664 bytes (4919.18 MB)
write base data version: 617500, memory: 5158129664 bytes (4919.18 MB)
write base data version: 617600, memory: 5158129664 bytes (4919.18 MB)
write base data version: 617700, memory: 5158129664 bytes (4919.18 MB)
write base data version: 617800, memory: 5158129664 bytes (4919.18 MB)
write base data version: 617900, memory: 5158129664 bytes (4919.18 MB)
write base data version: 618000, memory: 5158129664 bytes (4919.18 MB)
write base data version: 618100, memory: 5158129664 bytes (4919.18 MB)
write base data version: 618200, memory: 5158129664 bytes (4919.18 MB)
write base data version: 618300, memory: 5158129664 bytes (4919.18 MB)
write base data version: 618400, memory: 5158129664 bytes (4919.18 MB)
write base data version: 618500, memory: 5158129664 bytes (4919.18 MB)
write base data version: 618600, memory: 5158129664 bytes (4919.18 MB)
write base data version: 618700, memory: 5158129664 bytes (4919.18 MB)
write base data version: 618800, memory: 5158129664 bytes (4919.18 MB)
write base data version: 618900, memory: 5158129664 bytes (4919.18 MB)
write base data version: 619000, memory: 5158129664 bytes (4919.18 MB)
write base data version: 619100, memory: 5158129664 bytes (4919.18 MB)
write base data version: 619200, memory: 5158129664 bytes (4919.18 MB)
write base data version: 619300, memory: 5158129664 bytes (4919.18 MB)
write base data version: 619400, memory: 5158129664 bytes (4919.18 MB)
write base data version: 619500, memory: 5158129664 bytes (4919.18 MB)
write base data version: 619600, memory: 5158129664 bytes (4919.18 MB)
write base data version: 619700, memory: 5158129664 bytes (4919.18 MB)
write base data version: 619800, memory: 5158129664 bytes (4919.18 MB)
write base data version: 619900, memory: 5158129664 bytes (4919.18 MB)
write base data version: 620000, memory: 5158129664 bytes (4919.18 MB)
write base data version: 620100, memory: 5158129664 bytes (4919.18 MB)
write base data version: 620200, memory: 5158129664 bytes (4919.18 MB)
write base data version: 620300, memory: 5158129664 bytes (4919.18 MB)
write base data version: 620400, memory: 5158129664 bytes (4919.18 MB)
write base data version: 620500, memory: 5158129664 bytes (4919.18 MB)
write base data version: 620600, memory: 5158129664 bytes (4919.18 MB)
write base data version: 620700, memory: 5158129664 bytes (4919.18 MB)
write base data version: 620800, memory: 5158129664 bytes (4919.18 MB)
write base data version: 620900, memory: 5158129664 bytes (4919.18 MB)
write base data version: 621000, memory: 5158129664 bytes (4919.18 MB)
write base data version: 621100, memory: 5158129664 bytes (4919.18 MB)
write base data version: 621200, memory: 5158129664 bytes (4919.18 MB)
write base data version: 621300, memory: 5158129664 bytes (4919.18 MB)
write base data version: 621400, memory: 5158129664 bytes (4919.18 MB)
write base data version: 621500, memory: 5158129664 bytes (4919.18 MB)
write base data version: 621600, memory: 5158129664 bytes (4919.18 MB)
write base data version: 621700, memory: 5158129664 bytes (4919.18 MB)
write base data version: 621800, memory: 5158129664 bytes (4919.18 MB)
write base data version: 621900, memory: 5158129664 bytes (4919.18 MB)
write base data version: 622000, memory: 5158129664 bytes (4919.18 MB)
write base data version: 622100, memory: 5158129664 bytes (4919.18 MB)
write base data version: 622200, memory: 5158129664 bytes (4919.18 MB)
write base data version: 622300, memory: 5158129664 bytes (4919.18 MB)
write base data version: 622400, memory: 5158129664 bytes (4919.18 MB)
write base data version: 622500, memory: 5158129664 bytes (4919.18 MB)
write base data version: 622600, memory: 5158129664 bytes (4919.18 MB)
write base data version: 622700, memory: 5158129664 bytes (4919.18 MB)
write base data version: 622800, memory: 5158129664 bytes (4919.18 MB)
write base data version: 622900, memory: 5158129664 bytes (4919.18 MB)
write base data version: 623000, memory: 5158129664 bytes (4919.18 MB)
write base data version: 623100, memory: 5158129664 bytes (4919.18 MB)
write base data version: 623200, memory: 5158129664 bytes (4919.18 MB)
write base data version: 623300, memory: 5158129664 bytes (4919.18 MB)
write base data version: 623400, memory: 5158129664 bytes (4919.18 MB)
write base data version: 623500, memory: 5158129664 bytes (4919.18 MB)
write base data version: 623600, memory: 5158129664 bytes (4919.18 MB)
write base data version: 623700, memory: 5158129664 bytes (4919.18 MB)
write base data version: 623800, memory: 5158129664 bytes (4919.18 MB)
write base data version: 623900, memory: 5158129664 bytes (4919.18 MB)
write base data version: 624000, memory: 5158129664 bytes (4919.18 MB)
write base data version: 624100, memory: 5158129664 bytes (4919.18 MB)
write base data version: 624200, memory: 5158129664 bytes (4919.18 MB)
write base data version: 624300, memory: 5158129664 bytes (4919.18 MB)
write base data version: 624400, memory: 5158129664 bytes (4919.18 MB)
write base data version: 624500, memory: 5158129664 bytes (4919.18 MB)
write base data version: 624600, memory: 5158129664 bytes (4919.18 MB)
write base data version: 624700, memory: 5158129664 bytes (4919.18 MB)
write base data version: 624800, memory: 5158129664 bytes (4919.18 MB)
write base data version: 624900, memory: 5158129664 bytes (4919.18 MB)
write base data version: 625000, memory: 5158129664 bytes (4919.18 MB)
write base data version: 625100, memory: 5158129664 bytes (4919.18 MB)
write base data version: 625200, memory: 5158129664 bytes (4919.18 MB)
write base data version: 625300, memory: 5158129664 bytes (4919.18 MB)
write base data version: 625400, memory: 5158129664 bytes (4919.18 MB)
write base data version: 625500, memory: 5158129664 bytes (4919.18 MB)
write base data version: 625600, memory: 5158129664 bytes (4919.18 MB)
write base data version: 625700, memory: 5158129664 bytes (4919.18 MB)
write base data version: 625800, memory: 5158129664 bytes (4919.18 MB)
write base data version: 625900, memory: 5158129664 bytes (4919.18 MB)
write base data version: 626000, memory: 5158129664 bytes (4919.18 MB)
write base data version: 626100, memory: 5158129664 bytes (4919.18 MB)
write base data version: 626200, memory: 5158129664 bytes (4919.18 MB)
write base data version: 626300, memory: 5158129664 bytes (4919.18 MB)
write base data version: 626400, memory: 5158129664 bytes (4919.18 MB)
write base data version: 626500, memory: 5158129664 bytes (4919.18 MB)
write base data version: 626600, memory: 5158129664 bytes (4919.18 MB)
write base data version: 626700, memory: 5158129664 bytes (4919.18 MB)
write base data version: 626800, memory: 5158129664 bytes (4919.18 MB)
write base data version: 626900, memory: 5158129664 bytes (4919.18 MB)
write base data version: 627000, memory: 5158129664 bytes (4919.18 MB)
write base data version: 627100, memory: 5158129664 bytes (4919.18 MB)
write base data version: 627200, memory: 5158129664 bytes (4919.18 MB)
write base data version: 627300, memory: 5158129664 bytes (4919.18 MB)
write base data version: 627400, memory: 5158129664 bytes (4919.18 MB)
write base data version: 627500, memory: 5158129664 bytes (4919.18 MB)
write base data version: 627600, memory: 5158129664 bytes (4919.18 MB)
write base data version: 627700, memory: 5158129664 bytes (4919.18 MB)
write base data version: 627800, memory: 5158129664 bytes (4919.18 MB)
write base data version: 627900, memory: 5158129664 bytes (4919.18 MB)
write base data version: 628000, memory: 5158129664 bytes (4919.18 MB)
write base data version: 628100, memory: 5158129664 bytes (4919.18 MB)
write base data version: 628200, memory: 5158129664 bytes (4919.18 MB)
write base data version: 628300, memory: 5158129664 bytes (4919.18 MB)
write base data version: 628400, memory: 5158129664 bytes (4919.18 MB)
write base data version: 628500, memory: 5158129664 bytes (4919.18 MB)
write base data version: 628600, memory: 5158129664 bytes (4919.18 MB)
write base data version: 628700, memory: 5158129664 bytes (4919.18 MB)
write base data version: 628800, memory: 5158129664 bytes (4919.18 MB)
write base data version: 628900, memory: 5158129664 bytes (4919.18 MB)
write base data version: 629000, memory: 5158129664 bytes (4919.18 MB)
write base data version: 629100, memory: 5158129664 bytes (4919.18 MB)
write base data version: 629200, memory: 5158129664 bytes (4919.18 MB)
write base data version: 629300, memory: 5158129664 bytes (4919.18 MB)
write base data version: 629400, memory: 5158129664 bytes (4919.18 MB)
write base data version: 629500, memory: 5158129664 bytes (4919.18 MB)
write base data version: 629600, memory: 5158129664 bytes (4919.18 MB)
write base data version: 629700, memory: 5158129664 bytes (4919.18 MB)
write base data version: 629800, memory: 5158129664 bytes (4919.18 MB)
write base data version: 629900, memory: 5158129664 bytes (4919.18 MB)
write base data version: 630000, memory: 5158129664 bytes (4919.18 MB)
write base data version: 630100, memory: 5158129664 bytes (4919.18 MB)
write base data version: 630200, memory: 5158129664 bytes (4919.18 MB)
write base data version: 630300, memory: 5158129664 bytes (4919.18 MB)
write base data version: 630400, memory: 5158129664 bytes (4919.18 MB)
write base data version: 630500, memory: 5158129664 bytes (4919.18 MB)
write base data version: 630600, memory: 5158129664 bytes (4919.18 MB)
write base data version: 630700, memory: 5158129664 bytes (4919.18 MB)
write base data version: 630800, memory: 5158129664 bytes (4919.18 MB)
write base data version: 630900, memory: 5158129664 bytes (4919.18 MB)
write base data version: 631000, memory: 5158129664 bytes (4919.18 MB)
write base data version: 631100, memory: 5158129664 bytes (4919.18 MB)
write base data version: 631200, memory: 5158129664 bytes (4919.18 MB)
write base data version: 631300, memory: 5158129664 bytes (4919.18 MB)
write base data version: 631400, memory: 5158129664 bytes (4919.18 MB)
write base data version: 631500, memory: 5158129664 bytes (4919.18 MB)
write base data version: 631600, memory: 5158129664 bytes (4919.18 MB)
write base data version: 631700, memory: 5158129664 bytes (4919.18 MB)
write base data version: 631800, memory: 5158129664 bytes (4919.18 MB)
write base data version: 631900, memory: 5158129664 bytes (4919.18 MB)
write base data version: 632000, memory: 5158129664 bytes (4919.18 MB)
write base data version: 632100, memory: 5158129664 bytes (4919.18 MB)
write base data version: 632200, memory: 5158129664 bytes (4919.18 MB)
write base data version: 632300, memory: 5158129664 bytes (4919.18 MB)
write base data version: 632400, memory: 5158129664 bytes (4919.18 MB)
write base data version: 632500, memory: 5158129664 bytes (4919.18 MB)
write base data version: 632600, memory: 5158129664 bytes (4919.18 MB)
write base data version: 632700, memory: 5158129664 bytes (4919.18 MB)
write base data version: 632800, memory: 5158129664 bytes (4919.18 MB)
write base data version: 632900, memory: 5158129664 bytes (4919.18 MB)
write base data version: 633000, memory: 5158129664 bytes (4919.18 MB)
write base data version: 633100, memory: 5158129664 bytes (4919.18 MB)
write base data version: 633200, memory: 5158129664 bytes (4919.18 MB)
write base data version: 633300, memory: 5158129664 bytes (4919.18 MB)
write base data version: 633400, memory: 5158129664 bytes (4919.18 MB)
write base data version: 633500, memory: 5158129664 bytes (4919.18 MB)
write base data version: 633600, memory: 5158129664 bytes (4919.18 MB)
write base data version: 633700, memory: 5158129664 bytes (4919.18 MB)
write base data version: 633800, memory: 5158129664 bytes (4919.18 MB)
write base data version: 633900, memory: 5158129664 bytes (4919.18 MB)
write base data version: 634000, memory: 5158129664 bytes (4919.18 MB)
write base data version: 634100, memory: 5158129664 bytes (4919.18 MB)
write base data version: 634200, memory: 5158129664 bytes (4919.18 MB)
write base data version: 634300, memory: 5158129664 bytes (4919.18 MB)
write base data version: 634400, memory: 5158129664 bytes (4919.18 MB)
write base data version: 634500, memory: 5158129664 bytes (4919.18 MB)
write base data version: 634600, memory: 5158129664 bytes (4919.18 MB)
write base data version: 634700, memory: 5158129664 bytes (4919.18 MB)
write base data version: 634800, memory: 5158129664 bytes (4919.18 MB)
write base data version: 634900, memory: 5158129664 bytes (4919.18 MB)
write base data version: 635000, memory: 5158129664 bytes (4919.18 MB)
write base data version: 635100, memory: 5158129664 bytes (4919.18 MB)
write base data version: 635200, memory: 5158129664 bytes (4919.18 MB)
write base data version: 635300, memory: 5158129664 bytes (4919.18 MB)
write base data version: 635400, memory: 5158129664 bytes (4919.18 MB)
write base data version: 635500, memory: 5158129664 bytes (4919.18 MB)
write base data version: 635600, memory: 5158129664 bytes (4919.18 MB)
write base data version: 635700, memory: 5158129664 bytes (4919.18 MB)
write base data version: 635800, memory: 5158129664 bytes (4919.18 MB)
write base data version: 635900, memory: 5158129664 bytes (4919.18 MB)
write base data version: 636000, memory: 5158129664 bytes (4919.18 MB)
write base data version: 636100, memory: 5158129664 bytes (4919.18 MB)
write base data version: 636200, memory: 5158129664 bytes (4919.18 MB)
write base data version: 636300, memory: 5158129664 bytes (4919.18 MB)
write base data version: 636400, memory: 5158129664 bytes (4919.18 MB)
write base data version: 636500, memory: 5158129664 bytes (4919.18 MB)
write base data version: 636600, memory: 5158129664 bytes (4919.18 MB)
write base data version: 636700, memory: 5158129664 bytes (4919.18 MB)
write base data version: 636800, memory: 5158129664 bytes (4919.18 MB)
write base data version: 636900, memory: 5158129664 bytes (4919.18 MB)
write base data version: 637000, memory: 5158129664 bytes (4919.18 MB)
write base data version: 637100, memory: 5158129664 bytes (4919.18 MB)
write base data version: 637200, memory: 5158129664 bytes (4919.18 MB)
write base data version: 637300, memory: 5158129664 bytes (4919.18 MB)
write base data version: 637400, memory: 5158129664 bytes (4919.18 MB)
write base data version: 637500, memory: 5158129664 bytes (4919.18 MB)
write base data version: 637600, memory: 5158129664 bytes (4919.18 MB)
write base data version: 637700, memory: 5158129664 bytes (4919.18 MB)
write base data version: 637800, memory: 5158129664 bytes (4919.18 MB)
write base data version: 637900, memory: 5158129664 bytes (4919.18 MB)
write base data version: 638000, memory: 5158129664 bytes (4919.18 MB)
write base data version: 638100, memory: 5158129664 bytes (4919.18 MB)
write base data version: 638200, memory: 5158129664 bytes (4919.18 MB)
write base data version: 638300, memory: 5158129664 bytes (4919.18 MB)
write base data version: 638400, memory: 5158129664 bytes (4919.18 MB)
write base data version: 638500, memory: 5158129664 bytes (4919.18 MB)
write base data version: 638600, memory: 5158129664 bytes (4919.18 MB)
write base data version: 638700, memory: 5158129664 bytes (4919.18 MB)
write base data version: 638800, memory: 5158129664 bytes (4919.18 MB)
write base data version: 638900, memory: 5158129664 bytes (4919.18 MB)
write base data version: 639000, memory: 5158129664 bytes (4919.18 MB)
write base data version: 639100, memory: 5158129664 bytes (4919.18 MB)
write base data version: 639200, memory: 5158129664 bytes (4919.18 MB)
write base data version: 639300, memory: 5158129664 bytes (4919.18 MB)
write base data version: 639400, memory: 5158129664 bytes (4919.18 MB)
write base data version: 639500, memory: 5158129664 bytes (4919.18 MB)
write base data version: 639600, memory: 5158129664 bytes (4919.18 MB)
write base data version: 639700, memory: 5158129664 bytes (4919.18 MB)
write base data version: 639800, memory: 5158129664 bytes (4919.18 MB)
write base data version: 639900, memory: 5158129664 bytes (4919.18 MB)
write base data version: 640000, memory: 5158129664 bytes (4919.18 MB)
write base data version: 640100, memory: 5158129664 bytes (4919.18 MB)
write base data version: 640200, memory: 5158129664 bytes (4919.18 MB)
write base data version: 640300, memory: 5158129664 bytes (4919.18 MB)
write base data version: 640400, memory: 5158129664 bytes (4919.18 MB)
write base data version: 640500, memory: 5158129664 bytes (4919.18 MB)
write base data version: 640600, memory: 5158129664 bytes (4919.18 MB)
write base data version: 640700, memory: 5158129664 bytes (4919.18 MB)
write base data version: 640800, memory: 5158129664 bytes (4919.18 MB)
write base data version: 640900, memory: 5158129664 bytes (4919.18 MB)
write base data version: 641000, memory: 5158129664 bytes (4919.18 MB)
write base data version: 641100, memory: 5158129664 bytes (4919.18 MB)
write base data version: 641200, memory: 5158129664 bytes (4919.18 MB)
write base data version: 641300, memory: 5158129664 bytes (4919.18 MB)
write base data version: 641400, memory: 5158129664 bytes (4919.18 MB)
write base data version: 641500, memory: 5158129664 bytes (4919.18 MB)
write base data version: 641600, memory: 5158129664 bytes (4919.18 MB)
write base data version: 641700, memory: 5158129664 bytes (4919.18 MB)
write base data version: 641800, memory: 5158129664 bytes (4919.18 MB)
write base data version: 641900, memory: 5158129664 bytes (4919.18 MB)
write base data version: 642000, memory: 5158129664 bytes (4919.18 MB)
write base data version: 642100, memory: 5158129664 bytes (4919.18 MB)
write base data version: 642200, memory: 5158129664 bytes (4919.18 MB)
write base data version: 642300, memory: 5158129664 bytes (4919.18 MB)
write base data version: 642400, memory: 5158129664 bytes (4919.18 MB)
write base data version: 642500, memory: 5158129664 bytes (4919.18 MB)
write base data version: 642600, memory: 5158129664 bytes (4919.18 MB)
write base data version: 642700, memory: 5158129664 bytes (4919.18 MB)
write base data version: 642800, memory: 5158129664 bytes (4919.18 MB)
write base data version: 642900, memory: 5158129664 bytes (4919.18 MB)
write base data version: 643000, memory: 5158129664 bytes (4919.18 MB)
write base data version: 643100, memory: 5158129664 bytes (4919.18 MB)
write base data version: 643200, memory: 5158129664 bytes (4919.18 MB)
write base data version: 643300, memory: 5158129664 bytes (4919.18 MB)
write base data version: 643400, memory: 5158129664 bytes (4919.18 MB)
write base data version: 643500, memory: 5158129664 bytes (4919.18 MB)
write base data version: 643600, memory: 5158129664 bytes (4919.18 MB)
write base data version: 643700, memory: 5158129664 bytes (4919.18 MB)
write base data version: 643800, memory: 5158129664 bytes (4919.18 MB)
write base data version: 643900, memory: 5158129664 bytes (4919.18 MB)
write base data version: 644000, memory: 5158129664 bytes (4919.18 MB)
write base data version: 644100, memory: 5158129664 bytes (4919.18 MB)
write base data version: 644200, memory: 5158129664 bytes (4919.18 MB)
write base data version: 644300, memory: 5158129664 bytes (4919.18 MB)
write base data version: 644400, memory: 5158129664 bytes (4919.18 MB)
write base data version: 644500, memory: 5158129664 bytes (4919.18 MB)
write base data version: 644600, memory: 5158129664 bytes (4919.18 MB)
write base data version: 644700, memory: 5158129664 bytes (4919.18 MB)
write base data version: 644800, memory: 5158129664 bytes (4919.18 MB)
write base data version: 644900, memory: 5158129664 bytes (4919.18 MB)
write base data version: 645000, memory: 5158129664 bytes (4919.18 MB)
write base data version: 645100, memory: 5158129664 bytes (4919.18 MB)
write base data version: 645200, memory: 5158129664 bytes (4919.18 MB)
write base data version: 645300, memory: 5158129664 bytes (4919.18 MB)
write base data version: 645400, memory: 5158129664 bytes (4919.18 MB)
write base data version: 645500, memory: 5158129664 bytes (4919.18 MB)
write base data version: 645600, memory: 5158129664 bytes (4919.18 MB)
write base data version: 645700, memory: 5158129664 bytes (4919.18 MB)
write base data version: 645800, memory: 5158129664 bytes (4919.18 MB)
write base data version: 645900, memory: 5158129664 bytes (4919.18 MB)
write base data version: 646000, memory: 5158129664 bytes (4919.18 MB)
write base data version: 646100, memory: 5158129664 bytes (4919.18 MB)
write base data version: 646200, memory: 5158129664 bytes (4919.18 MB)
write base data version: 646300, memory: 5158129664 bytes (4919.18 MB)
write base data version: 646400, memory: 5158129664 bytes (4919.18 MB)
write base data version: 646500, memory: 5158129664 bytes (4919.18 MB)
write base data version: 646600, memory: 5158129664 bytes (4919.18 MB)
write base data version: 646700, memory: 5158129664 bytes (4919.18 MB)
write base data version: 646800, memory: 5158129664 bytes (4919.18 MB)
write base data version: 646900, memory: 5158129664 bytes (4919.18 MB)
write base data version: 647000, memory: 5158129664 bytes (4919.18 MB)
write base data version: 647100, memory: 5158129664 bytes (4919.18 MB)
write base data version: 647200, memory: 5158129664 bytes (4919.18 MB)
write base data version: 647300, memory: 5158129664 bytes (4919.18 MB)
write base data version: 647400, memory: 5158129664 bytes (4919.18 MB)
write base data version: 647500, memory: 5158129664 bytes (4919.18 MB)
write base data version: 647600, memory: 5158129664 bytes (4919.18 MB)
write base data version: 647700, memory: 5158129664 bytes (4919.18 MB)
write base data version: 647800, memory: 5158129664 bytes (4919.18 MB)
write base data version: 647900, memory: 5158129664 bytes (4919.18 MB)
write base data version: 648000, memory: 5158129664 bytes (4919.18 MB)
write base data version: 648100, memory: 5158129664 bytes (4919.18 MB)
write base data version: 648200, memory: 5158129664 bytes (4919.18 MB)
write base data version: 648300, memory: 5158129664 bytes (4919.18 MB)
write base data version: 648400, memory: 5158129664 bytes (4919.18 MB)
write base data version: 648500, memory: 5158129664 bytes (4919.18 MB)
write base data version: 648600, memory: 5158129664 bytes (4919.18 MB)
write base data version: 648700, memory: 5158129664 bytes (4919.18 MB)
write base data version: 648800, memory: 5158129664 bytes (4919.18 MB)
write base data version: 648900, memory: 5158129664 bytes (4919.18 MB)
write base data version: 649000, memory: 5158129664 bytes (4919.18 MB)
write base data version: 649100, memory: 5158129664 bytes (4919.18 MB)
write base data version: 649200, memory: 5158129664 bytes (4919.18 MB)
write base data version: 649300, memory: 5158129664 bytes (4919.18 MB)
write base data version: 649400, memory: 5158129664 bytes (4919.18 MB)
write base data version: 649500, memory: 5158129664 bytes (4919.18 MB)
write base data version: 649600, memory: 5158129664 bytes (4919.18 MB)
write base data version: 649700, memory: 5158129664 bytes (4919.18 MB)
write base data version: 649800, memory: 5158129664 bytes (4919.18 MB)
write base data version: 649900, memory: 5158129664 bytes (4919.18 MB)
write base data version: 650000, memory: 5158129664 bytes (4919.18 MB)
write base data version: 650100, memory: 5158129664 bytes (4919.18 MB)
write base data version: 650200, memory: 5158129664 bytes (4919.18 MB)
write base data version: 650300, memory: 5158129664 bytes (4919.18 MB)
write base data version: 650400, memory: 5158129664 bytes (4919.18 MB)
write base data version: 650500, memory: 5158129664 bytes (4919.18 MB)
write base data version: 650600, memory: 5158129664 bytes (4919.18 MB)
write base data version: 650700, memory: 5158129664 bytes (4919.18 MB)
write base data version: 650800, memory: 5158129664 bytes (4919.18 MB)
write base data version: 650900, memory: 5158129664 bytes (4919.18 MB)
write base data version: 651000, memory: 5158129664 bytes (4919.18 MB)
write base data version: 651100, memory: 5158129664 bytes (4919.18 MB)
write base data version: 651200, memory: 5158129664 bytes (4919.18 MB)
write base data version: 651300, memory: 5158129664 bytes (4919.18 MB)
write base data version: 651400, memory: 5158129664 bytes (4919.18 MB)
write base data version: 651500, memory: 5158129664 bytes (4919.18 MB)
write base data version: 651600, memory: 5158129664 bytes (4919.18 MB)
write base data version: 651700, memory: 5158129664 bytes (4919.18 MB)
write base data version: 651800, memory: 5158129664 bytes (4919.18 MB)
write base data version: 651900, memory: 5158129664 bytes (4919.18 MB)
write base data version: 652000, memory: 5158129664 bytes (4919.18 MB)
write base data version: 652100, memory: 5158129664 bytes (4919.18 MB)
write base data version: 652200, memory: 5158129664 bytes (4919.18 MB)
write base data version: 652300, memory: 5158129664 bytes (4919.18 MB)
write base data version: 652400, memory: 5158129664 bytes (4919.18 MB)
write base data version: 652500, memory: 5158129664 bytes (4919.18 MB)
write base data version: 652600, memory: 5158129664 bytes (4919.18 MB)
write base data version: 652700, memory: 5158129664 bytes (4919.18 MB)
write base data version: 652800, memory: 5158129664 bytes (4919.18 MB)
write base data version: 652900, memory: 5158129664 bytes (4919.18 MB)
write base data version: 653000, memory: 5158129664 bytes (4919.18 MB)
write base data version: 653100, memory: 5158129664 bytes (4919.18 MB)
write base data version: 653200, memory: 5158129664 bytes (4919.18 MB)
write base data version: 653300, memory: 5158129664 bytes (4919.18 MB)
write base data version: 653400, memory: 5158129664 bytes (4919.18 MB)
write base data version: 653500, memory: 5158129664 bytes (4919.18 MB)
write base data version: 653600, memory: 5158129664 bytes (4919.18 MB)
write base data version: 653700, memory: 5158129664 bytes (4919.18 MB)
write base data version: 653800, memory: 5158129664 bytes (4919.18 MB)
write base data version: 653900, memory: 5158129664 bytes (4919.18 MB)
write base data version: 654000, memory: 5158129664 bytes (4919.18 MB)
write base data version: 654100, memory: 5158129664 bytes (4919.18 MB)
write base data version: 654200, memory: 5158129664 bytes (4919.18 MB)
write base data version: 654300, memory: 5158129664 bytes (4919.18 MB)
write base data version: 654400, memory: 5158129664 bytes (4919.18 MB)
write base data version: 654500, memory: 5158129664 bytes (4919.18 MB)
write base data version: 654600, memory: 5158129664 bytes (4919.18 MB)
write base data version: 654700, memory: 5158129664 bytes (4919.18 MB)
write base data version: 654800, memory: 5158129664 bytes (4919.18 MB)
write base data version: 654900, memory: 5158129664 bytes (4919.18 MB)
write base data version: 655000, memory: 5158129664 bytes (4919.18 MB)
write base data version: 655100, memory: 5158129664 bytes (4919.18 MB)
write base data version: 655200, memory: 5158129664 bytes (4919.18 MB)
write base data version: 655300, memory: 5158129664 bytes (4919.18 MB)
write base data version: 655400, memory: 5158129664 bytes (4919.18 MB)
write base data version: 655500, memory: 5158129664 bytes (4919.18 MB)
write base data version: 655600, memory: 5158129664 bytes (4919.18 MB)
write base data version: 655700, memory: 5158129664 bytes (4919.18 MB)
write base data version: 655800, memory: 5158129664 bytes (4919.18 MB)
write base data version: 655900, memory: 5158129664 bytes (4919.18 MB)
write base data version: 656000, memory: 5158129664 bytes (4919.18 MB)
write base data version: 656100, memory: 5158129664 bytes (4919.18 MB)
write base data version: 656200, memory: 5158129664 bytes (4919.18 MB)
write base data version: 656300, memory: 5158129664 bytes (4919.18 MB)
write base data version: 656400, memory: 5158129664 bytes (4919.18 MB)
write base data version: 656500, memory: 5158129664 bytes (4919.18 MB)
write base data version: 656600, memory: 5158129664 bytes (4919.18 MB)
write base data version: 656700, memory: 5158129664 bytes (4919.18 MB)
write base data version: 656800, memory: 5158129664 bytes (4919.18 MB)
write base data version: 656900, memory: 5158129664 bytes (4919.18 MB)
write base data version: 657000, memory: 5158129664 bytes (4919.18 MB)
write base data version: 657100, memory: 5158129664 bytes (4919.18 MB)
write base data version: 657200, memory: 5158129664 bytes (4919.18 MB)
write base data version: 657300, memory: 5158129664 bytes (4919.18 MB)
write base data version: 657400, memory: 5158129664 bytes (4919.18 MB)
write base data version: 657500, memory: 5158129664 bytes (4919.18 MB)
write base data version: 657600, memory: 5158129664 bytes (4919.18 MB)
write base data version: 657700, memory: 5158129664 bytes (4919.18 MB)
write base data version: 657800, memory: 5158129664 bytes (4919.18 MB)
write base data version: 657900, memory: 5158129664 bytes (4919.18 MB)
write base data version: 658000, memory: 5158129664 bytes (4919.18 MB)
write base data version: 658100, memory: 5158129664 bytes (4919.18 MB)
write base data version: 658200, memory: 5158129664 bytes (4919.18 MB)
write base data version: 658300, memory: 5158129664 bytes (4919.18 MB)
write base data version: 658400, memory: 5158129664 bytes (4919.18 MB)
write base data version: 658500, memory: 5158129664 bytes (4919.18 MB)
write base data version: 658600, memory: 5158129664 bytes (4919.18 MB)
write base data version: 658700, memory: 5158129664 bytes (4919.18 MB)
write base data version: 658800, memory: 5158129664 bytes (4919.18 MB)
write base data version: 658900, memory: 5158129664 bytes (4919.18 MB)
write base data version: 659000, memory: 5158129664 bytes (4919.18 MB)
write base data version: 659100, memory: 5158129664 bytes (4919.18 MB)
write base data version: 659200, memory: 5158129664 bytes (4919.18 MB)
write base data version: 659300, memory: 5158129664 bytes (4919.18 MB)
write base data version: 659400, memory: 5158129664 bytes (4919.18 MB)
write base data version: 659500, memory: 5158129664 bytes (4919.18 MB)
write base data version: 659600, memory: 5158129664 bytes (4919.18 MB)
write base data version: 659700, memory: 5158129664 bytes (4919.18 MB)
write base data version: 659800, memory: 5158129664 bytes (4919.18 MB)
write base data version: 659900, memory: 5158129664 bytes (4919.18 MB)
write base data version: 660000, memory: 5158129664 bytes (4919.18 MB)
write base data version: 660100, memory: 5158129664 bytes (4919.18 MB)
write base data version: 660200, memory: 5158129664 bytes (4919.18 MB)
write base data version: 660300, memory: 5158129664 bytes (4919.18 MB)
write base data version: 660400, memory: 5158129664 bytes (4919.18 MB)
write base data version: 660500, memory: 5158129664 bytes (4919.18 MB)
write base data version: 660600, memory: 5158129664 bytes (4919.18 MB)
write base data version: 660700, memory: 5158129664 bytes (4919.18 MB)
write base data version: 660800, memory: 5158129664 bytes (4919.18 MB)
write base data version: 660900, memory: 5158129664 bytes (4919.18 MB)
write base data version: 661000, memory: 5158129664 bytes (4919.18 MB)
write base data version: 661100, memory: 5158129664 bytes (4919.18 MB)
write base data version: 661200, memory: 5158129664 bytes (4919.18 MB)
write base data version: 661300, memory: 5158129664 bytes (4919.18 MB)
write base data version: 661400, memory: 5158129664 bytes (4919.18 MB)
write base data version: 661500, memory: 5158129664 bytes (4919.18 MB)
write base data version: 661600, memory: 5158129664 bytes (4919.18 MB)
write base data version: 661700, memory: 5158129664 bytes (4919.18 MB)
write base data version: 661800, memory: 5158129664 bytes (4919.18 MB)
write base data version: 661900, memory: 5158129664 bytes (4919.18 MB)
write base data version: 662000, memory: 5158129664 bytes (4919.18 MB)
write base data version: 662100, memory: 5158129664 bytes (4919.18 MB)
write base data version: 662200, memory: 5158129664 bytes (4919.18 MB)
write base data version: 662300, memory: 5158129664 bytes (4919.18 MB)
write base data version: 662400, memory: 5158129664 bytes (4919.18 MB)
write base data version: 662500, memory: 5158129664 bytes (4919.18 MB)
write base data version: 662600, memory: 5158129664 bytes (4919.18 MB)
write base data version: 662700, memory: 5158129664 bytes (4919.18 MB)
write base data version: 662800, memory: 5158129664 bytes (4919.18 MB)
write base data version: 662900, memory: 5158129664 bytes (4919.18 MB)
write base data version: 663000, memory: 5158129664 bytes (4919.18 MB)
write base data version: 663100, memory: 5158129664 bytes (4919.18 MB)
write base data version: 663200, memory: 5158129664 bytes (4919.18 MB)
write base data version: 663300, memory: 5158129664 bytes (4919.18 MB)
write base data version: 663400, memory: 5158129664 bytes (4919.18 MB)
write base data version: 663500, memory: 5158129664 bytes (4919.18 MB)
write base data version: 663600, memory: 5158129664 bytes (4919.18 MB)
write base data version: 663700, memory: 5158129664 bytes (4919.18 MB)
write base data version: 663800, memory: 5158129664 bytes (4919.18 MB)
write base data version: 663900, memory: 5158129664 bytes (4919.18 MB)
write base data version: 664000, memory: 5158129664 bytes (4919.18 MB)
write base data version: 664100, memory: 5158129664 bytes (4919.18 MB)
write base data version: 664200, memory: 5158129664 bytes (4919.18 MB)
write base data version: 664300, memory: 5158129664 bytes (4919.18 MB)
write base data version: 664400, memory: 5158129664 bytes (4919.18 MB)
write base data version: 664500, memory: 5158129664 bytes (4919.18 MB)
write base data version: 664600, memory: 5158129664 bytes (4919.18 MB)
write base data version: 664700, memory: 5158129664 bytes (4919.18 MB)
write base data version: 664800, memory: 5158129664 bytes (4919.18 MB)
write base data version: 664900, memory: 5158129664 bytes (4919.18 MB)
write base data version: 665000, memory: 5158129664 bytes (4919.18 MB)
write base data version: 665100, memory: 5158129664 bytes (4919.18 MB)
write base data version: 665200, memory: 5158129664 bytes (4919.18 MB)
write base data version: 665300, memory: 5158129664 bytes (4919.18 MB)
write base data version: 665400, memory: 5158129664 bytes (4919.18 MB)
write base data version: 665500, memory: 5158129664 bytes (4919.18 MB)
write base data version: 665600, memory: 5158129664 bytes (4919.18 MB)
write base data version: 665700, memory: 5158129664 bytes (4919.18 MB)
write base data version: 665800, memory: 5158129664 bytes (4919.18 MB)
write base data version: 665900, memory: 5158129664 bytes (4919.18 MB)
write base data version: 666000, memory: 5158129664 bytes (4919.18 MB)
write base data version: 666100, memory: 5158129664 bytes (4919.18 MB)
write base data version: 666200, memory: 5158129664 bytes (4919.18 MB)
write base data version: 666300, memory: 5158129664 bytes (4919.18 MB)
write base data version: 666400, memory: 5158129664 bytes (4919.18 MB)
write base data version: 666500, memory: 5158129664 bytes (4919.18 MB)
write base data version: 666600, memory: 5158129664 bytes (4919.18 MB)
write base data version: 666700, memory: 5158129664 bytes (4919.18 MB)
write base data version: 666800, memory: 5158129664 bytes (4919.18 MB)
write base data version: 666900, memory: 5158129664 bytes (4919.18 MB)
write base data version: 667000, memory: 5158129664 bytes (4919.18 MB)
write base data version: 667100, memory: 5158129664 bytes (4919.18 MB)
write base data version: 667200, memory: 5158129664 bytes (4919.18 MB)
write base data version: 667300, memory: 5158129664 bytes (4919.18 MB)
write base data version: 667400, memory: 5158129664 bytes (4919.18 MB)
write base data version: 667500, memory: 5158129664 bytes (4919.18 MB)
write base data version: 667600, memory: 5158129664 bytes (4919.18 MB)
write base data version: 667700, memory: 5158129664 bytes (4919.18 MB)
write base data version: 667800, memory: 5158129664 bytes (4919.18 MB)
write base data version: 667900, memory: 5158129664 bytes (4919.18 MB)
write base data version: 668000, memory: 5158129664 bytes (4919.18 MB)
write base data version: 668100, memory: 5158129664 bytes (4919.18 MB)
write base data version: 668200, memory: 5158129664 bytes (4919.18 MB)
write base data version: 668300, memory: 5158129664 bytes (4919.18 MB)
write base data version: 668400, memory: 5158129664 bytes (4919.18 MB)
write base data version: 668500, memory: 5158129664 bytes (4919.18 MB)
write base data version: 668600, memory: 5158129664 bytes (4919.18 MB)
write base data version: 668700, memory: 5158129664 bytes (4919.18 MB)
write base data version: 668800, memory: 5158129664 bytes (4919.18 MB)
write base data version: 668900, memory: 5158129664 bytes (4919.18 MB)
write base data version: 669000, memory: 5158129664 bytes (4919.18 MB)
write base data version: 669100, memory: 5158129664 bytes (4919.18 MB)
write base data version: 669200, memory: 5158129664 bytes (4919.18 MB)
write base data version: 669300, memory: 5158129664 bytes (4919.18 MB)
write base data version: 669400, memory: 5158129664 bytes (4919.18 MB)
write base data version: 669500, memory: 5158129664 bytes (4919.18 MB)
write base data version: 669600, memory: 5158129664 bytes (4919.18 MB)
write base data version: 669700, memory: 5158129664 bytes (4919.18 MB)
write base data version: 669800, memory: 5158129664 bytes (4919.18 MB)
write base data version: 669900, memory: 5158129664 bytes (4919.18 MB)
write base data version: 670000, memory: 5158129664 bytes (4919.18 MB)
write base data version: 670100, memory: 5158129664 bytes (4919.18 MB)
write base data version: 670200, memory: 5158129664 bytes (4919.18 MB)
write base data version: 670300, memory: 5158129664 bytes (4919.18 MB)
write base data version: 670400, memory: 5158129664 bytes (4919.18 MB)
write base data version: 670500, memory: 5158129664 bytes (4919.18 MB)
write base data version: 670600, memory: 5158129664 bytes (4919.18 MB)
write base data version: 670700, memory: 5158129664 bytes (4919.18 MB)
write base data version: 670800, memory: 5158129664 bytes (4919.18 MB)
write base data version: 670900, memory: 5158129664 bytes (4919.18 MB)
write base data version: 671000, memory: 5158129664 bytes (4919.18 MB)
write base data version: 671100, memory: 5158129664 bytes (4919.18 MB)
write base data version: 671200, memory: 5158129664 bytes (4919.18 MB)
write base data version: 671300, memory: 5158129664 bytes (4919.18 MB)
write base data version: 671400, memory: 5158129664 bytes (4919.18 MB)
write base data version: 671500, memory: 5158129664 bytes (4919.18 MB)
write base data version: 671600, memory: 5158129664 bytes (4919.18 MB)
write base data version: 671700, memory: 5158129664 bytes (4919.18 MB)
write base data version: 671800, memory: 5158129664 bytes (4919.18 MB)
write base data version: 671900, memory: 5158129664 bytes (4919.18 MB)
write base data version: 672000, memory: 5158129664 bytes (4919.18 MB)
write base data version: 672100, memory: 5158129664 bytes (4919.18 MB)
write base data version: 672200, memory: 5158129664 bytes (4919.18 MB)
write base data version: 672300, memory: 5158129664 bytes (4919.18 MB)
write base data version: 672400, memory: 5158129664 bytes (4919.18 MB)
write base data version: 672500, memory: 5158129664 bytes (4919.18 MB)
write base data version: 672600, memory: 5158129664 bytes (4919.18 MB)
write base data version: 672700, memory: 5158129664 bytes (4919.18 MB)
write base data version: 672800, memory: 5158129664 bytes (4919.18 MB)
write base data version: 672900, memory: 5158129664 bytes (4919.18 MB)
write base data version: 673000, memory: 5158129664 bytes (4919.18 MB)
write base data version: 673100, memory: 5158129664 bytes (4919.18 MB)
write base data version: 673200, memory: 5158129664 bytes (4919.18 MB)
write base data version: 673300, memory: 5158129664 bytes (4919.18 MB)
write base data version: 673400, memory: 5158129664 bytes (4919.18 MB)
write base data version: 673500, memory: 5158129664 bytes (4919.18 MB)
write base data version: 673600, memory: 5158129664 bytes (4919.18 MB)
write base data version: 673700, memory: 5158129664 bytes (4919.18 MB)
write base data version: 673800, memory: 5158129664 bytes (4919.18 MB)
write base data version: 673900, memory: 5158129664 bytes (4919.18 MB)
write base data version: 674000, memory: 5158129664 bytes (4919.18 MB)
write base data version: 674100, memory: 5158129664 bytes (4919.18 MB)
write base data version: 674200, memory: 5158129664 bytes (4919.18 MB)
write base data version: 674300, memory: 5158129664 bytes (4919.18 MB)
write base data version: 674400, memory: 5158129664 bytes (4919.18 MB)
write base data version: 674500, memory: 5158129664 bytes (4919.18 MB)
write base data version: 674600, memory: 5158129664 bytes (4919.18 MB)
write base data version: 674700, memory: 5158129664 bytes (4919.18 MB)
write base data version: 674800, memory: 5158129664 bytes (4919.18 MB)
write base data version: 674900, memory: 5158129664 bytes (4919.18 MB)
write base data version: 675000, memory: 5158129664 bytes (4919.18 MB)
write base data version: 675100, memory: 5158129664 bytes (4919.18 MB)
write base data version: 675200, memory: 5158129664 bytes (4919.18 MB)
write base data version: 675300, memory: 5158129664 bytes (4919.18 MB)
write base data version: 675400, memory: 5158129664 bytes (4919.18 MB)
write base data version: 675500, memory: 5158129664 bytes (4919.18 MB)
write base data version: 675600, memory: 5158129664 bytes (4919.18 MB)
write base data version: 675700, memory: 5158129664 bytes (4919.18 MB)
write base data version: 675800, memory: 5158129664 bytes (4919.18 MB)
write base data version: 675900, memory: 5158129664 bytes (4919.18 MB)
write base data version: 676000, memory: 5158129664 bytes (4919.18 MB)
write base data version: 676100, memory: 5158129664 bytes (4919.18 MB)
write base data version: 676200, memory: 5158129664 bytes (4919.18 MB)
write base data version: 676300, memory: 5158129664 bytes (4919.18 MB)
write base data version: 676400, memory: 5158129664 bytes (4919.18 MB)
write base data version: 676500, memory: 5158129664 bytes (4919.18 MB)
write base data version: 676600, memory: 5158129664 bytes (4919.18 MB)
write base data version: 676700, memory: 5158129664 bytes (4919.18 MB)
write base data version: 676800, memory: 5158129664 bytes (4919.18 MB)
write base data version: 676900, memory: 5158129664 bytes (4919.18 MB)
write base data version: 677000, memory: 5158129664 bytes (4919.18 MB)
write base data version: 677100, memory: 5158129664 bytes (4919.18 MB)
write base data version: 677200, memory: 5158129664 bytes (4919.18 MB)
write base data version: 677300, memory: 5158129664 bytes (4919.18 MB)
write base data version: 677400, memory: 5158129664 bytes (4919.18 MB)
write base data version: 677500, memory: 5158129664 bytes (4919.18 MB)
write base data version: 677600, memory: 5158129664 bytes (4919.18 MB)
write base data version: 677700, memory: 5158129664 bytes (4919.18 MB)
write base data version: 677800, memory: 5158129664 bytes (4919.18 MB)
write base data version: 677900, memory: 5158129664 bytes (4919.18 MB)
write base data version: 678000, memory: 5158129664 bytes (4919.18 MB)
write base data version: 678100, memory: 5158129664 bytes (4919.18 MB)
write base data version: 678200, memory: 5158129664 bytes (4919.18 MB)
write base data version: 678300, memory: 5158129664 bytes (4919.18 MB)
write base data version: 678400, memory: 5158129664 bytes (4919.18 MB)
write base data version: 678500, memory: 5158129664 bytes (4919.18 MB)
write base data version: 678600, memory: 5158129664 bytes (4919.18 MB)
write base data version: 678700, memory: 5158129664 bytes (4919.18 MB)
write base data version: 678800, memory: 5158129664 bytes (4919.18 MB)
write base data version: 678900, memory: 5158129664 bytes (4919.18 MB)
write base data version: 679000, memory: 5158129664 bytes (4919.18 MB)
write base data version: 679100, memory: 5158129664 bytes (4919.18 MB)
write base data version: 679200, memory: 5158129664 bytes (4919.18 MB)
write base data version: 679300, memory: 5158129664 bytes (4919.18 MB)
write base data version: 679400, memory: 5158129664 bytes (4919.18 MB)
write base data version: 679500, memory: 5158129664 bytes (4919.18 MB)
write base data version: 679600, memory: 5158129664 bytes (4919.18 MB)
write base data version: 679700, memory: 5158129664 bytes (4919.18 MB)
write base data version: 679800, memory: 5158129664 bytes (4919.18 MB)
write base data version: 679900, memory: 5158129664 bytes (4919.18 MB)
write base data version: 680000, memory: 5158129664 bytes (4919.18 MB)
write base data version: 680100, memory: 5158129664 bytes (4919.18 MB)
write base data version: 680200, memory: 5158129664 bytes (4919.18 MB)
write base data version: 680300, memory: 5158129664 bytes (4919.18 MB)
write base data version: 680400, memory: 5158129664 bytes (4919.18 MB)
write base data version: 680500, memory: 5158129664 bytes (4919.18 MB)
write base data version: 680600, memory: 5158129664 bytes (4919.18 MB)
write base data version: 680700, memory: 5158129664 bytes (4919.18 MB)
write base data version: 680800, memory: 5158129664 bytes (4919.18 MB)
write base data version: 680900, memory: 5158129664 bytes (4919.18 MB)
write base data version: 681000, memory: 5158129664 bytes (4919.18 MB)
write base data version: 681100, memory: 5158129664 bytes (4919.18 MB)
write base data version: 681200, memory: 5158129664 bytes (4919.18 MB)
write base data version: 681300, memory: 5158129664 bytes (4919.18 MB)
write base data version: 681400, memory: 5158129664 bytes (4919.18 MB)
write base data version: 681500, memory: 5158129664 bytes (4919.18 MB)
write base data version: 681600, memory: 5158129664 bytes (4919.18 MB)
write base data version: 681700, memory: 5158129664 bytes (4919.18 MB)
write base data version: 681800, memory: 5158129664 bytes (4919.18 MB)
write base data version: 681900, memory: 5158129664 bytes (4919.18 MB)
write base data version: 682000, memory: 5158129664 bytes (4919.18 MB)
write base data version: 682100, memory: 5158129664 bytes (4919.18 MB)
write base data version: 682200, memory: 5158129664 bytes (4919.18 MB)
write base data version: 682300, memory: 5158129664 bytes (4919.18 MB)
write base data version: 682400, memory: 5158129664 bytes (4919.18 MB)
write base data version: 682500, memory: 5158129664 bytes (4919.18 MB)
write base data version: 682600, memory: 5158129664 bytes (4919.18 MB)
write base data version: 682700, memory: 5158129664 bytes (4919.18 MB)
write base data version: 682800, memory: 5158129664 bytes (4919.18 MB)
write base data version: 682900, memory: 5158129664 bytes (4919.18 MB)
write base data version: 683000, memory: 5158129664 bytes (4919.18 MB)
write base data version: 683100, memory: 5158129664 bytes (4919.18 MB)
write base data version: 683200, memory: 5158129664 bytes (4919.18 MB)
write base data version: 683300, memory: 5158129664 bytes (4919.18 MB)
write base data version: 683400, memory: 5158129664 bytes (4919.18 MB)
write base data version: 683500, memory: 5158129664 bytes (4919.18 MB)
write base data version: 683600, memory: 5158129664 bytes (4919.18 MB)
write base data version: 683700, memory: 5158129664 bytes (4919.18 MB)
write base data version: 683800, memory: 5158129664 bytes (4919.18 MB)
write base data version: 683900, memory: 5158129664 bytes (4919.18 MB)
write base data version: 684000, memory: 5158129664 bytes (4919.18 MB)
write base data version: 684100, memory: 5158129664 bytes (4919.18 MB)
write base data version: 684200, memory: 5158129664 bytes (4919.18 MB)
write base data version: 684300, memory: 5158129664 bytes (4919.18 MB)
write base data version: 684400, memory: 5158129664 bytes (4919.18 MB)
write base data version: 684500, memory: 5158129664 bytes (4919.18 MB)
write base data version: 684600, memory: 5158129664 bytes (4919.18 MB)
write base data version: 684700, memory: 5158129664 bytes (4919.18 MB)
write base data version: 684800, memory: 5158129664 bytes (4919.18 MB)
write base data version: 684900, memory: 5158129664 bytes (4919.18 MB)
write base data version: 685000, memory: 5158129664 bytes (4919.18 MB)
write base data version: 685100, memory: 5158129664 bytes (4919.18 MB)
write base data version: 685200, memory: 5158129664 bytes (4919.18 MB)
write base data version: 685300, memory: 5158129664 bytes (4919.18 MB)
write base data version: 685400, memory: 5158129664 bytes (4919.18 MB)
write base data version: 685500, memory: 5158129664 bytes (4919.18 MB)
write base data version: 685600, memory: 5158129664 bytes (4919.18 MB)
write base data version: 685700, memory: 5158129664 bytes (4919.18 MB)
write base data version: 685800, memory: 5158129664 bytes (4919.18 MB)
write base data version: 685900, memory: 5158129664 bytes (4919.18 MB)
write base data version: 686000, memory: 5158129664 bytes (4919.18 MB)
write base data version: 686100, memory: 5158129664 bytes (4919.18 MB)
write base data version: 686200, memory: 5158129664 bytes (4919.18 MB)
write base data version: 686300, memory: 5158129664 bytes (4919.18 MB)
write base data version: 686400, memory: 5158129664 bytes (4919.18 MB)
write base data version: 686500, memory: 5158129664 bytes (4919.18 MB)
write base data version: 686600, memory: 5158129664 bytes (4919.18 MB)
write base data version: 686700, memory: 5158129664 bytes (4919.18 MB)
write base data version: 686800, memory: 5158129664 bytes (4919.18 MB)
write base data version: 686900, memory: 5158129664 bytes (4919.18 MB)
write base data version: 687000, memory: 5158129664 bytes (4919.18 MB)
write base data version: 687100, memory: 5158129664 bytes (4919.18 MB)
write base data version: 687200, memory: 5158260736 bytes (4919.30 MB)
write base data version: 687300, memory: 5158260736 bytes (4919.30 MB)
write base data version: 687400, memory: 5158260736 bytes (4919.30 MB)
write base data version: 687500, memory: 5158260736 bytes (4919.30 MB)
write base data version: 687600, memory: 5158260736 bytes (4919.30 MB)
write base data version: 687700, memory: 5158260736 bytes (4919.30 MB)
write base data version: 687800, memory: 5158260736 bytes (4919.30 MB)
write base data version: 687900, memory: 5158260736 bytes (4919.30 MB)
write base data version: 688000, memory: 5158260736 bytes (4919.30 MB)
write base data version: 688100, memory: 5158260736 bytes (4919.30 MB)
write base data version: 688200, memory: 5158260736 bytes (4919.30 MB)
write base data version: 688300, memory: 5158260736 bytes (4919.30 MB)
write base data version: 688400, memory: 5158281216 bytes (4919.32 MB)
write base data version: 688500, memory: 5158281216 bytes (4919.32 MB)
write base data version: 688600, memory: 5158350848 bytes (4919.39 MB)
write base data version: 688700, memory: 5158350848 bytes (4919.39 MB)
write base data version: 688800, memory: 5158465536 bytes (4919.50 MB)
write base data version: 688900, memory: 5158465536 bytes (4919.50 MB)
write base data version: 689000, memory: 5158465536 bytes (4919.50 MB)
write base data version: 689100, memory: 5158531072 bytes (4919.56 MB)
write base data version: 689200, memory: 5158531072 bytes (4919.56 MB)
write base data version: 689300, memory: 5159022592 bytes (4920.03 MB)
write base data version: 689400, memory: 5159022592 bytes (4920.03 MB)
write base data version: 689500, memory: 5159022592 bytes (4920.03 MB)
write base data version: 689600, memory: 5159022592 bytes (4920.03 MB)
write base data version: 689700, memory: 5159022592 bytes (4920.03 MB)
write base data version: 689800, memory: 5159022592 bytes (4920.03 MB)
write base data version: 689900, memory: 5159022592 bytes (4920.03 MB)
write base data version: 690000, memory: 5159022592 bytes (4920.03 MB)
write base data version: 690100, memory: 5159022592 bytes (4920.03 MB)
write base data version: 690200, memory: 5159022592 bytes (4920.03 MB)
write base data version: 690300, memory: 5159022592 bytes (4920.03 MB)
write base data version: 690400, memory: 5159022592 bytes (4920.03 MB)
write base data version: 690500, memory: 5159153664 bytes (4920.15 MB)
write base data version: 690600, memory: 5159153664 bytes (4920.15 MB)
write base data version: 690700, memory: 5159153664 bytes (4920.15 MB)
write base data version: 690800, memory: 5159268352 bytes (4920.26 MB)
write base data version: 690900, memory: 5159268352 bytes (4920.26 MB)
write base data version: 691000, memory: 5159333888 bytes (4920.32 MB)
write base data version: 691100, memory: 5159333888 bytes (4920.32 MB)
write base data version: 691200, memory: 5159333888 bytes (4920.32 MB)
write base data version: 691300, memory: 5159518208 bytes (4920.50 MB)
write base data version: 691400, memory: 5159571456 bytes (4920.55 MB)
write base data version: 691500, memory: 5159571456 bytes (4920.55 MB)
write base data version: 691600, memory: 5159571456 bytes (4920.55 MB)
write base data version: 691700, memory: 5159571456 bytes (4920.55 MB)
write base data version: 691800, memory: 5159571456 bytes (4920.55 MB)
write base data version: 691900, memory: 5159653376 bytes (4920.63 MB)
write base data version: 692000, memory: 5159653376 bytes (4920.63 MB)
write base data version: 692100, memory: 5159653376 bytes (4920.63 MB)
write base data version: 692200, memory: 5159989248 bytes (4920.95 MB)
write base data version: 692300, memory: 5159989248 bytes (4920.95 MB)
write base data version: 692400, memory: 5160042496 bytes (4921.00 MB)
write base data version: 692500, memory: 5160042496 bytes (4921.00 MB)
write base data version: 692600, memory: 5160148992 bytes (4921.10 MB)
write base data version: 692700, memory: 5160148992 bytes (4921.10 MB)
write base data version: 692800, memory: 5160148992 bytes (4921.10 MB)
write base data version: 692900, memory: 5160148992 bytes (4921.10 MB)
write base data version: 693000, memory: 5160300544 bytes (4921.25 MB)
write base data version: 693100, memory: 5160300544 bytes (4921.25 MB)
write base data version: 693200, memory: 5160300544 bytes (4921.25 MB)
write base data version: 693300, memory: 5160300544 bytes (4921.25 MB)
write base data version: 693400, memory: 5160534016 bytes (4921.47 MB)
write base data version: 693500, memory: 5160558592 bytes (4921.49 MB)
write base data version: 693600, memory: 5160558592 bytes (4921.49 MB)
write base data version: 693700, memory: 5160558592 bytes (4921.49 MB)
write base data version: 693800, memory: 5160558592 bytes (4921.49 MB)
write base data version: 693900, memory: 5160742912 bytes (4921.67 MB)
write base data version: 694000, memory: 5160742912 bytes (4921.67 MB)
write base data version: 694100, memory: 5160742912 bytes (4921.67 MB)
write base data version: 694200, memory: 5160742912 bytes (4921.67 MB)
write base data version: 694300, memory: 5160742912 bytes (4921.67 MB)
write base data version: 694400, memory: 5160742912 bytes (4921.67 MB)
write base data version: 694500, memory: 5160742912 bytes (4921.67 MB)
write base data version: 694600, memory: 5160824832 bytes (4921.75 MB)
write base data version: 694700, memory: 5161123840 bytes (4922.03 MB)
write base data version: 694800, memory: 5161123840 bytes (4922.03 MB)
write base data version: 694900, memory: 5161123840 bytes (4922.03 MB)
write base data version: 695000, memory: 5161132032 bytes (4922.04 MB)
write base data version: 695100, memory: 5161193472 bytes (4922.10 MB)
write base data version: 695200, memory: 5161197568 bytes (4922.10 MB)
write base data version: 695300, memory: 5161324544 bytes (4922.22 MB)
write base data version: 695400, memory: 5161656320 bytes (4922.54 MB)
write base data version: 695500, memory: 5161799680 bytes (4922.68 MB)
write base data version: 695600, memory: 5161799680 bytes (4922.68 MB)
write base data version: 695700, memory: 5161799680 bytes (4922.68 MB)
write base data version: 695800, memory: 5161799680 bytes (4922.68 MB)
write base data version: 695900, memory: 5161799680 bytes (4922.68 MB)
write base data version: 696000, memory: 5161799680 bytes (4922.68 MB)
write base data version: 696100, memory: 5161799680 bytes (4922.68 MB)
write base data version: 696200, memory: 5161799680 bytes (4922.68 MB)
write base data version: 696300, memory: 5161799680 bytes (4922.68 MB)
write base data version: 696400, memory: 5161922560 bytes (4922.79 MB)
write base data version: 696500, memory: 5161922560 bytes (4922.79 MB)
write base data version: 696600, memory: 5161951232 bytes (4922.82 MB)
write base data version: 696700, memory: 5161951232 bytes (4922.82 MB)
write base data version: 696800, memory: 5162029056 bytes (4922.89 MB)
write base data version: 696900, memory: 5162332160 bytes (4923.18 MB)
write base data version: 697000, memory: 5162332160 bytes (4923.18 MB)
write base data version: 697100, memory: 5162332160 bytes (4923.18 MB)
write base data version: 697200, memory: 5162332160 bytes (4923.18 MB)
write base data version: 697300, memory: 5162332160 bytes (4923.18 MB)
write base data version: 697400, memory: 5162332160 bytes (4923.18 MB)
write base data version: 697500, memory: 5162332160 bytes (4923.18 MB)
write base data version: 697600, memory: 5162332160 bytes (4923.18 MB)
write base data version: 697700, memory: 5162332160 bytes (4923.18 MB)
write base data version: 697800, memory: 5162467328 bytes (4923.31 MB)
write base data version: 697900, memory: 5162467328 bytes (4923.31 MB)
write base data version: 698000, memory: 5162467328 bytes (4923.31 MB)
write base data version: 698100, memory: 5162520576 bytes (4923.36 MB)
write base data version: 698200, memory: 5162520576 bytes (4923.36 MB)
write base data version: 698300, memory: 5162520576 bytes (4923.36 MB)
write base data version: 698400, memory: 5162643456 bytes (4923.48 MB)
write base data version: 698500, memory: 5162643456 bytes (4923.48 MB)
write base data version: 698600, memory: 5162704896 bytes (4923.54 MB)
write base data version: 698700, memory: 5162704896 bytes (4923.54 MB)
write base data version: 698800, memory: 5162770432 bytes (4923.60 MB)
write base data version: 698900, memory: 5162893312 bytes (4923.72 MB)
write base data version: 699000, memory: 5162995712 bytes (4923.82 MB)
write base data version: 699100, memory: 5162995712 bytes (4923.82 MB)
write base data version: 699200, memory: 5162995712 bytes (4923.82 MB)
write base data version: 699300, memory: 5162995712 bytes (4923.82 MB)
write base data version: 699400, memory: 5163270144 bytes (4924.08 MB)
write base data version: 699500, memory: 5163270144 bytes (4924.08 MB)
write base data version: 699600, memory: 5163270144 bytes (4924.08 MB)
write base data version: 699700, memory: 5163270144 bytes (4924.08 MB)
write base data version: 699800, memory: 5163270144 bytes (4924.08 MB)
write base data version: 699900, memory: 5163491328 bytes (4924.29 MB)
write base data version: 700000, memory: 5163491328 bytes (4924.29 MB)
write base data version: 700100, memory: 5163491328 bytes (4924.29 MB)
write base data version: 700200, memory: 5163491328 bytes (4924.29 MB)
write base data version: 700300, memory: 5163782144 bytes (4924.57 MB)
write base data version: 700400, memory: 5163782144 bytes (4924.57 MB)
write base data version: 700500, memory: 5163782144 bytes (4924.57 MB)
write base data version: 700600, memory: 5163782144 bytes (4924.57 MB)
write base data version: 700700, memory: 5163782144 bytes (4924.57 MB)
write base data version: 700800, memory: 5163782144 bytes (4924.57 MB)
write base data version: 700900, memory: 5163933696 bytes (4924.71 MB)
write base data version: 701000, memory: 5163933696 bytes (4924.71 MB)
write base data version: 701100, memory: 5163933696 bytes (4924.71 MB)
write base data version: 701200, memory: 5163933696 bytes (4924.71 MB)
write base data version: 701300, memory: 5163933696 bytes (4924.71 MB)
write base data version: 701400, memory: 5163933696 bytes (4924.71 MB)
write base data version: 701500, memory: 5164044288 bytes (4924.82 MB)
write base data version: 701600, memory: 5164044288 bytes (4924.82 MB)
write base data version: 701700, memory: 5164044288 bytes (4924.82 MB)
write base data version: 701800, memory: 5164044288 bytes (4924.82 MB)
write base data version: 701900, memory: 5164310528 bytes (4925.07 MB)
write base data version: 702000, memory: 5164576768 bytes (4925.32 MB)
write base data version: 702100, memory: 5164699648 bytes (4925.44 MB)
write base data version: 702200, memory: 5164736512 bytes (4925.48 MB)
write base data version: 702300, memory: 5164781568 bytes (4925.52 MB)
write base data version: 702400, memory: 5165072384 bytes (4925.80 MB)
write base data version: 702500, memory: 5165072384 bytes (4925.80 MB)
write base data version: 702600, memory: 5165072384 bytes (4925.80 MB)
write base data version: 702700, memory: 5165072384 bytes (4925.80 MB)
write base data version: 702800, memory: 5165072384 bytes (4925.80 MB)
write base data version: 702900, memory: 5165072384 bytes (4925.80 MB)
write base data version: 703000, memory: 5165072384 bytes (4925.80 MB)
write base data version: 703100, memory: 5165072384 bytes (4925.80 MB)
write base data version: 703200, memory: 5165277184 bytes (4925.99 MB)
write base data version: 703300, memory: 5165293568 bytes (4926.01 MB)
write base data version: 703400, memory: 5165293568 bytes (4926.01 MB)
write base data version: 703500, memory: 5165293568 bytes (4926.01 MB)
write base data version: 703600, memory: 5165293568 bytes (4926.01 MB)
write base data version: 703700, memory: 5165293568 bytes (4926.01 MB)
write base data version: 703800, memory: 5165293568 bytes (4926.01 MB)
write base data version: 703900, memory: 5165293568 bytes (4926.01 MB)
write base data version: 704000, memory: 5165293568 bytes (4926.01 MB)
write base data version: 704100, memory: 5165293568 bytes (4926.01 MB)
write base data version: 704200, memory: 5165293568 bytes (4926.01 MB)
write base data version: 704300, memory: 5165293568 bytes (4926.01 MB)
write base data version: 704400, memory: 5165293568 bytes (4926.01 MB)
write base data version: 704500, memory: 5165293568 bytes (4926.01 MB)
write base data version: 704600, memory: 5165293568 bytes (4926.01 MB)
write base data version: 704700, memory: 5165293568 bytes (4926.01 MB)
write base data version: 704800, memory: 5165383680 bytes (4926.09 MB)
write base data version: 704900, memory: 5165383680 bytes (4926.09 MB)
write base data version: 705000, memory: 5165383680 bytes (4926.09 MB)
write base data version: 705100, memory: 5165412352 bytes (4926.12 MB)
write base data version: 705200, memory: 5165723648 bytes (4926.42 MB)
write base data version: 705300, memory: 5165834240 bytes (4926.52 MB)
write base data version: 705400, memory: 5165928448 bytes (4926.61 MB)
write base data version: 705500, memory: 5165928448 bytes (4926.61 MB)
write base data version: 705600, memory: 5165928448 bytes (4926.61 MB)
write base data version: 705700, memory: 5165928448 bytes (4926.61 MB)
write base data version: 705800, memory: 5165928448 bytes (4926.61 MB)
write base data version: 705900, memory: 5165928448 bytes (4926.61 MB)
write base data version: 706000, memory: 5166157824 bytes (4926.83 MB)
write base data version: 706100, memory: 5166157824 bytes (4926.83 MB)
write base data version: 706200, memory: 5166157824 bytes (4926.83 MB)
write base data version: 706300, memory: 5166157824 bytes (4926.83 MB)
write base data version: 706400, memory: 5166157824 bytes (4926.83 MB)
write base data version: 706500, memory: 5166325760 bytes (4926.99 MB)
write base data version: 706600, memory: 5166350336 bytes (4927.02 MB)
write base data version: 706700, memory: 5166448640 bytes (4927.11 MB)
write base data version: 706800, memory: 5166473216 bytes (4927.13 MB)
write base data version: 706900, memory: 5166473216 bytes (4927.13 MB)
write base data version: 707000, memory: 5166600192 bytes (4927.25 MB)
write base data version: 707100, memory: 5166600192 bytes (4927.25 MB)
write base data version: 707200, memory: 5166866432 bytes (4927.51 MB)
write base data version: 707300, memory: 5166993408 bytes (4927.63 MB)
write base data version: 707400, memory: 5166993408 bytes (4927.63 MB)
write base data version: 707500, memory: 5166993408 bytes (4927.63 MB)
write base data version: 707600, memory: 5166993408 bytes (4927.63 MB)
write base data version: 707700, memory: 5166993408 bytes (4927.63 MB)
write base data version: 707800, memory: 5166993408 bytes (4927.63 MB)
write base data version: 707900, memory: 5166993408 bytes (4927.63 MB)
write base data version: 708000, memory: 5166993408 bytes (4927.63 MB)
write base data version: 708100, memory: 5166993408 bytes (4927.63 MB)
write base data version: 708200, memory: 5166993408 bytes (4927.63 MB)
write base data version: 708300, memory: 5167153152 bytes (4927.78 MB)
write base data version: 708400, memory: 5167153152 bytes (4927.78 MB)
write base data version: 708500, memory: 5167153152 bytes (4927.78 MB)
write base data version: 708600, memory: 5167153152 bytes (4927.78 MB)
write base data version: 708700, memory: 5167153152 bytes (4927.78 MB)
write base data version: 708800, memory: 5167185920 bytes (4927.81 MB)
write base data version: 708900, memory: 5167222784 bytes (4927.85 MB)
write base data version: 709000, memory: 5167386624 bytes (4928.00 MB)
write base data version: 709100, memory: 5167386624 bytes (4928.00 MB)
write base data version: 709200, memory: 5167386624 bytes (4928.00 MB)
write base data version: 709300, memory: 5167386624 bytes (4928.00 MB)
write base data version: 709400, memory: 5167386624 bytes (4928.00 MB)
write base data version: 709500, memory: 5167714304 bytes (4928.32 MB)
write base data version: 709600, memory: 5167751168 bytes (4928.35 MB)
write base data version: 709700, memory: 5167751168 bytes (4928.35 MB)
write base data version: 709800, memory: 5167808512 bytes (4928.41 MB)
write base data version: 709900, memory: 5167808512 bytes (4928.41 MB)
write base data version: 710000, memory: 5167894528 bytes (4928.49 MB)
write base data version: 710100, memory: 5167894528 bytes (4928.49 MB)
write base data version: 710200, memory: 5167894528 bytes (4928.49 MB)
write base data version: 710300, memory: 5167894528 bytes (4928.49 MB)
write base data version: 710400, memory: 5167894528 bytes (4928.49 MB)
write base data version: 710500, memory: 5168009216 bytes (4928.60 MB)
write base data version: 710600, memory: 5168095232 bytes (4928.68 MB)
write base data version: 710700, memory: 5168095232 bytes (4928.68 MB)
write base data version: 710800, memory: 5168095232 bytes (4928.68 MB)
write base data version: 710900, memory: 5168164864 bytes (4928.75 MB)
write base data version: 711000, memory: 5168300032 bytes (4928.88 MB)
write base data version: 711100, memory: 5168300032 bytes (4928.88 MB)
write base data version: 711200, memory: 5168300032 bytes (4928.88 MB)
write base data version: 711300, memory: 5168390144 bytes (4928.96 MB)
write base data version: 711400, memory: 5168390144 bytes (4928.96 MB)
write base data version: 711500, memory: 5168402432 bytes (4928.97 MB)
write base data version: 711600, memory: 5168402432 bytes (4928.97 MB)
write base data version: 711700, memory: 5168447488 bytes (4929.02 MB)
write base data version: 711800, memory: 5168922624 bytes (4929.47 MB)
write base data version: 711900, memory: 5168922624 bytes (4929.47 MB)
write base data version: 712000, memory: 5168922624 bytes (4929.47 MB)
write base data version: 712100, memory: 5168922624 bytes (4929.47 MB)
write base data version: 712200, memory: 5168922624 bytes (4929.47 MB)
write base data version: 712300, memory: 5168922624 bytes (4929.47 MB)
write base data version: 712400, memory: 5168922624 bytes (4929.47 MB)
write base data version: 712500, memory: 5168922624 bytes (4929.47 MB)
write base data version: 712600, memory: 5169819648 bytes (4930.32 MB)
write base data version: 712700, memory: 5169901568 bytes (4930.40 MB)
write base data version: 712800, memory: 5169901568 bytes (4930.40 MB)
write base data version: 712900, memory: 5169901568 bytes (4930.40 MB)
write base data version: 713000, memory: 5169901568 bytes (4930.40 MB)
write base data version: 713100, memory: 5169901568 bytes (4930.40 MB)
write base data version: 713200, memory: 5169901568 bytes (4930.40 MB)
write base data version: 713300, memory: 5169901568 bytes (4930.40 MB)
write base data version: 713400, memory: 5169901568 bytes (4930.40 MB)
write base data version: 713500, memory: 5169901568 bytes (4930.40 MB)
write base data version: 713600, memory: 5169901568 bytes (4930.40 MB)
write base data version: 713700, memory: 5169901568 bytes (4930.40 MB)
write base data version: 713800, memory: 5169901568 bytes (4930.40 MB)
write base data version: 713900, memory: 5169901568 bytes (4930.40 MB)
write base data version: 714000, memory: 5169901568 bytes (4930.40 MB)
write base data version: 714100, memory: 5169901568 bytes (4930.40 MB)
write base data version: 714200, memory: 5169901568 bytes (4930.40 MB)
write base data version: 714300, memory: 5169901568 bytes (4930.40 MB)
write base data version: 714400, memory: 5169901568 bytes (4930.40 MB)
write base data version: 714500, memory: 5169901568 bytes (4930.40 MB)
write base data version: 714600, memory: 5169901568 bytes (4930.40 MB)
write base data version: 714700, memory: 5169963008 bytes (4930.46 MB)
write base data version: 714800, memory: 5170012160 bytes (4930.51 MB)
write base data version: 714900, memory: 5170012160 bytes (4930.51 MB)
write base data version: 715000, memory: 5170028544 bytes (4930.52 MB)
write base data version: 715100, memory: 5170028544 bytes (4930.52 MB)
write base data version: 715200, memory: 5170155520 bytes (4930.64 MB)
write base data version: 715300, memory: 5170155520 bytes (4930.64 MB)
write base data version: 715400, memory: 5170155520 bytes (4930.64 MB)
write base data version: 715500, memory: 5170216960 bytes (4930.70 MB)
write base data version: 715600, memory: 5170216960 bytes (4930.70 MB)
write base data version: 715700, memory: 5170638848 bytes (4931.11 MB)
write base data version: 715800, memory: 5170638848 bytes (4931.11 MB)
write base data version: 715900, memory: 5170798592 bytes (4931.26 MB)
write base data version: 716000, memory: 5170798592 bytes (4931.26 MB)
write base data version: 716100, memory: 5170798592 bytes (4931.26 MB)
write base data version: 716200, memory: 5170798592 bytes (4931.26 MB)
write base data version: 716300, memory: 5170798592 bytes (4931.26 MB)
write base data version: 716400, memory: 5170798592 bytes (4931.26 MB)
write base data version: 716500, memory: 5170798592 bytes (4931.26 MB)
write base data version: 716600, memory: 5170798592 bytes (4931.26 MB)
write base data version: 716700, memory: 5170802688 bytes (4931.26 MB)
write base data version: 716800, memory: 5170819072 bytes (4931.28 MB)
write base data version: 716900, memory: 5170876416 bytes (4931.33 MB)
write base data version: 717000, memory: 5170876416 bytes (4931.33 MB)
write base data version: 717100, memory: 5170876416 bytes (4931.33 MB)
write base data version: 717200, memory: 5170962432 bytes (4931.41 MB)
write base data version: 717300, memory: 5171138560 bytes (4931.58 MB)
write base data version: 717400, memory: 5171138560 bytes (4931.58 MB)
write base data version: 717500, memory: 5171228672 bytes (4931.67 MB)
write base data version: 717600, memory: 5171228672 bytes (4931.67 MB)
write base data version: 717700, memory: 5171228672 bytes (4931.67 MB)
write base data version: 717800, memory: 5171228672 bytes (4931.67 MB)
write base data version: 717900, memory: 5171228672 bytes (4931.67 MB)
write base data version: 718000, memory: 5172097024 bytes (4932.50 MB)
write base data version: 718100, memory: 5201383424 bytes (4960.43 MB)
write base data version: 718200, memory: 5205037056 bytes (4963.91 MB)
write base data version: 718300, memory: 5206470656 bytes (4965.28 MB)
write base data version: 718400, memory: 5206675456 bytes (4965.47 MB)
write base data version: 718500, memory: 5206728704 bytes (4965.52 MB)
write base data version: 718600, memory: 5206728704 bytes (4965.52 MB)
write base data version: 718700, memory: 5206728704 bytes (4965.52 MB)
write base data version: 718800, memory: 5206728704 bytes (4965.52 MB)
write base data version: 718900, memory: 5206728704 bytes (4965.52 MB)
write base data version: 719000, memory: 5206728704 bytes (4965.52 MB)
write base data version: 719100, memory: 5206728704 bytes (4965.52 MB)
write base data version: 719200, memory: 5206728704 bytes (4965.52 MB)
write base data version: 719300, memory: 5206728704 bytes (4965.52 MB)
write base data version: 719400, memory: 5206728704 bytes (4965.52 MB)
write base data version: 719500, memory: 5206728704 bytes (4965.52 MB)
write base data version: 719600, memory: 5206728704 bytes (4965.52 MB)
write base data version: 719700, memory: 5206728704 bytes (4965.52 MB)
write base data version: 719800, memory: 5206728704 bytes (4965.52 MB)
write base data version: 719900, memory: 5206728704 bytes (4965.52 MB)
write base data version: 720000, memory: 5206728704 bytes (4965.52 MB)
write base data version: 720100, memory: 5206728704 bytes (4965.52 MB)
write base data version: 720200, memory: 5206728704 bytes (4965.52 MB)
write base data version: 720300, memory: 5206728704 bytes (4965.52 MB)
write base data version: 720400, memory: 5206728704 bytes (4965.52 MB)
write base data version: 720500, memory: 5206728704 bytes (4965.52 MB)
write base data version: 720600, memory: 5206728704 bytes (4965.52 MB)
write base data version: 720700, memory: 5206728704 bytes (4965.52 MB)
write base data version: 720800, memory: 5206728704 bytes (4965.52 MB)
write base data version: 720900, memory: 5206728704 bytes (4965.52 MB)
write base data version: 721000, memory: 5206728704 bytes (4965.52 MB)
write base data version: 721100, memory: 5206728704 bytes (4965.52 MB)
write base data version: 721200, memory: 5206728704 bytes (4965.52 MB)
write base data version: 721300, memory: 5206728704 bytes (4965.52 MB)
write base data version: 721400, memory: 5206728704 bytes (4965.52 MB)
write base data version: 721500, memory: 5206728704 bytes (4965.52 MB)
write base data version: 721600, memory: 5206728704 bytes (4965.52 MB)
write base data version: 721700, memory: 5206728704 bytes (4965.52 MB)
write base data version: 721800, memory: 5206728704 bytes (4965.52 MB)
write base data version: 721900, memory: 5206728704 bytes (4965.52 MB)
write base data version: 722000, memory: 5206728704 bytes (4965.52 MB)
write base data version: 722100, memory: 5206728704 bytes (4965.52 MB)
write base data version: 722200, memory: 5206728704 bytes (4965.52 MB)
write base data version: 722300, memory: 5206728704 bytes (4965.52 MB)
write base data version: 722400, memory: 5206728704 bytes (4965.52 MB)
write base data version: 722500, memory: 5206728704 bytes (4965.52 MB)
write base data version: 722600, memory: 5206728704 bytes (4965.52 MB)
write base data version: 722700, memory: 5206728704 bytes (4965.52 MB)
write base data version: 722800, memory: 5206728704 bytes (4965.52 MB)
write base data version: 722900, memory: 5206728704 bytes (4965.52 MB)
write base data version: 723000, memory: 5206728704 bytes (4965.52 MB)
write base data version: 723100, memory: 5206728704 bytes (4965.52 MB)
write base data version: 723200, memory: 5206728704 bytes (4965.52 MB)
write base data version: 723300, memory: 5206728704 bytes (4965.52 MB)
write base data version: 723400, memory: 5206728704 bytes (4965.52 MB)
write base data version: 723500, memory: 5206728704 bytes (4965.52 MB)
write base data version: 723600, memory: 5206728704 bytes (4965.52 MB)
write base data version: 723700, memory: 5206728704 bytes (4965.52 MB)
write base data version: 723800, memory: 5206728704 bytes (4965.52 MB)
write base data version: 723900, memory: 5206728704 bytes (4965.52 MB)
write base data version: 724000, memory: 5206728704 bytes (4965.52 MB)
write base data version: 724100, memory: 5206728704 bytes (4965.52 MB)
write base data version: 724200, memory: 5206728704 bytes (4965.52 MB)
write base data version: 724300, memory: 5206728704 bytes (4965.52 MB)
write base data version: 724400, memory: 5206728704 bytes (4965.52 MB)
write base data version: 724500, memory: 5206728704 bytes (4965.52 MB)
write base data version: 724600, memory: 5206728704 bytes (4965.52 MB)
write base data version: 724700, memory: 5206728704 bytes (4965.52 MB)
write base data version: 724800, memory: 5206728704 bytes (4965.52 MB)
write base data version: 724900, memory: 5206728704 bytes (4965.52 MB)
write base data version: 725000, memory: 5206728704 bytes (4965.52 MB)
write base data version: 725100, memory: 5206728704 bytes (4965.52 MB)
write base data version: 725200, memory: 5206728704 bytes (4965.52 MB)
write base data version: 725300, memory: 5206728704 bytes (4965.52 MB)
write base data version: 725400, memory: 5206728704 bytes (4965.52 MB)
write base data version: 725500, memory: 5206728704 bytes (4965.52 MB)
write base data version: 725600, memory: 5206728704 bytes (4965.52 MB)
write base data version: 725700, memory: 5206728704 bytes (4965.52 MB)
write base data version: 725800, memory: 5206728704 bytes (4965.52 MB)
write base data version: 725900, memory: 5206728704 bytes (4965.52 MB)
write base data version: 726000, memory: 5206728704 bytes (4965.52 MB)
write base data version: 726100, memory: 5206728704 bytes (4965.52 MB)
write base data version: 726200, memory: 5206728704 bytes (4965.52 MB)
write base data version: 726300, memory: 5206728704 bytes (4965.52 MB)
write base data version: 726400, memory: 5206728704 bytes (4965.52 MB)
write base data version: 726500, memory: 5206728704 bytes (4965.52 MB)
write base data version: 726600, memory: 5206728704 bytes (4965.52 MB)
write base data version: 726700, memory: 5206728704 bytes (4965.52 MB)
write base data version: 726800, memory: 5206728704 bytes (4965.52 MB)
write base data version: 726900, memory: 5206728704 bytes (4965.52 MB)
write base data version: 727000, memory: 5206728704 bytes (4965.52 MB)
write base data version: 727100, memory: 5206728704 bytes (4965.52 MB)
write base data version: 727200, memory: 5206728704 bytes (4965.52 MB)
write base data version: 727300, memory: 5206728704 bytes (4965.52 MB)
write base data version: 727400, memory: 5206728704 bytes (4965.52 MB)
write base data version: 727500, memory: 5206728704 bytes (4965.52 MB)
write base data version: 727600, memory: 5206728704 bytes (4965.52 MB)
write base data version: 727700, memory: 5206728704 bytes (4965.52 MB)
write base data version: 727800, memory: 5206728704 bytes (4965.52 MB)
write base data version: 727900, memory: 5206728704 bytes (4965.52 MB)
write base data version: 728000, memory: 5206728704 bytes (4965.52 MB)
write base data version: 728100, memory: 5206728704 bytes (4965.52 MB)
write base data version: 728200, memory: 5206728704 bytes (4965.52 MB)
write base data version: 728300, memory: 5206728704 bytes (4965.52 MB)
write base data version: 728400, memory: 5206728704 bytes (4965.52 MB)
write base data version: 728500, memory: 5206728704 bytes (4965.52 MB)
write base data version: 728600, memory: 5206728704 bytes (4965.52 MB)
write base data version: 728700, memory: 5206728704 bytes (4965.52 MB)
write base data version: 728800, memory: 5206728704 bytes (4965.52 MB)
write base data version: 728900, memory: 5206728704 bytes (4965.52 MB)
write base data version: 729000, memory: 5206728704 bytes (4965.52 MB)
write base data version: 729100, memory: 5206728704 bytes (4965.52 MB)
write base data version: 729200, memory: 5206728704 bytes (4965.52 MB)
write base data version: 729300, memory: 5206728704 bytes (4965.52 MB)
write base data version: 729400, memory: 5206728704 bytes (4965.52 MB)
write base data version: 729500, memory: 5206728704 bytes (4965.52 MB)
write base data version: 729600, memory: 5206728704 bytes (4965.52 MB)
write base data version: 729700, memory: 5206728704 bytes (4965.52 MB)
write base data version: 729800, memory: 5206728704 bytes (4965.52 MB)
write base data version: 729900, memory: 5206728704 bytes (4965.52 MB)
write base data version: 730000, memory: 5206728704 bytes (4965.52 MB)
write base data version: 730100, memory: 5206728704 bytes (4965.52 MB)
write base data version: 730200, memory: 5206728704 bytes (4965.52 MB)
write base data version: 730300, memory: 5206728704 bytes (4965.52 MB)
write base data version: 730400, memory: 5206728704 bytes (4965.52 MB)
write base data version: 730500, memory: 5206728704 bytes (4965.52 MB)
write base data version: 730600, memory: 5206728704 bytes (4965.52 MB)
write base data version: 730700, memory: 5206728704 bytes (4965.52 MB)
write base data version: 730800, memory: 5206728704 bytes (4965.52 MB)
write base data version: 730900, memory: 5206728704 bytes (4965.52 MB)
write base data version: 731000, memory: 5206728704 bytes (4965.52 MB)
write base data version: 731100, memory: 5206728704 bytes (4965.52 MB)
write base data version: 731200, memory: 5206728704 bytes (4965.52 MB)
write base data version: 731300, memory: 5206728704 bytes (4965.52 MB)
write base data version: 731400, memory: 5206728704 bytes (4965.52 MB)
write base data version: 731500, memory: 5206728704 bytes (4965.52 MB)
write base data version: 731600, memory: 5206728704 bytes (4965.52 MB)
write base data version: 731700, memory: 5206728704 bytes (4965.52 MB)
write base data version: 731800, memory: 5206728704 bytes (4965.52 MB)
write base data version: 731900, memory: 5206728704 bytes (4965.52 MB)
write base data version: 732000, memory: 5206728704 bytes (4965.52 MB)
write base data version: 732100, memory: 5206728704 bytes (4965.52 MB)
write base data version: 732200, memory: 5206728704 bytes (4965.52 MB)
write base data version: 732300, memory: 5206728704 bytes (4965.52 MB)
write base data version: 732400, memory: 5206728704 bytes (4965.52 MB)
write base data version: 732500, memory: 5206728704 bytes (4965.52 MB)
write base data version: 732600, memory: 5206728704 bytes (4965.52 MB)
write base data version: 732700, memory: 5206728704 bytes (4965.52 MB)
write base data version: 732800, memory: 5206728704 bytes (4965.52 MB)
write base data version: 732900, memory: 5206728704 bytes (4965.52 MB)
write base data version: 733000, memory: 5206728704 bytes (4965.52 MB)
write base data version: 733100, memory: 5206728704 bytes (4965.52 MB)
write base data version: 733200, memory: 5206728704 bytes (4965.52 MB)
write base data version: 733300, memory: 5206728704 bytes (4965.52 MB)
write base data version: 733400, memory: 5206728704 bytes (4965.52 MB)
write base data version: 733500, memory: 5206728704 bytes (4965.52 MB)
write base data version: 733600, memory: 5206728704 bytes (4965.52 MB)
write base data version: 733700, memory: 5206728704 bytes (4965.52 MB)
write base data version: 733800, memory: 5206728704 bytes (4965.52 MB)
write base data version: 733900, memory: 5206728704 bytes (4965.52 MB)
write base data version: 734000, memory: 5206728704 bytes (4965.52 MB)
write base data version: 734100, memory: 5206728704 bytes (4965.52 MB)
write base data version: 734200, memory: 5206728704 bytes (4965.52 MB)
write base data version: 734300, memory: 5206728704 bytes (4965.52 MB)
write base data version: 734400, memory: 5206728704 bytes (4965.52 MB)
write base data version: 734500, memory: 5206728704 bytes (4965.52 MB)
write base data version: 734600, memory: 5206728704 bytes (4965.52 MB)
write base data version: 734700, memory: 5206728704 bytes (4965.52 MB)
write base data version: 734800, memory: 5206728704 bytes (4965.52 MB)
write base data version: 734900, memory: 5206728704 bytes (4965.52 MB)
write base data version: 735000, memory: 5206728704 bytes (4965.52 MB)
write base data version: 735100, memory: 5206728704 bytes (4965.52 MB)
write base data version: 735200, memory: 5206728704 bytes (4965.52 MB)
write base data version: 735300, memory: 5206728704 bytes (4965.52 MB)
write base data version: 735400, memory: 5206728704 bytes (4965.52 MB)
write base data version: 735500, memory: 5206728704 bytes (4965.52 MB)
write base data version: 735600, memory: 5206728704 bytes (4965.52 MB)
write base data version: 735700, memory: 5206728704 bytes (4965.52 MB)
write base data version: 735800, memory: 5206728704 bytes (4965.52 MB)
write base data version: 735900, memory: 5206728704 bytes (4965.52 MB)
write base data version: 736000, memory: 5206728704 bytes (4965.52 MB)
write base data version: 736100, memory: 5206728704 bytes (4965.52 MB)
write base data version: 736200, memory: 5206728704 bytes (4965.52 MB)
write base data version: 736300, memory: 5206728704 bytes (4965.52 MB)
write base data version: 736400, memory: 5206728704 bytes (4965.52 MB)
write base data version: 736500, memory: 5206728704 bytes (4965.52 MB)
write base data version: 736600, memory: 5206728704 bytes (4965.52 MB)
write base data version: 736700, memory: 5206728704 bytes (4965.52 MB)
write base data version: 736800, memory: 5206728704 bytes (4965.52 MB)
write base data version: 736900, memory: 5206728704 bytes (4965.52 MB)
write base data version: 737000, memory: 5206728704 bytes (4965.52 MB)
write base data version: 737100, memory: 5206728704 bytes (4965.52 MB)
write base data version: 737200, memory: 5206728704 bytes (4965.52 MB)
write base data version: 737300, memory: 5206728704 bytes (4965.52 MB)
write base data version: 737400, memory: 5206728704 bytes (4965.52 MB)
write base data version: 737500, memory: 5206728704 bytes (4965.52 MB)
write base data version: 737600, memory: 5206728704 bytes (4965.52 MB)
write base data version: 737700, memory: 5206728704 bytes (4965.52 MB)
write base data version: 737800, memory: 5206728704 bytes (4965.52 MB)
write base data version: 737900, memory: 5206728704 bytes (4965.52 MB)
write base data version: 738000, memory: 5206728704 bytes (4965.52 MB)
write base data version: 738100, memory: 5206728704 bytes (4965.52 MB)
write base data version: 738200, memory: 5206728704 bytes (4965.52 MB)
write base data version: 738300, memory: 5206728704 bytes (4965.52 MB)
write base data version: 738400, memory: 5206728704 bytes (4965.52 MB)
write base data version: 738500, memory: 5206728704 bytes (4965.52 MB)
write base data version: 738600, memory: 5206728704 bytes (4965.52 MB)
write base data version: 738700, memory: 5206728704 bytes (4965.52 MB)
write base data version: 738800, memory: 5206728704 bytes (4965.52 MB)
write base data version: 738900, memory: 5206728704 bytes (4965.52 MB)
write base data version: 739000, memory: 5206728704 bytes (4965.52 MB)
write base data version: 739100, memory: 5206728704 bytes (4965.52 MB)
write base data version: 739200, memory: 5206728704 bytes (4965.52 MB)
write base data version: 739300, memory: 5206728704 bytes (4965.52 MB)
write base data version: 739400, memory: 5206728704 bytes (4965.52 MB)
write base data version: 739500, memory: 5206728704 bytes (4965.52 MB)
write base data version: 739600, memory: 5206728704 bytes (4965.52 MB)
write base data version: 739700, memory: 5206728704 bytes (4965.52 MB)
write base data version: 739800, memory: 5206728704 bytes (4965.52 MB)
write base data version: 739900, memory: 5206728704 bytes (4965.52 MB)
write base data version: 740000, memory: 5206728704 bytes (4965.52 MB)
write base data version: 740100, memory: 5206728704 bytes (4965.52 MB)
write base data version: 740200, memory: 5206728704 bytes (4965.52 MB)
write base data version: 740300, memory: 5206728704 bytes (4965.52 MB)
write base data version: 740400, memory: 5206728704 bytes (4965.52 MB)
write base data version: 740500, memory: 5206728704 bytes (4965.52 MB)
write base data version: 740600, memory: 5206728704 bytes (4965.52 MB)
write base data version: 740700, memory: 5206728704 bytes (4965.52 MB)
write base data version: 740800, memory: 5206728704 bytes (4965.52 MB)
write base data version: 740900, memory: 5206728704 bytes (4965.52 MB)
write base data version: 741000, memory: 5206728704 bytes (4965.52 MB)
write base data version: 741100, memory: 5206728704 bytes (4965.52 MB)
write base data version: 741200, memory: 5206728704 bytes (4965.52 MB)
write base data version: 741300, memory: 5206728704 bytes (4965.52 MB)
write base data version: 741400, memory: 5206728704 bytes (4965.52 MB)
write base data version: 741500, memory: 5206728704 bytes (4965.52 MB)
write base data version: 741600, memory: 5206728704 bytes (4965.52 MB)
write base data version: 741700, memory: 5206728704 bytes (4965.52 MB)
write base data version: 741800, memory: 5206728704 bytes (4965.52 MB)
write base data version: 741900, memory: 5206728704 bytes (4965.52 MB)
write base data version: 742000, memory: 5206728704 bytes (4965.52 MB)
write base data version: 742100, memory: 5206728704 bytes (4965.52 MB)
write base data version: 742200, memory: 5206728704 bytes (4965.52 MB)
write base data version: 742300, memory: 5206728704 bytes (4965.52 MB)
write base data version: 742400, memory: 5206728704 bytes (4965.52 MB)
write base data version: 742500, memory: 5206728704 bytes (4965.52 MB)
write base data version: 742600, memory: 5206728704 bytes (4965.52 MB)
write base data version: 742700, memory: 5206728704 bytes (4965.52 MB)
write base data version: 742800, memory: 5206728704 bytes (4965.52 MB)
write base data version: 742900, memory: 5206728704 bytes (4965.52 MB)
write base data version: 743000, memory: 5206728704 bytes (4965.52 MB)
write base data version: 743100, memory: 5206728704 bytes (4965.52 MB)
write base data version: 743200, memory: 5206728704 bytes (4965.52 MB)
write base data version: 743300, memory: 5206728704 bytes (4965.52 MB)
write base data version: 743400, memory: 5206728704 bytes (4965.52 MB)
write base data version: 743500, memory: 5206728704 bytes (4965.52 MB)
write base data version: 743600, memory: 5206728704 bytes (4965.52 MB)
write base data version: 743700, memory: 5206728704 bytes (4965.52 MB)
write base data version: 743800, memory: 5206728704 bytes (4965.52 MB)
write base data version: 743900, memory: 5206728704 bytes (4965.52 MB)
write base data version: 744000, memory: 5206728704 bytes (4965.52 MB)
write base data version: 744100, memory: 5206728704 bytes (4965.52 MB)
write base data version: 744200, memory: 5206728704 bytes (4965.52 MB)
write base data version: 744300, memory: 5206728704 bytes (4965.52 MB)
write base data version: 744400, memory: 5206728704 bytes (4965.52 MB)
write base data version: 744500, memory: 5206728704 bytes (4965.52 MB)
write base data version: 744600, memory: 5206728704 bytes (4965.52 MB)
write base data version: 744700, memory: 5206728704 bytes (4965.52 MB)
write base data version: 744800, memory: 5206728704 bytes (4965.52 MB)
write base data version: 744900, memory: 5206728704 bytes (4965.52 MB)
write base data version: 745000, memory: 5206728704 bytes (4965.52 MB)
write base data version: 745100, memory: 5206728704 bytes (4965.52 MB)
write base data version: 745200, memory: 5206728704 bytes (4965.52 MB)
write base data version: 745300, memory: 5206728704 bytes (4965.52 MB)
write base data version: 745400, memory: 5206728704 bytes (4965.52 MB)
write base data version: 745500, memory: 5206728704 bytes (4965.52 MB)
write base data version: 745600, memory: 5206728704 bytes (4965.52 MB)
write base data version: 745700, memory: 5206728704 bytes (4965.52 MB)
write base data version: 745800, memory: 5206728704 bytes (4965.52 MB)
write base data version: 745900, memory: 5206728704 bytes (4965.52 MB)
write base data version: 746000, memory: 5206728704 bytes (4965.52 MB)
write base data version: 746100, memory: 5206728704 bytes (4965.52 MB)
write base data version: 746200, memory: 5206728704 bytes (4965.52 MB)
write base data version: 746300, memory: 5206728704 bytes (4965.52 MB)
write base data version: 746400, memory: 5206728704 bytes (4965.52 MB)
write base data version: 746500, memory: 5206728704 bytes (4965.52 MB)
write base data version: 746600, memory: 5206728704 bytes (4965.52 MB)
write base data version: 746700, memory: 5206728704 bytes (4965.52 MB)
write base data version: 746800, memory: 5206728704 bytes (4965.52 MB)
write base data version: 746900, memory: 5206728704 bytes (4965.52 MB)
write base data version: 747000, memory: 5206728704 bytes (4965.52 MB)
write base data version: 747100, memory: 5206728704 bytes (4965.52 MB)
write base data version: 747200, memory: 5206728704 bytes (4965.52 MB)
write base data version: 747300, memory: 5206728704 bytes (4965.52 MB)
write base data version: 747400, memory: 5206728704 bytes (4965.52 MB)
write base data version: 747500, memory: 5206728704 bytes (4965.52 MB)
write base data version: 747600, memory: 5206728704 bytes (4965.52 MB)
write base data version: 747700, memory: 5206728704 bytes (4965.52 MB)
write base data version: 747800, memory: 5206728704 bytes (4965.52 MB)
write base data version: 747900, memory: 5206728704 bytes (4965.52 MB)
write base data version: 748000, memory: 5206728704 bytes (4965.52 MB)
write base data version: 748100, memory: 5206728704 bytes (4965.52 MB)
write base data version: 748200, memory: 5206728704 bytes (4965.52 MB)
write base data version: 748300, memory: 5206728704 bytes (4965.52 MB)
write base data version: 748400, memory: 5206728704 bytes (4965.52 MB)
write base data version: 748500, memory: 5206728704 bytes (4965.52 MB)
write base data version: 748600, memory: 5206728704 bytes (4965.52 MB)
write base data version: 748700, memory: 5206728704 bytes (4965.52 MB)
write base data version: 748800, memory: 5206728704 bytes (4965.52 MB)
write base data version: 748900, memory: 5206728704 bytes (4965.52 MB)
write base data version: 749000, memory: 5206728704 bytes (4965.52 MB)
write base data version: 749100, memory: 5206728704 bytes (4965.52 MB)
write base data version: 749200, memory: 5206728704 bytes (4965.52 MB)
write base data version: 749300, memory: 5206728704 bytes (4965.52 MB)
write base data version: 749400, memory: 5206728704 bytes (4965.52 MB)
write base data version: 749500, memory: 5206728704 bytes (4965.52 MB)
write base data version: 749600, memory: 5206728704 bytes (4965.52 MB)
write base data version: 749700, memory: 5206728704 bytes (4965.52 MB)
write base data version: 749800, memory: 5206728704 bytes (4965.52 MB)
write base data version: 749900, memory: 5206728704 bytes (4965.52 MB)
write base data version: 750000, memory: 5206728704 bytes (4965.52 MB)
write base data version: 750100, memory: 5206728704 bytes (4965.52 MB)
write base data version: 750200, memory: 5206728704 bytes (4965.52 MB)
write base data version: 750300, memory: 5206728704 bytes (4965.52 MB)
write base data version: 750400, memory: 5206728704 bytes (4965.52 MB)
write base data version: 750500, memory: 5206728704 bytes (4965.52 MB)
write base data version: 750600, memory: 5206728704 bytes (4965.52 MB)
write base data version: 750700, memory: 5206728704 bytes (4965.52 MB)
write base data version: 750800, memory: 5206728704 bytes (4965.52 MB)
write base data version: 750900, memory: 5206728704 bytes (4965.52 MB)
write base data version: 751000, memory: 5206728704 bytes (4965.52 MB)
write base data version: 751100, memory: 5206728704 bytes (4965.52 MB)
write base data version: 751200, memory: 5206728704 bytes (4965.52 MB)
write base data version: 751300, memory: 5206728704 bytes (4965.52 MB)
write base data version: 751400, memory: 5206728704 bytes (4965.52 MB)
write base data version: 751500, memory: 5206728704 bytes (4965.52 MB)
write base data version: 751600, memory: 5206728704 bytes (4965.52 MB)
write base data version: 751700, memory: 5206728704 bytes (4965.52 MB)
write base data version: 751800, memory: 5206728704 bytes (4965.52 MB)
write base data version: 751900, memory: 5206728704 bytes (4965.52 MB)
write base data version: 752000, memory: 5206728704 bytes (4965.52 MB)
write base data version: 752100, memory: 5206728704 bytes (4965.52 MB)
write base data version: 752200, memory: 5206728704 bytes (4965.52 MB)
write base data version: 752300, memory: 5206728704 bytes (4965.52 MB)
write base data version: 752400, memory: 5206728704 bytes (4965.52 MB)
write base data version: 752500, memory: 5206728704 bytes (4965.52 MB)
write base data version: 752600, memory: 5206728704 bytes (4965.52 MB)
write base data version: 752700, memory: 5206728704 bytes (4965.52 MB)
write base data version: 752800, memory: 5206728704 bytes (4965.52 MB)
write base data version: 752900, memory: 5206728704 bytes (4965.52 MB)
write base data version: 753000, memory: 5206728704 bytes (4965.52 MB)
write base data version: 753100, memory: 5206728704 bytes (4965.52 MB)
write base data version: 753200, memory: 5206728704 bytes (4965.52 MB)
write base data version: 753300, memory: 5206728704 bytes (4965.52 MB)
write base data version: 753400, memory: 5206728704 bytes (4965.52 MB)
write base data version: 753500, memory: 5206728704 bytes (4965.52 MB)
write base data version: 753600, memory: 5206728704 bytes (4965.52 MB)
write base data version: 753700, memory: 5206728704 bytes (4965.52 MB)
write base data version: 753800, memory: 5206728704 bytes (4965.52 MB)
write base data version: 753900, memory: 5206728704 bytes (4965.52 MB)
write base data version: 754000, memory: 5206728704 bytes (4965.52 MB)
write base data version: 754100, memory: 5206728704 bytes (4965.52 MB)
write base data version: 754200, memory: 5206728704 bytes (4965.52 MB)
write base data version: 754300, memory: 5206728704 bytes (4965.52 MB)
write base data version: 754400, memory: 5206728704 bytes (4965.52 MB)
write base data version: 754500, memory: 5206728704 bytes (4965.52 MB)
write base data version: 754600, memory: 5206728704 bytes (4965.52 MB)
write base data version: 754700, memory: 5206728704 bytes (4965.52 MB)
write base data version: 754800, memory: 5206728704 bytes (4965.52 MB)
write base data version: 754900, memory: 5206728704 bytes (4965.52 MB)
write base data version: 755000, memory: 5206728704 bytes (4965.52 MB)
write base data version: 755100, memory: 5206728704 bytes (4965.52 MB)
write base data version: 755200, memory: 5206728704 bytes (4965.52 MB)
write base data version: 755300, memory: 5206728704 bytes (4965.52 MB)
write base data version: 755400, memory: 5206728704 bytes (4965.52 MB)
write base data version: 755500, memory: 5206728704 bytes (4965.52 MB)
write base data version: 755600, memory: 5206728704 bytes (4965.52 MB)
write base data version: 755700, memory: 5206728704 bytes (4965.52 MB)
write base data version: 755800, memory: 5206728704 bytes (4965.52 MB)
write base data version: 755900, memory: 5206728704 bytes (4965.52 MB)
write base data version: 756000, memory: 5206728704 bytes (4965.52 MB)
write base data version: 756100, memory: 5206728704 bytes (4965.52 MB)
write base data version: 756200, memory: 5206728704 bytes (4965.52 MB)
write base data version: 756300, memory: 5206728704 bytes (4965.52 MB)
write base data version: 756400, memory: 5206728704 bytes (4965.52 MB)
write base data version: 756500, memory: 5206728704 bytes (4965.52 MB)
write base data version: 756600, memory: 5206728704 bytes (4965.52 MB)
write base data version: 756700, memory: 5206728704 bytes (4965.52 MB)
write base data version: 756800, memory: 5206728704 bytes (4965.52 MB)
write base data version: 756900, memory: 5206728704 bytes (4965.52 MB)
write base data version: 757000, memory: 5206728704 bytes (4965.52 MB)
write base data version: 757100, memory: 5206728704 bytes (4965.52 MB)
write base data version: 757200, memory: 5206728704 bytes (4965.52 MB)
write base data version: 757300, memory: 5206728704 bytes (4965.52 MB)
write base data version: 757400, memory: 5206728704 bytes (4965.52 MB)
write base data version: 757500, memory: 5206728704 bytes (4965.52 MB)
write base data version: 757600, memory: 5206728704 bytes (4965.52 MB)
write base data version: 757700, memory: 5206728704 bytes (4965.52 MB)
write base data version: 757800, memory: 5206728704 bytes (4965.52 MB)
write base data version: 757900, memory: 5206728704 bytes (4965.52 MB)
write base data version: 758000, memory: 5206728704 bytes (4965.52 MB)
write base data version: 758100, memory: 5206728704 bytes (4965.52 MB)
write base data version: 758200, memory: 5206728704 bytes (4965.52 MB)
write base data version: 758300, memory: 5206728704 bytes (4965.52 MB)
write base data version: 758400, memory: 5206728704 bytes (4965.52 MB)
write base data version: 758500, memory: 5206728704 bytes (4965.52 MB)
write base data version: 758600, memory: 5206728704 bytes (4965.52 MB)
write base data version: 758700, memory: 5206728704 bytes (4965.52 MB)
write base data version: 758800, memory: 5206728704 bytes (4965.52 MB)
write base data version: 758900, memory: 5206728704 bytes (4965.52 MB)
write base data version: 759000, memory: 5206728704 bytes (4965.52 MB)
write base data version: 759100, memory: 5206728704 bytes (4965.52 MB)
write base data version: 759200, memory: 5206728704 bytes (4965.52 MB)
write base data version: 759300, memory: 5206728704 bytes (4965.52 MB)
write base data version: 759400, memory: 5206728704 bytes (4965.52 MB)
write base data version: 759500, memory: 5206728704 bytes (4965.52 MB)
write base data version: 759600, memory: 5206728704 bytes (4965.52 MB)
write base data version: 759700, memory: 5206728704 bytes (4965.52 MB)
write base data version: 759800, memory: 5206728704 bytes (4965.52 MB)
write base data version: 759900, memory: 5206728704 bytes (4965.52 MB)
write base data version: 760000, memory: 5206728704 bytes (4965.52 MB)
write base data version: 760100, memory: 5206728704 bytes (4965.52 MB)
write base data version: 760200, memory: 5206728704 bytes (4965.52 MB)
write base data version: 760300, memory: 5206728704 bytes (4965.52 MB)
write base data version: 760400, memory: 5206728704 bytes (4965.52 MB)
write base data version: 760500, memory: 5206728704 bytes (4965.52 MB)
write base data version: 760600, memory: 5206728704 bytes (4965.52 MB)
write base data version: 760700, memory: 5206728704 bytes (4965.52 MB)
write base data version: 760800, memory: 5206728704 bytes (4965.52 MB)
write base data version: 760900, memory: 5206728704 bytes (4965.52 MB)
write base data version: 761000, memory: 5206728704 bytes (4965.52 MB)
write base data version: 761100, memory: 5206728704 bytes (4965.52 MB)
write base data version: 761200, memory: 5206728704 bytes (4965.52 MB)
write base data version: 761300, memory: 5206728704 bytes (4965.52 MB)
write base data version: 761400, memory: 5206728704 bytes (4965.52 MB)
write base data version: 761500, memory: 5206728704 bytes (4965.52 MB)
write base data version: 761600, memory: 5206728704 bytes (4965.52 MB)
write base data version: 761700, memory: 5206728704 bytes (4965.52 MB)
write base data version: 761800, memory: 5206728704 bytes (4965.52 MB)
write base data version: 761900, memory: 5206728704 bytes (4965.52 MB)
write base data version: 762000, memory: 5206728704 bytes (4965.52 MB)
write base data version: 762100, memory: 5206728704 bytes (4965.52 MB)
write base data version: 762200, memory: 5206728704 bytes (4965.52 MB)
write base data version: 762300, memory: 5206728704 bytes (4965.52 MB)
write base data version: 762400, memory: 5206728704 bytes (4965.52 MB)
write base data version: 762500, memory: 5206728704 bytes (4965.52 MB)
write base data version: 762600, memory: 5206728704 bytes (4965.52 MB)
write base data version: 762700, memory: 5206728704 bytes (4965.52 MB)
write base data version: 762800, memory: 5206728704 bytes (4965.52 MB)
write base data version: 762900, memory: 5206728704 bytes (4965.52 MB)
write base data version: 763000, memory: 5206728704 bytes (4965.52 MB)
write base data version: 763100, memory: 5206728704 bytes (4965.52 MB)
write base data version: 763200, memory: 5206728704 bytes (4965.52 MB)
write base data version: 763300, memory: 5206728704 bytes (4965.52 MB)
write base data version: 763400, memory: 5206728704 bytes (4965.52 MB)
write base data version: 763500, memory: 5206728704 bytes (4965.52 MB)
write base data version: 763600, memory: 5206728704 bytes (4965.52 MB)
write base data version: 763700, memory: 5206728704 bytes (4965.52 MB)
write base data version: 763800, memory: 5206728704 bytes (4965.52 MB)
write base data version: 763900, memory: 5206728704 bytes (4965.52 MB)
write base data version: 764000, memory: 5206728704 bytes (4965.52 MB)
write base data version: 764100, memory: 5206728704 bytes (4965.52 MB)
write base data version: 764200, memory: 5206728704 bytes (4965.52 MB)
write base data version: 764300, memory: 5206728704 bytes (4965.52 MB)
write base data version: 764400, memory: 5206728704 bytes (4965.52 MB)
write base data version: 764500, memory: 5206728704 bytes (4965.52 MB)
write base data version: 764600, memory: 5206728704 bytes (4965.52 MB)
write base data version: 764700, memory: 5206728704 bytes (4965.52 MB)
write base data version: 764800, memory: 5206728704 bytes (4965.52 MB)
write base data version: 764900, memory: 5206728704 bytes (4965.52 MB)
write base data version: 765000, memory: 5206728704 bytes (4965.52 MB)
write base data version: 765100, memory: 5206728704 bytes (4965.52 MB)
write base data version: 765200, memory: 5206728704 bytes (4965.52 MB)
write base data version: 765300, memory: 5206728704 bytes (4965.52 MB)
write base data version: 765400, memory: 5206728704 bytes (4965.52 MB)
write base data version: 765500, memory: 5206728704 bytes (4965.52 MB)
write base data version: 765600, memory: 5206728704 bytes (4965.52 MB)
write base data version: 765700, memory: 5206728704 bytes (4965.52 MB)
write base data version: 765800, memory: 5206728704 bytes (4965.52 MB)
write base data version: 765900, memory: 5206728704 bytes (4965.52 MB)
write base data version: 766000, memory: 5206728704 bytes (4965.52 MB)
write base data version: 766100, memory: 5206728704 bytes (4965.52 MB)
write base data version: 766200, memory: 5206728704 bytes (4965.52 MB)
write base data version: 766300, memory: 5206728704 bytes (4965.52 MB)
write base data version: 766400, memory: 5206728704 bytes (4965.52 MB)
write base data version: 766500, memory: 5206728704 bytes (4965.52 MB)
write base data version: 766600, memory: 5206728704 bytes (4965.52 MB)
write base data version: 766700, memory: 5206728704 bytes (4965.52 MB)
write base data version: 766800, memory: 5206728704 bytes (4965.52 MB)
write base data version: 766900, memory: 5206728704 bytes (4965.52 MB)
write base data version: 767000, memory: 5206728704 bytes (4965.52 MB)
write base data version: 767100, memory: 5206728704 bytes (4965.52 MB)
write base data version: 767200, memory: 5206728704 bytes (4965.52 MB)
write base data version: 767300, memory: 5206728704 bytes (4965.52 MB)
write base data version: 767400, memory: 5206728704 bytes (4965.52 MB)
write base data version: 767500, memory: 5206728704 bytes (4965.52 MB)
write base data version: 767600, memory: 5206728704 bytes (4965.52 MB)
write base data version: 767700, memory: 5206728704 bytes (4965.52 MB)
write base data version: 767800, memory: 5206728704 bytes (4965.52 MB)
write base data version: 767900, memory: 5206728704 bytes (4965.52 MB)
write base data version: 768000, memory: 5206728704 bytes (4965.52 MB)
write base data version: 768100, memory: 5206728704 bytes (4965.52 MB)
write base data version: 768200, memory: 5206728704 bytes (4965.52 MB)
write base data version: 768300, memory: 5206728704 bytes (4965.52 MB)
write base data version: 768400, memory: 5206728704 bytes (4965.52 MB)
write base data version: 768500, memory: 5206728704 bytes (4965.52 MB)
write base data version: 768600, memory: 5206728704 bytes (4965.52 MB)
write base data version: 768700, memory: 5206728704 bytes (4965.52 MB)
write base data version: 768800, memory: 5206728704 bytes (4965.52 MB)
write base data version: 768900, memory: 5206728704 bytes (4965.52 MB)
write base data version: 769000, memory: 5206728704 bytes (4965.52 MB)
write base data version: 769100, memory: 5206728704 bytes (4965.52 MB)
write base data version: 769200, memory: 5206728704 bytes (4965.52 MB)
write base data version: 769300, memory: 5206728704 bytes (4965.52 MB)
write base data version: 769400, memory: 5206728704 bytes (4965.52 MB)
write base data version: 769500, memory: 5206728704 bytes (4965.52 MB)
write base data version: 769600, memory: 5206728704 bytes (4965.52 MB)
write base data version: 769700, memory: 5206728704 bytes (4965.52 MB)
write base data version: 769800, memory: 5206728704 bytes (4965.52 MB)
write base data version: 769900, memory: 5206728704 bytes (4965.52 MB)
write base data version: 770000, memory: 5206728704 bytes (4965.52 MB)
write base data version: 770100, memory: 5206728704 bytes (4965.52 MB)
write base data version: 770200, memory: 5206728704 bytes (4965.52 MB)
write base data version: 770300, memory: 5206728704 bytes (4965.52 MB)
write base data version: 770400, memory: 5206728704 bytes (4965.52 MB)
write base data version: 770500, memory: 5206728704 bytes (4965.52 MB)
write base data version: 770600, memory: 5206728704 bytes (4965.52 MB)
write base data version: 770700, memory: 5206728704 bytes (4965.52 MB)
write base data version: 770800, memory: 5206728704 bytes (4965.52 MB)
write base data version: 770900, memory: 5206728704 bytes (4965.52 MB)
write base data version: 771000, memory: 5206728704 bytes (4965.52 MB)
write base data version: 771100, memory: 5206728704 bytes (4965.52 MB)
write base data version: 771200, memory: 5206728704 bytes (4965.52 MB)
write base data version: 771300, memory: 5206728704 bytes (4965.52 MB)
write base data version: 771400, memory: 5206728704 bytes (4965.52 MB)
write base data version: 771500, memory: 5206728704 bytes (4965.52 MB)
write base data version: 771600, memory: 5206728704 bytes (4965.52 MB)
write base data version: 771700, memory: 5206728704 bytes (4965.52 MB)
write base data version: 771800, memory: 5206728704 bytes (4965.52 MB)
write base data version: 771900, memory: 5206728704 bytes (4965.52 MB)
write base data version: 772000, memory: 5206728704 bytes (4965.52 MB)
write base data version: 772100, memory: 5206728704 bytes (4965.52 MB)
write base data version: 772200, memory: 5206728704 bytes (4965.52 MB)
write base data version: 772300, memory: 5206728704 bytes (4965.52 MB)
write base data version: 772400, memory: 5206728704 bytes (4965.52 MB)
write base data version: 772500, memory: 5206728704 bytes (4965.52 MB)
write base data version: 772600, memory: 5206728704 bytes (4965.52 MB)
write base data version: 772700, memory: 5206728704 bytes (4965.52 MB)
write base data version: 772800, memory: 5206728704 bytes (4965.52 MB)
write base data version: 772900, memory: 5206728704 bytes (4965.52 MB)
write base data version: 773000, memory: 5206728704 bytes (4965.52 MB)
write base data version: 773100, memory: 5206728704 bytes (4965.52 MB)
write base data version: 773200, memory: 5206728704 bytes (4965.52 MB)
write base data version: 773300, memory: 5206728704 bytes (4965.52 MB)
write base data version: 773400, memory: 5206728704 bytes (4965.52 MB)
write base data version: 773500, memory: 5206728704 bytes (4965.52 MB)
write base data version: 773600, memory: 5206728704 bytes (4965.52 MB)
write base data version: 773700, memory: 5209636864 bytes (4968.30 MB)
write base data version: 773800, memory: 5215490048 bytes (4973.88 MB)
write base data version: 773900, memory: 5215490048 bytes (4973.88 MB)
write base data version: 774000, memory: 5215490048 bytes (4973.88 MB)
write base data version: 774100, memory: 5215490048 bytes (4973.88 MB)
write base data version: 774200, memory: 5215490048 bytes (4973.88 MB)
write base data version: 774300, memory: 5215490048 bytes (4973.88 MB)
write base data version: 774400, memory: 5215490048 bytes (4973.88 MB)
write base data version: 774500, memory: 5215490048 bytes (4973.88 MB)
write base data version: 774600, memory: 5215490048 bytes (4973.88 MB)
write base data version: 774700, memory: 5215490048 bytes (4973.88 MB)
write base data version: 774800, memory: 5215490048 bytes (4973.88 MB)
write base data version: 774900, memory: 5215490048 bytes (4973.88 MB)
write base data version: 775000, memory: 5215490048 bytes (4973.88 MB)
write base data version: 775100, memory: 5215490048 bytes (4973.88 MB)
write base data version: 775200, memory: 5215490048 bytes (4973.88 MB)
write base data version: 775300, memory: 5215490048 bytes (4973.88 MB)
write base data version: 775400, memory: 5215490048 bytes (4973.88 MB)
write base data version: 775500, memory: 5215490048 bytes (4973.88 MB)
write base data version: 775600, memory: 5215490048 bytes (4973.88 MB)
write base data version: 775700, memory: 5215490048 bytes (4973.88 MB)
write base data version: 775800, memory: 5215490048 bytes (4973.88 MB)
write base data version: 775900, memory: 5215490048 bytes (4973.88 MB)
write base data version: 776000, memory: 5215490048 bytes (4973.88 MB)
write base data version: 776100, memory: 5215490048 bytes (4973.88 MB)
write base data version: 776200, memory: 5215490048 bytes (4973.88 MB)
write base data version: 776300, memory: 5215490048 bytes (4973.88 MB)
write base data version: 776400, memory: 5215490048 bytes (4973.88 MB)
write base data version: 776500, memory: 5215490048 bytes (4973.88 MB)
write base data version: 776600, memory: 5215490048 bytes (4973.88 MB)
write base data version: 776700, memory: 5215490048 bytes (4973.88 MB)
write base data version: 776800, memory: 5215490048 bytes (4973.88 MB)
write base data version: 776900, memory: 5215490048 bytes (4973.88 MB)
write base data version: 777000, memory: 5215490048 bytes (4973.88 MB)
write base data version: 777100, memory: 5215490048 bytes (4973.88 MB)
write base data version: 777200, memory: 5215490048 bytes (4973.88 MB)
write base data version: 777300, memory: 5215490048 bytes (4973.88 MB)
write base data version: 777400, memory: 5215490048 bytes (4973.88 MB)
write base data version: 777500, memory: 5215490048 bytes (4973.88 MB)
write base data version: 777600, memory: 5215490048 bytes (4973.88 MB)
write base data version: 777700, memory: 5215490048 bytes (4973.88 MB)
write base data version: 777800, memory: 5215490048 bytes (4973.88 MB)
write base data version: 777900, memory: 5215490048 bytes (4973.88 MB)
write base data version: 778000, memory: 5215490048 bytes (4973.88 MB)
write base data version: 778100, memory: 5215490048 bytes (4973.88 MB)
write base data version: 778200, memory: 5215490048 bytes (4973.88 MB)
write base data version: 778300, memory: 5215490048 bytes (4973.88 MB)
write base data version: 778400, memory: 5215490048 bytes (4973.88 MB)
write base data version: 778500, memory: 5215490048 bytes (4973.88 MB)
write base data version: 778600, memory: 5215490048 bytes (4973.88 MB)
write base data version: 778700, memory: 5215490048 bytes (4973.88 MB)
write base data version: 778800, memory: 5215490048 bytes (4973.88 MB)
write base data version: 778900, memory: 5215490048 bytes (4973.88 MB)
write base data version: 779000, memory: 5215490048 bytes (4973.88 MB)
write base data version: 779100, memory: 5215490048 bytes (4973.88 MB)
write base data version: 779200, memory: 5215490048 bytes (4973.88 MB)
write base data version: 779300, memory: 5215490048 bytes (4973.88 MB)
write base data version: 779400, memory: 5215490048 bytes (4973.88 MB)
write base data version: 779500, memory: 5215490048 bytes (4973.88 MB)
write base data version: 779600, memory: 5215490048 bytes (4973.88 MB)
write base data version: 779700, memory: 5215490048 bytes (4973.88 MB)
write base data version: 779800, memory: 5215490048 bytes (4973.88 MB)
write base data version: 779900, memory: 5215490048 bytes (4973.88 MB)
write base data version: 780000, memory: 5215490048 bytes (4973.88 MB)
write base data version: 780100, memory: 5215490048 bytes (4973.88 MB)
write base data version: 780200, memory: 5215490048 bytes (4973.88 MB)
write base data version: 780300, memory: 5215490048 bytes (4973.88 MB)
write base data version: 780400, memory: 5215490048 bytes (4973.88 MB)
write base data version: 780500, memory: 5215490048 bytes (4973.88 MB)
write base data version: 780600, memory: 5215490048 bytes (4973.88 MB)
write base data version: 780700, memory: 5215490048 bytes (4973.88 MB)
write base data version: 780800, memory: 5215490048 bytes (4973.88 MB)
write base data version: 780900, memory: 5215490048 bytes (4973.88 MB)
write base data version: 781000, memory: 5215490048 bytes (4973.88 MB)
write base data version: 781100, memory: 5215490048 bytes (4973.88 MB)
write base data version: 781200, memory: 5215490048 bytes (4973.88 MB)
write base data version: 781300, memory: 5215490048 bytes (4973.88 MB)
write base data version: 781400, memory: 5215490048 bytes (4973.88 MB)
write base data version: 781500, memory: 5215490048 bytes (4973.88 MB)
write base data version: 781600, memory: 5215490048 bytes (4973.88 MB)
write base data version: 781700, memory: 5215490048 bytes (4973.88 MB)
write base data version: 781800, memory: 5215490048 bytes (4973.88 MB)
write base data version: 781900, memory: 5215490048 bytes (4973.88 MB)
write base data version: 782000, memory: 5215490048 bytes (4973.88 MB)
write base data version: 782100, memory: 5215490048 bytes (4973.88 MB)
write base data version: 782200, memory: 5215490048 bytes (4973.88 MB)
write base data version: 782300, memory: 5215490048 bytes (4973.88 MB)
write base data version: 782400, memory: 5215490048 bytes (4973.88 MB)
write base data version: 782500, memory: 5215490048 bytes (4973.88 MB)
write base data version: 782600, memory: 5215490048 bytes (4973.88 MB)
write base data version: 782700, memory: 5215490048 bytes (4973.88 MB)
write base data version: 782800, memory: 5215490048 bytes (4973.88 MB)
write base data version: 782900, memory: 5215490048 bytes (4973.88 MB)
write base data version: 783000, memory: 5215490048 bytes (4973.88 MB)
write base data version: 783100, memory: 5215490048 bytes (4973.88 MB)
write base data version: 783200, memory: 5215490048 bytes (4973.88 MB)
write base data version: 783300, memory: 5215490048 bytes (4973.88 MB)
write base data version: 783400, memory: 5215490048 bytes (4973.88 MB)
write base data version: 783500, memory: 5215490048 bytes (4973.88 MB)
write base data version: 783600, memory: 5215490048 bytes (4973.88 MB)
write base data version: 783700, memory: 5215490048 bytes (4973.88 MB)
write base data version: 783800, memory: 5215490048 bytes (4973.88 MB)
write base data version: 783900, memory: 5215490048 bytes (4973.88 MB)
write base data version: 784000, memory: 5215490048 bytes (4973.88 MB)
write base data version: 784100, memory: 5215490048 bytes (4973.88 MB)
write base data version: 784200, memory: 5215490048 bytes (4973.88 MB)
write base data version: 784300, memory: 5215490048 bytes (4973.88 MB)
write base data version: 784400, memory: 5215490048 bytes (4973.88 MB)
write base data version: 784500, memory: 5215490048 bytes (4973.88 MB)
write base data version: 784600, memory: 5215490048 bytes (4973.88 MB)
write base data version: 784700, memory: 5215490048 bytes (4973.88 MB)
write base data version: 784800, memory: 5215490048 bytes (4973.88 MB)
write base data version: 784900, memory: 5215490048 bytes (4973.88 MB)
write base data version: 785000, memory: 5215490048 bytes (4973.88 MB)
write base data version: 785100, memory: 5215490048 bytes (4973.88 MB)
write base data version: 785200, memory: 5215490048 bytes (4973.88 MB)
write base data version: 785300, memory: 5215490048 bytes (4973.88 MB)
write base data version: 785400, memory: 5215490048 bytes (4973.88 MB)
write base data version: 785500, memory: 5215490048 bytes (4973.88 MB)
write base data version: 785600, memory: 5215490048 bytes (4973.88 MB)
write base data version: 785700, memory: 5215490048 bytes (4973.88 MB)
write base data version: 785800, memory: 5215490048 bytes (4973.88 MB)
write base data version: 785900, memory: 5215490048 bytes (4973.88 MB)
write base data version: 786000, memory: 5215490048 bytes (4973.88 MB)
write base data version: 786100, memory: 5215490048 bytes (4973.88 MB)
write base data version: 786200, memory: 5215490048 bytes (4973.88 MB)
write base data version: 786300, memory: 5215490048 bytes (4973.88 MB)
write base data version: 786400, memory: 5215490048 bytes (4973.88 MB)
write base data version: 786500, memory: 5215490048 bytes (4973.88 MB)
write base data version: 786600, memory: 5215490048 bytes (4973.88 MB)
write base data version: 786700, memory: 5215490048 bytes (4973.88 MB)
write base data version: 786800, memory: 5215490048 bytes (4973.88 MB)
write base data version: 786900, memory: 5215490048 bytes (4973.88 MB)
write base data version: 787000, memory: 5215490048 bytes (4973.88 MB)
write base data version: 787100, memory: 5215490048 bytes (4973.88 MB)
write base data version: 787200, memory: 5215490048 bytes (4973.88 MB)
write base data version: 787300, memory: 5215490048 bytes (4973.88 MB)
write base data version: 787400, memory: 5215490048 bytes (4973.88 MB)
write base data version: 787500, memory: 5215490048 bytes (4973.88 MB)
write base data version: 787600, memory: 5215490048 bytes (4973.88 MB)
write base data version: 787700, memory: 5215490048 bytes (4973.88 MB)
write base data version: 787800, memory: 5215490048 bytes (4973.88 MB)
write base data version: 787900, memory: 5215490048 bytes (4973.88 MB)
write base data version: 788000, memory: 5215490048 bytes (4973.88 MB)
write base data version: 788100, memory: 5215490048 bytes (4973.88 MB)
write base data version: 788200, memory: 5215490048 bytes (4973.88 MB)
write base data version: 788300, memory: 5215490048 bytes (4973.88 MB)
write base data version: 788400, memory: 5215490048 bytes (4973.88 MB)
write base data version: 788500, memory: 5215490048 bytes (4973.88 MB)
write base data version: 788600, memory: 5215490048 bytes (4973.88 MB)
write base data version: 788700, memory: 5215490048 bytes (4973.88 MB)
write base data version: 788800, memory: 5215490048 bytes (4973.88 MB)
write base data version: 788900, memory: 5215490048 bytes (4973.88 MB)
write base data version: 789000, memory: 5215490048 bytes (4973.88 MB)
write base data version: 789100, memory: 5215490048 bytes (4973.88 MB)
write base data version: 789200, memory: 5215490048 bytes (4973.88 MB)
write base data version: 789300, memory: 5215490048 bytes (4973.88 MB)
write base data version: 789400, memory: 5219381248 bytes (4977.59 MB)
write base data version: 789500, memory: 5233770496 bytes (4991.31 MB)
write base data version: 789600, memory: 5238251520 bytes (4995.59 MB)
write base data version: 789700, memory: 5238521856 bytes (4995.84 MB)
write base data version: 789800, memory: 5238521856 bytes (4995.84 MB)
write base data version: 789900, memory: 5238521856 bytes (4995.84 MB)
write base data version: 790000, memory: 5238521856 bytes (4995.84 MB)
write base data version: 790100, memory: 5238521856 bytes (4995.84 MB)
write base data version: 790200, memory: 5238521856 bytes (4995.84 MB)
write base data version: 790300, memory: 5238521856 bytes (4995.84 MB)
write base data version: 790400, memory: 5238521856 bytes (4995.84 MB)
write base data version: 790500, memory: 5238521856 bytes (4995.84 MB)
write base data version: 790600, memory: 5238521856 bytes (4995.84 MB)
write base data version: 790700, memory: 5238521856 bytes (4995.84 MB)
write base data version: 790800, memory: 5238521856 bytes (4995.84 MB)
write base data version: 790900, memory: 5238521856 bytes (4995.84 MB)
write base data version: 791000, memory: 5238521856 bytes (4995.84 MB)
write base data version: 791100, memory: 5238521856 bytes (4995.84 MB)
write base data version: 791200, memory: 5238521856 bytes (4995.84 MB)
write base data version: 791300, memory: 5238521856 bytes (4995.84 MB)
write base data version: 791400, memory: 5238521856 bytes (4995.84 MB)
write base data version: 791500, memory: 5238521856 bytes (4995.84 MB)
write base data version: 791600, memory: 5238521856 bytes (4995.84 MB)
write base data version: 791700, memory: 5238521856 bytes (4995.84 MB)
write base data version: 791800, memory: 5238521856 bytes (4995.84 MB)
write base data version: 791900, memory: 5238521856 bytes (4995.84 MB)
write base data version: 792000, memory: 5238521856 bytes (4995.84 MB)
write base data version: 792100, memory: 5238521856 bytes (4995.84 MB)
write base data version: 792200, memory: 5238521856 bytes (4995.84 MB)
write base data version: 792300, memory: 5238521856 bytes (4995.84 MB)
write base data version: 792400, memory: 5238521856 bytes (4995.84 MB)
write base data version: 792500, memory: 5238521856 bytes (4995.84 MB)
write base data version: 792600, memory: 5238521856 bytes (4995.84 MB)
write base data version: 792700, memory: 5238521856 bytes (4995.84 MB)
write base data version: 792800, memory: 5238521856 bytes (4995.84 MB)
write base data version: 792900, memory: 5238521856 bytes (4995.84 MB)
write base data version: 793000, memory: 5238521856 bytes (4995.84 MB)
write base data version: 793100, memory: 5238521856 bytes (4995.84 MB)
write base data version: 793200, memory: 5238521856 bytes (4995.84 MB)
write base data version: 793300, memory: 5238521856 bytes (4995.84 MB)
write base data version: 793400, memory: 5238521856 bytes (4995.84 MB)
write base data version: 793500, memory: 5238521856 bytes (4995.84 MB)
write base data version: 793600, memory: 5238521856 bytes (4995.84 MB)
write base data version: 793700, memory: 5238521856 bytes (4995.84 MB)
write base data version: 793800, memory: 5238521856 bytes (4995.84 MB)
write base data version: 793900, memory: 5238521856 bytes (4995.84 MB)
write base data version: 794000, memory: 5238521856 bytes (4995.84 MB)
write base data version: 794100, memory: 5238521856 bytes (4995.84 MB)
write base data version: 794200, memory: 5238521856 bytes (4995.84 MB)
write base data version: 794300, memory: 5238521856 bytes (4995.84 MB)
write base data version: 794400, memory: 5238521856 bytes (4995.84 MB)
write base data version: 794500, memory: 5238521856 bytes (4995.84 MB)
write base data version: 794600, memory: 5238521856 bytes (4995.84 MB)
write base data version: 794700, memory: 5238521856 bytes (4995.84 MB)
write base data version: 794800, memory: 5238521856 bytes (4995.84 MB)
write base data version: 794900, memory: 5238521856 bytes (4995.84 MB)
write base data version: 795000, memory: 5238521856 bytes (4995.84 MB)
write base data version: 795100, memory: 5238521856 bytes (4995.84 MB)
write base data version: 795200, memory: 5238521856 bytes (4995.84 MB)
write base data version: 795300, memory: 5238521856 bytes (4995.84 MB)
write base data version: 795400, memory: 5238521856 bytes (4995.84 MB)
write base data version: 795500, memory: 5238521856 bytes (4995.84 MB)
write base data version: 795600, memory: 5238521856 bytes (4995.84 MB)
write base data version: 795700, memory: 5238521856 bytes (4995.84 MB)
write base data version: 795800, memory: 5238521856 bytes (4995.84 MB)
write base data version: 795900, memory: 5238521856 bytes (4995.84 MB)
write base data version: 796000, memory: 5238521856 bytes (4995.84 MB)
write base data version: 796100, memory: 5238521856 bytes (4995.84 MB)
write base data version: 796200, memory: 5238521856 bytes (4995.84 MB)
write base data version: 796300, memory: 5238521856 bytes (4995.84 MB)
write base data version: 796400, memory: 5238521856 bytes (4995.84 MB)
write base data version: 796500, memory: 5238521856 bytes (4995.84 MB)
write base data version: 796600, memory: 5238521856 bytes (4995.84 MB)
write base data version: 796700, memory: 5238521856 bytes (4995.84 MB)
write base data version: 796800, memory: 5238521856 bytes (4995.84 MB)
write base data version: 796900, memory: 5238521856 bytes (4995.84 MB)
write base data version: 797000, memory: 5238521856 bytes (4995.84 MB)
write base data version: 797100, memory: 5238521856 bytes (4995.84 MB)
write base data version: 797200, memory: 5238521856 bytes (4995.84 MB)
write base data version: 797300, memory: 5238521856 bytes (4995.84 MB)
write base data version: 797400, memory: 5238521856 bytes (4995.84 MB)
write base data version: 797500, memory: 5238521856 bytes (4995.84 MB)
write base data version: 797600, memory: 5238521856 bytes (4995.84 MB)
write base data version: 797700, memory: 5238521856 bytes (4995.84 MB)
write base data version: 797800, memory: 5238521856 bytes (4995.84 MB)
write base data version: 797900, memory: 5238521856 bytes (4995.84 MB)
write base data version: 798000, memory: 5238521856 bytes (4995.84 MB)
write base data version: 798100, memory: 5238521856 bytes (4995.84 MB)
write base data version: 798200, memory: 5238521856 bytes (4995.84 MB)
write base data version: 798300, memory: 5238521856 bytes (4995.84 MB)
write base data version: 798400, memory: 5238521856 bytes (4995.84 MB)
write base data version: 798500, memory: 5238521856 bytes (4995.84 MB)
write base data version: 798600, memory: 5238521856 bytes (4995.84 MB)
write base data version: 798700, memory: 5238521856 bytes (4995.84 MB)
write base data version: 798800, memory: 5238521856 bytes (4995.84 MB)
write base data version: 798900, memory: 5238521856 bytes (4995.84 MB)
write base data version: 799000, memory: 5238521856 bytes (4995.84 MB)
write base data version: 799100, memory: 5238521856 bytes (4995.84 MB)
write base data version: 799200, memory: 5238521856 bytes (4995.84 MB)
write base data version: 799300, memory: 5238521856 bytes (4995.84 MB)
write base data version: 799400, memory: 5238521856 bytes (4995.84 MB)
write base data version: 799500, memory: 5238521856 bytes (4995.84 MB)
write base data version: 799600, memory: 5238521856 bytes (4995.84 MB)
write base data version: 799700, memory: 5238521856 bytes (4995.84 MB)
write base data version: 799800, memory: 5238521856 bytes (4995.84 MB)
write base data version: 799900, memory: 5238521856 bytes (4995.84 MB)
write base data version: 800000, memory: 5238521856 bytes (4995.84 MB)
write base data version: 800100, memory: 5238521856 bytes (4995.84 MB)
write base data version: 800200, memory: 5238521856 bytes (4995.84 MB)
write base data version: 800300, memory: 5238521856 bytes (4995.84 MB)
write base data version: 800400, memory: 5238521856 bytes (4995.84 MB)
write base data version: 800500, memory: 5238521856 bytes (4995.84 MB)
write base data version: 800600, memory: 5238521856 bytes (4995.84 MB)
write base data version: 800700, memory: 5238521856 bytes (4995.84 MB)
write base data version: 800800, memory: 5238521856 bytes (4995.84 MB)
write base data version: 800900, memory: 5238521856 bytes (4995.84 MB)
write base data version: 801000, memory: 5238521856 bytes (4995.84 MB)
write base data version: 801100, memory: 5238521856 bytes (4995.84 MB)
write base data version: 801200, memory: 5238521856 bytes (4995.84 MB)
write base data version: 801300, memory: 5238521856 bytes (4995.84 MB)
write base data version: 801400, memory: 5238521856 bytes (4995.84 MB)
write base data version: 801500, memory: 5238521856 bytes (4995.84 MB)
write base data version: 801600, memory: 5238521856 bytes (4995.84 MB)
write base data version: 801700, memory: 5238521856 bytes (4995.84 MB)
write base data version: 801800, memory: 5238521856 bytes (4995.84 MB)
write base data version: 801900, memory: 5238521856 bytes (4995.84 MB)
write base data version: 802000, memory: 5238521856 bytes (4995.84 MB)
write base data version: 802100, memory: 5238521856 bytes (4995.84 MB)
write base data version: 802200, memory: 5238521856 bytes (4995.84 MB)
write base data version: 802300, memory: 5238521856 bytes (4995.84 MB)
write base data version: 802400, memory: 5238521856 bytes (4995.84 MB)
write base data version: 802500, memory: 5238521856 bytes (4995.84 MB)
write base data version: 802600, memory: 5238521856 bytes (4995.84 MB)
write base data version: 802700, memory: 5238521856 bytes (4995.84 MB)
write base data version: 802800, memory: 5238521856 bytes (4995.84 MB)
write base data version: 802900, memory: 5238521856 bytes (4995.84 MB)
write base data version: 803000, memory: 5238521856 bytes (4995.84 MB)
write base data version: 803100, memory: 5238521856 bytes (4995.84 MB)
write base data version: 803200, memory: 5238521856 bytes (4995.84 MB)
write base data version: 803300, memory: 5238521856 bytes (4995.84 MB)
write base data version: 803400, memory: 5238521856 bytes (4995.84 MB)
write base data version: 803500, memory: 5238521856 bytes (4995.84 MB)
write base data version: 803600, memory: 5238521856 bytes (4995.84 MB)
write base data version: 803700, memory: 5238521856 bytes (4995.84 MB)
write base data version: 803800, memory: 5238521856 bytes (4995.84 MB)
write base data version: 803900, memory: 5238521856 bytes (4995.84 MB)
write base data version: 804000, memory: 5238521856 bytes (4995.84 MB)
write base data version: 804100, memory: 5238521856 bytes (4995.84 MB)
write base data version: 804200, memory: 5238521856 bytes (4995.84 MB)
write base data version: 804300, memory: 5238521856 bytes (4995.84 MB)
write base data version: 804400, memory: 5238521856 bytes (4995.84 MB)
write base data version: 804500, memory: 5238521856 bytes (4995.84 MB)
write base data version: 804600, memory: 5238521856 bytes (4995.84 MB)
write base data version: 804700, memory: 5238521856 bytes (4995.84 MB)
write base data version: 804800, memory: 5238521856 bytes (4995.84 MB)
write base data version: 804900, memory: 5238521856 bytes (4995.84 MB)
write base data version: 805000, memory: 5238521856 bytes (4995.84 MB)
write base data version: 805100, memory: 5238521856 bytes (4995.84 MB)
write base data version: 805200, memory: 5238521856 bytes (4995.84 MB)
write base data version: 805300, memory: 5238521856 bytes (4995.84 MB)
write base data version: 805400, memory: 5238521856 bytes (4995.84 MB)
write base data version: 805500, memory: 5238521856 bytes (4995.84 MB)
write base data version: 805600, memory: 5238521856 bytes (4995.84 MB)
write base data version: 805700, memory: 5238521856 bytes (4995.84 MB)
write base data version: 805800, memory: 5238521856 bytes (4995.84 MB)
write base data version: 805900, memory: 5238521856 bytes (4995.84 MB)
write base data version: 806000, memory: 5238521856 bytes (4995.84 MB)
write base data version: 806100, memory: 5238521856 bytes (4995.84 MB)
write base data version: 806200, memory: 5238521856 bytes (4995.84 MB)
write base data version: 806300, memory: 5238521856 bytes (4995.84 MB)
write base data version: 806400, memory: 5238521856 bytes (4995.84 MB)
write base data version: 806500, memory: 5238521856 bytes (4995.84 MB)
write base data version: 806600, memory: 5238521856 bytes (4995.84 MB)
write base data version: 806700, memory: 5238521856 bytes (4995.84 MB)
write base data version: 806800, memory: 5238521856 bytes (4995.84 MB)
write base data version: 806900, memory: 5238521856 bytes (4995.84 MB)
write base data version: 807000, memory: 5238521856 bytes (4995.84 MB)
write base data version: 807100, memory: 5238521856 bytes (4995.84 MB)
write base data version: 807200, memory: 5238521856 bytes (4995.84 MB)
write base data version: 807300, memory: 5238521856 bytes (4995.84 MB)
write base data version: 807400, memory: 5238521856 bytes (4995.84 MB)
write base data version: 807500, memory: 5238521856 bytes (4995.84 MB)
write base data version: 807600, memory: 5238521856 bytes (4995.84 MB)
write base data version: 807700, memory: 5238521856 bytes (4995.84 MB)
write base data version: 807800, memory: 5238521856 bytes (4995.84 MB)
write base data version: 807900, memory: 5238521856 bytes (4995.84 MB)
write base data version: 808000, memory: 5238521856 bytes (4995.84 MB)
write base data version: 808100, memory: 5238521856 bytes (4995.84 MB)
write base data version: 808200, memory: 5238521856 bytes (4995.84 MB)
write base data version: 808300, memory: 5238521856 bytes (4995.84 MB)
write base data version: 808400, memory: 5238521856 bytes (4995.84 MB)
write base data version: 808500, memory: 5238521856 bytes (4995.84 MB)
write base data version: 808600, memory: 5238521856 bytes (4995.84 MB)
write base data version: 808700, memory: 5238521856 bytes (4995.84 MB)
write base data version: 808800, memory: 5238521856 bytes (4995.84 MB)
write base data version: 808900, memory: 5238521856 bytes (4995.84 MB)
write base data version: 809000, memory: 5238521856 bytes (4995.84 MB)
write base data version: 809100, memory: 5238521856 bytes (4995.84 MB)
write base data version: 809200, memory: 5238521856 bytes (4995.84 MB)
write base data version: 809300, memory: 5238521856 bytes (4995.84 MB)
write base data version: 809400, memory: 5238521856 bytes (4995.84 MB)
write base data version: 809500, memory: 5238521856 bytes (4995.84 MB)
write base data version: 809600, memory: 5238521856 bytes (4995.84 MB)
write base data version: 809700, memory: 5238521856 bytes (4995.84 MB)
write base data version: 809800, memory: 5238521856 bytes (4995.84 MB)
write base data version: 809900, memory: 5238521856 bytes (4995.84 MB)
write base data version: 810000, memory: 5238521856 bytes (4995.84 MB)
write base data version: 810100, memory: 5238521856 bytes (4995.84 MB)
write base data version: 810200, memory: 5238521856 bytes (4995.84 MB)
write base data version: 810300, memory: 5238521856 bytes (4995.84 MB)
write base data version: 810400, memory: 5238521856 bytes (4995.84 MB)
write base data version: 810500, memory: 5238521856 bytes (4995.84 MB)
write base data version: 810600, memory: 5238521856 bytes (4995.84 MB)
write base data version: 810700, memory: 5238521856 bytes (4995.84 MB)
write base data version: 810800, memory: 5238521856 bytes (4995.84 MB)
write base data version: 810900, memory: 5238521856 bytes (4995.84 MB)
write base data version: 811000, memory: 5238521856 bytes (4995.84 MB)
write base data version: 811100, memory: 5238521856 bytes (4995.84 MB)
write base data version: 811200, memory: 5238521856 bytes (4995.84 MB)
write base data version: 811300, memory: 5238521856 bytes (4995.84 MB)
write base data version: 811400, memory: 5238521856 bytes (4995.84 MB)
write base data version: 811500, memory: 5238521856 bytes (4995.84 MB)
write base data version: 811600, memory: 5238521856 bytes (4995.84 MB)
write base data version: 811700, memory: 5238521856 bytes (4995.84 MB)
write base data version: 811800, memory: 5238521856 bytes (4995.84 MB)
write base data version: 811900, memory: 5238521856 bytes (4995.84 MB)
write base data version: 812000, memory: 5238521856 bytes (4995.84 MB)
write base data version: 812100, memory: 5238521856 bytes (4995.84 MB)
write base data version: 812200, memory: 5238521856 bytes (4995.84 MB)
write base data version: 812300, memory: 5238521856 bytes (4995.84 MB)
write base data version: 812400, memory: 5238521856 bytes (4995.84 MB)
write base data version: 812500, memory: 5238521856 bytes (4995.84 MB)
write base data version: 812600, memory: 5238521856 bytes (4995.84 MB)
write base data version: 812700, memory: 5238521856 bytes (4995.84 MB)
write base data version: 812800, memory: 5238521856 bytes (4995.84 MB)
write base data version: 812900, memory: 5238521856 bytes (4995.84 MB)
write base data version: 813000, memory: 5238521856 bytes (4995.84 MB)
write base data version: 813100, memory: 5238521856 bytes (4995.84 MB)
write base data version: 813200, memory: 5238521856 bytes (4995.84 MB)
write base data version: 813300, memory: 5238521856 bytes (4995.84 MB)
write base data version: 813400, memory: 5238521856 bytes (4995.84 MB)
write base data version: 813500, memory: 5238521856 bytes (4995.84 MB)
write base data version: 813600, memory: 5238521856 bytes (4995.84 MB)
write base data version: 813700, memory: 5238521856 bytes (4995.84 MB)
write base data version: 813800, memory: 5238521856 bytes (4995.84 MB)
write base data version: 813900, memory: 5238521856 bytes (4995.84 MB)
write base data version: 814000, memory: 5238521856 bytes (4995.84 MB)
write base data version: 814100, memory: 5238521856 bytes (4995.84 MB)
write base data version: 814200, memory: 5238521856 bytes (4995.84 MB)
write base data version: 814300, memory: 5238521856 bytes (4995.84 MB)
write base data version: 814400, memory: 5238521856 bytes (4995.84 MB)
write base data version: 814500, memory: 5238521856 bytes (4995.84 MB)
write base data version: 814600, memory: 5238521856 bytes (4995.84 MB)
write base data version: 814700, memory: 5238521856 bytes (4995.84 MB)
write base data version: 814800, memory: 5238521856 bytes (4995.84 MB)
write base data version: 814900, memory: 5238521856 bytes (4995.84 MB)
write base data version: 815000, memory: 5238521856 bytes (4995.84 MB)
write base data version: 815100, memory: 5238521856 bytes (4995.84 MB)
write base data version: 815200, memory: 5238521856 bytes (4995.84 MB)
write base data version: 815300, memory: 5238521856 bytes (4995.84 MB)
write base data version: 815400, memory: 5238521856 bytes (4995.84 MB)
write base data version: 815500, memory: 5238521856 bytes (4995.84 MB)
write base data version: 815600, memory: 5238521856 bytes (4995.84 MB)
write base data version: 815700, memory: 5238521856 bytes (4995.84 MB)
write base data version: 815800, memory: 5238521856 bytes (4995.84 MB)
write base data version: 815900, memory: 5238521856 bytes (4995.84 MB)
write base data version: 816000, memory: 5238521856 bytes (4995.84 MB)
write base data version: 816100, memory: 5238521856 bytes (4995.84 MB)
write base data version: 816200, memory: 5238521856 bytes (4995.84 MB)
write base data version: 816300, memory: 5238521856 bytes (4995.84 MB)
write base data version: 816400, memory: 5238521856 bytes (4995.84 MB)
write base data version: 816500, memory: 5238521856 bytes (4995.84 MB)
write base data version: 816600, memory: 5238521856 bytes (4995.84 MB)
write base data version: 816700, memory: 5238521856 bytes (4995.84 MB)
write base data version: 816800, memory: 5238521856 bytes (4995.84 MB)
write base data version: 816900, memory: 5238521856 bytes (4995.84 MB)
write base data version: 817000, memory: 5238521856 bytes (4995.84 MB)
write base data version: 817100, memory: 5238521856 bytes (4995.84 MB)
write base data version: 817200, memory: 5238521856 bytes (4995.84 MB)
write base data version: 817300, memory: 5238521856 bytes (4995.84 MB)
write base data version: 817400, memory: 5238521856 bytes (4995.84 MB)
write base data version: 817500, memory: 5238521856 bytes (4995.84 MB)
write base data version: 817600, memory: 5238521856 bytes (4995.84 MB)
write base data version: 817700, memory: 5238521856 bytes (4995.84 MB)
write base data version: 817800, memory: 5238521856 bytes (4995.84 MB)
write base data version: 817900, memory: 5238521856 bytes (4995.84 MB)
write base data version: 818000, memory: 5238521856 bytes (4995.84 MB)
write base data version: 818100, memory: 5238521856 bytes (4995.84 MB)
write base data version: 818200, memory: 5238521856 bytes (4995.84 MB)
write base data version: 818300, memory: 5238521856 bytes (4995.84 MB)
write base data version: 818400, memory: 5238521856 bytes (4995.84 MB)
write base data version: 818500, memory: 5238521856 bytes (4995.84 MB)
write base data version: 818600, memory: 5238521856 bytes (4995.84 MB)
write base data version: 818700, memory: 5238521856 bytes (4995.84 MB)
write base data version: 818800, memory: 5238521856 bytes (4995.84 MB)
write base data version: 818900, memory: 5238521856 bytes (4995.84 MB)
write base data version: 819000, memory: 5238521856 bytes (4995.84 MB)
write base data version: 819100, memory: 5238521856 bytes (4995.84 MB)
write base data version: 819200, memory: 5238521856 bytes (4995.84 MB)
write base data version: 819300, memory: 5238521856 bytes (4995.84 MB)
write base data version: 819400, memory: 5238521856 bytes (4995.84 MB)
write base data version: 819500, memory: 5238521856 bytes (4995.84 MB)
write base data version: 819600, memory: 5238521856 bytes (4995.84 MB)
write base data version: 819700, memory: 5238521856 bytes (4995.84 MB)
write base data version: 819800, memory: 5238521856 bytes (4995.84 MB)
write base data version: 819900, memory: 5238521856 bytes (4995.84 MB)
write base data version: 820000, memory: 5238521856 bytes (4995.84 MB)
write base data version: 820100, memory: 5238521856 bytes (4995.84 MB)
write base data version: 820200, memory: 5238521856 bytes (4995.84 MB)
write base data version: 820300, memory: 5238521856 bytes (4995.84 MB)
write base data version: 820400, memory: 5238521856 bytes (4995.84 MB)
write base data version: 820500, memory: 5238521856 bytes (4995.84 MB)
write base data version: 820600, memory: 5238521856 bytes (4995.84 MB)
write base data version: 820700, memory: 5238521856 bytes (4995.84 MB)
write base data version: 820800, memory: 5238521856 bytes (4995.84 MB)
write base data version: 820900, memory: 5238521856 bytes (4995.84 MB)
write base data version: 821000, memory: 5238521856 bytes (4995.84 MB)
write base data version: 821100, memory: 5238521856 bytes (4995.84 MB)
write base data version: 821200, memory: 5238521856 bytes (4995.84 MB)
write base data version: 821300, memory: 5238521856 bytes (4995.84 MB)
write base data version: 821400, memory: 5238521856 bytes (4995.84 MB)
write base data version: 821500, memory: 5238521856 bytes (4995.84 MB)
write base data version: 821600, memory: 5238521856 bytes (4995.84 MB)
write base data version: 821700, memory: 5238521856 bytes (4995.84 MB)
write base data version: 821800, memory: 5238521856 bytes (4995.84 MB)
write base data version: 821900, memory: 5238521856 bytes (4995.84 MB)
write base data version: 822000, memory: 5238521856 bytes (4995.84 MB)
write base data version: 822100, memory: 5238521856 bytes (4995.84 MB)
write base data version: 822200, memory: 5238521856 bytes (4995.84 MB)
write base data version: 822300, memory: 5238521856 bytes (4995.84 MB)
write base data version: 822400, memory: 5238521856 bytes (4995.84 MB)
write base data version: 822500, memory: 5238521856 bytes (4995.84 MB)
write base data version: 822600, memory: 5238521856 bytes (4995.84 MB)
write base data version: 822700, memory: 5238521856 bytes (4995.84 MB)
write base data version: 822800, memory: 5247131648 bytes (5004.05 MB)
write base data version: 822900, memory: 5253840896 bytes (5010.45 MB)
write base data version: 823000, memory: 5253840896 bytes (5010.45 MB)
write base data version: 823100, memory: 5253840896 bytes (5010.45 MB)
write base data version: 823200, memory: 5253840896 bytes (5010.45 MB)
write base data version: 823300, memory: 5253840896 bytes (5010.45 MB)
write base data version: 823400, memory: 5253840896 bytes (5010.45 MB)
write base data version: 823500, memory: 5253840896 bytes (5010.45 MB)
write base data version: 823600, memory: 5253840896 bytes (5010.45 MB)
write base data version: 823700, memory: 5253840896 bytes (5010.45 MB)
write base data version: 823800, memory: 5253840896 bytes (5010.45 MB)
write base data version: 823900, memory: 5253840896 bytes (5010.45 MB)
write base data version: 824000, memory: 5253840896 bytes (5010.45 MB)
write base data version: 824100, memory: 5253840896 bytes (5010.45 MB)
write base data version: 824200, memory: 5253840896 bytes (5010.45 MB)
write base data version: 824300, memory: 5253840896 bytes (5010.45 MB)
write base data version: 824400, memory: 5253840896 bytes (5010.45 MB)
write base data version: 824500, memory: 5253840896 bytes (5010.45 MB)
write base data version: 824600, memory: 5253840896 bytes (5010.45 MB)
write base data version: 824700, memory: 5253840896 bytes (5010.45 MB)
write base data version: 824800, memory: 5253840896 bytes (5010.45 MB)
write base data version: 824900, memory: 5253840896 bytes (5010.45 MB)
write base data version: 825000, memory: 5253840896 bytes (5010.45 MB)
write base data version: 825100, memory: 5253840896 bytes (5010.45 MB)
write base data version: 825200, memory: 5253840896 bytes (5010.45 MB)
write base data version: 825300, memory: 5253840896 bytes (5010.45 MB)
write base data version: 825400, memory: 5253840896 bytes (5010.45 MB)
write base data version: 825500, memory: 5253840896 bytes (5010.45 MB)
write base data version: 825600, memory: 5253840896 bytes (5010.45 MB)
write base data version: 825700, memory: 5253840896 bytes (5010.45 MB)
write base data version: 825800, memory: 5253840896 bytes (5010.45 MB)
write base data version: 825900, memory: 5253840896 bytes (5010.45 MB)
write base data version: 826000, memory: 5253840896 bytes (5010.45 MB)
write base data version: 826100, memory: 5253840896 bytes (5010.45 MB)
write base data version: 826200, memory: 5253840896 bytes (5010.45 MB)
write base data version: 826300, memory: 5253840896 bytes (5010.45 MB)
write base data version: 826400, memory: 5253840896 bytes (5010.45 MB)
write base data version: 826500, memory: 5253840896 bytes (5010.45 MB)
write base data version: 826600, memory: 5253840896 bytes (5010.45 MB)
write base data version: 826700, memory: 5253840896 bytes (5010.45 MB)
write base data version: 826800, memory: 5253840896 bytes (5010.45 MB)
write base data version: 826900, memory: 5253840896 bytes (5010.45 MB)
write base data version: 827000, memory: 5253840896 bytes (5010.45 MB)
write base data version: 827100, memory: 5253840896 bytes (5010.45 MB)
write base data version: 827200, memory: 5253840896 bytes (5010.45 MB)
write base data version: 827300, memory: 5253840896 bytes (5010.45 MB)
write base data version: 827400, memory: 5253840896 bytes (5010.45 MB)
write base data version: 827500, memory: 5253840896 bytes (5010.45 MB)
write base data version: 827600, memory: 5253840896 bytes (5010.45 MB)
write base data version: 827700, memory: 5253840896 bytes (5010.45 MB)
write base data version: 827800, memory: 5253840896 bytes (5010.45 MB)
write base data version: 827900, memory: 5253840896 bytes (5010.45 MB)
write base data version: 828000, memory: 5253840896 bytes (5010.45 MB)
write base data version: 828100, memory: 5253840896 bytes (5010.45 MB)
write base data version: 828200, memory: 5253840896 bytes (5010.45 MB)
write base data version: 828300, memory: 5253840896 bytes (5010.45 MB)
write base data version: 828400, memory: 5253840896 bytes (5010.45 MB)
write base data version: 828500, memory: 5253840896 bytes (5010.45 MB)
write base data version: 828600, memory: 5253840896 bytes (5010.45 MB)
write base data version: 828700, memory: 5253840896 bytes (5010.45 MB)
write base data version: 828800, memory: 5253840896 bytes (5010.45 MB)
write base data version: 828900, memory: 5253840896 bytes (5010.45 MB)
write base data version: 829000, memory: 5253840896 bytes (5010.45 MB)
write base data version: 829100, memory: 5253840896 bytes (5010.45 MB)
write base data version: 829200, memory: 5253840896 bytes (5010.45 MB)
write base data version: 829300, memory: 5253840896 bytes (5010.45 MB)
write base data version: 829400, memory: 5253840896 bytes (5010.45 MB)
write base data version: 829500, memory: 5253840896 bytes (5010.45 MB)
write base data version: 829600, memory: 5253840896 bytes (5010.45 MB)
write base data version: 829700, memory: 5253840896 bytes (5010.45 MB)
write base data version: 829800, memory: 5253840896 bytes (5010.45 MB)
write base data version: 829900, memory: 5253840896 bytes (5010.45 MB)
write base data version: 830000, memory: 5253840896 bytes (5010.45 MB)
write base data version: 830100, memory: 5253840896 bytes (5010.45 MB)
write base data version: 830200, memory: 5253840896 bytes (5010.45 MB)
write base data version: 830300, memory: 5253840896 bytes (5010.45 MB)
write base data version: 830400, memory: 5253840896 bytes (5010.45 MB)
write base data version: 830500, memory: 5253840896 bytes (5010.45 MB)
write base data version: 830600, memory: 5253840896 bytes (5010.45 MB)
write base data version: 830700, memory: 5253840896 bytes (5010.45 MB)
write base data version: 830800, memory: 5253840896 bytes (5010.45 MB)
write base data version: 830900, memory: 5253840896 bytes (5010.45 MB)
write base data version: 831000, memory: 5253840896 bytes (5010.45 MB)
write base data version: 831100, memory: 5253840896 bytes (5010.45 MB)
write base data version: 831200, memory: 5253840896 bytes (5010.45 MB)
write base data version: 831300, memory: 5253840896 bytes (5010.45 MB)
write base data version: 831400, memory: 5253840896 bytes (5010.45 MB)
write base data version: 831500, memory: 5253840896 bytes (5010.45 MB)
write base data version: 831600, memory: 5253840896 bytes (5010.45 MB)
write base data version: 831700, memory: 5253840896 bytes (5010.45 MB)
write base data version: 831800, memory: 5253840896 bytes (5010.45 MB)
write base data version: 831900, memory: 5253840896 bytes (5010.45 MB)
write base data version: 832000, memory: 5253840896 bytes (5010.45 MB)
write base data version: 832100, memory: 5253840896 bytes (5010.45 MB)
write base data version: 832200, memory: 5253840896 bytes (5010.45 MB)
write base data version: 832300, memory: 5253840896 bytes (5010.45 MB)
write base data version: 832400, memory: 5253840896 bytes (5010.45 MB)
write base data version: 832500, memory: 5253840896 bytes (5010.45 MB)
write base data version: 832600, memory: 5253840896 bytes (5010.45 MB)
write base data version: 832700, memory: 5253840896 bytes (5010.45 MB)
write base data version: 832800, memory: 5253840896 bytes (5010.45 MB)
write base data version: 832900, memory: 5253840896 bytes (5010.45 MB)
write base data version: 833000, memory: 5253840896 bytes (5010.45 MB)
write base data version: 833100, memory: 5253840896 bytes (5010.45 MB)
write base data version: 833200, memory: 5253840896 bytes (5010.45 MB)
write base data version: 833300, memory: 5253840896 bytes (5010.45 MB)
write base data version: 833400, memory: 5253840896 bytes (5010.45 MB)
write base data version: 833500, memory: 5253840896 bytes (5010.45 MB)
write base data version: 833600, memory: 5253840896 bytes (5010.45 MB)
write base data version: 833700, memory: 5253840896 bytes (5010.45 MB)
write base data version: 833800, memory: 5253840896 bytes (5010.45 MB)
write base data version: 833900, memory: 5253840896 bytes (5010.45 MB)
write base data version: 834000, memory: 5253840896 bytes (5010.45 MB)
write base data version: 834100, memory: 5253840896 bytes (5010.45 MB)
write base data version: 834200, memory: 5253840896 bytes (5010.45 MB)
write base data version: 834300, memory: 5253840896 bytes (5010.45 MB)
write base data version: 834400, memory: 5253840896 bytes (5010.45 MB)
write base data version: 834500, memory: 5253840896 bytes (5010.45 MB)
write base data version: 834600, memory: 5253840896 bytes (5010.45 MB)
write base data version: 834700, memory: 5253840896 bytes (5010.45 MB)
write base data version: 834800, memory: 5253840896 bytes (5010.45 MB)
write base data version: 834900, memory: 5253840896 bytes (5010.45 MB)
write base data version: 835000, memory: 5253840896 bytes (5010.45 MB)
write base data version: 835100, memory: 5253840896 bytes (5010.45 MB)
write base data version: 835200, memory: 5253840896 bytes (5010.45 MB)
write base data version: 835300, memory: 5253840896 bytes (5010.45 MB)
write base data version: 835400, memory: 5253840896 bytes (5010.45 MB)
write base data version: 835500, memory: 5253840896 bytes (5010.45 MB)
write base data version: 835600, memory: 5253840896 bytes (5010.45 MB)
write base data version: 835700, memory: 5253840896 bytes (5010.45 MB)
write base data version: 835800, memory: 5253840896 bytes (5010.45 MB)
write base data version: 835900, memory: 5253840896 bytes (5010.45 MB)
write base data version: 836000, memory: 5253840896 bytes (5010.45 MB)
write base data version: 836100, memory: 5253840896 bytes (5010.45 MB)
write base data version: 836200, memory: 5253840896 bytes (5010.45 MB)
write base data version: 836300, memory: 5253840896 bytes (5010.45 MB)
write base data version: 836400, memory: 5253840896 bytes (5010.45 MB)
write base data version: 836500, memory: 5253840896 bytes (5010.45 MB)
write base data version: 836600, memory: 5253840896 bytes (5010.45 MB)
write base data version: 836700, memory: 5253840896 bytes (5010.45 MB)
write base data version: 836800, memory: 5253840896 bytes (5010.45 MB)
write base data version: 836900, memory: 5253840896 bytes (5010.45 MB)
write base data version: 837000, memory: 5253840896 bytes (5010.45 MB)
write base data version: 837100, memory: 5253840896 bytes (5010.45 MB)
write base data version: 837200, memory: 5253840896 bytes (5010.45 MB)
write base data version: 837300, memory: 5253840896 bytes (5010.45 MB)
write base data version: 837400, memory: 5253840896 bytes (5010.45 MB)
write base data version: 837500, memory: 5253840896 bytes (5010.45 MB)
write base data version: 837600, memory: 5253840896 bytes (5010.45 MB)
write base data version: 837700, memory: 5253840896 bytes (5010.45 MB)
write base data version: 837800, memory: 5253840896 bytes (5010.45 MB)
write base data version: 837900, memory: 5253840896 bytes (5010.45 MB)
write base data version: 838000, memory: 5253840896 bytes (5010.45 MB)
write base data version: 838100, memory: 5253840896 bytes (5010.45 MB)
write base data version: 838200, memory: 5253840896 bytes (5010.45 MB)
write base data version: 838300, memory: 5253840896 bytes (5010.45 MB)
write base data version: 838400, memory: 5253840896 bytes (5010.45 MB)
write base data version: 838500, memory: 5253840896 bytes (5010.45 MB)
write base data version: 838600, memory: 5253840896 bytes (5010.45 MB)
write base data version: 838700, memory: 5253840896 bytes (5010.45 MB)
write base data version: 838800, memory: 5253840896 bytes (5010.45 MB)
write base data version: 838900, memory: 5253840896 bytes (5010.45 MB)
write base data version: 839000, memory: 5253840896 bytes (5010.45 MB)
write base data version: 839100, memory: 5253840896 bytes (5010.45 MB)
write base data version: 839200, memory: 5253840896 bytes (5010.45 MB)
write base data version: 839300, memory: 5253840896 bytes (5010.45 MB)
write base data version: 839400, memory: 5253840896 bytes (5010.45 MB)
write base data version: 839500, memory: 5253840896 bytes (5010.45 MB)
write base data version: 839600, memory: 5253840896 bytes (5010.45 MB)
write base data version: 839700, memory: 5253840896 bytes (5010.45 MB)
write base data version: 839800, memory: 5253840896 bytes (5010.45 MB)
write base data version: 839900, memory: 5253840896 bytes (5010.45 MB)
write base data version: 840000, memory: 5253840896 bytes (5010.45 MB)
write base data version: 840100, memory: 5253840896 bytes (5010.45 MB)
write base data version: 840200, memory: 5253840896 bytes (5010.45 MB)
write base data version: 840300, memory: 5253840896 bytes (5010.45 MB)
write base data version: 840400, memory: 5253840896 bytes (5010.45 MB)
write base data version: 840500, memory: 5253840896 bytes (5010.45 MB)
write base data version: 840600, memory: 5253840896 bytes (5010.45 MB)
write base data version: 840700, memory: 5253840896 bytes (5010.45 MB)
write base data version: 840800, memory: 5253840896 bytes (5010.45 MB)
write base data version: 840900, memory: 5253840896 bytes (5010.45 MB)
write base data version: 841000, memory: 5253840896 bytes (5010.45 MB)
write base data version: 841100, memory: 5253840896 bytes (5010.45 MB)
write base data version: 841200, memory: 5253840896 bytes (5010.45 MB)
write base data version: 841300, memory: 5253840896 bytes (5010.45 MB)
write base data version: 841400, memory: 5253840896 bytes (5010.45 MB)
write base data version: 841500, memory: 5253840896 bytes (5010.45 MB)
write base data version: 841600, memory: 5253840896 bytes (5010.45 MB)
write base data version: 841700, memory: 5253840896 bytes (5010.45 MB)
write base data version: 841800, memory: 5253840896 bytes (5010.45 MB)
write base data version: 841900, memory: 5253840896 bytes (5010.45 MB)
write base data version: 842000, memory: 5253840896 bytes (5010.45 MB)
write base data version: 842100, memory: 5253840896 bytes (5010.45 MB)
write base data version: 842200, memory: 5253840896 bytes (5010.45 MB)
write base data version: 842300, memory: 5253840896 bytes (5010.45 MB)
write base data version: 842400, memory: 5253840896 bytes (5010.45 MB)
write base data version: 842500, memory: 5253840896 bytes (5010.45 MB)
write base data version: 842600, memory: 5253840896 bytes (5010.45 MB)
write base data version: 842700, memory: 5253840896 bytes (5010.45 MB)
write base data version: 842800, memory: 5253840896 bytes (5010.45 MB)
write base data version: 842900, memory: 5253840896 bytes (5010.45 MB)
write base data version: 843000, memory: 5253840896 bytes (5010.45 MB)
write base data version: 843100, memory: 5253840896 bytes (5010.45 MB)
write base data version: 843200, memory: 5253840896 bytes (5010.45 MB)
write base data version: 843300, memory: 5253840896 bytes (5010.45 MB)
write base data version: 843400, memory: 5253840896 bytes (5010.45 MB)
write base data version: 843500, memory: 5253840896 bytes (5010.45 MB)
write base data version: 843600, memory: 5253840896 bytes (5010.45 MB)
write base data version: 843700, memory: 5253840896 bytes (5010.45 MB)
write base data version: 843800, memory: 5253840896 bytes (5010.45 MB)
write base data version: 843900, memory: 5253840896 bytes (5010.45 MB)
write base data version: 844000, memory: 5253840896 bytes (5010.45 MB)
write base data version: 844100, memory: 5253840896 bytes (5010.45 MB)
write base data version: 844200, memory: 5253840896 bytes (5010.45 MB)
write base data version: 844300, memory: 5253840896 bytes (5010.45 MB)
write base data version: 844400, memory: 5253840896 bytes (5010.45 MB)
write base data version: 844500, memory: 5253840896 bytes (5010.45 MB)
write base data version: 844600, memory: 5253840896 bytes (5010.45 MB)
write base data version: 844700, memory: 5253840896 bytes (5010.45 MB)
write base data version: 844800, memory: 5253840896 bytes (5010.45 MB)
write base data version: 844900, memory: 5253840896 bytes (5010.45 MB)
write base data version: 845000, memory: 5253840896 bytes (5010.45 MB)
write base data version: 845100, memory: 5253840896 bytes (5010.45 MB)
write base data version: 845200, memory: 5253840896 bytes (5010.45 MB)
write base data version: 845300, memory: 5253840896 bytes (5010.45 MB)
write base data version: 845400, memory: 5253840896 bytes (5010.45 MB)
write base data version: 845500, memory: 5253840896 bytes (5010.45 MB)
write base data version: 845600, memory: 5253840896 bytes (5010.45 MB)
write base data version: 845700, memory: 5253840896 bytes (5010.45 MB)
write base data version: 845800, memory: 5253840896 bytes (5010.45 MB)
write base data version: 845900, memory: 5253840896 bytes (5010.45 MB)
write base data version: 846000, memory: 5253840896 bytes (5010.45 MB)
write base data version: 846100, memory: 5253840896 bytes (5010.45 MB)
write base data version: 846200, memory: 5253840896 bytes (5010.45 MB)
write base data version: 846300, memory: 5253840896 bytes (5010.45 MB)
write base data version: 846400, memory: 5253840896 bytes (5010.45 MB)
write base data version: 846500, memory: 5253840896 bytes (5010.45 MB)
write base data version: 846600, memory: 5253840896 bytes (5010.45 MB)
write base data version: 846700, memory: 5253840896 bytes (5010.45 MB)
write base data version: 846800, memory: 5253840896 bytes (5010.45 MB)
write base data version: 846900, memory: 5253840896 bytes (5010.45 MB)
write base data version: 847000, memory: 5253840896 bytes (5010.45 MB)
write base data version: 847100, memory: 5253840896 bytes (5010.45 MB)
write base data version: 847200, memory: 5253840896 bytes (5010.45 MB)
write base data version: 847300, memory: 5253840896 bytes (5010.45 MB)
write base data version: 847400, memory: 5253840896 bytes (5010.45 MB)
write base data version: 847500, memory: 5253840896 bytes (5010.45 MB)
write base data version: 847600, memory: 5253840896 bytes (5010.45 MB)
write base data version: 847700, memory: 5253840896 bytes (5010.45 MB)
write base data version: 847800, memory: 5253840896 bytes (5010.45 MB)
write base data version: 847900, memory: 5253840896 bytes (5010.45 MB)
write base data version: 848000, memory: 5253840896 bytes (5010.45 MB)
write base data version: 848100, memory: 5253840896 bytes (5010.45 MB)
write base data version: 848200, memory: 5253840896 bytes (5010.45 MB)
write base data version: 848300, memory: 5253840896 bytes (5010.45 MB)
write base data version: 848400, memory: 5253840896 bytes (5010.45 MB)
write base data version: 848500, memory: 5253840896 bytes (5010.45 MB)
write base data version: 848600, memory: 5253840896 bytes (5010.45 MB)
write base data version: 848700, memory: 5253840896 bytes (5010.45 MB)
write base data version: 848800, memory: 5253840896 bytes (5010.45 MB)
write base data version: 848900, memory: 5253840896 bytes (5010.45 MB)
write base data version: 849000, memory: 5253840896 bytes (5010.45 MB)
write base data version: 849100, memory: 5253840896 bytes (5010.45 MB)
write base data version: 849200, memory: 5253840896 bytes (5010.45 MB)
write base data version: 849300, memory: 5253840896 bytes (5010.45 MB)
write base data version: 849400, memory: 5253840896 bytes (5010.45 MB)
write base data version: 849500, memory: 5253840896 bytes (5010.45 MB)
write base data version: 849600, memory: 5253840896 bytes (5010.45 MB)
write base data version: 849700, memory: 5253840896 bytes (5010.45 MB)
write base data version: 849800, memory: 5253840896 bytes (5010.45 MB)
write base data version: 849900, memory: 5253840896 bytes (5010.45 MB)
write base data version: 850000, memory: 5253840896 bytes (5010.45 MB)
write base data version: 850100, memory: 5253840896 bytes (5010.45 MB)
write base data version: 850200, memory: 5253840896 bytes (5010.45 MB)
write base data version: 850300, memory: 5253840896 bytes (5010.45 MB)
write base data version: 850400, memory: 5253840896 bytes (5010.45 MB)
write base data version: 850500, memory: 5253840896 bytes (5010.45 MB)
write base data version: 850600, memory: 5253840896 bytes (5010.45 MB)
write base data version: 850700, memory: 5253840896 bytes (5010.45 MB)
write base data version: 850800, memory: 5253840896 bytes (5010.45 MB)
write base data version: 850900, memory: 5253840896 bytes (5010.45 MB)
write base data version: 851000, memory: 5253840896 bytes (5010.45 MB)
write base data version: 851100, memory: 5253840896 bytes (5010.45 MB)
write base data version: 851200, memory: 5253840896 bytes (5010.45 MB)
write base data version: 851300, memory: 5253840896 bytes (5010.45 MB)
write base data version: 851400, memory: 5253840896 bytes (5010.45 MB)
write base data version: 851500, memory: 5253840896 bytes (5010.45 MB)
write base data version: 851600, memory: 5253840896 bytes (5010.45 MB)
write base data version: 851700, memory: 5253840896 bytes (5010.45 MB)
write base data version: 851800, memory: 5253840896 bytes (5010.45 MB)
write base data version: 851900, memory: 5253840896 bytes (5010.45 MB)
write base data version: 852000, memory: 5253840896 bytes (5010.45 MB)
write base data version: 852100, memory: 5253840896 bytes (5010.45 MB)
write base data version: 852200, memory: 5253840896 bytes (5010.45 MB)
write base data version: 852300, memory: 5253840896 bytes (5010.45 MB)
write base data version: 852400, memory: 5253840896 bytes (5010.45 MB)
write base data version: 852500, memory: 5253840896 bytes (5010.45 MB)
write base data version: 852600, memory: 5253840896 bytes (5010.45 MB)
write base data version: 852700, memory: 5253840896 bytes (5010.45 MB)
write base data version: 852800, memory: 5253840896 bytes (5010.45 MB)
write base data version: 852900, memory: 5253840896 bytes (5010.45 MB)
write base data version: 853000, memory: 5253840896 bytes (5010.45 MB)
write base data version: 853100, memory: 5253840896 bytes (5010.45 MB)
write base data version: 853200, memory: 5253840896 bytes (5010.45 MB)
write base data version: 853300, memory: 5253840896 bytes (5010.45 MB)
write base data version: 853400, memory: 5253840896 bytes (5010.45 MB)
write base data version: 853500, memory: 5253840896 bytes (5010.45 MB)
write base data version: 853600, memory: 5253840896 bytes (5010.45 MB)
write base data version: 853700, memory: 5253840896 bytes (5010.45 MB)
write base data version: 853800, memory: 5253840896 bytes (5010.45 MB)
write base data version: 853900, memory: 5253840896 bytes (5010.45 MB)
write base data version: 854000, memory: 5253840896 bytes (5010.45 MB)
write base data version: 854100, memory: 5253840896 bytes (5010.45 MB)
write base data version: 854200, memory: 5253840896 bytes (5010.45 MB)
write base data version: 854300, memory: 5253840896 bytes (5010.45 MB)
write base data version: 854400, memory: 5253840896 bytes (5010.45 MB)
write base data version: 854500, memory: 5253840896 bytes (5010.45 MB)
write base data version: 854600, memory: 5253840896 bytes (5010.45 MB)
write base data version: 854700, memory: 5253840896 bytes (5010.45 MB)
write base data version: 854800, memory: 5253840896 bytes (5010.45 MB)
write base data version: 854900, memory: 5253840896 bytes (5010.45 MB)
write base data version: 855000, memory: 5253840896 bytes (5010.45 MB)
write base data version: 855100, memory: 5253840896 bytes (5010.45 MB)
write base data version: 855200, memory: 5253840896 bytes (5010.45 MB)
write base data version: 855300, memory: 5253840896 bytes (5010.45 MB)
write base data version: 855400, memory: 5253840896 bytes (5010.45 MB)
write base data version: 855500, memory: 5264818176 bytes (5020.92 MB)
write base data version: 855600, memory: 5269819392 bytes (5025.69 MB)
write base data version: 855700, memory: 5269819392 bytes (5025.69 MB)
write base data version: 855800, memory: 5269819392 bytes (5025.69 MB)
write base data version: 855900, memory: 5269819392 bytes (5025.69 MB)
write base data version: 856000, memory: 5269819392 bytes (5025.69 MB)
write base data version: 856100, memory: 5269819392 bytes (5025.69 MB)
write base data version: 856200, memory: 5269819392 bytes (5025.69 MB)
write base data version: 856300, memory: 5269819392 bytes (5025.69 MB)
write base data version: 856400, memory: 5269819392 bytes (5025.69 MB)
write base data version: 856500, memory: 5269819392 bytes (5025.69 MB)
write base data version: 856600, memory: 5269819392 bytes (5025.69 MB)
write base data version: 856700, memory: 5269819392 bytes (5025.69 MB)
write base data version: 856800, memory: 5269819392 bytes (5025.69 MB)
write base data version: 856900, memory: 5269819392 bytes (5025.69 MB)
write base data version: 857000, memory: 5269819392 bytes (5025.69 MB)
write base data version: 857100, memory: 5269819392 bytes (5025.69 MB)
write base data version: 857200, memory: 5269819392 bytes (5025.69 MB)
write base data version: 857300, memory: 5269819392 bytes (5025.69 MB)
write base data version: 857400, memory: 5269819392 bytes (5025.69 MB)
write base data version: 857500, memory: 5269819392 bytes (5025.69 MB)
write base data version: 857600, memory: 5269819392 bytes (5025.69 MB)
write base data version: 857700, memory: 5269819392 bytes (5025.69 MB)
write base data version: 857800, memory: 5269819392 bytes (5025.69 MB)
write base data version: 857900, memory: 5269819392 bytes (5025.69 MB)
write base data version: 858000, memory: 5269819392 bytes (5025.69 MB)
write base data version: 858100, memory: 5269819392 bytes (5025.69 MB)
write base data version: 858200, memory: 5269819392 bytes (5025.69 MB)
write base data version: 858300, memory: 5269819392 bytes (5025.69 MB)
write base data version: 858400, memory: 5269819392 bytes (5025.69 MB)
write base data version: 858500, memory: 5269819392 bytes (5025.69 MB)
write base data version: 858600, memory: 5269819392 bytes (5025.69 MB)
write base data version: 858700, memory: 5269819392 bytes (5025.69 MB)
write base data version: 858800, memory: 5269819392 bytes (5025.69 MB)
write base data version: 858900, memory: 5269819392 bytes (5025.69 MB)
write base data version: 859000, memory: 5269819392 bytes (5025.69 MB)
write base data version: 859100, memory: 5269819392 bytes (5025.69 MB)
write base data version: 859200, memory: 5269819392 bytes (5025.69 MB)
write base data version: 859300, memory: 5269819392 bytes (5025.69 MB)
write base data version: 859400, memory: 5269819392 bytes (5025.69 MB)
write base data version: 859500, memory: 5269819392 bytes (5025.69 MB)
write base data version: 859600, memory: 5269819392 bytes (5025.69 MB)
write base data version: 859700, memory: 5269819392 bytes (5025.69 MB)
write base data version: 859800, memory: 5269819392 bytes (5025.69 MB)
write base data version: 859900, memory: 5269819392 bytes (5025.69 MB)
write base data version: 860000, memory: 5269819392 bytes (5025.69 MB)
write base data version: 860100, memory: 5269819392 bytes (5025.69 MB)
write base data version: 860200, memory: 5269819392 bytes (5025.69 MB)
write base data version: 860300, memory: 5269819392 bytes (5025.69 MB)
write base data version: 860400, memory: 5269819392 bytes (5025.69 MB)
write base data version: 860500, memory: 5269819392 bytes (5025.69 MB)
write base data version: 860600, memory: 5269819392 bytes (5025.69 MB)
write base data version: 860700, memory: 5269819392 bytes (5025.69 MB)
write base data version: 860800, memory: 5269819392 bytes (5025.69 MB)
write base data version: 860900, memory: 5269819392 bytes (5025.69 MB)
write base data version: 861000, memory: 5269819392 bytes (5025.69 MB)
write base data version: 861100, memory: 5269819392 bytes (5025.69 MB)
write base data version: 861200, memory: 5269819392 bytes (5025.69 MB)
write base data version: 861300, memory: 5269819392 bytes (5025.69 MB)
write base data version: 861400, memory: 5269819392 bytes (5025.69 MB)
write base data version: 861500, memory: 5269819392 bytes (5025.69 MB)
write base data version: 861600, memory: 5269819392 bytes (5025.69 MB)
write base data version: 861700, memory: 5269819392 bytes (5025.69 MB)
write base data version: 861800, memory: 5269819392 bytes (5025.69 MB)
write base data version: 861900, memory: 5269819392 bytes (5025.69 MB)
write base data version: 862000, memory: 5269819392 bytes (5025.69 MB)
write base data version: 862100, memory: 5269819392 bytes (5025.69 MB)
write base data version: 862200, memory: 5269819392 bytes (5025.69 MB)
write base data version: 862300, memory: 5269819392 bytes (5025.69 MB)
write base data version: 862400, memory: 5269819392 bytes (5025.69 MB)
write base data version: 862500, memory: 5269819392 bytes (5025.69 MB)
write base data version: 862600, memory: 5269819392 bytes (5025.69 MB)
write base data version: 862700, memory: 5269819392 bytes (5025.69 MB)
write base data version: 862800, memory: 5269819392 bytes (5025.69 MB)
write base data version: 862900, memory: 5269819392 bytes (5025.69 MB)
write base data version: 863000, memory: 5269819392 bytes (5025.69 MB)
write base data version: 863100, memory: 5269819392 bytes (5025.69 MB)
write base data version: 863200, memory: 5269819392 bytes (5025.69 MB)
write base data version: 863300, memory: 5269819392 bytes (5025.69 MB)
write base data version: 863400, memory: 5269819392 bytes (5025.69 MB)
write base data version: 863500, memory: 5269819392 bytes (5025.69 MB)
write base data version: 863600, memory: 5269819392 bytes (5025.69 MB)
write base data version: 863700, memory: 5269819392 bytes (5025.69 MB)
write base data version: 863800, memory: 5269819392 bytes (5025.69 MB)
write base data version: 863900, memory: 5269819392 bytes (5025.69 MB)
write base data version: 864000, memory: 5269819392 bytes (5025.69 MB)
write base data version: 864100, memory: 5269819392 bytes (5025.69 MB)
write base data version: 864200, memory: 5269819392 bytes (5025.69 MB)
write base data version: 864300, memory: 5269819392 bytes (5025.69 MB)
write base data version: 864400, memory: 5269819392 bytes (5025.69 MB)
write base data version: 864500, memory: 5269819392 bytes (5025.69 MB)
write base data version: 864600, memory: 5269819392 bytes (5025.69 MB)
write base data version: 864700, memory: 5269819392 bytes (5025.69 MB)
write base data version: 864800, memory: 5269819392 bytes (5025.69 MB)
write base data version: 864900, memory: 5269819392 bytes (5025.69 MB)
write base data version: 865000, memory: 5269819392 bytes (5025.69 MB)
write base data version: 865100, memory: 5269819392 bytes (5025.69 MB)
write base data version: 865200, memory: 5269819392 bytes (5025.69 MB)
write base data version: 865300, memory: 5269819392 bytes (5025.69 MB)
write base data version: 865400, memory: 5269819392 bytes (5025.69 MB)
write base data version: 865500, memory: 5269819392 bytes (5025.69 MB)
write base data version: 865600, memory: 5269819392 bytes (5025.69 MB)
write base data version: 865700, memory: 5269819392 bytes (5025.69 MB)
write base data version: 865800, memory: 5269819392 bytes (5025.69 MB)
write base data version: 865900, memory: 5269819392 bytes (5025.69 MB)
write base data version: 866000, memory: 5269819392 bytes (5025.69 MB)
write base data version: 866100, memory: 5269819392 bytes (5025.69 MB)
write base data version: 866200, memory: 5269819392 bytes (5025.69 MB)
write base data version: 866300, memory: 5269819392 bytes (5025.69 MB)
write base data version: 866400, memory: 5269819392 bytes (5025.69 MB)
write base data version: 866500, memory: 5269819392 bytes (5025.69 MB)
write base data version: 866600, memory: 5269819392 bytes (5025.69 MB)
write base data version: 866700, memory: 5269819392 bytes (5025.69 MB)
write base data version: 866800, memory: 5269819392 bytes (5025.69 MB)
write base data version: 866900, memory: 5269819392 bytes (5025.69 MB)
write base data version: 867000, memory: 5269819392 bytes (5025.69 MB)
write base data version: 867100, memory: 5269819392 bytes (5025.69 MB)
write base data version: 867200, memory: 5269819392 bytes (5025.69 MB)
write base data version: 867300, memory: 5269819392 bytes (5025.69 MB)
write base data version: 867400, memory: 5269819392 bytes (5025.69 MB)
write base data version: 867500, memory: 5269819392 bytes (5025.69 MB)
write base data version: 867600, memory: 5269819392 bytes (5025.69 MB)
write base data version: 867700, memory: 5269819392 bytes (5025.69 MB)
write base data version: 867800, memory: 5269819392 bytes (5025.69 MB)
write base data version: 867900, memory: 5269819392 bytes (5025.69 MB)
write base data version: 868000, memory: 5269819392 bytes (5025.69 MB)
write base data version: 868100, memory: 5269819392 bytes (5025.69 MB)
write base data version: 868200, memory: 5269819392 bytes (5025.69 MB)
write base data version: 868300, memory: 5269819392 bytes (5025.69 MB)
write base data version: 868400, memory: 5269819392 bytes (5025.69 MB)
write base data version: 868500, memory: 5269819392 bytes (5025.69 MB)
write base data version: 868600, memory: 5269819392 bytes (5025.69 MB)
write base data version: 868700, memory: 5269819392 bytes (5025.69 MB)
write base data version: 868800, memory: 5269819392 bytes (5025.69 MB)
write base data version: 868900, memory: 5269819392 bytes (5025.69 MB)
write base data version: 869000, memory: 5269819392 bytes (5025.69 MB)
write base data version: 869100, memory: 5269819392 bytes (5025.69 MB)
write base data version: 869200, memory: 5269819392 bytes (5025.69 MB)
write base data version: 869300, memory: 5269819392 bytes (5025.69 MB)
write base data version: 869400, memory: 5269819392 bytes (5025.69 MB)
write base data version: 869500, memory: 5269819392 bytes (5025.69 MB)
write base data version: 869600, memory: 5269819392 bytes (5025.69 MB)
write base data version: 869700, memory: 5269819392 bytes (5025.69 MB)
write base data version: 869800, memory: 5269819392 bytes (5025.69 MB)
write base data version: 869900, memory: 5269819392 bytes (5025.69 MB)
write base data version: 870000, memory: 5269819392 bytes (5025.69 MB)
write base data version: 870100, memory: 5269819392 bytes (5025.69 MB)
write base data version: 870200, memory: 5269819392 bytes (5025.69 MB)
write base data version: 870300, memory: 5269819392 bytes (5025.69 MB)
write base data version: 870400, memory: 5269819392 bytes (5025.69 MB)
write base data version: 870500, memory: 5269819392 bytes (5025.69 MB)
write base data version: 870600, memory: 5269819392 bytes (5025.69 MB)
write base data version: 870700, memory: 5269819392 bytes (5025.69 MB)
write base data version: 870800, memory: 5269819392 bytes (5025.69 MB)
write base data version: 870900, memory: 5269819392 bytes (5025.69 MB)
write base data version: 871000, memory: 5269819392 bytes (5025.69 MB)
write base data version: 871100, memory: 5269819392 bytes (5025.69 MB)
write base data version: 871200, memory: 5269819392 bytes (5025.69 MB)
write base data version: 871300, memory: 5269819392 bytes (5025.69 MB)
write base data version: 871400, memory: 5269819392 bytes (5025.69 MB)
write base data version: 871500, memory: 5269819392 bytes (5025.69 MB)
write base data version: 871600, memory: 5269819392 bytes (5025.69 MB)
write base data version: 871700, memory: 5269819392 bytes (5025.69 MB)
write base data version: 871800, memory: 5269819392 bytes (5025.69 MB)
write base data version: 871900, memory: 5269819392 bytes (5025.69 MB)
write base data version: 872000, memory: 5269819392 bytes (5025.69 MB)
write base data version: 872100, memory: 5269819392 bytes (5025.69 MB)
write base data version: 872200, memory: 5269819392 bytes (5025.69 MB)
write base data version: 872300, memory: 5269819392 bytes (5025.69 MB)
write base data version: 872400, memory: 5269819392 bytes (5025.69 MB)
write base data version: 872500, memory: 5269819392 bytes (5025.69 MB)
write base data version: 872600, memory: 5269819392 bytes (5025.69 MB)
write base data version: 872700, memory: 5269819392 bytes (5025.69 MB)
write base data version: 872800, memory: 5269819392 bytes (5025.69 MB)
write base data version: 872900, memory: 5269819392 bytes (5025.69 MB)
write base data version: 873000, memory: 5269819392 bytes (5025.69 MB)
write base data version: 873100, memory: 5269819392 bytes (5025.69 MB)
write base data version: 873200, memory: 5269819392 bytes (5025.69 MB)
write base data version: 873300, memory: 5269819392 bytes (5025.69 MB)
write base data version: 873400, memory: 5269819392 bytes (5025.69 MB)
write base data version: 873500, memory: 5269819392 bytes (5025.69 MB)
write base data version: 873600, memory: 5269819392 bytes (5025.69 MB)
write base data version: 873700, memory: 5269819392 bytes (5025.69 MB)
write base data version: 873800, memory: 5269819392 bytes (5025.69 MB)
write base data version: 873900, memory: 5269819392 bytes (5025.69 MB)
write base data version: 874000, memory: 5269819392 bytes (5025.69 MB)
write base data version: 874100, memory: 5269819392 bytes (5025.69 MB)
write base data version: 874200, memory: 5269819392 bytes (5025.69 MB)
write base data version: 874300, memory: 5269819392 bytes (5025.69 MB)
write base data version: 874400, memory: 5269819392 bytes (5025.69 MB)
write base data version: 874500, memory: 5269819392 bytes (5025.69 MB)
write base data version: 874600, memory: 5269819392 bytes (5025.69 MB)
write base data version: 874700, memory: 5269819392 bytes (5025.69 MB)
write base data version: 874800, memory: 5269819392 bytes (5025.69 MB)
write base data version: 874900, memory: 5269819392 bytes (5025.69 MB)
write base data version: 875000, memory: 5269819392 bytes (5025.69 MB)
write base data version: 875100, memory: 5269819392 bytes (5025.69 MB)
write base data version: 875200, memory: 5269819392 bytes (5025.69 MB)
write base data version: 875300, memory: 5269819392 bytes (5025.69 MB)
write base data version: 875400, memory: 5269819392 bytes (5025.69 MB)
write base data version: 875500, memory: 5269819392 bytes (5025.69 MB)
write base data version: 875600, memory: 5269819392 bytes (5025.69 MB)
write base data version: 875700, memory: 5269819392 bytes (5025.69 MB)
write base data version: 875800, memory: 5269819392 bytes (5025.69 MB)
write base data version: 875900, memory: 5269819392 bytes (5025.69 MB)
write base data version: 876000, memory: 5269819392 bytes (5025.69 MB)
write base data version: 876100, memory: 5269819392 bytes (5025.69 MB)
write base data version: 876200, memory: 5269819392 bytes (5025.69 MB)
write base data version: 876300, memory: 5269819392 bytes (5025.69 MB)
write base data version: 876400, memory: 5269819392 bytes (5025.69 MB)
write base data version: 876500, memory: 5269819392 bytes (5025.69 MB)
write base data version: 876600, memory: 5269819392 bytes (5025.69 MB)
write base data version: 876700, memory: 5269819392 bytes (5025.69 MB)
write base data version: 876800, memory: 5269819392 bytes (5025.69 MB)
write base data version: 876900, memory: 5269819392 bytes (5025.69 MB)
write base data version: 877000, memory: 5269819392 bytes (5025.69 MB)
write base data version: 877100, memory: 5269819392 bytes (5025.69 MB)
write base data version: 877200, memory: 5269819392 bytes (5025.69 MB)
write base data version: 877300, memory: 5269819392 bytes (5025.69 MB)
write base data version: 877400, memory: 5269819392 bytes (5025.69 MB)
write base data version: 877500, memory: 5269819392 bytes (5025.69 MB)
write base data version: 877600, memory: 5269819392 bytes (5025.69 MB)
write base data version: 877700, memory: 5269819392 bytes (5025.69 MB)
write base data version: 877800, memory: 5269819392 bytes (5025.69 MB)
write base data version: 877900, memory: 5269819392 bytes (5025.69 MB)
write base data version: 878000, memory: 5269819392 bytes (5025.69 MB)
write base data version: 878100, memory: 5269819392 bytes (5025.69 MB)
write base data version: 878200, memory: 5269819392 bytes (5025.69 MB)
write base data version: 878300, memory: 5269819392 bytes (5025.69 MB)
write base data version: 878400, memory: 5269819392 bytes (5025.69 MB)
write base data version: 878500, memory: 5269819392 bytes (5025.69 MB)
write base data version: 878600, memory: 5269819392 bytes (5025.69 MB)
write base data version: 878700, memory: 5269819392 bytes (5025.69 MB)
write base data version: 878800, memory: 5269819392 bytes (5025.69 MB)
write base data version: 878900, memory: 5269819392 bytes (5025.69 MB)
write base data version: 879000, memory: 5269819392 bytes (5025.69 MB)
write base data version: 879100, memory: 5269819392 bytes (5025.69 MB)
write base data version: 879200, memory: 5269819392 bytes (5025.69 MB)
write base data version: 879300, memory: 5269819392 bytes (5025.69 MB)
write base data version: 879400, memory: 5269819392 bytes (5025.69 MB)
write base data version: 879500, memory: 5269819392 bytes (5025.69 MB)
write base data version: 879600, memory: 5269819392 bytes (5025.69 MB)
write base data version: 879700, memory: 5269819392 bytes (5025.69 MB)
write base data version: 879800, memory: 5269819392 bytes (5025.69 MB)
write base data version: 879900, memory: 5269819392 bytes (5025.69 MB)
write base data version: 880000, memory: 5269819392 bytes (5025.69 MB)
write base data version: 880100, memory: 5269819392 bytes (5025.69 MB)
write base data version: 880200, memory: 5269819392 bytes (5025.69 MB)
write base data version: 880300, memory: 5269819392 bytes (5025.69 MB)
write base data version: 880400, memory: 5269819392 bytes (5025.69 MB)
write base data version: 880500, memory: 5269819392 bytes (5025.69 MB)
write base data version: 880600, memory: 5269819392 bytes (5025.69 MB)
write base data version: 880700, memory: 5269819392 bytes (5025.69 MB)
write base data version: 880800, memory: 5269819392 bytes (5025.69 MB)
write base data version: 880900, memory: 5269819392 bytes (5025.69 MB)
write base data version: 881000, memory: 5269819392 bytes (5025.69 MB)
write base data version: 881100, memory: 5269819392 bytes (5025.69 MB)
write base data version: 881200, memory: 5269819392 bytes (5025.69 MB)
write base data version: 881300, memory: 5269819392 bytes (5025.69 MB)
write base data version: 881400, memory: 5269819392 bytes (5025.69 MB)
write base data version: 881500, memory: 5269819392 bytes (5025.69 MB)
write base data version: 881600, memory: 5269819392 bytes (5025.69 MB)
write base data version: 881700, memory: 5269819392 bytes (5025.69 MB)
write base data version: 881800, memory: 5269819392 bytes (5025.69 MB)
write base data version: 881900, memory: 5269819392 bytes (5025.69 MB)
write base data version: 882000, memory: 5269819392 bytes (5025.69 MB)
write base data version: 882100, memory: 5269819392 bytes (5025.69 MB)
write base data version: 882200, memory: 5269819392 bytes (5025.69 MB)
write base data version: 882300, memory: 5269819392 bytes (5025.69 MB)
write base data version: 882400, memory: 5269819392 bytes (5025.69 MB)
write base data version: 882500, memory: 5269819392 bytes (5025.69 MB)
write base data version: 882600, memory: 5269819392 bytes (5025.69 MB)
write base data version: 882700, memory: 5269819392 bytes (5025.69 MB)
write base data version: 882800, memory: 5269819392 bytes (5025.69 MB)
write base data version: 882900, memory: 5269819392 bytes (5025.69 MB)
write base data version: 883000, memory: 5269819392 bytes (5025.69 MB)
write base data version: 883100, memory: 5269819392 bytes (5025.69 MB)
write base data version: 883200, memory: 5269819392 bytes (5025.69 MB)
write base data version: 883300, memory: 5269819392 bytes (5025.69 MB)
write base data version: 883400, memory: 5269819392 bytes (5025.69 MB)
write base data version: 883500, memory: 5269819392 bytes (5025.69 MB)
write base data version: 883600, memory: 5269819392 bytes (5025.69 MB)
write base data version: 883700, memory: 5269819392 bytes (5025.69 MB)
write base data version: 883800, memory: 5269819392 bytes (5025.69 MB)
write base data version: 883900, memory: 5269819392 bytes (5025.69 MB)
write base data version: 884000, memory: 5269819392 bytes (5025.69 MB)
write base data version: 884100, memory: 5269819392 bytes (5025.69 MB)
write base data version: 884200, memory: 5269819392 bytes (5025.69 MB)
write base data version: 884300, memory: 5269819392 bytes (5025.69 MB)
write base data version: 884400, memory: 5269819392 bytes (5025.69 MB)
write base data version: 884500, memory: 5269819392 bytes (5025.69 MB)
write base data version: 884600, memory: 5269819392 bytes (5025.69 MB)
write base data version: 884700, memory: 5269819392 bytes (5025.69 MB)
write base data version: 884800, memory: 5269819392 bytes (5025.69 MB)
write base data version: 884900, memory: 5269819392 bytes (5025.69 MB)
write base data version: 885000, memory: 5269819392 bytes (5025.69 MB)
write base data version: 885100, memory: 5269819392 bytes (5025.69 MB)
write base data version: 885200, memory: 5269819392 bytes (5025.69 MB)
write base data version: 885300, memory: 5269819392 bytes (5025.69 MB)
write base data version: 885400, memory: 5269819392 bytes (5025.69 MB)
write base data version: 885500, memory: 5269819392 bytes (5025.69 MB)
write base data version: 885600, memory: 5269819392 bytes (5025.69 MB)
write base data version: 885700, memory: 5269819392 bytes (5025.69 MB)
write base data version: 885800, memory: 5269819392 bytes (5025.69 MB)
write base data version: 885900, memory: 5269819392 bytes (5025.69 MB)
write base data version: 886000, memory: 5269819392 bytes (5025.69 MB)
write base data version: 886100, memory: 5269819392 bytes (5025.69 MB)
write base data version: 886200, memory: 5269819392 bytes (5025.69 MB)
write base data version: 886300, memory: 5269819392 bytes (5025.69 MB)
write base data version: 886400, memory: 5269819392 bytes (5025.69 MB)
write base data version: 886500, memory: 5269819392 bytes (5025.69 MB)
write base data version: 886600, memory: 5269819392 bytes (5025.69 MB)
write base data version: 886700, memory: 5269819392 bytes (5025.69 MB)
write base data version: 886800, memory: 5269819392 bytes (5025.69 MB)
write base data version: 886900, memory: 5269819392 bytes (5025.69 MB)
write base data version: 887000, memory: 5269819392 bytes (5025.69 MB)
write base data version: 887100, memory: 5269819392 bytes (5025.69 MB)
write base data version: 887200, memory: 5269819392 bytes (5025.69 MB)
write base data version: 887300, memory: 5269819392 bytes (5025.69 MB)
write base data version: 887400, memory: 5269819392 bytes (5025.69 MB)
write base data version: 887500, memory: 5269819392 bytes (5025.69 MB)
write base data version: 887600, memory: 5269819392 bytes (5025.69 MB)
write base data version: 887700, memory: 5269819392 bytes (5025.69 MB)
write base data version: 887800, memory: 5269819392 bytes (5025.69 MB)
write base data version: 887900, memory: 5269819392 bytes (5025.69 MB)
write base data version: 888000, memory: 5269819392 bytes (5025.69 MB)
write base data version: 888100, memory: 5269819392 bytes (5025.69 MB)
write base data version: 888200, memory: 5269819392 bytes (5025.69 MB)
write base data version: 888300, memory: 5269819392 bytes (5025.69 MB)
write base data version: 888400, memory: 5269819392 bytes (5025.69 MB)
write base data version: 888500, memory: 5269819392 bytes (5025.69 MB)
write base data version: 888600, memory: 5269819392 bytes (5025.69 MB)
write base data version: 888700, memory: 5269819392 bytes (5025.69 MB)
write base data version: 888800, memory: 5269819392 bytes (5025.69 MB)
write base data version: 888900, memory: 5269819392 bytes (5025.69 MB)
write base data version: 889000, memory: 5269819392 bytes (5025.69 MB)
write base data version: 889100, memory: 5269819392 bytes (5025.69 MB)
write base data version: 889200, memory: 5269819392 bytes (5025.69 MB)
write base data version: 889300, memory: 5269819392 bytes (5025.69 MB)
write base data version: 889400, memory: 5269819392 bytes (5025.69 MB)
write base data version: 889500, memory: 5269819392 bytes (5025.69 MB)
write base data version: 889600, memory: 5269819392 bytes (5025.69 MB)
write base data version: 889700, memory: 5269819392 bytes (5025.69 MB)
write base data version: 889800, memory: 5269819392 bytes (5025.69 MB)
write base data version: 889900, memory: 5269819392 bytes (5025.69 MB)
write base data version: 890000, memory: 5269819392 bytes (5025.69 MB)
write base data version: 890100, memory: 5269819392 bytes (5025.69 MB)
write base data version: 890200, memory: 5269819392 bytes (5025.69 MB)
write base data version: 890300, memory: 5269819392 bytes (5025.69 MB)
write base data version: 890400, memory: 5269819392 bytes (5025.69 MB)
write base data version: 890500, memory: 5269819392 bytes (5025.69 MB)
write base data version: 890600, memory: 5269819392 bytes (5025.69 MB)
write base data version: 890700, memory: 5269819392 bytes (5025.69 MB)
write base data version: 890800, memory: 5269819392 bytes (5025.69 MB)
write base data version: 890900, memory: 5269819392 bytes (5025.69 MB)
write base data version: 891000, memory: 5269819392 bytes (5025.69 MB)
write base data version: 891100, memory: 5269819392 bytes (5025.69 MB)
write base data version: 891200, memory: 5269819392 bytes (5025.69 MB)
write base data version: 891300, memory: 5269819392 bytes (5025.69 MB)
write base data version: 891400, memory: 5269819392 bytes (5025.69 MB)
write base data version: 891500, memory: 5269819392 bytes (5025.69 MB)
write base data version: 891600, memory: 5269819392 bytes (5025.69 MB)
write base data version: 891700, memory: 5269819392 bytes (5025.69 MB)
write base data version: 891800, memory: 5269819392 bytes (5025.69 MB)
write base data version: 891900, memory: 5269819392 bytes (5025.69 MB)
write base data version: 892000, memory: 5269819392 bytes (5025.69 MB)
write base data version: 892100, memory: 5269819392 bytes (5025.69 MB)
write base data version: 892200, memory: 5269819392 bytes (5025.69 MB)
write base data version: 892300, memory: 5269819392 bytes (5025.69 MB)
write base data version: 892400, memory: 5269819392 bytes (5025.69 MB)
write base data version: 892500, memory: 5269819392 bytes (5025.69 MB)
write base data version: 892600, memory: 5269819392 bytes (5025.69 MB)
write base data version: 892700, memory: 5269819392 bytes (5025.69 MB)
write base data version: 892800, memory: 5269819392 bytes (5025.69 MB)
write base data version: 892900, memory: 5269819392 bytes (5025.69 MB)
write base data version: 893000, memory: 5269819392 bytes (5025.69 MB)
write base data version: 893100, memory: 5269819392 bytes (5025.69 MB)
write base data version: 893200, memory: 5269819392 bytes (5025.69 MB)
write base data version: 893300, memory: 5269819392 bytes (5025.69 MB)
write base data version: 893400, memory: 5269819392 bytes (5025.69 MB)
write base data version: 893500, memory: 5269819392 bytes (5025.69 MB)
write base data version: 893600, memory: 5269819392 bytes (5025.69 MB)
write base data version: 893700, memory: 5269819392 bytes (5025.69 MB)
write base data version: 893800, memory: 5269819392 bytes (5025.69 MB)
write base data version: 893900, memory: 5269819392 bytes (5025.69 MB)
write base data version: 894000, memory: 5269819392 bytes (5025.69 MB)
write base data version: 894100, memory: 5269819392 bytes (5025.69 MB)
write base data version: 894200, memory: 5269819392 bytes (5025.69 MB)
write base data version: 894300, memory: 5269819392 bytes (5025.69 MB)
write base data version: 894400, memory: 5269819392 bytes (5025.69 MB)
write base data version: 894500, memory: 5269819392 bytes (5025.69 MB)
write base data version: 894600, memory: 5269819392 bytes (5025.69 MB)
write base data version: 894700, memory: 5269819392 bytes (5025.69 MB)
write base data version: 894800, memory: 5269819392 bytes (5025.69 MB)
write base data version: 894900, memory: 5269819392 bytes (5025.69 MB)
write base data version: 895000, memory: 5269819392 bytes (5025.69 MB)
write base data version: 895100, memory: 5269819392 bytes (5025.69 MB)
write base data version: 895200, memory: 5269819392 bytes (5025.69 MB)
write base data version: 895300, memory: 5269819392 bytes (5025.69 MB)
write base data version: 895400, memory: 5269819392 bytes (5025.69 MB)
write base data version: 895500, memory: 5269819392 bytes (5025.69 MB)
write base data version: 895600, memory: 5269819392 bytes (5025.69 MB)
write base data version: 895700, memory: 5269819392 bytes (5025.69 MB)
write base data version: 895800, memory: 5275222016 bytes (5030.84 MB)
write base data version: 895900, memory: 5276721152 bytes (5032.27 MB)
write base data version: 896000, memory: 5276721152 bytes (5032.27 MB)
write base data version: 896100, memory: 5276721152 bytes (5032.27 MB)
write base data version: 896200, memory: 5276721152 bytes (5032.27 MB)
write base data version: 896300, memory: 5276721152 bytes (5032.27 MB)
write base data version: 896400, memory: 5276721152 bytes (5032.27 MB)
write base data version: 896500, memory: 5276721152 bytes (5032.27 MB)
write base data version: 896600, memory: 5276721152 bytes (5032.27 MB)
write base data version: 896700, memory: 5276721152 bytes (5032.27 MB)
write base data version: 896800, memory: 5276721152 bytes (5032.27 MB)
write base data version: 896900, memory: 5276721152 bytes (5032.27 MB)
write base data version: 897000, memory: 5276721152 bytes (5032.27 MB)
write base data version: 897100, memory: 5276721152 bytes (5032.27 MB)
write base data version: 897200, memory: 5276721152 bytes (5032.27 MB)
write base data version: 897300, memory: 5276721152 bytes (5032.27 MB)
write base data version: 897400, memory: 5276721152 bytes (5032.27 MB)
write base data version: 897500, memory: 5276721152 bytes (5032.27 MB)
write base data version: 897600, memory: 5276721152 bytes (5032.27 MB)
write base data version: 897700, memory: 5276721152 bytes (5032.27 MB)
write base data version: 897800, memory: 5276721152 bytes (5032.27 MB)
write base data version: 897900, memory: 5276721152 bytes (5032.27 MB)
write base data version: 898000, memory: 5276721152 bytes (5032.27 MB)
write base data version: 898100, memory: 5276721152 bytes (5032.27 MB)
write base data version: 898200, memory: 5276721152 bytes (5032.27 MB)
write base data version: 898300, memory: 5276721152 bytes (5032.27 MB)
write base data version: 898400, memory: 5276721152 bytes (5032.27 MB)
write base data version: 898500, memory: 5276721152 bytes (5032.27 MB)
write base data version: 898600, memory: 5276721152 bytes (5032.27 MB)
write base data version: 898700, memory: 5276721152 bytes (5032.27 MB)
write base data version: 898800, memory: 5276721152 bytes (5032.27 MB)
write base data version: 898900, memory: 5276721152 bytes (5032.27 MB)
write base data version: 899000, memory: 5276721152 bytes (5032.27 MB)
write base data version: 899100, memory: 5276721152 bytes (5032.27 MB)
write base data version: 899200, memory: 5276721152 bytes (5032.27 MB)
write base data version: 899300, memory: 5276721152 bytes (5032.27 MB)
write base data version: 899400, memory: 5276721152 bytes (5032.27 MB)
write base data version: 899500, memory: 5276721152 bytes (5032.27 MB)
write base data version: 899600, memory: 5276721152 bytes (5032.27 MB)
write base data version: 899700, memory: 5276721152 bytes (5032.27 MB)
write base data version: 899800, memory: 5276721152 bytes (5032.27 MB)
write base data version: 899900, memory: 5276721152 bytes (5032.27 MB)
write base data version: 900000, memory: 5276721152 bytes (5032.27 MB)
write base data version: 900100, memory: 5276721152 bytes (5032.27 MB)
write base data version: 900200, memory: 5276721152 bytes (5032.27 MB)
write base data version: 900300, memory: 5276721152 bytes (5032.27 MB)
write base data version: 900400, memory: 5276721152 bytes (5032.27 MB)
write base data version: 900500, memory: 5276721152 bytes (5032.27 MB)
write base data version: 900600, memory: 5276721152 bytes (5032.27 MB)
write base data version: 900700, memory: 5276721152 bytes (5032.27 MB)
write base data version: 900800, memory: 5276721152 bytes (5032.27 MB)
write base data version: 900900, memory: 5276721152 bytes (5032.27 MB)
write base data version: 901000, memory: 5276721152 bytes (5032.27 MB)
write base data version: 901100, memory: 5276721152 bytes (5032.27 MB)
write base data version: 901200, memory: 5276721152 bytes (5032.27 MB)
write base data version: 901300, memory: 5276721152 bytes (5032.27 MB)
write base data version: 901400, memory: 5276721152 bytes (5032.27 MB)
write base data version: 901500, memory: 5276721152 bytes (5032.27 MB)
write base data version: 901600, memory: 5276721152 bytes (5032.27 MB)
write base data version: 901700, memory: 5276721152 bytes (5032.27 MB)
write base data version: 901800, memory: 5276721152 bytes (5032.27 MB)
write base data version: 901900, memory: 5276721152 bytes (5032.27 MB)
write base data version: 902000, memory: 5276721152 bytes (5032.27 MB)
write base data version: 902100, memory: 5276721152 bytes (5032.27 MB)
write base data version: 902200, memory: 5276721152 bytes (5032.27 MB)
write base data version: 902300, memory: 5276721152 bytes (5032.27 MB)
write base data version: 902400, memory: 5276721152 bytes (5032.27 MB)
write base data version: 902500, memory: 5276721152 bytes (5032.27 MB)
write base data version: 902600, memory: 5276721152 bytes (5032.27 MB)
write base data version: 902700, memory: 5276721152 bytes (5032.27 MB)
write base data version: 902800, memory: 5276721152 bytes (5032.27 MB)
write base data version: 902900, memory: 5276721152 bytes (5032.27 MB)
write base data version: 903000, memory: 5276721152 bytes (5032.27 MB)
write base data version: 903100, memory: 5276721152 bytes (5032.27 MB)
write base data version: 903200, memory: 5276721152 bytes (5032.27 MB)
write base data version: 903300, memory: 5276721152 bytes (5032.27 MB)
write base data version: 903400, memory: 5276721152 bytes (5032.27 MB)
write base data version: 903500, memory: 5276721152 bytes (5032.27 MB)
write base data version: 903600, memory: 5276721152 bytes (5032.27 MB)
write base data version: 903700, memory: 5276721152 bytes (5032.27 MB)
write base data version: 903800, memory: 5276721152 bytes (5032.27 MB)
write base data version: 903900, memory: 5276721152 bytes (5032.27 MB)
write base data version: 904000, memory: 5276721152 bytes (5032.27 MB)
write base data version: 904100, memory: 5276721152 bytes (5032.27 MB)
write base data version: 904200, memory: 5276721152 bytes (5032.27 MB)
write base data version: 904300, memory: 5276721152 bytes (5032.27 MB)
write base data version: 904400, memory: 5276721152 bytes (5032.27 MB)
write base data version: 904500, memory: 5276721152 bytes (5032.27 MB)
write base data version: 904600, memory: 5276721152 bytes (5032.27 MB)
write base data version: 904700, memory: 5276721152 bytes (5032.27 MB)
write base data version: 904800, memory: 5276721152 bytes (5032.27 MB)
write base data version: 904900, memory: 5276721152 bytes (5032.27 MB)
write base data version: 905000, memory: 5276721152 bytes (5032.27 MB)
write base data version: 905100, memory: 5276721152 bytes (5032.27 MB)
write base data version: 905200, memory: 5276721152 bytes (5032.27 MB)
write base data version: 905300, memory: 5276721152 bytes (5032.27 MB)
write base data version: 905400, memory: 5276721152 bytes (5032.27 MB)
write base data version: 905500, memory: 5276721152 bytes (5032.27 MB)
write base data version: 905600, memory: 5276721152 bytes (5032.27 MB)
write base data version: 905700, memory: 5276721152 bytes (5032.27 MB)
write base data version: 905800, memory: 5276721152 bytes (5032.27 MB)
write base data version: 905900, memory: 5276721152 bytes (5032.27 MB)
write base data version: 906000, memory: 5276721152 bytes (5032.27 MB)
write base data version: 906100, memory: 5276721152 bytes (5032.27 MB)
write base data version: 906200, memory: 5276721152 bytes (5032.27 MB)
write base data version: 906300, memory: 5276721152 bytes (5032.27 MB)
write base data version: 906400, memory: 5276721152 bytes (5032.27 MB)
write base data version: 906500, memory: 5276721152 bytes (5032.27 MB)
write base data version: 906600, memory: 5276721152 bytes (5032.27 MB)
write base data version: 906700, memory: 5276721152 bytes (5032.27 MB)
write base data version: 906800, memory: 5276721152 bytes (5032.27 MB)
write base data version: 906900, memory: 5276721152 bytes (5032.27 MB)
write base data version: 907000, memory: 5276721152 bytes (5032.27 MB)
write base data version: 907100, memory: 5276721152 bytes (5032.27 MB)
write base data version: 907200, memory: 5276721152 bytes (5032.27 MB)
write base data version: 907300, memory: 5276721152 bytes (5032.27 MB)
write base data version: 907400, memory: 5276721152 bytes (5032.27 MB)
write base data version: 907500, memory: 5276721152 bytes (5032.27 MB)
write base data version: 907600, memory: 5276721152 bytes (5032.27 MB)
write base data version: 907700, memory: 5276721152 bytes (5032.27 MB)
write base data version: 907800, memory: 5276721152 bytes (5032.27 MB)
write base data version: 907900, memory: 5276721152 bytes (5032.27 MB)
write base data version: 908000, memory: 5276721152 bytes (5032.27 MB)
write base data version: 908100, memory: 5276721152 bytes (5032.27 MB)
write base data version: 908200, memory: 5276721152 bytes (5032.27 MB)
write base data version: 908300, memory: 5276721152 bytes (5032.27 MB)
write base data version: 908400, memory: 5276721152 bytes (5032.27 MB)
write base data version: 908500, memory: 5276721152 bytes (5032.27 MB)
write base data version: 908600, memory: 5276721152 bytes (5032.27 MB)
write base data version: 908700, memory: 5276721152 bytes (5032.27 MB)
write base data version: 908800, memory: 5276721152 bytes (5032.27 MB)
write base data version: 908900, memory: 5276721152 bytes (5032.27 MB)
write base data version: 909000, memory: 5276721152 bytes (5032.27 MB)
write base data version: 909100, memory: 5276721152 bytes (5032.27 MB)
write base data version: 909200, memory: 5276721152 bytes (5032.27 MB)
write base data version: 909300, memory: 5276721152 bytes (5032.27 MB)
write base data version: 909400, memory: 5276721152 bytes (5032.27 MB)
write base data version: 909500, memory: 5276721152 bytes (5032.27 MB)
write base data version: 909600, memory: 5276721152 bytes (5032.27 MB)
write base data version: 909700, memory: 5276721152 bytes (5032.27 MB)
write base data version: 909800, memory: 5276721152 bytes (5032.27 MB)
write base data version: 909900, memory: 5276721152 bytes (5032.27 MB)
write base data version: 910000, memory: 5276721152 bytes (5032.27 MB)
write base data version: 910100, memory: 5276721152 bytes (5032.27 MB)
write base data version: 910200, memory: 5276721152 bytes (5032.27 MB)
write base data version: 910300, memory: 5276721152 bytes (5032.27 MB)
write base data version: 910400, memory: 5276721152 bytes (5032.27 MB)
write base data version: 910500, memory: 5276721152 bytes (5032.27 MB)
write base data version: 910600, memory: 5276721152 bytes (5032.27 MB)
write base data version: 910700, memory: 5276721152 bytes (5032.27 MB)
write base data version: 910800, memory: 5276721152 bytes (5032.27 MB)
write base data version: 910900, memory: 5276721152 bytes (5032.27 MB)
write base data version: 911000, memory: 5276721152 bytes (5032.27 MB)
write base data version: 911100, memory: 5276721152 bytes (5032.27 MB)
write base data version: 911200, memory: 5276721152 bytes (5032.27 MB)
write base data version: 911300, memory: 5276721152 bytes (5032.27 MB)
write base data version: 911400, memory: 5276721152 bytes (5032.27 MB)
write base data version: 911500, memory: 5276721152 bytes (5032.27 MB)
write base data version: 911600, memory: 5276721152 bytes (5032.27 MB)
write base data version: 911700, memory: 5276721152 bytes (5032.27 MB)
write base data version: 911800, memory: 5276721152 bytes (5032.27 MB)
write base data version: 911900, memory: 5276721152 bytes (5032.27 MB)
write base data version: 912000, memory: 5276721152 bytes (5032.27 MB)
write base data version: 912100, memory: 5276721152 bytes (5032.27 MB)
write base data version: 912200, memory: 5276721152 bytes (5032.27 MB)
write base data version: 912300, memory: 5276721152 bytes (5032.27 MB)
write base data version: 912400, memory: 5276721152 bytes (5032.27 MB)
write base data version: 912500, memory: 5276721152 bytes (5032.27 MB)
write base data version: 912600, memory: 5276721152 bytes (5032.27 MB)
write base data version: 912700, memory: 5276721152 bytes (5032.27 MB)
write base data version: 912800, memory: 5276721152 bytes (5032.27 MB)
write base data version: 912900, memory: 5276721152 bytes (5032.27 MB)
write base data version: 913000, memory: 5276721152 bytes (5032.27 MB)
write base data version: 913100, memory: 5276721152 bytes (5032.27 MB)
write base data version: 913200, memory: 5276721152 bytes (5032.27 MB)
write base data version: 913300, memory: 5276721152 bytes (5032.27 MB)
write base data version: 913400, memory: 5276721152 bytes (5032.27 MB)
write base data version: 913500, memory: 5276721152 bytes (5032.27 MB)
write base data version: 913600, memory: 5276721152 bytes (5032.27 MB)
write base data version: 913700, memory: 5276721152 bytes (5032.27 MB)
write base data version: 913800, memory: 5276721152 bytes (5032.27 MB)
write base data version: 913900, memory: 5276721152 bytes (5032.27 MB)
write base data version: 914000, memory: 5276721152 bytes (5032.27 MB)
write base data version: 914100, memory: 5276721152 bytes (5032.27 MB)
write base data version: 914200, memory: 5276721152 bytes (5032.27 MB)
write base data version: 914300, memory: 5276721152 bytes (5032.27 MB)
write base data version: 914400, memory: 5276721152 bytes (5032.27 MB)
write base data version: 914500, memory: 5276721152 bytes (5032.27 MB)
write base data version: 914600, memory: 5276721152 bytes (5032.27 MB)
write base data version: 914700, memory: 5276721152 bytes (5032.27 MB)
write base data version: 914800, memory: 5276721152 bytes (5032.27 MB)
write base data version: 914900, memory: 5276721152 bytes (5032.27 MB)
write base data version: 915000, memory: 5276721152 bytes (5032.27 MB)
write base data version: 915100, memory: 5276721152 bytes (5032.27 MB)
write base data version: 915200, memory: 5276721152 bytes (5032.27 MB)
write base data version: 915300, memory: 5276721152 bytes (5032.27 MB)
write base data version: 915400, memory: 5276721152 bytes (5032.27 MB)
write base data version: 915500, memory: 5276721152 bytes (5032.27 MB)
write base data version: 915600, memory: 5276721152 bytes (5032.27 MB)
write base data version: 915700, memory: 5276721152 bytes (5032.27 MB)
write base data version: 915800, memory: 5276721152 bytes (5032.27 MB)
write base data version: 915900, memory: 5276721152 bytes (5032.27 MB)
write base data version: 916000, memory: 5276721152 bytes (5032.27 MB)
write base data version: 916100, memory: 5276721152 bytes (5032.27 MB)
write base data version: 916200, memory: 5276721152 bytes (5032.27 MB)
write base data version: 916300, memory: 5276721152 bytes (5032.27 MB)
write base data version: 916400, memory: 5276721152 bytes (5032.27 MB)
write base data version: 916500, memory: 5276721152 bytes (5032.27 MB)
write base data version: 916600, memory: 5276721152 bytes (5032.27 MB)
write base data version: 916700, memory: 5276721152 bytes (5032.27 MB)
write base data version: 916800, memory: 5276721152 bytes (5032.27 MB)
write base data version: 916900, memory: 5276721152 bytes (5032.27 MB)
write base data version: 917000, memory: 5276721152 bytes (5032.27 MB)
write base data version: 917100, memory: 5276721152 bytes (5032.27 MB)
write base data version: 917200, memory: 5276721152 bytes (5032.27 MB)
write base data version: 917300, memory: 5276721152 bytes (5032.27 MB)
write base data version: 917400, memory: 5276721152 bytes (5032.27 MB)
write base data version: 917500, memory: 5276721152 bytes (5032.27 MB)
write base data version: 917600, memory: 5276721152 bytes (5032.27 MB)
write base data version: 917700, memory: 5276721152 bytes (5032.27 MB)
write base data version: 917800, memory: 5276721152 bytes (5032.27 MB)
write base data version: 917900, memory: 5276721152 bytes (5032.27 MB)
write base data version: 918000, memory: 5276721152 bytes (5032.27 MB)
write base data version: 918100, memory: 5276721152 bytes (5032.27 MB)
write base data version: 918200, memory: 5276721152 bytes (5032.27 MB)
write base data version: 918300, memory: 5276721152 bytes (5032.27 MB)
write base data version: 918400, memory: 5276721152 bytes (5032.27 MB)
write base data version: 918500, memory: 5276721152 bytes (5032.27 MB)
write base data version: 918600, memory: 5276721152 bytes (5032.27 MB)
write base data version: 918700, memory: 5276721152 bytes (5032.27 MB)
write base data version: 918800, memory: 5276721152 bytes (5032.27 MB)
write base data version: 918900, memory: 5276721152 bytes (5032.27 MB)
write base data version: 919000, memory: 5276721152 bytes (5032.27 MB)
write base data version: 919100, memory: 5276721152 bytes (5032.27 MB)
write base data version: 919200, memory: 5276721152 bytes (5032.27 MB)
write base data version: 919300, memory: 5276721152 bytes (5032.27 MB)
write base data version: 919400, memory: 5276721152 bytes (5032.27 MB)
write base data version: 919500, memory: 5276721152 bytes (5032.27 MB)
write base data version: 919600, memory: 5276721152 bytes (5032.27 MB)
write base data version: 919700, memory: 5276721152 bytes (5032.27 MB)
write base data version: 919800, memory: 5276721152 bytes (5032.27 MB)
write base data version: 919900, memory: 5276721152 bytes (5032.27 MB)
write base data version: 920000, memory: 5276721152 bytes (5032.27 MB)
write base data version: 920100, memory: 5276721152 bytes (5032.27 MB)
write base data version: 920200, memory: 5276721152 bytes (5032.27 MB)
write base data version: 920300, memory: 5276721152 bytes (5032.27 MB)
write base data version: 920400, memory: 5276721152 bytes (5032.27 MB)
write base data version: 920500, memory: 5276721152 bytes (5032.27 MB)
write base data version: 920600, memory: 5276721152 bytes (5032.27 MB)
write base data version: 920700, memory: 5276721152 bytes (5032.27 MB)
write base data version: 920800, memory: 5276721152 bytes (5032.27 MB)
write base data version: 920900, memory: 5276721152 bytes (5032.27 MB)
write base data version: 921000, memory: 5276721152 bytes (5032.27 MB)
write base data version: 921100, memory: 5276721152 bytes (5032.27 MB)
write base data version: 921200, memory: 5276721152 bytes (5032.27 MB)
write base data version: 921300, memory: 5276721152 bytes (5032.27 MB)
write base data version: 921400, memory: 5276721152 bytes (5032.27 MB)
write base data version: 921500, memory: 5276721152 bytes (5032.27 MB)
write base data version: 921600, memory: 5276721152 bytes (5032.27 MB)
write base data version: 921700, memory: 5276721152 bytes (5032.27 MB)
write base data version: 921800, memory: 5276721152 bytes (5032.27 MB)
write base data version: 921900, memory: 5276721152 bytes (5032.27 MB)
write base data version: 922000, memory: 5276721152 bytes (5032.27 MB)
write base data version: 922100, memory: 5276721152 bytes (5032.27 MB)
write base data version: 922200, memory: 5276721152 bytes (5032.27 MB)
write base data version: 922300, memory: 5276721152 bytes (5032.27 MB)
write base data version: 922400, memory: 5276721152 bytes (5032.27 MB)
write base data version: 922500, memory: 5276721152 bytes (5032.27 MB)
write base data version: 922600, memory: 5276721152 bytes (5032.27 MB)
write base data version: 922700, memory: 5276721152 bytes (5032.27 MB)
write base data version: 922800, memory: 5276721152 bytes (5032.27 MB)
write base data version: 922900, memory: 5276721152 bytes (5032.27 MB)
write base data version: 923000, memory: 5276721152 bytes (5032.27 MB)
write base data version: 923100, memory: 5276721152 bytes (5032.27 MB)
write base data version: 923200, memory: 5276721152 bytes (5032.27 MB)
write base data version: 923300, memory: 5276721152 bytes (5032.27 MB)
write base data version: 923400, memory: 5276721152 bytes (5032.27 MB)
write base data version: 923500, memory: 5276721152 bytes (5032.27 MB)
write base data version: 923600, memory: 5276721152 bytes (5032.27 MB)
write base data version: 923700, memory: 5276721152 bytes (5032.27 MB)
write base data version: 923800, memory: 5276721152 bytes (5032.27 MB)
write base data version: 923900, memory: 5276721152 bytes (5032.27 MB)
write base data version: 924000, memory: 5276721152 bytes (5032.27 MB)
write base data version: 924100, memory: 5276721152 bytes (5032.27 MB)
write base data version: 924200, memory: 5276721152 bytes (5032.27 MB)
write base data version: 924300, memory: 5276721152 bytes (5032.27 MB)
write base data version: 924400, memory: 5276721152 bytes (5032.27 MB)
write base data version: 924500, memory: 5276721152 bytes (5032.27 MB)
write base data version: 924600, memory: 5276721152 bytes (5032.27 MB)
write base data version: 924700, memory: 5276721152 bytes (5032.27 MB)
write base data version: 924800, memory: 5276721152 bytes (5032.27 MB)
write base data version: 924900, memory: 5276721152 bytes (5032.27 MB)
write base data version: 925000, memory: 5276721152 bytes (5032.27 MB)
write base data version: 925100, memory: 5276721152 bytes (5032.27 MB)
write base data version: 925200, memory: 5276721152 bytes (5032.27 MB)
write base data version: 925300, memory: 5276721152 bytes (5032.27 MB)
write base data version: 925400, memory: 5276721152 bytes (5032.27 MB)
write base data version: 925500, memory: 5276721152 bytes (5032.27 MB)
write base data version: 925600, memory: 5276721152 bytes (5032.27 MB)
write base data version: 925700, memory: 5276721152 bytes (5032.27 MB)
write base data version: 925800, memory: 5276721152 bytes (5032.27 MB)
write base data version: 925900, memory: 5276721152 bytes (5032.27 MB)
write base data version: 926000, memory: 5276721152 bytes (5032.27 MB)
write base data version: 926100, memory: 5276721152 bytes (5032.27 MB)
write base data version: 926200, memory: 5276721152 bytes (5032.27 MB)
write base data version: 926300, memory: 5276721152 bytes (5032.27 MB)
write base data version: 926400, memory: 5276721152 bytes (5032.27 MB)
write base data version: 926500, memory: 5276721152 bytes (5032.27 MB)
write base data version: 926600, memory: 5276721152 bytes (5032.27 MB)
write base data version: 926700, memory: 5276721152 bytes (5032.27 MB)
write base data version: 926800, memory: 5276721152 bytes (5032.27 MB)
write base data version: 926900, memory: 5276721152 bytes (5032.27 MB)
write base data version: 927000, memory: 5276721152 bytes (5032.27 MB)
write base data version: 927100, memory: 5276721152 bytes (5032.27 MB)
write base data version: 927200, memory: 5276721152 bytes (5032.27 MB)
write base data version: 927300, memory: 5276721152 bytes (5032.27 MB)
write base data version: 927400, memory: 5276721152 bytes (5032.27 MB)
write base data version: 927500, memory: 5276721152 bytes (5032.27 MB)
write base data version: 927600, memory: 5276721152 bytes (5032.27 MB)
write base data version: 927700, memory: 5276721152 bytes (5032.27 MB)
write base data version: 927800, memory: 5276721152 bytes (5032.27 MB)
write base data version: 927900, memory: 5276721152 bytes (5032.27 MB)
write base data version: 928000, memory: 5276721152 bytes (5032.27 MB)
write base data version: 928100, memory: 5276721152 bytes (5032.27 MB)
write base data version: 928200, memory: 5276721152 bytes (5032.27 MB)
write base data version: 928300, memory: 5276721152 bytes (5032.27 MB)
write base data version: 928400, memory: 5276721152 bytes (5032.27 MB)
write base data version: 928500, memory: 5276721152 bytes (5032.27 MB)
write base data version: 928600, memory: 5276721152 bytes (5032.27 MB)
write base data version: 928700, memory: 5276721152 bytes (5032.27 MB)
write base data version: 928800, memory: 5276721152 bytes (5032.27 MB)
write base data version: 928900, memory: 5276721152 bytes (5032.27 MB)
write base data version: 929000, memory: 5276721152 bytes (5032.27 MB)
write base data version: 929100, memory: 5276721152 bytes (5032.27 MB)
write base data version: 929200, memory: 5276721152 bytes (5032.27 MB)
write base data version: 929300, memory: 5276721152 bytes (5032.27 MB)
write base data version: 929400, memory: 5276721152 bytes (5032.27 MB)
write base data version: 929500, memory: 5276721152 bytes (5032.27 MB)
write base data version: 929600, memory: 5276721152 bytes (5032.27 MB)
write base data version: 929700, memory: 5276721152 bytes (5032.27 MB)
write base data version: 929800, memory: 5276721152 bytes (5032.27 MB)
write base data version: 929900, memory: 5276721152 bytes (5032.27 MB)
write base data version: 930000, memory: 5276721152 bytes (5032.27 MB)
write base data version: 930100, memory: 5276721152 bytes (5032.27 MB)
write base data version: 930200, memory: 5276721152 bytes (5032.27 MB)
write base data version: 930300, memory: 5276721152 bytes (5032.27 MB)
write base data version: 930400, memory: 5276721152 bytes (5032.27 MB)
write base data version: 930500, memory: 5276721152 bytes (5032.27 MB)
write base data version: 930600, memory: 5276721152 bytes (5032.27 MB)
write base data version: 930700, memory: 5276721152 bytes (5032.27 MB)
write base data version: 930800, memory: 5276721152 bytes (5032.27 MB)
write base data version: 930900, memory: 5276721152 bytes (5032.27 MB)
write base data version: 931000, memory: 5276721152 bytes (5032.27 MB)
write base data version: 931100, memory: 5276721152 bytes (5032.27 MB)
write base data version: 931200, memory: 5276721152 bytes (5032.27 MB)
write base data version: 931300, memory: 5276721152 bytes (5032.27 MB)
write base data version: 931400, memory: 5276721152 bytes (5032.27 MB)
write base data version: 931500, memory: 5276721152 bytes (5032.27 MB)
write base data version: 931600, memory: 5276721152 bytes (5032.27 MB)
write base data version: 931700, memory: 5276721152 bytes (5032.27 MB)
write base data version: 931800, memory: 5276721152 bytes (5032.27 MB)
write base data version: 931900, memory: 5276721152 bytes (5032.27 MB)
write base data version: 932000, memory: 5276721152 bytes (5032.27 MB)
write base data version: 932100, memory: 5276721152 bytes (5032.27 MB)
write base data version: 932200, memory: 5276721152 bytes (5032.27 MB)
write base data version: 932300, memory: 5276721152 bytes (5032.27 MB)
write base data version: 932400, memory: 5276721152 bytes (5032.27 MB)
write base data version: 932500, memory: 5276721152 bytes (5032.27 MB)
write base data version: 932600, memory: 5276721152 bytes (5032.27 MB)
write base data version: 932700, memory: 5276721152 bytes (5032.27 MB)
write base data version: 932800, memory: 5276721152 bytes (5032.27 MB)
write base data version: 932900, memory: 5276721152 bytes (5032.27 MB)
write base data version: 933000, memory: 5276721152 bytes (5032.27 MB)
write base data version: 933100, memory: 5276721152 bytes (5032.27 MB)
write base data version: 933200, memory: 5276721152 bytes (5032.27 MB)
write base data version: 933300, memory: 5276721152 bytes (5032.27 MB)
write base data version: 933400, memory: 5276721152 bytes (5032.27 MB)
write base data version: 933500, memory: 5276721152 bytes (5032.27 MB)
write base data version: 933600, memory: 5276721152 bytes (5032.27 MB)
write base data version: 933700, memory: 5276721152 bytes (5032.27 MB)
write base data version: 933800, memory: 5276721152 bytes (5032.27 MB)
write base data version: 933900, memory: 5276721152 bytes (5032.27 MB)
write base data version: 934000, memory: 5276721152 bytes (5032.27 MB)
write base data version: 934100, memory: 5276721152 bytes (5032.27 MB)
write base data version: 934200, memory: 5276721152 bytes (5032.27 MB)
write base data version: 934300, memory: 5276721152 bytes (5032.27 MB)
write base data version: 934400, memory: 5276721152 bytes (5032.27 MB)
write base data version: 934500, memory: 5276721152 bytes (5032.27 MB)
write base data version: 934600, memory: 5276721152 bytes (5032.27 MB)
write base data version: 934700, memory: 5276721152 bytes (5032.27 MB)
write base data version: 934800, memory: 5276721152 bytes (5032.27 MB)
write base data version: 934900, memory: 5276721152 bytes (5032.27 MB)
write base data version: 935000, memory: 5276721152 bytes (5032.27 MB)
write base data version: 935100, memory: 5276721152 bytes (5032.27 MB)
write base data version: 935200, memory: 5276721152 bytes (5032.27 MB)
write base data version: 935300, memory: 5276721152 bytes (5032.27 MB)
write base data version: 935400, memory: 5276721152 bytes (5032.27 MB)
write base data version: 935500, memory: 5276721152 bytes (5032.27 MB)
write base data version: 935600, memory: 5276721152 bytes (5032.27 MB)
write base data version: 935700, memory: 5276721152 bytes (5032.27 MB)
write base data version: 935800, memory: 5276721152 bytes (5032.27 MB)
write base data version: 935900, memory: 5276721152 bytes (5032.27 MB)
write base data version: 936000, memory: 5276721152 bytes (5032.27 MB)
write base data version: 936100, memory: 5276721152 bytes (5032.27 MB)
write base data version: 936200, memory: 5276721152 bytes (5032.27 MB)
write base data version: 936300, memory: 5276721152 bytes (5032.27 MB)
write base data version: 936400, memory: 5276721152 bytes (5032.27 MB)
write base data version: 936500, memory: 5276721152 bytes (5032.27 MB)
write base data version: 936600, memory: 5276721152 bytes (5032.27 MB)
write base data version: 936700, memory: 5276721152 bytes (5032.27 MB)
write base data version: 936800, memory: 5276721152 bytes (5032.27 MB)
write base data version: 936900, memory: 5276721152 bytes (5032.27 MB)
write base data version: 937000, memory: 5276721152 bytes (5032.27 MB)
write base data version: 937100, memory: 5276721152 bytes (5032.27 MB)
write base data version: 937200, memory: 5276721152 bytes (5032.27 MB)
write base data version: 937300, memory: 5276721152 bytes (5032.27 MB)
write base data version: 937400, memory: 5276721152 bytes (5032.27 MB)
write base data version: 937500, memory: 5276721152 bytes (5032.27 MB)
write base data version: 937600, memory: 5276721152 bytes (5032.27 MB)
write base data version: 937700, memory: 5276721152 bytes (5032.27 MB)
write base data version: 937800, memory: 5276721152 bytes (5032.27 MB)
write base data version: 937900, memory: 5276721152 bytes (5032.27 MB)
write base data version: 938000, memory: 5276721152 bytes (5032.27 MB)
write base data version: 938100, memory: 5276721152 bytes (5032.27 MB)
write base data version: 938200, memory: 5276721152 bytes (5032.27 MB)
write base data version: 938300, memory: 5276721152 bytes (5032.27 MB)
write base data version: 938400, memory: 5276721152 bytes (5032.27 MB)
write base data version: 938500, memory: 5276721152 bytes (5032.27 MB)
write base data version: 938600, memory: 5276721152 bytes (5032.27 MB)
write base data version: 938700, memory: 5276721152 bytes (5032.27 MB)
write base data version: 938800, memory: 5276721152 bytes (5032.27 MB)
write base data version: 938900, memory: 5276721152 bytes (5032.27 MB)
write base data version: 939000, memory: 5276721152 bytes (5032.27 MB)
write base data version: 939100, memory: 5276721152 bytes (5032.27 MB)
write base data version: 939200, memory: 5276721152 bytes (5032.27 MB)
write base data version: 939300, memory: 5276721152 bytes (5032.27 MB)
write base data version: 939400, memory: 5276721152 bytes (5032.27 MB)
write base data version: 939500, memory: 5276721152 bytes (5032.27 MB)
write base data version: 939600, memory: 5276721152 bytes (5032.27 MB)
write base data version: 939700, memory: 5276721152 bytes (5032.27 MB)
write base data version: 939800, memory: 5276721152 bytes (5032.27 MB)
write base data version: 939900, memory: 5276721152 bytes (5032.27 MB)
write base data version: 940000, memory: 5276721152 bytes (5032.27 MB)
write base data version: 940100, memory: 5276721152 bytes (5032.27 MB)
write base data version: 940200, memory: 5276721152 bytes (5032.27 MB)
write base data version: 940300, memory: 5276721152 bytes (5032.27 MB)
write base data version: 940400, memory: 5276721152 bytes (5032.27 MB)
write base data version: 940500, memory: 5276721152 bytes (5032.27 MB)
write base data version: 940600, memory: 5276721152 bytes (5032.27 MB)
write base data version: 940700, memory: 5276721152 bytes (5032.27 MB)
write base data version: 940800, memory: 5276721152 bytes (5032.27 MB)
write base data version: 940900, memory: 5276721152 bytes (5032.27 MB)
write base data version: 941000, memory: 5276721152 bytes (5032.27 MB)
write base data version: 941100, memory: 5276721152 bytes (5032.27 MB)
write base data version: 941200, memory: 5276721152 bytes (5032.27 MB)
write base data version: 941300, memory: 5276721152 bytes (5032.27 MB)
write base data version: 941400, memory: 5276721152 bytes (5032.27 MB)
write base data version: 941500, memory: 5276721152 bytes (5032.27 MB)
write base data version: 941600, memory: 5276721152 bytes (5032.27 MB)
write base data version: 941700, memory: 5276721152 bytes (5032.27 MB)
write base data version: 941800, memory: 5276721152 bytes (5032.27 MB)
write base data version: 941900, memory: 5276721152 bytes (5032.27 MB)
write base data version: 942000, memory: 5276721152 bytes (5032.27 MB)
write base data version: 942100, memory: 5276721152 bytes (5032.27 MB)
write base data version: 942200, memory: 5276721152 bytes (5032.27 MB)
write base data version: 942300, memory: 5276721152 bytes (5032.27 MB)
write base data version: 942400, memory: 5276721152 bytes (5032.27 MB)
write base data version: 942500, memory: 5276721152 bytes (5032.27 MB)
write base data version: 942600, memory: 5276721152 bytes (5032.27 MB)
write base data version: 942700, memory: 5276721152 bytes (5032.27 MB)
write base data version: 942800, memory: 5276721152 bytes (5032.27 MB)
write base data version: 942900, memory: 5276721152 bytes (5032.27 MB)
write base data version: 943000, memory: 5276721152 bytes (5032.27 MB)
write base data version: 943100, memory: 5276721152 bytes (5032.27 MB)
write base data version: 943200, memory: 5276721152 bytes (5032.27 MB)
write base data version: 943300, memory: 5276721152 bytes (5032.27 MB)
write base data version: 943400, memory: 5276721152 bytes (5032.27 MB)
write base data version: 943500, memory: 5276721152 bytes (5032.27 MB)
write base data version: 943600, memory: 5276721152 bytes (5032.27 MB)
write base data version: 943700, memory: 5276721152 bytes (5032.27 MB)
write base data version: 943800, memory: 5276721152 bytes (5032.27 MB)
write base data version: 943900, memory: 5276721152 bytes (5032.27 MB)
write base data version: 944000, memory: 5276721152 bytes (5032.27 MB)
write base data version: 944100, memory: 5276721152 bytes (5032.27 MB)
write base data version: 944200, memory: 5276721152 bytes (5032.27 MB)
write base data version: 944300, memory: 5276721152 bytes (5032.27 MB)
write base data version: 944400, memory: 5276721152 bytes (5032.27 MB)
write base data version: 944500, memory: 5276721152 bytes (5032.27 MB)
write base data version: 944600, memory: 5276721152 bytes (5032.27 MB)
write base data version: 944700, memory: 5276721152 bytes (5032.27 MB)
write base data version: 944800, memory: 5276721152 bytes (5032.27 MB)
write base data version: 944900, memory: 5276721152 bytes (5032.27 MB)
write base data version: 945000, memory: 5276721152 bytes (5032.27 MB)
write base data version: 945100, memory: 5276721152 bytes (5032.27 MB)
write base data version: 945200, memory: 5276721152 bytes (5032.27 MB)
write base data version: 945300, memory: 5276721152 bytes (5032.27 MB)
write base data version: 945400, memory: 5276721152 bytes (5032.27 MB)
write base data version: 945500, memory: 5276721152 bytes (5032.27 MB)
write base data version: 945600, memory: 5276721152 bytes (5032.27 MB)
write base data version: 945700, memory: 5276721152 bytes (5032.27 MB)
write base data version: 945800, memory: 5276721152 bytes (5032.27 MB)
write base data version: 945900, memory: 5276721152 bytes (5032.27 MB)
write base data version: 946000, memory: 5276721152 bytes (5032.27 MB)
write base data version: 946100, memory: 5276721152 bytes (5032.27 MB)
write base data version: 946200, memory: 5276721152 bytes (5032.27 MB)
write base data version: 946300, memory: 5276721152 bytes (5032.27 MB)
write base data version: 946400, memory: 5276721152 bytes (5032.27 MB)
write base data version: 946500, memory: 5276721152 bytes (5032.27 MB)
write base data version: 946600, memory: 5276721152 bytes (5032.27 MB)
write base data version: 946700, memory: 5276721152 bytes (5032.27 MB)
write base data version: 946800, memory: 5276721152 bytes (5032.27 MB)
write base data version: 946900, memory: 5276721152 bytes (5032.27 MB)
write base data version: 947000, memory: 5276721152 bytes (5032.27 MB)
write base data version: 947100, memory: 5276721152 bytes (5032.27 MB)
write base data version: 947200, memory: 5276721152 bytes (5032.27 MB)
write base data version: 947300, memory: 5276721152 bytes (5032.27 MB)
write base data version: 947400, memory: 5276721152 bytes (5032.27 MB)
write base data version: 947500, memory: 5276721152 bytes (5032.27 MB)
write base data version: 947600, memory: 5276721152 bytes (5032.27 MB)
write base data version: 947700, memory: 5276721152 bytes (5032.27 MB)
write base data version: 947800, memory: 5276721152 bytes (5032.27 MB)
write base data version: 947900, memory: 5276721152 bytes (5032.27 MB)
write base data version: 948000, memory: 5276721152 bytes (5032.27 MB)
write base data version: 948100, memory: 5276721152 bytes (5032.27 MB)
write base data version: 948200, memory: 5276721152 bytes (5032.27 MB)
write base data version: 948300, memory: 5276721152 bytes (5032.27 MB)
write base data version: 948400, memory: 5276721152 bytes (5032.27 MB)
write base data version: 948500, memory: 5276721152 bytes (5032.27 MB)
write base data version: 948600, memory: 5276721152 bytes (5032.27 MB)
write base data version: 948700, memory: 5276721152 bytes (5032.27 MB)
write base data version: 948800, memory: 5276721152 bytes (5032.27 MB)
write base data version: 948900, memory: 5276721152 bytes (5032.27 MB)
write base data version: 949000, memory: 5276721152 bytes (5032.27 MB)
write base data version: 949100, memory: 5276721152 bytes (5032.27 MB)
write base data version: 949200, memory: 5276721152 bytes (5032.27 MB)
write base data version: 949300, memory: 5276721152 bytes (5032.27 MB)
write base data version: 949400, memory: 5276721152 bytes (5032.27 MB)
write base data version: 949500, memory: 5276721152 bytes (5032.27 MB)
write base data version: 949600, memory: 5276721152 bytes (5032.27 MB)
write base data version: 949700, memory: 5276721152 bytes (5032.27 MB)
write base data version: 949800, memory: 5276721152 bytes (5032.27 MB)
write base data version: 949900, memory: 5276721152 bytes (5032.27 MB)
write base data version: 950000, memory: 5276721152 bytes (5032.27 MB)
write base data version: 950100, memory: 5276721152 bytes (5032.27 MB)
write base data version: 950200, memory: 5276721152 bytes (5032.27 MB)
write base data version: 950300, memory: 5276721152 bytes (5032.27 MB)
write base data version: 950400, memory: 5276721152 bytes (5032.27 MB)
write base data version: 950500, memory: 5276721152 bytes (5032.27 MB)
write base data version: 950600, memory: 5276721152 bytes (5032.27 MB)
write base data version: 950700, memory: 5276721152 bytes (5032.27 MB)
write base data version: 950800, memory: 5276721152 bytes (5032.27 MB)
write base data version: 950900, memory: 5276721152 bytes (5032.27 MB)
write base data version: 951000, memory: 5276762112 bytes (5032.31 MB)
write base data version: 951100, memory: 5276762112 bytes (5032.31 MB)
write base data version: 951200, memory: 5276762112 bytes (5032.31 MB)
write base data version: 951300, memory: 5276762112 bytes (5032.31 MB)
write base data version: 951400, memory: 5276762112 bytes (5032.31 MB)
write base data version: 951500, memory: 5276762112 bytes (5032.31 MB)
write base data version: 951600, memory: 5276762112 bytes (5032.31 MB)
write base data version: 951700, memory: 5276774400 bytes (5032.32 MB)
write base data version: 951800, memory: 5276839936 bytes (5032.39 MB)
write base data version: 951900, memory: 5276839936 bytes (5032.39 MB)
write base data version: 952000, memory: 5276946432 bytes (5032.49 MB)
write base data version: 952100, memory: 5276946432 bytes (5032.49 MB)
write base data version: 952200, memory: 5277081600 bytes (5032.62 MB)
write base data version: 952300, memory: 5277085696 bytes (5032.62 MB)
write base data version: 952400, memory: 5277085696 bytes (5032.62 MB)
write base data version: 952500, memory: 5277085696 bytes (5032.62 MB)
write base data version: 952600, memory: 5277224960 bytes (5032.75 MB)
write base data version: 952700, memory: 5277265920 bytes (5032.79 MB)
write base data version: 952800, memory: 5277265920 bytes (5032.79 MB)
write base data version: 952900, memory: 5277265920 bytes (5032.79 MB)
write base data version: 953000, memory: 5277265920 bytes (5032.79 MB)
write base data version: 953100, memory: 5277265920 bytes (5032.79 MB)
write base data version: 953200, memory: 5277265920 bytes (5032.79 MB)
write base data version: 953300, memory: 5277265920 bytes (5032.79 MB)
write base data version: 953400, memory: 5277265920 bytes (5032.79 MB)
write base data version: 953500, memory: 5277609984 bytes (5033.12 MB)
write base data version: 953600, memory: 5277609984 bytes (5033.12 MB)
write base data version: 953700, memory: 5277609984 bytes (5033.12 MB)
write base data version: 953800, memory: 5277609984 bytes (5033.12 MB)
write base data version: 953900, memory: 5277609984 bytes (5033.12 MB)
write base data version: 954000, memory: 5277868032 bytes (5033.37 MB)
write base data version: 954100, memory: 5278371840 bytes (5033.85 MB)
write base data version: 954200, memory: 5278486528 bytes (5033.96 MB)
write base data version: 954300, memory: 5278486528 bytes (5033.96 MB)
write base data version: 954400, memory: 5278486528 bytes (5033.96 MB)
write base data version: 954500, memory: 5278486528 bytes (5033.96 MB)
write base data version: 954600, memory: 5278486528 bytes (5033.96 MB)
write base data version: 954700, memory: 5278486528 bytes (5033.96 MB)
write base data version: 954800, memory: 5278486528 bytes (5033.96 MB)
write base data version: 954900, memory: 5278486528 bytes (5033.96 MB)
write base data version: 955000, memory: 5278486528 bytes (5033.96 MB)
write base data version: 955100, memory: 5278486528 bytes (5033.96 MB)
write base data version: 955200, memory: 5278486528 bytes (5033.96 MB)
write base data version: 955300, memory: 5278486528 bytes (5033.96 MB)
write base data version: 955400, memory: 5278486528 bytes (5033.96 MB)
write base data version: 955500, memory: 5280280576 bytes (5035.67 MB)
write base data version: 955600, memory: 5304172544 bytes (5058.45 MB)
write base data version: 955700, memory: 5304172544 bytes (5058.45 MB)
write base data version: 955800, memory: 5304172544 bytes (5058.45 MB)
write base data version: 955900, memory: 5304172544 bytes (5058.45 MB)
write base data version: 956000, memory: 5304172544 bytes (5058.45 MB)
write base data version: 956100, memory: 5304172544 bytes (5058.45 MB)
write base data version: 956200, memory: 5304172544 bytes (5058.45 MB)
write base data version: 956300, memory: 5304172544 bytes (5058.45 MB)
write base data version: 956400, memory: 5304172544 bytes (5058.45 MB)
write base data version: 956500, memory: 5304172544 bytes (5058.45 MB)
write base data version: 956600, memory: 5304172544 bytes (5058.45 MB)
write base data version: 956700, memory: 5304172544 bytes (5058.45 MB)
write base data version: 956800, memory: 5304172544 bytes (5058.45 MB)
write base data version: 956900, memory: 5304172544 bytes (5058.45 MB)
write base data version: 957000, memory: 5304172544 bytes (5058.45 MB)
write base data version: 957100, memory: 5304172544 bytes (5058.45 MB)
write base data version: 957200, memory: 5304172544 bytes (5058.45 MB)
write base data version: 957300, memory: 5304172544 bytes (5058.45 MB)
write base data version: 957400, memory: 5304172544 bytes (5058.45 MB)
write base data version: 957500, memory: 5304172544 bytes (5058.45 MB)
write base data version: 957600, memory: 5304172544 bytes (5058.45 MB)
write base data version: 957700, memory: 5304172544 bytes (5058.45 MB)
write base data version: 957800, memory: 5304172544 bytes (5058.45 MB)
write base data version: 957900, memory: 5304172544 bytes (5058.45 MB)
write base data version: 958000, memory: 5304172544 bytes (5058.45 MB)
write base data version: 958100, memory: 5304172544 bytes (5058.45 MB)
write base data version: 958200, memory: 5304172544 bytes (5058.45 MB)
write base data version: 958300, memory: 5304172544 bytes (5058.45 MB)
write base data version: 958400, memory: 5304172544 bytes (5058.45 MB)
write base data version: 958500, memory: 5304172544 bytes (5058.45 MB)
write base data version: 958600, memory: 5304172544 bytes (5058.45 MB)
write base data version: 958700, memory: 5304172544 bytes (5058.45 MB)
write base data version: 958800, memory: 5304172544 bytes (5058.45 MB)
write base data version: 958900, memory: 5304172544 bytes (5058.45 MB)
write base data version: 959000, memory: 5304172544 bytes (5058.45 MB)
write base data version: 959100, memory: 5304172544 bytes (5058.45 MB)
write base data version: 959200, memory: 5304172544 bytes (5058.45 MB)
write base data version: 959300, memory: 5304172544 bytes (5058.45 MB)
write base data version: 959400, memory: 5304172544 bytes (5058.45 MB)
write base data version: 959500, memory: 5304172544 bytes (5058.45 MB)
write base data version: 959600, memory: 5304172544 bytes (5058.45 MB)
write base data version: 959700, memory: 5304172544 bytes (5058.45 MB)
write base data version: 959800, memory: 5304172544 bytes (5058.45 MB)
write base data version: 959900, memory: 5304172544 bytes (5058.45 MB)
write base data version: 960000, memory: 5304172544 bytes (5058.45 MB)
write base data version: 960100, memory: 5304172544 bytes (5058.45 MB)
write base data version: 960200, memory: 5304172544 bytes (5058.45 MB)
write base data version: 960300, memory: 5304172544 bytes (5058.45 MB)
write base data version: 960400, memory: 5304172544 bytes (5058.45 MB)
write base data version: 960500, memory: 5304172544 bytes (5058.45 MB)
write base data version: 960600, memory: 5304172544 bytes (5058.45 MB)
write base data version: 960700, memory: 5304172544 bytes (5058.45 MB)
write base data version: 960800, memory: 5304172544 bytes (5058.45 MB)
write base data version: 960900, memory: 5304172544 bytes (5058.45 MB)
write base data version: 961000, memory: 5304172544 bytes (5058.45 MB)
write base data version: 961100, memory: 5304172544 bytes (5058.45 MB)
write base data version: 961200, memory: 5304172544 bytes (5058.45 MB)
write base data version: 961300, memory: 5304172544 bytes (5058.45 MB)
write base data version: 961400, memory: 5304172544 bytes (5058.45 MB)
write base data version: 961500, memory: 5304172544 bytes (5058.45 MB)
write base data version: 961600, memory: 5304172544 bytes (5058.45 MB)
write base data version: 961700, memory: 5304172544 bytes (5058.45 MB)
write base data version: 961800, memory: 5304172544 bytes (5058.45 MB)
write base data version: 961900, memory: 5304172544 bytes (5058.45 MB)
write base data version: 962000, memory: 5304172544 bytes (5058.45 MB)
write base data version: 962100, memory: 5304172544 bytes (5058.45 MB)
write base data version: 962200, memory: 5304172544 bytes (5058.45 MB)
write base data version: 962300, memory: 5304172544 bytes (5058.45 MB)
write base data version: 962400, memory: 5304172544 bytes (5058.45 MB)
write base data version: 962500, memory: 5304172544 bytes (5058.45 MB)
write base data version: 962600, memory: 5304172544 bytes (5058.45 MB)
write base data version: 962700, memory: 5304172544 bytes (5058.45 MB)
write base data version: 962800, memory: 5304172544 bytes (5058.45 MB)
write base data version: 962900, memory: 5304172544 bytes (5058.45 MB)
write base data version: 963000, memory: 5304172544 bytes (5058.45 MB)
write base data version: 963100, memory: 5304172544 bytes (5058.45 MB)
write base data version: 963200, memory: 5304172544 bytes (5058.45 MB)
write base data version: 963300, memory: 5304172544 bytes (5058.45 MB)
write base data version: 963400, memory: 5304172544 bytes (5058.45 MB)
write base data version: 963500, memory: 5304172544 bytes (5058.45 MB)
write base data version: 963600, memory: 5304172544 bytes (5058.45 MB)
write base data version: 963700, memory: 5304172544 bytes (5058.45 MB)
write base data version: 963800, memory: 5304172544 bytes (5058.45 MB)
write base data version: 963900, memory: 5304172544 bytes (5058.45 MB)
write base data version: 964000, memory: 5304172544 bytes (5058.45 MB)
write base data version: 964100, memory: 5304172544 bytes (5058.45 MB)
write base data version: 964200, memory: 5304172544 bytes (5058.45 MB)
write base data version: 964300, memory: 5304172544 bytes (5058.45 MB)
write base data version: 964400, memory: 5304172544 bytes (5058.45 MB)
write base data version: 964500, memory: 5304172544 bytes (5058.45 MB)
write base data version: 964600, memory: 5304172544 bytes (5058.45 MB)
write base data version: 964700, memory: 5304172544 bytes (5058.45 MB)
write base data version: 964800, memory: 5304172544 bytes (5058.45 MB)
write base data version: 964900, memory: 5304172544 bytes (5058.45 MB)
write base data version: 965000, memory: 5304172544 bytes (5058.45 MB)
write base data version: 965100, memory: 5304172544 bytes (5058.45 MB)
write base data version: 965200, memory: 5304172544 bytes (5058.45 MB)
write base data version: 965300, memory: 5304172544 bytes (5058.45 MB)
write base data version: 965400, memory: 5304172544 bytes (5058.45 MB)
write base data version: 965500, memory: 5304172544 bytes (5058.45 MB)
write base data version: 965600, memory: 5304172544 bytes (5058.45 MB)
write base data version: 965700, memory: 5304172544 bytes (5058.45 MB)
write base data version: 965800, memory: 5304172544 bytes (5058.45 MB)
write base data version: 965900, memory: 5304172544 bytes (5058.45 MB)
write base data version: 966000, memory: 5304172544 bytes (5058.45 MB)
write base data version: 966100, memory: 5304172544 bytes (5058.45 MB)
write base data version: 966200, memory: 5304172544 bytes (5058.45 MB)
write base data version: 966300, memory: 5304172544 bytes (5058.45 MB)
write base data version: 966400, memory: 5304172544 bytes (5058.45 MB)
write base data version: 966500, memory: 5304172544 bytes (5058.45 MB)
write base data version: 966600, memory: 5304172544 bytes (5058.45 MB)
write base data version: 966700, memory: 5304172544 bytes (5058.45 MB)
write base data version: 966800, memory: 5304172544 bytes (5058.45 MB)
write base data version: 966900, memory: 5304172544 bytes (5058.45 MB)
write base data version: 967000, memory: 5304172544 bytes (5058.45 MB)
write base data version: 967100, memory: 5304172544 bytes (5058.45 MB)
write base data version: 967200, memory: 5304172544 bytes (5058.45 MB)
write base data version: 967300, memory: 5304172544 bytes (5058.45 MB)
write base data version: 967400, memory: 5304172544 bytes (5058.45 MB)
write base data version: 967500, memory: 5304172544 bytes (5058.45 MB)
write base data version: 967600, memory: 5304172544 bytes (5058.45 MB)
write base data version: 967700, memory: 5304172544 bytes (5058.45 MB)
write base data version: 967800, memory: 5304172544 bytes (5058.45 MB)
write base data version: 967900, memory: 5304172544 bytes (5058.45 MB)
write base data version: 968000, memory: 5304172544 bytes (5058.45 MB)
write base data version: 968100, memory: 5304172544 bytes (5058.45 MB)
write base data version: 968200, memory: 5304172544 bytes (5058.45 MB)
write base data version: 968300, memory: 5304172544 bytes (5058.45 MB)
write base data version: 968400, memory: 5304172544 bytes (5058.45 MB)
write base data version: 968500, memory: 5304172544 bytes (5058.45 MB)
write base data version: 968600, memory: 5304172544 bytes (5058.45 MB)
write base data version: 968700, memory: 5304172544 bytes (5058.45 MB)
write base data version: 968800, memory: 5304172544 bytes (5058.45 MB)
write base data version: 968900, memory: 5304172544 bytes (5058.45 MB)
write base data version: 969000, memory: 5304172544 bytes (5058.45 MB)
write base data version: 969100, memory: 5304172544 bytes (5058.45 MB)
write base data version: 969200, memory: 5304172544 bytes (5058.45 MB)
write base data version: 969300, memory: 5304172544 bytes (5058.45 MB)
write base data version: 969400, memory: 5304172544 bytes (5058.45 MB)
write base data version: 969500, memory: 5304172544 bytes (5058.45 MB)
write base data version: 969600, memory: 5304172544 bytes (5058.45 MB)
write base data version: 969700, memory: 5304172544 bytes (5058.45 MB)
write base data version: 969800, memory: 5304172544 bytes (5058.45 MB)
write base data version: 969900, memory: 5304172544 bytes (5058.45 MB)
write base data version: 970000, memory: 5304172544 bytes (5058.45 MB)
write base data version: 970100, memory: 5304172544 bytes (5058.45 MB)
write base data version: 970200, memory: 5304172544 bytes (5058.45 MB)
write base data version: 970300, memory: 5304172544 bytes (5058.45 MB)
write base data version: 970400, memory: 5304172544 bytes (5058.45 MB)
write base data version: 970500, memory: 5304172544 bytes (5058.45 MB)
write base data version: 970600, memory: 5304172544 bytes (5058.45 MB)
write base data version: 970700, memory: 5304172544 bytes (5058.45 MB)
write base data version: 970800, memory: 5304172544 bytes (5058.45 MB)
write base data version: 970900, memory: 5304172544 bytes (5058.45 MB)
write base data version: 971000, memory: 5304172544 bytes (5058.45 MB)
write base data version: 971100, memory: 5304172544 bytes (5058.45 MB)
write base data version: 971200, memory: 5304172544 bytes (5058.45 MB)
write base data version: 971300, memory: 5304172544 bytes (5058.45 MB)
write base data version: 971400, memory: 5304172544 bytes (5058.45 MB)
write base data version: 971500, memory: 5304172544 bytes (5058.45 MB)
write base data version: 971600, memory: 5304172544 bytes (5058.45 MB)
write base data version: 971700, memory: 5304172544 bytes (5058.45 MB)
write base data version: 971800, memory: 5304172544 bytes (5058.45 MB)
write base data version: 971900, memory: 5304172544 bytes (5058.45 MB)
write base data version: 972000, memory: 5304172544 bytes (5058.45 MB)
write base data version: 972100, memory: 5304172544 bytes (5058.45 MB)
write base data version: 972200, memory: 5304172544 bytes (5058.45 MB)
write base data version: 972300, memory: 5304172544 bytes (5058.45 MB)
write base data version: 972400, memory: 5304172544 bytes (5058.45 MB)
write base data version: 972500, memory: 5304172544 bytes (5058.45 MB)
write base data version: 972600, memory: 5304172544 bytes (5058.45 MB)
write base data version: 972700, memory: 5304172544 bytes (5058.45 MB)
write base data version: 972800, memory: 5304172544 bytes (5058.45 MB)
write base data version: 972900, memory: 5304172544 bytes (5058.45 MB)
write base data version: 973000, memory: 5304172544 bytes (5058.45 MB)
write base data version: 973100, memory: 5304172544 bytes (5058.45 MB)
write base data version: 973200, memory: 5304172544 bytes (5058.45 MB)
write base data version: 973300, memory: 5304172544 bytes (5058.45 MB)
write base data version: 973400, memory: 5304172544 bytes (5058.45 MB)
write base data version: 973500, memory: 5304172544 bytes (5058.45 MB)
write base data version: 973600, memory: 5304172544 bytes (5058.45 MB)
write base data version: 973700, memory: 5304172544 bytes (5058.45 MB)
write base data version: 973800, memory: 5304172544 bytes (5058.45 MB)
write base data version: 973900, memory: 5304172544 bytes (5058.45 MB)
write base data version: 974000, memory: 5304172544 bytes (5058.45 MB)
write base data version: 974100, memory: 5304172544 bytes (5058.45 MB)
write base data version: 974200, memory: 5304172544 bytes (5058.45 MB)
write base data version: 974300, memory: 5304172544 bytes (5058.45 MB)
write base data version: 974400, memory: 5304172544 bytes (5058.45 MB)
write base data version: 974500, memory: 5304172544 bytes (5058.45 MB)
write base data version: 974600, memory: 5304172544 bytes (5058.45 MB)
write base data version: 974700, memory: 5304172544 bytes (5058.45 MB)
write base data version: 974800, memory: 5304172544 bytes (5058.45 MB)
write base data version: 974900, memory: 5304172544 bytes (5058.45 MB)
write base data version: 975000, memory: 5304172544 bytes (5058.45 MB)
write base data version: 975100, memory: 5304172544 bytes (5058.45 MB)
write base data version: 975200, memory: 5304172544 bytes (5058.45 MB)
write base data version: 975300, memory: 5304172544 bytes (5058.45 MB)
write base data version: 975400, memory: 5304172544 bytes (5058.45 MB)
write base data version: 975500, memory: 5304172544 bytes (5058.45 MB)
write base data version: 975600, memory: 5304172544 bytes (5058.45 MB)
write base data version: 975700, memory: 5304172544 bytes (5058.45 MB)
write base data version: 975800, memory: 5304172544 bytes (5058.45 MB)
write base data version: 975900, memory: 5304172544 bytes (5058.45 MB)
write base data version: 976000, memory: 5304172544 bytes (5058.45 MB)
write base data version: 976100, memory: 5304172544 bytes (5058.45 MB)
write base data version: 976200, memory: 5304172544 bytes (5058.45 MB)
write base data version: 976300, memory: 5304172544 bytes (5058.45 MB)
write base data version: 976400, memory: 5304172544 bytes (5058.45 MB)
write base data version: 976500, memory: 5304172544 bytes (5058.45 MB)
write base data version: 976600, memory: 5304172544 bytes (5058.45 MB)
write base data version: 976700, memory: 5304172544 bytes (5058.45 MB)
write base data version: 976800, memory: 5304172544 bytes (5058.45 MB)
write base data version: 976900, memory: 5304172544 bytes (5058.45 MB)
write base data version: 977000, memory: 5304172544 bytes (5058.45 MB)
write base data version: 977100, memory: 5304172544 bytes (5058.45 MB)
write base data version: 977200, memory: 5304172544 bytes (5058.45 MB)
write base data version: 977300, memory: 5304172544 bytes (5058.45 MB)
write base data version: 977400, memory: 5304172544 bytes (5058.45 MB)
write base data version: 977500, memory: 5304172544 bytes (5058.45 MB)
write base data version: 977600, memory: 5304172544 bytes (5058.45 MB)
write base data version: 977700, memory: 5304172544 bytes (5058.45 MB)
write base data version: 977800, memory: 5304172544 bytes (5058.45 MB)
write base data version: 977900, memory: 5304172544 bytes (5058.45 MB)
write base data version: 978000, memory: 5304172544 bytes (5058.45 MB)
write base data version: 978100, memory: 5304172544 bytes (5058.45 MB)
write base data version: 978200, memory: 5304172544 bytes (5058.45 MB)
write base data version: 978300, memory: 5304172544 bytes (5058.45 MB)
write base data version: 978400, memory: 5304172544 bytes (5058.45 MB)
write base data version: 978500, memory: 5304172544 bytes (5058.45 MB)
write base data version: 978600, memory: 5304172544 bytes (5058.45 MB)
write base data version: 978700, memory: 5304172544 bytes (5058.45 MB)
write base data version: 978800, memory: 5304172544 bytes (5058.45 MB)
write base data version: 978900, memory: 5304172544 bytes (5058.45 MB)
write base data version: 979000, memory: 5304172544 bytes (5058.45 MB)
write base data version: 979100, memory: 5304172544 bytes (5058.45 MB)
write base data version: 979200, memory: 5304172544 bytes (5058.45 MB)
write base data version: 979300, memory: 5304172544 bytes (5058.45 MB)
write base data version: 979400, memory: 5304172544 bytes (5058.45 MB)
write base data version: 979500, memory: 5304172544 bytes (5058.45 MB)
write base data version: 979600, memory: 5304172544 bytes (5058.45 MB)
write base data version: 979700, memory: 5304172544 bytes (5058.45 MB)
write base data version: 979800, memory: 5304172544 bytes (5058.45 MB)
write base data version: 979900, memory: 5304172544 bytes (5058.45 MB)
write base data version: 980000, memory: 5304172544 bytes (5058.45 MB)
write base data version: 980100, memory: 5304172544 bytes (5058.45 MB)
write base data version: 980200, memory: 5304172544 bytes (5058.45 MB)
write base data version: 980300, memory: 5304172544 bytes (5058.45 MB)
write base data version: 980400, memory: 5304172544 bytes (5058.45 MB)
write base data version: 980500, memory: 5304172544 bytes (5058.45 MB)
write base data version: 980600, memory: 5304172544 bytes (5058.45 MB)
write base data version: 980700, memory: 5304172544 bytes (5058.45 MB)
write base data version: 980800, memory: 5304172544 bytes (5058.45 MB)
write base data version: 980900, memory: 5304172544 bytes (5058.45 MB)
write base data version: 981000, memory: 5304172544 bytes (5058.45 MB)
write base data version: 981100, memory: 5304172544 bytes (5058.45 MB)
write base data version: 981200, memory: 5304172544 bytes (5058.45 MB)
write base data version: 981300, memory: 5304172544 bytes (5058.45 MB)
write base data version: 981400, memory: 5304172544 bytes (5058.45 MB)
write base data version: 981500, memory: 5304172544 bytes (5058.45 MB)
write base data version: 981600, memory: 5304172544 bytes (5058.45 MB)
write base data version: 981700, memory: 5304172544 bytes (5058.45 MB)
write base data version: 981800, memory: 5304172544 bytes (5058.45 MB)
write base data version: 981900, memory: 5304172544 bytes (5058.45 MB)
write base data version: 982000, memory: 5304172544 bytes (5058.45 MB)
write base data version: 982100, memory: 5304172544 bytes (5058.45 MB)
write base data version: 982200, memory: 5304172544 bytes (5058.45 MB)
write base data version: 982300, memory: 5304172544 bytes (5058.45 MB)
write base data version: 982400, memory: 5304172544 bytes (5058.45 MB)
write base data version: 982500, memory: 5304172544 bytes (5058.45 MB)
write base data version: 982600, memory: 5304172544 bytes (5058.45 MB)
write base data version: 982700, memory: 5304172544 bytes (5058.45 MB)
write base data version: 982800, memory: 5304172544 bytes (5058.45 MB)
write base data version: 982900, memory: 5304172544 bytes (5058.45 MB)
write base data version: 983000, memory: 5304172544 bytes (5058.45 MB)
write base data version: 983100, memory: 5304172544 bytes (5058.45 MB)
write base data version: 983200, memory: 5304172544 bytes (5058.45 MB)
write base data version: 983300, memory: 5304172544 bytes (5058.45 MB)
write base data version: 983400, memory: 5304172544 bytes (5058.45 MB)
write base data version: 983500, memory: 5304172544 bytes (5058.45 MB)
write base data version: 983600, memory: 5304172544 bytes (5058.45 MB)
write base data version: 983700, memory: 5304172544 bytes (5058.45 MB)
write base data version: 983800, memory: 5304172544 bytes (5058.45 MB)
write base data version: 983900, memory: 5304172544 bytes (5058.45 MB)
write base data version: 984000, memory: 5304172544 bytes (5058.45 MB)
write base data version: 984100, memory: 5304172544 bytes (5058.45 MB)
write base data version: 984200, memory: 5304172544 bytes (5058.45 MB)
write base data version: 984300, memory: 5304172544 bytes (5058.45 MB)
write base data version: 984400, memory: 5304172544 bytes (5058.45 MB)
write base data version: 984500, memory: 5304172544 bytes (5058.45 MB)
write base data version: 984600, memory: 5304172544 bytes (5058.45 MB)
write base data version: 984700, memory: 5304172544 bytes (5058.45 MB)
write base data version: 984800, memory: 5304172544 bytes (5058.45 MB)
write base data version: 984900, memory: 5304172544 bytes (5058.45 MB)
write base data version: 985000, memory: 5304172544 bytes (5058.45 MB)
write base data version: 985100, memory: 5304172544 bytes (5058.45 MB)
write base data version: 985200, memory: 5304172544 bytes (5058.45 MB)
write base data version: 985300, memory: 5304172544 bytes (5058.45 MB)
write base data version: 985400, memory: 5304172544 bytes (5058.45 MB)
write base data version: 985500, memory: 5304172544 bytes (5058.45 MB)
write base data version: 985600, memory: 5304172544 bytes (5058.45 MB)
write base data version: 985700, memory: 5304172544 bytes (5058.45 MB)
write base data version: 985800, memory: 5304172544 bytes (5058.45 MB)
write base data version: 985900, memory: 5304172544 bytes (5058.45 MB)
write base data version: 986000, memory: 5304172544 bytes (5058.45 MB)
write base data version: 986100, memory: 5304172544 bytes (5058.45 MB)
write base data version: 986200, memory: 5304172544 bytes (5058.45 MB)
write base data version: 986300, memory: 5304172544 bytes (5058.45 MB)
write base data version: 986400, memory: 5304172544 bytes (5058.45 MB)
write base data version: 986500, memory: 5304172544 bytes (5058.45 MB)
write base data version: 986600, memory: 5304172544 bytes (5058.45 MB)
write base data version: 986700, memory: 5304172544 bytes (5058.45 MB)
write base data version: 986800, memory: 5304172544 bytes (5058.45 MB)
write base data version: 986900, memory: 5304172544 bytes (5058.45 MB)
write base data version: 987000, memory: 5304172544 bytes (5058.45 MB)
write base data version: 987100, memory: 5304172544 bytes (5058.45 MB)
write base data version: 987200, memory: 5304172544 bytes (5058.45 MB)
write base data version: 987300, memory: 5304172544 bytes (5058.45 MB)
write base data version: 987400, memory: 5304172544 bytes (5058.45 MB)
write base data version: 987500, memory: 5304172544 bytes (5058.45 MB)
write base data version: 987600, memory: 5304172544 bytes (5058.45 MB)
write base data version: 987700, memory: 5304172544 bytes (5058.45 MB)
write base data version: 987800, memory: 5304172544 bytes (5058.45 MB)
write base data version: 987900, memory: 5304172544 bytes (5058.45 MB)
write base data version: 988000, memory: 5304172544 bytes (5058.45 MB)
write base data version: 988100, memory: 5304172544 bytes (5058.45 MB)
write base data version: 988200, memory: 5304172544 bytes (5058.45 MB)
write base data version: 988300, memory: 5304172544 bytes (5058.45 MB)
write base data version: 988400, memory: 5304172544 bytes (5058.45 MB)
write base data version: 988500, memory: 5304172544 bytes (5058.45 MB)
write base data version: 988600, memory: 5304172544 bytes (5058.45 MB)
write base data version: 988700, memory: 5304172544 bytes (5058.45 MB)
write base data version: 988800, memory: 5304172544 bytes (5058.45 MB)
write base data version: 988900, memory: 5304172544 bytes (5058.45 MB)
write base data version: 989000, memory: 5304172544 bytes (5058.45 MB)
write base data version: 989100, memory: 5304172544 bytes (5058.45 MB)
write base data version: 989200, memory: 5304172544 bytes (5058.45 MB)
write base data version: 989300, memory: 5304172544 bytes (5058.45 MB)
write base data version: 989400, memory: 5304172544 bytes (5058.45 MB)
write base data version: 989500, memory: 5304172544 bytes (5058.45 MB)
write base data version: 989600, memory: 5304172544 bytes (5058.45 MB)
write base data version: 989700, memory: 5304172544 bytes (5058.45 MB)
write base data version: 989800, memory: 5304172544 bytes (5058.45 MB)
write base data version: 989900, memory: 5304172544 bytes (5058.45 MB)
write base data version: 990000, memory: 5304172544 bytes (5058.45 MB)
write base data version: 990100, memory: 5304172544 bytes (5058.45 MB)
write base data version: 990200, memory: 5304172544 bytes (5058.45 MB)
write base data version: 990300, memory: 5304172544 bytes (5058.45 MB)
write base data version: 990400, memory: 5304172544 bytes (5058.45 MB)
write base data version: 990500, memory: 5304172544 bytes (5058.45 MB)
write base data version: 990600, memory: 5304172544 bytes (5058.45 MB)
write base data version: 990700, memory: 5304172544 bytes (5058.45 MB)
write base data version: 990800, memory: 5304172544 bytes (5058.45 MB)
write base data version: 990900, memory: 5304172544 bytes (5058.45 MB)
write base data version: 991000, memory: 5304172544 bytes (5058.45 MB)
write base data version: 991100, memory: 5304172544 bytes (5058.45 MB)
write base data version: 991200, memory: 5304172544 bytes (5058.45 MB)
write base data version: 991300, memory: 5304172544 bytes (5058.45 MB)
write base data version: 991400, memory: 5304172544 bytes (5058.45 MB)
write base data version: 991500, memory: 5304172544 bytes (5058.45 MB)
write base data version: 991600, memory: 5304172544 bytes (5058.45 MB)
write base data version: 991700, memory: 5304172544 bytes (5058.45 MB)
write base data version: 991800, memory: 5304172544 bytes (5058.45 MB)
write base data version: 991900, memory: 5304172544 bytes (5058.45 MB)
write base data version: 992000, memory: 5304172544 bytes (5058.45 MB)
write base data version: 992100, memory: 5304172544 bytes (5058.45 MB)
write base data version: 992200, memory: 5304172544 bytes (5058.45 MB)
write base data version: 992300, memory: 5304172544 bytes (5058.45 MB)
write base data version: 992400, memory: 5304172544 bytes (5058.45 MB)
write base data version: 992500, memory: 5304172544 bytes (5058.45 MB)
write base data version: 992600, memory: 5304172544 bytes (5058.45 MB)
write base data version: 992700, memory: 5304172544 bytes (5058.45 MB)
write base data version: 992800, memory: 5304172544 bytes (5058.45 MB)
write base data version: 992900, memory: 5304172544 bytes (5058.45 MB)
write base data version: 993000, memory: 5304172544 bytes (5058.45 MB)
write base data version: 993100, memory: 5304172544 bytes (5058.45 MB)
write base data version: 993200, memory: 5304172544 bytes (5058.45 MB)
write base data version: 993300, memory: 5304172544 bytes (5058.45 MB)
write base data version: 993400, memory: 5304172544 bytes (5058.45 MB)
write base data version: 993500, memory: 5304172544 bytes (5058.45 MB)
write base data version: 993600, memory: 5304172544 bytes (5058.45 MB)
write base data version: 993700, memory: 5304172544 bytes (5058.45 MB)
write base data version: 993800, memory: 5304172544 bytes (5058.45 MB)
write base data version: 993900, memory: 5304172544 bytes (5058.45 MB)
write base data version: 994000, memory: 5304172544 bytes (5058.45 MB)
write base data version: 994100, memory: 5304172544 bytes (5058.45 MB)
write base data version: 994200, memory: 5304172544 bytes (5058.45 MB)
write base data version: 994300, memory: 5304172544 bytes (5058.45 MB)
write base data version: 994400, memory: 5304172544 bytes (5058.45 MB)
write base data version: 994500, memory: 5304172544 bytes (5058.45 MB)
write base data version: 994600, memory: 5304172544 bytes (5058.45 MB)
write base data version: 994700, memory: 5304172544 bytes (5058.45 MB)
write base data version: 994800, memory: 5304172544 bytes (5058.45 MB)
write base data version: 994900, memory: 5304172544 bytes (5058.45 MB)
write base data version: 995000, memory: 5304172544 bytes (5058.45 MB)
write base data version: 995100, memory: 5304172544 bytes (5058.45 MB)
write base data version: 995200, memory: 5304172544 bytes (5058.45 MB)
write base data version: 995300, memory: 5304172544 bytes (5058.45 MB)
write base data version: 995400, memory: 5304172544 bytes (5058.45 MB)
write base data version: 995500, memory: 5304172544 bytes (5058.45 MB)
write base data version: 995600, memory: 5304172544 bytes (5058.45 MB)
write base data version: 995700, memory: 5304172544 bytes (5058.45 MB)
write base data version: 995800, memory: 5304172544 bytes (5058.45 MB)
write base data version: 995900, memory: 5304172544 bytes (5058.45 MB)
write base data version: 996000, memory: 5304172544 bytes (5058.45 MB)
write base data version: 996100, memory: 5304172544 bytes (5058.45 MB)
write base data version: 996200, memory: 5304172544 bytes (5058.45 MB)
write base data version: 996300, memory: 5304172544 bytes (5058.45 MB)
write base data version: 996400, memory: 5304172544 bytes (5058.45 MB)
write base data version: 996500, memory: 5304172544 bytes (5058.45 MB)
write base data version: 996600, memory: 5304172544 bytes (5058.45 MB)
write base data version: 996700, memory: 5304172544 bytes (5058.45 MB)
write base data version: 996800, memory: 5304172544 bytes (5058.45 MB)
write base data version: 996900, memory: 5304172544 bytes (5058.45 MB)
write base data version: 997000, memory: 5304172544 bytes (5058.45 MB)
write base data version: 997100, memory: 5304172544 bytes (5058.45 MB)
write base data version: 997200, memory: 5304172544 bytes (5058.45 MB)
write base data version: 997300, memory: 5304172544 bytes (5058.45 MB)
write base data version: 997400, memory: 5304172544 bytes (5058.45 MB)
write base data version: 997500, memory: 5304172544 bytes (5058.45 MB)
write base data version: 997600, memory: 5304172544 bytes (5058.45 MB)
write base data version: 997700, memory: 5304172544 bytes (5058.45 MB)
write base data version: 997800, memory: 5304172544 bytes (5058.45 MB)
write base data version: 997900, memory: 5304172544 bytes (5058.45 MB)
write base data version: 998000, memory: 5304172544 bytes (5058.45 MB)
write base data version: 998100, memory: 5304172544 bytes (5058.45 MB)
write base data version: 998200, memory: 5304172544 bytes (5058.45 MB)
write base data version: 998300, memory: 5304172544 bytes (5058.45 MB)
write base data version: 998400, memory: 5304172544 bytes (5058.45 MB)
write base data version: 998500, memory: 5304172544 bytes (5058.45 MB)
write base data version: 998600, memory: 5304172544 bytes (5058.45 MB)
write base data version: 998700, memory: 5304172544 bytes (5058.45 MB)
write base data version: 998800, memory: 5304172544 bytes (5058.45 MB)
write base data version: 998900, memory: 5304172544 bytes (5058.45 MB)
write base data version: 999000, memory: 5304172544 bytes (5058.45 MB)
write base data version: 999100, memory: 5304172544 bytes (5058.45 MB)
write base data version: 999200, memory: 5304172544 bytes (5058.45 MB)
write base data version: 999300, memory: 5304172544 bytes (5058.45 MB)
write base data version: 999400, memory: 5304172544 bytes (5058.45 MB)
write base data version: 999500, memory: 5304172544 bytes (5058.45 MB)
write base data version: 999600, memory: 5304172544 bytes (5058.45 MB)
write base data version: 999700, memory: 5304172544 bytes (5058.45 MB)
write base data version: 999800, memory: 5304172544 bytes (5058.45 MB)
write base data version: 999900, memory: 5304172544 bytes (5058.45 MB)
write base data version: 1000000, memory: 5304172544 bytes (5058.45 MB)
tip block: 3537----3537
Test Results: 
  Total Disk Usage: 645507.76 MB
  Average Per Record: 676.86 bytes
[test batch write] generate key value
[test batch write] write data
[test batch write] flush
tip block: 3537----3537
  Write Throughput: 7303.29 records/sec
  Read Throughput:  72993.85 records/sec
  Current Memory:   5063.83 MB
  Peak Memory:      5063.83 MB
  Memory Per Record: 5.31 bytes

All scale tests completed! Results saved to: /pcissd/cxy_test/vidb_project/LedgerDatabase/exps/results_sqlledger/scaleBenchmark_20260322_094614.csv
terminate called without an active exception
=== 基准测试输出结束 ===
[2026-03-22 22:37:22] [INFO] 基准测试完成!
