=== sqlledger Scale Benchmark 运行日志 ===
开始时间: Fri Mar 20 03:49:36 PM CST 2026
脚本目录: /pcissd/cxy_test/vidb_project/LedgerDatabase/exps
========================================

[2026-03-20 15:49:36] [INFO] 运行默认测试模式...
[2026-03-20 15:49:36] [WARNING] 清理旧数据库数据...
[2026-03-20 15:49:36] [INFO] 启动基准测试...
=== 基准测试输出开始 ===
Benchmark Configuration:
  Write Batch Size: 10000 records
  Read Batch Size:  10000 records
  Key Length:       32 bytes
  Value Length:     512 bytes
  Database Directory: /pcissd/cxy_test/vidb_project/LedgerDatabase/exps/data/
  Result Directory:  /pcissd/cxy_test/vidb_project/LedgerDatabase/exps/results_sqlledger/
  Result File:       /pcissd/cxy_test/vidb_project/LedgerDatabase/exps/results_sqlledger/scaleBenchmark_20260320_154936.csv

====================== Test Configuration =====================
Write Batch Size: 10000 records
Read Batch Size:  10000 records
Key Length:       32 bytes
Value Length:     512 bytes
Test Scales:      1000 → 10000 → 100000 → 1000000 → 10000000 → 100000000 → 1000000000
===============================================================

========== Starting Scale Benchmark ==========

========== Testing at data scale: 1,000 ==========
Writing 1000 incremental records (keys: 1-1000, total: 1000)
tip block: 0----0
Test Results: 
  Total Disk Usage: 1.73 MB
  Average Per Record: 1795.68 bytes
[test batch write] generate key value
[test batch write] write data
[test batch write] flush
tip block: 0----0
  Write Throughput: 47286.12 records/sec
  Read Throughput:  144928.24 records/sec
  Current Memory:   47.96 MB
  Peak Memory:      52.81 MB
  Memory Per Record: 50294.78 bytes

========== Testing at data scale: 10,000 ==========
Writing 9000 incremental records (keys: 1001-10000, total: 10000)
tip block: 0----0
Test Results: 
  Total Disk Usage: 29.20 MB
  Average Per Record: 3060.29 bytes
[test batch write] generate key value
[test batch write] write data
[test batch write] flush
tip block: 0----0
  Write Throughput: 35921.49 records/sec
  Read Throughput:  114881.03 records/sec
  Current Memory:   95.40 MB
  Peak Memory:      95.40 MB
  Memory Per Record: 10003.25 bytes

========== Testing at data scale: 100,000 ==========
Writing 90000 incremental records (keys: 10001-100000, total: 100000)
write base data version: 100, memory: 224055296 bytes (213.68 MB)
tip block: 2----2
Test Results: 
  Total Disk Usage: 215.34 MB
  Average Per Record: 2257.83 bytes
[test batch write] generate key value
[test batch write] write data
[test batch write] flush
tip block: 2----2
  Write Throughput: 23794.86 records/sec
  Read Throughput:  86885.22 records/sec
  Current Memory:   280.65 MB
  Peak Memory:      292.20 MB
  Memory Per Record: 2942.85 bytes

========== Testing at data scale: 1,000,000 ==========
Writing 900000 incremental records (keys: 100001-1000000, total: 1000000)
write base data version: 200, memory: 432701440 bytes (412.66 MB)
write base data version: 300, memory: 570966016 bytes (544.52 MB)
write base data version: 400, memory: 204464128 bytes (194.99 MB)
write base data version: 500, memory: 347267072 bytes (331.18 MB)
write base data version: 600, memory: 486686720 bytes (464.14 MB)
write base data version: 700, memory: 627253248 bytes (598.20 MB)
write base data version: 800, memory: 266674176 bytes (254.32 MB)
write base data version: 900, memory: 401838080 bytes (383.22 MB)
write base data version: 1000, memory: 544067584 bytes (518.86 MB)
tip block: 27----27
Test Results: 
  Total Disk Usage: 1829.03 MB
  Average Per Record: 1917.85 bytes
[test batch write] generate key value
[test batch write] write data
[test batch write] flush
tip block: 27----27
  Write Throughput: 15781.82 records/sec
  Read Throughput:  55104.50 records/sec
  Current Memory:   675.87 MB
  Peak Memory:      686.86 MB
  Memory Per Record: 708.70 bytes

========== Testing at data scale: 10,000,000 ==========
Writing 9000000 incremental records (keys: 1000001-10000000, total: 10000000)
write base data version: 1100, memory: 849862656 bytes (810.49 MB)
write base data version: 1200, memory: 469946368 bytes (448.18 MB)
write base data version: 1300, memory: 611385344 bytes (583.06 MB)
write base data version: 1400, memory: 753205248 bytes (718.31 MB)
write base data version: 1500, memory: 395620352 bytes (377.29 MB)
write base data version: 1600, memory: 548057088 bytes (522.67 MB)
write base data version: 1700, memory: 681095168 bytes (649.54 MB)
write base data version: 1800, memory: 832385024 bytes (793.82 MB)
write base data version: 1900, memory: 452259840 bytes (431.31 MB)
write base data version: 2000, memory: 591863808 bytes (564.45 MB)
write base data version: 2100, memory: 733319168 bytes (699.35 MB)
write base data version: 2200, memory: 367202304 bytes (350.19 MB)
write base data version: 2300, memory: 521015296 bytes (496.88 MB)
write base data version: 2400, memory: 658219008 bytes (627.73 MB)
write base data version: 2500, memory: 808361984 bytes (770.91 MB)
write base data version: 2600, memory: 439836672 bytes (419.46 MB)
write base data version: 2700, memory: 581165056 bytes (554.24 MB)
write base data version: 2800, memory: 722632704 bytes (689.16 MB)
write base data version: 2900, memory: 868560896 bytes (828.32 MB)
write base data version: 3000, memory: 507703296 bytes (484.18 MB)
write base data version: 3100, memory: 655048704 bytes (624.70 MB)
write base data version: 3200, memory: 795205632 bytes (758.37 MB)
write base data version: 3300, memory: 443240448 bytes (422.71 MB)
write base data version: 3400, memory: 584720384 bytes (557.63 MB)
write base data version: 3500, memory: 726044672 bytes (692.41 MB)
write base data version: 3600, memory: 867733504 bytes (827.54 MB)
write base data version: 3700, memory: 503762944 bytes (480.43 MB)
write base data version: 3800, memory: 657063936 bytes (626.62 MB)
write base data version: 3900, memory: 809996288 bytes (772.47 MB)
write base data version: 4000, memory: 963497984 bytes (918.86 MB)
write base data version: 4100, memory: 586706944 bytes (559.53 MB)
write base data version: 4200, memory: 730628096 bytes (696.78 MB)
write base data version: 4300, memory: 872304640 bytes (831.89 MB)
write base data version: 4400, memory: 499249152 bytes (476.12 MB)
write base data version: 4500, memory: 652955648 bytes (622.71 MB)
write base data version: 4600, memory: 810610688 bytes (773.06 MB)
write base data version: 4700, memory: 960135168 bytes (915.66 MB)
write base data version: 4800, memory: 592162816 bytes (564.73 MB)
write base data version: 4900, memory: 735178752 bytes (701.12 MB)
write base data version: 5000, memory: 876441600 bytes (835.84 MB)
write base data version: 5100, memory: 1019887616 bytes (972.64 MB)
write base data version: 5200, memory: 652476416 bytes (622.25 MB)
write base data version: 5300, memory: 805326848 bytes (768.02 MB)
write base data version: 5400, memory: 966352896 bytes (921.59 MB)
write base data version: 5500, memory: 593801216 bytes (566.29 MB)
write base data version: 5600, memory: 746078208 bytes (711.52 MB)
write base data version: 5700, memory: 887484416 bytes (846.37 MB)
write base data version: 5800, memory: 1028591616 bytes (980.94 MB)
write base data version: 5900, memory: 661540864 bytes (630.89 MB)
write base data version: 6000, memory: 811524096 bytes (773.93 MB)
write base data version: 6100, memory: 966230016 bytes (921.47 MB)
write base data version: 6200, memory: 1122336768 bytes (1070.34 MB)
write base data version: 6300, memory: 752443392 bytes (717.59 MB)
write base data version: 6400, memory: 896225280 bytes (854.71 MB)
write base data version: 6500, memory: 1037451264 bytes (989.39 MB)
write base data version: 6600, memory: 662929408 bytes (632.22 MB)
write base data version: 6700, memory: 816975872 bytes (779.13 MB)
write base data version: 6800, memory: 968192000 bytes (923.34 MB)
write base data version: 6900, memory: 1129164800 bytes (1076.86 MB)
write base data version: 7000, memory: 756502528 bytes (721.46 MB)
write base data version: 7100, memory: 903991296 bytes (862.11 MB)
write base data version: 7200, memory: 1047564288 bytes (999.04 MB)
write base data version: 7300, memory: 1192226816 bytes (1137.00 MB)
write base data version: 7400, memory: 824049664 bytes (785.88 MB)
write base data version: 7500, memory: 977952768 bytes (932.65 MB)
write base data version: 7600, memory: 1139314688 bytes (1086.54 MB)
write base data version: 7700, memory: 766631936 bytes (731.12 MB)
write base data version: 7800, memory: 924516352 bytes (881.69 MB)
write base data version: 7900, memory: 1065402368 bytes (1016.05 MB)
write base data version: 8000, memory: 1207226368 bytes (1151.30 MB)
write base data version: 8100, memory: 845156352 bytes (806.00 MB)
write base data version: 8200, memory: 995667968 bytes (949.54 MB)
write base data version: 8300, memory: 1138900992 bytes (1086.14 MB)
write base data version: 8400, memory: 1284222976 bytes (1224.73 MB)
write base data version: 8500, memory: 916353024 bytes (873.90 MB)
write base data version: 8600, memory: 1059037184 bytes (1009.98 MB)
write base data version: 8700, memory: 1201733632 bytes (1146.06 MB)
write base data version: 8800, memory: 830083072 bytes (791.63 MB)
write base data version: 8900, memory: 983011328 bytes (937.47 MB)
write base data version: 9000, memory: 1135857664 bytes (1083.24 MB)
write base data version: 9100, memory: 1286942720 bytes (1227.32 MB)
write base data version: 9200, memory: 922456064 bytes (879.72 MB)
write base data version: 9300, memory: 1074515968 bytes (1024.74 MB)
write base data version: 9400, memory: 1224040448 bytes (1167.34 MB)
write base data version: 9500, memory: 1365692416 bytes (1302.43 MB)
write base data version: 9600, memory: 999874560 bytes (953.55 MB)
write base data version: 9700, memory: 1158107136 bytes (1104.46 MB)
write base data version: 9800, memory: 1308987392 bytes (1248.35 MB)
write base data version: 9900, memory: 941469696 bytes (897.86 MB)
write base data version: 10000, memory: 1087434752 bytes (1037.06 MB)
tip block: 297----297
Test Results: 
  Total Disk Usage: 17910.52 MB
  Average Per Record: 1878.05 bytes
[test batch write] generate key value
[test batch write] write data
[test batch write] flush
tip block: 298----298
  Write Throughput: 14346.74 records/sec
  Read Throughput:  30577.76 records/sec
  Current Memory:   1211.83 MB
  Peak Memory:      1370.79 MB
  Memory Per Record: 127.07 bytes

========== Testing at data scale: 100,000,000 ==========
Writing 90000000 incremental records (keys: 10000001-100000000, total: 100000000)
write base data version: 10100, memory: 1424474112 bytes (1358.48 MB)
write base data version: 10200, memory: 1043505152 bytes (995.16 MB)
write base data version: 10300, memory: 1198837760 bytes (1143.30 MB)
write base data version: 10400, memory: 1344368640 bytes (1282.09 MB)
write base data version: 10500, memory: 1498222592 bytes (1428.82 MB)
write base data version: 10600, memory: 1141284864 bytes (1088.41 MB)
write base data version: 10700, memory: 1263280128 bytes (1204.76 MB)
write base data version: 10800, memory: 1409634304 bytes (1344.33 MB)
write base data version: 10900, memory: 1551671296 bytes (1479.79 MB)
write base data version: 11000, memory: 1188446208 bytes (1133.39 MB)
write base data version: 11100, memory: 1340481536 bytes (1278.38 MB)
write base data version: 11200, memory: 1494278144 bytes (1425.05 MB)
write base data version: 11300, memory: 1128841216 bytes (1076.55 MB)
write base data version: 11400, memory: 1269686272 bytes (1210.87 MB)
write base data version: 11500, memory: 1418149888 bytes (1352.45 MB)
write base data version: 11600, memory: 1564876800 bytes (1492.38 MB)
write base data version: 11700, memory: 1197240320 bytes (1141.78 MB)
write base data version: 11800, memory: 1356201984 bytes (1293.38 MB)
write base data version: 11900, memory: 1508814848 bytes (1438.92 MB)
write base data version: 12000, memory: 1665822720 bytes (1588.65 MB)
write base data version: 12100, memory: 1276133376 bytes (1217.02 MB)
write base data version: 12200, memory: 1429143552 bytes (1362.94 MB)
write base data version: 12300, memory: 1575075840 bytes (1502.11 MB)
write base data version: 12400, memory: 1197797376 bytes (1142.31 MB)
write base data version: 12500, memory: 1352560640 bytes (1289.90 MB)
write base data version: 12600, memory: 1493311488 bytes (1424.13 MB)
write base data version: 12700, memory: 1633906688 bytes (1558.21 MB)
write base data version: 12800, memory: 1250717696 bytes (1192.78 MB)
write base data version: 12900, memory: 1391964160 bytes (1327.48 MB)
write base data version: 13000, memory: 1533026304 bytes (1462.01 MB)
write base data version: 13100, memory: 1676898304 bytes (1599.21 MB)
write base data version: 13200, memory: 1304907776 bytes (1244.46 MB)
write base data version: 13300, memory: 1446014976 bytes (1379.03 MB)
write base data version: 13400, memory: 1570656256 bytes (1497.89 MB)
write base data version: 13500, memory: 1726066688 bytes (1646.11 MB)
write base data version: 13600, memory: 1346670592 bytes (1284.29 MB)
write base data version: 13700, memory: 1489887232 bytes (1420.87 MB)
write base data version: 13800, memory: 1644433408 bytes (1568.25 MB)
write base data version: 13900, memory: 1290076160 bytes (1230.31 MB)
write base data version: 14000, memory: 1442316288 bytes (1375.50 MB)
write base data version: 14100, memory: 1583013888 bytes (1509.68 MB)
write base data version: 14200, memory: 1730912256 bytes (1650.73 MB)
write base data version: 14300, memory: 1356124160 bytes (1293.30 MB)
write base data version: 14400, memory: 1497026560 bytes (1427.68 MB)
write base data version: 14500, memory: 1641250816 bytes (1565.22 MB)
write base data version: 14600, memory: 1277616128 bytes (1218.43 MB)
write base data version: 14700, memory: 1430302720 bytes (1364.04 MB)
write base data version: 14800, memory: 1575636992 bytes (1502.64 MB)
write base data version: 14900, memory: 1725612032 bytes (1645.67 MB)
write base data version: 15000, memory: 1356320768 bytes (1293.49 MB)
write base data version: 15100, memory: 1508753408 bytes (1438.86 MB)
write base data version: 15200, memory: 1655357440 bytes (1578.67 MB)
write base data version: 15300, memory: 1792524288 bytes (1709.48 MB)
write base data version: 15400, memory: 1419620352 bytes (1353.86 MB)
write base data version: 15500, memory: 1545424896 bytes (1473.83 MB)
write base data version: 15600, memory: 1686249472 bytes (1608.13 MB)
write base data version: 15700, memory: 1319010304 bytes (1257.91 MB)
write base data version: 15800, memory: 1459609600 bytes (1391.99 MB)
write base data version: 15900, memory: 1600008192 bytes (1525.89 MB)
write base data version: 16000, memory: 1744330752 bytes (1663.52 MB)
write base data version: 16100, memory: 1387659264 bytes (1323.38 MB)
write base data version: 16200, memory: 1540255744 bytes (1468.90 MB)
write base data version: 16300, memory: 1676451840 bytes (1598.79 MB)
write base data version: 16400, memory: 1835630592 bytes (1750.59 MB)
write base data version: 16500, memory: 1462718464 bytes (1394.96 MB)
write base data version: 16600, memory: 1619972096 bytes (1544.93 MB)
write base data version: 16700, memory: 1765076992 bytes (1683.31 MB)
write base data version: 16800, memory: 1401307136 bytes (1336.39 MB)
write base data version: 16900, memory: 1555709952 bytes (1483.64 MB)
write base data version: 17000, memory: 1694691328 bytes (1616.18 MB)
write base data version: 17100, memory: 1846919168 bytes (1761.36 MB)
write base data version: 17200, memory: 1475731456 bytes (1407.37 MB)
write base data version: 17300, memory: 1617403904 bytes (1542.48 MB)
write base data version: 17400, memory: 1760440320 bytes (1678.89 MB)
write base data version: 17500, memory: 1904844800 bytes (1816.60 MB)
write base data version: 17600, memory: 1547333632 bytes (1475.65 MB)
write base data version: 17700, memory: 1703780352 bytes (1624.85 MB)
write base data version: 17800, memory: 1841909760 bytes (1756.58 MB)
write base data version: 17900, memory: 1477664768 bytes (1409.21 MB)
write base data version: 18000, memory: 1623703552 bytes (1548.48 MB)
write base data version: 18100, memory: 1774649344 bytes (1692.44 MB)
write base data version: 18200, memory: 1919012864 bytes (1830.11 MB)
write base data version: 18300, memory: 1559339008 bytes (1487.10 MB)
write base data version: 18400, memory: 1713078272 bytes (1633.72 MB)
write base data version: 18500, memory: 1849094144 bytes (1763.43 MB)
write base data version: 18600, memory: 2002223104 bytes (1909.47 MB)
write base data version: 18700, memory: 1625505792 bytes (1550.20 MB)
write base data version: 18800, memory: 1765928960 bytes (1684.12 MB)
write base data version: 18900, memory: 1910534144 bytes (1822.03 MB)
write base data version: 19000, memory: 1539817472 bytes (1468.48 MB)
write base data version: 19100, memory: 1682251776 bytes (1604.32 MB)
write base data version: 19200, memory: 1809920000 bytes (1726.07 MB)
write base data version: 19300, memory: 1950269440 bytes (1859.92 MB)
write base data version: 19400, memory: 1581785088 bytes (1508.51 MB)
write base data version: 19500, memory: 1722380288 bytes (1642.59 MB)
write base data version: 19600, memory: 1866588160 bytes (1780.12 MB)
write base data version: 19700, memory: 2015002624 bytes (1921.66 MB)
write base data version: 19800, memory: 1643479040 bytes (1567.34 MB)
write base data version: 19900, memory: 1765728256 bytes (1683.93 MB)
write base data version: 20000, memory: 1915146240 bytes (1826.43 MB)
write base data version: 20100, memory: 1544015872 bytes (1472.49 MB)
write base data version: 20200, memory: 1686593536 bytes (1608.46 MB)
write base data version: 20300, memory: 1828028416 bytes (1743.34 MB)
write base data version: 20400, memory: 1968971776 bytes (1877.76 MB)
write base data version: 20500, memory: 1610522624 bytes (1535.91 MB)
write base data version: 20600, memory: 1763012608 bytes (1681.34 MB)
write base data version: 20700, memory: 1906388992 bytes (1818.07 MB)
write base data version: 20800, memory: 2052128768 bytes (1957.06 MB)
write base data version: 20900, memory: 1678684160 bytes (1600.92 MB)
write base data version: 21000, memory: 1821339648 bytes (1736.96 MB)
write base data version: 21100, memory: 1961684992 bytes (1870.81 MB)
write base data version: 21200, memory: 1591422976 bytes (1517.70 MB)
write base data version: 21300, memory: 1735839744 bytes (1655.43 MB)
write base data version: 21400, memory: 1862221824 bytes (1775.95 MB)
write base data version: 21500, memory: 2004230144 bytes (1911.38 MB)
write base data version: 21600, memory: 1637183488 bytes (1561.34 MB)
write base data version: 21700, memory: 1781870592 bytes (1699.32 MB)
write base data version: 21800, memory: 1937879040 bytes (1848.11 MB)
write base data version: 21900, memory: 2103386112 bytes (2005.95 MB)
write base data version: 22000, memory: 1735659520 bytes (1655.25 MB)
write base data version: 22100, memory: 1887633408 bytes (1800.19 MB)
write base data version: 22200, memory: 2017415168 bytes (1923.96 MB)
write base data version: 22300, memory: 1644871680 bytes (1568.67 MB)
write base data version: 22400, memory: 1799180288 bytes (1715.83 MB)
write base data version: 22500, memory: 1940025344 bytes (1850.15 MB)
write base data version: 22600, memory: 2081734656 bytes (1985.30 MB)
write base data version: 22700, memory: 1718063104 bytes (1638.47 MB)
write base data version: 22800, memory: 1868120064 bytes (1781.58 MB)
write base data version: 22900, memory: 1985384448 bytes (1893.41 MB)
write base data version: 23000, memory: 2150625280 bytes (2051.00 MB)
write base data version: 23100, memory: 1780240384 bytes (1697.77 MB)
write base data version: 23200, memory: 1934786560 bytes (1845.16 MB)
write base data version: 23300, memory: 2079178752 bytes (1982.86 MB)
write base data version: 23400, memory: 1708650496 bytes (1629.50 MB)
write base data version: 23500, memory: 1851002880 bytes (1765.25 MB)
write base data version: 23600, memory: 1981276160 bytes (1889.49 MB)
write base data version: 23700, memory: 2129932288 bytes (2031.26 MB)
write base data version: 23800, memory: 1772859392 bytes (1690.73 MB)
write base data version: 23900, memory: 1919676416 bytes (1830.75 MB)
write base data version: 24000, memory: 2046386176 bytes (1951.59 MB)
write base data version: 24100, memory: 2193117184 bytes (2091.52 MB)
write base data version: 24200, memory: 1832681472 bytes (1747.78 MB)
write base data version: 24300, memory: 1973727232 bytes (1882.29 MB)
write base data version: 24400, memory: 2124996608 bytes (2026.55 MB)
write base data version: 24500, memory: 1757802496 bytes (1676.37 MB)
write base data version: 24600, memory: 1899896832 bytes (1811.88 MB)
write base data version: 24700, memory: 2041696256 bytes (1947.11 MB)
write base data version: 24800, memory: 2183532544 bytes (2082.38 MB)
write base data version: 24900, memory: 1826381824 bytes (1741.77 MB)
write base data version: 25000, memory: 1977610240 bytes (1886.00 MB)
write base data version: 25100, memory: 2118332416 bytes (2020.20 MB)
write base data version: 25200, memory: 2269761536 bytes (2164.61 MB)
write base data version: 25300, memory: 1890217984 bytes (1802.65 MB)
write base data version: 25400, memory: 2033946624 bytes (1939.72 MB)
write base data version: 25500, memory: 2174693376 bytes (2073.95 MB)
write base data version: 25600, memory: 1812045824 bytes (1728.10 MB)
write base data version: 25700, memory: 1965547520 bytes (1874.49 MB)
write base data version: 25800, memory: 2110160896 bytes (2012.41 MB)
write base data version: 25900, memory: 2258952192 bytes (2154.30 MB)
write base data version: 26000, memory: 1897123840 bytes (1809.24 MB)
write base data version: 26100, memory: 2049171456 bytes (1954.24 MB)
write base data version: 26200, memory: 2198736896 bytes (2096.88 MB)
write base data version: 26300, memory: 2355761152 bytes (2246.63 MB)
write base data version: 26400, memory: 1983172608 bytes (1891.30 MB)
write base data version: 26500, memory: 2132627456 bytes (2033.83 MB)
write base data version: 26600, memory: 2279718912 bytes (2174.11 MB)
write base data version: 26700, memory: 1907068928 bytes (1818.72 MB)
write base data version: 26800, memory: 2057986048 bytes (1962.65 MB)
write base data version: 26900, memory: 2204688384 bytes (2102.55 MB)
write base data version: 27000, memory: 2345762816 bytes (2237.09 MB)
write base data version: 27100, memory: 1972088832 bytes (1880.73 MB)
write base data version: 27200, memory: 2125660160 bytes (2027.19 MB)
write base data version: 27300, memory: 2278105088 bytes (2172.57 MB)
write base data version: 27400, memory: 2435424256 bytes (2322.60 MB)
write base data version: 27500, memory: 2062004224 bytes (1966.48 MB)
write base data version: 27600, memory: 2211192832 bytes (2108.76 MB)
write base data version: 27700, memory: 2367143936 bytes (2257.48 MB)
write base data version: 27800, memory: 2008494080 bytes (1915.45 MB)
write base data version: 27900, memory: 2171637760 bytes (2071.04 MB)
write base data version: 28000, memory: 2323927040 bytes (2216.27 MB)
write base data version: 28100, memory: 2460389376 bytes (2346.41 MB)
write base data version: 28200, memory: 2097512448 bytes (2000.34 MB)
write base data version: 28300, memory: 2244259840 bytes (2140.29 MB)
write base data version: 28400, memory: 2385174528 bytes (2274.68 MB)
write base data version: 28500, memory: 2533498880 bytes (2416.13 MB)
write base data version: 28600, memory: 2156077056 bytes (2056.20 MB)
write base data version: 28700, memory: 2297917440 bytes (2191.46 MB)
write base data version: 28800, memory: 2439913472 bytes (2326.88 MB)
write base data version: 28900, memory: 2065285120 bytes (1969.61 MB)
write base data version: 29000, memory: 2207940608 bytes (2105.66 MB)
write base data version: 29100, memory: 2353434624 bytes (2244.41 MB)
write base data version: 29200, memory: 2496520192 bytes (2380.87 MB)
write base data version: 29300, memory: 2116476928 bytes (2018.43 MB)
write base data version: 29400, memory: 2260189184 bytes (2155.48 MB)
write base data version: 29500, memory: 2403090432 bytes (2291.77 MB)
write base data version: 29600, memory: 2548559872 bytes (2430.50 MB)
write base data version: 29700, memory: 2183118848 bytes (2081.98 MB)
write base data version: 29800, memory: 2336149504 bytes (2227.93 MB)
write base data version: 29900, memory: 2479693824 bytes (2364.82 MB)
write base data version: 30000, memory: 2111418368 bytes (2013.61 MB)
write base data version: 30100, memory: 2264817664 bytes (2159.90 MB)
write base data version: 30200, memory: 2422030336 bytes (2309.83 MB)
write base data version: 30300, memory: 2561318912 bytes (2442.66 MB)
write base data version: 30400, memory: 2183024640 bytes (2081.89 MB)
write base data version: 30500, memory: 2324688896 bytes (2217.00 MB)
write base data version: 30600, memory: 2465787904 bytes (2351.56 MB)
write base data version: 30700, memory: 2095853568 bytes (1998.76 MB)
write base data version: 30800, memory: 2250907648 bytes (2146.63 MB)
write base data version: 30900, memory: 2405982208 bytes (2294.52 MB)
write base data version: 31000, memory: 2558976000 bytes (2440.43 MB)
write base data version: 31100, memory: 2185981952 bytes (2084.71 MB)
write base data version: 31200, memory: 2337312768 bytes (2229.04 MB)
write base data version: 31300, memory: 2490572800 bytes (2375.20 MB)
write base data version: 31400, memory: 2640211968 bytes (2517.90 MB)
write base data version: 31500, memory: 2276044800 bytes (2170.61 MB)
write base data version: 31600, memory: 2423816192 bytes (2311.53 MB)
write base data version: 31700, memory: 2576011264 bytes (2456.68 MB)
write base data version: 31800, memory: 2212519936 bytes (2110.02 MB)
write base data version: 31900, memory: 2366480384 bytes (2256.85 MB)
write base data version: 32000, memory: 2455539712 bytes (2341.79 MB)
write base data version: 32100, memory: 2602893312 bytes (2482.31 MB)
write base data version: 32200, memory: 2252660736 bytes (2148.30 MB)
write base data version: 32300, memory: 2404503552 bytes (2293.11 MB)
write base data version: 32400, memory: 2563039232 bytes (2444.30 MB)
write base data version: 32500, memory: 2716135424 bytes (2590.31 MB)
write base data version: 32600, memory: 2343190528 bytes (2234.64 MB)
write base data version: 32700, memory: 2496094208 bytes (2380.46 MB)
write base data version: 32800, memory: 2647752704 bytes (2525.09 MB)
write base data version: 32900, memory: 2284924928 bytes (2179.07 MB)
write base data version: 33000, memory: 2440040448 bytes (2327.00 MB)
write base data version: 33100, memory: 2594263040 bytes (2474.08 MB)
write base data version: 33200, memory: 2741833728 bytes (2614.82 MB)
write base data version: 33300, memory: 2371465216 bytes (2261.61 MB)
write base data version: 33400, memory: 2517676032 bytes (2401.04 MB)
write base data version: 33500, memory: 2649309184 bytes (2526.58 MB)
write base data version: 33600, memory: 2797072384 bytes (2667.50 MB)
write base data version: 33700, memory: 2424442880 bytes (2312.13 MB)
write base data version: 33800, memory: 2566209536 bytes (2447.33 MB)
write base data version: 33900, memory: 2722209792 bytes (2596.10 MB)
write base data version: 34000, memory: 2348396544 bytes (2239.61 MB)
write base data version: 34100, memory: 2500419584 bytes (2384.59 MB)
write base data version: 34200, memory: 2653630464 bytes (2530.70 MB)
write base data version: 34300, memory: 2800992256 bytes (2671.23 MB)
write base data version: 34400, memory: 2437857280 bytes (2324.92 MB)
write base data version: 34500, memory: 2583986176 bytes (2464.28 MB)
write base data version: 34600, memory: 2733297664 bytes (2606.68 MB)
write base data version: 34700, memory: 2883776512 bytes (2750.18 MB)
write base data version: 34800, memory: 2518765568 bytes (2402.08 MB)
write base data version: 34900, memory: 2666373120 bytes (2542.85 MB)
write base data version: 35000, memory: 2808320000 bytes (2678.22 MB)
write base data version: 35100, memory: 2445459456 bytes (2332.17 MB)
write base data version: 35200, memory: 2595704832 bytes (2475.46 MB)
write base data version: 35300, memory: 2753040384 bytes (2625.50 MB)
write base data version: 35400, memory: 2905927680 bytes (2771.31 MB)
write base data version: 35500, memory: 2540081152 bytes (2422.41 MB)
write base data version: 35600, memory: 2687156224 bytes (2562.67 MB)
write base data version: 35700, memory: 2838474752 bytes (2706.98 MB)
write base data version: 35800, memory: 2474868736 bytes (2360.22 MB)
write base data version: 35900, memory: 2620788736 bytes (2499.38 MB)
write base data version: 36000, memory: 2774609920 bytes (2646.07 MB)
write base data version: 36100, memory: 2921422848 bytes (2786.09 MB)
write base data version: 36200, memory: 2566578176 bytes (2447.68 MB)
write base data version: 36300, memory: 2729955328 bytes (2603.49 MB)
write base data version: 36400, memory: 2893520896 bytes (2759.48 MB)
write base data version: 36500, memory: 3053486080 bytes (2912.03 MB)
write base data version: 36600, memory: 2678620160 bytes (2554.53 MB)
write base data version: 36700, memory: 2819973120 bytes (2689.34 MB)
write base data version: 36800, memory: 2969354240 bytes (2831.80 MB)
write base data version: 36900, memory: 2600480768 bytes (2480.01 MB)
write base data version: 37000, memory: 2754347008 bytes (2626.75 MB)
write base data version: 37100, memory: 2909851648 bytes (2775.05 MB)
write base data version: 37200, memory: 3062206464 bytes (2920.35 MB)
write base data version: 37300, memory: 2705891328 bytes (2580.54 MB)
write base data version: 37400, memory: 2868404224 bytes (2735.52 MB)
write base data version: 37500, memory: 3034288128 bytes (2893.72 MB)
write base data version: 37600, memory: 3182469120 bytes (3035.04 MB)
write base data version: 37700, memory: 2815889408 bytes (2685.44 MB)
write base data version: 37800, memory: 2967490560 bytes (2830.02 MB)
write base data version: 37900, memory: 3115966464 bytes (2971.62 MB)
write base data version: 38000, memory: 2745974784 bytes (2618.77 MB)
write base data version: 38100, memory: 2935533568 bytes (2799.54 MB)
write base data version: 38200, memory: 3099881472 bytes (2956.28 MB)
write base data version: 38300, memory: 3253166080 bytes (3102.46 MB)
write base data version: 38400, memory: 2886266880 bytes (2752.56 MB)
write base data version: 38500, memory: 3033849856 bytes (2893.30 MB)
write base data version: 38600, memory: 3183063040 bytes (3035.61 MB)
write base data version: 38700, memory: 3340324864 bytes (3185.58 MB)
write base data version: 38800, memory: 3011923968 bytes (2872.39 MB)
write base data version: 38900, memory: 3176800256 bytes (3029.63 MB)
write base data version: 39000, memory: 3332468736 bytes (3178.09 MB)
write base data version: 39100, memory: 2985402368 bytes (2847.10 MB)
write base data version: 39200, memory: 3135983616 bytes (2990.71 MB)
write base data version: 39300, memory: 3130568704 bytes (2985.54 MB)
write base data version: 39400, memory: 3283763200 bytes (3131.64 MB)
write base data version: 39500, memory: 2919489536 bytes (2784.24 MB)
write base data version: 39600, memory: 3076079616 bytes (2933.58 MB)
write base data version: 39700, memory: 3195604992 bytes (3047.57 MB)
write base data version: 39800, memory: 3349327872 bytes (3194.17 MB)
write base data version: 39900, memory: 2974044160 bytes (2836.27 MB)
write base data version: 40000, memory: 3119460352 bytes (2974.95 MB)
write base data version: 40100, memory: 3260805120 bytes (3109.75 MB)
write base data version: 40200, memory: 2884857856 bytes (2751.21 MB)
write base data version: 40300, memory: 3029393408 bytes (2889.05 MB)
write base data version: 40400, memory: 3170578432 bytes (3023.70 MB)
write base data version: 40500, memory: 3315027968 bytes (3161.46 MB)
write base data version: 40600, memory: 2935468032 bytes (2799.48 MB)
write base data version: 40700, memory: 3080228864 bytes (2937.54 MB)
write base data version: 40800, memory: 3222487040 bytes (3073.20 MB)
write base data version: 40900, memory: 2849406976 bytes (2717.41 MB)
write base data version: 41000, memory: 3008212992 bytes (2868.86 MB)
write base data version: 41100, memory: 3165671424 bytes (3019.02 MB)
write base data version: 41200, memory: 3315146752 bytes (3161.57 MB)
write base data version: 41300, memory: 2947321856 bytes (2810.79 MB)
write base data version: 41400, memory: 3095711744 bytes (2952.30 MB)
write base data version: 41500, memory: 3249016832 bytes (3098.50 MB)
write base data version: 41600, memory: 3400015872 bytes (3242.51 MB)
write base data version: 41700, memory: 3033985024 bytes (2893.43 MB)
write base data version: 41800, memory: 3187027968 bytes (3039.39 MB)
write base data version: 41900, memory: 3334766592 bytes (3180.28 MB)
write base data version: 42000, memory: 2969329664 bytes (2831.77 MB)
write base data version: 42100, memory: 3123953664 bytes (2979.23 MB)
write base data version: 42200, memory: 3277099008 bytes (3125.29 MB)
write base data version: 42300, memory: 3433742336 bytes (3274.67 MB)
write base data version: 42400, memory: 3067994112 bytes (2925.87 MB)
write base data version: 42500, memory: 3216670720 bytes (3067.66 MB)
write base data version: 42600, memory: 3371368448 bytes (3215.19 MB)
write base data version: 42700, memory: 3515490304 bytes (3352.63 MB)
write base data version: 42800, memory: 3159580672 bytes (3013.21 MB)
write base data version: 42900, memory: 3323420672 bytes (3169.46 MB)
write base data version: 43000, memory: 3474530304 bytes (3313.57 MB)
write base data version: 43100, memory: 3110150144 bytes (2966.07 MB)
write base data version: 43200, memory: 3258429440 bytes (3107.48 MB)
write base data version: 43300, memory: 3412586496 bytes (3254.50 MB)
write base data version: 43400, memory: 3565068288 bytes (3399.91 MB)
write base data version: 43500, memory: 3220586496 bytes (3071.39 MB)
write base data version: 43600, memory: 3383431168 bytes (3226.69 MB)
write base data version: 43700, memory: 3529555968 bytes (3366.05 MB)
write base data version: 43800, memory: 3693641728 bytes (3522.53 MB)
write base data version: 43900, memory: 3338739712 bytes (3184.07 MB)
write base data version: 44000, memory: 3507412992 bytes (3344.93 MB)
write base data version: 44100, memory: 3665739776 bytes (3495.92 MB)
write base data version: 44200, memory: 3248689152 bytes (3098.19 MB)
write base data version: 44300, memory: 3394539520 bytes (3237.29 MB)
write base data version: 44400, memory: 3545808896 bytes (3381.55 MB)
write base data version: 44500, memory: 3691229184 bytes (3520.23 MB)
write base data version: 44600, memory: 3319128064 bytes (3165.37 MB)
write base data version: 44700, memory: 3468201984 bytes (3307.54 MB)
write base data version: 44800, memory: 3607990272 bytes (3440.85 MB)
write base data version: 44900, memory: 3244875776 bytes (3094.55 MB)
write base data version: 45000, memory: 3391234048 bytes (3234.13 MB)
write base data version: 45100, memory: 3536736256 bytes (3372.89 MB)
write base data version: 45200, memory: 3688361984 bytes (3517.50 MB)
write base data version: 45300, memory: 3321241600 bytes (3167.38 MB)
write base data version: 45400, memory: 3475812352 bytes (3314.79 MB)
write base data version: 45500, memory: 3623485440 bytes (3455.62 MB)
write base data version: 45600, memory: 3772375040 bytes (3597.62 MB)
write base data version: 45700, memory: 3409846272 bytes (3251.88 MB)
write base data version: 45800, memory: 3558420480 bytes (3393.57 MB)
write base data version: 45900, memory: 3712233472 bytes (3540.26 MB)
write base data version: 46000, memory: 3350757376 bytes (3195.53 MB)
write base data version: 46100, memory: 3501674496 bytes (3339.46 MB)
write base data version: 46200, memory: 3650793472 bytes (3481.67 MB)
write base data version: 46300, memory: 3804061696 bytes (3627.84 MB)
write base data version: 46400, memory: 3433680896 bytes (3274.61 MB)
write base data version: 46500, memory: 3580792832 bytes (3414.91 MB)
write base data version: 46600, memory: 3728924672 bytes (3556.18 MB)
write base data version: 46700, memory: 3870203904 bytes (3690.91 MB)
write base data version: 46800, memory: 3506950144 bytes (3344.49 MB)
write base data version: 46900, memory: 3657728000 bytes (3488.28 MB)
write base data version: 47000, memory: 3803160576 bytes (3626.98 MB)
write base data version: 47100, memory: 3949826048 bytes (3766.85 MB)
write base data version: 47200, memory: 3588169728 bytes (3421.95 MB)
write base data version: 47300, memory: 3738685440 bytes (3565.49 MB)
write base data version: 47400, memory: 3889889280 bytes (3709.69 MB)
write base data version: 47500, memory: 3529633792 bytes (3366.12 MB)
write base data version: 47600, memory: 3676610560 bytes (3506.29 MB)
write base data version: 47700, memory: 3823587328 bytes (3646.46 MB)
write base data version: 47800, memory: 3988148224 bytes (3803.39 MB)
write base data version: 47900, memory: 3629903872 bytes (3461.75 MB)
write base data version: 48000, memory: 3821809664 bytes (3644.76 MB)
write base data version: 48100, memory: 4006137856 bytes (3820.55 MB)
write base data version: 48200, memory: 4150247424 bytes (3957.98 MB)
write base data version: 48300, memory: 3780190208 bytes (3605.07 MB)
write base data version: 48400, memory: 3940147200 bytes (3757.62 MB)
write base data version: 48500, memory: 4087431168 bytes (3898.08 MB)
write base data version: 48600, memory: 3717812224 bytes (3545.58 MB)
write base data version: 48700, memory: 3864506368 bytes (3685.48 MB)
write base data version: 48800, memory: 4020318208 bytes (3834.07 MB)
write base data version: 48900, memory: 4173529088 bytes (3980.19 MB)
write base data version: 49000, memory: 3781144576 bytes (3605.98 MB)
write base data version: 49100, memory: 3922001920 bytes (3740.31 MB)
write base data version: 49200, memory: 4073230336 bytes (3884.54 MB)
write base data version: 49300, memory: 3700244480 bytes (3528.83 MB)
write base data version: 49400, memory: 3848286208 bytes (3670.01 MB)
write base data version: 49500, memory: 4005625856 bytes (3820.06 MB)
write base data version: 49600, memory: 4149702656 bytes (3957.46 MB)
write base data version: 49700, memory: 3789398016 bytes (3613.85 MB)
write base data version: 49800, memory: 3935563776 bytes (3753.25 MB)
write base data version: 49900, memory: 4084678656 bytes (3895.45 MB)
write base data version: 50000, memory: 3728080896 bytes (3555.38 MB)
write base data version: 50100, memory: 3893714944 bytes (3713.34 MB)
write base data version: 50200, memory: 4053590016 bytes (3865.80 MB)
write base data version: 50300, memory: 4224589824 bytes (4028.88 MB)
write base data version: 50400, memory: 3858292736 bytes (3679.55 MB)
write base data version: 50500, memory: 4011892736 bytes (3826.04 MB)
write base data version: 50600, memory: 4163993600 bytes (3971.09 MB)
write base data version: 50700, memory: 4325273600 bytes (4124.90 MB)
write base data version: 50800, memory: 3985874944 bytes (3801.23 MB)
write base data version: 50900, memory: 4117143552 bytes (3926.41 MB)
write base data version: 51000, memory: 4264214528 bytes (4066.67 MB)
write base data version: 51100, memory: 3851763712 bytes (3673.33 MB)
write base data version: 51200, memory: 4002803712 bytes (3817.37 MB)
write base data version: 51300, memory: 4155445248 bytes (3962.94 MB)
write base data version: 51400, memory: 4305813504 bytes (4106.34 MB)
write base data version: 51500, memory: 3932839936 bytes (3750.65 MB)
write base data version: 51600, memory: 4074971136 bytes (3886.20 MB)
write base data version: 51700, memory: 4224286720 bytes (4028.59 MB)
write base data version: 51800, memory: 4373090304 bytes (4170.50 MB)
write base data version: 51900, memory: 4012904448 bytes (3827.00 MB)
write base data version: 52000, memory: 4160606208 bytes (3967.86 MB)
write base data version: 52100, memory: 4301774848 bytes (4102.49 MB)
write base data version: 52200, memory: 3927064576 bytes (3745.14 MB)
write base data version: 52300, memory: 4069433344 bytes (3880.91 MB)
write base data version: 52400, memory: 4211032064 bytes (4015.95 MB)
write base data version: 52500, memory: 4355862528 bytes (4154.07 MB)
write base data version: 52600, memory: 3976617984 bytes (3792.40 MB)
write base data version: 52700, memory: 4121350144 bytes (3930.43 MB)
write base data version: 52800, memory: 4262776832 bytes (4065.30 MB)
write base data version: 52900, memory: 4406194176 bytes (4202.07 MB)
write base data version: 53000, memory: 4036100096 bytes (3849.12 MB)
write base data version: 53100, memory: 4192030720 bytes (3997.83 MB)
write base data version: 53200, memory: 4343840768 bytes (4142.61 MB)
write base data version: 53300, memory: 3974238208 bytes (3790.13 MB)
write base data version: 53400, memory: 4118962176 bytes (3928.15 MB)
write base data version: 53500, memory: 4259618816 bytes (4062.29 MB)
write base data version: 53600, memory: 4402196480 bytes (4198.26 MB)
write base data version: 53700, memory: 4038475776 bytes (3851.39 MB)
write base data version: 53800, memory: 4193239040 bytes (3998.98 MB)
write base data version: 53900, memory: 4345798656 bytes (4144.48 MB)
write base data version: 54000, memory: 3974541312 bytes (3790.42 MB)
write base data version: 54100, memory: 4127145984 bytes (3935.95 MB)
write base data version: 54200, memory: 4283285504 bytes (4084.86 MB)
write base data version: 54300, memory: 4429766656 bytes (4224.55 MB)
write base data version: 54400, memory: 4059467776 bytes (3871.41 MB)
write base data version: 54500, memory: 4209192960 bytes (4014.20 MB)
write base data version: 54600, memory: 4358193152 bytes (4156.30 MB)
write base data version: 54700, memory: 4512890880 bytes (4303.83 MB)
write base data version: 54800, memory: 4145102848 bytes (3953.08 MB)
write base data version: 54900, memory: 4294508544 bytes (4095.56 MB)
write base data version: 55000, memory: 4455788544 bytes (4249.37 MB)
write base data version: 55100, memory: 4089188352 bytes (3899.75 MB)
write base data version: 55200, memory: 4242935808 bytes (4046.38 MB)
write base data version: 55300, memory: 4399616000 bytes (4195.80 MB)
write base data version: 55400, memory: 4545789952 bytes (4335.20 MB)
write base data version: 55500, memory: 4201230336 bytes (4006.61 MB)
write base data version: 55600, memory: 4355186688 bytes (4153.43 MB)
write base data version: 55700, memory: 4511338496 bytes (4302.35 MB)
write base data version: 55800, memory: 4669071360 bytes (4452.77 MB)
write base data version: 55900, memory: 4270153728 bytes (4072.34 MB)
write base data version: 56000, memory: 4415070208 bytes (4210.54 MB)
write base data version: 56100, memory: 4559921152 bytes (4348.68 MB)
write base data version: 56200, memory: 4190089216 bytes (3995.98 MB)
write base data version: 56300, memory: 4345024512 bytes (4143.74 MB)
write base data version: 56400, memory: 4493492224 bytes (4285.33 MB)
write base data version: 56500, memory: 4642668544 bytes (4427.59 MB)
write base data version: 56600, memory: 4266102784 bytes (4068.47 MB)
write base data version: 56700, memory: 4393041920 bytes (4189.53 MB)
write base data version: 56800, memory: 4539539456 bytes (4329.24 MB)
write base data version: 56900, memory: 4682579968 bytes (4465.66 MB)
write base data version: 57000, memory: 4316684288 bytes (4116.71 MB)
write base data version: 57100, memory: 4457324544 bytes (4250.84 MB)
write base data version: 57200, memory: 4600225792 bytes (4387.12 MB)
write base data version: 57300, memory: 4239261696 bytes (4042.88 MB)
write base data version: 57400, memory: 4388483072 bytes (4185.18 MB)
write base data version: 57500, memory: 4537757696 bytes (4327.54 MB)
write base data version: 57600, memory: 4691525632 bytes (4474.19 MB)
write base data version: 57700, memory: 4319191040 bytes (4119.10 MB)
write base data version: 57800, memory: 4466229248 bytes (4259.33 MB)
write base data version: 57900, memory: 4610285568 bytes (4396.71 MB)
write base data version: 58000, memory: 4751745024 bytes (4531.62 MB)
write base data version: 58100, memory: 4377063424 bytes (4174.29 MB)
write base data version: 58200, memory: 4520976384 bytes (4311.54 MB)
write base data version: 58300, memory: 4662374400 bytes (4446.39 MB)
write base data version: 58400, memory: 4284715008 bytes (4086.22 MB)
write base data version: 58500, memory: 4428132352 bytes (4223.00 MB)
write base data version: 58600, memory: 4568920064 bytes (4357.26 MB)
write base data version: 58700, memory: 4714012672 bytes (4495.63 MB)
write base data version: 58800, memory: 4336500736 bytes (4135.61 MB)
write base data version: 58900, memory: 4477939712 bytes (4270.50 MB)
write base data version: 59000, memory: 4621725696 bytes (4407.62 MB)
write base data version: 59100, memory: 4247904256 bytes (4051.12 MB)
write base data version: 59200, memory: 4400582656 bytes (4196.72 MB)
write base data version: 59300, memory: 4553355264 bytes (4342.42 MB)
write base data version: 59400, memory: 4705312768 bytes (4487.34 MB)
write base data version: 59500, memory: 4329013248 bytes (4128.47 MB)
write base data version: 59600, memory: 4470337536 bytes (4263.25 MB)
write base data version: 59700, memory: 4615614464 bytes (4401.79 MB)
write base data version: 59800, memory: 4756873216 bytes (4536.51 MB)
write base data version: 59900, memory: 4382322688 bytes (4179.31 MB)
write base data version: 60000, memory: 4524339200 bytes (4314.75 MB)
write base data version: 60100, memory: 4678070272 bytes (4461.36 MB)
write base data version: 60200, memory: 4306677760 bytes (4107.17 MB)
write base data version: 60300, memory: 4464955392 bytes (4258.11 MB)
write base data version: 60400, memory: 4610936832 bytes (4397.33 MB)
write base data version: 60500, memory: 4764930048 bytes (4544.19 MB)
write base data version: 60600, memory: 4390785024 bytes (4187.38 MB)
write base data version: 60700, memory: 4544790528 bytes (4334.25 MB)
write base data version: 60800, memory: 4685328384 bytes (4468.28 MB)
write base data version: 60900, memory: 4817219584 bytes (4594.06 MB)
write base data version: 61000, memory: 4447981568 bytes (4241.93 MB)
write base data version: 61100, memory: 4594683904 bytes (4381.83 MB)
write base data version: 61200, memory: 4736090112 bytes (4516.69 MB)
write base data version: 61300, memory: 4363710464 bytes (4161.56 MB)
write base data version: 61400, memory: 4504621056 bytes (4295.94 MB)
write base data version: 61500, memory: 4654419968 bytes (4438.80 MB)
write base data version: 61600, memory: 4805341184 bytes (4582.73 MB)
write base data version: 61700, memory: 4439293952 bytes (4233.64 MB)
write base data version: 61800, memory: 4569706496 bytes (4358.01 MB)
write base data version: 61900, memory: 4716584960 bytes (4498.09 MB)
write base data version: 62000, memory: 4845498368 bytes (4621.03 MB)
write base data version: 62100, memory: 4468301824 bytes (4261.30 MB)
write base data version: 62200, memory: 4612018176 bytes (4398.36 MB)
write base data version: 62300, memory: 4753580032 bytes (4533.37 MB)
write base data version: 62400, memory: 4380884992 bytes (4177.94 MB)
write base data version: 62500, memory: 4521902080 bytes (4312.42 MB)
write base data version: 62600, memory: 4666507264 bytes (4450.33 MB)
write base data version: 62700, memory: 4807041024 bytes (4584.35 MB)
write base data version: 62800, memory: 4433051648 bytes (4227.69 MB)
write base data version: 62900, memory: 4584214528 bytes (4371.85 MB)
write base data version: 63000, memory: 4741619712 bytes (4521.96 MB)
write base data version: 63100, memory: 4372295680 bytes (4169.75 MB)
write base data version: 63200, memory: 4515405824 bytes (4306.23 MB)
write base data version: 63300, memory: 4659077120 bytes (4443.24 MB)
write base data version: 63400, memory: 4800847872 bytes (4578.45 MB)
write base data version: 63500, memory: 4434640896 bytes (4229.20 MB)
write base data version: 63600, memory: 4590231552 bytes (4377.59 MB)
write base data version: 63700, memory: 4740956160 bytes (4521.33 MB)
write base data version: 63800, memory: 4884525056 bytes (4658.25 MB)
write base data version: 63900, memory: 4506046464 bytes (4297.30 MB)
write base data version: 64000, memory: 4650397696 bytes (4434.96 MB)
write base data version: 64100, memory: 4792238080 bytes (4570.23 MB)
write base data version: 64200, memory: 4415160320 bytes (4210.62 MB)
write base data version: 64300, memory: 4558802944 bytes (4347.61 MB)
write base data version: 64400, memory: 4700573696 bytes (4482.82 MB)
write base data version: 64500, memory: 4845322240 bytes (4620.86 MB)
write base data version: 64600, memory: 4468064256 bytes (4261.08 MB)
write base data version: 64700, memory: 4616933376 bytes (4403.05 MB)
write base data version: 64800, memory: 4762857472 bytes (4542.21 MB)
write base data version: 64900, memory: 4907610112 bytes (4680.26 MB)
write base data version: 65000, memory: 4528611328 bytes (4318.82 MB)
write base data version: 65100, memory: 4672442368 bytes (4455.99 MB)
write base data version: 65200, memory: 4814979072 bytes (4591.92 MB)
write base data version: 65300, memory: 4437471232 bytes (4231.90 MB)
write base data version: 65400, memory: 4581289984 bytes (4369.06 MB)
write base data version: 65500, memory: 4722864128 bytes (4504.07 MB)
write base data version: 65600, memory: 4864565248 bytes (4639.21 MB)
write base data version: 65700, memory: 4499206144 bytes (4290.78 MB)
write base data version: 65800, memory: 4657254400 bytes (4441.50 MB)
write base data version: 65900, memory: 4804759552 bytes (4582.18 MB)
write base data version: 66000, memory: 4438953984 bytes (4233.32 MB)
write base data version: 66100, memory: 4594651136 bytes (4381.80 MB)
write base data version: 66200, memory: 4745940992 bytes (4526.08 MB)
write base data version: 66300, memory: 4891508736 bytes (4664.91 MB)
write base data version: 66400, memory: 4514086912 bytes (4304.97 MB)
write base data version: 66500, memory: 4657750016 bytes (4441.98 MB)
write base data version: 66600, memory: 4799905792 bytes (4577.55 MB)
write base data version: 66700, memory: 4943175680 bytes (4714.18 MB)
write base data version: 66800, memory: 4565565440 bytes (4354.06 MB)
write base data version: 66900, memory: 4709076992 bytes (4490.93 MB)
write base data version: 67000, memory: 4850855936 bytes (4626.14 MB)
write base data version: 67100, memory: 4476776448 bytes (4269.39 MB)
write base data version: 67200, memory: 4631977984 bytes (4417.40 MB)
write base data version: 67300, memory: 4786307072 bytes (4564.58 MB)
write base data version: 67400, memory: 4938444800 bytes (4709.67 MB)
write base data version: 67500, memory: 4571619328 bytes (4359.84 MB)
write base data version: 67600, memory: 4714815488 bytes (4496.40 MB)
write base data version: 67700, memory: 4855992320 bytes (4631.04 MB)
write base data version: 67800, memory: 5000744960 bytes (4769.08 MB)
write base data version: 67900, memory: 4636762112 bytes (4421.96 MB)
write base data version: 68000, memory: 4794216448 bytes (4572.12 MB)
write base data version: 68100, memory: 4948811776 bytes (4719.55 MB)
write base data version: 68200, memory: 4574957568 bytes (4363.02 MB)
write base data version: 68300, memory: 4716572672 bytes (4498.07 MB)
write base data version: 68400, memory: 4858212352 bytes (4633.15 MB)
write base data version: 68500, memory: 5003317248 bytes (4771.54 MB)
write base data version: 68600, memory: 4623962112 bytes (4409.75 MB)
write base data version: 68700, memory: 4782092288 bytes (4560.56 MB)
write base data version: 68800, memory: 4935733248 bytes (4707.08 MB)
write base data version: 68900, memory: 5070778368 bytes (4835.87 MB)
write base data version: 69000, memory: 4705095680 bytes (4487.13 MB)
write base data version: 69100, memory: 4856176640 bytes (4631.21 MB)
write base data version: 69200, memory: 5006594048 bytes (4774.66 MB)
write base data version: 69300, memory: 4638908416 bytes (4424.01 MB)
write base data version: 69400, memory: 4797034496 bytes (4574.81 MB)
write base data version: 69500, memory: 4949086208 bytes (4719.82 MB)
write base data version: 69600, memory: 5093240832 bytes (4857.29 MB)
write base data version: 69700, memory: 4713771008 bytes (4495.40 MB)
write base data version: 69800, memory: 4858261504 bytes (4633.20 MB)
write base data version: 69900, memory: 4999487488 bytes (4767.88 MB)
write base data version: 70000, memory: 5143425024 bytes (4905.15 MB)
write base data version: 70100, memory: 4773076992 bytes (4551.96 MB)
write base data version: 70200, memory: 4929286144 bytes (4700.93 MB)
write base data version: 70300, memory: 5089759232 bytes (4853.97 MB)
write base data version: 70400, memory: 4714258432 bytes (4495.87 MB)
write base data version: 70500, memory: 4854943744 bytes (4630.04 MB)
write base data version: 70600, memory: 4999282688 bytes (4767.69 MB)
write base data version: 70700, memory: 5141663744 bytes (4903.47 MB)
write base data version: 70800, memory: 4765286400 bytes (4544.53 MB)
write base data version: 70900, memory: 4919250944 bytes (4691.36 MB)
write base data version: 71000, memory: 5068161024 bytes (4833.38 MB)
write base data version: 71100, memory: 4691906560 bytes (4474.55 MB)
write base data version: 71200, memory: 4835860480 bytes (4611.84 MB)
write base data version: 71300, memory: 4976353280 bytes (4745.82 MB)
write base data version: 71400, memory: 5121409024 bytes (4884.16 MB)
write base data version: 71500, memory: 4743479296 bytes (4523.73 MB)
write base data version: 71600, memory: 4888068096 bytes (4661.62 MB)
write base data version: 71700, memory: 5028597760 bytes (4795.64 MB)
write base data version: 71800, memory: 5170675712 bytes (4931.14 MB)
write base data version: 71900, memory: 4794445824 bytes (4572.34 MB)
write base data version: 72000, memory: 4953600000 bytes (4724.12 MB)
write base data version: 72100, memory: 5094780928 bytes (4858.76 MB)
write base data version: 72200, memory: 4721512448 bytes (4502.79 MB)
write base data version: 72300, memory: 4869275648 bytes (4643.70 MB)
write base data version: 72400, memory: 5010882560 bytes (4778.75 MB)
write base data version: 72500, memory: 5164916736 bytes (4925.65 MB)
write base data version: 72600, memory: 4795424768 bytes (4573.27 MB)
write base data version: 72700, memory: 4936495104 bytes (4707.81 MB)
write base data version: 72800, memory: 5081075712 bytes (4845.69 MB)
write base data version: 72900, memory: 5221994496 bytes (4980.08 MB)
write base data version: 73000, memory: 4845424640 bytes (4620.96 MB)
write base data version: 73100, memory: 4989009920 bytes (4757.89 MB)
write base data version: 73200, memory: 5130682368 bytes (4893.00 MB)
write base data version: 73300, memory: 4756381696 bytes (4536.04 MB)
write base data version: 73400, memory: 4880871424 bytes (4654.76 MB)
write base data version: 73500, memory: 5024137216 bytes (4791.39 MB)
write base data version: 73600, memory: 5165154304 bytes (4925.88 MB)
write base data version: 73700, memory: 4790583296 bytes (4568.66 MB)
write base data version: 73800, memory: 4932923392 bytes (4704.40 MB)
write base data version: 73900, memory: 5076463616 bytes (4841.29 MB)
write base data version: 74000, memory: 5220913152 bytes (4979.05 MB)
write base data version: 74100, memory: 4842000384 bytes (4617.69 MB)
write base data version: 74200, memory: 4986114048 bytes (4755.13 MB)
write base data version: 74300, memory: 5126967296 bytes (4889.46 MB)
write base data version: 74400, memory: 4756840448 bytes (4536.48 MB)
write base data version: 74500, memory: 4912738304 bytes (4685.15 MB)
write base data version: 74600, memory: 5066280960 bytes (4831.58 MB)
write base data version: 74700, memory: 5220880384 bytes (4979.02 MB)
write base data version: 74800, memory: 4851281920 bytes (4626.54 MB)
write base data version: 74900, memory: 5008457728 bytes (4776.44 MB)
write base data version: 75000, memory: 5149134848 bytes (4910.60 MB)
write base data version: 75100, memory: 4774866944 bytes (4553.67 MB)
write base data version: 75200, memory: 4917977088 bytes (4690.15 MB)
write base data version: 75300, memory: 5078073344 bytes (4842.83 MB)
write base data version: 75400, memory: 5219422208 bytes (4977.63 MB)
write base data version: 75500, memory: 4844462080 bytes (4620.04 MB)
write base data version: 75600, memory: 4985298944 bytes (4754.35 MB)
write base data version: 75700, memory: 5127979008 bytes (4890.42 MB)
write base data version: 75800, memory: 5271605248 bytes (5027.39 MB)
write base data version: 75900, memory: 4896104448 bytes (4669.29 MB)
write base data version: 76000, memory: 5037232128 bytes (4803.88 MB)
write base data version: 76100, memory: 5181161472 bytes (4941.14 MB)
write base data version: 76200, memory: 4803018752 bytes (4580.52 MB)
write base data version: 76300, memory: 4947320832 bytes (4718.13 MB)
write base data version: 76400, memory: 5089243136 bytes (4853.48 MB)
write base data version: 76500, memory: 5232939008 bytes (4990.52 MB)
write base data version: 76600, memory: 4858060800 bytes (4633.01 MB)
write base data version: 76700, memory: 4999241728 bytes (4767.65 MB)
write base data version: 76800, memory: 5143502848 bytes (4905.23 MB)
write base data version: 76900, memory: 5289168896 bytes (5044.14 MB)
write base data version: 77000, memory: 4910030848 bytes (4682.57 MB)
write base data version: 77100, memory: 5054263296 bytes (4820.12 MB)
write base data version: 77200, memory: 5199884288 bytes (4959.00 MB)
write base data version: 77300, memory: 4828569600 bytes (4604.88 MB)
write base data version: 77400, memory: 4973056000 bytes (4742.68 MB)
write base data version: 77500, memory: 5113573376 bytes (4876.68 MB)
write base data version: 77600, memory: 5261107200 bytes (5017.38 MB)
write base data version: 77700, memory: 4885954560 bytes (4659.61 MB)
write base data version: 77800, memory: 5030817792 bytes (4797.76 MB)
write base data version: 77900, memory: 5172346880 bytes (4932.73 MB)
write base data version: 78000, memory: 5313667072 bytes (5067.51 MB)
write base data version: 78100, memory: 4938076160 bytes (4709.32 MB)
write base data version: 78200, memory: 5079085056 bytes (4843.79 MB)
write base data version: 78300, memory: 5234495488 bytes (4992.00 MB)
write base data version: 78400, memory: 4855304192 bytes (4630.38 MB)
write base data version: 78500, memory: 4999032832 bytes (4767.45 MB)
write base data version: 78600, memory: 5141934080 bytes (4903.73 MB)
write base data version: 78700, memory: 5282988032 bytes (5038.25 MB)
write base data version: 78800, memory: 4917211136 bytes (4689.42 MB)
write base data version: 78900, memory: 5071065088 bytes (4836.14 MB)
write base data version: 79000, memory: 5232390144 bytes (4990.00 MB)
write base data version: 79100, memory: 4858359808 bytes (4633.29 MB)
write base data version: 79200, memory: 5012746240 bytes (4780.53 MB)
write base data version: 79300, memory: 5168287744 bytes (4928.86 MB)
write base data version: 79400, memory: 5312991232 bytes (5066.86 MB)
write base data version: 79500, memory: 4935204864 bytes (4706.58 MB)
write base data version: 79600, memory: 5078323200 bytes (4843.07 MB)
write base data version: 79700, memory: 5220790272 bytes (4978.93 MB)
write base data version: 79800, memory: 5362503680 bytes (5114.08 MB)
write base data version: 79900, memory: 4987043840 bytes (4756.02 MB)
write base data version: 80000, memory: 5128540160 bytes (4890.96 MB)
write base data version: 80100, memory: 5270892544 bytes (5026.71 MB)
write base data version: 80200, memory: 4895031296 bytes (4668.27 MB)
write base data version: 80300, memory: 5036105728 bytes (4802.80 MB)
write base data version: 80400, memory: 5180665856 bytes (4940.67 MB)
write base data version: 80500, memory: 5321650176 bytes (5075.12 MB)
write base data version: 80600, memory: 4945645568 bytes (4716.54 MB)
write base data version: 80700, memory: 5086482432 bytes (4850.85 MB)
write base data version: 80800, memory: 5230743552 bytes (4988.43 MB)
write base data version: 80900, memory: 5373554688 bytes (5124.62 MB)
write base data version: 81000, memory: 4995497984 bytes (4764.08 MB)
write base data version: 81100, memory: 5139746816 bytes (4901.64 MB)
write base data version: 81200, memory: 5280129024 bytes (5035.52 MB)
write base data version: 81300, memory: 4905644032 bytes (4678.39 MB)
write base data version: 81400, memory: 5047496704 bytes (4813.67 MB)
write base data version: 81500, memory: 5190434816 bytes (4949.98 MB)
write base data version: 81600, memory: 5333426176 bytes (5086.35 MB)
write base data version: 81700, memory: 4955717632 bytes (4726.14 MB)
write base data version: 81800, memory: 5099790336 bytes (4863.54 MB)
write base data version: 81900, memory: 5244755968 bytes (5001.79 MB)
write base data version: 82000, memory: 5387763712 bytes (5138.17 MB)
write base data version: 82100, memory: 5014347776 bytes (4782.05 MB)
write base data version: 82200, memory: 5170573312 bytes (4931.04 MB)
write base data version: 82300, memory: 5311438848 bytes (5065.38 MB)
write base data version: 82400, memory: 4936933376 bytes (4708.23 MB)
write base data version: 82500, memory: 5074526208 bytes (4839.45 MB)
write base data version: 82600, memory: 5224173568 bytes (4982.16 MB)
write base data version: 82700, memory: 5376024576 bytes (5126.98 MB)
write base data version: 82800, memory: 5003984896 bytes (4772.17 MB)
write base data version: 82900, memory: 5155119104 bytes (4916.30 MB)
write base data version: 83000, memory: 5299408896 bytes (5053.91 MB)
write base data version: 83100, memory: 5441105920 bytes (5189.04 MB)
write base data version: 83200, memory: 5064339456 bytes (4829.73 MB)
write base data version: 83300, memory: 5208694784 bytes (4967.40 MB)
write base data version: 83400, memory: 5336879104 bytes (5089.64 MB)
write base data version: 83500, memory: 4968976384 bytes (4738.79 MB)
write base data version: 83600, memory: 5112893440 bytes (4876.04 MB)
write base data version: 83700, memory: 5254135808 bytes (5010.73 MB)
write base data version: 83800, memory: 5398241280 bytes (5148.16 MB)
write base data version: 83900, memory: 5021646848 bytes (4789.02 MB)
write base data version: 84000, memory: 5162123264 bytes (4922.98 MB)
write base data version: 84100, memory: 5306867712 bytes (5061.02 MB)
write base data version: 84200, memory: 4929216512 bytes (4700.87 MB)
write base data version: 84300, memory: 5073567744 bytes (4838.53 MB)
write base data version: 84400, memory: 5214674944 bytes (4973.10 MB)
write base data version: 84500, memory: 5359800320 bytes (5111.50 MB)
write base data version: 84600, memory: 4980588544 bytes (4749.86 MB)
write base data version: 84700, memory: 5125996544 bytes (4888.53 MB)
write base data version: 84800, memory: 5277687808 bytes (5033.20 MB)
write base data version: 84900, memory: 5430284288 bytes (5178.72 MB)
write base data version: 85000, memory: 5063204864 bytes (4828.65 MB)
write base data version: 85100, memory: 5221367808 bytes (4979.48 MB)
write base data version: 85200, memory: 5366665216 bytes (5118.05 MB)
write base data version: 85300, memory: 4996857856 bytes (4765.38 MB)
write base data version: 85400, memory: 5142233088 bytes (4904.02 MB)
write base data version: 85500, memory: 5287731200 bytes (5042.77 MB)
write base data version: 85600, memory: 5430304768 bytes (5178.74 MB)
write base data version: 85700, memory: 5053804544 bytes (4819.68 MB)
write base data version: 85800, memory: 5196255232 bytes (4955.54 MB)
write base data version: 85900, memory: 5338705920 bytes (5091.39 MB)
write base data version: 86000, memory: 5482217472 bytes (5228.25 MB)
write base data version: 86100, memory: 5103968256 bytes (4867.52 MB)
write base data version: 86200, memory: 5249253376 bytes (5006.08 MB)
write base data version: 86300, memory: 5404016640 bytes (5153.67 MB)
write base data version: 86400, memory: 5041131520 bytes (4807.60 MB)
write base data version: 86500, memory: 5195616256 bytes (4954.93 MB)
write base data version: 86600, memory: 5336317952 bytes (5089.11 MB)
write base data version: 86700, memory: 5481107456 bytes (5227.19 MB)
write base data version: 86800, memory: 5101731840 bytes (4865.39 MB)
write base data version: 86900, memory: 5246259200 bytes (5003.22 MB)
write base data version: 87000, memory: 5387034624 bytes (5137.48 MB)
write base data version: 87100, memory: 5013958656 bytes (4781.68 MB)
write base data version: 87200, memory: 5154803712 bytes (4916.00 MB)
write base data version: 87300, memory: 5298900992 bytes (5053.43 MB)
write base data version: 87400, memory: 5440339968 bytes (5188.31 MB)
write base data version: 87500, memory: 5065523200 bytes (4830.86 MB)
write base data version: 87600, memory: 5207355392 bytes (4966.12 MB)
write base data version: 87700, memory: 5350318080 bytes (5102.46 MB)
write base data version: 87800, memory: 5494575104 bytes (5240.04 MB)
write base data version: 87900, memory: 5114982400 bytes (4878.03 MB)
write base data version: 88000, memory: 5259431936 bytes (5015.79 MB)
write base data version: 88100, memory: 5400518656 bytes (5150.34 MB)
write base data version: 88200, memory: 5027909632 bytes (4794.99 MB)
write base data version: 88300, memory: 5182783488 bytes (4942.69 MB)
write base data version: 88400, memory: 5339418624 bytes (5092.07 MB)
write base data version: 88500, memory: 5492457472 bytes (5238.02 MB)
write base data version: 88600, memory: 5114417152 bytes (4877.49 MB)
write base data version: 88700, memory: 5259030528 bytes (5015.40 MB)
write base data version: 88800, memory: 5400010752 bytes (5149.85 MB)
write base data version: 88900, memory: 5544386560 bytes (5287.54 MB)
write base data version: 89000, memory: 5168619520 bytes (4929.18 MB)
write base data version: 89100, memory: 5310423040 bytes (5064.41 MB)
write base data version: 89200, memory: 5454655488 bytes (5201.96 MB)
write base data version: 89300, memory: 5075288064 bytes (4840.17 MB)
write base data version: 89400, memory: 5219426304 bytes (4977.63 MB)
write base data version: 89500, memory: 5360521216 bytes (5112.19 MB)
write base data version: 89600, memory: 5505110016 bytes (5250.08 MB)
write base data version: 89700, memory: 5127233536 bytes (4889.71 MB)
write base data version: 89800, memory: 5271855104 bytes (5027.63 MB)
write base data version: 89900, memory: 5427511296 bytes (5176.08 MB)
write base data version: 90000, memory: 5569282048 bytes (5311.28 MB)
write base data version: 90100, memory: 5192736768 bytes (4952.18 MB)
write base data version: 90200, memory: 5335146496 bytes (5087.99 MB)
write base data version: 90300, memory: 5478748160 bytes (5224.94 MB)
write base data version: 90400, memory: 5100486656 bytes (4864.20 MB)
write base data version: 90500, memory: 5242826752 bytes (4999.95 MB)
write base data version: 90600, memory: 5386530816 bytes (5137.00 MB)
write base data version: 90700, memory: 5528121344 bytes (5272.03 MB)
write base data version: 90800, memory: 5136183296 bytes (4898.25 MB)
write base data version: 90900, memory: 5277569024 bytes (5033.08 MB)
write base data version: 91000, memory: 5422112768 bytes (5170.93 MB)
write base data version: 91100, memory: 5563179008 bytes (5305.46 MB)
write base data version: 91200, memory: 5187407872 bytes (4947.10 MB)
write base data version: 91300, memory: 5324087296 bytes (5077.45 MB)
write base data version: 91400, memory: 5467701248 bytes (5214.41 MB)
write base data version: 91500, memory: 5092077568 bytes (4856.18 MB)
write base data version: 91600, memory: 5234204672 bytes (4991.73 MB)
write base data version: 91700, memory: 5378375680 bytes (5129.22 MB)
write base data version: 91800, memory: 5519208448 bytes (5263.53 MB)
write base data version: 91900, memory: 5141581824 bytes (4903.39 MB)
write base data version: 92000, memory: 5281243136 bytes (5036.59 MB)
write base data version: 92100, memory: 5427953664 bytes (5176.50 MB)
write base data version: 92200, memory: 5572288512 bytes (5314.15 MB)
write base data version: 92300, memory: 5203087360 bytes (4962.05 MB)
write base data version: 92400, memory: 5347291136 bytes (5099.57 MB)
write base data version: 92500, memory: 5488119808 bytes (5233.88 MB)
write base data version: 92600, memory: 5129551872 bytes (4891.92 MB)
write base data version: 92700, memory: 5283995648 bytes (5039.21 MB)
write base data version: 92800, memory: 5437849600 bytes (5185.94 MB)
write base data version: 92900, memory: 5581651968 bytes (5323.08 MB)
write base data version: 93000, memory: 5204430848 bytes (4963.33 MB)
write base data version: 93100, memory: 5348679680 bytes (5100.90 MB)
write base data version: 93200, memory: 5490393088 bytes (5236.05 MB)
write base data version: 93300, memory: 5113962496 bytes (4877.05 MB)
write base data version: 93400, memory: 5255888896 bytes (5012.41 MB)
write base data version: 93500, memory: 5399240704 bytes (5149.12 MB)
write base data version: 93600, memory: 5541425152 bytes (5284.71 MB)
write base data version: 93700, memory: 5167263744 bytes (4927.89 MB)
write base data version: 93800, memory: 5311385600 bytes (5065.33 MB)
write base data version: 93900, memory: 5453639680 bytes (5201.00 MB)
write base data version: 94000, memory: 5597364224 bytes (5338.06 MB)
write base data version: 94100, memory: 5221150720 bytes (4979.28 MB)
write base data version: 94200, memory: 5368680448 bytes (5119.97 MB)
write base data version: 94300, memory: 5513080832 bytes (5257.68 MB)
write base data version: 94400, memory: 5137801216 bytes (4899.79 MB)
write base data version: 94500, memory: 5282050048 bytes (5037.36 MB)
write base data version: 94600, memory: 5423038464 bytes (5171.81 MB)
write base data version: 94700, memory: 5567766528 bytes (5309.84 MB)
write base data version: 94800, memory: 5189836800 bytes (4949.41 MB)
write base data version: 94900, memory: 5333721088 bytes (5086.63 MB)
write base data version: 95000, memory: 5488750592 bytes (5234.48 MB)
write base data version: 95100, memory: 5630676992 bytes (5369.83 MB)
write base data version: 95200, memory: 5271789568 bytes (5027.57 MB)
write base data version: 95300, memory: 5412184064 bytes (5161.46 MB)
write base data version: 95400, memory: 5556563968 bytes (5299.15 MB)
write base data version: 95500, memory: 5190352896 bytes (4949.91 MB)
write base data version: 95600, memory: 5345558528 bytes (5097.92 MB)
write base data version: 95700, memory: 5504098304 bytes (5249.12 MB)
write base data version: 95800, memory: 5646340096 bytes (5384.77 MB)
write base data version: 95900, memory: 5269712896 bytes (5025.59 MB)
write base data version: 96000, memory: 5411266560 bytes (5160.59 MB)
write base data version: 96100, memory: 5555548160 bytes (5298.18 MB)
write base data version: 96200, memory: 5178847232 bytes (4938.93 MB)
write base data version: 96300, memory: 5338267648 bytes (5090.97 MB)
write base data version: 96400, memory: 5497020416 bytes (5242.37 MB)
write base data version: 96500, memory: 5645320192 bytes (5383.80 MB)
write base data version: 96600, memory: 5281730560 bytes (5037.05 MB)
write base data version: 96700, memory: 5429112832 bytes (5177.61 MB)
write base data version: 96800, memory: 5573124096 bytes (5314.95 MB)
write base data version: 96900, memory: 5715054592 bytes (5450.30 MB)
write base data version: 97000, memory: 5340418048 bytes (5093.02 MB)
write base data version: 97100, memory: 5482283008 bytes (5228.31 MB)
write base data version: 97200, memory: 5623652352 bytes (5363.13 MB)
write base data version: 97300, memory: 5248446464 bytes (5005.31 MB)
write base data version: 97400, memory: 5389586432 bytes (5139.91 MB)
write base data version: 97500, memory: 5534367744 bytes (5277.98 MB)
write base data version: 97600, memory: 5675753472 bytes (5412.82 MB)
write base data version: 97700, memory: 5299855360 bytes (5054.34 MB)
write base data version: 97800, memory: 5440708608 bytes (5188.66 MB)
write base data version: 97900, memory: 5584670720 bytes (5325.96 MB)
write base data version: 98000, memory: 5726580736 bytes (5461.29 MB)
write base data version: 98100, memory: 5355720704 bytes (5107.61 MB)
write base data version: 98200, memory: 5497880576 bytes (5243.19 MB)
write base data version: 98300, memory: 5641461760 bytes (5380.12 MB)
write base data version: 98400, memory: 5262880768 bytes (5019.07 MB)
write base data version: 98500, memory: 5407731712 bytes (5157.21 MB)
write base data version: 98600, memory: 5548494848 bytes (5291.46 MB)
write base data version: 98700, memory: 5692170240 bytes (5428.48 MB)
write base data version: 98800, memory: 5314101248 bytes (5067.92 MB)
write base data version: 98900, memory: 5456433152 bytes (5203.66 MB)
write base data version: 99000, memory: 5600575488 bytes (5341.12 MB)
write base data version: 99100, memory: 5741391872 bytes (5475.42 MB)
write base data version: 99200, memory: 5376679936 bytes (5127.60 MB)
write base data version: 99300, memory: 5533810688 bytes (5277.45 MB)
write base data version: 99400, memory: 5685465088 bytes (5422.08 MB)
write base data version: 99500, memory: 5322293248 bytes (5075.73 MB)
write base data version: 99600, memory: 5470973952 bytes (5217.53 MB)
write base data version: 99700, memory: 5613043712 bytes (5353.02 MB)
write base data version: 99800, memory: 5755891712 bytes (5489.25 MB)
write base data version: 99900, memory: 5381165056 bytes (5131.88 MB)
write base data version: 100000, memory: 5535367168 bytes (5278.94 MB)
tip block: 3355----3355
Test Results: 
  Total Disk Usage: 170420.25 MB
  Average Per Record: 1786.99 bytes
[test batch write] generate key value
[test batch write] write data
[test batch write] flush
tip block: 3358----3358
  Write Throughput: 9719.88 records/sec
  Read Throughput:  26833.87 records/sec
  Current Memory:   5467.39 MB
  Peak Memory:      5529.12 MB
  Memory Per Record: 57.33 bytes

========== Testing at data scale: 1,000,000,000 ==========
Writing 900000000 incremental records (keys: 100000001-1000000000, total: 1000000000)
write base data version: 100100, memory: 5864517632 bytes (5592.84 MB)
write base data version: 100200, memory: 5490638848 bytes (5236.28 MB)
write base data version: 100300, memory: 5634625536 bytes (5373.60 MB)
write base data version: 100400, memory: 5778653184 bytes (5510.95 MB)
write base data version: 100500, memory: 5404184576 bytes (5153.83 MB)
write base data version: 100600, memory: 5546377216 bytes (5289.44 MB)
write base data version: 100700, memory: 5692796928 bytes (5429.07 MB)
write base data version: 100800, memory: 5838790656 bytes (5568.30 MB)
write base data version: 100900, memory: 5476241408 bytes (5222.55 MB)
write base data version: 101000, memory: 5621276672 bytes (5360.87 MB)
write base data version: 101100, memory: 5776433152 bytes (5508.84 MB)
write base data version: 101200, memory: 5924605952 bytes (5650.14 MB)
write base data version: 101300, memory: 5549334528 bytes (5292.26 MB)
write base data version: 101400, memory: 5691207680 bytes (5427.56 MB)
write base data version: 101500, memory: 5842731008 bytes (5572.06 MB)
write base data version: 101600, memory: 5473914880 bytes (5220.33 MB)
write base data version: 101700, memory: 5619564544 bytes (5359.23 MB)
write base data version: 101800, memory: 5762527232 bytes (5495.57 MB)
write base data version: 101900, memory: 5907050496 bytes (5633.40 MB)
write base data version: 102000, memory: 5532622848 bytes (5276.32 MB)
write base data version: 102100, memory: 5674061824 bytes (5411.21 MB)
write base data version: 102200, memory: 5819396096 bytes (5549.81 MB)
write base data version: 102300, memory: 5446176768 bytes (5193.88 MB)
write base data version: 102400, memory: 5587963904 bytes (5329.10 MB)
write base data version: 102500, memory: 5719904256 bytes (5454.93 MB)
write base data version: 102600, memory: 5862367232 bytes (5590.79 MB)
write base data version: 102700, memory: 5488877568 bytes (5234.60 MB)
write base data version: 102800, memory: 5634048000 bytes (5373.05 MB)
write base data version: 102900, memory: 5787619328 bytes (5519.50 MB)
write base data version: 103000, memory: 5933039616 bytes (5658.19 MB)
write base data version: 103100, memory: 5554667520 bytes (5297.34 MB)
write base data version: 103200, memory: 5700390912 bytes (5436.32 MB)
write base data version: 103300, memory: 5846204416 bytes (5575.38 MB)
write base data version: 103400, memory: 5468663808 bytes (5215.32 MB)
write base data version: 103500, memory: 5614010368 bytes (5353.94 MB)
write base data version: 103600, memory: 5758304256 bytes (5491.55 MB)
write base data version: 103700, memory: 5906911232 bytes (5633.27 MB)
write base data version: 103800, memory: 5513068544 bytes (5257.67 MB)
write base data version: 103900, memory: 5658607616 bytes (5396.47 MB)
write base data version: 104000, memory: 5802598400 bytes (5533.79 MB)
write base data version: 104100, memory: 5945044992 bytes (5669.64 MB)
write base data version: 104200, memory: 5570555904 bytes (5312.50 MB)
write base data version: 104300, memory: 5713059840 bytes (5448.40 MB)
write base data version: 104400, memory: 5858656256 bytes (5587.25 MB)
write base data version: 104500, memory: 5495705600 bytes (5241.11 MB)
write base data version: 104600, memory: 5652393984 bytes (5390.54 MB)
write base data version: 104700, memory: 5795254272 bytes (5526.79 MB)
write base data version: 104800, memory: 5942165504 bytes (5666.89 MB)
write base data version: 104900, memory: 5563277312 bytes (5305.55 MB)
write base data version: 105000, memory: 5709791232 bytes (5445.28 MB)
write base data version: 105100, memory: 5852610560 bytes (5581.48 MB)
write base data version: 105200, memory: 5491859456 bytes (5237.45 MB)
write base data version: 105300, memory: 5651226624 bytes (5389.43 MB)
write base data version: 105400, memory: 5777321984 bytes (5509.68 MB)
write base data version: 105500, memory: 5919698944 bytes (5645.46 MB)
write base data version: 105600, memory: 5545984000 bytes (5289.06 MB)
write base data version: 105700, memory: 5690765312 bytes (5427.14 MB)
write base data version: 105800, memory: 5833420800 bytes (5563.18 MB)
write base data version: 105900, memory: 5979254784 bytes (5702.26 MB)
write base data version: 106000, memory: 5602336768 bytes (5342.80 MB)
write base data version: 106100, memory: 5757702144 bytes (5490.97 MB)
write base data version: 106200, memory: 5910593536 bytes (5636.78 MB)
write base data version: 106300, memory: 5507837952 bytes (5252.68 MB)
write base data version: 106400, memory: 5661577216 bytes (5399.30 MB)
write base data version: 106500, memory: 5824446464 bytes (5554.62 MB)
write base data version: 106600, memory: 5968498688 bytes (5692.00 MB)
write base data version: 106700, memory: 5609054208 bytes (5349.21 MB)
write base data version: 106800, memory: 5749301248 bytes (5482.96 MB)
write base data version: 106900, memory: 5902434304 bytes (5629.00 MB)
write base data version: 107000, memory: 5543354368 bytes (5286.55 MB)
write base data version: 107100, memory: 5691850752 bytes (5428.17 MB)
write base data version: 107200, memory: 5834432512 bytes (5564.15 MB)
write base data version: 107300, memory: 5980172288 bytes (5703.14 MB)
write base data version: 107400, memory: 5602512896 bytes (5342.97 MB)
write base data version: 107500, memory: 5749252096 bytes (5482.91 MB)
write base data version: 107600, memory: 5892038656 bytes (5619.09 MB)
write base data version: 107700, memory: 6035025920 bytes (5755.45 MB)
write base data version: 107800, memory: 5661667328 bytes (5399.39 MB)
write base data version: 107900, memory: 5806989312 bytes (5537.98 MB)
write base data version: 108000, memory: 5948612608 bytes (5673.04 MB)
write base data version: 108100, memory: 5574070272 bytes (5315.85 MB)
write base data version: 108200, memory: 5717565440 bytes (5452.70 MB)
write base data version: 108300, memory: 5862215680 bytes (5590.64 MB)
write base data version: 108400, memory: 6006648832 bytes (5728.39 MB)
write base data version: 108500, memory: 5631574016 bytes (5370.69 MB)
write base data version: 108600, memory: 5776605184 bytes (5509.00 MB)
write base data version: 108700, memory: 5921869824 bytes (5647.54 MB)
write base data version: 108800, memory: 5544833024 bytes (5287.96 MB)
write base data version: 108900, memory: 5697429504 bytes (5433.49 MB)
write base data version: 109000, memory: 5844873216 bytes (5574.11 MB)
write base data version: 109100, memory: 5969764352 bytes (5693.21 MB)
write base data version: 109200, memory: 5594607616 bytes (5335.43 MB)
write base data version: 109300, memory: 5741522944 bytes (5475.54 MB)
write base data version: 109400, memory: 5903052800 bytes (5629.59 MB)
write base data version: 109500, memory: 6047039488 bytes (5766.91 MB)
write base data version: 109600, memory: 5685866496 bytes (5422.46 MB)
write base data version: 109700, memory: 5848096768 bytes (5577.18 MB)
write base data version: 109800, memory: 6002745344 bytes (5724.66 MB)
write base data version: 109900, memory: 5641842688 bytes (5380.48 MB)
write base data version: 110000, memory: 5806968832 bytes (5537.96 MB)
write base data version: 110100, memory: 5964935168 bytes (5688.61 MB)
write base data version: 110200, memory: 6108295168 bytes (5825.32 MB)
write base data version: 110300, memory: 5735444480 bytes (5469.75 MB)
write base data version: 110400, memory: 5878968320 bytes (5606.62 MB)
write base data version: 110500, memory: 6021427200 bytes (5742.48 MB)
write base data version: 110600, memory: 5648052224 bytes (5386.40 MB)
write base data version: 110700, memory: 5789933568 bytes (5521.71 MB)
write base data version: 110800, memory: 5943517184 bytes (5668.18 MB)
write base data version: 110900, memory: 6093209600 bytes (5810.94 MB)
write base data version: 111000, memory: 5719220224 bytes (5454.27 MB)
write base data version: 111100, memory: 5867302912 bytes (5595.50 MB)
write base data version: 111200, memory: 6014304256 bytes (5735.69 MB)
write base data version: 111300, memory: 6161268736 bytes (5875.84 MB)
write base data version: 111400, memory: 5795823616 bytes (5527.33 MB)
write base data version: 111500, memory: 5941059584 bytes (5665.84 MB)
write base data version: 111600, memory: 6070276096 bytes (5789.07 MB)
write base data version: 111700, memory: 5694394368 bytes (5430.60 MB)
write base data version: 111800, memory: 5840252928 bytes (5569.70 MB)
write base data version: 111900, memory: 5982068736 bytes (5704.95 MB)
write base data version: 112000, memory: 6127976448 bytes (5844.09 MB)
write base data version: 112100, memory: 5762953216 bytes (5495.98 MB)
write base data version: 112200, memory: 5925142528 bytes (5650.66 MB)
write base data version: 112300, memory: 6064820224 bytes (5783.86 MB)
write base data version: 112400, memory: 5689544704 bytes (5425.97 MB)
write base data version: 112500, memory: 5834989568 bytes (5564.68 MB)
write base data version: 112600, memory: 5977411584 bytes (5700.50 MB)
write base data version: 112700, memory: 6122012672 bytes (5838.41 MB)
write base data version: 112800, memory: 5745770496 bytes (5479.59 MB)
write base data version: 112900, memory: 5891502080 bytes (5618.57 MB)
write base data version: 113000, memory: 6021419008 bytes (5742.47 MB)
write base data version: 113100, memory: 6174998528 bytes (5888.94 MB)
write base data version: 113200, memory: 5804257280 bytes (5535.37 MB)
write base data version: 113300, memory: 5959688192 bytes (5683.60 MB)
write base data version: 113400, memory: 6110441472 bytes (5827.37 MB)
write base data version: 113500, memory: 5739888640 bytes (5473.98 MB)
write base data version: 113600, memory: 5894410240 bytes (5621.35 MB)
write base data version: 113700, memory: 6051069952 bytes (5770.75 MB)
write base data version: 113800, memory: 6206279680 bytes (5918.77 MB)
write base data version: 113900, memory: 5831684096 bytes (5561.53 MB)
write base data version: 114000, memory: 5977137152 bytes (5700.24 MB)
write base data version: 114100, memory: 6138916864 bytes (5854.53 MB)
write base data version: 114200, memory: 5769383936 bytes (5502.11 MB)
write base data version: 114300, memory: 5923721216 bytes (5649.30 MB)
write base data version: 114400, memory: 6073864192 bytes (5792.49 MB)
write base data version: 114500, memory: 6226165760 bytes (5937.73 MB)
write base data version: 114600, memory: 5861806080 bytes (5590.25 MB)
write base data version: 114700, memory: 6010544128 bytes (5732.10 MB)
write base data version: 114800, memory: 6154104832 bytes (5869.01 MB)
write base data version: 114900, memory: 6298472448 bytes (6006.69 MB)
write base data version: 115000, memory: 5922299904 bytes (5647.95 MB)
write base data version: 115100, memory: 6082445312 bytes (5800.67 MB)
write base data version: 115200, memory: 6226001920 bytes (5937.58 MB)
write base data version: 115300, memory: 5849030656 bytes (5578.07 MB)
write base data version: 115400, memory: 5995552768 bytes (5717.80 MB)
write base data version: 115500, memory: 6138056704 bytes (5853.71 MB)
write base data version: 115600, memory: 6282567680 bytes (5991.52 MB)
write base data version: 115700, memory: 5907865600 bytes (5634.18 MB)
write base data version: 115800, memory: 6053019648 bytes (5772.61 MB)
write base data version: 115900, memory: 6194110464 bytes (5907.16 MB)
write base data version: 116000, memory: 6342488064 bytes (6048.67 MB)
write base data version: 116100, memory: 5967548416 bytes (5691.10 MB)
write base data version: 116200, memory: 6109978624 bytes (5826.93 MB)
write base data version: 116300, memory: 6256099328 bytes (5966.28 MB)
write base data version: 116400, memory: 5877698560 bytes (5605.41 MB)
write base data version: 116500, memory: 6023331840 bytes (5744.30 MB)
write base data version: 116600, memory: 6165786624 bytes (5880.15 MB)
write base data version: 116700, memory: 6319849472 bytes (6027.08 MB)
write base data version: 116800, memory: 5949784064 bytes (5674.16 MB)
write base data version: 116900, memory: 6089449472 bytes (5807.35 MB)
write base data version: 117000, memory: 6235136000 bytes (5946.29 MB)
write base data version: 117100, memory: 5857148928 bytes (5585.81 MB)
write base data version: 117200, memory: 6003052544 bytes (5724.96 MB)
write base data version: 117300, memory: 6146650112 bytes (5861.90 MB)
write base data version: 117400, memory: 6298259456 bytes (6006.49 MB)
write base data version: 117500, memory: 5941248000 bytes (5666.02 MB)
write base data version: 117600, memory: 6089580544 bytes (5807.48 MB)
write base data version: 117700, memory: 6241828864 bytes (5952.67 MB)
write base data version: 117800, memory: 6395924480 bytes (6099.63 MB)
write base data version: 117900, memory: 6042259456 bytes (5762.35 MB)
write base data version: 118000, memory: 6209609728 bytes (5921.95 MB)
write base data version: 118100, memory: 6365532160 bytes (6070.64 MB)
write base data version: 118200, memory: 5974925312 bytes (5698.13 MB)
write base data version: 118300, memory: 6121971712 bytes (5838.37 MB)
write base data version: 118400, memory: 6283268096 bytes (5992.19 MB)
write base data version: 118500, memory: 6433566720 bytes (6135.53 MB)
write base data version: 118600, memory: 6072287232 bytes (5790.98 MB)
write base data version: 118700, memory: 6234800128 bytes (5945.97 MB)
write base data version: 118800, memory: 6391586816 bytes (6095.49 MB)
write base data version: 118900, memory: 6020165632 bytes (5741.28 MB)
write base data version: 119000, memory: 6169870336 bytes (5884.05 MB)
write base data version: 119100, memory: 6329835520 bytes (6036.60 MB)
write base data version: 119200, memory: 6458912768 bytes (6159.70 MB)
write base data version: 119300, memory: 6101032960 bytes (5818.40 MB)
write base data version: 119400, memory: 6258044928 bytes (5968.14 MB)
write base data version: 119500, memory: 6413099008 bytes (6116.01 MB)
write base data version: 119600, memory: 6570438656 bytes (6266.06 MB)
write base data version: 119700, memory: 6198697984 bytes (5911.54 MB)
write base data version: 119800, memory: 6355324928 bytes (6060.91 MB)
write base data version: 119900, memory: 6505746432 bytes (6204.36 MB)
write base data version: 120000, memory: 6152601600 bytes (5867.58 MB)
write base data version: 120100, memory: 6295875584 bytes (6004.21 MB)
write base data version: 120200, memory: 6424895488 bytes (6127.26 MB)
write base data version: 120300, memory: 6577078272 bytes (6272.39 MB)
write base data version: 120400, memory: 6216925184 bytes (5928.92 MB)
write base data version: 120500, memory: 6369304576 bytes (6074.24 MB)
write base data version: 120600, memory: 6519906304 bytes (6217.87 MB)
write base data version: 120700, memory: 6151041024 bytes (5866.09 MB)
write base data version: 120800, memory: 6313070592 bytes (6020.61 MB)
write base data version: 120900, memory: 6480502784 bytes (6180.29 MB)
write base data version: 121000, memory: 6627258368 bytes (6320.25 MB)
write base data version: 121100, memory: 6266155008 bytes (5975.87 MB)
write base data version: 121200, memory: 6390382592 bytes (6094.34 MB)
write base data version: 121300, memory: 6532595712 bytes (6229.97 MB)
write base data version: 121400, memory: 6686822400 bytes (6377.05 MB)
write base data version: 121500, memory: 6319620096 bytes (6026.86 MB)
write base data version: 121600, memory: 6471081984 bytes (6171.30 MB)
write base data version: 121700, memory: 6625959936 bytes (6319.01 MB)
write base data version: 121800, memory: 6256074752 bytes (5966.26 MB)
write base data version: 121900, memory: 6408773632 bytes (6111.88 MB)
write base data version: 122000, memory: 6563885056 bytes (6259.81 MB)
write base data version: 122100, memory: 6723891200 bytes (6412.40 MB)
write base data version: 122200, memory: 6345240576 bytes (6051.29 MB)
write base data version: 122300, memory: 6487838720 bytes (6187.29 MB)
write base data version: 122400, memory: 6632321024 bytes (6325.07 MB)
write base data version: 122500, memory: 6259011584 bytes (5969.06 MB)
write base data version: 122600, memory: 6402576384 bytes (6105.97 MB)
write base data version: 122700, memory: 6546784256 bytes (6243.50 MB)
write base data version: 122800, memory: 6690156544 bytes (6380.23 MB)
write base data version: 122900, memory: 6314598400 bytes (6022.07 MB)
write base data version: 123000, memory: 6461489152 bytes (6162.16 MB)
write base data version: 123100, memory: 6605729792 bytes (6299.71 MB)
write base data version: 123200, memory: 6735814656 bytes (6423.77 MB)
write base data version: 123300, memory: 6360825856 bytes (6066.16 MB)
write base data version: 123400, memory: 6507966464 bytes (6206.48 MB)
write base data version: 123500, memory: 6669635584 bytes (6360.66 MB)
write base data version: 123600, memory: 6296502272 bytes (6004.81 MB)
write base data version: 123700, memory: 6455857152 bytes (6156.79 MB)
write base data version: 123800, memory: 6604128256 bytes (6298.19 MB)
write base data version: 123900, memory: 6758682624 bytes (6445.58 MB)
write base data version: 124000, memory: 6391095296 bytes (6095.02 MB)
write base data version: 124100, memory: 6547406848 bytes (6244.09 MB)
write base data version: 124200, memory: 6694019072 bytes (6383.91 MB)
write base data version: 124300, memory: 6335582208 bytes (6042.08 MB)
write base data version: 124400, memory: 6484885504 bytes (6184.47 MB)
write base data version: 124500, memory: 6627966976 bytes (6320.92 MB)
write base data version: 124600, memory: 6773465088 bytes (6459.68 MB)
write base data version: 124700, memory: 6396665856 bytes (6100.34 MB)
write base data version: 124800, memory: 6541262848 bytes (6238.23 MB)
write base data version: 124900, memory: 6691491840 bytes (6381.50 MB)
write base data version: 125000, memory: 6837698560 bytes (6520.94 MB)
write base data version: 125100, memory: 6467964928 bytes (6168.33 MB)
write base data version: 125200, memory: 6632214528 bytes (6324.97 MB)
write base data version: 125300, memory: 6779011072 bytes (6464.97 MB)
write base data version: 125400, memory: 6422593536 bytes (6125.06 MB)
write base data version: 125500, memory: 6569422848 bytes (6265.09 MB)
write base data version: 125600, memory: 6730399744 bytes (6418.61 MB)
write base data version: 125700, memory: 6880333824 bytes (6561.60 MB)
write base data version: 125800, memory: 6438375424 bytes (6140.11 MB)
write base data version: 125900, memory: 6596304896 bytes (6290.73 MB)
write base data version: 126000, memory: 6709276672 bytes (6398.46 MB)
write base data version: 126100, memory: 6330621952 bytes (6037.35 MB)
write base data version: 126200, memory: 6482694144 bytes (6182.38 MB)
write base data version: 126300, memory: 6633934848 bytes (6326.61 MB)
write base data version: 126400, memory: 6783102976 bytes (6468.87 MB)
write base data version: 126500, memory: 6408073216 bytes (6111.21 MB)
write base data version: 126600, memory: 6553825280 bytes (6250.21 MB)
write base data version: 126700, memory: 6697181184 bytes (6386.93 MB)
write base data version: 126800, memory: 6849937408 bytes (6532.61 MB)
write base data version: 126900, memory: 6477012992 bytes (6176.96 MB)
write base data version: 127000, memory: 6619025408 bytes (6312.39 MB)
write base data version: 127100, memory: 6765142016 bytes (6451.74 MB)
write base data version: 127200, memory: 6389092352 bytes (6093.11 MB)
write base data version: 127300, memory: 6535208960 bytes (6232.46 MB)
write base data version: 127400, memory: 6679445504 bytes (6370.02 MB)
write base data version: 127500, memory: 6834016256 bytes (6517.43 MB)
write base data version: 127600, memory: 6459301888 bytes (6160.07 MB)
write base data version: 127700, memory: 6602915840 bytes (6297.03 MB)
write base data version: 127800, memory: 6759944192 bytes (6446.79 MB)
write base data version: 127900, memory: 6389985280 bytes (6093.96 MB)
write base data version: 128000, memory: 6545559552 bytes (6242.33 MB)
write base data version: 128100, memory: 6714183680 bytes (6403.14 MB)
write base data version: 128200, memory: 6861197312 bytes (6543.35 MB)
write base data version: 128300, memory: 6498951168 bytes (6197.88 MB)
write base data version: 128400, memory: 6652104704 bytes (6343.94 MB)
write base data version: 128500, memory: 6801915904 bytes (6486.81 MB)
write base data version: 128600, memory: 6956904448 bytes (6634.62 MB)
write base data version: 128700, memory: 6596026368 bytes (6290.46 MB)
write base data version: 128800, memory: 6729195520 bytes (6417.46 MB)
write base data version: 128900, memory: 6832463872 bytes (6515.95 MB)
write base data version: 129000, memory: 6454841344 bytes (6155.82 MB)
write base data version: 129100, memory: 6600474624 bytes (6294.70 MB)
write base data version: 129200, memory: 6743048192 bytes (6430.67 MB)
write base data version: 129300, memory: 6896287744 bytes (6576.81 MB)
write base data version: 129400, memory: 6538366976 bytes (6235.47 MB)
write base data version: 129500, memory: 6685843456 bytes (6376.12 MB)
write base data version: 129600, memory: 6831525888 bytes (6515.05 MB)
write base data version: 129700, memory: 6973456384 bytes (6650.41 MB)
write base data version: 129800, memory: 6599491584 bytes (6293.77 MB)
write base data version: 129900, memory: 6741815296 bytes (6429.50 MB)
write base data version: 130000, memory: 6887596032 bytes (6568.52 MB)
write base data version: 130100, memory: 6515597312 bytes (6213.76 MB)
write base data version: 130200, memory: 6676127744 bytes (6366.85 MB)
write base data version: 130300, memory: 6839902208 bytes (6523.04 MB)
write base data version: 130400, memory: 6992162816 bytes (6668.25 MB)
write base data version: 130500, memory: 6627364864 bytes (6320.35 MB)
write base data version: 130600, memory: 6684655616 bytes (6374.98 MB)
write base data version: 130700, memory: 6837788672 bytes (6521.02 MB)
write base data version: 130800, memory: 6465531904 bytes (6166.01 MB)
write base data version: 130900, memory: 6610907136 bytes (6304.65 MB)
write base data version: 131000, memory: 6737571840 bytes (6425.45 MB)
write base data version: 131100, memory: 6883794944 bytes (6564.90 MB)
write base data version: 131200, memory: 6506639360 bytes (6205.21 MB)
write base data version: 131300, memory: 6650789888 bytes (6342.69 MB)
write base data version: 131400, memory: 6801637376 bytes (6486.55 MB)
write base data version: 131500, memory: 6948257792 bytes (6626.38 MB)
write base data version: 131600, memory: 6583267328 bytes (6278.29 MB)
write base data version: 131700, memory: 6737608704 bytes (6425.48 MB)
write base data version: 131800, memory: 6893465600 bytes (6574.12 MB)
write base data version: 131900, memory: 6522257408 bytes (6220.11 MB)
write base data version: 132000, memory: 6677360640 bytes (6368.03 MB)
write base data version: 132100, memory: 6833246208 bytes (6516.69 MB)
write base data version: 132200, memory: 6980313088 bytes (6656.95 MB)
write base data version: 132300, memory: 6618423296 bytes (6311.82 MB)
write base data version: 132400, memory: 6773727232 bytes (6459.93 MB)
write base data version: 132500, memory: 6927785984 bytes (6606.85 MB)
write base data version: 132600, memory: 6558298112 bytes (6254.48 MB)
write base data version: 132700, memory: 6709497856 bytes (6398.68 MB)
write base data version: 132800, memory: 6854549504 bytes (6537.01 MB)
write base data version: 132900, memory: 6999793664 bytes (6675.52 MB)
write base data version: 133000, memory: 6626668544 bytes (6319.68 MB)
write base data version: 133100, memory: 6785306624 bytes (6470.97 MB)
write base data version: 133200, memory: 6941876224 bytes (6620.29 MB)
write base data version: 133300, memory: 7089004544 bytes (6760.60 MB)
write base data version: 133400, memory: 6730063872 bytes (6418.29 MB)
write base data version: 133500, memory: 6880378880 bytes (6561.64 MB)
write base data version: 133600, memory: 7030362112 bytes (6704.68 MB)
write base data version: 133700, memory: 6669041664 bytes (6360.09 MB)
write base data version: 133800, memory: 6822633472 bytes (6506.57 MB)
write base data version: 133900, memory: 6983479296 bytes (6659.96 MB)
write base data version: 134000, memory: 7130169344 bytes (6799.86 MB)
write base data version: 134100, memory: 6766854144 bytes (6453.38 MB)
write base data version: 134200, memory: 6923448320 bytes (6602.71 MB)
write base data version: 134300, memory: 7033032704 bytes (6707.22 MB)
write base data version: 134400, memory: 6660198400 bytes (6351.66 MB)
write base data version: 134500, memory: 6803152896 bytes (6487.99 MB)
write base data version: 134600, memory: 6960123904 bytes (6637.69 MB)
write base data version: 134700, memory: 7112364032 bytes (6782.88 MB)
write base data version: 134800, memory: 6744367104 bytes (6431.93 MB)
write base data version: 134900, memory: 6894518272 bytes (6575.12 MB)
write base data version: 135000, memory: 7041466368 bytes (6715.27 MB)
write base data version: 135100, memory: 7200964608 bytes (6867.38 MB)
write base data version: 135200, memory: 6834245632 bytes (6517.64 MB)
write base data version: 135300, memory: 6992912384 bytes (6668.96 MB)
write base data version: 135400, memory: 7142187008 bytes (6811.32 MB)
write base data version: 135500, memory: 6795194368 bytes (6480.40 MB)
write base data version: 135600, memory: 6955888640 bytes (6633.65 MB)
write base data version: 135700, memory: 7107526656 bytes (6778.27 MB)
write base data version: 135800, memory: 7261835264 bytes (6925.43 MB)
write base data version: 135900, memory: 6899929088 bytes (6580.29 MB)
write base data version: 136000, memory: 7034171392 bytes (6708.31 MB)
write base data version: 136100, memory: 7116115968 bytes (6786.46 MB)
write base data version: 136200, memory: 6753992704 bytes (6441.11 MB)
write base data version: 136300, memory: 6899642368 bytes (6580.01 MB)
write base data version: 136400, memory: 7047000064 bytes (6720.54 MB)
write base data version: 136500, memory: 7207817216 bytes (6873.91 MB)
write base data version: 136600, memory: 6835765248 bytes (6519.09 MB)
write base data version: 136700, memory: 6983389184 bytes (6659.88 MB)
write base data version: 136800, memory: 7143878656 bytes (6812.93 MB)
write base data version: 136900, memory: 7290535936 bytes (6952.80 MB)
write base data version: 137000, memory: 6924255232 bytes (6603.48 MB)
write base data version: 137100, memory: 7080013824 bytes (6752.03 MB)
write base data version: 137200, memory: 7239454720 bytes (6904.08 MB)
write base data version: 137300, memory: 6876778496 bytes (6558.21 MB)
write base data version: 137400, memory: 7025152000 bytes (6699.71 MB)
write base data version: 137500, memory: 7180578816 bytes (6847.93 MB)
write base data version: 137600, memory: 7333404672 bytes (6993.68 MB)
write base data version: 137700, memory: 6976131072 bytes (6652.96 MB)
write base data version: 137800, memory: 7136821248 bytes (6806.20 MB)
write base data version: 137900, memory: 7250182144 bytes (6914.31 MB)
write base data version: 138000, memory: 7398522880 bytes (7055.78 MB)
write base data version: 138100, memory: 7024680960 bytes (6699.26 MB)
write base data version: 138200, memory: 7167098880 bytes (6835.08 MB)
write base data version: 138300, memory: 7313039360 bytes (6974.26 MB)
write base data version: 138400, memory: 6937038848 bytes (6615.68 MB)
write base data version: 138500, memory: 7092498432 bytes (6763.93 MB)
write base data version: 138600, memory: 7241969664 bytes (6906.48 MB)
write base data version: 138700, memory: 7383707648 bytes (7041.65 MB)
write base data version: 138800, memory: 7010435072 bytes (6685.67 MB)
write base data version: 138900, memory: 7155597312 bytes (6824.11 MB)
write base data version: 139000, memory: 7285911552 bytes (6948.39 MB)
write base data version: 139100, memory: 6911803392 bytes (6591.61 MB)
write base data version: 139200, memory: 7053664256 bytes (6726.90 MB)
write base data version: 139300, memory: 7197466624 bytes (6864.04 MB)
write base data version: 139400, memory: 7344119808 bytes (7003.90 MB)
write base data version: 139500, memory: 6971420672 bytes (6648.46 MB)
write base data version: 139600, memory: 7119028224 bytes (6789.23 MB)
write base data version: 139700, memory: 7261450240 bytes (6925.06 MB)
write base data version: 139800, memory: 6886248448 bytes (6567.24 MB)
write base data version: 139900, memory: 7031967744 bytes (6706.21 MB)
write base data version: 140000, memory: 7173115904 bytes (6840.82 MB)
write base data version: 140100, memory: 7323136000 bytes (6983.89 MB)
write base data version: 140200, memory: 6949376000 bytes (6627.44 MB)
write base data version: 140300, memory: 7090954240 bytes (6762.46 MB)
write base data version: 140400, memory: 7240859648 bytes (6905.42 MB)
write base data version: 140500, memory: 7395426304 bytes (7052.83 MB)
write base data version: 140600, memory: 7039270912 bytes (6713.17 MB)
write base data version: 140700, memory: 7196889088 bytes (6863.49 MB)
write base data version: 140800, memory: 7352434688 bytes (7011.83 MB)
write base data version: 140900, memory: 6980526080 bytes (6657.15 MB)
write base data version: 141000, memory: 7124250624 bytes (6794.21 MB)
write base data version: 141100, memory: 7267520512 bytes (6930.85 MB)
write base data version: 141200, memory: 7413460992 bytes (7070.03 MB)
write base data version: 141300, memory: 7043198976 bytes (6716.92 MB)
write base data version: 141400, memory: 7190405120 bytes (6857.30 MB)
write base data version: 141500, memory: 7345856512 bytes (7005.55 MB)
write base data version: 141600, memory: 7495925760 bytes (7148.67 MB)
write base data version: 141700, memory: 7132160000 bytes (6801.76 MB)
write base data version: 141800, memory: 7282425856 bytes (6945.06 MB)
write base data version: 141900, memory: 7439360000 bytes (7094.73 MB)
write base data version: 142000, memory: 7074340864 bytes (6746.62 MB)
write base data version: 142100, memory: 7244304384 bytes (6908.71 MB)
write base data version: 142200, memory: 7405690880 bytes (7062.62 MB)
write base data version: 142300, memory: 7562792960 bytes (7212.44 MB)
write base data version: 142400, memory: 7198494720 bytes (6865.02 MB)
write base data version: 142500, memory: 7352889344 bytes (7012.26 MB)
write base data version: 142600, memory: 7507173376 bytes (7159.40 MB)
write base data version: 142700, memory: 7144710144 bytes (6813.73 MB)
write base data version: 142800, memory: 7273181184 bytes (6936.25 MB)
write base data version: 142900, memory: 7358550016 bytes (7017.66 MB)
write base data version: 143000, memory: 7505293312 bytes (7157.61 MB)
write base data version: 143100, memory: 7138402304 bytes (6807.71 MB)
write base data version: 143200, memory: 7287160832 bytes (6949.58 MB)
write base data version: 143300, memory: 7440269312 bytes (7095.59 MB)
write base data version: 143400, memory: 7594385408 bytes (7242.57 MB)
write base data version: 143500, memory: 7218712576 bytes (6884.30 MB)
write base data version: 143600, memory: 7329431552 bytes (6989.89 MB)
write base data version: 143700, memory: 7471538176 bytes (7125.41 MB)
write base data version: 143800, memory: 7097393152 bytes (6768.60 MB)
write base data version: 143900, memory: 7242399744 bytes (6906.89 MB)
write base data version: 144000, memory: 7389024256 bytes (7046.72 MB)
write base data version: 144100, memory: 7531864064 bytes (7182.95 MB)
write base data version: 144200, memory: 7157178368 bytes (6825.62 MB)
write base data version: 144300, memory: 7302770688 bytes (6964.46 MB)
write base data version: 144400, memory: 7447314432 bytes (7102.31 MB)
write base data version: 144500, memory: 7585759232 bytes (7234.34 MB)
write base data version: 144600, memory: 7215431680 bytes (6881.17 MB)
write base data version: 144700, memory: 7358173184 bytes (7017.30 MB)
write base data version: 144800, memory: 7504224256 bytes (7156.59 MB)
write base data version: 144900, memory: 7125954560 bytes (6795.84 MB)
write base data version: 145000, memory: 7272087552 bytes (6935.20 MB)
write base data version: 145100, memory: 7419621376 bytes (7075.90 MB)
write base data version: 145200, memory: 7567806464 bytes (7217.22 MB)
write base data version: 145300, memory: 7196299264 bytes (6862.93 MB)
write base data version: 145400, memory: 7339372544 bytes (6999.37 MB)
write base data version: 145500, memory: 7484596224 bytes (7137.87 MB)
write base data version: 145600, memory: 7107125248 bytes (6777.88 MB)
write base data version: 145700, memory: 7252606976 bytes (6916.62 MB)
write base data version: 145800, memory: 7403569152 bytes (7060.59 MB)
write base data version: 145900, memory: 7556141056 bytes (7206.10 MB)
write base data version: 146000, memory: 7184691200 bytes (6851.86 MB)
write base data version: 146100, memory: 7353942016 bytes (7013.27 MB)
write base data version: 146200, memory: 7502909440 bytes (7155.33 MB)
write base data version: 146300, memory: 7131799552 bytes (6801.41 MB)
write base data version: 146400, memory: 7286145024 bytes (6948.61 MB)
write base data version: 146500, memory: 7437668352 bytes (7093.11 MB)
write base data version: 146600, memory: 7592849408 bytes (7241.11 MB)
write base data version: 146700, memory: 7223431168 bytes (6888.80 MB)
write base data version: 146800, memory: 7376199680 bytes (7034.49 MB)
write base data version: 146900, memory: 7538532352 bytes (7189.30 MB)
write base data version: 147000, memory: 7688835072 bytes (7332.64 MB)
write base data version: 147100, memory: 7341318144 bytes (7001.23 MB)
write base data version: 147200, memory: 7492845568 bytes (7145.73 MB)
write base data version: 147300, memory: 7644823552 bytes (7290.67 MB)
write base data version: 147400, memory: 7284793344 bytes (6947.32 MB)
write base data version: 147500, memory: 7434043392 bytes (7089.66 MB)
write base data version: 147600, memory: 7588036608 bytes (7236.52 MB)
write base data version: 147700, memory: 7743590400 bytes (7384.86 MB)
write base data version: 147800, memory: 7379365888 bytes (7037.51 MB)
write base data version: 147900, memory: 7404781568 bytes (7061.75 MB)
write base data version: 148000, memory: 7546146816 bytes (7196.57 MB)
write base data version: 148100, memory: 7177089024 bytes (6844.61 MB)
write base data version: 148200, memory: 7323369472 bytes (6984.11 MB)
write base data version: 148300, memory: 7481081856 bytes (7134.52 MB)
write base data version: 148400, memory: 7639392256 bytes (7285.49 MB)
write base data version: 148500, memory: 7266000896 bytes (6929.40 MB)
write base data version: 148600, memory: 7411810304 bytes (7068.45 MB)
write base data version: 148700, memory: 7564312576 bytes (7213.89 MB)
write base data version: 148800, memory: 7719153664 bytes (7361.56 MB)
write base data version: 148900, memory: 7344664576 bytes (7004.42 MB)
write base data version: 149000, memory: 7492411392 bytes (7145.32 MB)
write base data version: 149100, memory: 7644729344 bytes (7290.58 MB)
write base data version: 149200, memory: 7273226240 bytes (6936.29 MB)
write base data version: 149300, memory: 7417655296 bytes (7074.03 MB)
write base data version: 149400, memory: 7564283904 bytes (7213.86 MB)
write base data version: 149500, memory: 7698075648 bytes (7341.46 MB)
write base data version: 149600, memory: 7322828800 bytes (6983.59 MB)
write base data version: 149700, memory: 7468351488 bytes (7122.38 MB)
write base data version: 149800, memory: 7610798080 bytes (7258.22 MB)
write base data version: 149900, memory: 7250259968 bytes (6914.39 MB)
write base data version: 150000, memory: 7395090432 bytes (7052.51 MB)
write base data version: 150100, memory: 7541358592 bytes (7192.00 MB)
write base data version: 150200, memory: 7699726336 bytes (7343.03 MB)
write base data version: 150300, memory: 7327444992 bytes (6988.00 MB)
write base data version: 150400, memory: 7472410624 bytes (7126.25 MB)
write base data version: 150500, memory: 7617609728 bytes (7264.72 MB)
write base data version: 150600, memory: 7763128320 bytes (7403.50 MB)
write base data version: 150700, memory: 7384748032 bytes (7042.64 MB)
write base data version: 150800, memory: 7541768192 bytes (7192.39 MB)
write base data version: 150900, memory: 7694598144 bytes (7338.14 MB)
write base data version: 151000, memory: 7323734016 bytes (6984.46 MB)
write base data version: 151100, memory: 7481114624 bytes (7134.55 MB)
write base data version: 151200, memory: 7621664768 bytes (7268.59 MB)
write base data version: 151300, memory: 7777841152 bytes (7417.53 MB)
write base data version: 151400, memory: 7404941312 bytes (7061.90 MB)
write base data version: 151500, memory: 7546605568 bytes (7197.00 MB)
write base data version: 151600, memory: 7692935168 bytes (7336.55 MB)
write base data version: 151700, memory: 7318056960 bytes (6979.04 MB)
write base data version: 151800, memory: 7459987456 bytes (7114.40 MB)
write base data version: 151900, memory: 7539302400 bytes (7190.04 MB)
write base data version: 152000, memory: 7684878336 bytes (7328.87 MB)
write base data version: 152100, memory: 7306330112 bytes (6967.86 MB)
write base data version: 152200, memory: 7452385280 bytes (7107.15 MB)
write base data version: 152300, memory: 7614091264 bytes (7261.36 MB)
write base data version: 152400, memory: 7763128320 bytes (7403.50 MB)
write base data version: 152500, memory: 7386529792 bytes (7044.34 MB)
write base data version: 152600, memory: 7532056576 bytes (7183.13 MB)
write base data version: 152700, memory: 7674077184 bytes (7318.57 MB)
write base data version: 152800, memory: 7299559424 bytes (6961.40 MB)
write base data version: 152900, memory: 7451324416 bytes (7106.14 MB)
write base data version: 153000, memory: 7608725504 bytes (7256.25 MB)
write base data version: 153100, memory: 7762452480 bytes (7402.85 MB)
write base data version: 153200, memory: 7393316864 bytes (7050.82 MB)
write base data version: 153300, memory: 7536738304 bytes (7187.59 MB)
write base data version: 153400, memory: 7682514944 bytes (7326.62 MB)
write base data version: 153500, memory: 7316684800 bytes (6977.73 MB)
write base data version: 153600, memory: 7461588992 bytes (7115.93 MB)
write base data version: 153700, memory: 7608926208 bytes (7256.44 MB)
write base data version: 153800, memory: 7762481152 bytes (7402.88 MB)
write base data version: 153900, memory: 7387197440 bytes (7044.98 MB)
write base data version: 154000, memory: 7532642304 bytes (7183.69 MB)
write base data version: 154100, memory: 7674716160 bytes (7319.18 MB)
write base data version: 154200, memory: 7820029952 bytes (7457.76 MB)
write base data version: 154300, memory: 7446654976 bytes (7101.68 MB)
write base data version: 154400, memory: 7588655104 bytes (7237.11 MB)
write base data version: 154500, memory: 7733358592 bytes (7375.11 MB)
write base data version: 154600, memory: 7342206976 bytes (7002.07 MB)
write base data version: 154700, memory: 7486562304 bytes (7139.74 MB)
write base data version: 154800, memory: 7639035904 bytes (7285.15 MB)
write base data version: 154900, memory: 7777271808 bytes (7416.98 MB)
write base data version: 155000, memory: 7399317504 bytes (7056.54 MB)
write base data version: 155100, memory: 7545208832 bytes (7195.67 MB)
write base data version: 155200, memory: 7687090176 bytes (7330.98 MB)
write base data version: 155300, memory: 7833124864 bytes (7470.25 MB)
write base data version: 155400, memory: 7458656256 bytes (7113.13 MB)
write base data version: 155500, memory: 7608983552 bytes (7256.49 MB)
write base data version: 155600, memory: 7751028736 bytes (7391.96 MB)
write base data version: 155700, memory: 7377272832 bytes (7035.52 MB)
write base data version: 155800, memory: 7515713536 bytes (7167.54 MB)
write base data version: 155900, memory: 7661924352 bytes (7306.98 MB)
write base data version: 156000, memory: 7816925184 bytes (7454.80 MB)
write base data version: 156100, memory: 7442575360 bytes (7097.79 MB)
write base data version: 156200, memory: 7596433408 bytes (7244.52 MB)
write base data version: 156300, memory: 7748153344 bytes (7389.21 MB)
write base data version: 156400, memory: 7381012480 bytes (7039.08 MB)
write base data version: 156500, memory: 7525122048 bytes (7176.52 MB)
write base data version: 156600, memory: 7668092928 bytes (7312.86 MB)
write base data version: 156700, memory: 7807803392 bytes (7446.10 MB)
write base data version: 156800, memory: 7437365248 bytes (7092.82 MB)
write base data version: 156900, memory: 7579672576 bytes (7228.54 MB)
write base data version: 157000, memory: 7724896256 bytes (7367.04 MB)
write base data version: 157100, memory: 7868788736 bytes (7504.26 MB)
write base data version: 157200, memory: 7493705728 bytes (7146.55 MB)
write base data version: 157300, memory: 7639175168 bytes (7285.29 MB)
write base data version: 157400, memory: 7780941824 bytes (7420.48 MB)
write base data version: 157500, memory: 7406862336 bytes (7063.73 MB)
write base data version: 157600, memory: 7552548864 bytes (7202.67 MB)
write base data version: 157700, memory: 7694819328 bytes (7338.35 MB)
write base data version: 157800, memory: 7840399360 bytes (7477.19 MB)
write base data version: 157900, memory: 7463329792 bytes (7117.59 MB)
write base data version: 158000, memory: 7619923968 bytes (7266.93 MB)
write base data version: 158100, memory: 7776907264 bytes (7416.64 MB)
write base data version: 158200, memory: 7405568000 bytes (7062.50 MB)
write base data version: 158300, memory: 7559327744 bytes (7209.14 MB)
write base data version: 158400, memory: 7708889088 bytes (7351.77 MB)
write base data version: 158500, memory: 7855292416 bytes (7491.39 MB)
write base data version: 158600, memory: 7480487936 bytes (7133.95 MB)
write base data version: 158700, memory: 7634481152 bytes (7280.81 MB)
write base data version: 158800, memory: 7788806144 bytes (7427.98 MB)
write base data version: 158900, memory: 7939072000 bytes (7571.29 MB)
write base data version: 159000, memory: 7567839232 bytes (7217.25 MB)
write base data version: 159100, memory: 7710482432 bytes (7353.29 MB)
write base data version: 159200, memory: 7855149056 bytes (7491.25 MB)
write base data version: 159300, memory: 7486038016 bytes (7139.24 MB)
write base data version: 159400, memory: 7635439616 bytes (7281.72 MB)
write base data version: 159500, memory: 7796047872 bytes (7434.89 MB)
write base data version: 159600, memory: 7944085504 bytes (7576.07 MB)
write base data version: 159700, memory: 7575408640 bytes (7224.47 MB)
write base data version: 159800, memory: 7725473792 bytes (7367.59 MB)
write base data version: 159900, memory: 7882711040 bytes (7517.54 MB)
write base data version: 160000, memory: 7510061056 bytes (7162.15 MB)
write base data version: 160100, memory: 7654174720 bytes (7299.59 MB)
write base data version: 160200, memory: 7800074240 bytes (7438.73 MB)
write base data version: 160300, memory: 7944089600 bytes (7576.07 MB)
write base data version: 160400, memory: 7566143488 bytes (7215.64 MB)
write base data version: 160500, memory: 7711842304 bytes (7354.59 MB)
write base data version: 160600, memory: 7857225728 bytes (7493.23 MB)
write base data version: 160700, memory: 7998857216 bytes (7628.30 MB)
write base data version: 160800, memory: 7625383936 bytes (7272.13 MB)
write base data version: 160900, memory: 7768698880 bytes (7408.81 MB)
write base data version: 161000, memory: 7911731200 bytes (7545.21 MB)
write base data version: 161100, memory: 7541485568 bytes (7192.12 MB)
write base data version: 161200, memory: 7687106560 bytes (7331.00 MB)
write base data version: 161300, memory: 7835090944 bytes (7472.12 MB)
write base data version: 161400, memory: 7980265472 bytes (7610.57 MB)
write base data version: 161500, memory: 7605645312 bytes (7253.31 MB)
write base data version: 161600, memory: 7746306048 bytes (7387.45 MB)
write base data version: 161700, memory: 7897759744 bytes (7531.89 MB)
write base data version: 161800, memory: 8047689728 bytes (7674.88 MB)
write base data version: 161900, memory: 7670902784 bytes (7315.54 MB)
write base data version: 162000, memory: 7816724480 bytes (7454.61 MB)
write base data version: 162100, memory: 7958425600 bytes (7589.75 MB)
write base data version: 162200, memory: 7585853440 bytes (7234.43 MB)
write base data version: 162300, memory: 7728787456 bytes (7370.75 MB)
write base data version: 162400, memory: 7872434176 bytes (7507.74 MB)
write base data version: 162500, memory: 8018857984 bytes (7647.38 MB)
write base data version: 162600, memory: 7644045312 bytes (7289.93 MB)
write base data version: 162700, memory: 7785795584 bytes (7425.11 MB)
write base data version: 162800, memory: 7931805696 bytes (7564.36 MB)
write base data version: 162900, memory: 7553982464 bytes (7204.04 MB)
write base data version: 163000, memory: 7694344192 bytes (7337.90 MB)
write base data version: 163100, memory: 7848312832 bytes (7484.73 MB)
write base data version: 163200, memory: 8002752512 bytes (7632.02 MB)
write base data version: 163300, memory: 7636688896 bytes (7282.91 MB)
write base data version: 163400, memory: 7785005056 bytes (7424.36 MB)
write base data version: 163500, memory: 7925555200 bytes (7558.40 MB)
write base data version: 163600, memory: 7556366336 bytes (7206.31 MB)
write base data version: 163700, memory: 7698268160 bytes (7341.64 MB)
write base data version: 163800, memory: 7844122624 bytes (7480.74 MB)
write base data version: 163900, memory: 7987208192 bytes (7617.20 MB)
write base data version: 164000, memory: 7612141568 bytes (7259.50 MB)
write base data version: 164100, memory: 7751753728 bytes (7392.65 MB)
write base data version: 164200, memory: 7899697152 bytes (7533.74 MB)
write base data version: 164300, memory: 8048975872 bytes (7676.10 MB)
write base data version: 164400, memory: 7672213504 bytes (7316.79 MB)
write base data version: 164500, memory: 7817760768 bytes (7455.60 MB)
write base data version: 164600, memory: 7962263552 bytes (7593.41 MB)
write base data version: 164700, memory: 7585366016 bytes (7233.97 MB)
write base data version: 164800, memory: 7730257920 bytes (7372.15 MB)
write base data version: 164900, memory: 7875469312 bytes (7510.63 MB)
write base data version: 165000, memory: 8017600512 bytes (7646.18 MB)
write base data version: 165100, memory: 7642447872 bytes (7288.41 MB)
write base data version: 165200, memory: 7794053120 bytes (7432.99 MB)
write base data version: 165300, memory: 7942782976 bytes (7574.83 MB)
write base data version: 165400, memory: 7569874944 bytes (7219.20 MB)
write base data version: 165500, memory: 7715504128 bytes (7358.08 MB)
write base data version: 165600, memory: 7858749440 bytes (7494.69 MB)
write base data version: 165700, memory: 8002584576 bytes (7631.86 MB)
write base data version: 165800, memory: 7627710464 bytes (7274.35 MB)
write base data version: 165900, memory: 7772532736 bytes (7412.46 MB)
write base data version: 166000, memory: 7921905664 bytes (7554.92 MB)
write base data version: 166100, memory: 8067506176 bytes (7693.77 MB)
write base data version: 166200, memory: 7703937024 bytes (7347.05 MB)
write base data version: 166300, memory: 7854501888 bytes (7490.64 MB)
write base data version: 166400, memory: 8007200768 bytes (7636.26 MB)
write base data version: 166500, memory: 7646875648 bytes (7292.63 MB)
write base data version: 166600, memory: 7797153792 bytes (7435.95 MB)
write base data version: 166700, memory: 7941242880 bytes (7573.36 MB)
write base data version: 166800, memory: 8083914752 bytes (7709.42 MB)
write base data version: 166900, memory: 7709270016 bytes (7352.13 MB)
write base data version: 167000, memory: 7854116864 bytes (7490.27 MB)
write base data version: 167100, memory: 7995756544 bytes (7625.35 MB)
write base data version: 167200, memory: 7623401472 bytes (7270.24 MB)
write base data version: 167300, memory: 7776980992 bytes (7416.71 MB)
write base data version: 167400, memory: 7933767680 bytes (7566.23 MB)
write base data version: 167500, memory: 8088199168 bytes (7713.51 MB)
write base data version: 167600, memory: 7713792000 bytes (7356.45 MB)
write base data version: 167700, memory: 7868768256 bytes (7504.24 MB)
write base data version: 167800, memory: 8021323776 bytes (7649.73 MB)
write base data version: 167900, memory: 8165011456 bytes (7786.76 MB)
write base data version: 168000, memory: 7789105152 bytes (7428.27 MB)
write base data version: 168100, memory: 7930494976 bytes (7563.11 MB)
write base data version: 168200, memory: 8077488128 bytes (7703.29 MB)
write base data version: 168300, memory: 7703707648 bytes (7346.83 MB)
write base data version: 168400, memory: 7845662720 bytes (7482.21 MB)
write base data version: 168500, memory: 7993159680 bytes (7622.87 MB)
write base data version: 168600, memory: 8134930432 bytes (7758.07 MB)
write base data version: 168700, memory: 7755665408 bytes (7396.38 MB)
write base data version: 168800, memory: 7904694272 bytes (7538.50 MB)
write base data version: 168900, memory: 8048541696 bytes (7675.69 MB)
write base data version: 169000, memory: 8199143424 bytes (7819.31 MB)
write base data version: 169100, memory: 7820734464 bytes (7458.43 MB)
write base data version: 169200, memory: 7972360192 bytes (7603.04 MB)
write base data version: 169300, memory: 8126394368 bytes (7749.93 MB)
write base data version: 169400, memory: 7765413888 bytes (7405.68 MB)
write base data version: 169500, memory: 7909609472 bytes (7543.19 MB)
write base data version: 169600, memory: 8031313920 bytes (7659.26 MB)
write base data version: 169700, memory: 8174010368 bytes (7795.34 MB)
write base data version: 169800, memory: 7798304768 bytes (7437.04 MB)
write base data version: 169900, memory: 7943872512 bytes (7575.87 MB)
write base data version: 170000, memory: 8086163456 bytes (7711.57 MB)
write base data version: 170100, memory: 7713341440 bytes (7356.02 MB)
write base data version: 170200, memory: 7857635328 bytes (7493.62 MB)
write base data version: 170300, memory: 8000733184 bytes (7630.09 MB)
write base data version: 170400, memory: 8146210816 bytes (7768.83 MB)
write base data version: 170500, memory: 7770009600 bytes (7410.06 MB)
write base data version: 170600, memory: 7915061248 bytes (7548.39 MB)
write base data version: 170700, memory: 8059600896 bytes (7686.23 MB)
write base data version: 170800, memory: 7682592768 bytes (7326.69 MB)
write base data version: 170900, memory: 7827431424 bytes (7464.82 MB)
write base data version: 171000, memory: 7973621760 bytes (7604.24 MB)
write base data version: 171100, memory: 8120930304 bytes (7744.72 MB)
write base data version: 171200, memory: 7751098368 bytes (7392.02 MB)
write base data version: 171300, memory: 7896109056 bytes (7530.32 MB)
write base data version: 171400, memory: 8041381888 bytes (7668.86 MB)
write base data version: 171500, memory: 8184020992 bytes (7804.89 MB)
write base data version: 171600, memory: 7810035712 bytes (7448.23 MB)
write base data version: 171700, memory: 7953199104 bytes (7584.76 MB)
write base data version: 171800, memory: 8097562624 bytes (7722.44 MB)
write base data version: 171900, memory: 7722061824 bytes (7364.33 MB)
write base data version: 172000, memory: 7867854848 bytes (7503.37 MB)
write base data version: 172100, memory: 8013967360 bytes (7642.71 MB)
write base data version: 172200, memory: 8157315072 bytes (7779.42 MB)
write base data version: 172300, memory: 7783874560 bytes (7423.28 MB)
write base data version: 172400, memory: 7929688064 bytes (7562.34 MB)
write base data version: 172500, memory: 8078815232 bytes (7704.56 MB)
write base data version: 172600, memory: 8228028416 bytes (7846.86 MB)
write base data version: 172700, memory: 7853719552 bytes (7489.89 MB)
write base data version: 172800, memory: 7998160896 bytes (7627.64 MB)
write base data version: 172900, memory: 8143831040 bytes (7766.56 MB)
write base data version: 173000, memory: 7768805376 bytes (7408.91 MB)
write base data version: 173100, memory: 7909601280 bytes (7543.18 MB)
write base data version: 173200, memory: 8055242752 bytes (7682.08 MB)
write base data version: 173300, memory: 8210206720 bytes (7829.86 MB)
write base data version: 173400, memory: 7840718848 bytes (7477.49 MB)
write base data version: 173500, memory: 7999201280 bytes (7628.63 MB)
write base data version: 173600, memory: 8150265856 bytes (7772.70 MB)
write base data version: 173700, memory: 7783436288 bytes (7422.86 MB)
write base data version: 173800, memory: 7928549376 bytes (7561.25 MB)
write base data version: 173900, memory: 8083308544 bytes (7708.84 MB)
write base data version: 174000, memory: 8234074112 bytes (7852.62 MB)
write base data version: 174100, memory: 7857635328 bytes (7493.62 MB)
write base data version: 174200, memory: 8006037504 bytes (7635.15 MB)
write base data version: 174300, memory: 8164720640 bytes (7786.48 MB)
write base data version: 174400, memory: 7791104000 bytes (7430.18 MB)
write base data version: 174500, memory: 7936139264 bytes (7568.49 MB)
write base data version: 174600, memory: 8078934016 bytes (7704.67 MB)
write base data version: 174700, memory: 8224444416 bytes (7843.44 MB)
write base data version: 174800, memory: 7848067072 bytes (7484.50 MB)
write base data version: 174900, memory: 7993348096 bytes (7623.05 MB)
write base data version: 175000, memory: 8137609216 bytes (7760.63 MB)
write base data version: 175100, memory: 8280846336 bytes (7897.23 MB)
write base data version: 175200, memory: 7906189312 bytes (7539.93 MB)
write base data version: 175300, memory: 8048660480 bytes (7675.80 MB)
write base data version: 175400, memory: 8201191424 bytes (7821.27 MB)
write base data version: 175500, memory: 7829671936 bytes (7466.96 MB)
write base data version: 175600, memory: 7971561472 bytes (7602.27 MB)
write base data version: 175700, memory: 8117841920 bytes (7741.78 MB)
write base data version: 175800, memory: 8259985408 bytes (7877.34 MB)
write base data version: 175900, memory: 7885873152 bytes (7520.55 MB)
write base data version: 176000, memory: 8028798976 bytes (7656.86 MB)
write base data version: 176100, memory: 8174825472 bytes (7796.12 MB)
write base data version: 176200, memory: 8322035712 bytes (7936.51 MB)
write base data version: 176300, memory: 7956148224 bytes (7587.57 MB)
write base data version: 176400, memory: 8107278336 bytes (7731.70 MB)
write base data version: 176500, memory: 8261353472 bytes (7878.64 MB)
write base data version: 176600, memory: 7885553664 bytes (7520.25 MB)
write base data version: 176700, memory: 8028327936 bytes (7656.41 MB)
write base data version: 176800, memory: 8174080000 bytes (7795.41 MB)
write base data version: 176900, memory: 8316661760 bytes (7931.39 MB)
write base data version: 177000, memory: 7942164480 bytes (7574.24 MB)
write base data version: 177100, memory: 8084205568 bytes (7709.70 MB)
write base data version: 177200, memory: 8208838656 bytes (7828.56 MB)
write base data version: 177300, memory: 7834689536 bytes (7471.74 MB)
write base data version: 177400, memory: 7976308736 bytes (7606.80 MB)
write base data version: 177500, memory: 8122331136 bytes (7746.06 MB)
write base data version: 177600, memory: 8264658944 bytes (7881.79 MB)
write base data version: 177700, memory: 7889977344 bytes (7524.47 MB)
write base data version: 177800, memory: 8035590144 bytes (7663.34 MB)
write base data version: 177900, memory: 8177143808 bytes (7798.33 MB)
write base data version: 178000, memory: 8322641920 bytes (7937.09 MB)
write base data version: 178100, memory: 7948910592 bytes (7580.67 MB)
write base data version: 178200, memory: 8090615808 bytes (7715.81 MB)
write base data version: 178300, memory: 8235560960 bytes (7854.04 MB)
write base data version: 178400, memory: 7863435264 bytes (7499.16 MB)
write base data version: 178500, memory: 8005107712 bytes (7634.27 MB)
write base data version: 178600, memory: 8149815296 bytes (7772.27 MB)
write base data version: 178700, memory: 8295493632 bytes (7911.20 MB)
write base data version: 178800, memory: 7919210496 bytes (7552.35 MB)
write base data version: 178900, memory: 8062230528 bytes (7688.74 MB)
write base data version: 179000, memory: 8209498112 bytes (7829.19 MB)
write base data version: 179100, memory: 7838679040 bytes (7475.55 MB)
write base data version: 179200, memory: 7980974080 bytes (7611.25 MB)
write base data version: 179300, memory: 8126111744 bytes (7749.66 MB)
write base data version: 179400, memory: 8271024128 bytes (7887.86 MB)
write base data version: 179500, memory: 7894196224 bytes (7528.49 MB)
write base data version: 179600, memory: 8039194624 bytes (7666.77 MB)
write base data version: 179700, memory: 8185036800 bytes (7805.86 MB)
write base data version: 179800, memory: 8326873088 bytes (7941.12 MB)
write base data version: 179900, memory: 7952101376 bytes (7583.71 MB)
write base data version: 180000, memory: 8097816576 bytes (7722.68 MB)
write base data version: 180100, memory: 8239398912 bytes (7857.70 MB)
write base data version: 180200, memory: 7865131008 bytes (7500.77 MB)
write base data version: 180300, memory: 8008843264 bytes (7637.83 MB)
write base data version: 180400, memory: 8155181056 bytes (7777.39 MB)
write base data version: 180500, memory: 8308121600 bytes (7923.24 MB)
write base data version: 180600, memory: 7935021056 bytes (7567.43 MB)
write base data version: 180700, memory: 8077529088 bytes (7703.33 MB)
write base data version: 180800, memory: 8223305728 bytes (7842.36 MB)
write base data version: 180900, memory: 7846027264 bytes (7482.55 MB)
write base data version: 181000, memory: 7990026240 bytes (7619.88 MB)
write base data version: 181100, memory: 8142725120 bytes (7765.51 MB)
write base data version: 181200, memory: 8292982784 bytes (7908.80 MB)
write base data version: 181300, memory: 7918563328 bytes (7551.73 MB)
write base data version: 181400, memory: 8063963136 bytes (7690.39 MB)
write base data version: 181500, memory: 8212574208 bytes (7832.12 MB)
write base data version: 181600, memory: 8358010880 bytes (7970.82 MB)
write base data version: 181700, memory: 7980314624 bytes (7610.62 MB)
write base data version: 181800, memory: 8126394368 bytes (7749.93 MB)
write base data version: 181900, memory: 8263196672 bytes (7880.40 MB)
write base data version: 182000, memory: 7888703488 bytes (7523.25 MB)
write base data version: 182100, memory: 8034664448 bytes (7662.45 MB)
write base data version: 182200, memory: 8171315200 bytes (7792.77 MB)
write base data version: 182300, memory: 8317595648 bytes (7932.28 MB)
write base data version: 182400, memory: 7950540800 bytes (7582.23 MB)
write base data version: 182500, memory: 8094863360 bytes (7719.86 MB)
write base data version: 182600, memory: 8240910336 bytes (7859.14 MB)
write base data version: 182700, memory: 7879204864 bytes (7514.20 MB)
write base data version: 182800, memory: 8032903168 bytes (7660.77 MB)
write base data version: 182900, memory: 8178798592 bytes (7799.91 MB)
write base data version: 183000, memory: 8328626176 bytes (7942.80 MB)
write base data version: 183100, memory: 7968952320 bytes (7599.79 MB)
write base data version: 183200, memory: 8115212288 bytes (7739.27 MB)
write base data version: 183300, memory: 8272887808 bytes (7889.64 MB)
write base data version: 183400, memory: 8422547456 bytes (8032.37 MB)
write base data version: 183500, memory: 8054595584 bytes (7681.46 MB)
write base data version: 183600, memory: 8196358144 bytes (7816.66 MB)
write base data version: 183700, memory: 8342360064 bytes (7955.89 MB)
write base data version: 183800, memory: 7963938816 bytes (7595.00 MB)
write base data version: 183900, memory: 8109694976 bytes (7734.01 MB)
write base data version: 184000, memory: 8261074944 bytes (7878.38 MB)
write base data version: 184100, memory: 8404389888 bytes (8015.05 MB)
write base data version: 184200, memory: 8033509376 bytes (7661.35 MB)
write base data version: 184300, memory: 8175341568 bytes (7796.61 MB)
write base data version: 184400, memory: 8321048576 bytes (7935.57 MB)
write base data version: 184500, memory: 8462344192 bytes (8070.32 MB)
write base data version: 184600, memory: 8090279936 bytes (7715.49 MB)
write base data version: 184700, memory: 8233054208 bytes (7851.65 MB)
write base data version: 184800, memory: 8377810944 bytes (7989.70 MB)
write base data version: 184900, memory: 8004562944 bytes (7633.75 MB)
write base data version: 185000, memory: 8154435584 bytes (7776.68 MB)
write base data version: 185100, memory: 8306712576 bytes (7921.90 MB)
write base data version: 185200, memory: 8463650816 bytes (8071.57 MB)
write base data version: 185300, memory: 8085606400 bytes (7711.04 MB)
write base data version: 185400, memory: 8233517056 bytes (7852.09 MB)
write base data version: 185500, memory: 8385597440 bytes (7997.13 MB)
write base data version: 185600, memory: 8016392192 bytes (7645.03 MB)
write base data version: 185700, memory: 8162742272 bytes (7784.60 MB)
write base data version: 185800, memory: 8305766400 bytes (7921.00 MB)
write base data version: 185900, memory: 8450854912 bytes (8059.36 MB)
write base data version: 186000, memory: 8075776000 bytes (7701.66 MB)
write base data version: 186100, memory: 8223903744 bytes (7842.93 MB)
write base data version: 186200, memory: 8378720256 bytes (7990.57 MB)
write base data version: 186300, memory: 8009957376 bytes (7638.89 MB)
write base data version: 186400, memory: 8154517504 bytes (7776.75 MB)
write base data version: 186500, memory: 8296927232 bytes (7912.57 MB)
write base data version: 186600, memory: 8441651200 bytes (8050.59 MB)
write base data version: 186700, memory: 8066994176 bytes (7693.29 MB)
write base data version: 186800, memory: 8213209088 bytes (7832.73 MB)
write base data version: 186900, memory: 8356753408 bytes (7969.62 MB)
write base data version: 187000, memory: 8502173696 bytes (8108.30 MB)
write base data version: 187100, memory: 8137928704 bytes (7760.93 MB)
write base data version: 187200, memory: 8284794880 bytes (7901.00 MB)
write base data version: 187300, memory: 8424779776 bytes (8034.50 MB)
write base data version: 187400, memory: 8047476736 bytes (7674.67 MB)
write base data version: 187500, memory: 8202952704 bytes (7822.95 MB)
write base data version: 187600, memory: 8355422208 bytes (7968.35 MB)
write base data version: 187700, memory: 8506580992 bytes (8112.51 MB)
write base data version: 187800, memory: 8138604544 bytes (7761.58 MB)
write base data version: 187900, memory: 8284872704 bytes (7901.07 MB)
write base data version: 188000, memory: 8426950656 bytes (8036.57 MB)
write base data version: 188100, memory: 8572080128 bytes (8174.97 MB)
write base data version: 188200, memory: 8194719744 bytes (7815.09 MB)
write base data version: 188300, memory: 8342269952 bytes (7955.81 MB)
write base data version: 188400, memory: 8483958784 bytes (8090.93 MB)
write base data version: 188500, memory: 8109715456 bytes (7734.03 MB)
write base data version: 188600, memory: 8256012288 bytes (7873.55 MB)
write base data version: 188700, memory: 8399749120 bytes (8010.62 MB)
write base data version: 188800, memory: 8544247808 bytes (8148.43 MB)
write base data version: 188900, memory: 8168468480 bytes (7790.06 MB)
write base data version: 189000, memory: 8314638336 bytes (7929.46 MB)
write base data version: 189100, memory: 8456589312 bytes (8064.83 MB)
write base data version: 189200, memory: 8081809408 bytes (7707.41 MB)
write base data version: 189300, memory: 8227651584 bytes (7846.50 MB)
write base data version: 189400, memory: 8369074176 bytes (7981.37 MB)
write base data version: 189500, memory: 8514555904 bytes (8120.11 MB)
write base data version: 189600, memory: 8139476992 bytes (7762.41 MB)
write base data version: 189700, memory: 8284262400 bytes (7900.49 MB)
write base data version: 189800, memory: 8436932608 bytes (8046.09 MB)
write base data version: 189900, memory: 8068599808 bytes (7694.82 MB)
write base data version: 190000, memory: 8217513984 bytes (7836.83 MB)
write base data version: 190100, memory: 8361197568 bytes (7973.86 MB)
write base data version: 190200, memory: 8506904576 bytes (8112.82 MB)
write base data version: 190300, memory: 8129286144 bytes (7752.69 MB)
write base data version: 190400, memory: 8274235392 bytes (7890.93 MB)
write base data version: 190500, memory: 8417443840 bytes (8027.50 MB)
write base data version: 190600, memory: 8561524736 bytes (8164.91 MB)
write base data version: 190700, memory: 8187981824 bytes (7808.67 MB)
write base data version: 190800, memory: 8332881920 bytes (7946.86 MB)
write base data version: 190900, memory: 8477491200 bytes (8084.77 MB)
write base data version: 191000, memory: 8103567360 bytes (7728.16 MB)
write base data version: 191100, memory: 8248709120 bytes (7866.58 MB)
write base data version: 191200, memory: 8390868992 bytes (8002.16 MB)
write base data version: 191300, memory: 8535277568 bytes (8139.88 MB)
write base data version: 191400, memory: 8165965824 bytes (7787.67 MB)
write base data version: 191500, memory: 8325074944 bytes (7939.41 MB)
write base data version: 191600, memory: 8466882560 bytes (8074.65 MB)
write base data version: 191700, memory: 8612327424 bytes (8213.36 MB)
write base data version: 191800, memory: 8236318720 bytes (7854.77 MB)
write base data version: 191900, memory: 8379531264 bytes (7991.34 MB)
write base data version: 192000, memory: 8524574720 bytes (8129.67 MB)
write base data version: 192100, memory: 8146042880 bytes (7768.67 MB)
write base data version: 192200, memory: 8290140160 bytes (7906.09 MB)
write base data version: 192300, memory: 8435646464 bytes (8044.86 MB)
write base data version: 192400, memory: 8576229376 bytes (8178.93 MB)
write base data version: 192500, memory: 8205516800 bytes (7825.39 MB)
write base data version: 192600, memory: 8350973952 bytes (7964.11 MB)
write base data version: 192700, memory: 8501604352 bytes (8107.76 MB)
write base data version: 192800, memory: 8129679360 bytes (7753.07 MB)
write base data version: 192900, memory: 8271286272 bytes (7888.11 MB)
write base data version: 193000, memory: 8416673792 bytes (8026.77 MB)
write base data version: 193100, memory: 8561786880 bytes (8165.16 MB)
write base data version: 193200, memory: 8186257408 bytes (7807.02 MB)
write base data version: 193300, memory: 8328785920 bytes (7942.95 MB)
write base data version: 193400, memory: 8473006080 bytes (8080.49 MB)
write base data version: 193500, memory: 8618061824 bytes (8218.82 MB)
write base data version: 193600, memory: 8242233344 bytes (7860.41 MB)
write base data version: 193700, memory: 8385310720 bytes (7996.86 MB)
write base data version: 193800, memory: 8531095552 bytes (8135.89 MB)
write base data version: 193900, memory: 8153780224 bytes (7776.05 MB)
write base data version: 194000, memory: 8300630016 bytes (7916.10 MB)
write base data version: 194100, memory: 8442355712 bytes (8051.26 MB)
write base data version: 194200, memory: 8587800576 bytes (8189.96 MB)
write base data version: 194300, memory: 8212680704 bytes (7832.22 MB)
write base data version: 194400, memory: 8354828288 bytes (7967.79 MB)
write base data version: 194500, memory: 8500183040 bytes (8106.41 MB)
write base data version: 194600, memory: 8106971136 bytes (7731.41 MB)
write base data version: 194700, memory: 8248795136 bytes (7866.66 MB)
write base data version: 194800, memory: 8394620928 bytes (8005.73 MB)
write base data version: 194900, memory: 8537747456 bytes (8142.23 MB)
write base data version: 195000, memory: 8162185216 bytes (7784.07 MB)
write base data version: 195100, memory: 8308342784 bytes (7923.45 MB)
write base data version: 195200, memory: 8450179072 bytes (8058.72 MB)
write base data version: 195300, memory: 8596115456 bytes (8197.89 MB)
write base data version: 195400, memory: 8218443776 bytes (7837.72 MB)
write base data version: 195500, memory: 8363298816 bytes (7975.86 MB)
write base data version: 195600, memory: 8508944384 bytes (8114.76 MB)
write base data version: 195700, memory: 8131584000 bytes (7754.88 MB)
write base data version: 195800, memory: 8275243008 bytes (7891.89 MB)
write base data version: 195900, memory: 8426225664 bytes (8035.88 MB)
write base data version: 196000, memory: 8583065600 bytes (8185.45 MB)
write base data version: 196100, memory: 8210583552 bytes (7830.22 MB)
write base data version: 196200, memory: 8366497792 bytes (7978.91 MB)
write base data version: 196300, memory: 8512094208 bytes (8117.77 MB)
write base data version: 196400, memory: 8140972032 bytes (7763.84 MB)
write base data version: 196500, memory: 8288092160 bytes (7904.14 MB)
write base data version: 196600, memory: 8434089984 bytes (8043.38 MB)
write base data version: 196700, memory: 8575447040 bytes (8178.18 MB)
write base data version: 196800, memory: 8200359936 bytes (7820.47 MB)
write base data version: 196900, memory: 8345694208 bytes (7959.07 MB)
write base data version: 197000, memory: 8496848896 bytes (8103.23 MB)
write base data version: 197100, memory: 8645799936 bytes (8245.28 MB)
write base data version: 197200, memory: 8284983296 bytes (7901.18 MB)
write base data version: 197300, memory: 8431906816 bytes (8041.29 MB)
write base data version: 197400, memory: 8582246400 bytes (8184.67 MB)
write base data version: 197500, memory: 8721104896 bytes (8317.09 MB)
write base data version: 197600, memory: 8351625216 bytes (7964.73 MB)
write base data version: 197700, memory: 8504164352 bytes (8110.20 MB)
write base data version: 197800, memory: 8654712832 bytes (8253.78 MB)
write base data version: 197900, memory: 8279863296 bytes (7896.29 MB)
write base data version: 198000, memory: 8422617088 bytes (8032.43 MB)
write base data version: 198100, memory: 8568352768 bytes (8171.42 MB)
write base data version: 198200, memory: 8191352832 bytes (7811.88 MB)
write base data version: 198300, memory: 8335323136 bytes (7949.18 MB)
write base data version: 198400, memory: 8490717184 bytes (8097.38 MB)
write base data version: 198500, memory: 8637939712 bytes (8237.78 MB)
write base data version: 198600, memory: 8270757888 bytes (7887.61 MB)
write base data version: 198700, memory: 8421646336 bytes (8031.51 MB)
write base data version: 198800, memory: 8580354048 bytes (8182.86 MB)
write base data version: 198900, memory: 8728952832 bytes (8324.58 MB)
write base data version: 199000, memory: 8352935936 bytes (7965.98 MB)
write base data version: 199100, memory: 8514596864 bytes (8120.15 MB)
write base data version: 199200, memory: 8668631040 bytes (8267.05 MB)
write base data version: 199300, memory: 8297771008 bytes (7913.37 MB)
write base data version: 199400, memory: 8443109376 bytes (8051.98 MB)
write base data version: 199500, memory: 8600498176 bytes (8202.07 MB)
write base data version: 199600, memory: 8743759872 bytes (8338.70 MB)
write base data version: 199700, memory: 8367210496 bytes (7979.59 MB)
write base data version: 199800, memory: 8514576384 bytes (8120.13 MB)
write base data version: 199900, memory: 8661843968 bytes (8260.58 MB)
write base data version: 200000, memory: 8809299968 bytes (8401.20 MB)
write base data version: 200100, memory: 8434888704 bytes (8044.14 MB)
write base data version: 200200, memory: 8575852544 bytes (8178.57 MB)
write base data version: 200300, memory: 8722698240 bytes (8318.61 MB)
write base data version: 200400, memory: 8344707072 bytes (7958.13 MB)
write base data version: 200500, memory: 8492974080 bytes (8099.53 MB)
write base data version: 200600, memory: 8638427136 bytes (8238.25 MB)
write base data version: 200700, memory: 8791945216 bytes (8384.65 MB)
write base data version: 200800, memory: 8418705408 bytes (8028.70 MB)
write base data version: 200900, memory: 8561086464 bytes (8164.49 MB)
write base data version: 201000, memory: 8706166784 bytes (8302.85 MB)
write base data version: 201100, memory: 8335826944 bytes (7949.66 MB)
write base data version: 201200, memory: 8491204608 bytes (8097.84 MB)
write base data version: 201300, memory: 8647401472 bytes (8246.80 MB)
write base data version: 201400, memory: 8805052416 bytes (8397.15 MB)
write base data version: 201500, memory: 8431886336 bytes (8041.27 MB)
write base data version: 201600, memory: 8583217152 bytes (8185.59 MB)
write base data version: 201700, memory: 8746123264 bytes (8340.95 MB)
write base data version: 201800, memory: 8356491264 bytes (7969.37 MB)
write base data version: 201900, memory: 8502489088 bytes (8108.61 MB)
write base data version: 202000, memory: 8645132288 bytes (8244.64 MB)
write base data version: 202100, memory: 8797364224 bytes (8389.82 MB)
write base data version: 202200, memory: 8427249664 bytes (8036.85 MB)
write base data version: 202300, memory: 8561152000 bytes (8164.55 MB)
write base data version: 202400, memory: 8703197184 bytes (8300.02 MB)
write base data version: 202500, memory: 8849448960 bytes (8439.49 MB)
write base data version: 202600, memory: 8474132480 bytes (8081.56 MB)
write base data version: 202700, memory: 8615800832 bytes (8216.67 MB)
write base data version: 202800, memory: 8761683968 bytes (8355.79 MB)
write base data version: 202900, memory: 8385744896 bytes (7997.27 MB)
write base data version: 203000, memory: 8527773696 bytes (8132.72 MB)
write base data version: 203100, memory: 8673214464 bytes (8271.42 MB)
write base data version: 203200, memory: 8819093504 bytes (8410.54 MB)
write base data version: 203300, memory: 8440459264 bytes (8049.45 MB)
write base data version: 203400, memory: 8589553664 bytes (8191.64 MB)
write base data version: 203500, memory: 8747188224 bytes (8341.97 MB)
write base data version: 203600, memory: 8891895808 bytes (8479.97 MB)
write base data version: 203700, memory: 8530386944 bytes (8135.21 MB)
write base data version: 203800, memory: 8673320960 bytes (8271.52 MB)
write base data version: 203900, memory: 8801742848 bytes (8394.00 MB)
write base data version: 204000, memory: 8424988672 bytes (8034.70 MB)
write base data version: 204100, memory: 8568418304 bytes (8171.48 MB)
write base data version: 204200, memory: 8714489856 bytes (8310.79 MB)
write base data version: 204300, memory: 8855670784 bytes (8445.43 MB)
write base data version: 204400, memory: 8483975168 bytes (8090.95 MB)
write base data version: 204500, memory: 8626196480 bytes (8226.58 MB)
write base data version: 204600, memory: 8755957760 bytes (8350.33 MB)
write base data version: 204700, memory: 8380588032 bytes (7992.35 MB)
write base data version: 204800, memory: 8523005952 bytes (8128.17 MB)
write base data version: 204900, memory: 8669626368 bytes (8268.00 MB)
write base data version: 205000, memory: 8833511424 bytes (8424.29 MB)
write base data version: 205100, memory: 8461967360 bytes (8069.96 MB)
write base data version: 205200, memory: 8614404096 bytes (8215.34 MB)
write base data version: 205300, memory: 8771518464 bytes (8365.17 MB)
write base data version: 205400, memory: 8921923584 bytes (8508.61 MB)
write base data version: 205500, memory: 8546832384 bytes (8150.89 MB)
write base data version: 205600, memory: 8689692672 bytes (8287.14 MB)
write base data version: 205700, memory: 8834764800 bytes (8425.49 MB)
write base data version: 205800, memory: 8462520320 bytes (8070.49 MB)
write base data version: 205900, memory: 8604442624 bytes (8205.84 MB)
write base data version: 206000, memory: 8749821952 bytes (8344.48 MB)
write base data version: 206100, memory: 8895119360 bytes (8483.05 MB)
write base data version: 206200, memory: 8518774784 bytes (8124.14 MB)
write base data version: 206300, memory: 8663683072 bytes (8262.33 MB)
write base data version: 206400, memory: 8811462656 bytes (8403.27 MB)
write base data version: 206500, memory: 8437497856 bytes (8046.62 MB)
write base data version: 206600, memory: 8593301504 bytes (8195.21 MB)
write base data version: 206700, memory: 8743276544 bytes (8338.24 MB)
write base data version: 206800, memory: 8889417728 bytes (8477.61 MB)
write base data version: 206900, memory: 8511217664 bytes (8116.93 MB)
write base data version: 207000, memory: 8657272832 bytes (8256.22 MB)
write base data version: 207100, memory: 8800296960 bytes (8392.62 MB)
write base data version: 207200, memory: 8946323456 bytes (8531.88 MB)
write base data version: 207300, memory: 8569049088 bytes (8172.08 MB)
write base data version: 207400, memory: 8714629120 bytes (8310.92 MB)
write base data version: 207500, memory: 8858038272 bytes (8447.68 MB)
write base data version: 207600, memory: 8482189312 bytes (8089.25 MB)
write base data version: 207700, memory: 8627363840 bytes (8227.70 MB)
write base data version: 207800, memory: 8769536000 bytes (8363.28 MB)
write base data version: 207900, memory: 8915521536 bytes (8502.50 MB)
write base data version: 208000, memory: 8539418624 bytes (8143.82 MB)
write base data version: 208100, memory: 8682868736 bytes (8280.63 MB)
write base data version: 208200, memory: 8828329984 bytes (8419.35 MB)
write base data version: 208300, memory: 8453378048 bytes (8061.77 MB)
write base data version: 208400, memory: 8599023616 bytes (8200.67 MB)
write base data version: 208500, memory: 8744169472 bytes (8339.09 MB)
write base data version: 208600, memory: 8890032128 bytes (8478.20 MB)
write base data version: 208700, memory: 8518197248 bytes (8123.59 MB)
write base data version: 208800, memory: 8672100352 bytes (8270.36 MB)
write base data version: 208900, memory: 8795090944 bytes (8387.65 MB)
write base data version: 209000, memory: 8938672128 bytes (8524.58 MB)
write base data version: 209100, memory: 8562630656 bytes (8165.96 MB)
write base data version: 209200, memory: 8707899392 bytes (8304.50 MB)
write base data version: 209300, memory: 8850526208 bytes (8440.52 MB)
write base data version: 209400, memory: 8477433856 bytes (8084.71 MB)
write base data version: 209500, memory: 8633233408 bytes (8233.29 MB)
write base data version: 209600, memory: 8787533824 bytes (8380.45 MB)
write base data version: 209700, memory: 8934924288 bytes (8521.01 MB)
write base data version: 209800, memory: 8559607808 bytes (8163.08 MB)
write base data version: 209900, memory: 8705236992 bytes (8301.96 MB)
write base data version: 210000, memory: 8847052800 bytes (8437.21 MB)
write base data version: 210100, memory: 8473825280 bytes (8081.27 MB)
write base data version: 210200, memory: 8621412352 bytes (8222.02 MB)
write base data version: 210300, memory: 8763830272 bytes (8357.84 MB)
write base data version: 210400, memory: 8909459456 bytes (8496.72 MB)
write base data version: 210500, memory: 8534196224 bytes (8138.84 MB)
write base data version: 210600, memory: 8676048896 bytes (8274.12 MB)
write base data version: 210700, memory: 8821620736 bytes (8412.95 MB)
write base data version: 210800, memory: 8970178560 bytes (8554.63 MB)
write base data version: 210900, memory: 8599199744 bytes (8200.84 MB)
write base data version: 211000, memory: 8753373184 bytes (8347.87 MB)
write base data version: 211100, memory: 8886136832 bytes (8474.48 MB)
write base data version: 211200, memory: 8510820352 bytes (8116.55 MB)
write base data version: 211300, memory: 8661450752 bytes (8260.20 MB)
write base data version: 211400, memory: 8818458624 bytes (8409.94 MB)
write base data version: 211500, memory: 8969744384 bytes (8554.21 MB)
write base data version: 211600, memory: 8595222528 bytes (8197.04 MB)
write base data version: 211700, memory: 8737263616 bytes (8332.50 MB)
write base data version: 211800, memory: 8882855936 bytes (8471.35 MB)
write base data version: 211900, memory: 8507445248 bytes (8113.33 MB)
write base data version: 212000, memory: 8649867264 bytes (8249.16 MB)
write base data version: 212100, memory: 8795779072 bytes (8388.31 MB)
write base data version: 212200, memory: 8943734784 bytes (8529.41 MB)
write base data version: 212300, memory: 8577048576 bytes (8179.71 MB)
write base data version: 212400, memory: 8708952064 bytes (8305.50 MB)
write base data version: 212500, memory: 8867188736 bytes (8456.41 MB)
write base data version: 212600, memory: 9014423552 bytes (8596.82 MB)
write base data version: 212700, memory: 8639733760 bytes (8239.49 MB)
write base data version: 212800, memory: 8793251840 bytes (8385.90 MB)
write base data version: 212900, memory: 8941826048 bytes (8527.59 MB)
write base data version: 213000, memory: 8568205312 bytes (8171.28 MB)
write base data version: 213100, memory: 8710303744 bytes (8306.79 MB)
write base data version: 213200, memory: 8856424448 bytes (8446.14 MB)
write base data version: 213300, memory: 8998240256 bytes (8581.39 MB)
write base data version: 213400, memory: 8624865280 bytes (8225.31 MB)
write base data version: 213500, memory: 8766775296 bytes (8360.65 MB)
write base data version: 213600, memory: 8912281600 bytes (8499.41 MB)
write base data version: 213700, memory: 8537219072 bytes (8141.73 MB)
write base data version: 213800, memory: 8682713088 bytes (8280.48 MB)
write base data version: 213900, memory: 8826744832 bytes (8417.84 MB)
write base data version: 214000, memory: 8971046912 bytes (8555.46 MB)
write base data version: 214100, memory: 8600137728 bytes (8201.73 MB)
write base data version: 214200, memory: 8741343232 bytes (8336.39 MB)
write base data version: 214300, memory: 8888496128 bytes (8476.73 MB)
write base data version: 214400, memory: 9034010624 bytes (8615.50 MB)
write base data version: 214500, memory: 8666935296 bytes (8265.43 MB)
write base data version: 214600, memory: 8812126208 bytes (8403.90 MB)
write base data version: 214700, memory: 8954802176 bytes (8539.96 MB)
write base data version: 214800, memory: 8580501504 bytes (8183.00 MB)
write base data version: 214900, memory: 8722567168 bytes (8318.49 MB)
write base data version: 215000, memory: 8867950592 bytes (8457.14 MB)
write base data version: 215100, memory: 9013559296 bytes (8596.00 MB)
write base data version: 215200, memory: 8637739008 bytes (8237.59 MB)
write base data version: 215300, memory: 8782327808 bytes (8375.48 MB)
write base data version: 215400, memory: 8931205120 bytes (8517.46 MB)
write base data version: 215500, memory: 8558735360 bytes (8162.25 MB)
write base data version: 215600, memory: 8714268672 bytes (8310.57 MB)
write base data version: 215700, memory: 8871972864 bytes (8460.97 MB)
write base data version: 215800, memory: 9020710912 bytes (8602.82 MB)
write base data version: 215900, memory: 8654888960 bytes (8253.95 MB)
write base data version: 216000, memory: 8800022528 bytes (8392.36 MB)
write base data version: 216100, memory: 8942075904 bytes (8527.83 MB)
write base data version: 216200, memory: 9087410176 bytes (8666.43 MB)
write base data version: 216300, memory: 8713887744 bytes (8310.21 MB)
write base data version: 216400, memory: 8855281664 bytes (8445.05 MB)
write base data version: 216500, memory: 9007394816 bytes (8590.12 MB)
write base data version: 216600, memory: 8638164992 bytes (8238.00 MB)
write base data version: 216700, memory: 8774164480 bytes (8367.70 MB)
write base data version: 216800, memory: 8931827712 bytes (8518.05 MB)
write base data version: 216900, memory: 9081667584 bytes (8660.95 MB)
write base data version: 217000, memory: 8713523200 bytes (8309.86 MB)
write base data version: 217100, memory: 8871661568 bytes (8460.68 MB)
write base data version: 217200, memory: 9019949056 bytes (8602.09 MB)
write base data version: 217300, memory: 8649629696 bytes (8248.93 MB)
write base data version: 217400, memory: 8799199232 bytes (8391.57 MB)
write base data version: 217500, memory: 8944812032 bytes (8530.44 MB)
write base data version: 217600, memory: 9087856640 bytes (8666.86 MB)
write base data version: 217700, memory: 8712007680 bytes (8308.42 MB)
write base data version: 217800, memory: 8857579520 bytes (8447.25 MB)
write base data version: 217900, memory: 9002119168 bytes (8585.09 MB)
write base data version: 218000, memory: 9145864192 bytes (8722.18 MB)
write base data version: 218100, memory: 8767741952 bytes (8361.57 MB)
write base data version: 218200, memory: 8913027072 bytes (8500.12 MB)
write base data version: 218300, memory: 9058312192 bytes (8638.68 MB)
write base data version: 218400, memory: 8681746432 bytes (8279.56 MB)
write base data version: 218500, memory: 8826097664 bytes (8417.22 MB)
write base data version: 218600, memory: 8982102016 bytes (8566.00 MB)
write base data version: 218700, memory: 9131003904 bytes (8708.00 MB)
write base data version: 218800, memory: 8772673536 bytes (8366.27 MB)
write base data version: 218900, memory: 8915927040 bytes (8502.89 MB)
write base data version: 219000, memory: 9072594944 bytes (8652.30 MB)
write base data version: 219100, memory: 8699748352 bytes (8296.73 MB)
write base data version: 219200, memory: 8839311360 bytes (8429.82 MB)
write base data version: 219300, memory: 8995151872 bytes (8578.45 MB)
write base data version: 219400, memory: 9148051456 bytes (8724.26 MB)
write base data version: 219500, memory: 8771141632 bytes (8364.81 MB)
write base data version: 219600, memory: 8920932352 bytes (8507.66 MB)
write base data version: 219700, memory: 9082769408 bytes (8662.00 MB)
write base data version: 219800, memory: 9227890688 bytes (8800.40 MB)
write base data version: 219900, memory: 8849453056 bytes (8439.50 MB)
write base data version: 220000, memory: 8993591296 bytes (8576.96 MB)
write base data version: 220100, memory: 9142050816 bytes (8718.54 MB)
write base data version: 220200, memory: 8774811648 bytes (8368.31 MB)
write base data version: 220300, memory: 8920170496 bytes (8506.94 MB)
write base data version: 220400, memory: 9061801984 bytes (8642.01 MB)
write base data version: 220500, memory: 9207455744 bytes (8780.91 MB)
write base data version: 220600, memory: 8832208896 bytes (8423.05 MB)
write base data version: 220700, memory: 8972177408 bytes (8556.54 MB)
write base data version: 220800, memory: 9120317440 bytes (8697.81 MB)
write base data version: 220900, memory: 9261678592 bytes (8832.62 MB)
write base data version: 221000, memory: 8887062528 bytes (8475.36 MB)
write base data version: 221100, memory: 9032347648 bytes (8613.92 MB)
write base data version: 221200, memory: 9177395200 bytes (8752.25 MB)
write base data version: 221300, memory: 8800796672 bytes (8393.09 MB)
write base data version: 221400, memory: 8946143232 bytes (8531.71 MB)
write base data version: 221500, memory: 9091637248 bytes (8670.46 MB)
write base data version: 221600, memory: 9234006016 bytes (8806.23 MB)
write base data version: 221700, memory: 8858189824 bytes (8447.83 MB)
write base data version: 221800, memory: 9003778048 bytes (8586.67 MB)
write base data version: 221900, memory: 9147482112 bytes (8723.72 MB)
write base data version: 222000, memory: 8770310144 bytes (8364.02 MB)
write base data version: 222100, memory: 8914903040 bytes (8501.91 MB)
write base data version: 222200, memory: 9057325056 bytes (8637.74 MB)
write base data version: 222300, memory: 9205223424 bytes (8778.79 MB)
write base data version: 222400, memory: 8825905152 bytes (8417.04 MB)
write base data version: 222500, memory: 8974893056 bytes (8559.12 MB)
write base data version: 222600, memory: 9116483584 bytes (8694.16 MB)
write base data version: 222700, memory: 9262047232 bytes (8832.98 MB)
write base data version: 222800, memory: 8886149120 bytes (8474.49 MB)
write base data version: 222900, memory: 9031766016 bytes (8613.36 MB)
write base data version: 223000, memory: 9173041152 bytes (8748.09 MB)
write base data version: 223100, memory: 8798412800 bytes (8390.82 MB)
write base data version: 223200, memory: 8952524800 bytes (8537.79 MB)
write base data version: 223300, memory: 9102901248 bytes (8681.20 MB)
write base data version: 223400, memory: 9253974016 bytes (8825.28 MB)
write base data version: 223500, memory: 8883769344 bytes (8472.22 MB)
write base data version: 223600, memory: 9027063808 bytes (8608.88 MB)
write base data version: 223700, memory: 9169805312 bytes (8745.01 MB)
write base data version: 223800, memory: 8795308032 bytes (8387.86 MB)
write base data version: 223900, memory: 8943742976 bytes (8529.42 MB)
write base data version: 224000, memory: 9085845504 bytes (8664.94 MB)
write base data version: 224100, memory: 9230659584 bytes (8803.04 MB)
write base data version: 224200, memory: 8855638016 bytes (8445.39 MB)
write base data version: 224300, memory: 8996962304 bytes (8580.17 MB)
write base data version: 224400, memory: 9141116928 bytes (8717.65 MB)
write base data version: 224500, memory: 9305260032 bytes (8874.19 MB)
write base data version: 224600, memory: 8928624640 bytes (8515.00 MB)
write base data version: 224700, memory: 9071591424 bytes (8651.34 MB)
write base data version: 224800, memory: 9218379776 bytes (8791.33 MB)
write base data version: 224900, memory: 8845856768 bytes (8436.07 MB)
write base data version: 225000, memory: 8990081024 bytes (8573.61 MB)
write base data version: 225100, memory: 9134301184 bytes (8711.15 MB)
write base data version: 225200, memory: 9279528960 bytes (8849.65 MB)
write base data version: 225300, memory: 8901095424 bytes (8488.75 MB)
write base data version: 225400, memory: 9044905984 bytes (8625.89 MB)
write base data version: 225500, memory: 9197543424 bytes (8771.46 MB)
write base data version: 225600, memory: 8820994048 bytes (8412.36 MB)
write base data version: 225700, memory: 8963559424 bytes (8548.32 MB)
write base data version: 225800, memory: 9109987328 bytes (8687.96 MB)
write base data version: 225900, memory: 9251713024 bytes (8823.12 MB)
write base data version: 226000, memory: 8879140864 bytes (8467.81 MB)
write base data version: 226100, memory: 9021210624 bytes (8603.30 MB)
write base data version: 226200, memory: 9167364096 bytes (8742.68 MB)
write base data version: 226300, memory: 9309544448 bytes (8878.27 MB)
write base data version: 226400, memory: 8935141376 bytes (8521.21 MB)
write base data version: 226500, memory: 9080573952 bytes (8659.91 MB)
write base data version: 226600, memory: 9221971968 bytes (8794.76 MB)
write base data version: 226700, memory: 8848691200 bytes (8438.77 MB)
write base data version: 226800, memory: 8993198080 bytes (8576.58 MB)
write base data version: 226900, memory: 9136238592 bytes (8713.00 MB)
write base data version: 227000, memory: 9282056192 bytes (8852.06 MB)
write base data version: 227100, memory: 8904323072 bytes (8491.82 MB)
write base data version: 227200, memory: 9049464832 bytes (8630.24 MB)
write base data version: 227300, memory: 9195827200 bytes (8769.82 MB)
write base data version: 227400, memory: 8819372032 bytes (8410.81 MB)
write base data version: 227500, memory: 8965189632 bytes (8549.87 MB)
write base data version: 227600, memory: 9110409216 bytes (8688.36 MB)
write base data version: 227700, memory: 9255247872 bytes (8826.49 MB)
write base data version: 227800, memory: 8880250880 bytes (8468.87 MB)
write base data version: 227900, memory: 9024806912 bytes (8606.73 MB)
write base data version: 228000, memory: 9167847424 bytes (8743.14 MB)
write base data version: 228100, memory: 9312153600 bytes (8880.76 MB)
write base data version: 228200, memory: 8936996864 bytes (8522.98 MB)
write base data version: 228300, memory: 9091674112 bytes (8670.50 MB)
write base data version: 228400, memory: 9234345984 bytes (8806.56 MB)
write base data version: 228500, memory: 8858546176 bytes (8448.17 MB)
write base data version: 228600, memory: 9003540480 bytes (8586.45 MB)
write base data version: 228700, memory: 9148321792 bytes (8724.52 MB)
write base data version: 228800, memory: 9292763136 bytes (8862.27 MB)
write base data version: 228900, memory: 8915247104 bytes (8502.24 MB)
write base data version: 229000, memory: 9059688448 bytes (8639.99 MB)
write base data version: 229100, memory: 9207394304 bytes (8780.86 MB)
write base data version: 229200, memory: 8836255744 bytes (8426.91 MB)
write base data version: 229300, memory: 8980815872 bytes (8564.77 MB)
write base data version: 229400, memory: 9124028416 bytes (8701.35 MB)
write base data version: 229500, memory: 9275822080 bytes (8846.11 MB)
write base data version: 229600, memory: 8904679424 bytes (8492.16 MB)
write base data version: 229700, memory: 9050144768 bytes (8630.89 MB)
write base data version: 229800, memory: 9195675648 bytes (8769.68 MB)
write base data version: 229900, memory: 9337327616 bytes (8904.77 MB)
write base data version: 230000, memory: 8962682880 bytes (8547.48 MB)
write base data version: 230100, memory: 9107324928 bytes (8685.42 MB)
write base data version: 230200, memory: 9252073472 bytes (8823.46 MB)
write base data version: 230300, memory: 8877293568 bytes (8466.05 MB)
write base data version: 230400, memory: 9023574016 bytes (8605.55 MB)
write base data version: 230500, memory: 9177686016 bytes (8752.52 MB)
write base data version: 230600, memory: 9323085824 bytes (8891.19 MB)
write base data version: 230700, memory: 8947564544 bytes (8533.06 MB)
write base data version: 230800, memory: 9090867200 bytes (8669.73 MB)
write base data version: 230900, memory: 9238446080 bytes (8810.47 MB)
write base data version: 231000, memory: 8877621248 bytes (8466.36 MB)
write base data version: 231100, memory: 9023139840 bytes (8605.14 MB)
write base data version: 231200, memory: 9165520896 bytes (8740.92 MB)
write base data version: 231300, memory: 9310425088 bytes (8879.11 MB)
write base data version: 231400, memory: 8935190528 bytes (8521.26 MB)
write base data version: 231500, memory: 9077624832 bytes (8657.10 MB)
write base data version: 231600, memory: 9225527296 bytes (8798.15 MB)
write base data version: 231700, memory: 9373560832 bytes (8939.32 MB)
write base data version: 231800, memory: 9003073536 bytes (8586.00 MB)
write base data version: 231900, memory: 9151680512 bytes (8727.72 MB)
write base data version: 232000, memory: 9306796032 bytes (8875.65 MB)
write base data version: 232100, memory: 8933924864 bytes (8520.05 MB)
write base data version: 232200, memory: 9076879360 bytes (8656.39 MB)
write base data version: 232300, memory: 9220702208 bytes (8793.55 MB)
write base data version: 232400, memory: 9366216704 bytes (8932.32 MB)
write base data version: 232500, memory: 8989777920 bytes (8573.32 MB)
write base data version: 232600, memory: 9135636480 bytes (8712.42 MB)
write base data version: 232700, memory: 9280946176 bytes (8851.00 MB)
write base data version: 232800, memory: 8895705088 bytes (8483.61 MB)
write base data version: 232900, memory: 9038794752 bytes (8620.07 MB)
write base data version: 233000, memory: 9184604160 bytes (8759.12 MB)
write base data version: 233100, memory: 9327763456 bytes (8895.65 MB)
write base data version: 233200, memory: 8951566336 bytes (8536.88 MB)
write base data version: 233300, memory: 9096110080 bytes (8674.73 MB)
write base data version: 233400, memory: 9244430336 bytes (8816.18 MB)
write base data version: 233500, memory: 9387974656 bytes (8953.07 MB)
write base data version: 233600, memory: 9011150848 bytes (8593.70 MB)
write base data version: 233700, memory: 9155899392 bytes (8731.75 MB)
write base data version: 233800, memory: 9301442560 bytes (8870.55 MB)
write base data version: 233900, memory: 8925978624 bytes (8512.48 MB)
write base data version: 234000, memory: 9074364416 bytes (8653.99 MB)
write base data version: 234100, memory: 9227915264 bytes (8800.43 MB)
write base data version: 234200, memory: 9328467968 bytes (8896.32 MB)
write base data version: 234300, memory: 8952647680 bytes (8537.91 MB)
write base data version: 234400, memory: 9095233536 bytes (8673.89 MB)
write base data version: 234500, memory: 9242312704 bytes (8814.16 MB)
write base data version: 234600, memory: 8866963456 bytes (8456.20 MB)
write base data version: 234700, memory: 9021829120 bytes (8603.89 MB)
write base data version: 234800, memory: 9171202048 bytes (8746.34 MB)
write base data version: 234900, memory: 9299767296 bytes (8868.95 MB)
write base data version: 235000, memory: 8922169344 bytes (8508.84 MB)
write base data version: 235100, memory: 9065738240 bytes (8645.76 MB)
write base data version: 235200, memory: 9211240448 bytes (8784.52 MB)
write base data version: 235300, memory: 9356054528 bytes (8922.63 MB)
write base data version: 235400, memory: 8980393984 bytes (8564.37 MB)
write base data version: 235500, memory: 9124884480 bytes (8702.17 MB)
write base data version: 235600, memory: 9285648384 bytes (8855.48 MB)
write base data version: 235700, memory: 8917164032 bytes (8504.07 MB)
write base data version: 235800, memory: 9063084032 bytes (8643.23 MB)
write base data version: 235900, memory: 9209765888 bytes (8783.12 MB)
write base data version: 236000, memory: 9356460032 bytes (8923.02 MB)
write base data version: 236100, memory: 8986079232 bytes (8569.79 MB)
write base data version: 236200, memory: 9129082880 bytes (8706.17 MB)
write base data version: 236300, memory: 9272782848 bytes (8843.21 MB)
write base data version: 236400, memory: 8901840896 bytes (8489.46 MB)
write base data version: 236500, memory: 9046573056 bytes (8627.48 MB)
write base data version: 236600, memory: 9198534656 bytes (8772.41 MB)
write base data version: 236700, memory: 9343610880 bytes (8910.76 MB)
write base data version: 236800, memory: 8967966720 bytes (8552.52 MB)
write base data version: 236900, memory: 9112948736 bytes (8690.79 MB)
write base data version: 237000, memory: 9252593664 bytes (8823.96 MB)
write base data version: 237100, memory: 9395757056 bytes (8960.49 MB)
write base data version: 237200, memory: 9020792832 bytes (8602.90 MB)
write base data version: 237300, memory: 9165791232 bytes (8741.18 MB)
write base data version: 237400, memory: 9309941760 bytes (8878.65 MB)
write base data version: 237500, memory: 8935157760 bytes (8521.23 MB)
write base data version: 237600, memory: 9080168448 bytes (8659.52 MB)
write base data version: 237700, memory: 9221443584 bytes (8794.25 MB)
write base data version: 237800, memory: 9367224320 bytes (8933.28 MB)
write base data version: 237900, memory: 8991842304 bytes (8575.29 MB)
write base data version: 238000, memory: 9134587904 bytes (8711.42 MB)
write base data version: 238100, memory: 9279971328 bytes (8850.07 MB)
write base data version: 238200, memory: 9424531456 bytes (8987.93 MB)
write base data version: 238300, memory: 9049608192 bytes (8630.38 MB)
write base data version: 238400, memory: 9198907392 bytes (8772.76 MB)
write base data version: 238500, memory: 9350635520 bytes (8917.46 MB)
write base data version: 238600, memory: 8976109568 bytes (8560.29 MB)
write base data version: 238700, memory: 9120661504 bytes (8698.14 MB)
write base data version: 238800, memory: 9276915712 bytes (8847.16 MB)
write base data version: 238900, memory: 9423269888 bytes (8986.73 MB)
write base data version: 239000, memory: 9049538560 bytes (8630.31 MB)
write base data version: 239100, memory: 9193967616 bytes (8768.05 MB)
write base data version: 239200, memory: 9335238656 bytes (8902.78 MB)
write base data version: 239300, memory: 8964382720 bytes (8549.10 MB)
write base data version: 239400, memory: 9106731008 bytes (8684.86 MB)
write base data version: 239500, memory: 9259786240 bytes (8830.82 MB)
write base data version: 239600, memory: 9405485056 bytes (8969.77 MB)
write base data version: 239700, memory: 9039912960 bytes (8621.13 MB)
write base data version: 239800, memory: 9185640448 bytes (8760.11 MB)
write base data version: 239900, memory: 9330659328 bytes (8898.41 MB)
write base data version: 240000, memory: 9472188416 bytes (9033.38 MB)
write base data version: 240100, memory: 9097461760 bytes (8676.02 MB)
write base data version: 240200, memory: 9242558464 bytes (8814.39 MB)
write base data version: 240300, memory: 9385807872 bytes (8951.00 MB)
write base data version: 240400, memory: 9020760064 bytes (8602.87 MB)
write base data version: 240500, memory: 9152585728 bytes (8728.59 MB)
write base data version: 240600, memory: 9299292160 bytes (8868.50 MB)
write base data version: 240700, memory: 9444519936 bytes (9007.00 MB)
write base data version: 240800, memory: 9066778624 bytes (8646.75 MB)
write base data version: 240900, memory: 9211383808 bytes (8784.66 MB)
write base data version: 241000, memory: 9355808768 bytes (8922.39 MB)
write base data version: 241100, memory: 8982011904 bytes (8565.91 MB)
write base data version: 241200, memory: 9130131456 bytes (8707.17 MB)
write base data version: 241300, memory: 9290055680 bytes (8859.69 MB)
write base data version: 241400, memory: 9443831808 bytes (9006.34 MB)
write base data version: 241500, memory: 9059553280 bytes (8639.86 MB)
write base data version: 241600, memory: 9216573440 bytes (8789.61 MB)
write base data version: 241700, memory: 9362874368 bytes (8929.13 MB)
write base data version: 241800, memory: 9509453824 bytes (9068.92 MB)
write base data version: 241900, memory: 9132310528 bytes (8709.25 MB)
write base data version: 242000, memory: 9277841408 bytes (8848.04 MB)
write base data version: 242100, memory: 9423548416 bytes (8987.00 MB)
write base data version: 242200, memory: 9046921216 bytes (8627.82 MB)
write base data version: 242300, memory: 9191579648 bytes (8765.77 MB)
write base data version: 242400, memory: 9341210624 bytes (8908.47 MB)
write base data version: 242500, memory: 9487323136 bytes (9047.82 MB)
write base data version: 242600, memory: 9113219072 bytes (8691.04 MB)
write base data version: 242700, memory: 9271308288 bytes (8841.81 MB)
write base data version: 242800, memory: 9419272192 bytes (8982.92 MB)
write base data version: 242900, memory: 9044824064 bytes (8625.82 MB)
write base data version: 243000, memory: 9187319808 bytes (8761.71 MB)
write base data version: 243100, memory: 9332764672 bytes (8900.42 MB)
write base data version: 243200, memory: 9481273344 bytes (9042.05 MB)
write base data version: 243300, memory: 9102536704 bytes (8680.86 MB)
write base data version: 243400, memory: 9248034816 bytes (8819.61 MB)
write base data version: 243500, memory: 9393483776 bytes (8958.32 MB)
write base data version: 243600, memory: 9536090112 bytes (9094.32 MB)
write base data version: 243700, memory: 9160269824 bytes (8735.91 MB)
write base data version: 243800, memory: 9308385280 bytes (8877.17 MB)
write base data version: 243900, memory: 9460678656 bytes (9022.41 MB)
write base data version: 244000, memory: 9088651264 bytes (8667.61 MB)
write base data version: 244100, memory: 9243422720 bytes (8815.21 MB)
write base data version: 244200, memory: 9400115200 bytes (8964.65 MB)
write base data version: 244300, memory: 9545433088 bytes (9103.23 MB)
write base data version: 244400, memory: 9174667264 bytes (8749.64 MB)
write base data version: 244500, memory: 9308745728 bytes (8877.51 MB)
write base data version: 244600, memory: 9456513024 bytes (9018.43 MB)
write base data version: 244700, memory: 9602273280 bytes (9157.44 MB)
write base data version: 244800, memory: 9239273472 bytes (8811.26 MB)
write base data version: 244900, memory: 9390399488 bytes (8955.38 MB)
write base data version: 245000, memory: 9536385024 bytes (9094.61 MB)
write base data version: 245100, memory: 9162227712 bytes (8737.78 MB)
write base data version: 245200, memory: 9308966912 bytes (8877.72 MB)
write base data version: 245300, memory: 9462599680 bytes (9024.24 MB)
write base data version: 245400, memory: 9620123648 bytes (9174.46 MB)
write base data version: 245500, memory: 9253113856 bytes (8824.46 MB)
write base data version: 245600, memory: 9406480384 bytes (8970.72 MB)
write base data version: 245700, memory: 9561661440 bytes (9118.71 MB)
write base data version: 245800, memory: 9189769216 bytes (8764.05 MB)
write base data version: 245900, memory: 9333264384 bytes (8900.89 MB)
write base data version: 246000, memory: 9478197248 bytes (9039.11 MB)
write base data version: 246100, memory: 9623150592 bytes (9177.35 MB)
write base data version: 246200, memory: 9245155328 bytes (8816.87 MB)
write base data version: 246300, memory: 9390866432 bytes (8955.83 MB)
write base data version: 246400, memory: 9532809216 bytes (9091.20 MB)
write base data version: 246500, memory: 9159950336 bytes (8735.61 MB)
write base data version: 246600, memory: 9304936448 bytes (8873.88 MB)
write base data version: 246700, memory: 9449541632 bytes (9011.79 MB)
write base data version: 246800, memory: 9592274944 bytes (9147.91 MB)
write base data version: 246900, memory: 9217323008 bytes (8790.32 MB)
write base data version: 247000, memory: 9362894848 bytes (8929.15 MB)
write base data version: 247100, memory: 9506922496 bytes (9066.51 MB)
write base data version: 247200, memory: 9655177216 bytes (9207.89 MB)
write base data version: 247300, memory: 9281310720 bytes (8851.35 MB)
write base data version: 247400, memory: 9426030592 bytes (8989.36 MB)
write base data version: 247500, memory: 9567916032 bytes (9124.68 MB)
write base data version: 247600, memory: 9192779776 bytes (8766.92 MB)
write base data version: 247700, memory: 9339478016 bytes (8906.82 MB)
write base data version: 247800, memory: 9491779584 bytes (9052.07 MB)
write base data version: 247900, memory: 9650929664 bytes (9203.84 MB)
write base data version: 248000, memory: 9281732608 bytes (8851.75 MB)
write base data version: 248100, memory: 9436737536 bytes (8999.57 MB)
write base data version: 248200, memory: 9562468352 bytes (9119.48 MB)
write base data version: 248300, memory: 9188679680 bytes (8763.01 MB)
write base data version: 248400, memory: 9333657600 bytes (8901.27 MB)
write base data version: 248500, memory: 9475747840 bytes (9036.78 MB)
write base data version: 248600, memory: 9620824064 bytes (9175.13 MB)
write base data version: 248700, memory: 9245544448 bytes (8817.24 MB)
write base data version: 248800, memory: 9389924352 bytes (8954.93 MB)
write base data version: 248900, memory: 9533829120 bytes (9092.17 MB)
write base data version: 249000, memory: 9676337152 bytes (9228.07 MB)
write base data version: 249100, memory: 9301311488 bytes (8870.42 MB)
write base data version: 249200, memory: 9452580864 bytes (9014.68 MB)
write base data version: 249300, memory: 9613987840 bytes (9168.61 MB)
write base data version: 249400, memory: 9237229568 bytes (8809.31 MB)
write base data version: 249500, memory: 9382985728 bytes (8948.31 MB)
write base data version: 249600, memory: 9528446976 bytes (9087.04 MB)
write base data version: 249700, memory: 9673658368 bytes (9225.52 MB)
write base data version: 249800, memory: 9308065792 bytes (8876.86 MB)
write base data version: 249900, memory: 9468444672 bytes (9029.81 MB)
write base data version: 250000, memory: 9615024128 bytes (9169.60 MB)
write base data version: 250100, memory: 9239736320 bytes (8811.70 MB)
write base data version: 250200, memory: 9385086976 bytes (8950.32 MB)
write base data version: 250300, memory: 9536663552 bytes (9094.87 MB)
write base data version: 250400, memory: 9690562560 bytes (9241.64 MB)
write base data version: 250500, memory: 9330274304 bytes (8898.04 MB)
write base data version: 250600, memory: 9476005888 bytes (9037.02 MB)
write base data version: 250700, memory: 9622945792 bytes (9177.16 MB)
write base data version: 250800, memory: 9778569216 bytes (9325.57 MB)
write base data version: 250900, memory: 9400705024 bytes (8965.21 MB)
write base data version: 251000, memory: 9555300352 bytes (9112.64 MB)
write base data version: 251100, memory: 9704927232 bytes (9255.34 MB)
write base data version: 251200, memory: 9332936704 bytes (8900.58 MB)
write base data version: 251300, memory: 9490571264 bytes (9050.91 MB)
write base data version: 251400, memory: 9632911360 bytes (9186.66 MB)
write base data version: 251500, memory: 9778024448 bytes (9325.05 MB)
write base data version: 251600, memory: 9410203648 bytes (8974.27 MB)
write base data version: 251700, memory: 9565126656 bytes (9122.02 MB)
write base data version: 251800, memory: 9717129216 bytes (9266.98 MB)
write base data version: 251900, memory: 9862012928 bytes (9405.15 MB)
write base data version: 252000, memory: 9465913344 bytes (9027.40 MB)
write base data version: 252100, memory: 9607692288 bytes (9162.61 MB)
write base data version: 252200, memory: 9752948736 bytes (9301.14 MB)
write base data version: 252300, memory: 9378082816 bytes (8943.64 MB)
write base data version: 252400, memory: 9520431104 bytes (9079.39 MB)
write base data version: 252500, memory: 9665069056 bytes (9217.33 MB)
write base data version: 252600, memory: 9810477056 bytes (9356.00 MB)
write base data version: 252700, memory: 9432891392 bytes (8995.91 MB)
write base data version: 252800, memory: 9577590784 bytes (9133.90 MB)
write base data version: 252900, memory: 9723244544 bytes (9272.81 MB)
write base data version: 253000, memory: 9322622976 bytes (8890.75 MB)
write base data version: 253100, memory: 9468092416 bytes (9029.48 MB)
write base data version: 253200, memory: 9607647232 bytes (9162.57 MB)
write base data version: 253300, memory: 9759518720 bytes (9307.40 MB)
write base data version: 253400, memory: 9389404160 bytes (8954.43 MB)
write base data version: 253500, memory: 9536573440 bytes (9094.79 MB)
write base data version: 253600, memory: 9688776704 bytes (9239.94 MB)
write base data version: 253700, memory: 9841545216 bytes (9385.63 MB)
write base data version: 253800, memory: 9465249792 bytes (9026.77 MB)
write base data version: 253900, memory: 9609740288 bytes (9164.56 MB)
write base data version: 254000, memory: 9755107328 bytes (9303.20 MB)
write base data version: 254100, memory: 9379819520 bytes (8945.29 MB)
write base data version: 254200, memory: 9524625408 bytes (9083.39 MB)
write base data version: 254300, memory: 9666203648 bytes (9218.41 MB)
write base data version: 254400, memory: 9811922944 bytes (9357.38 MB)
write base data version: 254500, memory: 9436844032 bytes (8999.68 MB)
write base data version: 254600, memory: 9578504192 bytes (9134.77 MB)
write base data version: 254700, memory: 9724346368 bytes (9273.86 MB)
write base data version: 254800, memory: 9353445376 bytes (8920.14 MB)
write base data version: 254900, memory: 9506291712 bytes (9065.91 MB)
write base data version: 255000, memory: 9657335808 bytes (9209.95 MB)
write base data version: 255100, memory: 9803124736 bytes (9348.99 MB)
write base data version: 255200, memory: 9428119552 bytes (8991.36 MB)
write base data version: 255300, memory: 9570205696 bytes (9126.86 MB)
write base data version: 255400, memory: 9716674560 bytes (9266.54 MB)
write base data version: 255500, memory: 9861799936 bytes (9404.95 MB)
write base data version: 255600, memory: 9486651392 bytes (9047.18 MB)
write base data version: 255700, memory: 9641639936 bytes (9194.98 MB)
write base data version: 255800, memory: 9785409536 bytes (9332.09 MB)
write base data version: 255900, memory: 9411145728 bytes (8975.17 MB)
write base data version: 256000, memory: 9556058112 bytes (9113.37 MB)
write base data version: 256100, memory: 9698402304 bytes (9249.12 MB)
write base data version: 256200, memory: 9842307072 bytes (9386.36 MB)
write base data version: 256300, memory: 9467011072 bytes (9028.45 MB)
write base data version: 256400, memory: 9620111360 bytes (9174.45 MB)
write base data version: 256500, memory: 9782677504 bytes (9329.49 MB)
write base data version: 256600, memory: 9413255168 bytes (8977.18 MB)
write base data version: 256700, memory: 9570340864 bytes (9126.99 MB)
write base data version: 256800, memory: 9707061248 bytes (9257.38 MB)
write base data version: 256900, memory: 9850777600 bytes (9394.43 MB)
write base data version: 257000, memory: 9475989504 bytes (9037.01 MB)
write base data version: 257100, memory: 9621172224 bytes (9175.46 MB)
write base data version: 257200, memory: 9763532800 bytes (9311.23 MB)
write base data version: 257300, memory: 9908531200 bytes (9449.51 MB)
write base data version: 257400, memory: 9533784064 bytes (9092.12 MB)
write base data version: 257500, memory: 9678622720 bytes (9230.25 MB)
write base data version: 257600, memory: 9820315648 bytes (9365.38 MB)
write base data version: 257700, memory: 9445175296 bytes (9007.62 MB)
write base data version: 257800, memory: 9590611968 bytes (9146.32 MB)
write base data version: 257900, memory: 9738387456 bytes (9287.25 MB)
write base data version: 258000, memory: 9883230208 bytes (9425.38 MB)
write base data version: 258100, memory: 9513619456 bytes (9072.89 MB)
write base data version: 258200, memory: 9658396672 bytes (9210.96 MB)
write base data version: 258300, memory: 9800781824 bytes (9346.75 MB)
write base data version: 258400, memory: 9424449536 bytes (8987.86 MB)
write base data version: 258500, memory: 9559347200 bytes (9116.50 MB)
write base data version: 258600, memory: 9707892736 bytes (9258.17 MB)
write base data version: 258700, memory: 9850552320 bytes (9394.22 MB)
write base data version: 258800, memory: 9475002368 bytes (9036.07 MB)
write base data version: 258900, memory: 9619828736 bytes (9174.18 MB)
write base data version: 259000, memory: 9765179392 bytes (9312.80 MB)
write base data version: 259100, memory: 9907675136 bytes (9448.70 MB)
write base data version: 259200, memory: 9531711488 bytes (9090.15 MB)
write base data version: 259300, memory: 9678237696 bytes (9229.89 MB)
write base data version: 259400, memory: 9823019008 bytes (9367.96 MB)
write base data version: 259500, memory: 9449336832 bytes (9011.59 MB)
write base data version: 259600, memory: 9601585152 bytes (9156.79 MB)
write base data version: 259700, memory: 9763024896 bytes (9310.75 MB)
write base data version: 259800, memory: 9907908608 bytes (9448.92 MB)
write base data version: 259900, memory: 9533730816 bytes (9092.07 MB)
write base data version: 260000, memory: 9686360064 bytes (9237.63 MB)
write base data version: 260100, memory: 9828417536 bytes (9373.11 MB)
write base data version: 260200, memory: 9453801472 bytes (9015.85 MB)
write base data version: 260300, memory: 9607503872 bytes (9162.43 MB)
write base data version: 260400, memory: 9747341312 bytes (9295.79 MB)
write base data version: 260500, memory: 9902731264 bytes (9443.98 MB)
write base data version: 260600, memory: 9529450496 bytes (9087.99 MB)
write base data version: 260700, memory: 9684082688 bytes (9235.46 MB)
write base data version: 260800, memory: 9826648064 bytes (9371.42 MB)
write base data version: 260900, memory: 9970008064 bytes (9508.14 MB)
write base data version: 261000, memory: 9595232256 bytes (9150.73 MB)
write base data version: 261100, memory: 9740398592 bytes (9289.17 MB)
write base data version: 261200, memory: 9884139520 bytes (9426.25 MB)
write base data version: 261300, memory: 9506840576 bytes (9066.43 MB)
write base data version: 261400, memory: 9634119680 bytes (9187.81 MB)
write base data version: 261500, memory: 9782861824 bytes (9329.66 MB)
write base data version: 261600, memory: 9932046336 bytes (9471.94 MB)
write base data version: 261700, memory: 9563820032 bytes (9120.77 MB)
write base data version: 261800, memory: 9705492480 bytes (9255.88 MB)
write base data version: 261900, memory: 9850589184 bytes (9394.25 MB)
write base data version: 262000, memory: 9995403264 bytes (9532.36 MB)
write base data version: 262100, memory: 9620451328 bytes (9174.78 MB)
write base data version: 262200, memory: 9762557952 bytes (9310.30 MB)
write base data version: 262300, memory: 9909002240 bytes (9449.96 MB)
write base data version: 262400, memory: 9534320640 bytes (9092.64 MB)
write base data version: 262500, memory: 9679601664 bytes (9231.19 MB)
write base data version: 262600, memory: 9823948800 bytes (9368.85 MB)
write base data version: 262700, memory: 9969389568 bytes (9507.55 MB)
write base data version: 262800, memory: 9594089472 bytes (9149.64 MB)
write base data version: 262900, memory: 9739186176 bytes (9288.01 MB)
write base data version: 263000, memory: 9882152960 bytes (9424.36 MB)
write base data version: 263100, memory: 9505280000 bytes (9064.94 MB)
write base data version: 263200, memory: 9650405376 bytes (9203.34 MB)
write base data version: 263300, memory: 9794936832 bytes (9341.18 MB)
write base data version: 263400, memory: 9940111360 bytes (9479.63 MB)
write base data version: 263500, memory: 9564700672 bytes (9121.61 MB)
write base data version: 263600, memory: 9711890432 bytes (9261.98 MB)
write base data version: 263700, memory: 9857036288 bytes (9400.40 MB)
write base data version: 263800, memory: 9481961472 bytes (9042.70 MB)
write base data version: 263900, memory: 9626955776 bytes (9180.98 MB)
write base data version: 264000, memory: 9778851840 bytes (9325.84 MB)
write base data version: 264100, memory: 9923588096 bytes (9463.87 MB)
write base data version: 264200, memory: 9552904192 bytes (9110.36 MB)
write base data version: 264300, memory: 9704046592 bytes (9254.50 MB)
write base data version: 264400, memory: 9849581568 bytes (9393.29 MB)
write base data version: 264500, memory: 9994117120 bytes (9531.13 MB)
write base data version: 264600, memory: 9616613376 bytes (9171.12 MB)
write base data version: 264700, memory: 9768333312 bytes (9315.81 MB)
write base data version: 264800, memory: 9922437120 bytes (9462.77 MB)
write base data version: 264900, memory: 9545011200 bytes (9102.83 MB)
write base data version: 265000, memory: 9702555648 bytes (9253.08 MB)
write base data version: 265100, memory: 9846476800 bytes (9390.33 MB)
write base data version: 265200, memory: 9990119424 bytes (9527.32 MB)
write base data version: 265300, memory: 9615060992 bytes (9169.64 MB)
write base data version: 265400, memory: 9760452608 bytes (9308.29 MB)
write base data version: 265500, memory: 9901936640 bytes (9443.22 MB)
write base data version: 265600, memory: 10047262720 bytes (9581.82 MB)
write base data version: 265700, memory: 9663737856 bytes (9216.06 MB)
write base data version: 265800, memory: 9806864384 bytes (9352.55 MB)
write base data version: 265900, memory: 9950359552 bytes (9489.40 MB)
write base data version: 266000, memory: 9577181184 bytes (9133.51 MB)
write base data version: 266100, memory: 9728335872 bytes (9277.66 MB)
write base data version: 266200, memory: 9884577792 bytes (9426.67 MB)
write base data version: 266300, memory: 10029096960 bytes (9564.49 MB)
write base data version: 266400, memory: 9654067200 bytes (9206.84 MB)
write base data version: 266500, memory: 9781100544 bytes (9327.98 MB)
write base data version: 266600, memory: 9922555904 bytes (9462.89 MB)
write base data version: 266700, memory: 9547104256 bytes (9104.83 MB)
write base data version: 266800, memory: 9692479488 bytes (9243.47 MB)
write base data version: 266900, memory: 9840668672 bytes (9384.79 MB)
write base data version: 267000, memory: 9986007040 bytes (9523.40 MB)
write base data version: 267100, memory: 9610280960 bytes (9165.08 MB)
write base data version: 267200, memory: 9765957632 bytes (9313.54 MB)
write base data version: 267300, memory: 9912918016 bytes (9453.70 MB)
write base data version: 267400, memory: 10054598656 bytes (9588.81 MB)
write base data version: 267500, memory: 9683120128 bytes (9234.54 MB)
write base data version: 267600, memory: 9834823680 bytes (9379.22 MB)
write base data version: 267700, memory: 9980477440 bytes (9518.12 MB)
write base data version: 267800, memory: 9604505600 bytes (9159.57 MB)
write base data version: 267900, memory: 9748086784 bytes (9296.50 MB)
write base data version: 268000, memory: 9893400576 bytes (9435.08 MB)
write base data version: 268100, memory: 10038321152 bytes (9573.29 MB)
write base data version: 268200, memory: 9661648896 bytes (9214.07 MB)
write base data version: 268300, memory: 9806843904 bytes (9352.54 MB)
write base data version: 268400, memory: 9954660352 bytes (9493.50 MB)
write base data version: 268500, memory: 9572569088 bytes (9129.11 MB)
write base data version: 268600, memory: 9715744768 bytes (9265.66 MB)
write base data version: 268700, memory: 9859358720 bytes (9402.62 MB)
write base data version: 268800, memory: 10005250048 bytes (9541.75 MB)
write base data version: 268900, memory: 9630679040 bytes (9184.53 MB)
write base data version: 269000, memory: 9786433536 bytes (9333.07 MB)
write base data version: 269100, memory: 9944682496 bytes (9483.99 MB)
write base data version: 269200, memory: 10089213952 bytes (9621.82 MB)
write base data version: 269300, memory: 9714053120 bytes (9264.04 MB)
write base data version: 269400, memory: 9859448832 bytes (9402.70 MB)
write base data version: 269500, memory: 10009133056 bytes (9545.45 MB)
write base data version: 269600, memory: 9632960512 bytes (9186.71 MB)
write base data version: 269700, memory: 9783771136 bytes (9330.53 MB)
write base data version: 269800, memory: 9941041152 bytes (9480.52 MB)
write base data version: 269900, memory: 10095071232 bytes (9627.41 MB)
write base data version: 270000, memory: 9725595648 bytes (9275.05 MB)
write base data version: 270100, memory: 9870307328 bytes (9413.06 MB)
write base data version: 270200, memory: 10014982144 bytes (9551.03 MB)
write base data version: 270300, memory: 9639501824 bytes (9192.95 MB)
write base data version: 270400, memory: 9784872960 bytes (9331.58 MB)
write base data version: 270500, memory: 9913561088 bytes (9454.31 MB)
write base data version: 270600, memory: 10057416704 bytes (9591.50 MB)
write base data version: 270700, memory: 9680556032 bytes (9232.10 MB)
write base data version: 270800, memory: 9826107392 bytes (9370.91 MB)
write base data version: 270900, memory: 9971376128 bytes (9509.45 MB)
write base data version: 271000, memory: 10113040384 bytes (9644.55 MB)
write base data version: 271100, memory: 9746411520 bytes (9294.90 MB)
write base data version: 271200, memory: 9907666944 bytes (9448.69 MB)
write base data version: 271300, memory: 10060283904 bytes (9594.23 MB)
write base data version: 271400, memory: 9686568960 bytes (9237.83 MB)
write base data version: 271500, memory: 9833168896 bytes (9377.64 MB)
write base data version: 271600, memory: 9975201792 bytes (9513.09 MB)
write base data version: 271700, memory: 10120708096 bytes (9651.86 MB)
write base data version: 271800, memory: 9745412096 bytes (9293.95 MB)
write base data version: 271900, memory: 9888825344 bytes (9430.72 MB)
write base data version: 272000, memory: 10032267264 bytes (9567.52 MB)
write base data version: 272100, memory: 10177335296 bytes (9705.86 MB)
write base data version: 272200, memory: 9802539008 bytes (9348.43 MB)
write base data version: 272300, memory: 9945698304 bytes (9484.96 MB)
write base data version: 272400, memory: 10096074752 bytes (9628.37 MB)
write base data version: 272500, memory: 9726332928 bytes (9275.75 MB)
write base data version: 272600, memory: 9883328512 bytes (9425.48 MB)
write base data version: 272700, memory: 9989627904 bytes (9526.85 MB)
write base data version: 272800, memory: 10135199744 bytes (9665.68 MB)
write base data version: 272900, memory: 9765797888 bytes (9313.39 MB)
write base data version: 273000, memory: 9931526144 bytes (9471.44 MB)
write base data version: 273100, memory: 10076823552 bytes (9610.01 MB)
write base data version: 273200, memory: 9699819520 bytes (9250.47 MB)
write base data version: 273300, memory: 9843216384 bytes (9387.22 MB)
write base data version: 273400, memory: 9988235264 bytes (9525.52 MB)
write base data version: 273500, memory: 10133401600 bytes (9663.96 MB)
write base data version: 273600, memory: 9760591872 bytes (9308.43 MB)
write base data version: 273700, memory: 9903501312 bytes (9444.71 MB)
write base data version: 273800, memory: 10046988288 bytes (9581.55 MB)
write base data version: 273900, memory: 9672241152 bytes (9224.17 MB)
write base data version: 274000, memory: 9816768512 bytes (9362.00 MB)
write base data version: 274100, memory: 9958498304 bytes (9497.16 MB)
write base data version: 274200, memory: 10103771136 bytes (9635.71 MB)
write base data version: 274300, memory: 9728290816 bytes (9277.62 MB)
write base data version: 274400, memory: 9873620992 bytes (9416.22 MB)
write base data version: 274500, memory: 10037395456 bytes (9572.41 MB)
write base data version: 274600, memory: 10180329472 bytes (9708.72 MB)
write base data version: 274700, memory: 9807966208 bytes (9353.61 MB)
write base data version: 274800, memory: 9961119744 bytes (9499.66 MB)
write base data version: 274900, memory: 10111107072 bytes (9642.70 MB)
write base data version: 275000, memory: 9738452992 bytes (9287.31 MB)
write base data version: 275100, memory: 9888923648 bytes (9430.81 MB)
write base data version: 275200, memory: 10033610752 bytes (9568.80 MB)
write base data version: 275300, memory: 10207436800 bytes (9734.57 MB)
write base data version: 275400, memory: 9834717184 bytes (9379.12 MB)
write base data version: 275500, memory: 9978257408 bytes (9516.01 MB)
write base data version: 275600, memory: 10125250560 bytes (9656.19 MB)
write base data version: 275700, memory: 9750290432 bytes (9298.60 MB)
write base data version: 275800, memory: 9893122048 bytes (9434.82 MB)
write base data version: 275900, memory: 10034978816 bytes (9570.10 MB)
write base data version: 276000, memory: 10193129472 bytes (9720.93 MB)
write base data version: 276100, memory: 9817333760 bytes (9362.54 MB)
write base data version: 276200, memory: 9964072960 bytes (9502.48 MB)
write base data version: 276300, memory: 10124947456 bytes (9655.90 MB)
write base data version: 276400, memory: 10272886784 bytes (9796.99 MB)
write base data version: 276500, memory: 9900400640 bytes (9441.76 MB)
write base data version: 276600, memory: 10042699776 bytes (9577.46 MB)
write base data version: 276700, memory: 10187104256 bytes (9715.18 MB)
write base data version: 276800, memory: 9812623360 bytes (9358.05 MB)
write base data version: 276900, memory: 9957597184 bytes (9496.30 MB)
write base data version: 277000, memory: 10102337536 bytes (9634.34 MB)
write base data version: 277100, memory: 10247131136 bytes (9772.43 MB)
write base data version: 277200, memory: 9875304448 bytes (9417.82 MB)
write base data version: 277300, memory: 10019287040 bytes (9555.14 MB)
write base data version: 277400, memory: 10164924416 bytes (9694.03 MB)
write base data version: 277500, memory: 9789083648 bytes (9335.60 MB)
write base data version: 277600, memory: 9934086144 bytes (9473.88 MB)
write base data version: 277700, memory: 10079674368 bytes (9612.73 MB)
write base data version: 277800, memory: 10223099904 bytes (9749.51 MB)
write base data version: 277900, memory: 9845628928 bytes (9389.52 MB)
write base data version: 278000, memory: 9976242176 bytes (9514.09 MB)
write base data version: 278100, memory: 10117771264 bytes (9649.06 MB)
write base data version: 278200, memory: 10265468928 bytes (9789.91 MB)
write base data version: 278300, memory: 9889181696 bytes (9431.06 MB)
write base data version: 278400, memory: 10034262016 bytes (9569.42 MB)
write base data version: 278500, memory: 10179624960 bytes (9708.05 MB)
write base data version: 278600, memory: 9803919360 bytes (9349.75 MB)
write base data version: 278700, memory: 9948704768 bytes (9487.82 MB)
write base data version: 278800, memory: 10093895680 bytes (9626.29 MB)
write base data version: 278900, memory: 10238263296 bytes (9763.97 MB)
write base data version: 279000, memory: 9861373952 bytes (9404.54 MB)
write base data version: 279100, memory: 10005688320 bytes (9542.17 MB)
write base data version: 279200, memory: 10154147840 bytes (9683.75 MB)
write base data version: 279300, memory: 9780719616 bytes (9327.62 MB)
write base data version: 279400, memory: 9928224768 bytes (9468.29 MB)
write base data version: 279500, memory: 10086658048 bytes (9619.39 MB)
write base data version: 279600, memory: 10234585088 bytes (9760.46 MB)
write base data version: 279700, memory: 9859375104 bytes (9402.63 MB)
write base data version: 279800, memory: 10003308544 bytes (9539.90 MB)
write base data version: 279900, memory: 10146381824 bytes (9676.34 MB)
write base data version: 280000, memory: 10289692672 bytes (9813.02 MB)
write base data version: 280100, memory: 9914257408 bytes (9454.97 MB)
write base data version: 280200, memory: 10059554816 bytes (9593.54 MB)
write base data version: 280300, memory: 10205306880 bytes (9732.54 MB)
write base data version: 280400, memory: 9834754048 bytes (9379.15 MB)
write base data version: 280500, memory: 9976922112 bytes (9514.73 MB)
write base data version: 280600, memory: 10120421376 bytes (9651.59 MB)
write base data version: 280700, memory: 10265845760 bytes (9790.27 MB)
write base data version: 280800, memory: 9890766848 bytes (9432.57 MB)
write base data version: 280900, memory: 10034438144 bytes (9569.59 MB)
write base data version: 281000, memory: 10176770048 bytes (9705.32 MB)
write base data version: 281100, memory: 9801715712 bytes (9347.64 MB)
write base data version: 281200, memory: 9945972736 bytes (9485.22 MB)
write base data version: 281300, memory: 10090962944 bytes (9623.49 MB)
write base data version: 281400, memory: 10236235776 bytes (9762.04 MB)
write base data version: 281500, memory: 9860988928 bytes (9404.17 MB)
write base data version: 281600, memory: 10004291584 bytes (9540.84 MB)
write base data version: 281700, memory: 10146410496 bytes (9676.37 MB)
write base data version: 281800, memory: 10291236864 bytes (9814.49 MB)
write base data version: 281900, memory: 9915572224 bytes (9456.23 MB)
write base data version: 282000, memory: 10059968512 bytes (9593.93 MB)
write base data version: 282100, memory: 10204667904 bytes (9731.93 MB)
write base data version: 282200, memory: 9829228544 bytes (9373.88 MB)
write base data version: 282300, memory: 9970065408 bytes (9508.20 MB)
write base data version: 282400, memory: 10118934528 bytes (9650.17 MB)
write base data version: 282500, memory: 10271674368 bytes (9795.83 MB)
write base data version: 282600, memory: 9901498368 bytes (9442.80 MB)
write base data version: 282700, memory: 10048630784 bytes (9583.12 MB)
write base data version: 282800, memory: 10198913024 bytes (9726.44 MB)
write base data version: 282900, memory: 10346905600 bytes (9867.58 MB)
write base data version: 283000, memory: 9990041600 bytes (9527.25 MB)
write base data version: 283100, memory: 10146320384 bytes (9676.29 MB)
write base data version: 283200, memory: 10306932736 bytes (9829.46 MB)
write base data version: 283300, memory: 9932242944 bytes (9472.12 MB)
write base data version: 283400, memory: 10073632768 bytes (9606.96 MB)
write base data version: 283500, memory: 10218520576 bytes (9745.14 MB)
write base data version: 283600, memory: 10364100608 bytes (9883.98 MB)
write base data version: 283700, memory: 9987174400 bytes (9524.51 MB)
write base data version: 283800, memory: 10131382272 bytes (9662.04 MB)
write base data version: 283900, memory: 10276954112 bytes (9800.87 MB)
write base data version: 284000, memory: 9898659840 bytes (9440.10 MB)
write base data version: 284100, memory: 10044157952 bytes (9578.86 MB)
write base data version: 284200, memory: 10189025280 bytes (9717.01 MB)
write base data version: 284300, memory: 10333941760 bytes (9855.21 MB)
write base data version: 284400, memory: 9955594240 bytes (9494.39 MB)
write base data version: 284500, memory: 10101682176 bytes (9633.71 MB)
write base data version: 284600, memory: 10246066176 bytes (9771.41 MB)
write base data version: 284700, memory: 10388865024 bytes (9907.59 MB)
write base data version: 284800, memory: 10014691328 bytes (9550.75 MB)
write base data version: 284900, memory: 10157473792 bytes (9686.92 MB)
write base data version: 285000, memory: 10308055040 bytes (9830.53 MB)
write base data version: 285100, memory: 9929621504 bytes (9469.62 MB)
write base data version: 285200, memory: 10077278208 bytes (9610.44 MB)
write base data version: 285300, memory: 10234232832 bytes (9760.12 MB)
write base data version: 285400, memory: 10380673024 bytes (9899.78 MB)
write base data version: 285500, memory: 10005532672 bytes (9542.02 MB)
write base data version: 285600, memory: 10151411712 bytes (9681.14 MB)
write base data version: 285700, memory: 10296123392 bytes (9819.15 MB)
write base data version: 285800, memory: 9918689280 bytes (9459.20 MB)
write base data version: 285900, memory: 10068549632 bytes (9602.12 MB)
write base data version: 286000, memory: 10214105088 bytes (9740.93 MB)
write base data version: 286100, memory: 10359627776 bytes (9879.71 MB)
write base data version: 286200, memory: 9981583360 bytes (9519.18 MB)
write base data version: 286300, memory: 10127081472 bytes (9657.94 MB)
write base data version: 286400, memory: 10271703040 bytes (9795.86 MB)
write base data version: 286500, memory: 10419929088 bytes (9937.22 MB)
write base data version: 286600, memory: 10053996544 bytes (9588.24 MB)
write base data version: 286700, memory: 10196000768 bytes (9723.66 MB)
write base data version: 286800, memory: 10343870464 bytes (9864.68 MB)
write base data version: 286900, memory: 9972248576 bytes (9510.28 MB)
write base data version: 287000, memory: 10117545984 bytes (9648.84 MB)
write base data version: 287100, memory: 10260467712 bytes (9785.14 MB)
write base data version: 287200, memory: 10404405248 bytes (9922.41 MB)
write base data version: 287300, memory: 10029981696 bytes (9565.34 MB)
write base data version: 287400, memory: 10176253952 bytes (9704.83 MB)
write base data version: 287500, memory: 10327134208 bytes (9848.72 MB)
write base data version: 287600, memory: 9951600640 bytes (9490.59 MB)
write base data version: 287700, memory: 10094305280 bytes (9626.68 MB)
write base data version: 287800, memory: 10238525440 bytes (9764.22 MB)
write base data version: 287900, memory: 10383773696 bytes (9902.74 MB)
write base data version: 288000, memory: 10008821760 bytes (9545.16 MB)
write base data version: 288100, memory: 10153046016 bytes (9682.70 MB)
write base data version: 288200, memory: 10298646528 bytes (9821.55 MB)
write base data version: 288300, memory: 10430857216 bytes (9947.64 MB)
write base data version: 288400, memory: 10056749056 bytes (9590.86 MB)
write base data version: 288500, memory: 10201247744 bytes (9728.67 MB)
write base data version: 288600, memory: 10345562112 bytes (9866.30 MB)
write base data version: 288700, memory: 9970405376 bytes (9508.52 MB)
write base data version: 288800, memory: 10115153920 bytes (9646.56 MB)
write base data version: 288900, memory: 10259021824 bytes (9783.77 MB)
write base data version: 289000, memory: 10401775616 bytes (9919.91 MB)
write base data version: 289100, memory: 10026717184 bytes (9562.22 MB)
write base data version: 289200, memory: 10171318272 bytes (9700.12 MB)
write base data version: 289300, memory: 10316378112 bytes (9838.46 MB)
write base data version: 289400, memory: 9942413312 bytes (9481.82 MB)
write base data version: 289500, memory: 10083676160 bytes (9616.54 MB)
write base data version: 289600, memory: 10228355072 bytes (9754.52 MB)
write base data version: 289700, memory: 10377498624 bytes (9896.75 MB)
write base data version: 289800, memory: 9981501440 bytes (9519.10 MB)
write base data version: 289900, memory: 10133524480 bytes (9664.08 MB)
write base data version: 290000, memory: 10290196480 bytes (9813.50 MB)
write base data version: 290100, memory: 10432262144 bytes (9948.98 MB)
write base data version: 290200, memory: 10058186752 bytes (9592.23 MB)
write base data version: 290300, memory: 10204180480 bytes (9731.46 MB)
write base data version: 290400, memory: 10352115712 bytes (9872.55 MB)
write base data version: 290500, memory: 9981304832 bytes (9518.91 MB)
write base data version: 290600, memory: 10126458880 bytes (9657.34 MB)
write base data version: 290700, memory: 10265370624 bytes (9789.82 MB)
write base data version: 290800, memory: 10410483712 bytes (9928.21 MB)
write base data version: 290900, memory: 10042171392 bytes (9576.96 MB)
write base data version: 291000, memory: 10190917632 bytes (9718.82 MB)
write base data version: 291100, memory: 10316759040 bytes (9838.83 MB)
write base data version: 291200, memory: 9942667264 bytes (9482.07 MB)
write base data version: 291300, memory: 10084724736 bytes (9617.54 MB)
write base data version: 291400, memory: 10229551104 bytes (9755.66 MB)
write base data version: 291500, memory: 10374430720 bytes (9893.83 MB)
write base data version: 291600, memory: 10001047552 bytes (9537.74 MB)
write base data version: 291700, memory: 10147229696 bytes (9677.15 MB)
write base data version: 291800, memory: 10289094656 bytes (9812.45 MB)
write base data version: 291900, memory: 10434093056 bytes (9950.73 MB)
write base data version: 292000, memory: 10069868544 bytes (9603.38 MB)
write base data version: 292100, memory: 10212847616 bytes (9739.73 MB)
write base data version: 292200, memory: 10356731904 bytes (9876.95 MB)
write base data version: 292300, memory: 9981571072 bytes (9519.17 MB)
write base data version: 292400, memory: 10129817600 bytes (9660.55 MB)
write base data version: 292500, memory: 10273996800 bytes (9798.05 MB)
write base data version: 292600, memory: 10417463296 bytes (9934.87 MB)
write base data version: 292700, memory: 10042654720 bytes (9577.42 MB)
write base data version: 292800, memory: 10187681792 bytes (9715.73 MB)
write base data version: 292900, memory: 10330529792 bytes (9851.96 MB)
write base data version: 293000, memory: 9955401728 bytes (9494.21 MB)
write base data version: 293100, memory: 10099503104 bytes (9631.64 MB)
write base data version: 293200, memory: 10245062656 bytes (9770.45 MB)
write base data version: 293300, memory: 10389803008 bytes (9908.49 MB)
write base data version: 293400, memory: 10013372416 bytes (9549.50 MB)
write base data version: 293500, memory: 10158108672 bytes (9687.53 MB)
write base data version: 293600, memory: 10305015808 bytes (9827.63 MB)
write base data version: 293700, memory: 10450022400 bytes (9965.92 MB)
write base data version: 293800, memory: 10081415168 bytes (9614.39 MB)
write base data version: 293900, memory: 10230157312 bytes (9756.24 MB)
write base data version: 294000, memory: 10398511104 bytes (9916.79 MB)
write base data version: 294100, memory: 10033328128 bytes (9568.53 MB)
write base data version: 294200, memory: 10178068480 bytes (9706.56 MB)
write base data version: 294300, memory: 10321666048 bytes (9843.51 MB)
write base data version: 294400, memory: 10469572608 bytes (9984.56 MB)
write base data version: 294500, memory: 10112172032 bytes (9643.72 MB)
write base data version: 294600, memory: 10242285568 bytes (9767.80 MB)
write base data version: 294700, memory: 10386800640 bytes (9905.62 MB)
write base data version: 294800, memory: 10008870912 bytes (9545.20 MB)
write base data version: 294900, memory: 10154172416 bytes (9683.77 MB)
write base data version: 295000, memory: 10299002880 bytes (9821.89 MB)
write base data version: 295100, memory: 10451783680 bytes (9967.60 MB)
write base data version: 295200, memory: 10077392896 bytes (9610.55 MB)
write base data version: 295300, memory: 10219757568 bytes (9746.32 MB)
write base data version: 295400, memory: 10365407232 bytes (9885.22 MB)
write base data version: 295500, memory: 10510778368 bytes (10023.86 MB)
write base data version: 295600, memory: 10135597056 bytes (9666.06 MB)
write base data version: 295700, memory: 10280349696 bytes (9804.11 MB)
write base data version: 295800, memory: 10424881152 bytes (9941.94 MB)
write base data version: 295900, memory: 10045558784 bytes (9580.19 MB)
write base data version: 296000, memory: 10188324864 bytes (9716.34 MB)
write base data version: 296100, memory: 10333564928 bytes (9854.86 MB)
write base data version: 296200, memory: 10478829568 bytes (9993.39 MB)
write base data version: 296300, memory: 10107105280 bytes (9638.89 MB)
write base data version: 296400, memory: 10257113088 bytes (9781.95 MB)
write base data version: 296500, memory: 10399780864 bytes (9918.00 MB)
write base data version: 296600, memory: 10036375552 bytes (9571.43 MB)
write base data version: 296700, memory: 10183020544 bytes (9711.29 MB)
write base data version: 296800, memory: 10325331968 bytes (9847.00 MB)
write base data version: 296900, memory: 10470854656 bytes (9985.79 MB)
write base data version: 297000, memory: 10095779840 bytes (9628.09 MB)
write base data version: 297100, memory: 10238095360 bytes (9763.81 MB)
write base data version: 297200, memory: 10383650816 bytes (9902.62 MB)
write base data version: 297300, memory: 10528964608 bytes (10041.20 MB)
write base data version: 297400, memory: 10150387712 bytes (9680.16 MB)
write base data version: 297500, memory: 10293010432 bytes (9816.18 MB)
write base data version: 297600, memory: 10438418432 bytes (9954.85 MB)
write base data version: 297700, memory: 10063691776 bytes (9597.48 MB)
write base data version: 297800, memory: 10207297536 bytes (9734.44 MB)
write base data version: 297900, memory: 10350592000 bytes (9871.09 MB)
write base data version: 298000, memory: 10494840832 bytes (10008.66 MB)
write base data version: 298100, memory: 10120364032 bytes (9651.53 MB)
write base data version: 298200, memory: 10274127872 bytes (9798.17 MB)
write base data version: 298300, memory: 10418733056 bytes (9936.08 MB)
write base data version: 298400, memory: 10045325312 bytes (9579.97 MB)
write base data version: 298500, memory: 10189737984 bytes (9717.69 MB)
write base data version: 298600, memory: 10332442624 bytes (9853.79 MB)
write base data version: 298700, memory: 10476584960 bytes (9991.25 MB)
write base data version: 298800, memory: 10101092352 bytes (9633.15 MB)
write base data version: 298900, memory: 10246594560 bytes (9771.91 MB)
write base data version: 299000, memory: 10390048768 bytes (9908.72 MB)
write base data version: 299100, memory: 10533818368 bytes (10045.83 MB)
write base data version: 299200, memory: 10158116864 bytes (9687.54 MB)
write base data version: 299300, memory: 10303320064 bytes (9826.01 MB)
write base data version: 299400, memory: 10448252928 bytes (9964.23 MB)
write base data version: 299500, memory: 10072911872 bytes (9606.28 MB)
write base data version: 299600, memory: 10217730048 bytes (9744.39 MB)
write base data version: 299700, memory: 10360623104 bytes (9880.66 MB)
write base data version: 299800, memory: 10504220672 bytes (10017.61 MB)
write base data version: 299900, memory: 10129453056 bytes (9660.20 MB)
write base data version: 300000, memory: 10276294656 bytes (9800.24 MB)
write base data version: 300100, memory: 10419658752 bytes (9936.96 MB)
write base data version: 300200, memory: 10045026304 bytes (9579.68 MB)
write base data version: 300300, memory: 10189504512 bytes (9717.47 MB)
write base data version: 300400, memory: 10335137792 bytes (9856.36 MB)
write base data version: 300500, memory: 10479878144 bytes (9994.39 MB)
write base data version: 300600, memory: 10102611968 bytes (9634.60 MB)
write base data version: 300700, memory: 10246660096 bytes (9771.98 MB)
write base data version: 300800, memory: 10391977984 bytes (9910.56 MB)
write base data version: 300900, memory: 10537615360 bytes (10049.45 MB)
write base data version: 301000, memory: 10170654720 bytes (9699.49 MB)
write base data version: 301100, memory: 10318004224 bytes (9840.02 MB)
write base data version: 301200, memory: 10470854656 bytes (9985.79 MB)
write base data version: 301300, memory: 10096693248 bytes (9628.96 MB)
write base data version: 301400, memory: 10241769472 bytes (9767.31 MB)
write base data version: 301500, memory: 10387935232 bytes (9906.71 MB)
write base data version: 301600, memory: 10532999168 bytes (10045.05 MB)
write base data version: 301700, memory: 10157420544 bytes (9686.87 MB)
write base data version: 301800, memory: 10300432384 bytes (9823.26 MB)
write base data version: 301900, memory: 10444103680 bytes (9960.27 MB)
write base data version: 302000, memory: 10068672512 bytes (9602.23 MB)
write base data version: 302100, memory: 10213326848 bytes (9740.19 MB)
write base data version: 302200, memory: 10358661120 bytes (9878.79 MB)
write base data version: 302300, memory: 10503327744 bytes (10016.75 MB)
write base data version: 302400, memory: 10129707008 bytes (9660.44 MB)
write base data version: 302500, memory: 10271932416 bytes (9796.08 MB)
write base data version: 302600, memory: 10424258560 bytes (9941.35 MB)
write base data version: 302700, memory: 10577506304 bytes (10087.50 MB)
write base data version: 302800, memory: 10208694272 bytes (9735.77 MB)
write base data version: 302900, memory: 10365644800 bytes (9885.45 MB)
write base data version: 303000, memory: 10515628032 bytes (10028.48 MB)
write base data version: 303100, memory: 10146029568 bytes (9676.01 MB)
write base data version: 303200, memory: 10291707904 bytes (9814.94 MB)
write base data version: 303300, memory: 10433470464 bytes (9950.13 MB)
write base data version: 303400, memory: 10579484672 bytes (10089.38 MB)
write base data version: 303500, memory: 10202316800 bytes (9729.69 MB)
write base data version: 303600, memory: 10346315776 bytes (9867.02 MB)
write base data version: 303700, memory: 10491547648 bytes (10005.52 MB)
write base data version: 303800, memory: 10116153344 bytes (9647.52 MB)
write base data version: 303900, memory: 10259001344 bytes (9783.75 MB)
write base data version: 304000, memory: 10404024320 bytes (9922.05 MB)
write base data version: 304100, memory: 10549542912 bytes (10060.83 MB)
write base data version: 304200, memory: 10173075456 bytes (9701.80 MB)
write base data version: 304300, memory: 10318594048 bytes (9840.58 MB)
write base data version: 304400, memory: 10464026624 bytes (9979.27 MB)
write base data version: 304500, memory: 10606358528 bytes (10115.01 MB)
write base data version: 304600, memory: 10232332288 bytes (9758.31 MB)
write base data version: 304700, memory: 10384703488 bytes (9903.62 MB)
write base data version: 304800, memory: 10527809536 bytes (10040.10 MB)
write base data version: 304900, memory: 10159169536 bytes (9688.54 MB)
write base data version: 305000, memory: 10304974848 bytes (9827.59 MB)
write base data version: 305100, memory: 10446774272 bytes (9962.82 MB)
write base data version: 305200, memory: 10592858112 bytes (10102.14 MB)
write base data version: 305300, memory: 10216972288 bytes (9743.66 MB)
write base data version: 305400, memory: 10360381440 bytes (9880.43 MB)
write base data version: 305500, memory: 10506317824 bytes (10019.61 MB)
write base data version: 305600, memory: 10130939904 bytes (9661.62 MB)
write base data version: 305700, memory: 10275086336 bytes (9799.09 MB)
write base data version: 305800, memory: 10420613120 bytes (9937.87 MB)
write base data version: 305900, memory: 10565378048 bytes (10075.93 MB)
write base data version: 306000, memory: 10189021184 bytes (9717.01 MB)
write base data version: 306100, memory: 10334404608 bytes (9855.66 MB)
write base data version: 306200, memory: 10479951872 bytes (9994.46 MB)
write base data version: 306300, memory: 10621530112 bytes (10129.48 MB)
write base data version: 306400, memory: 10248118272 bytes (9773.37 MB)
write base data version: 306500, memory: 10393042944 bytes (9911.58 MB)
write base data version: 306600, memory: 10536083456 bytes (10047.99 MB)
write base data version: 306700, memory: 10159628288 bytes (9688.98 MB)
write base data version: 306800, memory: 10310594560 bytes (9832.95 MB)
write base data version: 306900, memory: 10470150144 bytes (9985.11 MB)
write base data version: 307000, memory: 10615062528 bytes (10123.31 MB)
write base data version: 307100, memory: 10238029824 bytes (9763.75 MB)
write base data version: 307200, memory: 10382950400 bytes (9901.95 MB)
write base data version: 307300, memory: 10530816000 bytes (10042.97 MB)
write base data version: 307400, memory: 10156224512 bytes (9685.73 MB)
write base data version: 307500, memory: 10298159104 bytes (9821.09 MB)
write base data version: 307600, memory: 10443165696 bytes (9959.38 MB)
write base data version: 307700, memory: 10589282304 bytes (10098.73 MB)
write base data version: 307800, memory: 10210934784 bytes (9737.91 MB)
write base data version: 307900, memory: 10358513664 bytes (9878.65 MB)
write base data version: 308000, memory: 10503688192 bytes (10017.10 MB)
write base data version: 308100, memory: 10648805376 bytes (10155.49 MB)
write base data version: 308200, memory: 10272194560 bytes (9796.33 MB)
write base data version: 308300, memory: 10415681536 bytes (9933.17 MB)
write base data version: 308400, memory: 10560634880 bytes (10071.41 MB)
write base data version: 308500, memory: 10187276288 bytes (9715.34 MB)
write base data version: 308600, memory: 10330804224 bytes (9852.22 MB)
write base data version: 308700, memory: 10474491904 bytes (9989.25 MB)
write base data version: 308800, memory: 10617430016 bytes (10125.57 MB)
write base data version: 308900, memory: 10242580480 bytes (9768.09 MB)
write base data version: 309000, memory: 10390188032 bytes (9908.86 MB)
write base data version: 309100, memory: 10534100992 bytes (10046.10 MB)
write base data version: 309200, memory: 10158825472 bytes (9688.21 MB)
write base data version: 309300, memory: 10321080320 bytes (9842.95 MB)
write base data version: 309400, memory: 10460016640 bytes (9975.45 MB)
write base data version: 309500, memory: 10602442752 bytes (10111.28 MB)
write base data version: 309600, memory: 10227601408 bytes (9753.80 MB)
write base data version: 309700, memory: 10370932736 bytes (9890.49 MB)
write base data version: 309800, memory: 10515341312 bytes (10028.21 MB)
write base data version: 309900, memory: 10661433344 bytes (10167.54 MB)
write base data version: 310000, memory: 10286342144 bytes (9809.82 MB)
write base data version: 310100, memory: 10431090688 bytes (9947.86 MB)
write base data version: 310200, memory: 10580459520 bytes (10090.31 MB)
write base data version: 310300, memory: 10216611840 bytes (9743.32 MB)
write base data version: 310400, memory: 10362707968 bytes (9882.65 MB)
write base data version: 310500, memory: 10508087296 bytes (10021.29 MB)
write base data version: 310600, memory: 10649731072 bytes (10156.38 MB)
write base data version: 310700, memory: 10275278848 bytes (9799.27 MB)
write base data version: 310800, memory: 10418237440 bytes (9935.61 MB)
write base data version: 310900, memory: 10563874816 bytes (10074.50 MB)
write base data version: 311000, memory: 10177167360 bytes (9705.70 MB)
write base data version: 311100, memory: 10327961600 bytes (9849.51 MB)
write base data version: 311200, memory: 10473324544 bytes (9988.14 MB)
write base data version: 311300, memory: 10606481408 bytes (10115.13 MB)
write base data version: 311400, memory: 10227970048 bytes (9754.15 MB)
write base data version: 311500, memory: 10372689920 bytes (9892.17 MB)
write base data version: 311600, memory: 10518556672 bytes (10031.28 MB)
write base data version: 311700, memory: 10663370752 bytes (10169.38 MB)
write base data version: 311800, memory: 10285199360 bytes (9808.73 MB)
write base data version: 311900, memory: 10429931520 bytes (9946.76 MB)
write base data version: 312000, memory: 10575986688 bytes (10086.05 MB)
write base data version: 312100, memory: 10198900736 bytes (9726.43 MB)
write base data version: 312200, memory: 10344570880 bytes (9865.35 MB)
write base data version: 312300, memory: 10490200064 bytes (10004.23 MB)
write base data version: 312400, memory: 10634092544 bytes (10141.46 MB)
write base data version: 312500, memory: 10256527360 bytes (9781.39 MB)
write base data version: 312600, memory: 10401771520 bytes (9919.90 MB)
write base data version: 312700, memory: 10547736576 bytes (10059.11 MB)
write base data version: 312800, memory: 10171781120 bytes (9700.57 MB)
write base data version: 312900, memory: 10314797056 bytes (9836.96 MB)
write base data version: 313000, memory: 10460258304 bytes (9975.68 MB)
write base data version: 313100, memory: 10604896256 bytes (10113.62 MB)
write base data version: 313200, memory: 10229329920 bytes (9755.45 MB)
write base data version: 313300, memory: 10371919872 bytes (9891.43 MB)
write base data version: 313400, memory: 10517336064 bytes (10030.11 MB)
write base data version: 313500, memory: 10662797312 bytes (10168.84 MB)
write base data version: 313600, memory: 10284310528 bytes (9807.88 MB)
write base data version: 313700, memory: 10428968960 bytes (9945.84 MB)
write base data version: 313800, memory: 10576515072 bytes (10086.55 MB)
write base data version: 313900, memory: 10202243072 bytes (9729.62 MB)
write base data version: 314000, memory: 10347520000 bytes (9868.16 MB)
write base data version: 314100, memory: 10490105856 bytes (10004.14 MB)
write base data version: 314200, memory: 10634911744 bytes (10142.24 MB)
write base data version: 314300, memory: 10260221952 bytes (9784.91 MB)
write base data version: 314400, memory: 10411089920 bytes (9928.79 MB)
write base data version: 314500, memory: 10538946560 bytes (10050.72 MB)
write base data version: 314600, memory: 10165891072 bytes (9694.95 MB)
write base data version: 314700, memory: 10325368832 bytes (9847.04 MB)
write base data version: 314800, memory: 10470850560 bytes (9985.78 MB)
write base data version: 314900, memory: 10612248576 bytes (10120.63 MB)
write base data version: 315000, memory: 10237427712 bytes (9763.17 MB)
write base data version: 315100, memory: 10383106048 bytes (9902.10 MB)
write base data version: 315200, memory: 10527543296 bytes (10039.85 MB)
write base data version: 315300, memory: 10676453376 bytes (10181.86 MB)
write base data version: 315400, memory: 10303799296 bytes (9826.47 MB)
write base data version: 315500, memory: 10452819968 bytes (9968.59 MB)
write base data version: 315600, memory: 10598092800 bytes (10107.13 MB)
write base data version: 315700, memory: 10223083520 bytes (9749.49 MB)
write base data version: 315800, memory: 10366918656 bytes (9886.66 MB)
write base data version: 315900, memory: 10515877888 bytes (10028.72 MB)
write base data version: 316000, memory: 10664341504 bytes (10170.31 MB)
write base data version: 316100, memory: 10290245632 bytes (9813.54 MB)
write base data version: 316200, memory: 10434162688 bytes (9950.79 MB)
write base data version: 316300, memory: 10578149376 bytes (10088.11 MB)
write base data version: 316400, memory: 10203893760 bytes (9731.19 MB)
write base data version: 316500, memory: 10345918464 bytes (9866.64 MB)
write base data version: 316600, memory: 10490941440 bytes (10004.94 MB)
write base data version: 316700, memory: 10636709888 bytes (10143.96 MB)
write base data version: 316800, memory: 10262941696 bytes (9787.50 MB)
write base data version: 316900, memory: 10417958912 bytes (9935.34 MB)
write base data version: 317000, memory: 10565939200 bytes (10076.46 MB)
write base data version: 317100, memory: 10709528576 bytes (10213.40 MB)
write base data version: 317200, memory: 10334474240 bytes (9855.72 MB)
write base data version: 317300, memory: 10479869952 bytes (9994.38 MB)
write base data version: 317400, memory: 10624528384 bytes (10132.34 MB)
write base data version: 317500, memory: 10247553024 bytes (9772.83 MB)
write base data version: 317600, memory: 10392580096 bytes (9911.14 MB)
write base data version: 317700, memory: 10537832448 bytes (10049.66 MB)
write base data version: 317800, memory: 10682167296 bytes (10187.31 MB)
write base data version: 317900, memory: 10307891200 bytes (9830.37 MB)
write base data version: 318000, memory: 10453069824 bytes (9968.82 MB)
write base data version: 318100, memory: 10598502400 bytes (10107.52 MB)
write base data version: 318200, memory: 10223779840 bytes (9750.16 MB)
write base data version: 318300, memory: 10367115264 bytes (9886.85 MB)
write base data version: 318400, memory: 10510196736 bytes (10023.30 MB)
write base data version: 318500, memory: 10655383552 bytes (10161.77 MB)
write base data version: 318600, memory: 10279419904 bytes (9803.22 MB)
write base data version: 318700, memory: 10423840768 bytes (9940.95 MB)
write base data version: 318800, memory: 10568790016 bytes (10079.18 MB)
write base data version: 318900, memory: 10713866240 bytes (10217.54 MB)
write base data version: 319000, memory: 10338811904 bytes (9859.86 MB)
write base data version: 319100, memory: 10481463296 bytes (9995.90 MB)
write base data version: 319200, memory: 10624704512 bytes (10132.51 MB)
write base data version: 319300, memory: 10252697600 bytes (9777.73 MB)
write base data version: 319400, memory: 10400788480 bytes (9918.96 MB)
write base data version: 319500, memory: 10545369088 bytes (10056.85 MB)
write base data version: 319600, memory: 10690228224 bytes (10195.00 MB)
write base data version: 319700, memory: 10315390976 bytes (9837.52 MB)
write base data version: 319800, memory: 10457067520 bytes (9972.64 MB)
write base data version: 319900, memory: 10601693184 bytes (10110.56 MB)
write base data version: 320000, memory: 10226900992 bytes (9753.13 MB)
write base data version: 320100, memory: 10371842048 bytes (9891.36 MB)
write base data version: 320200, memory: 10516799488 bytes (10029.60 MB)
write base data version: 320300, memory: 10658603008 bytes (10164.84 MB)
write base data version: 320400, memory: 10287349760 bytes (9810.78 MB)
write base data version: 320500, memory: 10441367552 bytes (9957.66 MB)
write base data version: 320600, memory: 10587361280 bytes (10096.89 MB)
write base data version: 320700, memory: 10728841216 bytes (10231.82 MB)
write base data version: 320800, memory: 10357161984 bytes (9877.36 MB)
write base data version: 320900, memory: 10515202048 bytes (10028.08 MB)
write base data version: 321000, memory: 10664259584 bytes (10170.23 MB)
write base data version: 321100, memory: 10297597952 bytes (9820.55 MB)
write base data version: 321200, memory: 10441543680 bytes (9957.83 MB)
write base data version: 321300, memory: 10586603520 bytes (10096.17 MB)
write base data version: 321400, memory: 10730901504 bytes (10233.79 MB)
write base data version: 321500, memory: 10354839552 bytes (9875.14 MB)
write base data version: 321600, memory: 10493280256 bytes (10007.17 MB)
write base data version: 321700, memory: 10643861504 bytes (10150.78 MB)
write base data version: 321800, memory: 10269913088 bytes (9794.15 MB)
write base data version: 321900, memory: 10411376640 bytes (9929.06 MB)
write base data version: 322000, memory: 10558443520 bytes (10069.32 MB)
write base data version: 322100, memory: 10702688256 bytes (10206.88 MB)
write base data version: 322200, memory: 10327703552 bytes (9849.27 MB)
write base data version: 322300, memory: 10470830080 bytes (9985.76 MB)
write base data version: 322400, memory: 10614603776 bytes (10122.88 MB)
write base data version: 322500, memory: 10759081984 bytes (10260.66 MB)
write base data version: 322600, memory: 10384334848 bytes (9903.27 MB)
write base data version: 322700, memory: 10534141952 bytes (10046.14 MB)
write base data version: 322800, memory: 10686660608 bytes (10191.59 MB)
write base data version: 322900, memory: 10314346496 bytes (9836.53 MB)
write base data version: 323000, memory: 10459996160 bytes (9975.43 MB)
write base data version: 323100, memory: 10603458560 bytes (10112.25 MB)
write base data version: 323200, memory: 10746343424 bytes (10248.51 MB)
write base data version: 323300, memory: 10372411392 bytes (9891.90 MB)
write base data version: 323400, memory: 10517942272 bytes (10030.69 MB)
write base data version: 323500, memory: 10661130240 bytes (10167.25 MB)
write base data version: 323600, memory: 10284617728 bytes (9808.18 MB)
write base data version: 323700, memory: 10433155072 bytes (9949.83 MB)
write base data version: 323800, memory: 10577588224 bytes (10087.57 MB)
write base data version: 323900, memory: 10723282944 bytes (10226.52 MB)
write base data version: 324000, memory: 10347827200 bytes (9868.46 MB)
write base data version: 324100, memory: 10491772928 bytes (10005.73 MB)
write base data version: 324200, memory: 10634080256 bytes (10141.45 MB)
write base data version: 324300, memory: 10778791936 bytes (10279.46 MB)
write base data version: 324400, memory: 10403205120 bytes (9921.27 MB)
write base data version: 324500, memory: 10554138624 bytes (10065.21 MB)
write base data version: 324600, memory: 10697031680 bytes (10201.48 MB)
write base data version: 324700, memory: 10328145920 bytes (9849.69 MB)
write base data version: 324800, memory: 10483408896 bytes (9997.76 MB)
write base data version: 324900, memory: 10630328320 bytes (10137.87 MB)
write base data version: 325000, memory: 10775412736 bytes (10276.23 MB)
write base data version: 325100, memory: 10399625216 bytes (9917.86 MB)
write base data version: 325200, memory: 10545770496 bytes (10057.23 MB)
write base data version: 325300, memory: 10687328256 bytes (10192.23 MB)
write base data version: 325400, memory: 10310500352 bytes (9832.86 MB)
write base data version: 325500, memory: 10481897472 bytes (9996.32 MB)
write base data version: 325600, memory: 10627330048 bytes (10135.01 MB)
write base data version: 325700, memory: 10771406848 bytes (10272.41 MB)
write base data version: 325800, memory: 10396061696 bytes (9914.46 MB)
write base data version: 325900, memory: 10553761792 bytes (10064.85 MB)
write base data version: 326000, memory: 10691067904 bytes (10195.80 MB)
write base data version: 326100, memory: 10834452480 bytes (10332.54 MB)
write base data version: 326200, memory: 10458828800 bytes (9974.32 MB)
write base data version: 326300, memory: 10603646976 bytes (10112.43 MB)
write base data version: 326400, memory: 10748825600 bytes (10250.88 MB)
write base data version: 326500, memory: 10373091328 bytes (9892.55 MB)
write base data version: 326600, memory: 10518728704 bytes (10031.44 MB)
write base data version: 326700, memory: 10669621248 bytes (10175.34 MB)
write base data version: 326800, memory: 10820792320 bytes (10319.51 MB)
write base data version: 326900, memory: 10449924096 bytes (9965.82 MB)
write base data version: 327000, memory: 10588360704 bytes (10097.85 MB)
write base data version: 327100, memory: 10733342720 bytes (10236.11 MB)
write base data version: 327200, memory: 10878369792 bytes (10374.42 MB)
write base data version: 327300, memory: 10503204864 bytes (10016.64 MB)
write base data version: 327400, memory: 10647498752 bytes (10154.25 MB)
write base data version: 327500, memory: 10792120320 bytes (10292.17 MB)
write base data version: 327600, memory: 10415603712 bytes (9933.09 MB)
write base data version: 327700, memory: 10558898176 bytes (10069.75 MB)
write base data version: 327800, memory: 10702520320 bytes (10206.72 MB)
write base data version: 327900, memory: 10847653888 bytes (10345.13 MB)
write base data version: 328000, memory: 10471276544 bytes (9986.19 MB)
write base data version: 328100, memory: 10616102912 bytes (10124.30 MB)
write base data version: 328200, memory: 10760077312 bytes (10261.61 MB)
write base data version: 328300, memory: 10384605184 bytes (9903.53 MB)
write base data version: 328400, memory: 10529742848 bytes (10041.95 MB)
write base data version: 328500, memory: 10674794496 bytes (10180.28 MB)
write base data version: 328600, memory: 10816221184 bytes (10315.15 MB)
write base data version: 328700, memory: 10440126464 bytes (9956.48 MB)
write base data version: 328800, memory: 10586169344 bytes (10095.76 MB)
write base data version: 328900, memory: 10731307008 bytes (10234.17 MB)
write base data version: 329000, memory: 10873393152 bytes (10369.68 MB)
write base data version: 329100, memory: 10498162688 bytes (10011.83 MB)
write base data version: 329200, memory: 10641432576 bytes (10148.46 MB)
write base data version: 329300, memory: 10786586624 bytes (10286.89 MB)
write base data version: 329400, memory: 10405371904 bytes (9923.34 MB)
write base data version: 329500, memory: 10553655296 bytes (10064.75 MB)
write base data version: 329600, memory: 10709118976 bytes (10213.01 MB)
write base data version: 329700, memory: 10863288320 bytes (10360.04 MB)
write base data version: 329800, memory: 10487341056 bytes (10001.51 MB)
write base data version: 329900, memory: 10629206016 bytes (10136.80 MB)
write base data version: 330000, memory: 10774360064 bytes (10275.23 MB)
write base data version: 330100, memory: 10399584256 bytes (9917.82 MB)
write base data version: 330200, memory: 10544594944 bytes (10056.11 MB)
write base data version: 330300, memory: 10686537728 bytes (10191.48 MB)
write base data version: 330400, memory: 10831204352 bytes (10329.44 MB)
write base data version: 330500, memory: 10457985024 bytes (9973.51 MB)
write base data version: 330600, memory: 10603229184 bytes (10112.03 MB)
write base data version: 330700, memory: 10748735488 bytes (10250.79 MB)
write base data version: 330800, memory: 10892886016 bytes (10388.27 MB)
write base data version: 330900, memory: 10514882560 bytes (10027.77 MB)
write base data version: 331000, memory: 10661502976 bytes (10167.60 MB)
write base data version: 331100, memory: 10806140928 bytes (10305.54 MB)
write base data version: 331200, memory: 10440572928 bytes (9956.91 MB)
write base data version: 331300, memory: 10581213184 bytes (10091.03 MB)
write base data version: 331400, memory: 10723799040 bytes (10227.01 MB)
write base data version: 331500, memory: 10867634176 bytes (10364.18 MB)
write base data version: 331600, memory: 10491789312 bytes (10005.75 MB)
write base data version: 331700, memory: 10641620992 bytes (10148.64 MB)
write base data version: 331800, memory: 10784866304 bytes (10285.25 MB)
write base data version: 331900, memory: 10409320448 bytes (9927.10 MB)
write base data version: 332000, memory: 10554261504 bytes (10065.33 MB)
write base data version: 332100, memory: 10698805248 bytes (10203.18 MB)
write base data version: 332200, memory: 10842718208 bytes (10340.42 MB)
write base data version: 332300, memory: 10465939456 bytes (9981.10 MB)
write base data version: 332400, memory: 10610028544 bytes (10118.51 MB)
write base data version: 332500, memory: 10755469312 bytes (10257.21 MB)
write base data version: 332600, memory: 10910621696 bytes (10405.18 MB)
write base data version: 332700, memory: 10543349760 bytes (10054.92 MB)
write base data version: 332800, memory: 10687705088 bytes (10192.59 MB)
write base data version: 332900, memory: 10833022976 bytes (10331.18 MB)
write base data version: 333000, memory: 10456989696 bytes (9972.56 MB)
write base data version: 333100, memory: 10601238528 bytes (10110.13 MB)
write base data version: 333200, memory: 10745970688 bytes (10248.16 MB)
write base data version: 333300, memory: 10890031104 bytes (10385.54 MB)
write base data version: 333400, memory: 10514407424 bytes (10027.32 MB)
write base data version: 333500, memory: 10652418048 bytes (10158.94 MB)
write base data version: 333600, memory: 10797355008 bytes (10297.16 MB)
write base data version: 333700, memory: 10422747136 bytes (9939.91 MB)
write base data version: 333800, memory: 10566582272 bytes (10077.08 MB)
write base data version: 333900, memory: 10711236608 bytes (10215.03 MB)
write base data version: 334000, memory: 10854281216 bytes (10351.45 MB)
write base data version: 334100, memory: 10478268416 bytes (9992.86 MB)
write base data version: 334200, memory: 10623328256 bytes (10131.20 MB)
write base data version: 334300, memory: 10766962688 bytes (10268.18 MB)
write base data version: 334400, memory: 10911551488 bytes (10406.07 MB)
write base data version: 334500, memory: 10546356224 bytes (10057.79 MB)
write base data version: 334600, memory: 10699788288 bytes (10204.11 MB)
write base data version: 334700, memory: 10848718848 bytes (10346.14 MB)
write base data version: 334800, memory: 10482556928 bytes (9996.95 MB)
write base data version: 334900, memory: 10626908160 bytes (10134.61 MB)
write base data version: 335000, memory: 10770223104 bytes (10271.29 MB)
write base data version: 335100, memory: 10913673216 bytes (10408.09 MB)
write base data version: 335200, memory: 10541862912 bytes (10053.50 MB)
write base data version: 335300, memory: 10690818048 bytes (10195.56 MB)
write base data version: 335400, memory: 10849349632 bytes (10346.75 MB)
write base data version: 335500, memory: 10471862272 bytes (9986.75 MB)
write base data version: 335600, memory: 10622795776 bytes (10130.69 MB)
write base data version: 335700, memory: 10763407360 bytes (10264.79 MB)
write base data version: 335800, memory: 10908762112 bytes (10403.41 MB)
write base data version: 335900, memory: 10530832384 bytes (10042.98 MB)
write base data version: 336000, memory: 10673483776 bytes (10179.03 MB)
write base data version: 336100, memory: 10820317184 bytes (10319.06 MB)
write base data version: 336200, memory: 10965114880 bytes (10457.15 MB)
write base data version: 336300, memory: 10590867456 bytes (10100.24 MB)
write base data version: 336400, memory: 10735570944 bytes (10238.24 MB)
write base data version: 336500, memory: 10877521920 bytes (10373.61 MB)
write base data version: 336600, memory: 10504192000 bytes (10017.58 MB)
write base data version: 336700, memory: 10648641536 bytes (10155.34 MB)
write base data version: 336800, memory: 10800705536 bytes (10300.36 MB)
write base data version: 336900, memory: 10951467008 bytes (10444.13 MB)
write base data version: 337000, memory: 10578702336 bytes (10088.64 MB)
write base data version: 337100, memory: 10724540416 bytes (10227.72 MB)
write base data version: 337200, memory: 10897522688 bytes (10392.69 MB)
write base data version: 337300, memory: 11038576640 bytes (10527.21 MB)
write base data version: 337400, memory: 10663256064 bytes (10169.27 MB)
write base data version: 337500, memory: 10808991744 bytes (10308.26 MB)
write base data version: 337600, memory: 10956763136 bytes (10449.18 MB)
write base data version: 337700, memory: 10586120192 bytes (10095.71 MB)
write base data version: 337800, memory: 10730172416 bytes (10233.09 MB)
write base data version: 337900, memory: 10872958976 bytes (10369.26 MB)
write base data version: 338000, memory: 11016097792 bytes (10505.77 MB)
write base data version: 338100, memory: 10640351232 bytes (10147.43 MB)
write base data version: 338200, memory: 10781548544 bytes (10282.09 MB)
write base data version: 338300, memory: 10928713728 bytes (10422.43 MB)
write base data version: 338400, memory: 10553573376 bytes (10064.67 MB)
write base data version: 338500, memory: 10698276864 bytes (10202.67 MB)
write base data version: 338600, memory: 10843205632 bytes (10340.89 MB)
write base data version: 338700, memory: 10987941888 bytes (10478.92 MB)
write base data version: 338800, memory: 10607640576 bytes (10116.23 MB)
write base data version: 338900, memory: 10758688768 bytes (10260.29 MB)
write base data version: 339000, memory: 10902765568 bytes (10397.69 MB)
write base data version: 339100, memory: 10536550400 bytes (10048.44 MB)
write base data version: 339200, memory: 10684223488 bytes (10189.27 MB)
write base data version: 339300, memory: 10840145920 bytes (10337.97 MB)
write base data version: 339400, memory: 10990235648 bytes (10481.11 MB)
write base data version: 339500, memory: 10616430592 bytes (10124.62 MB)
write base data version: 339600, memory: 10762141696 bytes (10263.58 MB)
write base data version: 339700, memory: 10906542080 bytes (10401.29 MB)
write base data version: 339800, memory: 11050700800 bytes (10538.77 MB)
write base data version: 339900, memory: 10678714368 bytes (10184.02 MB)
write base data version: 340000, memory: 10823245824 bytes (10321.85 MB)
write base data version: 340100, memory: 10966642688 bytes (10458.61 MB)
write base data version: 340200, memory: 10590498816 bytes (10099.89 MB)
write base data version: 340300, memory: 10736029696 bytes (10238.68 MB)
write base data version: 340400, memory: 10880622592 bytes (10376.57 MB)
write base data version: 340500, memory: 11022954496 bytes (10512.31 MB)
write base data version: 340600, memory: 10646749184 bytes (10153.53 MB)
write base data version: 340700, memory: 10790891520 bytes (10291.00 MB)
write base data version: 340800, memory: 10934710272 bytes (10428.15 MB)
write base data version: 340900, memory: 10559561728 bytes (10070.38 MB)
write base data version: 341000, memory: 10704478208 bytes (10208.59 MB)
write base data version: 341100, memory: 10852597760 bytes (10349.84 MB)
write base data version: 341200, memory: 11012481024 bytes (10502.32 MB)
write base data version: 341300, memory: 10644467712 bytes (10151.36 MB)
write base data version: 341400, memory: 10793586688 bytes (10293.57 MB)
write base data version: 341500, memory: 10937724928 bytes (10431.03 MB)
write base data version: 341600, memory: 11080658944 bytes (10567.34 MB)
write base data version: 341700, memory: 10703540224 bytes (10207.69 MB)
write base data version: 341800, memory: 10848419840 bytes (10345.86 MB)
write base data version: 341900, memory: 10993532928 bytes (10484.25 MB)
write base data version: 342000, memory: 10618171392 bytes (10126.28 MB)
write base data version: 342100, memory: 10760704000 bytes (10262.21 MB)
write base data version: 342200, memory: 10904961024 bytes (10399.78 MB)
write base data version: 342300, memory: 11049332736 bytes (10537.46 MB)
write base data version: 342400, memory: 10673930240 bytes (10179.45 MB)
write base data version: 342500, memory: 10818228224 bytes (10317.07 MB)
write base data version: 342600, memory: 10963402752 bytes (10455.52 MB)
write base data version: 342700, memory: 10587582464 bytes (10097.11 MB)
write base data version: 342800, memory: 10732716032 bytes (10235.52 MB)
write base data version: 342900, memory: 10875338752 bytes (10371.53 MB)
write base data version: 343000, memory: 11018964992 bytes (10508.50 MB)
write base data version: 343100, memory: 10643087360 bytes (10150.04 MB)
write base data version: 343200, memory: 10790412288 bytes (10290.54 MB)
write base data version: 343300, memory: 10938245120 bytes (10431.52 MB)
write base data version: 343400, memory: 11095273472 bytes (10581.28 MB)
write base data version: 343500, memory: 10702848000 bytes (10207.03 MB)
write base data version: 343600, memory: 10848083968 bytes (10345.54 MB)
write base data version: 343700, memory: 10992889856 bytes (10483.64 MB)
write base data version: 343800, memory: 10617008128 bytes (10125.17 MB)
write base data version: 343900, memory: 10761920512 bytes (10263.37 MB)
write base data version: 344000, memory: 10906603520 bytes (10401.35 MB)
write base data version: 344100, memory: 11051196416 bytes (10539.24 MB)
write base data version: 344200, memory: 10676260864 bytes (10181.68 MB)
write base data version: 344300, memory: 10818428928 bytes (10317.26 MB)
write base data version: 344400, memory: 10963591168 bytes (10455.70 MB)
write base data version: 344500, memory: 10589241344 bytes (10098.69 MB)
write base data version: 344600, memory: 10747285504 bytes (10249.41 MB)
write base data version: 344700, memory: 10890915840 bytes (10386.39 MB)
write base data version: 344800, memory: 11047833600 bytes (10536.04 MB)
write base data version: 344900, memory: 10673270784 bytes (10178.82 MB)
write base data version: 345000, memory: 10829869056 bytes (10328.17 MB)
write base data version: 345100, memory: 10974212096 bytes (10465.82 MB)
write base data version: 345200, memory: 11118678016 bytes (10603.60 MB)
write base data version: 345300, memory: 10742677504 bytes (10245.02 MB)
write base data version: 345400, memory: 10893795328 bytes (10389.13 MB)
write base data version: 345500, memory: 11039109120 bytes (10527.71 MB)
write base data version: 345600, memory: 10670604288 bytes (10176.28 MB)
write base data version: 345700, memory: 10815844352 bytes (10314.79 MB)
write base data version: 345800, memory: 10960596992 bytes (10452.84 MB)
write base data version: 345900, memory: 11105247232 bytes (10590.79 MB)
write base data version: 346000, memory: 10728878080 bytes (10231.86 MB)
write base data version: 346100, memory: 10875461632 bytes (10371.65 MB)
write base data version: 346200, memory: 11021856768 bytes (10511.26 MB)
write base data version: 346300, memory: 10638401536 bytes (10145.57 MB)
write base data version: 346400, memory: 10782814208 bytes (10283.29 MB)
write base data version: 346500, memory: 10927837184 bytes (10421.60 MB)
write base data version: 346600, memory: 11072344064 bytes (10559.41 MB)
write base data version: 346700, memory: 10696634368 bytes (10201.11 MB)
write base data version: 346800, memory: 10839662592 bytes (10337.51 MB)
write base data version: 346900, memory: 10982944768 bytes (10474.15 MB)
write base data version: 347000, memory: 11127816192 bytes (10612.31 MB)
write base data version: 347100, memory: 10751279104 bytes (10253.22 MB)
write base data version: 347200, memory: 10896699392 bytes (10391.90 MB)
write base data version: 347300, memory: 11040464896 bytes (10529.01 MB)
write base data version: 347400, memory: 10665021440 bytes (10170.96 MB)
write base data version: 347500, memory: 10813345792 bytes (10312.41 MB)
write base data version: 347600, memory: 10975305728 bytes (10466.87 MB)
write base data version: 347700, memory: 11129442304 bytes (10613.86 MB)
write base data version: 347800, memory: 10758893568 bytes (10260.48 MB)
write base data version: 347900, memory: 10903257088 bytes (10398.16 MB)
write base data version: 348000, memory: 11025252352 bytes (10514.50 MB)
write base data version: 348100, memory: 10651508736 bytes (10158.07 MB)
write base data version: 348200, memory: 10797846528 bytes (10297.63 MB)
write base data version: 348300, memory: 10943508480 bytes (10436.54 MB)
write base data version: 348400, memory: 11085324288 bytes (10571.79 MB)
write base data version: 348500, memory: 10710659072 bytes (10214.48 MB)
write base data version: 348600, memory: 10855612416 bytes (10352.72 MB)
write base data version: 348700, memory: 11000434688 bytes (10490.83 MB)
write base data version: 348800, memory: 11145428992 bytes (10629.11 MB)
write base data version: 348900, memory: 10771140608 bytes (10272.16 MB)
write base data version: 349000, memory: 10914320384 bytes (10408.71 MB)
write base data version: 349100, memory: 11058589696 bytes (10546.29 MB)
write base data version: 349200, memory: 10670256128 bytes (10175.95 MB)
write base data version: 349300, memory: 10814398464 bytes (10313.41 MB)
write base data version: 349400, memory: 10959564800 bytes (10451.86 MB)
write base data version: 349500, memory: 11103305728 bytes (10588.94 MB)
write base data version: 349600, memory: 10729480192 bytes (10232.43 MB)
write base data version: 349700, memory: 10878369792 bytes (10374.42 MB)
write base data version: 349800, memory: 11029086208 bytes (10518.16 MB)
write base data version: 349900, memory: 10658562048 bytes (10164.80 MB)
write base data version: 350000, memory: 10803200000 bytes (10302.73 MB)
write base data version: 350100, memory: 10947514368 bytes (10440.36 MB)
write base data version: 350200, memory: 11092647936 bytes (10578.77 MB)
write base data version: 350300, memory: 10717224960 bytes (10220.74 MB)
write base data version: 350400, memory: 10861072384 bytes (10357.93 MB)
write base data version: 350500, memory: 11005325312 bytes (10495.50 MB)
write base data version: 350600, memory: 11149545472 bytes (10633.04 MB)
write base data version: 350700, memory: 10773794816 bytes (10274.69 MB)
write base data version: 350800, memory: 10918137856 bytes (10412.35 MB)
write base data version: 350900, memory: 11063287808 bytes (10550.77 MB)
write base data version: 351000, memory: 10686996480 bytes (10191.91 MB)
write base data version: 351100, memory: 10831884288 bytes (10330.09 MB)
write base data version: 351200, memory: 10976559104 bytes (10468.06 MB)
write base data version: 351300, memory: 11126513664 bytes (10611.07 MB)
write base data version: 351400, memory: 10762592256 bytes (10264.01 MB)
write base data version: 351500, memory: 10907475968 bytes (10402.18 MB)
write base data version: 351600, memory: 11052527616 bytes (10540.51 MB)
write base data version: 351700, memory: 10678079488 bytes (10183.41 MB)
write base data version: 351800, memory: 10831081472 bytes (10329.32 MB)
write base data version: 351900, memory: 10980618240 bytes (10471.93 MB)
write base data version: 352000, memory: 11124502528 bytes (10609.15 MB)
write base data version: 352100, memory: 10732748800 bytes (10235.55 MB)
write base data version: 352200, memory: 10875191296 bytes (10371.39 MB)
write base data version: 352300, memory: 11046137856 bytes (10534.42 MB)
write base data version: 352400, memory: 11168006144 bytes (10650.64 MB)
write base data version: 352500, memory: 10793480192 bytes (10293.46 MB)
write base data version: 352600, memory: 10936332288 bytes (10429.70 MB)
write base data version: 352700, memory: 11086503936 bytes (10572.91 MB)
write base data version: 352800, memory: 10711216128 bytes (10215.01 MB)
write base data version: 352900, memory: 10854694912 bytes (10351.84 MB)
write base data version: 353000, memory: 11000401920 bytes (10490.80 MB)
write base data version: 353100, memory: 11145261056 bytes (10628.95 MB)
write base data version: 353200, memory: 10769039360 bytes (10270.16 MB)
write base data version: 353300, memory: 10915373056 bytes (10409.71 MB)
write base data version: 353400, memory: 11073204224 bytes (10560.23 MB)
write base data version: 353500, memory: 10698035200 bytes (10202.44 MB)
write base data version: 353600, memory: 10842427392 bytes (10340.14 MB)
write base data version: 353700, memory: 10987061248 bytes (10478.08 MB)
write base data version: 353800, memory: 11131342848 bytes (10615.68 MB)
write base data version: 353900, memory: 10756505600 bytes (10258.20 MB)
write base data version: 354000, memory: 10900377600 bytes (10395.41 MB)
write base data version: 354100, memory: 11044335616 bytes (10532.70 MB)
write base data version: 354200, memory: 11204624384 bytes (10685.56 MB)
write base data version: 354300, memory: 10816450560 bytes (10315.37 MB)
write base data version: 354400, memory: 10950119424 bytes (10442.85 MB)
write base data version: 354500, memory: 11099729920 bytes (10585.53 MB)
write base data version: 354600, memory: 10723209216 bytes (10226.45 MB)
write base data version: 354700, memory: 10868867072 bytes (10365.36 MB)
write base data version: 354800, memory: 11013038080 bytes (10502.85 MB)
write base data version: 354900, memory: 11167444992 bytes (10650.11 MB)
write base data version: 355000, memory: 10791596032 bytes (10291.67 MB)
write base data version: 355100, memory: 10933952512 bytes (10427.43 MB)
write base data version: 355200, memory: 11078344704 bytes (10565.13 MB)
write base data version: 355300, memory: 10703347712 bytes (10207.51 MB)
write base data version: 355400, memory: 10847645696 bytes (10345.12 MB)
write base data version: 355500, memory: 10991968256 bytes (10482.76 MB)
write base data version: 355600, memory: 11136016384 bytes (10620.13 MB)
write base data version: 355700, memory: 10760847360 bytes (10262.34 MB)
write base data version: 355800, memory: 10905894912 bytes (10400.67 MB)
write base data version: 355900, memory: 11050901504 bytes (10538.96 MB)
write base data version: 356000, memory: 11194142720 bytes (10675.57 MB)
write base data version: 356100, memory: 10816303104 bytes (10315.23 MB)
write base data version: 356200, memory: 10961801216 bytes (10453.99 MB)
write base data version: 356300, memory: 11104923648 bytes (10590.48 MB)
write base data version: 356400, memory: 10729558016 bytes (10232.50 MB)
write base data version: 356500, memory: 10874286080 bytes (10370.53 MB)
write base data version: 356600, memory: 11018031104 bytes (10507.61 MB)
write base data version: 356700, memory: 11161976832 bytes (10644.89 MB)
write base data version: 356800, memory: 10786476032 bytes (10286.79 MB)
write base data version: 356900, memory: 10935533568 bytes (10428.94 MB)
write base data version: 357000, memory: 11083165696 bytes (10569.73 MB)
write base data version: 357100, memory: 11227242496 bytes (10707.13 MB)
write base data version: 357200, memory: 10851926016 bytes (10349.20 MB)
write base data version: 357300, memory: 10978082816 bytes (10469.52 MB)
write base data version: 357400, memory: 11121938432 bytes (10606.71 MB)
write base data version: 357500, memory: 10747072512 bytes (10249.21 MB)
write base data version: 357600, memory: 10891284480 bytes (10386.74 MB)
write base data version: 357700, memory: 11035533312 bytes (10524.30 MB)
write base data version: 357800, memory: 11180429312 bytes (10662.49 MB)
write base data version: 357900, memory: 10806046720 bytes (10305.45 MB)
write base data version: 358000, memory: 10950844416 bytes (10443.54 MB)
write base data version: 358100, memory: 11095552000 bytes (10581.54 MB)
write base data version: 358200, memory: 10719518720 bytes (10222.93 MB)
write base data version: 358300, memory: 10864066560 bytes (10360.78 MB)
write base data version: 358400, memory: 11008417792 bytes (10498.45 MB)
write base data version: 358500, memory: 11152785408 bytes (10636.12 MB)
write base data version: 358600, memory: 10776948736 bytes (10277.70 MB)
write base data version: 358700, memory: 10921533440 bytes (10415.59 MB)
write base data version: 358800, memory: 11065745408 bytes (10553.12 MB)
write base data version: 358900, memory: 10689990656 bytes (10194.77 MB)
write base data version: 359000, memory: 10840616960 bytes (10338.42 MB)
write base data version: 359100, memory: 10980614144 bytes (10471.93 MB)
write base data version: 359200, memory: 11131912192 bytes (10616.22 MB)
write base data version: 359300, memory: 10755022848 bytes (10256.79 MB)
write base data version: 359400, memory: 10894462976 bytes (10389.77 MB)
write base data version: 359500, memory: 11039051776 bytes (10527.66 MB)
write base data version: 359600, memory: 11183624192 bytes (10665.54 MB)
write base data version: 359700, memory: 10809278464 bytes (10308.53 MB)
write base data version: 359800, memory: 10953351168 bytes (10445.93 MB)
write base data version: 359900, memory: 11097817088 bytes (10583.70 MB)
write base data version: 360000, memory: 10721898496 bytes (10225.20 MB)
write base data version: 360100, memory: 10866716672 bytes (10363.31 MB)
write base data version: 360200, memory: 11010121728 bytes (10500.07 MB)
write base data version: 360300, memory: 11154964480 bytes (10638.20 MB)
write base data version: 360400, memory: 10780069888 bytes (10280.68 MB)
write base data version: 360500, memory: 10926325760 bytes (10420.16 MB)
write base data version: 360600, memory: 11070693376 bytes (10557.84 MB)
write base data version: 360700, memory: 10696798208 bytes (10201.26 MB)
write base data version: 360800, memory: 10841055232 bytes (10338.84 MB)
write base data version: 360900, memory: 10986246144 bytes (10477.30 MB)
write base data version: 361000, memory: 11131179008 bytes (10615.52 MB)
write base data version: 361100, memory: 10755510272 bytes (10257.25 MB)
write base data version: 361200, memory: 10896605184 bytes (10391.81 MB)
write base data version: 361300, memory: 11041730560 bytes (10530.21 MB)
write base data version: 361400, memory: 11186958336 bytes (10668.71 MB)
write base data version: 361500, memory: 10810613760 bytes (10309.80 MB)
write base data version: 361600, memory: 10945830912 bytes (10438.76 MB)
write base data version: 361700, memory: 11053723648 bytes (10541.65 MB)
write base data version: 361800, memory: 10677477376 bytes (10182.84 MB)
write base data version: 361900, memory: 10822234112 bytes (10320.89 MB)
write base data version: 362000, memory: 10967310336 bytes (10459.24 MB)
write base data version: 362100, memory: 11111743488 bytes (10596.98 MB)
write base data version: 362200, memory: 10735157248 bytes (10237.84 MB)
write base data version: 362300, memory: 10879176704 bytes (10375.19 MB)
write base data version: 362400, memory: 11023990784 bytes (10513.30 MB)
write base data version: 362500, memory: 11169054720 bytes (10651.64 MB)
write base data version: 362600, memory: 10793594880 bytes (10293.57 MB)
write base data version: 362700, memory: 10937765888 bytes (10431.07 MB)
write base data version: 362800, memory: 11082936320 bytes (10569.51 MB)
write base data version: 362900, memory: 10705403904 bytes (10209.47 MB)
write base data version: 363000, memory: 10849558528 bytes (10346.95 MB)
write base data version: 363100, memory: 10994520064 bytes (10485.19 MB)
write base data version: 363200, memory: 11139682304 bytes (10623.63 MB)
write base data version: 363300, memory: 10765279232 bytes (10266.57 MB)
write base data version: 363400, memory: 10914897920 bytes (10409.26 MB)
write base data version: 363500, memory: 11059568640 bytes (10547.23 MB)
write base data version: 363600, memory: 10691584000 bytes (10196.29 MB)
write base data version: 363700, memory: 10837536768 bytes (10335.48 MB)
write base data version: 363800, memory: 10982764544 bytes (10473.98 MB)
write base data version: 363900, memory: 11127214080 bytes (10611.74 MB)
write base data version: 364000, memory: 10751430656 bytes (10253.36 MB)
write base data version: 364100, memory: 10895118336 bytes (10390.39 MB)
write base data version: 364200, memory: 11042447360 bytes (10530.90 MB)
write base data version: 364300, memory: 11187036160 bytes (10668.79 MB)
write base data version: 364400, memory: 10815184896 bytes (10314.16 MB)
write base data version: 364500, memory: 10975473664 bytes (10467.03 MB)
write base data version: 364600, memory: 11120623616 bytes (10605.45 MB)
write base data version: 364700, memory: 10744197120 bytes (10246.46 MB)
write base data version: 364800, memory: 10887081984 bytes (10382.73 MB)
write base data version: 364900, memory: 11031674880 bytes (10520.62 MB)
write base data version: 365000, memory: 11175460864 bytes (10657.75 MB)
write base data version: 365100, memory: 10800287744 bytes (10299.96 MB)
write base data version: 365200, memory: 10945052672 bytes (10438.02 MB)
write base data version: 365300, memory: 11089764352 bytes (10576.02 MB)
write base data version: 365400, memory: 10714128384 bytes (10217.79 MB)
write base data version: 365500, memory: 10862112768 bytes (10358.92 MB)
write base data version: 365600, memory: 11006758912 bytes (10496.86 MB)
write base data version: 365700, memory: 11151704064 bytes (10635.09 MB)
write base data version: 365800, memory: 10788929536 bytes (10289.12 MB)
write base data version: 365900, memory: 10938920960 bytes (10432.17 MB)
write base data version: 366000, memory: 11081842688 bytes (10568.47 MB)
write base data version: 366100, memory: 11226284032 bytes (10706.22 MB)
write base data version: 366200, memory: 10851778560 bytes (10349.06 MB)
write base data version: 366300, memory: 10996428800 bytes (10487.01 MB)
write base data version: 366400, memory: 11140857856 bytes (10624.75 MB)
write base data version: 366500, memory: 10764955648 bytes (10266.26 MB)
write base data version: 366600, memory: 10909491200 bytes (10404.10 MB)
write base data version: 366700, memory: 11054018560 bytes (10541.93 MB)
write base data version: 366800, memory: 11198713856 bytes (10679.93 MB)
write base data version: 366900, memory: 10823020544 bytes (10321.64 MB)
write base data version: 367000, memory: 10967154688 bytes (10459.09 MB)
write base data version: 367100, memory: 11111239680 bytes (10596.50 MB)
write base data version: 367200, memory: 10735214592 bytes (10237.90 MB)
write base data version: 367300, memory: 10879352832 bytes (10375.36 MB)
write base data version: 367400, memory: 11023405056 bytes (10512.74 MB)
write base data version: 367500, memory: 11168673792 bytes (10651.28 MB)
write base data version: 367600, memory: 10793373696 bytes (10293.36 MB)
write base data version: 367700, memory: 10936078336 bytes (10429.46 MB)
write base data version: 367800, memory: 11086188544 bytes (10572.61 MB)
write base data version: 367900, memory: 11247087616 bytes (10726.06 MB)
write base data version: 368000, memory: 10873659392 bytes (10369.93 MB)
write base data version: 368100, memory: 11017478144 bytes (10507.09 MB)
write base data version: 368200, memory: 11174305792 bytes (10656.65 MB)
write base data version: 368300, memory: 10798759936 bytes (10298.50 MB)
write base data version: 368400, memory: 10943197184 bytes (10436.25 MB)
write base data version: 368500, memory: 11087872000 bytes (10574.22 MB)
write base data version: 368600, memory: 11232108544 bytes (10711.77 MB)
write base data version: 368700, memory: 10855776256 bytes (10352.88 MB)
write base data version: 368800, memory: 10998636544 bytes (10489.12 MB)
write base data version: 368900, memory: 11143348224 bytes (10627.12 MB)
write base data version: 369000, memory: 10768478208 bytes (10269.62 MB)
write base data version: 369100, memory: 10913333248 bytes (10407.77 MB)
write base data version: 369200, memory: 11058151424 bytes (10545.88 MB)
write base data version: 369300, memory: 11200389120 bytes (10681.52 MB)
write base data version: 369400, memory: 10824278016 bytes (10322.84 MB)
write base data version: 369500, memory: 10969784320 bytes (10461.60 MB)
write base data version: 369600, memory: 11115053056 bytes (10600.14 MB)
write base data version: 369700, memory: 11259682816 bytes (10738.07 MB)
write base data version: 369800, memory: 10883575808 bytes (10379.39 MB)
write base data version: 369900, memory: 11030929408 bytes (10519.91 MB)
write base data version: 370000, memory: 11175723008 bytes (10658.00 MB)
write base data version: 370100, memory: 10797436928 bytes (10297.24 MB)
write base data version: 370200, memory: 10941444096 bytes (10434.57 MB)
write base data version: 370300, memory: 11087921152 bytes (10574.27 MB)
write base data version: 370400, memory: 11258392576 bytes (10736.84 MB)
write base data version: 370500, memory: 10883944448 bytes (10379.74 MB)
write base data version: 370600, memory: 11028258816 bytes (10517.37 MB)
write base data version: 370700, memory: 11175653376 bytes (10657.93 MB)
write base data version: 370800, memory: 10804555776 bytes (10304.03 MB)
write base data version: 370900, memory: 10947121152 bytes (10439.99 MB)
write base data version: 371000, memory: 11090419712 bytes (10576.65 MB)
write base data version: 371100, memory: 11235450880 bytes (10714.96 MB)
write base data version: 371200, memory: 10859565056 bytes (10356.49 MB)
write base data version: 371300, memory: 11004477440 bytes (10494.69 MB)
write base data version: 371400, memory: 11148877824 bytes (10632.40 MB)
write base data version: 371500, memory: 11293507584 bytes (10770.33 MB)
write base data version: 371600, memory: 10901147648 bytes (10396.14 MB)
write base data version: 371700, memory: 11046162432 bytes (10534.44 MB)
write base data version: 371800, memory: 11190906880 bytes (10672.48 MB)
write base data version: 371900, memory: 10814693376 bytes (10313.70 MB)
write base data version: 372000, memory: 10959118336 bytes (10451.43 MB)
write base data version: 372100, memory: 11103879168 bytes (10589.48 MB)
write base data version: 372200, memory: 11248615424 bytes (10727.52 MB)
write base data version: 372300, memory: 10875334656 bytes (10371.53 MB)
write base data version: 372400, memory: 11028332544 bytes (10517.44 MB)
write base data version: 372500, memory: 11172143104 bytes (10654.59 MB)
write base data version: 372600, memory: 10795843584 bytes (10295.72 MB)
write base data version: 372700, memory: 10941370368 bytes (10434.50 MB)
write base data version: 372800, memory: 11085492224 bytes (10571.95 MB)
write base data version: 372900, memory: 11229184000 bytes (10708.98 MB)
write base data version: 373000, memory: 10854223872 bytes (10351.39 MB)
write base data version: 373100, memory: 10997411840 bytes (10487.95 MB)
write base data version: 373200, memory: 11141566464 bytes (10625.43 MB)
write base data version: 373300, memory: 11286003712 bytes (10763.17 MB)
write base data version: 373400, memory: 10912931840 bytes (10407.38 MB)
write base data version: 373500, memory: 11059712000 bytes (10547.36 MB)
write base data version: 373600, memory: 11204161536 bytes (10685.12 MB)
write base data version: 373700, memory: 10828673024 bytes (10327.03 MB)
write base data version: 373800, memory: 10973995008 bytes (10465.62 MB)
write base data version: 373900, memory: 11118546944 bytes (10603.47 MB)
write base data version: 374000, memory: 11260854272 bytes (10739.19 MB)
write base data version: 374100, memory: 10885353472 bytes (10381.08 MB)
write base data version: 374200, memory: 11030085632 bytes (10519.11 MB)
write base data version: 374300, memory: 11176054784 bytes (10658.32 MB)
write base data version: 374400, memory: 11320901632 bytes (10796.45 MB)
write base data version: 374500, memory: 10944815104 bytes (10437.79 MB)
write base data version: 374600, memory: 11086585856 bytes (10572.99 MB)
write base data version: 374700, memory: 11231559680 bytes (10711.25 MB)
write base data version: 374800, memory: 10857099264 bytes (10354.14 MB)
write base data version: 374900, memory: 11001237504 bytes (10491.60 MB)
write base data version: 375000, memory: 11147415552 bytes (10631.00 MB)
write base data version: 375100, memory: 11289853952 bytes (10766.84 MB)
write base data version: 375200, memory: 10913759232 bytes (10408.17 MB)
write base data version: 375300, memory: 11082510336 bytes (10569.11 MB)
write base data version: 375400, memory: 11227844608 bytes (10707.71 MB)
write base data version: 375500, memory: 10852859904 bytes (10350.09 MB)
write base data version: 375600, memory: 10996641792 bytes (10487.21 MB)
write base data version: 375700, memory: 11141636096 bytes (10625.49 MB)
write base data version: 375800, memory: 11285897216 bytes (10763.07 MB)
write base data version: 375900, memory: 10907889664 bytes (10402.57 MB)
write base data version: 376000, memory: 11053236224 bytes (10541.19 MB)
write base data version: 376100, memory: 11198124032 bytes (10679.36 MB)
write base data version: 376200, memory: 10823323648 bytes (10321.93 MB)
write base data version: 376300, memory: 10968502272 bytes (10460.38 MB)
write base data version: 376400, memory: 11112800256 bytes (10597.99 MB)
write base data version: 376500, memory: 11256406016 bytes (10734.95 MB)
write base data version: 376600, memory: 10881765376 bytes (10377.66 MB)
write base data version: 376700, memory: 11024678912 bytes (10513.95 MB)
write base data version: 376800, memory: 11169357824 bytes (10651.93 MB)
write base data version: 376900, memory: 11313790976 bytes (10789.67 MB)
write base data version: 377000, memory: 10937675776 bytes (10430.98 MB)
write base data version: 377100, memory: 11092738048 bytes (10578.86 MB)
write base data version: 377200, memory: 11251232768 bytes (10730.01 MB)
write base data version: 377300, memory: 10883379200 bytes (10379.20 MB)
write base data version: 377400, memory: 11031666688 bytes (10520.62 MB)
write base data version: 377500, memory: 11175092224 bytes (10657.40 MB)
write base data version: 377600, memory: 11319615488 bytes (10795.23 MB)
write base data version: 377700, memory: 10947133440 bytes (10440.00 MB)
write base data version: 377800, memory: 11091300352 bytes (10577.49 MB)
write base data version: 377900, memory: 11248615424 bytes (10727.52 MB)
write base data version: 378000, memory: 10887016448 bytes (10382.67 MB)
write base data version: 378100, memory: 11044929536 bytes (10533.27 MB)
write base data version: 378200, memory: 11192033280 bytes (10673.55 MB)
write base data version: 378300, memory: 11337007104 bytes (10811.81 MB)
write base data version: 378400, memory: 10957811712 bytes (10450.18 MB)
write base data version: 378500, memory: 11101106176 bytes (10586.84 MB)
write base data version: 378600, memory: 11247644672 bytes (10726.59 MB)
write base data version: 378700, memory: 11394203648 bytes (10866.36 MB)
write base data version: 378800, memory: 11017617408 bytes (10507.22 MB)
write base data version: 378900, memory: 11162767360 bytes (10645.64 MB)
write base data version: 379000, memory: 11307757568 bytes (10783.92 MB)
write base data version: 379100, memory: 10932305920 bytes (10425.86 MB)
write base data version: 379200, memory: 11076997120 bytes (10563.85 MB)
write base data version: 379300, memory: 11218231296 bytes (10698.54 MB)
write base data version: 379400, memory: 11367170048 bytes (10840.58 MB)
write base data version: 379500, memory: 10998796288 bytes (10489.27 MB)
write base data version: 379600, memory: 11137810432 bytes (10621.84 MB)
write base data version: 379700, memory: 11291373568 bytes (10768.29 MB)
write base data version: 379800, memory: 10923810816 bytes (10417.76 MB)
write base data version: 379900, memory: 11064680448 bytes (10552.10 MB)
write base data version: 380000, memory: 11208200192 bytes (10688.97 MB)
write base data version: 380100, memory: 11354595328 bytes (10828.59 MB)
write base data version: 380200, memory: 10980433920 bytes (10471.76 MB)
write base data version: 380300, memory: 11125444608 bytes (10610.05 MB)
write base data version: 380400, memory: 11267416064 bytes (10745.45 MB)
write base data version: 380500, memory: 11412267008 bytes (10883.59 MB)
write base data version: 380600, memory: 11036950528 bytes (10525.66 MB)
write base data version: 380700, memory: 11182055424 bytes (10664.04 MB)
write base data version: 380800, memory: 11326595072 bytes (10801.88 MB)
write base data version: 380900, memory: 10952183808 bytes (10444.82 MB)
write base data version: 381000, memory: 11094863872 bytes (10580.89 MB)
write base data version: 381100, memory: 11240194048 bytes (10719.48 MB)
write base data version: 381200, memory: 11385282560 bytes (10857.85 MB)
write base data version: 381300, memory: 11009548288 bytes (10499.52 MB)
write base data version: 381400, memory: 11152207872 bytes (10635.57 MB)
write base data version: 381500, memory: 11296944128 bytes (10773.61 MB)
write base data version: 381600, memory: 10921689088 bytes (10415.73 MB)
write base data version: 381700, memory: 11066691584 bytes (10554.02 MB)
write base data version: 381800, memory: 11211206656 bytes (10691.84 MB)
write base data version: 381900, memory: 11356008448 bytes (10829.93 MB)
write base data version: 382000, memory: 10979487744 bytes (10470.86 MB)
write base data version: 382100, memory: 11124748288 bytes (10609.39 MB)
write base data version: 382200, memory: 11268415488 bytes (10746.40 MB)
write base data version: 382300, memory: 11411070976 bytes (10882.45 MB)
write base data version: 382400, memory: 11035521024 bytes (10524.29 MB)
write base data version: 382500, memory: 11180597248 bytes (10662.65 MB)
write base data version: 382600, memory: 11325644800 bytes (10800.98 MB)
write base data version: 382700, memory: 10951921664 bytes (10444.57 MB)
write base data version: 382800, memory: 11096219648 bytes (10582.18 MB)
write base data version: 382900, memory: 11238850560 bytes (10718.20 MB)
write base data version: 383000, memory: 11389206528 bytes (10861.59 MB)
write base data version: 383100, memory: 11021606912 bytes (10511.02 MB)
write base data version: 383200, memory: 11169374208 bytes (10651.95 MB)
write base data version: 383300, memory: 11313958912 bytes (10789.83 MB)
write base data version: 383400, memory: 10938490880 bytes (10431.76 MB)
write base data version: 383500, memory: 11086864384 bytes (10573.26 MB)
write base data version: 383600, memory: 11230760960 bytes (10710.49 MB)
write base data version: 383700, memory: 11375439872 bytes (10848.46 MB)
write base data version: 383800, memory: 10999898112 bytes (10490.32 MB)
write base data version: 383900, memory: 11145011200 bytes (10628.71 MB)
write base data version: 384000, memory: 11288870912 bytes (10765.91 MB)
write base data version: 384100, memory: 11433435136 bytes (10903.77 MB)
write base data version: 384200, memory: 11059281920 bytes (10546.95 MB)
write base data version: 384300, memory: 11203538944 bytes (10684.53 MB)
write base data version: 384400, memory: 11347570688 bytes (10821.89 MB)
write base data version: 384500, memory: 10984833024 bytes (10475.95 MB)
write base data version: 384600, memory: 11128414208 bytes (10612.88 MB)
write base data version: 384700, memory: 11244777472 bytes (10723.86 MB)
write base data version: 384800, memory: 11389231104 bytes (10861.62 MB)
write base data version: 384900, memory: 11014131712 bytes (10503.89 MB)
write base data version: 385000, memory: 11163918336 bytes (10646.74 MB)
write base data version: 385100, memory: 11308122112 bytes (10784.27 MB)
write base data version: 385200, memory: 10936512512 bytes (10429.87 MB)
write base data version: 385300, memory: 11080413184 bytes (10567.11 MB)
write base data version: 385400, memory: 11225124864 bytes (10705.11 MB)
write base data version: 385500, memory: 11368833024 bytes (10842.16 MB)
write base data version: 385600, memory: 10997755904 bytes (10488.28 MB)
write base data version: 385700, memory: 11145850880 bytes (10629.51 MB)
write base data version: 385800, memory: 11290628096 bytes (10767.58 MB)
write base data version: 385900, memory: 11434635264 bytes (10904.92 MB)
write base data version: 386000, memory: 11058950144 bytes (10546.64 MB)
write base data version: 386100, memory: 11203416064 bytes (10684.41 MB)
write base data version: 386200, memory: 11343712256 bytes (10818.21 MB)
write base data version: 386300, memory: 10968104960 bytes (10460.00 MB)
write base data version: 386400, memory: 11114041344 bytes (10599.18 MB)
write base data version: 386500, memory: 11259117568 bytes (10737.53 MB)
write base data version: 386600, memory: 11401175040 bytes (10873.01 MB)
write base data version: 386700, memory: 11025371136 bytes (10514.61 MB)
write base data version: 386800, memory: 11170586624 bytes (10653.10 MB)
write base data version: 386900, memory: 11315965952 bytes (10791.75 MB)
write base data version: 387000, memory: 10937688064 bytes (10430.99 MB)
write base data version: 387100, memory: 11082190848 bytes (10568.80 MB)
write base data version: 387200, memory: 11226804224 bytes (10706.71 MB)
write base data version: 387300, memory: 11374825472 bytes (10847.88 MB)
write base data version: 387400, memory: 11001434112 bytes (10491.79 MB)
write base data version: 387500, memory: 11145355264 bytes (10629.04 MB)
write base data version: 387600, memory: 11291205632 bytes (10768.13 MB)
write base data version: 387700, memory: 11436421120 bytes (10906.62 MB)
write base data version: 387800, memory: 11060998144 bytes (10548.59 MB)
write base data version: 387900, memory: 11206959104 bytes (10687.79 MB)
write base data version: 388000, memory: 11350323200 bytes (10824.51 MB)
write base data version: 388100, memory: 10975129600 bytes (10466.70 MB)
write base data version: 388200, memory: 11119996928 bytes (10604.86 MB)
write base data version: 388300, memory: 11265224704 bytes (10743.36 MB)
write base data version: 388400, memory: 11409797120 bytes (10881.23 MB)
write base data version: 388500, memory: 11033284608 bytes (10522.16 MB)
write base data version: 388600, memory: 11175878656 bytes (10658.15 MB)
write base data version: 388700, memory: 11320807424 bytes (10796.36 MB)
write base data version: 388800, memory: 10945908736 bytes (10438.83 MB)
write base data version: 388900, memory: 11090853888 bytes (10577.06 MB)
write base data version: 389000, memory: 11235385344 bytes (10714.90 MB)
write base data version: 389100, memory: 11379253248 bytes (10852.10 MB)
write base data version: 389200, memory: 11002540032 bytes (10492.84 MB)
write base data version: 389300, memory: 11147517952 bytes (10631.10 MB)
write base data version: 389400, memory: 11304099840 bytes (10780.43 MB)
write base data version: 389500, memory: 11466960896 bytes (10935.75 MB)
write base data version: 389600, memory: 11096289280 bytes (10582.25 MB)
write base data version: 389700, memory: 11246448640 bytes (10725.45 MB)
write base data version: 389800, memory: 11393957888 bytes (10866.12 MB)
write base data version: 389900, memory: 11018530816 bytes (10508.09 MB)
write base data version: 390000, memory: 11164594176 bytes (10647.39 MB)
write base data version: 390100, memory: 11310678016 bytes (10786.70 MB)
write base data version: 390200, memory: 11454930944 bytes (10924.27 MB)
write base data version: 390300, memory: 11079487488 bytes (10566.22 MB)
write base data version: 390400, memory: 11223470080 bytes (10703.54 MB)
write base data version: 390500, memory: 11367399424 bytes (10840.80 MB)
write base data version: 390600, memory: 10991149056 bytes (10481.98 MB)
write base data version: 390700, memory: 11134230528 bytes (10618.43 MB)
write base data version: 390800, memory: 11278471168 bytes (10755.99 MB)
write base data version: 390900, memory: 11423199232 bytes (10894.01 MB)
write base data version: 391000, memory: 11049639936 bytes (10537.76 MB)
write base data version: 391100, memory: 11194511360 bytes (10675.92 MB)
write base data version: 391200, memory: 11339128832 bytes (10813.84 MB)
write base data version: 391300, memory: 11483910144 bytes (10951.91 MB)
write base data version: 391400, memory: 11105263616 bytes (10590.80 MB)
write base data version: 391500, memory: 11252367360 bytes (10731.09 MB)
write base data version: 391600, memory: 11400269824 bytes (10872.14 MB)
write base data version: 391700, memory: 11039092736 bytes (10527.70 MB)
write base data version: 391800, memory: 11191951360 bytes (10673.48 MB)
write base data version: 391900, memory: 11340967936 bytes (10815.59 MB)
write base data version: 392000, memory: 11488333824 bytes (10956.13 MB)
write base data version: 392100, memory: 11114504192 bytes (10599.62 MB)
write base data version: 392200, memory: 11265630208 bytes (10743.74 MB)
write base data version: 392300, memory: 11413024768 bytes (10884.31 MB)
write base data version: 392400, memory: 11039866880 bytes (10528.44 MB)
write base data version: 392500, memory: 11199471616 bytes (10680.65 MB)
write base data version: 392600, memory: 11343675392 bytes (10818.17 MB)
write base data version: 392700, memory: 11486109696 bytes (10954.01 MB)
write base data version: 392800, memory: 11110572032 bytes (10595.87 MB)
write base data version: 392900, memory: 11254976512 bytes (10733.58 MB)
write base data version: 393000, memory: 11399643136 bytes (10871.55 MB)
write base data version: 393100, memory: 11545214976 bytes (11010.38 MB)
write base data version: 393200, memory: 11170373632 bytes (10652.90 MB)
write base data version: 393300, memory: 11312697344 bytes (10788.63 MB)
write base data version: 393400, memory: 11456339968 bytes (10925.62 MB)
write base data version: 393500, memory: 11081084928 bytes (10567.75 MB)
write base data version: 393600, memory: 11226181632 bytes (10706.12 MB)
write base data version: 393700, memory: 11371016192 bytes (10844.25 MB)
write base data version: 393800, memory: 11519676416 bytes (10986.02 MB)
write base data version: 393900, memory: 11152150528 bytes (10635.52 MB)
write base data version: 394000, memory: 11313422336 bytes (10789.32 MB)
write base data version: 394100, memory: 11458269184 bytes (10927.46 MB)
write base data version: 394200, memory: 11083886592 bytes (10570.42 MB)
write base data version: 394300, memory: 11238469632 bytes (10717.84 MB)
write base data version: 394400, memory: 11390382080 bytes (10862.71 MB)
write base data version: 394500, memory: 11537629184 bytes (11003.14 MB)
write base data version: 394600, memory: 11158306816 bytes (10641.39 MB)
write base data version: 394700, memory: 11301814272 bytes (10778.25 MB)
write base data version: 394800, memory: 11445043200 bytes (10914.84 MB)
write base data version: 394900, memory: 11589505024 bytes (11052.61 MB)
write base data version: 395000, memory: 11214086144 bytes (10694.59 MB)
write base data version: 395100, memory: 11359010816 bytes (10832.80 MB)
write base data version: 395200, memory: 11503878144 bytes (10970.95 MB)
write base data version: 395300, memory: 11129032704 bytes (10613.47 MB)
write base data version: 395400, memory: 11271086080 bytes (10748.95 MB)
write base data version: 395500, memory: 11415076864 bytes (10886.27 MB)
write base data version: 395600, memory: 11559727104 bytes (11024.21 MB)
write base data version: 395700, memory: 11183779840 bytes (10665.68 MB)
write base data version: 395800, memory: 11328516096 bytes (10803.71 MB)
write base data version: 395900, memory: 11481608192 bytes (10949.71 MB)
write base data version: 396000, memory: 11639009280 bytes (11099.82 MB)
write base data version: 396100, memory: 11268661248 bytes (10746.63 MB)
write base data version: 396200, memory: 11413807104 bytes (10885.05 MB)
write base data version: 396300, memory: 11559493632 bytes (11023.99 MB)
write base data version: 396400, memory: 11182301184 bytes (10664.27 MB)
write base data version: 396500, memory: 11326365696 bytes (10801.66 MB)
write base data version: 396600, memory: 11469766656 bytes (10938.42 MB)
write base data version: 396700, memory: 11620253696 bytes (11081.94 MB)
write base data version: 396800, memory: 11227435008 bytes (10707.32 MB)
write base data version: 396900, memory: 11372244992 bytes (10845.42 MB)
write base data version: 397000, memory: 11516706816 bytes (10983.19 MB)
write base data version: 397100, memory: 11141210112 bytes (10625.09 MB)
write base data version: 397200, memory: 11285520384 bytes (10762.71 MB)
write base data version: 397300, memory: 11430072320 bytes (10900.57 MB)
write base data version: 397400, memory: 11574198272 bytes (11038.02 MB)
write base data version: 397500, memory: 11198709760 bytes (10679.92 MB)
write base data version: 397600, memory: 11343314944 bytes (10817.83 MB)
write base data version: 397700, memory: 11486732288 bytes (10954.60 MB)
write base data version: 397800, memory: 11629481984 bytes (11090.74 MB)
write base data version: 397900, memory: 11253788672 bytes (10732.45 MB)
write base data version: 398000, memory: 11402981376 bytes (10874.73 MB)
write base data version: 398100, memory: 11566690304 bytes (11030.86 MB)
write base data version: 398200, memory: 11182374912 bytes (10664.34 MB)
write base data version: 398300, memory: 11330531328 bytes (10805.64 MB)
write base data version: 398400, memory: 11484209152 bytes (10952.20 MB)
write base data version: 398500, memory: 11628113920 bytes (11089.43 MB)
write base data version: 398600, memory: 11251400704 bytes (10730.17 MB)
write base data version: 398700, memory: 11398864896 bytes (10870.80 MB)
write base data version: 398800, memory: 11546103808 bytes (11011.22 MB)
write base data version: 398900, memory: 11172524032 bytes (10654.95 MB)
write base data version: 399000, memory: 11317174272 bytes (10792.90 MB)
write base data version: 399100, memory: 11462008832 bytes (10931.02 MB)
write base data version: 399200, memory: 11606523904 bytes (11068.84 MB)
write base data version: 399300, memory: 11226882048 bytes (10706.79 MB)
write base data version: 399400, memory: 11373359104 bytes (10846.48 MB)
write base data version: 399500, memory: 11519533056 bytes (10985.88 MB)
write base data version: 399600, memory: 11663769600 bytes (11123.44 MB)
write base data version: 399700, memory: 11292766208 bytes (10769.62 MB)
write base data version: 399800, memory: 11442720768 bytes (10912.63 MB)
write base data version: 399900, memory: 11586174976 bytes (11049.44 MB)
write base data version: 400000, memory: 11209170944 bytes (10689.90 MB)
write base data version: 400100, memory: 11353944064 bytes (10827.96 MB)
write base data version: 400200, memory: 11499393024 bytes (10966.68 MB)
write base data version: 400300, memory: 11643875328 bytes (11104.46 MB)
write base data version: 400400, memory: 11290206208 bytes (10767.18 MB)
write base data version: 400500, memory: 11431034880 bytes (10901.48 MB)
write base data version: 400600, memory: 11574571008 bytes (11038.37 MB)
write base data version: 400700, memory: 11199442944 bytes (10680.62 MB)
write base data version: 400800, memory: 11343822848 bytes (10818.31 MB)
write base data version: 400900, memory: 11497222144 bytes (10964.61 MB)
write base data version: 401000, memory: 11641761792 bytes (11102.45 MB)
write base data version: 401100, memory: 11266187264 bytes (10744.27 MB)
write base data version: 401200, memory: 11410587648 bytes (10881.98 MB)
write base data version: 401300, memory: 11554091008 bytes (11018.84 MB)
write base data version: 401400, memory: 11696640000 bytes (11154.79 MB)
write base data version: 401500, memory: 11321098240 bytes (10796.64 MB)
write base data version: 401600, memory: 11466747904 bytes (10935.54 MB)
write base data version: 401700, memory: 11607482368 bytes (11069.76 MB)
write base data version: 401800, memory: 11231457280 bytes (10711.15 MB)
write base data version: 401900, memory: 11376300032 bytes (10849.29 MB)
write base data version: 402000, memory: 11521097728 bytes (10987.38 MB)
write base data version: 402100, memory: 11665440768 bytes (11125.03 MB)
write base data version: 402200, memory: 11298832384 bytes (10775.41 MB)
write base data version: 402300, memory: 11449917440 bytes (10919.49 MB)
write base data version: 402400, memory: 11596918784 bytes (11059.68 MB)
write base data version: 402500, memory: 11224772608 bytes (10704.78 MB)
write base data version: 402600, memory: 11391172608 bytes (10863.47 MB)
write base data version: 402700, memory: 11536121856 bytes (11001.70 MB)
write base data version: 402800, memory: 11680452608 bytes (11139.35 MB)
write base data version: 402900, memory: 11304996864 bytes (10781.29 MB)
write base data version: 403000, memory: 11450290176 bytes (10919.85 MB)
write base data version: 403100, memory: 11595497472 bytes (11058.33 MB)
write base data version: 403200, memory: 11748429824 bytes (11204.18 MB)
write base data version: 403300, memory: 11379167232 bytes (10852.02 MB)
write base data version: 403400, memory: 11521847296 bytes (10988.09 MB)
write base data version: 403500, memory: 11665166336 bytes (11124.77 MB)
write base data version: 403600, memory: 11289550848 bytes (10766.55 MB)
write base data version: 403700, memory: 11434561536 bytes (10904.85 MB)
write base data version: 403800, memory: 11580215296 bytes (11043.75 MB)
write base data version: 403900, memory: 11724574720 bytes (11181.43 MB)
write base data version: 404000, memory: 11348525056 bytes (10822.80 MB)
write base data version: 404100, memory: 11492622336 bytes (10960.22 MB)
write base data version: 404200, memory: 11637362688 bytes (11098.25 MB)
write base data version: 404300, memory: 11261411328 bytes (10739.72 MB)
write base data version: 404400, memory: 11405430784 bytes (10877.07 MB)
write base data version: 404500, memory: 11549466624 bytes (11014.43 MB)
write base data version: 404600, memory: 11695652864 bytes (11153.84 MB)
write base data version: 404700, memory: 11323973632 bytes (10799.38 MB)
write base data version: 404800, memory: 11440607232 bytes (10910.61 MB)
write base data version: 404900, memory: 11584839680 bytes (11048.16 MB)
write base data version: 405000, memory: 11729420288 bytes (11186.05 MB)
write base data version: 405100, memory: 11354165248 bytes (10828.18 MB)
write base data version: 405200, memory: 11504996352 bytes (10972.02 MB)
write base data version: 405300, memory: 11650707456 bytes (11110.98 MB)
write base data version: 405400, memory: 11279224832 bytes (10756.71 MB)
write base data version: 405500, memory: 11434176512 bytes (10904.48 MB)
write base data version: 405600, memory: 11582910464 bytes (11046.32 MB)
write base data version: 405700, memory: 11727585280 bytes (11184.30 MB)
write base data version: 405800, memory: 11359686656 bytes (10833.44 MB)
write base data version: 405900, memory: 11507445760 bytes (10974.36 MB)
write base data version: 406000, memory: 11651031040 bytes (11111.29 MB)
write base data version: 406100, memory: 11275071488 bytes (10752.75 MB)
write base data version: 406200, memory: 11420094464 bytes (10891.05 MB)
write base data version: 406300, memory: 11565957120 bytes (11030.16 MB)
write base data version: 406400, memory: 11709624320 bytes (11167.17 MB)
write base data version: 406500, memory: 11332214784 bytes (10807.24 MB)
write base data version: 406600, memory: 11481030656 bytes (10949.16 MB)
write base data version: 406700, memory: 11620507648 bytes (11082.18 MB)
write base data version: 406800, memory: 11763818496 bytes (11218.85 MB)
write base data version: 406900, memory: 11392757760 bytes (10864.98 MB)
write base data version: 407000, memory: 11540860928 bytes (11006.22 MB)
write base data version: 407100, memory: 11693744128 bytes (11152.02 MB)
write base data version: 407200, memory: 11318542336 bytes (10794.20 MB)
write base data version: 407300, memory: 11462778880 bytes (10931.76 MB)
write base data version: 407400, memory: 11607470080 bytes (11069.75 MB)
write base data version: 407500, memory: 11752411136 bytes (11207.97 MB)
write base data version: 407600, memory: 11376689152 bytes (10849.66 MB)
write base data version: 407700, memory: 11521417216 bytes (10987.68 MB)
write base data version: 407800, memory: 11665825792 bytes (11125.40 MB)
write base data version: 407900, memory: 11290738688 bytes (10767.69 MB)
write base data version: 408000, memory: 11434999808 bytes (10905.27 MB)
write base data version: 408100, memory: 11579670528 bytes (11043.23 MB)
write base data version: 408200, memory: 11721900032 bytes (11178.88 MB)
write base data version: 408300, memory: 11346579456 bytes (10820.94 MB)
write base data version: 408400, memory: 11491196928 bytes (10958.86 MB)
write base data version: 408500, memory: 11635646464 bytes (11096.62 MB)
write base data version: 408600, memory: 11779981312 bytes (11234.27 MB)
write base data version: 408700, memory: 11414523904 bytes (10885.74 MB)
write base data version: 408800, memory: 11564453888 bytes (11028.72 MB)
write base data version: 408900, memory: 11708854272 bytes (11166.43 MB)
write base data version: 409000, memory: 11333718016 bytes (10808.68 MB)
write base data version: 409100, memory: 11478478848 bytes (10946.73 MB)
write base data version: 409200, memory: 11623362560 bytes (11084.90 MB)
write base data version: 409300, memory: 11766607872 bytes (11221.51 MB)
write base data version: 409400, memory: 11392245760 bytes (10864.49 MB)
write base data version: 409500, memory: 11535532032 bytes (11001.14 MB)
write base data version: 409600, memory: 11678629888 bytes (11137.61 MB)
write base data version: 409700, memory: 11305377792 bytes (10781.65 MB)
write base data version: 409800, memory: 11461427200 bytes (10930.47 MB)
write base data version: 409900, memory: 11620921344 bytes (11082.57 MB)
write base data version: 410000, memory: 11767541760 bytes (11222.40 MB)
write base data version: 410100, memory: 11389485056 bytes (10861.86 MB)
write base data version: 410200, memory: 11539984384 bytes (11005.39 MB)
write base data version: 410300, memory: 11684618240 bytes (11143.32 MB)
write base data version: 410400, memory: 11829764096 bytes (11281.74 MB)
write base data version: 410500, memory: 11454382080 bytes (10923.75 MB)
write base data version: 410600, memory: 11598860288 bytes (11061.54 MB)
write base data version: 410700, memory: 11742863360 bytes (11198.87 MB)
write base data version: 410800, memory: 11373543424 bytes (10846.66 MB)
write base data version: 410900, memory: 11520380928 bytes (10986.69 MB)
write base data version: 411000, memory: 11664769024 bytes (11124.39 MB)
write base data version: 411100, memory: 11809247232 bytes (11262.18 MB)
write base data version: 411200, memory: 11433234432 bytes (10903.58 MB)
write base data version: 411300, memory: 11578818560 bytes (11042.42 MB)
write base data version: 411400, memory: 11723444224 bytes (11180.35 MB)
write base data version: 411500, memory: 11348623360 bytes (10822.89 MB)
write base data version: 411600, memory: 11492593664 bytes (10960.19 MB)
write base data version: 411700, memory: 11636903936 bytes (11097.82 MB)
write base data version: 411800, memory: 11781677056 bytes (11235.88 MB)
write base data version: 411900, memory: 11406925824 bytes (10878.49 MB)
write base data version: 412000, memory: 11551330304 bytes (11016.21 MB)
write base data version: 412100, memory: 11695812608 bytes (11154.00 MB)
write base data version: 412200, memory: 11839983616 bytes (11291.49 MB)
write base data version: 412300, memory: 11473444864 bytes (10941.93 MB)
write base data version: 412400, memory: 11607879680 bytes (11070.14 MB)
write base data version: 412500, memory: 11759874048 bytes (11215.09 MB)
write base data version: 412600, memory: 11396124672 bytes (10868.19 MB)
write base data version: 412700, memory: 11534278656 bytes (10999.95 MB)
write base data version: 412800, memory: 11710332928 bytes (11167.84 MB)
write base data version: 412900, memory: 11855728640 bytes (11306.50 MB)
write base data version: 413000, memory: 11488735232 bytes (10956.51 MB)
write base data version: 413100, memory: 11632844800 bytes (11093.95 MB)
write base data version: 413200, memory: 11777417216 bytes (11231.82 MB)
write base data version: 413300, memory: 11402506240 bytes (10874.28 MB)
write base data version: 413400, memory: 11547615232 bytes (11012.66 MB)
write base data version: 413500, memory: 11692257280 bytes (11150.61 MB)
write base data version: 413600, memory: 11835879424 bytes (11287.57 MB)
write base data version: 413700, memory: 11458523136 bytes (10927.70 MB)
write base data version: 413800, memory: 11602812928 bytes (11065.30 MB)
write base data version: 413900, memory: 11747725312 bytes (11203.50 MB)
write base data version: 414000, memory: 11893055488 bytes (11342.10 MB)
write base data version: 414100, memory: 11517980672 bytes (10984.40 MB)
write base data version: 414200, memory: 11661651968 bytes (11121.42 MB)
write base data version: 414300, memory: 11804409856 bytes (11257.56 MB)
write base data version: 414400, memory: 11429052416 bytes (10899.59 MB)
write base data version: 414500, memory: 11570016256 bytes (11034.03 MB)
write base data version: 414600, memory: 11715878912 bytes (11173.13 MB)
write base data version: 414700, memory: 11868848128 bytes (11319.02 MB)
write base data version: 414800, memory: 11494039552 bytes (10961.57 MB)
write base data version: 414900, memory: 11641909248 bytes (11102.59 MB)
write base data version: 415000, memory: 11787247616 bytes (11241.20 MB)
write base data version: 415100, memory: 11410526208 bytes (10881.93 MB)
write base data version: 415200, memory: 11553914880 bytes (11018.67 MB)
write base data version: 415300, memory: 11699687424 bytes (11157.69 MB)
write base data version: 415400, memory: 11844661248 bytes (11295.95 MB)
write base data version: 415500, memory: 11479674880 bytes (10947.87 MB)
write base data version: 415600, memory: 11630862336 bytes (11092.05 MB)
write base data version: 415700, memory: 11776184320 bytes (11230.64 MB)
write base data version: 415800, memory: 11920183296 bytes (11367.97 MB)
write base data version: 415900, memory: 11544936448 bytes (11010.11 MB)
write base data version: 416000, memory: 11689312256 bytes (11147.80 MB)
write base data version: 416100, memory: 11834101760 bytes (11285.88 MB)
write base data version: 416200, memory: 11458691072 bytes (10927.86 MB)
write base data version: 416300, memory: 11601608704 bytes (11064.16 MB)
write base data version: 416400, memory: 11744788480 bytes (11200.70 MB)
write base data version: 416500, memory: 11889164288 bytes (11338.39 MB)
write base data version: 416600, memory: 11513634816 bytes (10980.26 MB)
write base data version: 416700, memory: 11661783040 bytes (11121.54 MB)
write base data version: 416800, memory: 11807404032 bytes (11260.42 MB)
write base data version: 416900, memory: 11432407040 bytes (10902.79 MB)
write base data version: 417000, memory: 11596062720 bytes (11058.87 MB)
write base data version: 417100, memory: 11701456896 bytes (11159.38 MB)
write base data version: 417200, memory: 11845378048 bytes (11296.63 MB)
write base data version: 417300, memory: 11470512128 bytes (10939.13 MB)
write base data version: 417400, memory: 11613589504 bytes (11075.58 MB)
write base data version: 417500, memory: 11757875200 bytes (11213.18 MB)
write base data version: 417600, memory: 11903606784 bytes (11352.16 MB)
write base data version: 417700, memory: 11528876032 bytes (10994.79 MB)
write base data version: 417800, memory: 11672162304 bytes (11131.44 MB)
write base data version: 417900, memory: 11814920192 bytes (11267.59 MB)
write base data version: 418000, memory: 11444723712 bytes (10914.54 MB)
write base data version: 418100, memory: 11596972032 bytes (11059.73 MB)
write base data version: 418200, memory: 11740995584 bytes (11197.09 MB)
write base data version: 418300, memory: 11885395968 bytes (11334.80 MB)
write base data version: 418400, memory: 11509870592 bytes (10976.67 MB)
write base data version: 418500, memory: 11654885376 bytes (11114.96 MB)
write base data version: 418600, memory: 11798417408 bytes (11251.85 MB)
write base data version: 418700, memory: 11422736384 bytes (10893.57 MB)
write base data version: 418800, memory: 11567095808 bytes (11031.24 MB)
write base data version: 418900, memory: 11711717376 bytes (11169.16 MB)
write base data version: 419000, memory: 11855749120 bytes (11306.52 MB)
write base data version: 419100, memory: 11478540288 bytes (10946.79 MB)
write base data version: 419200, memory: 11626217472 bytes (11087.62 MB)
write base data version: 419300, memory: 11777650688 bytes (11232.04 MB)
write base data version: 419400, memory: 11922034688 bytes (11369.74 MB)
write base data version: 419500, memory: 11544059904 bytes (11009.27 MB)
write base data version: 419600, memory: 11691601920 bytes (11149.98 MB)
write base data version: 419700, memory: 11838304256 bytes (11289.89 MB)
write base data version: 419800, memory: 11462082560 bytes (10931.09 MB)
write base data version: 419900, memory: 11617878016 bytes (11079.67 MB)
write base data version: 420000, memory: 11781279744 bytes (11235.50 MB)
write base data version: 420100, memory: 11925975040 bytes (11373.50 MB)
write base data version: 420200, memory: 11552116736 bytes (11016.96 MB)
write base data version: 420300, memory: 11701964800 bytes (11159.86 MB)
write base data version: 420400, memory: 11849039872 bytes (11300.12 MB)
write base data version: 420500, memory: 11473547264 bytes (10942.03 MB)
write base data version: 420600, memory: 11618394112 bytes (11080.16 MB)
write base data version: 420700, memory: 11762528256 bytes (11217.62 MB)
write base data version: 420800, memory: 11905630208 bytes (11354.09 MB)
write base data version: 420900, memory: 11529732096 bytes (10995.61 MB)
write base data version: 421000, memory: 11680460800 bytes (11139.36 MB)
write base data version: 421100, memory: 11824578560 bytes (11276.80 MB)
write base data version: 421200, memory: 11970088960 bytes (11415.57 MB)
write base data version: 421300, memory: 11599540224 bytes (11062.18 MB)
write base data version: 421400, memory: 11747766272 bytes (11203.54 MB)
write base data version: 421500, memory: 11891687424 bytes (11340.80 MB)
write base data version: 421600, memory: 11515744256 bytes (10982.27 MB)
write base data version: 421700, memory: 11663077376 bytes (11122.78 MB)
write base data version: 421800, memory: 11807248384 bytes (11260.27 MB)
write base data version: 421900, memory: 11956248576 bytes (11402.37 MB)
write base data version: 422000, memory: 11581276160 bytes (11044.77 MB)
write base data version: 422100, memory: 11725750272 bytes (11182.55 MB)
write base data version: 422200, memory: 11870044160 bytes (11320.16 MB)
write base data version: 422300, memory: 11494227968 bytes (10961.75 MB)
write base data version: 422400, memory: 11638243328 bytes (11099.09 MB)
write base data version: 422500, memory: 11779047424 bytes (11233.38 MB)
write base data version: 422600, memory: 11925839872 bytes (11373.37 MB)
write base data version: 422700, memory: 11558649856 bytes (11023.19 MB)
write base data version: 422800, memory: 11714195456 bytes (11171.53 MB)
write base data version: 422900, memory: 11857571840 bytes (11308.26 MB)
write base data version: 423000, memory: 12031758336 bytes (11474.38 MB)
write base data version: 423100, memory: 11625439232 bytes (11086.88 MB)
write base data version: 423200, memory: 11769466880 bytes (11224.24 MB)
write base data version: 423300, memory: 11914182656 bytes (11362.25 MB)
write base data version: 423400, memory: 11538083840 bytes (11003.57 MB)
write base data version: 423500, memory: 11682783232 bytes (11141.57 MB)
write base data version: 423600, memory: 11827081216 bytes (11279.18 MB)
write base data version: 423700, memory: 11971227648 bytes (11416.65 MB)
write base data version: 423800, memory: 11595165696 bytes (11058.01 MB)
write base data version: 423900, memory: 11739676672 bytes (11195.83 MB)
write base data version: 424000, memory: 11884302336 bytes (11333.75 MB)
write base data version: 424100, memory: 11511504896 bytes (10978.23 MB)
write base data version: 424200, memory: 11656060928 bytes (11116.09 MB)
write base data version: 424300, memory: 11800399872 bytes (11253.74 MB)
write base data version: 424400, memory: 11944902656 bytes (11391.55 MB)
write base data version: 424500, memory: 11570229248 bytes (11034.23 MB)
write base data version: 424600, memory: 11717476352 bytes (11174.66 MB)
write base data version: 424700, memory: 11861966848 bytes (11312.45 MB)
write base data version: 424800, memory: 12004716544 bytes (11448.59 MB)
write base data version: 424900, memory: 11630575616 bytes (11091.78 MB)
write base data version: 425000, memory: 11779346432 bytes (11233.66 MB)
write base data version: 425100, memory: 11924533248 bytes (11372.12 MB)
write base data version: 425200, memory: 11547664384 bytes (11012.71 MB)
write base data version: 425300, memory: 11691794432 bytes (11150.16 MB)
write base data version: 425400, memory: 11837136896 bytes (11288.77 MB)
write base data version: 425500, memory: 11980386304 bytes (11425.39 MB)
write base data version: 425600, memory: 11604103168 bytes (11066.54 MB)
write base data version: 425700, memory: 11748618240 bytes (11204.36 MB)
write base data version: 425800, memory: 11893706752 bytes (11342.72 MB)
write base data version: 425900, memory: 11517849600 bytes (10984.28 MB)
write base data version: 426000, memory: 11664814080 bytes (11124.43 MB)
write base data version: 426100, memory: 11817299968 bytes (11269.86 MB)
write base data version: 426200, memory: 11967098880 bytes (11412.71 MB)
write base data version: 426300, memory: 11580907520 bytes (11044.41 MB)
write base data version: 426400, memory: 11736911872 bytes (11193.19 MB)
write base data version: 426500, memory: 11881185280 bytes (11330.78 MB)
write base data version: 426600, memory: 12023529472 bytes (11466.53 MB)
write base data version: 426700, memory: 11647057920 bytes (11107.50 MB)
write base data version: 426800, memory: 11791642624 bytes (11245.39 MB)
write base data version: 426900, memory: 11936247808 bytes (11383.29 MB)
write base data version: 427000, memory: 11560751104 bytes (11025.19 MB)
write base data version: 427100, memory: 11704958976 bytes (11162.72 MB)
write base data version: 427200, memory: 11849216000 bytes (11300.29 MB)
write base data version: 427300, memory: 11994025984 bytes (11438.39 MB)
write base data version: 427400, memory: 11617693696 bytes (11079.50 MB)
write base data version: 427500, memory: 11761975296 bytes (11217.09 MB)
write base data version: 427600, memory: 11903778816 bytes (11352.33 MB)
write base data version: 427700, memory: 11543252992 bytes (11008.50 MB)
write base data version: 427800, memory: 11687604224 bytes (11146.17 MB)
write base data version: 427900, memory: 11835359232 bytes (11287.08 MB)
write base data version: 428000, memory: 11979976704 bytes (11425.00 MB)
write base data version: 428100, memory: 11611275264 bytes (11073.38 MB)
write base data version: 428200, memory: 11762438144 bytes (11217.54 MB)
write base data version: 428300, memory: 11907645440 bytes (11356.02 MB)
write base data version: 428400, memory: 12060524544 bytes (11501.81 MB)
write base data version: 428500, memory: 11684061184 bytes (11142.79 MB)
write base data version: 428600, memory: 11828838400 bytes (11280.86 MB)
write base data version: 428700, memory: 11973169152 bytes (11418.50 MB)
write base data version: 428800, memory: 11597180928 bytes (11059.93 MB)
write base data version: 428900, memory: 11741171712 bytes (11197.25 MB)
write base data version: 429000, memory: 11895173120 bytes (11344.12 MB)
write base data version: 429100, memory: 12041822208 bytes (11483.98 MB)
write base data version: 429200, memory: 11671355392 bytes (11130.67 MB)
write base data version: 429300, memory: 11815628800 bytes (11268.26 MB)
write base data version: 429400, memory: 11957051392 bytes (11403.13 MB)
write base data version: 429500, memory: 11581825024 bytes (11045.29 MB)
write base data version: 429600, memory: 11730747392 bytes (11187.31 MB)
write base data version: 429700, memory: 11875532800 bytes (11325.39 MB)
write base data version: 429800, memory: 12019867648 bytes (11463.04 MB)
write base data version: 429900, memory: 11643842560 bytes (11104.43 MB)
write base data version: 430000, memory: 11788451840 bytes (11242.34 MB)
write base data version: 430100, memory: 11932995584 bytes (11380.19 MB)
write base data version: 430200, memory: 12076609536 bytes (11517.15 MB)
write base data version: 430300, memory: 11701821440 bytes (11159.73 MB)
write base data version: 430400, memory: 11845648384 bytes (11296.89 MB)
write base data version: 430500, memory: 11989336064 bytes (11433.92 MB)
write base data version: 430600, memory: 11614220288 bytes (11076.18 MB)
write base data version: 430700, memory: 11758309376 bytes (11213.60 MB)
write base data version: 430800, memory: 11902533632 bytes (11351.14 MB)
write base data version: 430900, memory: 12046897152 bytes (11488.82 MB)
write base data version: 431000, memory: 11671932928 bytes (11131.22 MB)
write base data version: 431100, memory: 11817783296 bytes (11270.32 MB)
write base data version: 431200, memory: 11962454016 bytes (11408.29 MB)
write base data version: 431300, memory: 11591778304 bytes (11054.78 MB)
write base data version: 431400, memory: 11736420352 bytes (11192.72 MB)
write base data version: 431500, memory: 11880910848 bytes (11330.52 MB)
write base data version: 431600, memory: 12025700352 bytes (11468.60 MB)
write base data version: 431700, memory: 11652550656 bytes (11112.74 MB)
write base data version: 431800, memory: 11797078016 bytes (11250.57 MB)
write base data version: 431900, memory: 11940896768 bytes (11387.73 MB)
write base data version: 432000, memory: 12085424128 bytes (11525.56 MB)
write base data version: 432100, memory: 11678507008 bytes (11137.49 MB)
write base data version: 432200, memory: 11823038464 bytes (11275.33 MB)
write base data version: 432300, memory: 11967156224 bytes (11412.77 MB)
write base data version: 432400, memory: 11590914048 bytes (11053.96 MB)
write base data version: 432500, memory: 11735695360 bytes (11192.03 MB)
write base data version: 432600, memory: 11879960576 bytes (11329.61 MB)
write base data version: 432700, memory: 12019478528 bytes (11462.67 MB)
write base data version: 432800, memory: 11655921664 bytes (11115.95 MB)
write base data version: 432900, memory: 11800031232 bytes (11253.39 MB)
write base data version: 433000, memory: 11944058880 bytes (11390.74 MB)
write base data version: 433100, memory: 11569070080 bytes (11033.12 MB)
write base data version: 433200, memory: 11712950272 bytes (11170.34 MB)
write base data version: 433300, memory: 11857408000 bytes (11308.11 MB)
write base data version: 433400, memory: 12001890304 bytes (11445.89 MB)
write base data version: 433500, memory: 11627425792 bytes (11088.78 MB)
write base data version: 433600, memory: 11782950912 bytes (11237.10 MB)
write base data version: 433700, memory: 11926327296 bytes (11373.83 MB)
write base data version: 433800, memory: 12070264832 bytes (11511.10 MB)
write base data version: 433900, memory: 11698597888 bytes (11156.65 MB)
write base data version: 434000, memory: 11841617920 bytes (11293.05 MB)
write base data version: 434100, memory: 11985260544 bytes (11430.04 MB)
write base data version: 434200, memory: 11610386432 bytes (11072.53 MB)
write base data version: 434300, memory: 11754295296 bytes (11209.77 MB)
write base data version: 434400, memory: 11899621376 bytes (11348.36 MB)
write base data version: 434500, memory: 12044697600 bytes (11486.72 MB)
write base data version: 434600, memory: 11669082112 bytes (11128.50 MB)
write base data version: 434700, memory: 11815923712 bytes (11268.54 MB)
write base data version: 434800, memory: 11964399616 bytes (11410.14 MB)
write base data version: 434900, memory: 11591331840 bytes (11054.36 MB)
write base data version: 435000, memory: 11738075136 bytes (11194.30 MB)
write base data version: 435100, memory: 11881713664 bytes (11331.29 MB)
write base data version: 435200, memory: 12027162624 bytes (11470.00 MB)
write base data version: 435300, memory: 11652624384 bytes (11112.81 MB)
write base data version: 435400, memory: 11795623936 bytes (11249.18 MB)
write base data version: 435500, memory: 11939377152 bytes (11386.28 MB)
write base data version: 435600, memory: 12082679808 bytes (11522.94 MB)
write base data version: 435700, memory: 11706548224 bytes (11164.23 MB)
write base data version: 435800, memory: 11850334208 bytes (11301.36 MB)
write base data version: 435900, memory: 11994267648 bytes (11438.62 MB)
write base data version: 436000, memory: 11620225024 bytes (11081.91 MB)
write base data version: 436100, memory: 11764711424 bytes (11219.70 MB)
write base data version: 436200, memory: 11908403200 bytes (11356.74 MB)
write base data version: 436300, memory: 12051968000 bytes (11493.65 MB)
write base data version: 436400, memory: 11675824128 bytes (11134.93 MB)
write base data version: 436500, memory: 11821408256 bytes (11273.77 MB)
write base data version: 436600, memory: 11966652416 bytes (11412.29 MB)
write base data version: 436700, memory: 11589984256 bytes (11053.07 MB)
write base data version: 436800, memory: 11733524480 bytes (11189.96 MB)
write base data version: 436900, memory: 11879686144 bytes (11329.35 MB)
write base data version: 437000, memory: 12026707968 bytes (11469.56 MB)
write base data version: 437100, memory: 11672580096 bytes (11131.84 MB)
write base data version: 437200, memory: 11830591488 bytes (11282.53 MB)
write base data version: 437300, memory: 11976167424 bytes (11421.36 MB)
write base data version: 437400, memory: 12133859328 bytes (11571.75 MB)
write base data version: 437500, memory: 11757592576 bytes (11212.91 MB)
write base data version: 437600, memory: 11903004672 bytes (11351.59 MB)
write base data version: 437700, memory: 12049379328 bytes (11491.18 MB)
write base data version: 437800, memory: 11677249536 bytes (11136.29 MB)
write base data version: 437900, memory: 11821469696 bytes (11273.83 MB)
write base data version: 438000, memory: 11965227008 bytes (11410.93 MB)
write base data version: 438100, memory: 12109967360 bytes (11548.96 MB)
write base data version: 438200, memory: 11733557248 bytes (11189.99 MB)
write base data version: 438300, memory: 11877900288 bytes (11327.65 MB)
write base data version: 438400, memory: 12022435840 bytes (11465.49 MB)
write base data version: 438500, memory: 11647946752 bytes (11108.35 MB)
write base data version: 438600, memory: 11793440768 bytes (11247.10 MB)
write base data version: 438700, memory: 11937755136 bytes (11384.73 MB)
write base data version: 438800, memory: 12081762304 bytes (11522.07 MB)
write base data version: 438900, memory: 11704897536 bytes (11162.66 MB)
write base data version: 439000, memory: 11853729792 bytes (11304.60 MB)
write base data version: 439100, memory: 11997208576 bytes (11441.43 MB)
write base data version: 439200, memory: 12142804992 bytes (11580.28 MB)
write base data version: 439300, memory: 11766992896 bytes (11221.88 MB)
write base data version: 439400, memory: 11911651328 bytes (11359.84 MB)
write base data version: 439500, memory: 12070055936 bytes (11510.90 MB)
write base data version: 439600, memory: 11699675136 bytes (11157.68 MB)
write base data version: 439700, memory: 11858472960 bytes (11309.12 MB)
write base data version: 439800, memory: 12003368960 bytes (11447.30 MB)
write base data version: 439900, memory: 12147089408 bytes (11584.37 MB)
write base data version: 440000, memory: 11771465728 bytes (11226.14 MB)
write base data version: 440100, memory: 11915677696 bytes (11363.68 MB)
write base data version: 440200, memory: 12059877376 bytes (11501.20 MB)
write base data version: 440300, memory: 11683958784 bytes (11142.69 MB)
write base data version: 440400, memory: 11829747712 bytes (11281.73 MB)
write base data version: 440500, memory: 11973419008 bytes (11418.74 MB)
write base data version: 440600, memory: 12118044672 bytes (11556.67 MB)
write base data version: 440700, memory: 11745058816 bytes (11200.96 MB)
write base data version: 440800, memory: 11889078272 bytes (11338.31 MB)
write base data version: 440900, memory: 12033355776 bytes (11475.90 MB)
write base data version: 441000, memory: 12176973824 bytes (11612.87 MB)
write base data version: 441100, memory: 11800215552 bytes (11253.56 MB)
write base data version: 441200, memory: 11944697856 bytes (11391.35 MB)
write base data version: 441300, memory: 12103852032 bytes (11543.13 MB)
write base data version: 441400, memory: 11735212032 bytes (11191.57 MB)
write base data version: 441500, memory: 11879653376 bytes (11329.32 MB)
write base data version: 441600, memory: 12023427072 bytes (11466.43 MB)
write base data version: 441700, memory: 12167507968 bytes (11603.84 MB)
write base data version: 441800, memory: 11793420288 bytes (11247.08 MB)
write base data version: 441900, memory: 11937808384 bytes (11384.78 MB)
write base data version: 442000, memory: 12080910336 bytes (11521.25 MB)
write base data version: 442100, memory: 11711594496 bytes (11169.05 MB)
write base data version: 442200, memory: 11875500032 bytes (11325.36 MB)
write base data version: 442300, memory: 12024602624 bytes (11467.55 MB)
write base data version: 442400, memory: 12168167424 bytes (11604.47 MB)
write base data version: 442500, memory: 11793543168 bytes (11247.20 MB)
write base data version: 442600, memory: 11948806144 bytes (11395.27 MB)
write base data version: 442700, memory: 12094709760 bytes (11534.41 MB)
write base data version: 442800, memory: 12251197440 bytes (11683.65 MB)
write base data version: 442900, memory: 11874766848 bytes (11324.66 MB)
write base data version: 443000, memory: 12020957184 bytes (11464.08 MB)
write base data version: 443100, memory: 12165095424 bytes (11601.54 MB)
write base data version: 443200, memory: 11789336576 bytes (11243.19 MB)
write base data version: 443300, memory: 11932590080 bytes (11379.80 MB)
write base data version: 443400, memory: 12076302336 bytes (11516.86 MB)
write base data version: 443500, memory: 12214153216 bytes (11648.32 MB)
write base data version: 443600, memory: 11848818688 bytes (11299.91 MB)
write base data version: 443700, memory: 11992772608 bytes (11437.20 MB)
write base data version: 443800, memory: 12136599552 bytes (11574.36 MB)
write base data version: 443900, memory: 11763077120 bytes (11218.14 MB)
write base data version: 444000, memory: 11908673536 bytes (11357.00 MB)
write base data version: 444100, memory: 12051656704 bytes (11493.36 MB)
write base data version: 444200, memory: 12197150720 bytes (11632.11 MB)
write base data version: 444300, memory: 11825840128 bytes (11278.00 MB)
write base data version: 444400, memory: 11968966656 bytes (11414.50 MB)
write base data version: 444500, memory: 12113223680 bytes (11552.07 MB)
write base data version: 444600, memory: 12257857536 bytes (11690.00 MB)
write base data version: 444700, memory: 11882115072 bytes (11331.67 MB)
write base data version: 444800, memory: 12026114048 bytes (11469.00 MB)
write base data version: 444900, memory: 12173271040 bytes (11609.34 MB)
write base data version: 445000, memory: 11824123904 bytes (11276.36 MB)
write base data version: 445100, memory: 11968724992 bytes (11414.27 MB)
write base data version: 445200, memory: 12110147584 bytes (11549.14 MB)
write base data version: 445300, memory: 12257259520 bytes (11689.43 MB)
write base data version: 445400, memory: 11881086976 bytes (11330.69 MB)
write base data version: 445500, memory: 12025126912 bytes (11468.05 MB)
write base data version: 445600, memory: 12171767808 bytes (11607.90 MB)
write base data version: 445700, memory: 11796758528 bytes (11250.27 MB)
write base data version: 445800, memory: 11941195776 bytes (11388.01 MB)
write base data version: 445900, memory: 12085362688 bytes (11525.50 MB)
write base data version: 446000, memory: 12229365760 bytes (11662.83 MB)
write base data version: 446100, memory: 11854315520 bytes (11305.16 MB)
write base data version: 446200, memory: 11998445568 bytes (11442.61 MB)
write base data version: 446300, memory: 12142653440 bytes (11580.14 MB)
write base data version: 446400, memory: 12274335744 bytes (11705.72 MB)
write base data version: 446500, memory: 11899138048 bytes (11347.90 MB)
write base data version: 446600, memory: 12043976704 bytes (11486.03 MB)
write base data version: 446700, memory: 12188352512 bytes (11623.72 MB)
write base data version: 446800, memory: 11814506496 bytes (11267.19 MB)
write base data version: 446900, memory: 11966545920 bytes (11412.19 MB)
write base data version: 447000, memory: 12111454208 bytes (11550.38 MB)
write base data version: 447100, memory: 12256198656 bytes (11688.42 MB)
write base data version: 447200, memory: 11879903232 bytes (11329.56 MB)
write base data version: 447300, memory: 12023996416 bytes (11466.98 MB)
write base data version: 447400, memory: 12168609792 bytes (11604.89 MB)
write base data version: 447500, memory: 11793244160 bytes (11246.91 MB)
write base data version: 447600, memory: 11937546240 bytes (11384.53 MB)
write base data version: 447700, memory: 12081405952 bytes (11521.73 MB)
write base data version: 447800, memory: 12225228800 bytes (11658.89 MB)
write base data version: 447900, memory: 11849035776 bytes (11300.12 MB)
write base data version: 448000, memory: 11995385856 bytes (11439.69 MB)
write base data version: 448100, memory: 12139548672 bytes (11577.18 MB)
write base data version: 448200, memory: 12284489728 bytes (11715.40 MB)
write base data version: 448300, memory: 11908612096 bytes (11356.94 MB)
write base data version: 448400, memory: 12058427392 bytes (11499.81 MB)
write base data version: 448500, memory: 12205674496 bytes (11640.24 MB)
write base data version: 448600, memory: 11835179008 bytes (11286.91 MB)
write base data version: 448700, memory: 11983634432 bytes (11428.48 MB)
write base data version: 448800, memory: 12127969280 bytes (11566.13 MB)
write base data version: 448900, memory: 12271902720 bytes (11703.40 MB)
write base data version: 449000, memory: 11896553472 bytes (11345.44 MB)
write base data version: 449100, memory: 12042080256 bytes (11484.22 MB)
write base data version: 449200, memory: 12192907264 bytes (11628.06 MB)
write base data version: 449300, memory: 11817263104 bytes (11269.82 MB)
write base data version: 449400, memory: 11961282560 bytes (11407.17 MB)
write base data version: 449500, memory: 12105125888 bytes (11544.35 MB)
write base data version: 449600, memory: 12249792512 bytes (11682.31 MB)
write base data version: 449700, memory: 11873869824 bytes (11323.80 MB)
write base data version: 449800, memory: 12018925568 bytes (11462.14 MB)
write base data version: 449900, memory: 12163600384 bytes (11600.11 MB)
write base data version: 450000, memory: 12309979136 bytes (11739.71 MB)
write base data version: 450100, memory: 11933786112 bytes (11380.95 MB)
write base data version: 450200, memory: 12078137344 bytes (11518.61 MB)
write base data version: 450300, memory: 12222373888 bytes (11656.16 MB)
write base data version: 450400, memory: 11846262784 bytes (11297.48 MB)
write base data version: 450500, memory: 11990593536 bytes (11435.12 MB)
write base data version: 450600, memory: 12134416384 bytes (11572.28 MB)
write base data version: 450700, memory: 12280979456 bytes (11712.05 MB)
write base data version: 450800, memory: 11904995328 bytes (11353.49 MB)
write base data version: 450900, memory: 12049735680 bytes (11491.52 MB)
write base data version: 451000, memory: 12195119104 bytes (11630.17 MB)
write base data version: 451100, memory: 11821256704 bytes (11273.63 MB)
write base data version: 451200, memory: 11964649472 bytes (11410.38 MB)
write base data version: 451300, memory: 12107239424 bytes (11546.36 MB)
write base data version: 451400, memory: 12252004352 bytes (11684.42 MB)
write base data version: 451500, memory: 11884900352 bytes (11334.32 MB)
write base data version: 451600, memory: 12029403136 bytes (11472.13 MB)
write base data version: 451700, memory: 12178649088 bytes (11614.46 MB)
write base data version: 451800, memory: 12324069376 bytes (11753.15 MB)
write base data version: 451900, memory: 11949776896 bytes (11396.20 MB)
write base data version: 452000, memory: 12094259200 bytes (11533.98 MB)
write base data version: 452100, memory: 12238065664 bytes (11671.13 MB)
write base data version: 452200, memory: 11862843392 bytes (11313.29 MB)
write base data version: 452300, memory: 12005273600 bytes (11449.12 MB)
write base data version: 452400, memory: 12149260288 bytes (11586.44 MB)
write base data version: 452500, memory: 12293599232 bytes (11724.09 MB)
write base data version: 452600, memory: 11918118912 bytes (11366.00 MB)
write base data version: 452700, memory: 12062916608 bytes (11504.09 MB)
write base data version: 452800, memory: 12207378432 bytes (11641.86 MB)
write base data version: 452900, memory: 11831336960 bytes (11283.24 MB)
write base data version: 453000, memory: 11975774208 bytes (11420.99 MB)
write base data version: 453100, memory: 12121444352 bytes (11559.91 MB)
write base data version: 453200, memory: 12266319872 bytes (11698.07 MB)
write base data version: 453300, memory: 11890753536 bytes (11339.91 MB)
write base data version: 453400, memory: 12034846720 bytes (11477.32 MB)
write base data version: 453500, memory: 12179013632 bytes (11614.81 MB)
write base data version: 453600, memory: 12323278848 bytes (11752.39 MB)
write base data version: 453700, memory: 11947315200 bytes (11393.85 MB)
write base data version: 453800, memory: 12120911872 bytes (11559.40 MB)
write base data version: 453900, memory: 12265738240 bytes (11697.52 MB)
write base data version: 454000, memory: 11891625984 bytes (11340.74 MB)
write base data version: 454100, memory: 12044001280 bytes (11486.05 MB)
write base data version: 454200, memory: 12188348416 bytes (11623.71 MB)
write base data version: 454300, memory: 12338794496 bytes (11767.19 MB)
write base data version: 454400, memory: 11962937344 bytes (11408.75 MB)
write base data version: 454500, memory: 12107517952 bytes (11546.63 MB)
write base data version: 454600, memory: 12252155904 bytes (11684.57 MB)
write base data version: 454700, memory: 11877367808 bytes (11327.14 MB)
write base data version: 454800, memory: 12024012800 bytes (11466.99 MB)
write base data version: 454900, memory: 12168515584 bytes (11604.80 MB)
write base data version: 455000, memory: 12312453120 bytes (11742.07 MB)
write base data version: 455100, memory: 11936878592 bytes (11383.89 MB)
write base data version: 455200, memory: 12081590272 bytes (11521.90 MB)
write base data version: 455300, memory: 12225757184 bytes (11659.39 MB)
write base data version: 455400, memory: 12369899520 bytes (11796.86 MB)
write base data version: 455500, memory: 11993772032 bytes (11438.15 MB)
write base data version: 455600, memory: 12137988096 bytes (11575.69 MB)
write base data version: 455700, memory: 12282437632 bytes (11713.45 MB)
write base data version: 455800, memory: 11910000640 bytes (11358.26 MB)
write base data version: 455900, memory: 12054429696 bytes (11496.00 MB)
write base data version: 456000, memory: 12199190528 bytes (11634.05 MB)
write base data version: 456100, memory: 12343820288 bytes (11771.98 MB)
write base data version: 456200, memory: 11967483904 bytes (11413.08 MB)
write base data version: 456300, memory: 12112523264 bytes (11551.40 MB)
write base data version: 456400, memory: 12256514048 bytes (11688.72 MB)
write base data version: 456500, memory: 11882733568 bytes (11332.26 MB)
write base data version: 456600, memory: 12027711488 bytes (11470.52 MB)
write base data version: 456700, memory: 12172242944 bytes (11608.36 MB)
write base data version: 456800, memory: 12318085120 bytes (11747.44 MB)
write base data version: 456900, memory: 11938971648 bytes (11385.89 MB)
write base data version: 457000, memory: 12088373248 bytes (11528.37 MB)
write base data version: 457100, memory: 12246024192 bytes (11678.72 MB)
write base data version: 457200, memory: 12390408192 bytes (11816.41 MB)
write base data version: 457300, memory: 12013428736 bytes (11456.90 MB)
write base data version: 457400, memory: 12158726144 bytes (11595.46 MB)
write base data version: 457500, memory: 12301582336 bytes (11731.70 MB)
write base data version: 457600, memory: 11926536192 bytes (11374.03 MB)
write base data version: 457700, memory: 12071796736 bytes (11512.56 MB)
write base data version: 457800, memory: 12214657024 bytes (11648.80 MB)
write base data version: 457900, memory: 12363206656 bytes (11790.47 MB)
write base data version: 458000, memory: 11995357184 bytes (11439.66 MB)
write base data version: 458100, memory: 12139814912 bytes (11577.43 MB)
write base data version: 458200, memory: 12284821504 bytes (11715.72 MB)
write base data version: 458300, memory: 11909173248 bytes (11357.47 MB)
write base data version: 458400, memory: 12053286912 bytes (11494.91 MB)
write base data version: 458500, memory: 12200919040 bytes (11635.70 MB)
write base data version: 458600, memory: 12349288448 bytes (11777.20 MB)
write base data version: 458700, memory: 11977531392 bytes (11422.66 MB)
write base data version: 458800, memory: 12122546176 bytes (11560.96 MB)
write base data version: 458900, memory: 12267393024 bytes (11699.10 MB)
write base data version: 459000, memory: 12411002880 bytes (11836.05 MB)
write base data version: 459100, memory: 12035018752 bytes (11477.49 MB)
write base data version: 459200, memory: 12174196736 bytes (11610.22 MB)
write base data version: 459300, memory: 12319428608 bytes (11748.72 MB)
write base data version: 459400, memory: 11945836544 bytes (11392.44 MB)
write base data version: 459500, memory: 12091187200 bytes (11531.05 MB)
write base data version: 459600, memory: 12243755008 bytes (11676.55 MB)
write base data version: 459700, memory: 12387459072 bytes (11813.60 MB)
write base data version: 459800, memory: 12014604288 bytes (11458.02 MB)
write base data version: 459900, memory: 12151820288 bytes (11588.88 MB)
write base data version: 460000, memory: 12302393344 bytes (11732.48 MB)
write base data version: 460100, memory: 12456665088 bytes (11879.60 MB)
write base data version: 460200, memory: 12093165568 bytes (11532.94 MB)
write base data version: 460300, memory: 12250574848 bytes (11683.06 MB)
write base data version: 460400, memory: 12394868736 bytes (11820.67 MB)
write base data version: 460500, memory: 12019191808 bytes (11462.39 MB)
write base data version: 460600, memory: 12164198400 bytes (11600.68 MB)
write base data version: 460700, memory: 12308197376 bytes (11738.01 MB)
write base data version: 460800, memory: 12461776896 bytes (11884.48 MB)
write base data version: 460900, memory: 12088852480 bytes (11528.83 MB)
write base data version: 461000, memory: 12233281536 bytes (11666.57 MB)
write base data version: 461100, memory: 12377600000 bytes (11804.20 MB)
write base data version: 461200, memory: 11978428416 bytes (11423.52 MB)
write base data version: 461300, memory: 12124413952 bytes (11562.74 MB)
write base data version: 461400, memory: 12271955968 bytes (11703.45 MB)
write base data version: 461500, memory: 12429684736 bytes (11853.87 MB)
write base data version: 461600, memory: 12029292544 bytes (11472.03 MB)
write base data version: 461700, memory: 12173312000 bytes (11609.38 MB)
write base data version: 461800, memory: 12317638656 bytes (11747.02 MB)
write base data version: 461900, memory: 11943358464 bytes (11390.07 MB)
write base data version: 462000, memory: 12087156736 bytes (11527.21 MB)
write base data version: 462100, memory: 12231487488 bytes (11664.86 MB)
write base data version: 462200, memory: 12375502848 bytes (11802.20 MB)
write base data version: 462300, memory: 12001935360 bytes (11445.94 MB)
write base data version: 462400, memory: 12146274304 bytes (11583.59 MB)
write base data version: 462500, memory: 12290514944 bytes (11721.15 MB)
write base data version: 462600, memory: 12434419712 bytes (11858.39 MB)
write base data version: 462700, memory: 12061298688 bytes (11502.55 MB)
write base data version: 462800, memory: 12205215744 bytes (11639.80 MB)
write base data version: 462900, memory: 12349968384 bytes (11777.85 MB)
write base data version: 463000, memory: 11978739712 bytes (11423.82 MB)
write base data version: 463100, memory: 12141846528 bytes (11579.37 MB)
write base data version: 463200, memory: 12285194240 bytes (11716.07 MB)
write base data version: 463300, memory: 12429627392 bytes (11853.82 MB)
write base data version: 463400, memory: 12053639168 bytes (11495.25 MB)
write base data version: 463500, memory: 12203495424 bytes (11638.16 MB)
write base data version: 463600, memory: 12347953152 bytes (11775.93 MB)
write base data version: 463700, memory: 12500606976 bytes (11921.51 MB)
write base data version: 463800, memory: 12130201600 bytes (11568.26 MB)
write base data version: 463900, memory: 12275036160 bytes (11706.39 MB)
write base data version: 464000, memory: 12445442048 bytes (11868.90 MB)
write base data version: 464100, memory: 12068634624 bytes (11509.55 MB)
write base data version: 464200, memory: 12217864192 bytes (11651.86 MB)
write base data version: 464300, memory: 12362555392 bytes (11789.85 MB)
write base data version: 464400, memory: 12507791360 bytes (11928.36 MB)
write base data version: 464500, memory: 12130762752 bytes (11568.80 MB)
write base data version: 464600, memory: 12286140416 bytes (11716.98 MB)
write base data version: 464700, memory: 12430823424 bytes (11854.96 MB)
write base data version: 464800, memory: 12054564864 bytes (11496.13 MB)
write base data version: 464900, memory: 12199206912 bytes (11634.07 MB)
write base data version: 465000, memory: 12344680448 bytes (11772.80 MB)
write base data version: 465100, memory: 12488716288 bytes (11910.17 MB)
write base data version: 465200, memory: 12114280448 bytes (11553.08 MB)
write base data version: 465300, memory: 12259266560 bytes (11691.35 MB)
write base data version: 465400, memory: 12401000448 bytes (11826.52 MB)
write base data version: 465500, memory: 12545638400 bytes (11964.45 MB)
write base data version: 465600, memory: 12170317824 bytes (11606.52 MB)
write base data version: 465700, memory: 12315639808 bytes (11745.11 MB)
write base data version: 465800, memory: 12460707840 bytes (11883.46 MB)
write base data version: 465900, memory: 12083372032 bytes (11523.60 MB)
write base data version: 466000, memory: 12227260416 bytes (11660.82 MB)
write base data version: 466100, memory: 12374208512 bytes (11800.96 MB)
write base data version: 466200, memory: 12520607744 bytes (11940.58 MB)
write base data version: 466300, memory: 12146454528 bytes (11583.76 MB)
write base data version: 466400, memory: 12302028800 bytes (11732.13 MB)
write base data version: 466500, memory: 12445396992 bytes (11868.86 MB)
write base data version: 466600, memory: 12071018496 bytes (11511.82 MB)
write base data version: 466700, memory: 12220129280 bytes (11654.02 MB)
write base data version: 466800, memory: 12365164544 bytes (11792.34 MB)
write base data version: 466900, memory: 12501962752 bytes (11922.80 MB)
write base data version: 467000, memory: 12126412800 bytes (11564.65 MB)
write base data version: 467100, memory: 12281552896 bytes (11712.60 MB)
write base data version: 467200, memory: 12429615104 bytes (11853.80 MB)
write base data version: 467300, memory: 12573204480 bytes (11990.74 MB)
write base data version: 467400, memory: 12203118592 bytes (11637.80 MB)
write base data version: 467500, memory: 12347326464 bytes (11775.33 MB)
write base data version: 467600, memory: 12491816960 bytes (11913.12 MB)
write base data version: 467700, memory: 12116611072 bytes (11555.30 MB)
write base data version: 467800, memory: 12262060032 bytes (11694.01 MB)
write base data version: 467900, memory: 12406992896 bytes (11832.23 MB)
write base data version: 468000, memory: 12552646656 bytes (11971.14 MB)
write base data version: 468100, memory: 12194705408 bytes (11629.78 MB)
write base data version: 468200, memory: 12340944896 bytes (11769.24 MB)
write base data version: 468300, memory: 12489220096 bytes (11910.65 MB)
write base data version: 468400, memory: 12113850368 bytes (11552.67 MB)
write base data version: 468500, memory: 12258562048 bytes (11690.68 MB)
write base data version: 468600, memory: 12402892800 bytes (11828.32 MB)
write base data version: 468700, memory: 12556075008 bytes (11974.41 MB)
write base data version: 468800, memory: 12190195712 bytes (11625.48 MB)
write base data version: 468900, memory: 12335087616 bytes (11763.66 MB)
write base data version: 469000, memory: 12479770624 bytes (11901.64 MB)
write base data version: 469100, memory: 12085010432 bytes (11525.16 MB)
write base data version: 469200, memory: 12229455872 bytes (11662.92 MB)
write base data version: 469300, memory: 12376248320 bytes (11802.91 MB)
write base data version: 469400, memory: 12520660992 bytes (11940.63 MB)
write base data version: 469500, memory: 12144091136 bytes (11581.51 MB)
write base data version: 469600, memory: 12288307200 bytes (11719.04 MB)
write base data version: 469700, memory: 12406620160 bytes (11831.88 MB)
write base data version: 469800, memory: 12550893568 bytes (11969.46 MB)
write base data version: 469900, memory: 12176814080 bytes (11612.71 MB)
write base data version: 470000, memory: 12317687808 bytes (11747.06 MB)
write base data version: 470100, memory: 12462022656 bytes (11884.71 MB)
write base data version: 470200, memory: 12088725504 bytes (11528.71 MB)
write base data version: 470300, memory: 12232044544 bytes (11665.39 MB)
write base data version: 470400, memory: 12378648576 bytes (11805.20 MB)
write base data version: 470500, memory: 12520235008 bytes (11940.23 MB)
write base data version: 470600, memory: 12149411840 bytes (11586.58 MB)
write base data version: 470700, memory: 12308459520 bytes (11738.26 MB)
write base data version: 470800, memory: 12459962368 bytes (11882.75 MB)
write base data version: 470900, memory: 12605206528 bytes (12021.26 MB)
write base data version: 471000, memory: 12235735040 bytes (11668.91 MB)
write base data version: 471100, memory: 12380483584 bytes (11806.95 MB)
write base data version: 471200, memory: 12523687936 bytes (11943.52 MB)
write base data version: 471300, memory: 12148109312 bytes (11585.34 MB)
write base data version: 471400, memory: 12292976640 bytes (11723.50 MB)
write base data version: 471500, memory: 12437479424 bytes (11861.30 MB)
write base data version: 471600, memory: 12582326272 bytes (11999.44 MB)
write base data version: 471700, memory: 12207022080 bytes (11641.52 MB)
write base data version: 471800, memory: 12349698048 bytes (11777.59 MB)
write base data version: 471900, memory: 12499042304 bytes (11920.02 MB)
write base data version: 472000, memory: 12124262400 bytes (11562.60 MB)
write base data version: 472100, memory: 12268965888 bytes (11700.60 MB)
write base data version: 472200, memory: 12414164992 bytes (11839.07 MB)
write base data version: 472300, memory: 12559343616 bytes (11977.52 MB)
write base data version: 472400, memory: 12186685440 bytes (11622.13 MB)
write base data version: 472500, memory: 12331372544 bytes (11760.11 MB)
write base data version: 472600, memory: 12474585088 bytes (11896.69 MB)
write base data version: 472700, memory: 12618764288 bytes (12034.19 MB)
write base data version: 472800, memory: 12243505152 bytes (11676.32 MB)
write base data version: 472900, memory: 12387999744 bytes (11814.12 MB)
write base data version: 473000, memory: 12532813824 bytes (11952.22 MB)
write base data version: 473100, memory: 12161777664 bytes (11598.38 MB)
write base data version: 473200, memory: 12306825216 bytes (11736.70 MB)
write base data version: 473300, memory: 12451807232 bytes (11874.97 MB)
write base data version: 473400, memory: 12595081216 bytes (12011.61 MB)
write base data version: 473500, memory: 12224274432 bytes (11657.98 MB)
write base data version: 473600, memory: 12386770944 bytes (11812.95 MB)
write base data version: 473700, memory: 12531900416 bytes (11951.35 MB)
write base data version: 473800, memory: 12158574592 bytes (11595.32 MB)
write base data version: 473900, memory: 12303171584 bytes (11733.22 MB)
write base data version: 474000, memory: 12443893760 bytes (11867.42 MB)
write base data version: 474100, memory: 12588658688 bytes (12005.48 MB)
write base data version: 474200, memory: 12213788672 bytes (11647.98 MB)
write base data version: 474300, memory: 12348125184 bytes (11776.09 MB)
write base data version: 474400, memory: 12491374592 bytes (11912.70 MB)
write base data version: 474500, memory: 12636860416 bytes (12051.45 MB)
write base data version: 474600, memory: 12261814272 bytes (11693.78 MB)
write base data version: 474700, memory: 12405010432 bytes (11830.34 MB)
write base data version: 474800, memory: 12548202496 bytes (11966.90 MB)
write base data version: 474900, memory: 12172984320 bytes (11609.06 MB)
write base data version: 475000, memory: 12317298688 bytes (11746.69 MB)
write base data version: 475100, memory: 12465913856 bytes (11888.42 MB)
write base data version: 475200, memory: 12610273280 bytes (12026.09 MB)
write base data version: 475300, memory: 12234801152 bytes (11668.02 MB)
write base data version: 475400, memory: 12378877952 bytes (11805.42 MB)
write base data version: 475500, memory: 12533551104 bytes (11952.93 MB)
write base data version: 475600, memory: 12173021184 bytes (11609.10 MB)
write base data version: 475700, memory: 12330434560 bytes (11759.22 MB)
write base data version: 475800, memory: 12474490880 bytes (11896.60 MB)
write base data version: 475900, memory: 12626604032 bytes (12041.67 MB)
write base data version: 476000, memory: 12261965824 bytes (11693.92 MB)
write base data version: 476100, memory: 12417769472 bytes (11842.51 MB)
write base data version: 476200, memory: 12563714048 bytes (11981.69 MB)
write base data version: 476300, memory: 12708126720 bytes (12119.41 MB)
write base data version: 476400, memory: 12329029632 bytes (11757.88 MB)
write base data version: 476500, memory: 12472303616 bytes (11894.52 MB)
write base data version: 476600, memory: 12627337216 bytes (12042.37 MB)
write base data version: 476700, memory: 12253192192 bytes (11685.55 MB)
write base data version: 476800, memory: 12397240320 bytes (11822.93 MB)
write base data version: 476900, memory: 12542156800 bytes (11961.13 MB)
write base data version: 477000, memory: 12675739648 bytes (12088.53 MB)
write base data version: 477100, memory: 12300582912 bytes (11730.75 MB)
write base data version: 477200, memory: 12444499968 bytes (11868.00 MB)
write base data version: 477300, memory: 12589461504 bytes (12006.25 MB)
write base data version: 477400, memory: 12213563392 bytes (11647.76 MB)
write base data version: 477500, memory: 12359438336 bytes (11786.88 MB)
write base data version: 477600, memory: 12504252416 bytes (11924.98 MB)
write base data version: 477700, memory: 12646502400 bytes (12060.64 MB)
write base data version: 477800, memory: 12271632384 bytes (11703.14 MB)
write base data version: 477900, memory: 12418117632 bytes (11842.84 MB)
write base data version: 478000, memory: 12562063360 bytes (11980.12 MB)
write base data version: 478100, memory: 12706713600 bytes (12118.07 MB)
write base data version: 478200, memory: 12335026176 bytes (11763.60 MB)
write base data version: 478300, memory: 12482314240 bytes (11904.06 MB)
write base data version: 478400, memory: 12625608704 bytes (12040.72 MB)
write base data version: 478500, memory: 12250308608 bytes (11682.80 MB)
write base data version: 478600, memory: 12397719552 bytes (11823.39 MB)
write base data version: 478700, memory: 12542304256 bytes (11961.27 MB)
write base data version: 478800, memory: 12687187968 bytes (12099.45 MB)
write base data version: 478900, memory: 12308525056 bytes (11738.32 MB)
write base data version: 479000, memory: 12453646336 bytes (11876.72 MB)
write base data version: 479100, memory: 12599201792 bytes (12015.54 MB)
write base data version: 479200, memory: 12225327104 bytes (11658.98 MB)
write base data version: 479300, memory: 12370452480 bytes (11797.38 MB)
write base data version: 479400, memory: 12517138432 bytes (11937.27 MB)
write base data version: 479500, memory: 12661956608 bytes (12075.38 MB)
write base data version: 479600, memory: 12285468672 bytes (11716.34 MB)
write base data version: 479700, memory: 12428029952 bytes (11852.29 MB)
write base data version: 479800, memory: 12572225536 bytes (11989.81 MB)
write base data version: 479900, memory: 12717506560 bytes (12128.36 MB)
write base data version: 480000, memory: 12342239232 bytes (11770.48 MB)
write base data version: 480100, memory: 12487278592 bytes (11908.80 MB)
write base data version: 480200, memory: 12641353728 bytes (12055.73 MB)
write base data version: 480300, memory: 12268109824 bytes (11699.78 MB)
write base data version: 480400, memory: 12412956672 bytes (11837.92 MB)
write base data version: 480500, memory: 12566831104 bytes (11984.66 MB)
write base data version: 480600, memory: 12716404736 bytes (12127.31 MB)
write base data version: 480700, memory: 12352544768 bytes (11780.30 MB)
write base data version: 480800, memory: 12496838656 bytes (11917.91 MB)
write base data version: 480900, memory: 12643225600 bytes (12057.52 MB)
write base data version: 481000, memory: 12268793856 bytes (11700.43 MB)
write base data version: 481100, memory: 12411490304 bytes (11836.52 MB)
write base data version: 481200, memory: 12526391296 bytes (11946.10 MB)
write base data version: 481300, memory: 12676689920 bytes (12089.43 MB)
write base data version: 481400, memory: 12301438976 bytes (11731.57 MB)
write base data version: 481500, memory: 12451897344 bytes (11875.05 MB)
write base data version: 481600, memory: 12596895744 bytes (12013.34 MB)
write base data version: 481700, memory: 12744503296 bytes (12154.11 MB)
write base data version: 481800, memory: 12372660224 bytes (11799.49 MB)
write base data version: 481900, memory: 12520128512 bytes (11940.12 MB)
write base data version: 482000, memory: 12674408448 bytes (12087.26 MB)
write base data version: 482100, memory: 12305854464 bytes (11735.78 MB)
write base data version: 482200, memory: 12475580416 bytes (11897.64 MB)
write base data version: 482300, memory: 12593836032 bytes (12010.42 MB)
write base data version: 482400, memory: 12738445312 bytes (12148.33 MB)
write base data version: 482500, memory: 12363755520 bytes (11791.00 MB)
write base data version: 482600, memory: 12507979776 bytes (11928.54 MB)
write base data version: 482700, memory: 12651302912 bytes (12065.22 MB)
write base data version: 482800, memory: 12796092416 bytes (12203.30 MB)
write base data version: 482900, memory: 12420833280 bytes (11845.43 MB)
write base data version: 483000, memory: 12565856256 bytes (11983.73 MB)
write base data version: 483100, memory: 12707201024 bytes (12118.53 MB)
write base data version: 483200, memory: 12333154304 bytes (11761.81 MB)
write base data version: 483300, memory: 12478484480 bytes (11900.41 MB)
write base data version: 483400, memory: 12623589376 bytes (12038.79 MB)
write base data version: 483500, memory: 12767391744 bytes (12175.93 MB)
write base data version: 483600, memory: 12397228032 bytes (11822.92 MB)
write base data version: 483700, memory: 12544172032 bytes (11963.05 MB)
write base data version: 483800, memory: 12689604608 bytes (12101.75 MB)
write base data version: 483900, memory: 12318670848 bytes (11748.00 MB)
write base data version: 484000, memory: 12461522944 bytes (11884.23 MB)
write base data version: 484100, memory: 12605607936 bytes (12021.64 MB)
write base data version: 484200, memory: 12750884864 bytes (12160.19 MB)
write base data version: 484300, memory: 12382707712 bytes (11809.07 MB)
write base data version: 484400, memory: 12536889344 bytes (11956.11 MB)
write base data version: 484500, memory: 12680097792 bytes (12092.68 MB)
write base data version: 484600, memory: 12823007232 bytes (12228.97 MB)
write base data version: 484700, memory: 12448333824 bytes (11871.66 MB)
write base data version: 484800, memory: 12599463936 bytes (12015.79 MB)
write base data version: 484900, memory: 12739207168 bytes (12149.05 MB)
write base data version: 485000, memory: 12362199040 bytes (11789.51 MB)
write base data version: 485100, memory: 12498022400 bytes (11919.04 MB)
write base data version: 485200, memory: 12642742272 bytes (12057.06 MB)
write base data version: 485300, memory: 12787445760 bytes (12195.06 MB)
write base data version: 485400, memory: 12410626048 bytes (11835.70 MB)
write base data version: 485500, memory: 12553695232 bytes (11972.14 MB)
write base data version: 485600, memory: 12716470272 bytes (12127.37 MB)
write base data version: 485700, memory: 12341551104 bytes (11769.82 MB)
write base data version: 485800, memory: 12486254592 bytes (11907.82 MB)
write base data version: 485900, memory: 12629684224 bytes (12044.61 MB)
write base data version: 486000, memory: 12773400576 bytes (12181.66 MB)
write base data version: 486100, memory: 12399341568 bytes (11824.93 MB)
write base data version: 486200, memory: 12543328256 bytes (11962.25 MB)
write base data version: 486300, memory: 12700205056 bytes (12111.86 MB)
write base data version: 486400, memory: 12340899840 bytes (11769.20 MB)
write base data version: 486500, memory: 12485660672 bytes (11907.25 MB)
write base data version: 486600, memory: 12629696512 bytes (12044.62 MB)
write base data version: 486700, memory: 12774072320 bytes (12182.30 MB)
write base data version: 486800, memory: 12399030272 bytes (11824.64 MB)
write base data version: 486900, memory: 12540743680 bytes (11959.79 MB)
write base data version: 487000, memory: 12685471744 bytes (12097.81 MB)
write base data version: 487100, memory: 12829839360 bytes (12235.49 MB)
write base data version: 487200, memory: 12455448576 bytes (11878.44 MB)
write base data version: 487300, memory: 12610592768 bytes (12026.40 MB)
write base data version: 487400, memory: 12754718720 bytes (12163.85 MB)
write base data version: 487500, memory: 12379099136 bytes (11805.63 MB)
write base data version: 487600, memory: 12524171264 bytes (11943.98 MB)
write base data version: 487700, memory: 12665069568 bytes (12078.35 MB)
write base data version: 487800, memory: 12807958528 bytes (12214.62 MB)
write base data version: 487900, memory: 12431093760 bytes (11855.21 MB)
write base data version: 488000, memory: 12578246656 bytes (11995.55 MB)
write base data version: 488100, memory: 12722548736 bytes (12133.17 MB)
write base data version: 488200, memory: 12868911104 bytes (12272.75 MB)
write base data version: 488300, memory: 12493291520 bytes (11914.53 MB)
write base data version: 488400, memory: 12636983296 bytes (12051.57 MB)
write base data version: 488500, memory: 12782927872 bytes (12190.75 MB)
write base data version: 488600, memory: 12409589760 bytes (11834.71 MB)
write base data version: 488700, memory: 12562948096 bytes (11980.96 MB)
write base data version: 488800, memory: 12702949376 bytes (12114.48 MB)
write base data version: 488900, memory: 12851126272 bytes (12255.79 MB)
write base data version: 489000, memory: 12478476288 bytes (11900.40 MB)
write base data version: 489100, memory: 12622802944 bytes (12038.04 MB)
write base data version: 489200, memory: 12772032512 bytes (12180.36 MB)
write base data version: 489300, memory: 12914941952 bytes (12316.65 MB)
write base data version: 489400, memory: 12538208256 bytes (11957.37 MB)
write base data version: 489500, memory: 12683501568 bytes (12095.93 MB)
write base data version: 489600, memory: 12831133696 bytes (12236.72 MB)
write base data version: 489700, memory: 12456800256 bytes (11879.73 MB)
write base data version: 489800, memory: 12601430016 bytes (12017.66 MB)
write base data version: 489900, memory: 12744699904 bytes (12154.29 MB)
write base data version: 490000, memory: 12368146432 bytes (11795.18 MB)
write base data version: 490100, memory: 12513329152 bytes (11933.64 MB)
write base data version: 490200, memory: 12658216960 bytes (12071.82 MB)
write base data version: 490300, memory: 12802695168 bytes (12209.60 MB)
write base data version: 490400, memory: 12428226560 bytes (11852.48 MB)
write base data version: 490500, memory: 12573093888 bytes (11990.64 MB)
write base data version: 490600, memory: 12717568000 bytes (12128.42 MB)
write base data version: 490700, memory: 12863102976 bytes (12267.21 MB)
write base data version: 490800, memory: 12487626752 bytes (11909.13 MB)
write base data version: 490900, memory: 12635426816 bytes (12050.08 MB)
write base data version: 491000, memory: 12783706112 bytes (12191.49 MB)
write base data version: 491100, memory: 12405239808 bytes (11830.56 MB)
write base data version: 491200, memory: 12552421376 bytes (11970.92 MB)
write base data version: 491300, memory: 12699336704 bytes (12111.03 MB)
write base data version: 491400, memory: 12843823104 bytes (12248.82 MB)
write base data version: 491500, memory: 12468768768 bytes (11891.14 MB)
write base data version: 491600, memory: 12583489536 bytes (12000.55 MB)
write base data version: 491700, memory: 12726951936 bytes (12137.37 MB)
write base data version: 491800, memory: 12873601024 bytes (12277.22 MB)
write base data version: 491900, memory: 12498075648 bytes (11919.09 MB)
write base data version: 492000, memory: 12648923136 bytes (12062.95 MB)
write base data version: 492100, memory: 12799680512 bytes (12206.73 MB)
write base data version: 492200, memory: 12431093760 bytes (11855.21 MB)
write base data version: 492300, memory: 12586258432 bytes (12003.19 MB)
write base data version: 492400, memory: 12737953792 bytes (12147.86 MB)
write base data version: 492500, memory: 12882259968 bytes (12285.48 MB)
write base data version: 492600, memory: 12502900736 bytes (11923.70 MB)
write base data version: 492700, memory: 12650356736 bytes (12064.32 MB)
write base data version: 492800, memory: 12795670528 bytes (12202.90 MB)
write base data version: 492900, memory: 12420222976 bytes (11844.85 MB)
write base data version: 493000, memory: 12568346624 bytes (11986.11 MB)
write base data version: 493100, memory: 12712267776 bytes (12123.36 MB)
write base data version: 493200, memory: 12839088128 bytes (12244.31 MB)
write base data version: 493300, memory: 12471681024 bytes (11893.92 MB)
write base data version: 493400, memory: 12621594624 bytes (12036.89 MB)
write base data version: 493500, memory: 12769239040 bytes (12177.70 MB)
write base data version: 493600, memory: 12915458048 bytes (12317.14 MB)
write base data version: 493700, memory: 12541501440 bytes (11960.51 MB)
write base data version: 493800, memory: 12686917632 bytes (12099.19 MB)
write base data version: 493900, memory: 12831662080 bytes (12237.23 MB)
write base data version: 494000, memory: 12979814400 bytes (12378.52 MB)
write base data version: 494100, memory: 12606369792 bytes (12022.37 MB)
write base data version: 494200, memory: 12764913664 bytes (12173.57 MB)
write base data version: 494300, memory: 12909682688 bytes (12311.63 MB)
write base data version: 494400, memory: 12535033856 bytes (11954.34 MB)
write base data version: 494500, memory: 12676280320 bytes (12089.04 MB)
write base data version: 494600, memory: 12819066880 bytes (12225.21 MB)
write base data version: 494700, memory: 12970520576 bytes (12369.65 MB)
write base data version: 494800, memory: 12592984064 bytes (12009.61 MB)
write base data version: 494900, memory: 12735909888 bytes (12145.91 MB)
write base data version: 495000, memory: 12881272832 bytes (12284.54 MB)
write base data version: 495100, memory: 12505317376 bytes (11926.00 MB)
write base data version: 495200, memory: 12652077056 bytes (12065.96 MB)
write base data version: 495300, memory: 12797181952 bytes (12204.34 MB)
write base data version: 495400, memory: 12943515648 bytes (12343.90 MB)
write base data version: 495500, memory: 12567748608 bytes (11985.54 MB)
write base data version: 495600, memory: 12722053120 bytes (12132.70 MB)
write base data version: 495700, memory: 12867076096 bytes (12271.00 MB)
write base data version: 495800, memory: 12492316672 bytes (11913.60 MB)
write base data version: 495900, memory: 12637831168 bytes (12052.38 MB)
write base data version: 496000, memory: 12782485504 bytes (12190.33 MB)
write base data version: 496100, memory: 12927782912 bytes (12328.89 MB)
write base data version: 496200, memory: 12552245248 bytes (11970.75 MB)
write base data version: 496300, memory: 12698411008 bytes (12110.15 MB)
write base data version: 496400, memory: 12842840064 bytes (12247.89 MB)
write base data version: 496500, memory: 12467355648 bytes (11889.80 MB)
write base data version: 496600, memory: 12612755456 bytes (12028.46 MB)
write base data version: 496700, memory: 12760698880 bytes (12169.55 MB)
write base data version: 496800, memory: 12903923712 bytes (12306.14 MB)
write base data version: 496900, memory: 12526882816 bytes (11946.57 MB)
write base data version: 497000, memory: 12672057344 bytes (12085.02 MB)
write base data version: 497100, memory: 12817403904 bytes (12223.63 MB)
write base data version: 497200, memory: 12454797312 bytes (11877.82 MB)
write base data version: 497300, memory: 12599099392 bytes (12015.44 MB)
write base data version: 497400, memory: 12740444160 bytes (12150.23 MB)
write base data version: 497500, memory: 12885909504 bytes (12288.96 MB)
write base data version: 497600, memory: 12511543296 bytes (11931.94 MB)
write base data version: 497700, memory: 12656238592 bytes (12069.93 MB)
write base data version: 497800, memory: 12801548288 bytes (12208.51 MB)
write base data version: 497900, memory: 12942995456 bytes (12343.40 MB)
write base data version: 498000, memory: 12573675520 bytes (11991.19 MB)
write base data version: 498100, memory: 12731080704 bytes (12141.30 MB)
write base data version: 498200, memory: 12875898880 bytes (12279.41 MB)
write base data version: 498300, memory: 12500500480 bytes (11921.41 MB)
write base data version: 498400, memory: 12649267200 bytes (12063.28 MB)
write base data version: 498500, memory: 12796899328 bytes (12204.07 MB)
write base data version: 498600, memory: 12937785344 bytes (12338.43 MB)
write base data version: 498700, memory: 12561743872 bytes (11979.81 MB)
write base data version: 498800, memory: 12706603008 bytes (12117.96 MB)
write base data version: 498900, memory: 12849954816 bytes (12254.67 MB)
write base data version: 499000, memory: 12995072000 bytes (12393.07 MB)
write base data version: 499100, memory: 12620845056 bytes (12036.18 MB)
write base data version: 499200, memory: 12766277632 bytes (12174.87 MB)
write base data version: 499300, memory: 12926726144 bytes (12327.89 MB)
write base data version: 499400, memory: 12552388608 bytes (11970.89 MB)
write base data version: 499500, memory: 12696412160 bytes (12108.24 MB)
write base data version: 499600, memory: 12841365504 bytes (12246.48 MB)
write base data version: 499700, memory: 12986068992 bytes (12384.48 MB)
write base data version: 499800, memory: 12611641344 bytes (12027.40 MB)
write base data version: 499900, memory: 12758511616 bytes (12167.46 MB)
write base data version: 500000, memory: 12902916096 bytes (12305.18 MB)
write base data version: 500100, memory: 12527190016 bytes (11946.86 MB)
write base data version: 500200, memory: 12671442944 bytes (12084.43 MB)
write base data version: 500300, memory: 12814675968 bytes (12221.03 MB)
write base data version: 500400, memory: 12961591296 bytes (12361.14 MB)
write base data version: 500500, memory: 12585906176 bytes (12002.86 MB)
write base data version: 500600, memory: 12728950784 bytes (12139.27 MB)
write base data version: 500700, memory: 12872232960 bytes (12275.92 MB)
write base data version: 500800, memory: 12499283968 bytes (11920.25 MB)
write base data version: 500900, memory: 12644155392 bytes (12058.41 MB)
write base data version: 501000, memory: 12789051392 bytes (12196.59 MB)
write base data version: 501100, memory: 12933988352 bytes (12334.81 MB)
write base data version: 501200, memory: 12558327808 bytes (11976.55 MB)
write base data version: 501300, memory: 12702765056 bytes (12114.30 MB)
write base data version: 501400, memory: 12845625344 bytes (12250.54 MB)
write base data version: 501500, memory: 12989038592 bytes (12387.31 MB)
write base data version: 501600, memory: 12612993024 bytes (12028.69 MB)
write base data version: 501700, memory: 12754702336 bytes (12163.83 MB)
write base data version: 501800, memory: 12898897920 bytes (12301.35 MB)
write base data version: 501900, memory: 12525981696 bytes (11945.71 MB)
write base data version: 502000, memory: 12684271616 bytes (12096.66 MB)
write base data version: 502100, memory: 12835016704 bytes (12240.43 MB)
write base data version: 502200, memory: 12990119936 bytes (12388.34 MB)
write base data version: 502300, memory: 12617650176 bytes (12033.13 MB)
write base data version: 502400, memory: 12767789056 bytes (12176.31 MB)
write base data version: 502500, memory: 12910804992 bytes (12312.70 MB)
write base data version: 502600, memory: 13056307200 bytes (12451.46 MB)
write base data version: 502700, memory: 12680323072 bytes (12092.90 MB)
write base data version: 502800, memory: 12824920064 bytes (12230.80 MB)
write base data version: 502900, memory: 12969857024 bytes (12369.02 MB)
write base data version: 503000, memory: 12597202944 bytes (12013.63 MB)
write base data version: 503100, memory: 12742815744 bytes (12152.50 MB)
write base data version: 503200, memory: 12889247744 bytes (12292.14 MB)
write base data version: 503300, memory: 13035704320 bytes (12431.82 MB)
write base data version: 503400, memory: 12661858304 bytes (12075.29 MB)
write base data version: 503500, memory: 12804067328 bytes (12210.91 MB)
write base data version: 503600, memory: 12959907840 bytes (12359.53 MB)
write base data version: 503700, memory: 12579250176 bytes (11996.51 MB)
write base data version: 503800, memory: 12728602624 bytes (12138.94 MB)
write base data version: 503900, memory: 12884414464 bytes (12287.54 MB)
write base data version: 504000, memory: 13028225024 bytes (12424.68 MB)
write base data version: 504100, memory: 12653600768 bytes (12067.41 MB)
write base data version: 504200, memory: 12794544128 bytes (12201.83 MB)
write base data version: 504300, memory: 12940353536 bytes (12340.88 MB)
write base data version: 504400, memory: 13089222656 bytes (12482.86 MB)
write base data version: 504500, memory: 12713517056 bytes (12124.55 MB)
write base data version: 504600, memory: 12844367872 bytes (12249.34 MB)
write base data version: 504700, memory: 12988669952 bytes (12386.96 MB)
write base data version: 504800, memory: 12609495040 bytes (12025.35 MB)
write base data version: 504900, memory: 12750274560 bytes (12159.61 MB)
write base data version: 505000, memory: 12898037760 bytes (12300.53 MB)
write base data version: 505100, memory: 13044588544 bytes (12440.29 MB)
write base data version: 505200, memory: 12670885888 bytes (12083.90 MB)
write base data version: 505300, memory: 12827852800 bytes (12233.59 MB)
write base data version: 505400, memory: 12972105728 bytes (12371.16 MB)
write base data version: 505500, memory: 13115359232 bytes (12507.78 MB)
write base data version: 505600, memory: 12740808704 bytes (12150.58 MB)
write base data version: 505700, memory: 12885532672 bytes (12288.60 MB)
write base data version: 505800, memory: 13030649856 bytes (12427.00 MB)
write base data version: 505900, memory: 12655976448 bytes (12069.68 MB)
write base data version: 506000, memory: 12811108352 bytes (12217.62 MB)
write base data version: 506100, memory: 12956372992 bytes (12356.16 MB)
write base data version: 506200, memory: 13105246208 bytes (12498.14 MB)
write base data version: 506300, memory: 12733800448 bytes (12143.90 MB)
write base data version: 506400, memory: 12877463552 bytes (12280.91 MB)
write base data version: 506500, memory: 13025570816 bytes (12422.15 MB)
write base data version: 506600, memory: 12651376640 bytes (12065.29 MB)
write base data version: 506700, memory: 12803702784 bytes (12210.56 MB)
write base data version: 506800, memory: 12937256960 bytes (12337.93 MB)
write base data version: 506900, memory: 13081133056 bytes (12475.14 MB)
write base data version: 507000, memory: 12705513472 bytes (12116.92 MB)
write base data version: 507100, memory: 12849508352 bytes (12254.25 MB)
write base data version: 507200, memory: 12993974272 bytes (12392.02 MB)
write base data version: 507300, memory: 12619706368 bytes (12035.09 MB)
write base data version: 507400, memory: 12778270720 bytes (12186.31 MB)
write base data version: 507500, memory: 12917161984 bytes (12318.77 MB)
write base data version: 507600, memory: 13061554176 bytes (12456.47 MB)
write base data version: 507700, memory: 12686270464 bytes (12098.57 MB)
write base data version: 507800, memory: 12832813056 bytes (12238.32 MB)
write base data version: 507900, memory: 12976996352 bytes (12375.83 MB)
write base data version: 508000, memory: 13121376256 bytes (12513.52 MB)
write base data version: 508100, memory: 12743823360 bytes (12153.46 MB)
write base data version: 508200, memory: 12900020224 bytes (12302.42 MB)
write base data version: 508300, memory: 13045710848 bytes (12441.36 MB)
write base data version: 508400, memory: 12686290944 bytes (12098.59 MB)
write base data version: 508500, memory: 12834881536 bytes (12240.30 MB)
write base data version: 508600, memory: 12979597312 bytes (12378.31 MB)
write base data version: 508700, memory: 13165142016 bytes (12555.26 MB)
write base data version: 508800, memory: 12789088256 bytes (12196.62 MB)
write base data version: 508900, memory: 12934610944 bytes (12335.41 MB)
write base data version: 509000, memory: 13088231424 bytes (12481.91 MB)
write base data version: 509100, memory: 12714233856 bytes (12125.24 MB)
write base data version: 509200, memory: 12859146240 bytes (12263.44 MB)
write base data version: 509300, memory: 13002743808 bytes (12400.38 MB)
write base data version: 509400, memory: 13145481216 bytes (12536.51 MB)
write base data version: 509500, memory: 12770316288 bytes (12178.72 MB)
write base data version: 509600, memory: 12925919232 bytes (12327.12 MB)
write base data version: 509700, memory: 13069873152 bytes (12464.40 MB)
write base data version: 509800, memory: 13217050624 bytes (12604.76 MB)
write base data version: 509900, memory: 12841455616 bytes (12246.57 MB)
write base data version: 510000, memory: 12985573376 bytes (12384.01 MB)
write base data version: 510100, memory: 13128761344 bytes (12520.56 MB)
write base data version: 510200, memory: 12755259392 bytes (12164.36 MB)
write base data version: 510300, memory: 12899647488 bytes (12302.06 MB)
write base data version: 510400, memory: 13043933184 bytes (12439.66 MB)
write base data version: 510500, memory: 13188493312 bytes (12577.53 MB)
write base data version: 510600, memory: 12813926400 bytes (12220.31 MB)
write base data version: 510700, memory: 12958818304 bytes (12358.49 MB)
write base data version: 510800, memory: 13103628288 bytes (12496.59 MB)
write base data version: 510900, memory: 12728229888 bytes (12138.59 MB)
write base data version: 511000, memory: 12875067392 bytes (12278.62 MB)
write base data version: 511100, memory: 13017632768 bytes (12414.58 MB)
write base data version: 511200, memory: 13162262528 bytes (12552.51 MB)
write base data version: 511300, memory: 12787003392 bytes (12194.64 MB)
write base data version: 511400, memory: 12932243456 bytes (12333.15 MB)
write base data version: 511500, memory: 13077143552 bytes (12471.34 MB)
write base data version: 511600, memory: 13221560320 bytes (12609.06 MB)
write base data version: 511700, memory: 12848734208 bytes (12253.51 MB)
write base data version: 511800, memory: 13001998336 bytes (12399.67 MB)
write base data version: 511900, memory: 13145956352 bytes (12536.96 MB)
write base data version: 512000, memory: 12765872128 bytes (12174.48 MB)
write base data version: 512100, memory: 12913844224 bytes (12315.60 MB)
write base data version: 512200, memory: 13058203648 bytes (12453.27 MB)
write base data version: 512300, memory: 13201502208 bytes (12589.93 MB)
write base data version: 512400, memory: 12826615808 bytes (12232.41 MB)
write base data version: 512500, memory: 12975009792 bytes (12373.93 MB)
write base data version: 512600, memory: 13116739584 bytes (12509.10 MB)
write base data version: 512700, memory: 12743602176 bytes (12153.25 MB)
write base data version: 512800, memory: 12887810048 bytes (12290.77 MB)
write base data version: 512900, memory: 13034520576 bytes (12430.69 MB)
write base data version: 513000, memory: 13179027456 bytes (12568.50 MB)
write base data version: 513100, memory: 12803383296 bytes (12210.26 MB)
write base data version: 513200, memory: 12946845696 bytes (12347.07 MB)
write base data version: 513300, memory: 13090189312 bytes (12483.78 MB)
write base data version: 513400, memory: 13243924480 bytes (12630.39 MB)
write base data version: 513500, memory: 12867981312 bytes (12271.86 MB)
write base data version: 513600, memory: 13018664960 bytes (12415.57 MB)
write base data version: 513700, memory: 13170176000 bytes (12560.06 MB)
write base data version: 513800, memory: 12794179584 bytes (12201.48 MB)
write base data version: 513900, memory: 12954755072 bytes (12354.62 MB)
write base data version: 514000, memory: 13099278336 bytes (12492.45 MB)
write base data version: 514100, memory: 13244039168 bytes (12630.50 MB)
write base data version: 514200, memory: 12870221824 bytes (12274.00 MB)
write base data version: 514300, memory: 13014216704 bytes (12411.32 MB)
write base data version: 514400, memory: 13161353216 bytes (12551.64 MB)
write base data version: 514500, memory: 12834463744 bytes (12239.90 MB)
write base data version: 514600, memory: 12977381376 bytes (12376.20 MB)
write base data version: 514700, memory: 13122596864 bytes (12514.68 MB)
write base data version: 514800, memory: 13267132416 bytes (12652.52 MB)
write base data version: 514900, memory: 12892225536 bytes (12294.98 MB)
write base data version: 515000, memory: 13036281856 bytes (12432.37 MB)
write base data version: 515100, memory: 13180071936 bytes (12569.50 MB)
write base data version: 515200, memory: 12805132288 bytes (12211.93 MB)
write base data version: 515300, memory: 12949544960 bytes (12349.65 MB)
write base data version: 515400, memory: 13102829568 bytes (12495.83 MB)
write base data version: 515500, memory: 13247057920 bytes (12633.38 MB)
write base data version: 515600, memory: 12874596352 bytes (12278.17 MB)
write base data version: 515700, memory: 13019140096 bytes (12416.02 MB)
write base data version: 515800, memory: 13164261376 bytes (12554.42 MB)
write base data version: 515900, memory: 13308096512 bytes (12691.59 MB)
write base data version: 516000, memory: 12930674688 bytes (12331.65 MB)
write base data version: 516100, memory: 13075804160 bytes (12470.06 MB)
write base data version: 516200, memory: 13223813120 bytes (12611.21 MB)
write base data version: 516300, memory: 12848734208 bytes (12253.51 MB)
write base data version: 516400, memory: 13004734464 bytes (12402.28 MB)
write base data version: 516500, memory: 13150638080 bytes (12541.43 MB)
write base data version: 516600, memory: 13307334656 bytes (12690.86 MB)
write base data version: 516700, memory: 12940689408 bytes (12341.20 MB)
write base data version: 516800, memory: 13095075840 bytes (12488.44 MB)
write base data version: 516900, memory: 13227298816 bytes (12614.54 MB)
write base data version: 517000, memory: 13371084800 bytes (12751.66 MB)
write base data version: 517100, memory: 12995907584 bytes (12393.86 MB)
write base data version: 517200, memory: 13140852736 bytes (12532.09 MB)
write base data version: 517300, memory: 13285732352 bytes (12670.26 MB)
write base data version: 517400, memory: 12910542848 bytes (12312.45 MB)
write base data version: 517500, memory: 13053620224 bytes (12448.90 MB)
write base data version: 517600, memory: 13198733312 bytes (12587.29 MB)
write base data version: 517700, memory: 13343342592 bytes (12725.20 MB)
write base data version: 517800, memory: 12972048384 bytes (12371.11 MB)
write base data version: 517900, memory: 13116620800 bytes (12508.98 MB)
write base data version: 518000, memory: 13260800000 bytes (12646.48 MB)
write base data version: 518100, memory: 12887523328 bytes (12290.50 MB)
write base data version: 518200, memory: 13031616512 bytes (12427.92 MB)
write base data version: 518300, memory: 13153497088 bytes (12544.15 MB)
write base data version: 518400, memory: 13299163136 bytes (12683.07 MB)
write base data version: 518500, memory: 12923719680 bytes (12325.02 MB)
write base data version: 518600, memory: 13067759616 bytes (12462.39 MB)
write base data version: 518700, memory: 13211922432 bytes (12599.87 MB)
write base data version: 518800, memory: 13356802048 bytes (12738.04 MB)
write base data version: 518900, memory: 12982403072 bytes (12380.98 MB)
write base data version: 519000, memory: 13133111296 bytes (12524.71 MB)
write base data version: 519100, memory: 13277290496 bytes (12662.21 MB)
write base data version: 519200, memory: 12906291200 bytes (12308.40 MB)
write base data version: 519300, memory: 13050695680 bytes (12446.11 MB)
write base data version: 519400, memory: 13194723328 bytes (12583.47 MB)
write base data version: 519500, memory: 13339496448 bytes (12721.54 MB)
write base data version: 519600, memory: 12964147200 bytes (12363.57 MB)
write base data version: 519700, memory: 13100560384 bytes (12493.67 MB)
write base data version: 519800, memory: 13245190144 bytes (12631.60 MB)
write base data version: 519900, memory: 13389950976 bytes (12769.65 MB)
write base data version: 520000, memory: 13013483520 bytes (12410.62 MB)
write base data version: 520100, memory: 13163061248 bytes (12553.27 MB)
write base data version: 520200, memory: 13314600960 bytes (12697.79 MB)
write base data version: 520300, memory: 12944957440 bytes (12345.27 MB)
write base data version: 520400, memory: 13099569152 bytes (12492.72 MB)
write base data version: 520500, memory: 13243944960 bytes (12630.41 MB)
write base data version: 520600, memory: 13388222464 bytes (12768.00 MB)
write base data version: 520700, memory: 13024976896 bytes (12421.59 MB)
write base data version: 520800, memory: 13169520640 bytes (12559.43 MB)
write base data version: 520900, memory: 13313622016 bytes (12696.86 MB)
write base data version: 521000, memory: 12940869632 bytes (12341.38 MB)
write base data version: 521100, memory: 13081948160 bytes (12475.92 MB)
write base data version: 521200, memory: 13226274816 bytes (12613.56 MB)
write base data version: 521300, memory: 13368442880 bytes (12749.14 MB)
write base data version: 521400, memory: 13000470528 bytes (12398.21 MB)
write base data version: 521500, memory: 13144154112 bytes (12535.24 MB)
write base data version: 521600, memory: 13292875776 bytes (12677.07 MB)
write base data version: 521700, memory: 12918009856 bytes (12319.57 MB)
write base data version: 521800, memory: 13069926400 bytes (12464.45 MB)
write base data version: 521900, memory: 13177597952 bytes (12567.14 MB)
write base data version: 522000, memory: 13321351168 bytes (12704.23 MB)
write base data version: 522100, memory: 12945293312 bytes (12345.59 MB)
write base data version: 522200, memory: 13089853440 bytes (12483.46 MB)
write base data version: 522300, memory: 13233360896 bytes (12620.32 MB)
write base data version: 522400, memory: 12857913344 bytes (12262.26 MB)
write base data version: 522500, memory: 13004095488 bytes (12401.67 MB)
write base data version: 522600, memory: 13157654528 bytes (12548.12 MB)
write base data version: 522700, memory: 13301784576 bytes (12685.57 MB)
write base data version: 522800, memory: 12925247488 bytes (12326.48 MB)
write base data version: 522900, memory: 13069590528 bytes (12464.13 MB)
write base data version: 523000, memory: 13213659136 bytes (12601.53 MB)
write base data version: 523100, memory: 13358063616 bytes (12739.24 MB)
write base data version: 523200, memory: 12982988800 bytes (12381.54 MB)
write base data version: 523300, memory: 13125922816 bytes (12517.86 MB)
write base data version: 523400, memory: 13277765632 bytes (12662.66 MB)
write base data version: 523500, memory: 12898971648 bytes (12301.42 MB)
write base data version: 523600, memory: 13039165440 bytes (12435.12 MB)
write base data version: 523700, memory: 13185568768 bytes (12574.74 MB)
write base data version: 523800, memory: 13331156992 bytes (12713.58 MB)
write base data version: 523900, memory: 12958871552 bytes (12358.54 MB)
write base data version: 524000, memory: 13110845440 bytes (12503.48 MB)
write base data version: 524100, memory: 13254430720 bytes (12640.41 MB)
write base data version: 524200, memory: 12883767296 bytes (12286.92 MB)
write base data version: 524300, memory: 13034553344 bytes (12430.72 MB)
write base data version: 524400, memory: 13180633088 bytes (12570.03 MB)
write base data version: 524500, memory: 13324300288 bytes (12707.04 MB)
write base data version: 524600, memory: 12983459840 bytes (12381.99 MB)
write base data version: 524700, memory: 13109673984 bytes (12502.36 MB)
write base data version: 524800, memory: 13255913472 bytes (12641.82 MB)
write base data version: 524900, memory: 13400170496 bytes (12779.40 MB)
write base data version: 525000, memory: 13024632832 bytes (12421.26 MB)
write base data version: 525100, memory: 13169184768 bytes (12559.11 MB)
write base data version: 525200, memory: 13313536000 bytes (12696.78 MB)
write base data version: 525300, memory: 12939825152 bytes (12340.38 MB)
write base data version: 525400, memory: 13088296960 bytes (12481.97 MB)
write base data version: 525500, memory: 13239472128 bytes (12626.14 MB)
write base data version: 525600, memory: 13383016448 bytes (12763.04 MB)
write base data version: 525700, memory: 13012152320 bytes (12409.36 MB)
write base data version: 525800, memory: 13163110400 bytes (12553.32 MB)
write base data version: 525900, memory: 13309227008 bytes (12692.67 MB)
write base data version: 526000, memory: 12935155712 bytes (12335.93 MB)
write base data version: 526100, memory: 13078704128 bytes (12472.82 MB)
write base data version: 526200, memory: 13221806080 bytes (12609.30 MB)
write base data version: 526300, memory: 13366423552 bytes (12747.21 MB)
write base data version: 526400, memory: 12994797568 bytes (12392.80 MB)
write base data version: 526500, memory: 13142413312 bytes (12533.58 MB)
write base data version: 526600, memory: 13286387712 bytes (12670.89 MB)
write base data version: 526700, memory: 13430239232 bytes (12808.07 MB)
write base data version: 526800, memory: 13053906944 bytes (12449.18 MB)
write base data version: 526900, memory: 13205766144 bytes (12594.00 MB)
write base data version: 527000, memory: 13349298176 bytes (12730.88 MB)
write base data version: 527100, memory: 12986675200 bytes (12385.06 MB)
write base data version: 527200, memory: 13129199616 bytes (12520.98 MB)
write base data version: 527300, memory: 13318762496 bytes (12701.76 MB)
write base data version: 527400, memory: 13463207936 bytes (12839.52 MB)
write base data version: 527500, memory: 13087547392 bytes (12481.26 MB)
write base data version: 527600, memory: 13237657600 bytes (12624.41 MB)
write base data version: 527700, memory: 13383282688 bytes (12763.29 MB)
write base data version: 527800, memory: 13007306752 bytes (12404.73 MB)
write base data version: 527900, memory: 13152071680 bytes (12542.79 MB)
write base data version: 528000, memory: 13295570944 bytes (12679.64 MB)
write base data version: 528100, memory: 13439803392 bytes (12817.20 MB)
write base data version: 528200, memory: 13066031104 bytes (12460.74 MB)
write base data version: 528300, memory: 13212188672 bytes (12600.12 MB)
write base data version: 528400, memory: 13357002752 bytes (12738.23 MB)
write base data version: 528500, memory: 13520445440 bytes (12894.10 MB)
write base data version: 528600, memory: 13150810112 bytes (12541.59 MB)
write base data version: 528700, memory: 13295026176 bytes (12679.12 MB)
write base data version: 528800, memory: 13439401984 bytes (12816.81 MB)
write base data version: 528900, memory: 13064511488 bytes (12459.29 MB)
write base data version: 529000, memory: 13216485376 bytes (12604.22 MB)
write base data version: 529100, memory: 13370494976 bytes (12751.10 MB)
write base data version: 529200, memory: 13515522048 bytes (12889.41 MB)
write base data version: 529300, memory: 13150597120 bytes (12541.39 MB)
write base data version: 529400, memory: 13295042560 bytes (12679.14 MB)
write base data version: 529500, memory: 13439217664 bytes (12816.64 MB)
write base data version: 529600, memory: 13064069120 bytes (12458.87 MB)
write base data version: 529700, memory: 13216858112 bytes (12604.58 MB)
write base data version: 529800, memory: 13367648256 bytes (12748.38 MB)
write base data version: 529900, memory: 13516976128 bytes (12890.79 MB)
write base data version: 530000, memory: 13147242496 bytes (12538.19 MB)
write base data version: 530100, memory: 13297590272 bytes (12681.57 MB)
write base data version: 530200, memory: 13441863680 bytes (12819.16 MB)
write base data version: 530300, memory: 13585903616 bytes (12956.53 MB)
write base data version: 530400, memory: 13209796608 bytes (12597.84 MB)
write base data version: 530500, memory: 13343502336 bytes (12725.36 MB)
write base data version: 530600, memory: 13487644672 bytes (12862.82 MB)
write base data version: 530700, memory: 13118894080 bytes (12511.15 MB)
write base data version: 530800, memory: 13269839872 bytes (12655.11 MB)
write base data version: 530900, memory: 13414133760 bytes (12792.71 MB)
write base data version: 531000, memory: 13558738944 bytes (12930.62 MB)
write base data version: 531100, memory: 13182488576 bytes (12571.80 MB)
write base data version: 531200, memory: 13329440768 bytes (12711.95 MB)
write base data version: 531300, memory: 13473976320 bytes (12849.79 MB)
write base data version: 531400, memory: 13626851328 bytes (12995.58 MB)
write base data version: 531500, memory: 13263450112 bytes (12649.01 MB)
write base data version: 531600, memory: 13410263040 bytes (12789.02 MB)
write base data version: 531700, memory: 13555085312 bytes (12927.14 MB)
write base data version: 531800, memory: 13181153280 bytes (12570.53 MB)
write base data version: 531900, memory: 13331369984 bytes (12713.79 MB)
write base data version: 532000, memory: 13483180032 bytes (12858.56 MB)
write base data version: 532100, memory: 13628211200 bytes (12996.88 MB)
write base data version: 532200, memory: 13249110016 bytes (12635.34 MB)
write base data version: 532300, memory: 13395619840 bytes (12775.06 MB)
write base data version: 532400, memory: 13552070656 bytes (12924.26 MB)
write base data version: 532500, memory: 13176381440 bytes (12565.98 MB)
write base data version: 532600, memory: 13327716352 bytes (12710.30 MB)
write base data version: 532700, memory: 13473308672 bytes (12849.15 MB)
write base data version: 532800, memory: 13617401856 bytes (12986.57 MB)
write base data version: 532900, memory: 13240410112 bytes (12627.04 MB)
write base data version: 533000, memory: 13384671232 bytes (12764.62 MB)
write base data version: 533100, memory: 13528535040 bytes (12901.82 MB)
write base data version: 533200, memory: 13152952320 bytes (12543.63 MB)
write base data version: 533300, memory: 13299208192 bytes (12683.11 MB)
write base data version: 533400, memory: 13447483392 bytes (12824.52 MB)
write base data version: 533500, memory: 13587603456 bytes (12958.15 MB)
write base data version: 533600, memory: 13222146048 bytes (12609.62 MB)
write base data version: 533700, memory: 13365862400 bytes (12746.68 MB)
write base data version: 533800, memory: 13510303744 bytes (12884.43 MB)
write base data version: 533900, memory: 13654347776 bytes (13021.80 MB)
write base data version: 534000, memory: 13278236672 bytes (12663.11 MB)
write base data version: 534100, memory: 13422075904 bytes (12800.29 MB)
write base data version: 534200, memory: 13580709888 bytes (12951.57 MB)
write base data version: 534300, memory: 13215723520 bytes (12603.50 MB)
write base data version: 534400, memory: 13359517696 bytes (12740.63 MB)
write base data version: 534500, memory: 13507710976 bytes (12881.96 MB)
write base data version: 534600, memory: 13651922944 bytes (13019.49 MB)
write base data version: 534700, memory: 13276241920 bytes (12661.21 MB)
write base data version: 534800, memory: 13419941888 bytes (12798.25 MB)
write base data version: 534900, memory: 13564616704 bytes (12936.23 MB)
write base data version: 535000, memory: 13708918784 bytes (13073.84 MB)
write base data version: 535100, memory: 13334110208 bytes (12716.40 MB)
write base data version: 535200, memory: 13479587840 bytes (12855.14 MB)
write base data version: 535300, memory: 13625524224 bytes (12994.31 MB)
write base data version: 535400, memory: 13250379776 bytes (12636.55 MB)
write base data version: 535500, memory: 13397295104 bytes (12776.66 MB)
write base data version: 535600, memory: 13547270144 bytes (12919.68 MB)
write base data version: 535700, memory: 13698056192 bytes (13063.48 MB)
write base data version: 535800, memory: 13333876736 bytes (12716.18 MB)
write base data version: 535900, memory: 13478072320 bytes (12853.69 MB)
write base data version: 536000, memory: 13622497280 bytes (12991.43 MB)
write base data version: 536100, memory: 13246832640 bytes (12633.16 MB)
write base data version: 536200, memory: 13393473536 bytes (12773.01 MB)
write base data version: 536300, memory: 13537341440 bytes (12910.21 MB)
write base data version: 536400, memory: 13681659904 bytes (13047.85 MB)
write base data version: 536500, memory: 13324009472 bytes (12706.77 MB)
write base data version: 536600, memory: 13471465472 bytes (12847.39 MB)
write base data version: 536700, memory: 13616005120 bytes (12985.23 MB)
write base data version: 536800, memory: 13760081920 bytes (13122.64 MB)
write base data version: 536900, memory: 13400506368 bytes (12779.72 MB)
write base data version: 537000, memory: 13551951872 bytes (12924.15 MB)
write base data version: 537100, memory: 13699444736 bytes (13064.81 MB)
write base data version: 537200, memory: 13327114240 bytes (12709.73 MB)
write base data version: 537300, memory: 13484544000 bytes (12859.86 MB)
write base data version: 537400, memory: 13629526016 bytes (12998.13 MB)
write base data version: 537500, memory: 13773234176 bytes (13135.18 MB)
write base data version: 537600, memory: 13397327872 bytes (12776.69 MB)
write base data version: 537700, memory: 13530361856 bytes (12903.56 MB)
write base data version: 537800, memory: 13677395968 bytes (13043.78 MB)
write base data version: 537900, memory: 13301444608 bytes (12685.25 MB)
write base data version: 538000, memory: 13446197248 bytes (12823.29 MB)
write base data version: 538100, memory: 13590679552 bytes (12961.08 MB)
write base data version: 538200, memory: 13735526400 bytes (13099.22 MB)
write base data version: 538300, memory: 13360893952 bytes (12741.94 MB)
write base data version: 538400, memory: 13514178560 bytes (12888.12 MB)
write base data version: 538500, memory: 13662093312 bytes (13029.19 MB)
write base data version: 538600, memory: 13815816192 bytes (13175.79 MB)
write base data version: 538700, memory: 13441097728 bytes (12818.43 MB)
write base data version: 538800, memory: 13585072128 bytes (12955.73 MB)
write base data version: 538900, memory: 13729402880 bytes (13093.38 MB)
write base data version: 539000, memory: 13353246720 bytes (12734.65 MB)
write base data version: 539100, memory: 13509611520 bytes (12883.77 MB)
write base data version: 539200, memory: 13653045248 bytes (13020.56 MB)
write base data version: 539300, memory: 13813903360 bytes (13173.96 MB)
write base data version: 539400, memory: 13445271552 bytes (12822.41 MB)
write base data version: 539500, memory: 13596905472 bytes (12967.02 MB)
write base data version: 539600, memory: 13741867008 bytes (13105.27 MB)
write base data version: 539700, memory: 13884391424 bytes (13241.19 MB)
write base data version: 539800, memory: 13511073792 bytes (12885.16 MB)
write base data version: 539900, memory: 13643776000 bytes (13011.72 MB)
write base data version: 540000, memory: 13788041216 bytes (13149.30 MB)
write base data version: 540100, memory: 13413797888 bytes (12792.39 MB)
write base data version: 540200, memory: 13558861824 bytes (12930.74 MB)
write base data version: 540300, memory: 13703516160 bytes (13068.69 MB)
write base data version: 540400, memory: 13846781952 bytes (13205.32 MB)
write base data version: 540500, memory: 13473673216 bytes (12849.50 MB)
write base data version: 540600, memory: 13625757696 bytes (12994.54 MB)
write base data version: 540700, memory: 13771378688 bytes (13133.41 MB)
write base data version: 540800, memory: 13398081536 bytes (12777.41 MB)
write base data version: 540900, memory: 13542096896 bytes (12914.75 MB)
write base data version: 541000, memory: 13686898688 bytes (13052.84 MB)
write base data version: 541100, memory: 13831995392 bytes (13191.22 MB)
write base data version: 541200, memory: 13457362944 bytes (12833.94 MB)
write base data version: 541300, memory: 13606559744 bytes (12976.23 MB)
write base data version: 541400, memory: 13750833152 bytes (13113.82 MB)
write base data version: 541500, memory: 13374832640 bytes (12755.23 MB)
write base data version: 541600, memory: 13518274560 bytes (12892.03 MB)
write base data version: 541700, memory: 13662171136 bytes (13029.26 MB)
write base data version: 541800, memory: 13805965312 bytes (13166.39 MB)
write base data version: 541900, memory: 13430444032 bytes (12808.27 MB)
write base data version: 542000, memory: 13576470528 bytes (12947.53 MB)
write base data version: 542100, memory: 13725556736 bytes (13089.71 MB)
write base data version: 542200, memory: 13869907968 bytes (13227.38 MB)
write base data version: 542300, memory: 13493997568 bytes (12868.88 MB)
write base data version: 542400, memory: 13638578176 bytes (13006.76 MB)
write base data version: 542500, memory: 13782859776 bytes (13144.36 MB)
write base data version: 542600, memory: 13408264192 bytes (12787.12 MB)
write base data version: 542700, memory: 13551976448 bytes (12924.17 MB)
write base data version: 542800, memory: 13696729088 bytes (13062.22 MB)
write base data version: 542900, memory: 13846151168 bytes (13204.72 MB)
write base data version: 543000, memory: 13470027776 bytes (12846.02 MB)
write base data version: 543100, memory: 13615706112 bytes (12984.95 MB)
write base data version: 543200, memory: 13760561152 bytes (13123.09 MB)
write base data version: 543300, memory: 13385416704 bytes (12765.33 MB)
write base data version: 543400, memory: 13530849280 bytes (12904.02 MB)
write base data version: 543500, memory: 13673062400 bytes (13039.65 MB)
write base data version: 543600, memory: 13813751808 bytes (13173.82 MB)
write base data version: 543700, memory: 13452296192 bytes (12829.11 MB)
write base data version: 543800, memory: 13595439104 bytes (12965.62 MB)
write base data version: 543900, memory: 13739036672 bytes (13102.57 MB)
write base data version: 544000, memory: 13883318272 bytes (13240.16 MB)
write base data version: 544100, memory: 13509267456 bytes (12883.44 MB)
write base data version: 544200, memory: 13654691840 bytes (13022.13 MB)
write base data version: 544300, memory: 13797785600 bytes (13158.59 MB)
write base data version: 544400, memory: 13423169536 bytes (12801.33 MB)
write base data version: 544500, memory: 13568081920 bytes (12939.53 MB)
write base data version: 544600, memory: 13714194432 bytes (13078.88 MB)
write base data version: 544700, memory: 13858349056 bytes (13216.35 MB)
write base data version: 544800, memory: 13486202880 bytes (12861.45 MB)
write base data version: 544900, memory: 13644632064 bytes (13012.54 MB)
write base data version: 545000, memory: 13790711808 bytes (13151.85 MB)
write base data version: 545100, memory: 13425430528 bytes (12803.49 MB)
write base data version: 545200, memory: 13569699840 bytes (12941.07 MB)
write base data version: 545300, memory: 13714915328 bytes (13079.56 MB)
write base data version: 545400, memory: 13860454400 bytes (13218.36 MB)
write base data version: 545500, memory: 13484130304 bytes (12859.47 MB)
write base data version: 545600, memory: 13634985984 bytes (13003.34 MB)
write base data version: 545700, memory: 13790281728 bytes (13151.44 MB)
write base data version: 545800, memory: 13942226944 bytes (13296.34 MB)
write base data version: 545900, memory: 13573668864 bytes (12944.86 MB)
write base data version: 546000, memory: 13718855680 bytes (13083.32 MB)
write base data version: 546100, memory: 13862776832 bytes (13220.57 MB)
write base data version: 546200, memory: 13488377856 bytes (12863.52 MB)
write base data version: 546300, memory: 13637619712 bytes (13005.85 MB)
write base data version: 546400, memory: 13780918272 bytes (13142.51 MB)
write base data version: 546500, memory: 13927841792 bytes (13282.62 MB)
write base data version: 546600, memory: 13551255552 bytes (12923.48 MB)
write base data version: 546700, memory: 13695590400 bytes (13061.13 MB)
write base data version: 546800, memory: 13839806464 bytes (13198.67 MB)
write base data version: 546900, memory: 13464145920 bytes (12840.41 MB)
write base data version: 547000, memory: 13607944192 bytes (12977.55 MB)
write base data version: 547100, memory: 13752782848 bytes (13115.68 MB)
write base data version: 547200, memory: 13899894784 bytes (13255.97 MB)
write base data version: 547300, memory: 13531275264 bytes (12904.43 MB)
write base data version: 547400, memory: 13674930176 bytes (13041.43 MB)
write base data version: 547500, memory: 13819334656 bytes (13179.14 MB)
write base data version: 547600, memory: 13963554816 bytes (13316.68 MB)
write base data version: 547700, memory: 13587902464 bytes (12958.43 MB)
write base data version: 547800, memory: 13732274176 bytes (13096.12 MB)
write base data version: 547900, memory: 13879345152 bytes (13236.38 MB)
write base data version: 548000, memory: 13517168640 bytes (12890.98 MB)
write base data version: 548100, memory: 13664456704 bytes (13031.44 MB)
write base data version: 548200, memory: 13808746496 bytes (13169.05 MB)
write base data version: 548300, memory: 13953269760 bytes (13306.88 MB)
write base data version: 548400, memory: 13578108928 bytes (12949.09 MB)
write base data version: 548500, memory: 13726703616 bytes (13090.80 MB)
write base data version: 548600, memory: 13874548736 bytes (13231.80 MB)
write base data version: 548700, memory: 13499658240 bytes (12874.28 MB)
write base data version: 548800, memory: 13659054080 bytes (13026.29 MB)
write base data version: 548900, memory: 13803933696 bytes (13164.46 MB)
write base data version: 549000, memory: 13948551168 bytes (13302.38 MB)
write base data version: 549100, memory: 13572190208 bytes (12943.45 MB)
write base data version: 549200, memory: 13711355904 bytes (13076.17 MB)
write base data version: 549300, memory: 13863133184 bytes (13220.91 MB)
write base data version: 549400, memory: 14007345152 bytes (13358.45 MB)
write base data version: 549500, memory: 13634871296 bytes (13003.23 MB)
write base data version: 549600, memory: 13779554304 bytes (13141.21 MB)
write base data version: 549700, memory: 13924278272 bytes (13279.23 MB)
write base data version: 549800, memory: 13547749376 bytes (12920.14 MB)
write base data version: 549900, memory: 13705805824 bytes (13070.88 MB)
write base data version: 550000, memory: 13853282304 bytes (13211.52 MB)
write base data version: 550100, memory: 13997621248 bytes (13349.17 MB)
write base data version: 550200, memory: 13621215232 bytes (12990.20 MB)
write base data version: 550300, memory: 13764661248 bytes (13127.00 MB)
write base data version: 550400, memory: 13909303296 bytes (13264.95 MB)
write base data version: 550500, memory: 13534027776 bytes (12907.05 MB)
write base data version: 550600, memory: 13679104000 bytes (13045.41 MB)
write base data version: 550700, memory: 13823381504 bytes (13183.00 MB)
write base data version: 550800, memory: 13981011968 bytes (13333.33 MB)
write base data version: 550900, memory: 13611724800 bytes (12981.15 MB)
write base data version: 551000, memory: 13755891712 bytes (13118.64 MB)
write base data version: 551100, memory: 13900242944 bytes (13256.30 MB)
write base data version: 551200, memory: 14044213248 bytes (13393.61 MB)
write base data version: 551300, memory: 13667966976 bytes (13034.79 MB)
write base data version: 551400, memory: 13814616064 bytes (13174.64 MB)
write base data version: 551500, memory: 13958832128 bytes (13312.18 MB)
write base data version: 551600, memory: 14099066880 bytes (13445.92 MB)
write base data version: 551700, memory: 13710065664 bytes (13074.94 MB)
write base data version: 551800, memory: 13856321536 bytes (13214.42 MB)
write base data version: 551900, memory: 14001102848 bytes (13352.49 MB)
write base data version: 552000, memory: 13626617856 bytes (12995.36 MB)
write base data version: 552100, memory: 13772881920 bytes (13134.84 MB)
write base data version: 552200, memory: 13916610560 bytes (13271.91 MB)
write base data version: 552300, memory: 13547003904 bytes (12919.43 MB)
write base data version: 552400, memory: 13693218816 bytes (13058.87 MB)
write base data version: 552500, memory: 13838594048 bytes (13197.51 MB)
write base data version: 552600, memory: 13983531008 bytes (13335.73 MB)
write base data version: 552700, memory: 13608943616 bytes (12978.50 MB)
write base data version: 552800, memory: 13759721472 bytes (13122.29 MB)
write base data version: 552900, memory: 13916262400 bytes (13271.58 MB)
write base data version: 553000, memory: 13553262592 bytes (12925.40 MB)
write base data version: 553100, memory: 13702537216 bytes (13067.76 MB)
write base data version: 553200, memory: 13846224896 bytes (13204.79 MB)
write base data version: 553300, memory: 13990371328 bytes (13342.26 MB)
write base data version: 553400, memory: 13614227456 bytes (12983.54 MB)
write base data version: 553500, memory: 13758099456 bytes (13120.75 MB)
write base data version: 553600, memory: 13902278656 bytes (13258.25 MB)
write base data version: 553700, memory: 14046420992 bytes (13395.71 MB)
write base data version: 553800, memory: 13670502400 bytes (13037.21 MB)
write base data version: 553900, memory: 13814763520 bytes (13174.79 MB)
write base data version: 554000, memory: 13959159808 bytes (13312.49 MB)
write base data version: 554100, memory: 13585485824 bytes (12956.13 MB)
write base data version: 554200, memory: 13730058240 bytes (13094.00 MB)
write base data version: 554300, memory: 13875474432 bytes (13232.68 MB)
write base data version: 554400, memory: 14022975488 bytes (13373.35 MB)
write base data version: 554500, memory: 13656870912 bytes (13024.21 MB)
write base data version: 554600, memory: 13805531136 bytes (13165.98 MB)
write base data version: 554700, memory: 13950218240 bytes (13303.96 MB)
write base data version: 554800, memory: 14094753792 bytes (13441.80 MB)
write base data version: 554900, memory: 13718790144 bytes (13083.26 MB)
write base data version: 555000, memory: 13861572608 bytes (13219.43 MB)
write base data version: 555100, memory: 14014853120 bytes (13365.61 MB)
write base data version: 555200, memory: 13644500992 bytes (13012.41 MB)
write base data version: 555300, memory: 13798129664 bytes (13158.92 MB)
write base data version: 555400, memory: 13942870016 bytes (13296.96 MB)
write base data version: 555500, memory: 14086705152 bytes (13434.13 MB)
write base data version: 555600, memory: 13710229504 bytes (13075.09 MB)
write base data version: 555700, memory: 13857263616 bytes (13215.32 MB)
write base data version: 555800, memory: 14002294784 bytes (13353.63 MB)
write base data version: 555900, memory: 13640695808 bytes (13008.78 MB)
write base data version: 556000, memory: 13784412160 bytes (13145.84 MB)
write base data version: 556100, memory: 13928751104 bytes (13283.49 MB)
write base data version: 556200, memory: 14072881152 bytes (13420.95 MB)
write base data version: 556300, memory: 13700464640 bytes (13065.78 MB)
write base data version: 556400, memory: 13857243136 bytes (13215.30 MB)
write base data version: 556500, memory: 14001840128 bytes (13353.20 MB)
write base data version: 556600, memory: 14148792320 bytes (13493.34 MB)
write base data version: 556700, memory: 13778092032 bytes (13139.81 MB)
write base data version: 556800, memory: 13922619392 bytes (13277.64 MB)
write base data version: 556900, memory: 14067601408 bytes (13415.91 MB)
write base data version: 557000, memory: 13688778752 bytes (13054.64 MB)
write base data version: 557100, memory: 13830029312 bytes (13189.34 MB)
write base data version: 557200, memory: 13977792512 bytes (13330.26 MB)
write base data version: 557300, memory: 14131093504 bytes (13476.46 MB)
write base data version: 557400, memory: 13755076608 bytes (13117.86 MB)
write base data version: 557500, memory: 13899173888 bytes (13255.29 MB)
write base data version: 557600, memory: 14043734016 bytes (13393.15 MB)
write base data version: 557700, memory: 13667565568 bytes (13034.41 MB)
write base data version: 557800, memory: 13811408896 bytes (13171.59 MB)
write base data version: 557900, memory: 13955325952 bytes (13308.84 MB)
write base data version: 558000, memory: 14102925312 bytes (13449.60 MB)
write base data version: 558100, memory: 13728677888 bytes (13092.69 MB)
write base data version: 558200, memory: 13873160192 bytes (13230.48 MB)
write base data version: 558300, memory: 14016991232 bytes (13367.64 MB)
write base data version: 558400, memory: 14160908288 bytes (13504.89 MB)
write base data version: 558500, memory: 13786300416 bytes (13147.64 MB)
write base data version: 558600, memory: 13931347968 bytes (13285.97 MB)
write base data version: 558700, memory: 14079614976 bytes (13427.37 MB)
write base data version: 558800, memory: 13717651456 bytes (13082.17 MB)
write base data version: 558900, memory: 13863067648 bytes (13220.85 MB)
write base data version: 559000, memory: 14017638400 bytes (13368.26 MB)
write base data version: 559100, memory: 14156533760 bytes (13500.72 MB)
write base data version: 559200, memory: 13787222016 bytes (13148.52 MB)
write base data version: 559300, memory: 13946720256 bytes (13300.63 MB)
write base data version: 559400, memory: 14092247040 bytes (13439.41 MB)
write base data version: 559500, memory: 13715963904 bytes (13080.56 MB)
write base data version: 559600, memory: 13860147200 bytes (13218.07 MB)
write base data version: 559700, memory: 14004105216 bytes (13355.36 MB)
write base data version: 559800, memory: 14148390912 bytes (13492.96 MB)
write base data version: 559900, memory: 13772034048 bytes (13134.04 MB)
write base data version: 560000, memory: 13916024832 bytes (13271.36 MB)
write base data version: 560100, memory: 14060384256 bytes (13409.03 MB)
write base data version: 560200, memory: 14207062016 bytes (13548.91 MB)
write base data version: 560300, memory: 13831086080 bytes (13190.35 MB)
write base data version: 560400, memory: 13975609344 bytes (13328.18 MB)
write base data version: 560500, memory: 14119587840 bytes (13465.49 MB)
write base data version: 560600, memory: 13743656960 bytes (13106.97 MB)
write base data version: 560700, memory: 13888376832 bytes (13244.99 MB)
write base data version: 560800, memory: 14035955712 bytes (13385.73 MB)
write base data version: 560900, memory: 14181163008 bytes (13524.21 MB)
write base data version: 561000, memory: 13813624832 bytes (13173.70 MB)
write base data version: 561100, memory: 13968285696 bytes (13321.20 MB)
write base data version: 561200, memory: 14112616448 bytes (13458.84 MB)
write base data version: 561300, memory: 13736456192 bytes (13100.11 MB)
write base data version: 561400, memory: 13881708544 bytes (13238.63 MB)
write base data version: 561500, memory: 14029897728 bytes (13379.95 MB)
write base data version: 561600, memory: 14172987392 bytes (13516.41 MB)
write base data version: 561700, memory: 13798608896 bytes (13159.38 MB)
write base data version: 561800, memory: 13954572288 bytes (13308.12 MB)
write base data version: 561900, memory: 14099410944 bytes (13446.25 MB)
write base data version: 562000, memory: 14243729408 bytes (13583.88 MB)
write base data version: 562100, memory: 13873278976 bytes (13230.59 MB)
write base data version: 562200, memory: 14025674752 bytes (13375.93 MB)
write base data version: 562300, memory: 14161743872 bytes (13505.69 MB)
write base data version: 562400, memory: 13790007296 bytes (13151.18 MB)
write base data version: 562500, memory: 13938356224 bytes (13292.65 MB)
write base data version: 562600, memory: 14083129344 bytes (13430.72 MB)
write base data version: 562700, memory: 14227107840 bytes (13568.03 MB)
write base data version: 562800, memory: 13851480064 bytes (13209.80 MB)
write base data version: 562900, memory: 13997084672 bytes (13348.66 MB)
write base data version: 563000, memory: 14147424256 bytes (13492.04 MB)
write base data version: 563100, memory: 13783625728 bytes (13145.09 MB)
write base data version: 563200, memory: 13928538112 bytes (13283.29 MB)
write base data version: 563300, memory: 14072688640 bytes (13420.76 MB)
write base data version: 563400, memory: 14216810496 bytes (13558.21 MB)
write base data version: 563500, memory: 13840629760 bytes (13199.45 MB)
write base data version: 563600, memory: 13984825344 bytes (13336.97 MB)
write base data version: 563700, memory: 14128480256 bytes (13473.97 MB)
write base data version: 563800, memory: 14279106560 bytes (13617.62 MB)
write base data version: 563900, memory: 13911859200 bytes (13267.38 MB)
write base data version: 564000, memory: 14062100480 bytes (13410.66 MB)
write base data version: 564100, memory: 14208118784 bytes (13549.92 MB)
write base data version: 564200, memory: 13833945088 bytes (13193.08 MB)
write base data version: 564300, memory: 13979385856 bytes (13331.78 MB)
write base data version: 564400, memory: 14126944256 bytes (13472.50 MB)
write base data version: 564500, memory: 14274314240 bytes (13613.05 MB)
write base data version: 564600, memory: 13898420224 bytes (13254.57 MB)
write base data version: 564700, memory: 14042628096 bytes (13392.09 MB)
write base data version: 564800, memory: 14186209280 bytes (13529.02 MB)
write base data version: 564900, memory: 13811105792 bytes (13171.30 MB)
write base data version: 565000, memory: 13961478144 bytes (13314.70 MB)
write base data version: 565100, memory: 14126485504 bytes (13472.07 MB)
write base data version: 565200, memory: 14270279680 bytes (13609.20 MB)
write base data version: 565300, memory: 13905584128 bytes (13261.40 MB)
write base data version: 565400, memory: 14050410496 bytes (13399.52 MB)
write base data version: 565500, memory: 14195892224 bytes (13538.26 MB)
write base data version: 565600, memory: 14345195520 bytes (13680.64 MB)
write base data version: 565700, memory: 13971197952 bytes (13323.97 MB)
write base data version: 565800, memory: 14114263040 bytes (13460.41 MB)
write base data version: 565900, memory: 14269497344 bytes (13608.45 MB)
write base data version: 566000, memory: 13902905344 bytes (13258.84 MB)
write base data version: 566100, memory: 14047420416 bytes (13396.66 MB)
write base data version: 566200, memory: 14191607808 bytes (13534.17 MB)
write base data version: 566300, memory: 14335397888 bytes (13671.30 MB)
write base data version: 566400, memory: 13958676480 bytes (13312.03 MB)
write base data version: 566500, memory: 14104735744 bytes (13451.32 MB)
write base data version: 566600, memory: 14264160256 bytes (13603.36 MB)
write base data version: 566700, memory: 13888774144 bytes (13245.37 MB)
write base data version: 566800, memory: 14033604608 bytes (13383.49 MB)
write base data version: 566900, memory: 14177591296 bytes (13520.80 MB)
write base data version: 567000, memory: 14321565696 bytes (13658.11 MB)
write base data version: 567100, memory: 13946671104 bytes (13300.58 MB)
write base data version: 567200, memory: 14091046912 bytes (13438.27 MB)
write base data version: 567300, memory: 14235222016 bytes (13575.77 MB)
write base data version: 567400, memory: 14384041984 bytes (13717.69 MB)
write base data version: 567500, memory: 14022557696 bytes (13372.95 MB)
write base data version: 567600, memory: 14168158208 bytes (13511.81 MB)
write base data version: 567700, memory: 14312591360 bytes (13649.55 MB)
write base data version: 567800, memory: 13936287744 bytes (13290.68 MB)
write base data version: 567900, memory: 14080602112 bytes (13428.31 MB)
write base data version: 568000, memory: 14224343040 bytes (13565.39 MB)
write base data version: 568100, memory: 14385684480 bytes (13719.26 MB)
write base data version: 568200, memory: 13981704192 bytes (13333.99 MB)
write base data version: 568300, memory: 14126104576 bytes (13471.70 MB)
write base data version: 568400, memory: 14270337024 bytes (13609.25 MB)
write base data version: 568500, memory: 13894688768 bytes (13251.01 MB)
write base data version: 568600, memory: 14038876160 bytes (13388.52 MB)
write base data version: 568700, memory: 14182518784 bytes (13525.50 MB)
write base data version: 568800, memory: 14327926784 bytes (13664.18 MB)
write base data version: 568900, memory: 13953814528 bytes (13307.39 MB)
write base data version: 569000, memory: 14093713408 bytes (13440.81 MB)
write base data version: 569100, memory: 14241820672 bytes (13582.06 MB)
write base data version: 569200, memory: 14385405952 bytes (13718.99 MB)
write base data version: 569300, memory: 14014791680 bytes (13365.55 MB)
write base data version: 569400, memory: 14161969152 bytes (13505.91 MB)
write base data version: 569500, memory: 14305976320 bytes (13643.24 MB)
write base data version: 569600, memory: 13931053056 bytes (13285.69 MB)
write base data version: 569700, memory: 14076407808 bytes (13424.31 MB)
write base data version: 569800, memory: 14220300288 bytes (13561.54 MB)
write base data version: 569900, memory: 14370844672 bytes (13705.11 MB)
write base data version: 570000, memory: 13997158400 bytes (13348.73 MB)
write base data version: 570100, memory: 14148005888 bytes (13492.59 MB)
write base data version: 570200, memory: 14295531520 bytes (13633.28 MB)
write base data version: 570300, memory: 13921656832 bytes (13276.73 MB)
write base data version: 570400, memory: 14065983488 bytes (13414.37 MB)
write base data version: 570500, memory: 14210490368 bytes (13552.18 MB)
write base data version: 570600, memory: 14355214336 bytes (13690.20 MB)
write base data version: 570700, memory: 13976494080 bytes (13329.02 MB)
write base data version: 570800, memory: 14122905600 bytes (13468.65 MB)
write base data version: 570900, memory: 14266798080 bytes (13605.88 MB)
write base data version: 571000, memory: 14411395072 bytes (13743.78 MB)
write base data version: 571100, memory: 14031765504 bytes (13381.73 MB)
write base data version: 571200, memory: 14181150720 bytes (13524.20 MB)
write base data version: 571300, memory: 14325137408 bytes (13661.52 MB)
write base data version: 571400, memory: 13949329408 bytes (13303.12 MB)
write base data version: 571500, memory: 14101524480 bytes (13448.26 MB)
write base data version: 571600, memory: 14252773376 bytes (13592.50 MB)
write base data version: 571700, memory: 14404038656 bytes (13736.76 MB)
write base data version: 571800, memory: 14029418496 bytes (13379.50 MB)
write base data version: 571900, memory: 14173827072 bytes (13517.21 MB)
write base data version: 572000, memory: 14317555712 bytes (13654.29 MB)
write base data version: 572100, memory: 13941178368 bytes (13295.34 MB)
write base data version: 572200, memory: 14098821120 bytes (13445.68 MB)
write base data version: 572300, memory: 14245232640 bytes (13585.31 MB)
write base data version: 572400, memory: 14389915648 bytes (13723.29 MB)
write base data version: 572500, memory: 14020325376 bytes (13370.82 MB)
write base data version: 572600, memory: 14168453120 bytes (13512.09 MB)
write base data version: 572700, memory: 14323830784 bytes (13660.27 MB)
write base data version: 572800, memory: 14468665344 bytes (13798.39 MB)
write base data version: 572900, memory: 14097432576 bytes (13444.36 MB)
write base data version: 573000, memory: 14252204032 bytes (13591.96 MB)
write base data version: 573100, memory: 14397530112 bytes (13730.55 MB)
write base data version: 573200, memory: 14024343552 bytes (13374.66 MB)
write base data version: 573300, memory: 14168956928 bytes (13512.57 MB)
write base data version: 573400, memory: 14312980480 bytes (13649.92 MB)
write base data version: 573500, memory: 14457712640 bytes (13787.95 MB)
write base data version: 573600, memory: 14082453504 bytes (13430.07 MB)
write base data version: 573700, memory: 14226427904 bytes (13567.38 MB)
write base data version: 573800, memory: 14375477248 bytes (13709.52 MB)
write base data version: 573900, memory: 14011301888 bytes (13362.22 MB)
write base data version: 574000, memory: 14163378176 bytes (13507.25 MB)
write base data version: 574100, memory: 14311903232 bytes (13648.89 MB)
write base data version: 574200, memory: 14458707968 bytes (13788.90 MB)
write base data version: 574300, memory: 14081937408 bytes (13429.58 MB)
write base data version: 574400, memory: 14226202624 bytes (13567.16 MB)
write base data version: 574500, memory: 14370922496 bytes (13705.18 MB)
write base data version: 574600, memory: 14516445184 bytes (13843.96 MB)
write base data version: 574700, memory: 14150287360 bytes (13494.77 MB)
write base data version: 574800, memory: 14328475648 bytes (13664.70 MB)
write base data version: 574900, memory: 14472212480 bytes (13801.78 MB)
write base data version: 575000, memory: 14096257024 bytes (13443.24 MB)
write base data version: 575100, memory: 14240690176 bytes (13580.98 MB)
write base data version: 575200, memory: 14385115136 bytes (13718.71 MB)
write base data version: 575300, memory: 14529470464 bytes (13856.38 MB)
write base data version: 575400, memory: 14154514432 bytes (13498.80 MB)
write base data version: 575500, memory: 14298554368 bytes (13636.16 MB)
write base data version: 575600, memory: 14442545152 bytes (13773.48 MB)
write base data version: 575700, memory: 14066704384 bytes (13415.05 MB)
write base data version: 575800, memory: 14210826240 bytes (13552.50 MB)
write base data version: 575900, memory: 14356746240 bytes (13691.66 MB)
write base data version: 576000, memory: 14501498880 bytes (13829.71 MB)
write base data version: 576100, memory: 14127624192 bytes (13473.15 MB)
write base data version: 576200, memory: 14271606784 bytes (13610.46 MB)
write base data version: 576300, memory: 14415208448 bytes (13747.41 MB)
write base data version: 576400, memory: 14559412224 bytes (13884.94 MB)
write base data version: 576500, memory: 14183563264 bytes (13526.50 MB)
write base data version: 576600, memory: 14327476224 bytes (13663.75 MB)
write base data version: 576700, memory: 14481760256 bytes (13810.88 MB)
write base data version: 576800, memory: 14104977408 bytes (13451.55 MB)
write base data version: 576900, memory: 14249377792 bytes (13589.27 MB)
write base data version: 577000, memory: 14393298944 bytes (13726.52 MB)
write base data version: 577100, memory: 14537900032 bytes (13864.42 MB)
write base data version: 577200, memory: 14162321408 bytes (13506.24 MB)
write base data version: 577300, memory: 14306480128 bytes (13643.72 MB)
write base data version: 577400, memory: 14452334592 bytes (13782.82 MB)
write base data version: 577500, memory: 14079188992 bytes (13426.96 MB)
write base data version: 577600, memory: 14244958208 bytes (13585.05 MB)
write base data version: 577700, memory: 14397800448 bytes (13730.81 MB)
write base data version: 577800, memory: 14550532096 bytes (13876.47 MB)
write base data version: 577900, memory: 14174404608 bytes (13517.77 MB)
write base data version: 578000, memory: 14318436352 bytes (13655.12 MB)
write base data version: 578100, memory: 14462738432 bytes (13792.74 MB)
write base data version: 578200, memory: 14607122432 bytes (13930.44 MB)
write base data version: 578300, memory: 14230753280 bytes (13571.50 MB)
write base data version: 578400, memory: 14370201600 bytes (13704.49 MB)
write base data version: 578500, memory: 14521163776 bytes (13848.46 MB)
write base data version: 578600, memory: 14145765376 bytes (13490.45 MB)
write base data version: 578700, memory: 14290546688 bytes (13628.53 MB)
write base data version: 578800, memory: 14434168832 bytes (13765.50 MB)
write base data version: 578900, memory: 14578319360 bytes (13902.97 MB)
write base data version: 579000, memory: 14202974208 bytes (13545.01 MB)
write base data version: 579100, memory: 14348632064 bytes (13683.92 MB)
write base data version: 579200, memory: 14492106752 bytes (13820.75 MB)
write base data version: 579300, memory: 14116417536 bytes (13462.46 MB)
write base data version: 579400, memory: 14262345728 bytes (13601.63 MB)
write base data version: 579500, memory: 14405681152 bytes (13738.33 MB)
write base data version: 579600, memory: 14550814720 bytes (13876.74 MB)
write base data version: 579700, memory: 14189080576 bytes (13531.76 MB)
write base data version: 579800, memory: 14340546560 bytes (13676.21 MB)
write base data version: 579900, memory: 14485004288 bytes (13813.98 MB)
write base data version: 580000, memory: 14629253120 bytes (13951.54 MB)
write base data version: 580100, memory: 14252625920 bytes (13592.36 MB)
write base data version: 580200, memory: 14396157952 bytes (13729.25 MB)
write base data version: 580300, memory: 14540611584 bytes (13867.01 MB)
write base data version: 580400, memory: 14164881408 bytes (13508.68 MB)
write base data version: 580500, memory: 14313476096 bytes (13650.39 MB)
write base data version: 580600, memory: 14470057984 bytes (13799.72 MB)
write base data version: 580700, memory: 14613766144 bytes (13936.77 MB)
write base data version: 580800, memory: 14238625792 bytes (13579.01 MB)
write base data version: 580900, memory: 14387081216 bytes (13720.59 MB)
write base data version: 581000, memory: 14531010560 bytes (13857.85 MB)
write base data version: 581100, memory: 14155198464 bytes (13499.45 MB)
write base data version: 581200, memory: 14299385856 bytes (13636.96 MB)
write base data version: 581300, memory: 14442942464 bytes (13773.86 MB)
write base data version: 581400, memory: 14587322368 bytes (13911.55 MB)
write base data version: 581500, memory: 14213214208 bytes (13554.78 MB)
write base data version: 581600, memory: 14368133120 bytes (13702.52 MB)
write base data version: 581700, memory: 14516027392 bytes (13843.56 MB)
write base data version: 581800, memory: 14663766016 bytes (13984.46 MB)
write base data version: 581900, memory: 14288867328 bytes (13626.93 MB)
write base data version: 582000, memory: 14433206272 bytes (13764.58 MB)
write base data version: 582100, memory: 14576799744 bytes (13901.52 MB)
write base data version: 582200, memory: 14200696832 bytes (13542.84 MB)
write base data version: 582300, memory: 14346670080 bytes (13682.05 MB)
write base data version: 582400, memory: 14490304512 bytes (13819.03 MB)
write base data version: 582500, memory: 14636994560 bytes (13958.93 MB)
write base data version: 582600, memory: 14268907520 bytes (13607.89 MB)
write base data version: 582700, memory: 14424420352 bytes (13756.20 MB)
write base data version: 582800, memory: 14581989376 bytes (13906.47 MB)
write base data version: 582900, memory: 14206619648 bytes (13548.49 MB)
write base data version: 583000, memory: 14358560768 bytes (13693.39 MB)
write base data version: 583100, memory: 14504411136 bytes (13832.48 MB)
write base data version: 583200, memory: 14649548800 bytes (13970.90 MB)
write base data version: 583300, memory: 14278799360 bytes (13617.32 MB)
write base data version: 583400, memory: 14423097344 bytes (13754.94 MB)
write base data version: 583500, memory: 14567174144 bytes (13892.34 MB)
write base data version: 583600, memory: 14711488512 bytes (14029.97 MB)
write base data version: 583700, memory: 14336352256 bytes (13672.21 MB)
write base data version: 583800, memory: 14481788928 bytes (13810.91 MB)
write base data version: 583900, memory: 14625857536 bytes (13948.30 MB)
write base data version: 584000, memory: 14250299392 bytes (13590.14 MB)
write base data version: 584100, memory: 14394601472 bytes (13727.76 MB)
write base data version: 584200, memory: 14539173888 bytes (13865.64 MB)
write base data version: 584300, memory: 14682320896 bytes (14002.15 MB)
write base data version: 584400, memory: 14318120960 bytes (13654.82 MB)
write base data version: 584500, memory: 14470098944 bytes (13799.76 MB)
write base data version: 584600, memory: 14613733376 bytes (13936.74 MB)
write base data version: 584700, memory: 14249250816 bytes (13589.14 MB)
write base data version: 584800, memory: 14394945536 bytes (13728.09 MB)
write base data version: 584900, memory: 14540656640 bytes (13867.05 MB)
write base data version: 585000, memory: 14685405184 bytes (14005.09 MB)
write base data version: 585100, memory: 14310035456 bytes (13647.11 MB)
write base data version: 585200, memory: 14453477376 bytes (13783.91 MB)
write base data version: 585300, memory: 14597066752 bytes (13920.85 MB)
write base data version: 585400, memory: 14742700032 bytes (14059.73 MB)
write base data version: 585500, memory: 14375378944 bytes (13709.43 MB)
write base data version: 585600, memory: 14544183296 bytes (13870.41 MB)
write base data version: 585700, memory: 14687924224 bytes (14007.50 MB)
write base data version: 585800, memory: 14312038400 bytes (13649.02 MB)
write base data version: 585900, memory: 14458531840 bytes (13788.73 MB)
write base data version: 586000, memory: 14601932800 bytes (13925.49 MB)
write base data version: 586100, memory: 14748405760 bytes (14065.18 MB)
write base data version: 586200, memory: 14372651008 bytes (13706.83 MB)
write base data version: 586300, memory: 14516641792 bytes (13844.15 MB)
write base data version: 586400, memory: 14660935680 bytes (13981.76 MB)
write base data version: 586500, memory: 14285127680 bytes (13623.36 MB)
write base data version: 586600, memory: 14435459072 bytes (13766.73 MB)
write base data version: 586700, memory: 14589472768 bytes (13913.61 MB)
write base data version: 586800, memory: 14745063424 bytes (14061.99 MB)
write base data version: 586900, memory: 14368870400 bytes (13703.22 MB)
write base data version: 587000, memory: 14513565696 bytes (13841.21 MB)
write base data version: 587100, memory: 14658109440 bytes (13979.06 MB)
write base data version: 587200, memory: 14801940480 bytes (14116.23 MB)
write base data version: 587300, memory: 14425575424 bytes (13757.30 MB)
write base data version: 587400, memory: 14582628352 bytes (13907.08 MB)
write base data version: 587500, memory: 14735470592 bytes (14052.84 MB)
write base data version: 587600, memory: 14362550272 bytes (13697.20 MB)
write base data version: 587700, memory: 14524645376 bytes (13851.78 MB)
write base data version: 587800, memory: 14671556608 bytes (13991.89 MB)
write base data version: 587900, memory: 14820896768 bytes (14134.31 MB)
write base data version: 588000, memory: 14445776896 bytes (13776.57 MB)
write base data version: 588100, memory: 14597636096 bytes (13921.39 MB)
write base data version: 588200, memory: 14740680704 bytes (14057.81 MB)
write base data version: 588300, memory: 14371614720 bytes (13705.84 MB)
write base data version: 588400, memory: 14516105216 bytes (13843.64 MB)
write base data version: 588500, memory: 14659686400 bytes (13980.57 MB)
write base data version: 588600, memory: 14803795968 bytes (14118.00 MB)
write base data version: 588700, memory: 14428143616 bytes (13759.75 MB)
write base data version: 588800, memory: 14571872256 bytes (13896.82 MB)
write base data version: 588900, memory: 14717464576 bytes (14035.67 MB)
write base data version: 589000, memory: 14862667776 bytes (14174.14 MB)
write base data version: 589100, memory: 14506881024 bytes (13834.84 MB)
write base data version: 589200, memory: 14672867328 bytes (13993.14 MB)
write base data version: 589300, memory: 14816866304 bytes (14130.46 MB)
write base data version: 589400, memory: 14440300544 bytes (13771.34 MB)
write base data version: 589500, memory: 14588203008 bytes (13912.39 MB)
write base data version: 589600, memory: 14744748032 bytes (14061.69 MB)
write base data version: 589700, memory: 14890397696 bytes (14200.59 MB)
write base data version: 589800, memory: 14515859456 bytes (13843.40 MB)
write base data version: 589900, memory: 14659989504 bytes (13980.86 MB)
write base data version: 590000, memory: 14804013056 bytes (14118.21 MB)
write base data version: 590100, memory: 14430449664 bytes (13761.95 MB)
write base data version: 590200, memory: 14577291264 bytes (13901.99 MB)
write base data version: 590300, memory: 14721523712 bytes (14039.54 MB)
write base data version: 590400, memory: 14876839936 bytes (14187.66 MB)
write base data version: 590500, memory: 14506024960 bytes (13834.02 MB)
write base data version: 590600, memory: 14664179712 bytes (13984.85 MB)
write base data version: 590700, memory: 14814097408 bytes (14127.82 MB)
write base data version: 590800, memory: 14958080000 bytes (14265.14 MB)
write base data version: 590900, memory: 14582124544 bytes (13906.60 MB)
write base data version: 591000, memory: 14726721536 bytes (14044.50 MB)
write base data version: 591100, memory: 14873460736 bytes (14184.44 MB)
write base data version: 591200, memory: 14484770816 bytes (13813.75 MB)
write base data version: 591300, memory: 14628638720 bytes (13950.96 MB)
write base data version: 591400, memory: 14772662272 bytes (14088.31 MB)
write base data version: 591500, memory: 14916915200 bytes (14225.88 MB)
write base data version: 591600, memory: 14542979072 bytes (13869.27 MB)
write base data version: 591700, memory: 14688841728 bytes (14008.37 MB)
write base data version: 591800, memory: 14834302976 bytes (14147.09 MB)
write base data version: 591900, memory: 14458015744 bytes (13788.24 MB)
write base data version: 592000, memory: 14601793536 bytes (13925.36 MB)
write base data version: 592100, memory: 14747066368 bytes (14063.90 MB)
write base data version: 592200, memory: 14892838912 bytes (14202.92 MB)
write base data version: 592300, memory: 14515974144 bytes (13843.51 MB)
write base data version: 592400, memory: 14660448256 bytes (13981.29 MB)
write base data version: 592500, memory: 14804340736 bytes (14118.52 MB)
write base data version: 592600, memory: 14950371328 bytes (14257.79 MB)
write base data version: 592700, memory: 14574489600 bytes (13899.32 MB)
write base data version: 592800, memory: 14718894080 bytes (14037.03 MB)
write base data version: 592900, memory: 14863089664 bytes (14174.55 MB)
write base data version: 593000, memory: 14488735744 bytes (13817.54 MB)
write base data version: 593100, memory: 14632738816 bytes (13954.87 MB)
write base data version: 593200, memory: 14778089472 bytes (14093.48 MB)
write base data version: 593300, memory: 14923341824 bytes (14232.01 MB)
write base data version: 593400, memory: 14552113152 bytes (13877.98 MB)
write base data version: 593500, memory: 14696652800 bytes (14015.82 MB)
write base data version: 593600, memory: 14841249792 bytes (14153.72 MB)
write base data version: 593700, memory: 14465183744 bytes (13795.07 MB)
write base data version: 593800, memory: 14611488768 bytes (13934.60 MB)
write base data version: 593900, memory: 14761168896 bytes (14077.35 MB)
write base data version: 594000, memory: 14905384960 bytes (14214.88 MB)
write base data version: 594100, memory: 14529363968 bytes (13856.28 MB)
write base data version: 594200, memory: 14673735680 bytes (13993.96 MB)
write base data version: 594300, memory: 14818074624 bytes (14131.62 MB)
write base data version: 594400, memory: 14962401280 bytes (14269.26 MB)
write base data version: 594500, memory: 14586232832 bytes (13910.52 MB)
write base data version: 594600, memory: 14731907072 bytes (14049.44 MB)
write base data version: 594700, memory: 14875869184 bytes (14186.73 MB)
write base data version: 594800, memory: 14501728256 bytes (13829.93 MB)
write base data version: 594900, memory: 14645764096 bytes (13967.29 MB)
write base data version: 595000, memory: 14789767168 bytes (14104.62 MB)
write base data version: 595100, memory: 14934405120 bytes (14242.56 MB)
write base data version: 595200, memory: 14560088064 bytes (13885.58 MB)
write base data version: 595300, memory: 14708416512 bytes (14027.04 MB)
write base data version: 595400, memory: 14854963200 bytes (14166.80 MB)
write base data version: 595500, memory: 14487425024 bytes (13816.29 MB)
write base data version: 595600, memory: 14638546944 bytes (13960.41 MB)
write base data version: 595700, memory: 14782914560 bytes (14098.09 MB)
write base data version: 595800, memory: 14927962112 bytes (14236.41 MB)
write base data version: 595900, memory: 14553714688 bytes (13879.50 MB)
write base data version: 596000, memory: 14697943040 bytes (14017.05 MB)
write base data version: 596100, memory: 14842376192 bytes (14154.79 MB)
write base data version: 596200, memory: 14986354688 bytes (14292.10 MB)
write base data version: 596300, memory: 14611283968 bytes (13934.41 MB)
write base data version: 596400, memory: 14755778560 bytes (14072.21 MB)
write base data version: 596500, memory: 14903992320 bytes (14213.55 MB)
write base data version: 596600, memory: 14528790528 bytes (13855.73 MB)
write base data version: 596700, memory: 14673600512 bytes (13993.84 MB)
write base data version: 596800, memory: 14819336192 bytes (14132.82 MB)
write base data version: 596900, memory: 14964084736 bytes (14270.86 MB)
write base data version: 597000, memory: 14587973632 bytes (13912.18 MB)
write base data version: 597100, memory: 14732468224 bytes (14049.98 MB)
write base data version: 597200, memory: 14876000256 bytes (14186.86 MB)
write base data version: 597300, memory: 14500143104 bytes (13828.41 MB)
write base data version: 597400, memory: 14645063680 bytes (13966.62 MB)
write base data version: 597500, memory: 14790758400 bytes (14105.57 MB)
write base data version: 597600, memory: 14937440256 bytes (14245.45 MB)
write base data version: 597700, memory: 14570799104 bytes (13895.80 MB)
write base data version: 597800, memory: 14714494976 bytes (14032.84 MB)
write base data version: 597900, memory: 14859124736 bytes (14170.77 MB)
write base data version: 598000, memory: 15006023680 bytes (14310.86 MB)
write base data version: 598100, memory: 14629371904 bytes (13951.66 MB)
write base data version: 598200, memory: 14771822592 bytes (14087.51 MB)
write base data version: 598300, memory: 14917292032 bytes (14226.24 MB)
write base data version: 598400, memory: 14541299712 bytes (13867.66 MB)
write base data version: 598500, memory: 14688202752 bytes (14007.76 MB)
write base data version: 598600, memory: 14833319936 bytes (14146.16 MB)
write base data version: 598700, memory: 14979371008 bytes (14285.44 MB)
write base data version: 598800, memory: 14612328448 bytes (13935.40 MB)
write base data version: 598900, memory: 14755860480 bytes (14072.29 MB)
write base data version: 599000, memory: 14899523584 bytes (14209.29 MB)
write base data version: 599100, memory: 15045029888 bytes (14348.06 MB)
write base data version: 599200, memory: 14670770176 bytes (13991.14 MB)
write base data version: 599300, memory: 14815899648 bytes (14129.54 MB)
write base data version: 599400, memory: 14960955392 bytes (14267.88 MB)
write base data version: 599500, memory: 14585556992 bytes (13909.87 MB)
write base data version: 599600, memory: 14729846784 bytes (14047.48 MB)
write base data version: 599700, memory: 14877847552 bytes (14188.62 MB)
write base data version: 599800, memory: 15023104000 bytes (14327.15 MB)
write base data version: 599900, memory: 14658953216 bytes (13979.87 MB)
write base data version: 600000, memory: 14810943488 bytes (14124.82 MB)
write base data version: 600100, memory: 14952361984 bytes (14259.68 MB)
write base data version: 600200, memory: 14577266688 bytes (13901.96 MB)
write base data version: 600300, memory: 14725353472 bytes (14043.19 MB)
write base data version: 600400, memory: 14876037120 bytes (14186.89 MB)
write base data version: 600500, memory: 15032553472 bytes (14336.16 MB)
write base data version: 600600, memory: 14656901120 bytes (13977.91 MB)
write base data version: 600700, memory: 14800216064 bytes (14114.59 MB)
write base data version: 600800, memory: 14943412224 bytes (14251.15 MB)
write base data version: 600900, memory: 14567837696 bytes (13892.97 MB)
write base data version: 601000, memory: 14717304832 bytes (14035.52 MB)
write base data version: 601100, memory: 14870192128 bytes (14181.32 MB)
write base data version: 601200, memory: 15021764608 bytes (14325.87 MB)
write base data version: 601300, memory: 14650421248 bytes (13971.73 MB)
write base data version: 601400, memory: 14808391680 bytes (14122.38 MB)
write base data version: 601500, memory: 14953902080 bytes (14261.15 MB)
write base data version: 601600, memory: 15098597376 bytes (14399.14 MB)
write base data version: 601700, memory: 14723031040 bytes (14040.98 MB)
write base data version: 601800, memory: 14866997248 bytes (14178.27 MB)
write base data version: 601900, memory: 15018057728 bytes (14322.34 MB)
write base data version: 602000, memory: 14636740608 bytes (13958.68 MB)
write base data version: 602100, memory: 14780805120 bytes (14096.07 MB)
write base data version: 602200, memory: 14925287424 bytes (14233.86 MB)
write base data version: 602300, memory: 15068463104 bytes (14370.41 MB)
write base data version: 602400, memory: 14695305216 bytes (14014.54 MB)
write base data version: 602500, memory: 14839332864 bytes (14151.89 MB)
write base data version: 602600, memory: 14983725056 bytes (14289.59 MB)
write base data version: 602700, memory: 14610788352 bytes (13933.93 MB)
write base data version: 602800, memory: 14756401152 bytes (14072.80 MB)
write base data version: 602900, memory: 14909902848 bytes (14219.19 MB)
write base data version: 603000, memory: 15054311424 bytes (14356.91 MB)
write base data version: 603100, memory: 14679674880 bytes (13999.63 MB)
write base data version: 603200, memory: 14832259072 bytes (14145.14 MB)
write base data version: 603300, memory: 14980067328 bytes (14286.11 MB)
write base data version: 603400, memory: 15133958144 bytes (14432.87 MB)
write base data version: 603500, memory: 14758457344 bytes (14074.76 MB)
write base data version: 603600, memory: 14903193600 bytes (14212.79 MB)
write base data version: 603700, memory: 15047663616 bytes (14350.57 MB)
write base data version: 603800, memory: 14672334848 bytes (13992.63 MB)
write base data version: 603900, memory: 14816190464 bytes (14129.82 MB)
write base data version: 604000, memory: 14960357376 bytes (14267.31 MB)
write base data version: 604100, memory: 15106473984 bytes (14406.66 MB)
write base data version: 604200, memory: 14741602304 bytes (14058.69 MB)
write base data version: 604300, memory: 14887743488 bytes (14198.06 MB)
write base data version: 604400, memory: 15032078336 bytes (14335.71 MB)
write base data version: 604500, memory: 14658002944 bytes (13978.96 MB)
write base data version: 604600, memory: 14801784832 bytes (14116.08 MB)
write base data version: 604700, memory: 14954123264 bytes (14261.36 MB)
write base data version: 604800, memory: 15099453440 bytes (14399.96 MB)
write base data version: 604900, memory: 14728892416 bytes (14046.57 MB)
write base data version: 605000, memory: 14876454912 bytes (14187.29 MB)
write base data version: 605100, memory: 15018020864 bytes (14322.30 MB)
write base data version: 605200, memory: 15162322944 bytes (14459.92 MB)
write base data version: 605300, memory: 14788120576 bytes (14103.05 MB)
write base data version: 605400, memory: 14932164608 bytes (14240.42 MB)
write base data version: 605500, memory: 15074844672 bytes (14376.49 MB)
write base data version: 605600, memory: 14697140224 bytes (14016.29 MB)
write base data version: 605700, memory: 14843441152 bytes (14155.81 MB)
write base data version: 605800, memory: 14988578816 bytes (14294.22 MB)
write base data version: 605900, memory: 15133454336 bytes (14432.39 MB)
write base data version: 606000, memory: 14758588416 bytes (14074.89 MB)
write base data version: 606100, memory: 14916816896 bytes (14225.79 MB)
write base data version: 606200, memory: 15061680128 bytes (14363.94 MB)
write base data version: 606300, memory: 14687129600 bytes (14006.74 MB)
write base data version: 606400, memory: 14827876352 bytes (14140.96 MB)
write base data version: 606500, memory: 14970277888 bytes (14276.77 MB)
write base data version: 606600, memory: 15113760768 bytes (14413.61 MB)
write base data version: 606700, memory: 14740168704 bytes (14057.32 MB)
write base data version: 606800, memory: 14878527488 bytes (14189.27 MB)
write base data version: 606900, memory: 15023378432 bytes (14327.41 MB)
write base data version: 607000, memory: 15168724992 bytes (14466.02 MB)
write base data version: 607100, memory: 14793404416 bytes (14108.09 MB)
write base data version: 607200, memory: 14936580096 bytes (14244.63 MB)
write base data version: 607300, memory: 15081058304 bytes (14382.42 MB)
write base data version: 607400, memory: 14706229248 bytes (14024.95 MB)
write base data version: 607500, memory: 14850813952 bytes (14162.84 MB)
write base data version: 607600, memory: 14996590592 bytes (14301.86 MB)
write base data version: 607700, memory: 15140544512 bytes (14439.15 MB)
write base data version: 607800, memory: 14764945408 bytes (14080.95 MB)
write base data version: 607900, memory: 14909874176 bytes (14219.16 MB)
write base data version: 608000, memory: 15054520320 bytes (14357.11 MB)
write base data version: 608100, memory: 14678294528 bytes (13998.31 MB)
write base data version: 608200, memory: 14822629376 bytes (14135.96 MB)
write base data version: 608300, memory: 14966829056 bytes (14273.48 MB)
write base data version: 608400, memory: 15120834560 bytes (14420.35 MB)
write base data version: 608500, memory: 14758879232 bytes (14075.16 MB)
write base data version: 608600, memory: 14902923264 bytes (14212.54 MB)
write base data version: 608700, memory: 15047143424 bytes (14350.07 MB)
write base data version: 608800, memory: 15191691264 bytes (14487.93 MB)
write base data version: 608900, memory: 14815932416 bytes (14129.57 MB)
write base data version: 609000, memory: 14966067200 bytes (14272.75 MB)
write base data version: 609100, memory: 15108444160 bytes (14408.54 MB)
write base data version: 609200, memory: 14750117888 bytes (14066.81 MB)
write base data version: 609300, memory: 14898683904 bytes (14208.49 MB)
write base data version: 609400, memory: 15042125824 bytes (14345.29 MB)
write base data version: 609500, memory: 15187116032 bytes (14483.56 MB)
write base data version: 609600, memory: 14813184000 bytes (14126.95 MB)
write base data version: 609700, memory: 14958518272 bytes (14265.55 MB)
write base data version: 609800, memory: 15102730240 bytes (14403.09 MB)
write base data version: 609900, memory: 15244013568 bytes (14537.82 MB)
write base data version: 610000, memory: 14876725248 bytes (14187.55 MB)
write base data version: 610100, memory: 15022383104 bytes (14326.46 MB)
write base data version: 610200, memory: 15166951424 bytes (14464.33 MB)
write base data version: 610300, memory: 14792302592 bytes (14107.04 MB)
write base data version: 610400, memory: 14936006656 bytes (14244.09 MB)
write base data version: 610500, memory: 15080263680 bytes (14381.66 MB)
write base data version: 610600, memory: 15225700352 bytes (14520.36 MB)
write base data version: 610700, memory: 14851252224 bytes (14163.26 MB)
write base data version: 610800, memory: 14994763776 bytes (14300.12 MB)
write base data version: 610900, memory: 15139336192 bytes (14438.00 MB)
write base data version: 611000, memory: 14763835392 bytes (14079.89 MB)
write base data version: 611100, memory: 14908137472 bytes (14217.51 MB)
write base data version: 611200, memory: 15052558336 bytes (14355.24 MB)
write base data version: 611300, memory: 15205306368 bytes (14500.91 MB)
write base data version: 611400, memory: 14835474432 bytes (14148.21 MB)
write base data version: 611500, memory: 14984785920 bytes (14290.61 MB)
write base data version: 611600, memory: 15129210880 bytes (14428.34 MB)
write base data version: 611700, memory: 14753374208 bytes (14069.91 MB)
write base data version: 611800, memory: 14897938432 bytes (14207.78 MB)
write base data version: 611900, memory: 15045476352 bytes (14348.48 MB)
write base data version: 612000, memory: 15193841664 bytes (14489.98 MB)
write base data version: 612100, memory: 14827687936 bytes (14140.79 MB)
write base data version: 612200, memory: 14991822848 bytes (14297.32 MB)
write base data version: 612300, memory: 15134392320 bytes (14433.28 MB)
write base data version: 612400, memory: 15277867008 bytes (14570.11 MB)
write base data version: 612500, memory: 14903468032 bytes (14213.05 MB)
write base data version: 612600, memory: 15059877888 bytes (14362.22 MB)
write base data version: 612700, memory: 15205425152 bytes (14501.02 MB)
write base data version: 612800, memory: 14830964736 bytes (14143.91 MB)
write base data version: 612900, memory: 14971969536 bytes (14278.38 MB)
write base data version: 613000, memory: 15119503360 bytes (14419.08 MB)
write base data version: 613100, memory: 15263346688 bytes (14556.26 MB)
write base data version: 613200, memory: 14887759872 bytes (14198.07 MB)
write base data version: 613300, memory: 15031525376 bytes (14335.18 MB)
write base data version: 613400, memory: 15175819264 bytes (14472.79 MB)
write base data version: 613500, memory: 14807511040 bytes (14121.54 MB)
write base data version: 613600, memory: 14957232128 bytes (14264.33 MB)
write base data version: 613700, memory: 15107661824 bytes (14407.79 MB)
write base data version: 613800, memory: 15253553152 bytes (14546.92 MB)
write base data version: 613900, memory: 14877904896 bytes (14188.68 MB)
write base data version: 614000, memory: 15022206976 bytes (14326.29 MB)
write base data version: 614100, memory: 15167242240 bytes (14464.61 MB)
write base data version: 614200, memory: 15311425536 bytes (14602.11 MB)
write base data version: 614300, memory: 14937341952 bytes (14245.36 MB)
write base data version: 614400, memory: 15082528768 bytes (14383.82 MB)
write base data version: 614500, memory: 15226847232 bytes (14521.45 MB)
write base data version: 614600, memory: 14851207168 bytes (14163.21 MB)
write base data version: 614700, memory: 14996324352 bytes (14301.61 MB)
write base data version: 614800, memory: 15144300544 bytes (14442.73 MB)
write base data version: 614900, memory: 15289774080 bytes (14581.46 MB)
write base data version: 615000, memory: 14917419008 bytes (14226.36 MB)
write base data version: 615100, memory: 15061585920 bytes (14363.85 MB)
write base data version: 615200, memory: 15206080512 bytes (14501.65 MB)
write base data version: 615300, memory: 14830399488 bytes (14143.37 MB)
write base data version: 615400, memory: 14974156800 bytes (14280.47 MB)
write base data version: 615500, memory: 15117967360 bytes (14417.62 MB)
write base data version: 615600, memory: 15264260096 bytes (14557.13 MB)
write base data version: 615700, memory: 14903513088 bytes (14213.10 MB)
write base data version: 615800, memory: 15048486912 bytes (14351.36 MB)
write base data version: 615900, memory: 15192322048 bytes (14488.53 MB)
write base data version: 616000, memory: 15336361984 bytes (14625.89 MB)
write base data version: 616100, memory: 14960738304 bytes (14267.67 MB)
write base data version: 616200, memory: 15107104768 bytes (14407.26 MB)
write base data version: 616300, memory: 15254278144 bytes (14547.61 MB)
write base data version: 616400, memory: 14881783808 bytes (14192.38 MB)
write base data version: 616500, memory: 15026495488 bytes (14330.38 MB)
write base data version: 616600, memory: 15171121152 bytes (14468.31 MB)
write base data version: 616700, memory: 15315021824 bytes (14605.54 MB)
write base data version: 616800, memory: 14938877952 bytes (14246.82 MB)
write base data version: 616900, memory: 15086661632 bytes (14387.76 MB)
write base data version: 617000, memory: 15234658304 bytes (14528.90 MB)
write base data version: 617100, memory: 14863433728 bytes (14174.88 MB)
write base data version: 617200, memory: 15010369536 bytes (14315.00 MB)
write base data version: 617300, memory: 15155257344 bytes (14453.18 MB)
write base data version: 617400, memory: 15299735552 bytes (14590.96 MB)
write base data version: 617500, memory: 14923513856 bytes (14232.17 MB)
write base data version: 617600, memory: 15068078080 bytes (14370.04 MB)
write base data version: 617700, memory: 15211880448 bytes (14507.18 MB)
write base data version: 617800, memory: 15357046784 bytes (14645.62 MB)
write base data version: 617900, memory: 14981083136 bytes (14287.07 MB)
write base data version: 618000, memory: 15125884928 bytes (14425.17 MB)
write base data version: 618100, memory: 15270326272 bytes (14562.92 MB)
write base data version: 618200, memory: 14894215168 bytes (14204.23 MB)
write base data version: 618300, memory: 15038824448 bytes (14342.14 MB)
write base data version: 618400, memory: 15187042304 bytes (14483.49 MB)
write base data version: 618500, memory: 15336570880 bytes (14626.09 MB)
write base data version: 618600, memory: 14960603136 bytes (14267.54 MB)
write base data version: 618700, memory: 15103168512 bytes (14403.50 MB)
write base data version: 618800, memory: 15247966208 bytes (14541.59 MB)
write base data version: 618900, memory: 14872436736 bytes (14183.46 MB)
write base data version: 619000, memory: 15016660992 bytes (14321.00 MB)
write base data version: 619100, memory: 15161589760 bytes (14459.22 MB)
write base data version: 619200, memory: 15305961472 bytes (14596.90 MB)
write base data version: 619300, memory: 14931054592 bytes (14239.36 MB)
write base data version: 619400, memory: 15126147072 bytes (14425.42 MB)
write base data version: 619500, memory: 15216279552 bytes (14511.38 MB)
write base data version: 619600, memory: 15361232896 bytes (14649.61 MB)
write base data version: 619700, memory: 14986129408 bytes (14291.89 MB)
write base data version: 619800, memory: 15130566656 bytes (14429.63 MB)
write base data version: 619900, memory: 15278542848 bytes (14570.75 MB)
write base data version: 620000, memory: 14903263232 bytes (14212.86 MB)
write base data version: 620100, memory: 15044759552 bytes (14347.80 MB)
write base data version: 620200, memory: 15189520384 bytes (14485.86 MB)
write base data version: 620300, memory: 15334154240 bytes (14623.79 MB)
write base data version: 620400, memory: 14960103424 bytes (14267.07 MB)
write base data version: 620500, memory: 15106179072 bytes (14406.38 MB)
write base data version: 620600, memory: 15250202624 bytes (14543.73 MB)
write base data version: 620700, memory: 15403393024 bytes (14689.82 MB)
write base data version: 620800, memory: 15028379648 bytes (14332.18 MB)
write base data version: 620900, memory: 15172780032 bytes (14469.89 MB)
write base data version: 621000, memory: 15317495808 bytes (14607.90 MB)
write base data version: 621100, memory: 14942232576 bytes (14250.02 MB)
write base data version: 621200, memory: 15095246848 bytes (14395.95 MB)
write base data version: 621300, memory: 15239110656 bytes (14533.15 MB)
write base data version: 621400, memory: 15386648576 bytes (14673.85 MB)
write base data version: 621500, memory: 15011680256 bytes (14316.25 MB)
write base data version: 621600, memory: 15155531776 bytes (14453.44 MB)
write base data version: 621700, memory: 15300108288 bytes (14591.32 MB)
write base data version: 621800, memory: 14924886016 bytes (14233.48 MB)
write base data version: 621900, memory: 15069474816 bytes (14371.37 MB)
write base data version: 622000, memory: 15218638848 bytes (14513.62 MB)
write base data version: 622100, memory: 15362613248 bytes (14650.93 MB)
write base data version: 622200, memory: 14989664256 bytes (14295.26 MB)
write base data version: 622300, memory: 15143034880 bytes (14441.52 MB)
write base data version: 622400, memory: 15286759424 bytes (14578.59 MB)
write base data version: 622500, memory: 14910976000 bytes (14220.21 MB)
write base data version: 622600, memory: 15056830464 bytes (14359.31 MB)
write base data version: 622700, memory: 15203323904 bytes (14499.02 MB)
write base data version: 622800, memory: 15349190656 bytes (14638.13 MB)
write base data version: 622900, memory: 14989819904 bytes (14295.41 MB)
write base data version: 623000, memory: 15133151232 bytes (14432.10 MB)
write base data version: 623100, memory: 15278645248 bytes (14570.85 MB)
write base data version: 623200, memory: 15422582784 bytes (14708.12 MB)
write base data version: 623300, memory: 15047696384 bytes (14350.60 MB)
write base data version: 623400, memory: 15167721472 bytes (14465.07 MB)
write base data version: 623500, memory: 15314784256 bytes (14605.32 MB)
write base data version: 623600, memory: 14939471872 bytes (14247.39 MB)
write base data version: 623700, memory: 15083458560 bytes (14384.71 MB)
write base data version: 623800, memory: 15227621376 bytes (14522.19 MB)
write base data version: 623900, memory: 15371595776 bytes (14659.50 MB)
write base data version: 624000, memory: 14997413888 bytes (14302.65 MB)
write base data version: 624100, memory: 15145586688 bytes (14443.96 MB)
write base data version: 624200, memory: 15305363456 bytes (14596.33 MB)
write base data version: 624300, memory: 15458865152 bytes (14742.72 MB)
write base data version: 624400, memory: 15093600256 bytes (14394.38 MB)
write base data version: 624500, memory: 15237488640 bytes (14531.60 MB)
write base data version: 624600, memory: 15381913600 bytes (14669.34 MB)
write base data version: 624700, memory: 15004966912 bytes (14309.85 MB)
write base data version: 624800, memory: 15153999872 bytes (14451.98 MB)
write base data version: 624900, memory: 15303024640 bytes (14594.10 MB)
write base data version: 625000, memory: 15457296384 bytes (14741.23 MB)
write base data version: 625100, memory: 15092203520 bytes (14393.05 MB)
write base data version: 625200, memory: 15240773632 bytes (14534.73 MB)
write base data version: 625300, memory: 15385440256 bytes (14672.70 MB)
write base data version: 625400, memory: 15009849344 bytes (14314.51 MB)
write base data version: 625500, memory: 15154868224 bytes (14452.81 MB)
write base data version: 625600, memory: 15298867200 bytes (14590.14 MB)
write base data version: 625700, memory: 15443845120 bytes (14728.40 MB)
write base data version: 625800, memory: 15070760960 bytes (14372.60 MB)
write base data version: 625900, memory: 15213846528 bytes (14509.05 MB)
write base data version: 626000, memory: 15358431232 bytes (14646.94 MB)
write base data version: 626100, memory: 15503847424 bytes (14785.62 MB)
write base data version: 626200, memory: 15128059904 bytes (14427.24 MB)
write base data version: 626300, memory: 15275712512 bytes (14568.05 MB)
write base data version: 626400, memory: 15422685184 bytes (14708.22 MB)
write base data version: 626500, memory: 15047966720 bytes (14350.86 MB)
write base data version: 626600, memory: 15192973312 bytes (14489.15 MB)
write base data version: 626700, memory: 15338188800 bytes (14627.64 MB)
write base data version: 626800, memory: 15483297792 bytes (14766.02 MB)
write base data version: 626900, memory: 15108014080 bytes (14408.12 MB)
write base data version: 627000, memory: 15252013056 bytes (14545.45 MB)
write base data version: 627100, memory: 15396196352 bytes (14682.96 MB)
write base data version: 627200, memory: 15035330560 bytes (14338.81 MB)
write base data version: 627300, memory: 15180206080 bytes (14476.97 MB)
write base data version: 627400, memory: 15324463104 bytes (14614.55 MB)
write base data version: 627500, memory: 15468556288 bytes (14751.96 MB)
write base data version: 627600, memory: 15092641792 bytes (14393.46 MB)
write base data version: 627700, memory: 15237054464 bytes (14531.19 MB)
write base data version: 627800, memory: 15381520384 bytes (14668.96 MB)
write base data version: 627900, memory: 15525801984 bytes (14806.56 MB)
write base data version: 628000, memory: 15150575616 bytes (14448.71 MB)
write base data version: 628100, memory: 15293730816 bytes (14585.24 MB)
write base data version: 628200, memory: 15437262848 bytes (14722.12 MB)
write base data version: 628300, memory: 15062450176 bytes (14364.67 MB)
write base data version: 628400, memory: 15186546688 bytes (14483.02 MB)
write base data version: 628500, memory: 15304515584 bytes (14595.52 MB)
write base data version: 628600, memory: 15448838144 bytes (14733.16 MB)
write base data version: 628700, memory: 15074824192 bytes (14376.47 MB)
write base data version: 628800, memory: 15228809216 bytes (14523.32 MB)
write base data version: 628900, memory: 15388749824 bytes (14675.86 MB)
write base data version: 629000, memory: 15013158912 bytes (14317.66 MB)
write base data version: 629100, memory: 15146557440 bytes (14444.88 MB)
write base data version: 629200, memory: 15290810368 bytes (14582.45 MB)
write base data version: 629300, memory: 15435567104 bytes (14720.50 MB)
write base data version: 629400, memory: 15059881984 bytes (14362.22 MB)
write base data version: 629500, memory: 15205048320 bytes (14500.66 MB)
write base data version: 629600, memory: 15349047296 bytes (14637.99 MB)
write base data version: 629700, memory: 15493509120 bytes (14775.76 MB)
write base data version: 629800, memory: 15121702912 bytes (14421.18 MB)
write base data version: 629900, memory: 15279734784 bytes (14571.89 MB)
write base data version: 630000, memory: 15429332992 bytes (14714.56 MB)
write base data version: 630100, memory: 15053447168 bytes (14356.09 MB)
write base data version: 630200, memory: 15211098112 bytes (14506.43 MB)
write base data version: 630300, memory: 15357132800 bytes (14645.70 MB)
write base data version: 630400, memory: 15501619200 bytes (14783.50 MB)
write base data version: 630500, memory: 15125463040 bytes (14424.77 MB)
write base data version: 630600, memory: 15283806208 bytes (14575.77 MB)
write base data version: 630700, memory: 15427616768 bytes (14712.92 MB)
write base data version: 630800, memory: 15056494592 bytes (14358.99 MB)
write base data version: 630900, memory: 15206883328 bytes (14502.41 MB)
write base data version: 631000, memory: 15357509632 bytes (14646.06 MB)
write base data version: 631100, memory: 15500058624 bytes (14782.01 MB)
write base data version: 631200, memory: 15124733952 bytes (14424.07 MB)
write base data version: 631300, memory: 15269142528 bytes (14561.79 MB)
write base data version: 631400, memory: 15413800960 bytes (14699.75 MB)
write base data version: 631500, memory: 15560159232 bytes (14839.32 MB)
write base data version: 631600, memory: 15184699392 bytes (14481.26 MB)
write base data version: 631700, memory: 15329972224 bytes (14619.80 MB)
write base data version: 631800, memory: 15472984064 bytes (14756.19 MB)
write base data version: 631900, memory: 15098474496 bytes (14399.03 MB)
write base data version: 632000, memory: 15242960896 bytes (14536.82 MB)
write base data version: 632100, memory: 15387410432 bytes (14674.58 MB)
write base data version: 632200, memory: 15536517120 bytes (14816.78 MB)
write base data version: 632300, memory: 15167627264 bytes (14464.98 MB)
write base data version: 632400, memory: 15322533888 bytes (14612.71 MB)
write base data version: 632500, memory: 15467155456 bytes (14750.63 MB)
write base data version: 632600, memory: 15091892224 bytes (14392.75 MB)
write base data version: 632700, memory: 15235919872 bytes (14530.11 MB)
write base data version: 632800, memory: 15383072768 bytes (14670.44 MB)
write base data version: 632900, memory: 15539195904 bytes (14819.33 MB)
write base data version: 633000, memory: 15165853696 bytes (14463.29 MB)
write base data version: 633100, memory: 15308267520 bytes (14599.10 MB)
write base data version: 633200, memory: 15451885568 bytes (14736.07 MB)
write base data version: 633300, memory: 15596748800 bytes (14874.22 MB)
write base data version: 633400, memory: 15220293632 bytes (14515.20 MB)
write base data version: 633500, memory: 15367041024 bytes (14655.15 MB)
write base data version: 633600, memory: 15511863296 bytes (14793.27 MB)
write base data version: 633700, memory: 15149203456 bytes (14447.41 MB)
write base data version: 633800, memory: 15301767168 bytes (14592.90 MB)
write base data version: 633900, memory: 15431921664 bytes (14717.03 MB)
write base data version: 634000, memory: 15575126016 bytes (14853.60 MB)
write base data version: 634100, memory: 15199719424 bytes (14495.58 MB)
write base data version: 634200, memory: 15348289536 bytes (14637.27 MB)
write base data version: 634300, memory: 15492145152 bytes (14774.46 MB)
write base data version: 634400, memory: 15118544896 bytes (14418.17 MB)
write base data version: 634500, memory: 15260889088 bytes (14553.92 MB)
write base data version: 634600, memory: 15404396544 bytes (14690.78 MB)
write base data version: 634700, memory: 15549169664 bytes (14828.84 MB)
write base data version: 634800, memory: 15175667712 bytes (14472.64 MB)
write base data version: 634900, memory: 15322923008 bytes (14613.08 MB)
write base data version: 635000, memory: 15472402432 bytes (14755.63 MB)
write base data version: 635100, memory: 15625568256 bytes (14901.70 MB)
write base data version: 635200, memory: 15251062784 bytes (14544.55 MB)
write base data version: 635300, memory: 15395287040 bytes (14682.09 MB)
write base data version: 635400, memory: 15539691520 bytes (14819.80 MB)
write base data version: 635500, memory: 15163379712 bytes (14460.93 MB)
write base data version: 635600, memory: 15307911168 bytes (14598.76 MB)
write base data version: 635700, memory: 15452360704 bytes (14736.52 MB)
write base data version: 635800, memory: 15596519424 bytes (14874.00 MB)
write base data version: 635900, memory: 15223738368 bytes (14518.49 MB)
write base data version: 636000, memory: 15367847936 bytes (14655.92 MB)
write base data version: 636100, memory: 15511887872 bytes (14793.29 MB)
write base data version: 636200, memory: 15137927168 bytes (14436.65 MB)
write base data version: 636300, memory: 15282028544 bytes (14574.08 MB)
write base data version: 636400, memory: 15430819840 bytes (14715.98 MB)
write base data version: 636500, memory: 15575339008 bytes (14853.80 MB)
write base data version: 636600, memory: 15200964608 bytes (14496.77 MB)
write base data version: 636700, memory: 15345446912 bytes (14634.56 MB)
write base data version: 636800, memory: 15489744896 bytes (14772.17 MB)
write base data version: 636900, memory: 15116210176 bytes (14415.94 MB)
write base data version: 637000, memory: 15260917760 bytes (14553.95 MB)
write base data version: 637100, memory: 15398862848 bytes (14685.50 MB)
write base data version: 637200, memory: 15542689792 bytes (14822.66 MB)
write base data version: 637300, memory: 15171092480 bytes (14468.28 MB)
write base data version: 637400, memory: 15319248896 bytes (14609.57 MB)
write base data version: 637500, memory: 15463391232 bytes (14747.04 MB)
write base data version: 637600, memory: 15607398400 bytes (14884.38 MB)
write base data version: 637700, memory: 15232581632 bytes (14526.92 MB)
write base data version: 637800, memory: 15390343168 bytes (14677.38 MB)
write base data version: 637900, memory: 15536066560 bytes (14816.35 MB)
write base data version: 638000, memory: 15168434176 bytes (14465.75 MB)
write base data version: 638100, memory: 15312261120 bytes (14602.91 MB)
write base data version: 638200, memory: 15455371264 bytes (14739.39 MB)
write base data version: 638300, memory: 15600332800 bytes (14877.64 MB)
write base data version: 638400, memory: 15224750080 bytes (14519.45 MB)
write base data version: 638500, memory: 15372926976 bytes (14660.77 MB)
write base data version: 638600, memory: 15520989184 bytes (14801.97 MB)
write base data version: 638700, memory: 15673757696 bytes (14947.66 MB)
write base data version: 638800, memory: 15307243520 bytes (14598.12 MB)
write base data version: 638900, memory: 15456940032 bytes (14740.89 MB)
write base data version: 639000, memory: 15602946048 bytes (14880.13 MB)
write base data version: 639100, memory: 15227113472 bytes (14521.71 MB)
write base data version: 639200, memory: 15371579392 bytes (14659.48 MB)
write base data version: 639300, memory: 15516041216 bytes (14797.25 MB)
write base data version: 639400, memory: 15660077056 bytes (14934.61 MB)
write base data version: 639500, memory: 15284191232 bytes (14576.14 MB)
write base data version: 639600, memory: 15428907008 bytes (14714.15 MB)
write base data version: 639700, memory: 15573442560 bytes (14851.99 MB)
write base data version: 639800, memory: 15197151232 bytes (14493.13 MB)
write base data version: 639900, memory: 15342350336 bytes (14631.61 MB)
write base data version: 640000, memory: 15487000576 bytes (14769.55 MB)
write base data version: 640100, memory: 15631298560 bytes (14907.17 MB)
write base data version: 640200, memory: 15772753920 bytes (15042.07 MB)
write base data version: 640300, memory: 15397748736 bytes (14684.44 MB)
write base data version: 640400, memory: 15542747136 bytes (14822.72 MB)
write base data version: 640500, memory: 15687376896 bytes (14960.65 MB)
write base data version: 640600, memory: 15312064512 bytes (14602.72 MB)
write base data version: 640700, memory: 15466885120 bytes (14750.37 MB)
write base data version: 640800, memory: 15622811648 bytes (14899.07 MB)
write base data version: 640900, memory: 15256743936 bytes (14549.96 MB)
write base data version: 641000, memory: 15406231552 bytes (14692.53 MB)
write base data version: 641100, memory: 15550279680 bytes (14829.90 MB)
write base data version: 641200, memory: 15694258176 bytes (14967.21 MB)
write base data version: 641300, memory: 15318183936 bytes (14608.56 MB)
write base data version: 641400, memory: 15463391232 bytes (14747.04 MB)
write base data version: 641500, memory: 15617335296 bytes (14893.85 MB)
write base data version: 641600, memory: 15249014784 bytes (14542.59 MB)
write base data version: 641700, memory: 15393243136 bytes (14680.14 MB)
write base data version: 641800, memory: 15538032640 bytes (14818.22 MB)
write base data version: 641900, memory: 15682191360 bytes (14955.70 MB)
write base data version: 642000, memory: 15306661888 bytes (14597.57 MB)
write base data version: 642100, memory: 15451807744 bytes (14735.99 MB)
write base data version: 642200, memory: 15593840640 bytes (14871.45 MB)
write base data version: 642300, memory: 15748046848 bytes (15018.51 MB)
write base data version: 642400, memory: 15379238912 bytes (14666.79 MB)
write base data version: 642500, memory: 15524012032 bytes (14804.85 MB)
write base data version: 642600, memory: 15668236288 bytes (14942.39 MB)
write base data version: 642700, memory: 15291883520 bytes (14583.48 MB)
write base data version: 642800, memory: 15439278080 bytes (14724.04 MB)
write base data version: 642900, memory: 15584972800 bytes (14862.99 MB)
write base data version: 643000, memory: 15730950144 bytes (15002.20 MB)
write base data version: 643100, memory: 15367315456 bytes (14655.41 MB)
write base data version: 643200, memory: 15517110272 bytes (14798.27 MB)
write base data version: 643300, memory: 15677194240 bytes (14950.94 MB)
write base data version: 643400, memory: 15305359360 bytes (14596.33 MB)
write base data version: 643500, memory: 15449231360 bytes (14733.54 MB)
write base data version: 643600, memory: 15598551040 bytes (14875.94 MB)
write base data version: 643700, memory: 15740010496 bytes (15010.84 MB)
write base data version: 643800, memory: 15364505600 bytes (14652.73 MB)
write base data version: 643900, memory: 15508697088 bytes (14790.25 MB)
write base data version: 644000, memory: 15652945920 bytes (14927.81 MB)
write base data version: 644100, memory: 15797825536 bytes (15065.98 MB)
write base data version: 644200, memory: 15424782336 bytes (14710.22 MB)
write base data version: 644300, memory: 15579996160 bytes (14858.24 MB)
write base data version: 644400, memory: 15724957696 bytes (14996.49 MB)
write base data version: 644500, memory: 15352250368 bytes (14641.05 MB)
write base data version: 644600, memory: 15496302592 bytes (14778.43 MB)
write base data version: 644700, memory: 15637053440 bytes (14912.66 MB)
write base data version: 644800, memory: 15785390080 bytes (15054.12 MB)
write base data version: 644900, memory: 15411281920 bytes (14697.34 MB)
write base data version: 645000, memory: 15556194304 bytes (14835.54 MB)
write base data version: 645100, memory: 15702847488 bytes (14975.40 MB)
write base data version: 645200, memory: 15339061248 bytes (14628.47 MB)
write base data version: 645300, memory: 15483170816 bytes (14765.90 MB)
write base data version: 645400, memory: 15627276288 bytes (14903.33 MB)
write base data version: 645500, memory: 15772020736 bytes (15041.37 MB)
write base data version: 645600, memory: 15395774464 bytes (14682.55 MB)
write base data version: 645700, memory: 15543029760 bytes (14822.99 MB)
write base data version: 645800, memory: 15686918144 bytes (14960.21 MB)
write base data version: 645900, memory: 15822176256 bytes (15089.20 MB)
write base data version: 646000, memory: 15451693056 bytes (14735.88 MB)
write base data version: 646100, memory: 15591628800 bytes (14869.34 MB)
write base data version: 646200, memory: 15747526656 bytes (15018.01 MB)
write base data version: 646300, memory: 15372574720 bytes (14660.43 MB)
write base data version: 646400, memory: 15515488256 bytes (14796.72 MB)
write base data version: 646500, memory: 15660830720 bytes (14935.33 MB)
write base data version: 646600, memory: 15801380864 bytes (15069.37 MB)
write base data version: 646700, memory: 15426781184 bytes (14712.12 MB)
write base data version: 646800, memory: 15572742144 bytes (14851.32 MB)
write base data version: 646900, memory: 15717933056 bytes (14989.79 MB)
write base data version: 647000, memory: 15344562176 bytes (14633.71 MB)
write base data version: 647100, memory: 15487971328 bytes (14770.48 MB)
write base data version: 647200, memory: 15644864512 bytes (14920.11 MB)
write base data version: 647300, memory: 15788683264 bytes (15057.26 MB)
write base data version: 647400, memory: 15431933952 bytes (14717.04 MB)
write base data version: 647500, memory: 15578193920 bytes (14856.52 MB)
write base data version: 647600, memory: 15722356736 bytes (14994.01 MB)
write base data version: 647700, memory: 15866949632 bytes (15131.90 MB)
write base data version: 647800, memory: 15501455360 bytes (14783.34 MB)
write base data version: 647900, memory: 15645798400 bytes (14921.00 MB)
write base data version: 648000, memory: 15796187136 bytes (15064.42 MB)
write base data version: 648100, memory: 15430197248 bytes (14715.38 MB)
write base data version: 648200, memory: 15584534528 bytes (14862.57 MB)
write base data version: 648300, memory: 15728734208 bytes (15000.09 MB)
write base data version: 648400, memory: 15873216512 bytes (15137.88 MB)
write base data version: 648500, memory: 15497494528 bytes (14779.56 MB)
write base data version: 648600, memory: 15642853376 bytes (14918.19 MB)
write base data version: 648700, memory: 15788261376 bytes (15056.86 MB)
write base data version: 648800, memory: 15412547584 bytes (14698.55 MB)
write base data version: 648900, memory: 15556325376 bytes (14835.67 MB)
write base data version: 649000, memory: 15700107264 bytes (14972.79 MB)
write base data version: 649100, memory: 15844495360 bytes (15110.49 MB)
write base data version: 649200, memory: 15473053696 bytes (14756.25 MB)
write base data version: 649300, memory: 15627538432 bytes (14903.58 MB)
write base data version: 649400, memory: 15771549696 bytes (15040.92 MB)
write base data version: 649500, memory: 15927382016 bytes (15189.54 MB)
write base data version: 649600, memory: 15560163328 bytes (14839.33 MB)
write base data version: 649700, memory: 15709622272 bytes (14981.86 MB)
write base data version: 649800, memory: 15853867008 bytes (15119.43 MB)
write base data version: 649900, memory: 15477649408 bytes (14760.64 MB)
write base data version: 650000, memory: 15626006528 bytes (14902.12 MB)
write base data version: 650100, memory: 15774531584 bytes (15043.77 MB)
write base data version: 650200, memory: 15919812608 bytes (15182.32 MB)
write base data version: 650300, memory: 15543865344 bytes (14823.79 MB)
write base data version: 650400, memory: 15688105984 bytes (14961.34 MB)
write base data version: 650500, memory: 15833071616 bytes (15099.59 MB)
write base data version: 650600, memory: 15457300480 bytes (14741.23 MB)
write base data version: 650700, memory: 15601319936 bytes (14878.58 MB)
write base data version: 650800, memory: 15745236992 bytes (15015.83 MB)
write base data version: 650900, memory: 15889137664 bytes (15153.06 MB)
write base data version: 651000, memory: 15527604224 bytes (14808.28 MB)
write base data version: 651100, memory: 15677767680 bytes (14951.48 MB)
write base data version: 651200, memory: 15823036416 bytes (15090.02 MB)
write base data version: 651300, memory: 15967461376 bytes (15227.76 MB)
write base data version: 651400, memory: 15592513536 bytes (14870.18 MB)
write base data version: 651500, memory: 15736918016 bytes (15007.89 MB)
write base data version: 651600, memory: 15881445376 bytes (15145.73 MB)
write base data version: 651700, memory: 15507623936 bytes (14789.22 MB)
write base data version: 651800, memory: 15652716544 bytes (14927.59 MB)
write base data version: 651900, memory: 15792369664 bytes (15060.78 MB)
write base data version: 652000, memory: 15941644288 bytes (15203.14 MB)
write base data version: 652100, memory: 15568191488 bytes (14846.98 MB)
write base data version: 652200, memory: 15723188224 bytes (14994.80 MB)
write base data version: 652300, memory: 15866404864 bytes (15131.38 MB)
write base data version: 652400, memory: 15490838528 bytes (14773.21 MB)
write base data version: 652500, memory: 15634952192 bytes (14910.65 MB)
write base data version: 652600, memory: 15753428992 bytes (15023.64 MB)
write base data version: 652700, memory: 15898099712 bytes (15161.61 MB)
write base data version: 652800, memory: 15524274176 bytes (14805.10 MB)
write base data version: 652900, memory: 15661694976 bytes (14936.16 MB)
write base data version: 653000, memory: 15805558784 bytes (15073.36 MB)
write base data version: 653100, memory: 15953309696 bytes (15214.26 MB)
write base data version: 653200, memory: 15578361856 bytes (14856.68 MB)
write base data version: 653300, memory: 15721889792 bytes (14993.56 MB)
write base data version: 653400, memory: 15865405440 bytes (15130.43 MB)
write base data version: 653500, memory: 15489425408 bytes (14771.87 MB)
write base data version: 653600, memory: 15634456576 bytes (14910.18 MB)
write base data version: 653700, memory: 15780487168 bytes (15049.45 MB)
write base data version: 653800, memory: 15924449280 bytes (15186.74 MB)
write base data version: 653900, memory: 15548448768 bytes (14828.16 MB)
write base data version: 654000, memory: 15692849152 bytes (14965.87 MB)
write base data version: 654100, memory: 15837016064 bytes (15103.36 MB)
write base data version: 654200, memory: 15461871616 bytes (14745.59 MB)
write base data version: 654300, memory: 15608647680 bytes (14885.57 MB)
write base data version: 654400, memory: 15761383424 bytes (15031.23 MB)
write base data version: 654500, memory: 15917219840 bytes (15179.84 MB)
write base data version: 654600, memory: 15548186624 bytes (14827.91 MB)
write base data version: 654700, memory: 15698419712 bytes (14971.18 MB)
write base data version: 654800, memory: 15842545664 bytes (15108.63 MB)
write base data version: 654900, memory: 15986581504 bytes (15245.99 MB)
write base data version: 655000, memory: 15612370944 bytes (14889.12 MB)
write base data version: 655100, memory: 15756128256 bytes (15026.21 MB)
write base data version: 655200, memory: 15907008512 bytes (15170.11 MB)
write base data version: 655300, memory: 15542984704 bytes (14822.95 MB)
write base data version: 655400, memory: 15691165696 bytes (14964.26 MB)
write base data version: 655500, memory: 15834517504 bytes (15100.97 MB)
write base data version: 655600, memory: 15979159552 bytes (15238.91 MB)
write base data version: 655700, memory: 15605485568 bytes (14882.55 MB)
write base data version: 655800, memory: 15748984832 bytes (15019.40 MB)
write base data version: 655900, memory: 15897825280 bytes (15161.35 MB)
write base data version: 656000, memory: 15529992192 bytes (14810.55 MB)
write base data version: 656100, memory: 15673618432 bytes (14947.53 MB)
write base data version: 656200, memory: 15818706944 bytes (15085.89 MB)
write base data version: 656300, memory: 15962718208 bytes (15223.23 MB)
write base data version: 656400, memory: 15589076992 bytes (14866.90 MB)
write base data version: 656500, memory: 15733317632 bytes (15004.46 MB)
write base data version: 656600, memory: 15877185536 bytes (15141.66 MB)
write base data version: 656700, memory: 16021569536 bytes (15279.36 MB)
write base data version: 656800, memory: 15646322688 bytes (14921.50 MB)
write base data version: 656900, memory: 15790886912 bytes (15059.36 MB)
write base data version: 657000, memory: 15935397888 bytes (15197.18 MB)
write base data version: 657100, memory: 15559602176 bytes (14838.79 MB)
write base data version: 657200, memory: 15706177536 bytes (14978.58 MB)
write base data version: 657300, memory: 15850074112 bytes (15115.81 MB)
write base data version: 657400, memory: 15995465728 bytes (15254.46 MB)
write base data version: 657500, memory: 15619788800 bytes (14896.19 MB)
write base data version: 657600, memory: 15763931136 bytes (15033.66 MB)
write base data version: 657700, memory: 15908769792 bytes (15171.79 MB)
write base data version: 657800, memory: 15532740608 bytes (14813.18 MB)
write base data version: 657900, memory: 15676502016 bytes (14950.28 MB)
write base data version: 658000, memory: 15819534336 bytes (15086.68 MB)
write base data version: 658100, memory: 15963242496 bytes (15223.73 MB)
write base data version: 658200, memory: 15587610624 bytes (14865.50 MB)
write base data version: 658300, memory: 15732719616 bytes (15003.89 MB)
write base data version: 658400, memory: 15877873664 bytes (15142.32 MB)
write base data version: 658500, memory: 16022028288 bytes (15279.80 MB)
write base data version: 658600, memory: 15643979776 bytes (14919.26 MB)
write base data version: 658700, memory: 15783321600 bytes (15052.15 MB)
write base data version: 658800, memory: 15933231104 bytes (15195.11 MB)
write base data version: 658900, memory: 15558774784 bytes (14838.00 MB)
write base data version: 659000, memory: 15703015424 bytes (14975.56 MB)
write base data version: 659100, memory: 15848054784 bytes (15113.88 MB)
write base data version: 659200, memory: 15992623104 bytes (15251.75 MB)
write base data version: 659300, memory: 15616655360 bytes (14893.20 MB)
write base data version: 659400, memory: 15768006656 bytes (15037.54 MB)
write base data version: 659500, memory: 15916744704 bytes (15179.39 MB)
write base data version: 659600, memory: 15546052608 bytes (14825.87 MB)
write base data version: 659700, memory: 15696535552 bytes (14969.38 MB)
write base data version: 659800, memory: 15841038336 bytes (15107.19 MB)
write base data version: 659900, memory: 15985274880 bytes (15244.75 MB)
write base data version: 660000, memory: 15609724928 bytes (14886.59 MB)
write base data version: 660100, memory: 15757946880 bytes (15027.95 MB)
write base data version: 660200, memory: 15906291712 bytes (15169.42 MB)
write base data version: 660300, memory: 16055975936 bytes (15312.17 MB)
write base data version: 660400, memory: 15680098304 bytes (14953.71 MB)
write base data version: 660500, memory: 15824687104 bytes (15091.60 MB)
write base data version: 660600, memory: 15968903168 bytes (15229.13 MB)
write base data version: 660700, memory: 15593115648 bytes (14870.75 MB)
write base data version: 660800, memory: 15736745984 bytes (15007.73 MB)
write base data version: 660900, memory: 15880298496 bytes (15144.63 MB)
write base data version: 661000, memory: 16029593600 bytes (15287.01 MB)
write base data version: 661100, memory: 15654625280 bytes (14929.41 MB)
write base data version: 661200, memory: 15798886400 bytes (15066.99 MB)
write base data version: 661300, memory: 15943008256 bytes (15204.44 MB)
write base data version: 661400, memory: 15569928192 bytes (14848.64 MB)
write base data version: 661500, memory: 15713632256 bytes (14985.69 MB)
write base data version: 661600, memory: 15867846656 bytes (15132.76 MB)
write base data version: 661700, memory: 16013488128 bytes (15271.65 MB)
write base data version: 661800, memory: 15643504640 bytes (14918.81 MB)
write base data version: 661900, memory: 15786012672 bytes (15054.71 MB)
write base data version: 662000, memory: 15930454016 bytes (15192.46 MB)
write base data version: 662100, memory: 16076648448 bytes (15331.89 MB)
write base data version: 662200, memory: 15703101440 bytes (14975.64 MB)
write base data version: 662300, memory: 15850094592 bytes (15115.83 MB)
write base data version: 662400, memory: 15993573376 bytes (15252.66 MB)
write base data version: 662500, memory: 15619682304 bytes (14896.09 MB)
write base data version: 662600, memory: 15763771392 bytes (15033.50 MB)
write base data version: 662700, memory: 15907762176 bytes (15170.82 MB)
write base data version: 662800, memory: 16052088832 bytes (15308.46 MB)
write base data version: 662900, memory: 15675219968 bytes (14949.05 MB)
write base data version: 663000, memory: 15819300864 bytes (15086.46 MB)
write base data version: 663100, memory: 15966076928 bytes (15226.44 MB)
write base data version: 663200, memory: 15592177664 bytes (14869.86 MB)
write base data version: 663300, memory: 15735066624 bytes (15006.13 MB)
write base data version: 663400, memory: 15879725056 bytes (15144.09 MB)
write base data version: 663500, memory: 16023834624 bytes (15281.52 MB)
write base data version: 663600, memory: 15647789056 bytes (14922.89 MB)
write base data version: 663700, memory: 15793618944 bytes (15061.97 MB)
write base data version: 663800, memory: 15937191936 bytes (15198.89 MB)
write base data version: 663900, memory: 16082530304 bytes (15337.50 MB)
write base data version: 664000, memory: 15706484736 bytes (14978.87 MB)
write base data version: 664100, memory: 15850143744 bytes (15115.88 MB)
write base data version: 664200, memory: 16003674112 bytes (15262.29 MB)
write base data version: 664300, memory: 15627829248 bytes (14903.86 MB)
write base data version: 664400, memory: 15772028928 bytes (15041.38 MB)
write base data version: 664500, memory: 15916302336 bytes (15178.97 MB)
write base data version: 664600, memory: 16068902912 bytes (15324.50 MB)
write base data version: 664700, memory: 15692972032 bytes (14965.98 MB)
write base data version: 664800, memory: 15838175232 bytes (15104.46 MB)
write base data version: 664900, memory: 15982592000 bytes (15242.19 MB)
write base data version: 665000, memory: 15606808576 bytes (14883.81 MB)
write base data version: 665100, memory: 15750664192 bytes (15021.00 MB)
write base data version: 665200, memory: 15894769664 bytes (15158.43 MB)
write base data version: 665300, memory: 16038645760 bytes (15295.64 MB)
write base data version: 665400, memory: 15662542848 bytes (14936.96 MB)
write base data version: 665500, memory: 15806484480 bytes (15074.24 MB)
write base data version: 665600, memory: 15946850304 bytes (15208.10 MB)
write base data version: 665700, memory: 16096124928 bytes (15350.46 MB)
write base data version: 665800, memory: 15721840640 bytes (14993.52 MB)
write base data version: 665900, memory: 15866417152 bytes (15131.39 MB)
write base data version: 666000, memory: 16010657792 bytes (15268.95 MB)
write base data version: 666100, memory: 15641972736 bytes (14917.35 MB)
write base data version: 666200, memory: 15786561536 bytes (15055.24 MB)
write base data version: 666300, memory: 15930929152 bytes (15192.92 MB)
write base data version: 666400, memory: 16075411456 bytes (15330.71 MB)
write base data version: 666500, memory: 15699783680 bytes (14972.48 MB)
write base data version: 666600, memory: 15843262464 bytes (15109.31 MB)
write base data version: 666700, memory: 15985639424 bytes (15245.09 MB)
write base data version: 666800, memory: 15611609088 bytes (14888.39 MB)
write base data version: 666900, memory: 15756992512 bytes (15027.04 MB)
write base data version: 667000, memory: 15899762688 bytes (15163.20 MB)
write base data version: 667100, memory: 16043716608 bytes (15300.48 MB)
write base data version: 667200, memory: 15667609600 bytes (14941.80 MB)
write base data version: 667300, memory: 15813132288 bytes (15080.58 MB)
write base data version: 667400, memory: 15959023616 bytes (15219.71 MB)
write base data version: 667500, memory: 16103059456 bytes (15357.07 MB)
write base data version: 667600, memory: 15734251520 bytes (15005.35 MB)
write base data version: 667700, memory: 15878856704 bytes (15143.26 MB)
write base data version: 667800, memory: 16023183360 bytes (15280.90 MB)
write base data version: 667900, memory: 15647195136 bytes (14922.33 MB)
write base data version: 668000, memory: 15791587328 bytes (15060.03 MB)
write base data version: 668100, memory: 15936659456 bytes (15198.38 MB)
write base data version: 668200, memory: 16081825792 bytes (15336.82 MB)
write base data version: 668300, memory: 15706075136 bytes (14978.48 MB)
write base data version: 668400, memory: 15849689088 bytes (15115.44 MB)
write base data version: 668500, memory: 15994327040 bytes (15253.38 MB)
write base data version: 668600, memory: 15620853760 bytes (14897.21 MB)
write base data version: 668700, memory: 15766077440 bytes (15035.70 MB)
write base data version: 668800, memory: 15915499520 bytes (15178.20 MB)
write base data version: 668900, memory: 16059793408 bytes (15315.81 MB)
write base data version: 669000, memory: 15683284992 bytes (14956.75 MB)
write base data version: 669100, memory: 15827152896 bytes (15093.95 MB)
write base data version: 669200, memory: 15971594240 bytes (15231.70 MB)
write base data version: 669300, memory: 16116023296 bytes (15369.44 MB)
write base data version: 669400, memory: 15742722048 bytes (15013.43 MB)
write base data version: 669500, memory: 15888949248 bytes (15152.88 MB)
write base data version: 669600, memory: 16034467840 bytes (15291.66 MB)
write base data version: 669700, memory: 15670149120 bytes (14944.22 MB)
write base data version: 669800, memory: 15813373952 bytes (15080.81 MB)
write base data version: 669900, memory: 15956377600 bytes (15217.19 MB)
write base data version: 670000, memory: 16100904960 bytes (15355.02 MB)
write base data version: 670100, memory: 15726309376 bytes (14997.78 MB)
write base data version: 670200, memory: 15880458240 bytes (15144.79 MB)
write base data version: 670300, memory: 16027410432 bytes (15284.93 MB)
write base data version: 670400, memory: 15663321088 bytes (14937.71 MB)
write base data version: 670500, memory: 15820193792 bytes (15087.31 MB)
write base data version: 670600, memory: 15966773248 bytes (15227.10 MB)
write base data version: 670700, memory: 16111443968 bytes (15365.07 MB)
write base data version: 670800, memory: 15735709696 bytes (15006.74 MB)
write base data version: 670900, memory: 15882682368 bytes (15146.91 MB)
write base data version: 671000, memory: 16028700672 bytes (15286.16 MB)
write base data version: 671100, memory: 16174743552 bytes (15425.44 MB)
write base data version: 671200, memory: 15808339968 bytes (15076.01 MB)
write base data version: 671300, memory: 15952633856 bytes (15213.62 MB)
write base data version: 671400, memory: 16097136640 bytes (15351.43 MB)
write base data version: 671500, memory: 15721185280 bytes (14992.89 MB)
write base data version: 671600, memory: 15864942592 bytes (15129.99 MB)
write base data version: 671700, memory: 16010518528 bytes (15268.82 MB)
write base data version: 671800, memory: 16161361920 bytes (15412.68 MB)
write base data version: 671900, memory: 15787671552 bytes (15056.30 MB)
write base data version: 672000, memory: 15928430592 bytes (15190.54 MB)
write base data version: 672100, memory: 16077385728 bytes (15332.59 MB)
write base data version: 672200, memory: 15703175168 bytes (14975.71 MB)
write base data version: 672300, memory: 15847608320 bytes (15113.46 MB)
write base data version: 672400, memory: 15993991168 bytes (15253.06 MB)
write base data version: 672500, memory: 16149348352 bytes (15401.22 MB)
write base data version: 672600, memory: 15773327360 bytes (15042.62 MB)
write base data version: 672700, memory: 15918182400 bytes (15180.76 MB)
write base data version: 672800, memory: 16062451712 bytes (15318.35 MB)
write base data version: 672900, memory: 16206888960 bytes (15456.09 MB)
write base data version: 673000, memory: 15830835200 bytes (15097.46 MB)
write base data version: 673100, memory: 15979806720 bytes (15239.53 MB)
write base data version: 673200, memory: 16119771136 bytes (15373.01 MB)
write base data version: 673300, memory: 15760723968 bytes (15030.60 MB)
write base data version: 673400, memory: 15912660992 bytes (15175.50 MB)
write base data version: 673500, memory: 16066408448 bytes (15322.12 MB)
write base data version: 673600, memory: 16218763264 bytes (15467.42 MB)
write base data version: 673700, memory: 15843381248 bytes (15109.43 MB)
write base data version: 673800, memory: 15988207616 bytes (15247.54 MB)
write base data version: 673900, memory: 16132145152 bytes (15384.81 MB)
write base data version: 674000, memory: 15756009472 bytes (15026.10 MB)
write base data version: 674100, memory: 15899852800 bytes (15163.28 MB)
write base data version: 674200, memory: 16044113920 bytes (15300.86 MB)
write base data version: 674300, memory: 16188321792 bytes (15438.39 MB)
write base data version: 674400, memory: 15812657152 bytes (15080.12 MB)
write base data version: 674500, memory: 15957241856 bytes (15218.01 MB)
write base data version: 674600, memory: 16101355520 bytes (15355.45 MB)
write base data version: 674700, memory: 16248020992 bytes (15495.32 MB)
write base data version: 674800, memory: 15893594112 bytes (15157.31 MB)
write base data version: 674900, memory: 16056061952 bytes (15312.25 MB)
write base data version: 675000, memory: 16200265728 bytes (15449.78 MB)
write base data version: 675100, memory: 15824523264 bytes (15091.44 MB)
write base data version: 675200, memory: 15969013760 bytes (15229.24 MB)
write base data version: 675300, memory: 16118312960 bytes (15371.62 MB)
write base data version: 675400, memory: 16262774784 bytes (15509.39 MB)
write base data version: 675500, memory: 15887462400 bytes (15151.46 MB)
write base data version: 675600, memory: 16031305728 bytes (15288.64 MB)
write base data version: 675700, memory: 16175669248 bytes (15426.32 MB)
write base data version: 675800, memory: 15800573952 bytes (15068.60 MB)
write base data version: 675900, memory: 15944704000 bytes (15206.05 MB)
write base data version: 676000, memory: 16090513408 bytes (15345.11 MB)
write base data version: 676100, memory: 16236724224 bytes (15484.55 MB)
write base data version: 676200, memory: 15861059584 bytes (15126.29 MB)
write base data version: 676300, memory: 16007413760 bytes (15265.86 MB)
write base data version: 676400, memory: 16148590592 bytes (15400.50 MB)
write base data version: 676500, memory: 16293277696 bytes (15538.48 MB)
write base data version: 676600, memory: 15917314048 bytes (15179.93 MB)
write base data version: 676700, memory: 16062500864 bytes (15318.39 MB)
write base data version: 676800, memory: 16206848000 bytes (15456.05 MB)
write base data version: 676900, memory: 15838031872 bytes (15104.32 MB)
write base data version: 677000, memory: 15982870528 bytes (15242.45 MB)
write base data version: 677100, memory: 16127721472 bytes (15380.59 MB)
write base data version: 677200, memory: 16271884288 bytes (15518.08 MB)
write base data version: 677300, memory: 15895662592 bytes (15159.29 MB)
write base data version: 677400, memory: 16045772800 bytes (15302.44 MB)
write base data version: 677500, memory: 16194392064 bytes (15444.18 MB)
write base data version: 677600, memory: 15824838656 bytes (15091.74 MB)
write base data version: 677700, memory: 15996137472 bytes (15255.11 MB)
write base data version: 677800, memory: 16140173312 bytes (15392.47 MB)
write base data version: 677900, memory: 16284880896 bytes (15530.47 MB)
write base data version: 678000, memory: 15909122048 bytes (15172.12 MB)
write base data version: 678100, memory: 16053551104 bytes (15309.86 MB)
write base data version: 678200, memory: 16203366400 bytes (15452.73 MB)
write base data version: 678300, memory: 16356499456 bytes (15598.77 MB)
write base data version: 678400, memory: 15992520704 bytes (15251.66 MB)
write base data version: 678500, memory: 16136810496 bytes (15389.26 MB)
write base data version: 678600, memory: 16281268224 bytes (15527.03 MB)
write base data version: 678700, memory: 15905128448 bytes (15168.31 MB)
write base data version: 678800, memory: 16067661824 bytes (15323.32 MB)
write base data version: 678900, memory: 16212471808 bytes (15461.42 MB)
write base data version: 679000, memory: 16357134336 bytes (15599.38 MB)
write base data version: 679100, memory: 15981277184 bytes (15240.93 MB)
write base data version: 679200, memory: 16125689856 bytes (15378.66 MB)
write base data version: 679300, memory: 16270147584 bytes (15516.42 MB)
write base data version: 679400, memory: 15894282240 bytes (15157.97 MB)
write base data version: 679500, memory: 16043819008 bytes (15300.58 MB)
write base data version: 679600, memory: 16200503296 bytes (15450.00 MB)
write base data version: 679700, memory: 16353869824 bytes (15596.27 MB)
write base data version: 679800, memory: 15984599040 bytes (15244.10 MB)
write base data version: 679900, memory: 16128700416 bytes (15381.53 MB)
write base data version: 680000, memory: 16273076224 bytes (15519.21 MB)
write base data version: 680100, memory: 16417234944 bytes (15656.70 MB)
write base data version: 680200, memory: 16041177088 bytes (15298.06 MB)
write base data version: 680300, memory: 16184778752 bytes (15435.01 MB)
write base data version: 680400, memory: 16328728576 bytes (15572.29 MB)
write base data version: 680500, memory: 15954829312 bytes (15215.71 MB)
write base data version: 680600, memory: 16099024896 bytes (15353.23 MB)
write base data version: 680700, memory: 16243376128 bytes (15490.89 MB)
write base data version: 680800, memory: 16387715072 bytes (15628.54 MB)
write base data version: 680900, memory: 16014082048 bytes (15272.22 MB)
write base data version: 681000, memory: 16159494144 bytes (15410.89 MB)
write base data version: 681100, memory: 16303616000 bytes (15548.34 MB)
write base data version: 681200, memory: 16444268544 bytes (15682.48 MB)
write base data version: 681300, memory: 16070598656 bytes (15326.12 MB)
write base data version: 681400, memory: 16214315008 bytes (15463.18 MB)
write base data version: 681500, memory: 16358686720 bytes (15600.86 MB)
write base data version: 681600, memory: 15986204672 bytes (15245.63 MB)
write base data version: 681700, memory: 16131923968 bytes (15384.60 MB)
write base data version: 681800, memory: 16276250624 bytes (15522.24 MB)
write base data version: 681900, memory: 16420978688 bytes (15660.27 MB)
write base data version: 682000, memory: 16049598464 bytes (15306.09 MB)
write base data version: 682100, memory: 16195702784 bytes (15445.43 MB)
write base data version: 682200, memory: 16340078592 bytes (15583.11 MB)
write base data version: 682300, memory: 16481816576 bytes (15718.29 MB)
write base data version: 682400, memory: 16109486080 bytes (15363.20 MB)
write base data version: 682500, memory: 16253911040 bytes (15500.94 MB)
write base data version: 682600, memory: 16397901824 bytes (15638.26 MB)
write base data version: 682700, memory: 16027877376 bytes (15285.38 MB)
write base data version: 682800, memory: 16170725376 bytes (15421.61 MB)
write base data version: 682900, memory: 16315359232 bytes (15559.54 MB)
write base data version: 683000, memory: 15940128768 bytes (15201.69 MB)
write base data version: 683100, memory: 16084873216 bytes (15339.73 MB)
write base data version: 683200, memory: 16229466112 bytes (15477.62 MB)
write base data version: 683300, memory: 16374423552 bytes (15615.87 MB)
write base data version: 683400, memory: 16000110592 bytes (15258.89 MB)
write base data version: 683500, memory: 16145293312 bytes (15397.35 MB)
write base data version: 683600, memory: 16304214016 bytes (15548.91 MB)
write base data version: 683700, memory: 16448036864 bytes (15686.07 MB)
write base data version: 683800, memory: 16072712192 bytes (15328.13 MB)
write base data version: 683900, memory: 16219258880 bytes (15467.89 MB)
write base data version: 684000, memory: 16362848256 bytes (15604.83 MB)
write base data version: 684100, memory: 15998779392 bytes (15257.62 MB)
write base data version: 684200, memory: 16143085568 bytes (15395.25 MB)
write base data version: 684300, memory: 16288120832 bytes (15533.56 MB)
write base data version: 684400, memory: 16432742400 bytes (15671.48 MB)
write base data version: 684500, memory: 16056451072 bytes (15312.62 MB)
write base data version: 684600, memory: 16204419072 bytes (15453.74 MB)
write base data version: 684700, memory: 16348147712 bytes (15590.81 MB)
write base data version: 684800, memory: 15984410624 bytes (15243.92 MB)
write base data version: 684900, memory: 16128610304 bytes (15381.44 MB)
write base data version: 685000, memory: 16273199104 bytes (15519.33 MB)
write base data version: 685100, memory: 16417599488 bytes (15657.04 MB)
write base data version: 685200, memory: 16041730048 bytes (15298.59 MB)
write base data version: 685300, memory: 16185606144 bytes (15435.80 MB)
write base data version: 685400, memory: 16328949760 bytes (15572.50 MB)
write base data version: 685500, memory: 16473239552 bytes (15710.11 MB)
write base data version: 685600, memory: 16101199872 bytes (15355.30 MB)
write base data version: 685700, memory: 16245620736 bytes (15493.03 MB)
write base data version: 685800, memory: 16397283328 bytes (15637.67 MB)
write base data version: 685900, memory: 16021905408 bytes (15279.68 MB)
write base data version: 686000, memory: 16168189952 bytes (15419.19 MB)
write base data version: 686100, memory: 16312655872 bytes (15556.96 MB)
write base data version: 686200, memory: 16456798208 bytes (15694.43 MB)
write base data version: 686300, memory: 16082698240 bytes (15337.66 MB)
write base data version: 686400, memory: 16227135488 bytes (15475.40 MB)
write base data version: 686500, memory: 16371527680 bytes (15613.11 MB)
write base data version: 686600, memory: 15995686912 bytes (15254.68 MB)
write base data version: 686700, memory: 16139378688 bytes (15391.71 MB)
write base data version: 686800, memory: 16292397056 bytes (15537.64 MB)
write base data version: 686900, memory: 16434520064 bytes (15673.18 MB)
write base data version: 687000, memory: 16064135168 bytes (15319.95 MB)
write base data version: 687100, memory: 16209113088 bytes (15458.21 MB)
write base data version: 687200, memory: 16354045952 bytes (15596.43 MB)
write base data version: 687300, memory: 16498167808 bytes (15733.88 MB)
write base data version: 687400, memory: 16122691584 bytes (15375.80 MB)
write base data version: 687500, memory: 16283148288 bytes (15528.82 MB)
write base data version: 687600, memory: 16429432832 bytes (15668.33 MB)
write base data version: 687700, memory: 16054231040 bytes (15310.51 MB)
write base data version: 687800, memory: 16200462336 bytes (15449.96 MB)
write base data version: 687900, memory: 16344367104 bytes (15587.20 MB)
write base data version: 688000, memory: 16492142592 bytes (15728.13 MB)
write base data version: 688100, memory: 16132395008 bytes (15385.05 MB)
write base data version: 688200, memory: 16282165248 bytes (15527.88 MB)
write base data version: 688300, memory: 16424964096 bytes (15664.07 MB)
write base data version: 688400, memory: 16567980032 bytes (15800.46 MB)
write base data version: 688500, memory: 16196116480 bytes (15445.82 MB)
write base data version: 688600, memory: 16340221952 bytes (15583.25 MB)
write base data version: 688700, memory: 16484036608 bytes (15720.40 MB)
write base data version: 688800, memory: 16110653440 bytes (15364.32 MB)
write base data version: 688900, memory: 16254377984 bytes (15501.38 MB)
write base data version: 689000, memory: 16398831616 bytes (15639.14 MB)
write base data version: 689100, memory: 16544321536 bytes (15777.89 MB)
write base data version: 689200, memory: 16168869888 bytes (15419.84 MB)
write base data version: 689300, memory: 16312238080 bytes (15556.56 MB)
write base data version: 689400, memory: 16454631424 bytes (15692.36 MB)
write base data version: 689500, memory: 16079343616 bytes (15334.46 MB)
write base data version: 689600, memory: 16223727616 bytes (15472.15 MB)
write base data version: 689700, memory: 16368177152 bytes (15609.91 MB)
write base data version: 689800, memory: 16517767168 bytes (15752.57 MB)
write base data version: 689900, memory: 16143687680 bytes (15395.82 MB)
write base data version: 690000, memory: 16293470208 bytes (15538.66 MB)
write base data version: 690100, memory: 16437833728 bytes (15676.34 MB)
write base data version: 690200, memory: 16579219456 bytes (15811.18 MB)
write base data version: 690300, memory: 16205701120 bytes (15454.96 MB)
write base data version: 690400, memory: 16360972288 bytes (15603.04 MB)
write base data version: 690500, memory: 16509419520 bytes (15744.61 MB)
write base data version: 690600, memory: 16143958016 bytes (15396.08 MB)
write base data version: 690700, memory: 16289792000 bytes (15535.16 MB)
write base data version: 690800, memory: 16434442240 bytes (15673.11 MB)
write base data version: 690900, memory: 16578719744 bytes (15810.70 MB)
write base data version: 691000, memory: 16203022336 bytes (15452.41 MB)
write base data version: 691100, memory: 16346439680 bytes (15589.18 MB)
write base data version: 691200, memory: 16489693184 bytes (15725.80 MB)
write base data version: 691300, memory: 16113557504 bytes (15367.09 MB)
write base data version: 691400, memory: 16266502144 bytes (15512.95 MB)
write base data version: 691500, memory: 16409247744 bytes (15649.08 MB)
write base data version: 691600, memory: 16554172416 bytes (15787.29 MB)
write base data version: 691700, memory: 16180449280 bytes (15430.88 MB)
write base data version: 691800, memory: 16336908288 bytes (15580.09 MB)
write base data version: 691900, memory: 16485773312 bytes (15722.06 MB)
write base data version: 692000, memory: 16635412480 bytes (15864.77 MB)
write base data version: 692100, memory: 16259207168 bytes (15505.99 MB)
write base data version: 692200, memory: 16404140032 bytes (15644.21 MB)
write base data version: 692300, memory: 16548569088 bytes (15781.95 MB)
write base data version: 692400, memory: 16177508352 bytes (15428.07 MB)
write base data version: 692500, memory: 16330149888 bytes (15573.64 MB)
write base data version: 692600, memory: 16473407488 bytes (15710.27 MB)
write base data version: 692700, memory: 16618348544 bytes (15848.49 MB)
write base data version: 692800, memory: 16255426560 bytes (15502.38 MB)
write base data version: 692900, memory: 16403734528 bytes (15643.82 MB)
write base data version: 693000, memory: 16549707776 bytes (15783.03 MB)
write base data version: 693100, memory: 16173805568 bytes (15424.54 MB)
write base data version: 693200, memory: 16320786432 bytes (15564.71 MB)
write base data version: 693300, memory: 16474726400 bytes (15711.52 MB)
write base data version: 693400, memory: 16631857152 bytes (15861.38 MB)
write base data version: 693500, memory: 16255455232 bytes (15502.41 MB)
write base data version: 693600, memory: 16399908864 bytes (15640.17 MB)
write base data version: 693700, memory: 16544075776 bytes (15777.66 MB)
write base data version: 693800, memory: 16687992832 bytes (15914.91 MB)
write base data version: 693900, memory: 16313192448 bytes (15557.47 MB)
write base data version: 694000, memory: 16457621504 bytes (15695.21 MB)
write base data version: 694100, memory: 16601595904 bytes (15832.52 MB)
write base data version: 694200, memory: 16228601856 bytes (15476.80 MB)
write base data version: 694300, memory: 16373317632 bytes (15614.81 MB)
write base data version: 694400, memory: 16517173248 bytes (15752.00 MB)
write base data version: 694500, memory: 16661639168 bytes (15889.78 MB)
write base data version: 694600, memory: 16285835264 bytes (15531.38 MB)
write base data version: 694700, memory: 16432095232 bytes (15670.87 MB)
write base data version: 694800, memory: 16576069632 bytes (15808.17 MB)
write base data version: 694900, memory: 16203726848 bytes (15453.08 MB)
write base data version: 695000, memory: 16348192768 bytes (15590.85 MB)
write base data version: 695100, memory: 16493068288 bytes (15729.02 MB)
write base data version: 695200, memory: 16638611456 bytes (15867.82 MB)
write base data version: 695300, memory: 16263315456 bytes (15509.91 MB)
write base data version: 695400, memory: 16414851072 bytes (15654.42 MB)
write base data version: 695500, memory: 16563585024 bytes (15796.27 MB)
write base data version: 695600, memory: 16718741504 bytes (15944.23 MB)
write base data version: 695700, memory: 16346669056 bytes (15589.40 MB)
write base data version: 695800, memory: 16493608960 bytes (15729.53 MB)
write base data version: 695900, memory: 16647917568 bytes (15876.69 MB)
write base data version: 696000, memory: 16272306176 bytes (15518.48 MB)
write base data version: 696100, memory: 16416833536 bytes (15656.31 MB)
write base data version: 696200, memory: 16564424704 bytes (15797.07 MB)
write base data version: 696300, memory: 16717578240 bytes (15943.12 MB)
write base data version: 696400, memory: 16342790144 bytes (15585.70 MB)
write base data version: 696500, memory: 16487596032 bytes (15723.80 MB)
write base data version: 696600, memory: 16632569856 bytes (15862.05 MB)
write base data version: 696700, memory: 16256516096 bytes (15503.42 MB)
write base data version: 696800, memory: 16400855040 bytes (15641.07 MB)
write base data version: 696900, memory: 16545767424 bytes (15779.27 MB)
write base data version: 697000, memory: 16686075904 bytes (15913.08 MB)
write base data version: 697100, memory: 16311832576 bytes (15556.18 MB)
write base data version: 697200, memory: 16457592832 bytes (15695.18 MB)
write base data version: 697300, memory: 16601972736 bytes (15832.88 MB)
write base data version: 697400, memory: 16746610688 bytes (15970.81 MB)
write base data version: 697500, memory: 16370642944 bytes (15612.26 MB)
write base data version: 697600, memory: 16513740800 bytes (15748.73 MB)
write base data version: 697700, memory: 16659955712 bytes (15888.17 MB)
write base data version: 697800, memory: 16285708288 bytes (15531.26 MB)
write base data version: 697900, memory: 16429813760 bytes (15668.69 MB)
write base data version: 698000, memory: 16574083072 bytes (15806.28 MB)
write base data version: 698100, memory: 16717410304 bytes (15942.96 MB)
write base data version: 698200, memory: 16341696512 bytes (15584.66 MB)
write base data version: 698300, memory: 16487919616 bytes (15724.11 MB)
write base data version: 698400, memory: 16632037376 bytes (15861.55 MB)
write base data version: 698500, memory: 16776060928 bytes (15998.90 MB)
write base data version: 698600, memory: 16399908864 bytes (15640.17 MB)
write base data version: 698700, memory: 16543715328 bytes (15777.32 MB)
write base data version: 698800, memory: 16688177152 bytes (15915.09 MB)
write base data version: 698900, memory: 16313491456 bytes (15557.76 MB)
write base data version: 699000, memory: 16462540800 bytes (15699.90 MB)
write base data version: 699100, memory: 16610676736 bytes (15841.18 MB)
write base data version: 699200, memory: 16761647104 bytes (15985.15 MB)
write base data version: 699300, memory: 16385531904 bytes (15626.46 MB)
write base data version: 699400, memory: 16529473536 bytes (15763.73 MB)
write base data version: 699500, memory: 16674189312 bytes (15901.75 MB)
write base data version: 699600, memory: 16299487232 bytes (15544.40 MB)
write base data version: 699700, memory: 16446586880 bytes (15684.69 MB)
write base data version: 699800, memory: 16593936384 bytes (15825.21 MB)
write base data version: 699900, memory: 16745353216 bytes (15969.61 MB)
write base data version: 700000, memory: 16373018624 bytes (15614.53 MB)
write base data version: 700100, memory: 16519282688 bytes (15754.02 MB)
write base data version: 700200, memory: 16663502848 bytes (15891.55 MB)
write base data version: 700300, memory: 16287842304 bytes (15533.30 MB)
write base data version: 700400, memory: 16431820800 bytes (15670.61 MB)
write base data version: 700500, memory: 16579256320 bytes (15811.21 MB)
write base data version: 700600, memory: 16721428480 bytes (15946.80 MB)
write base data version: 700700, memory: 16354783232 bytes (15597.14 MB)
write base data version: 700800, memory: 16499462144 bytes (15735.11 MB)
write base data version: 700900, memory: 16643792896 bytes (15872.76 MB)
write base data version: 701000, memory: 16787701760 bytes (16010.00 MB)
write base data version: 701100, memory: 16412729344 bytes (15652.40 MB)
write base data version: 701200, memory: 16555995136 bytes (15789.03 MB)
write base data version: 701300, memory: 16705011712 bytes (15931.14 MB)
write base data version: 701400, memory: 16336982016 bytes (15580.16 MB)
write base data version: 701500, memory: 16489234432 bytes (15725.36 MB)
write base data version: 701600, memory: 16634216448 bytes (15863.62 MB)
write base data version: 701700, memory: 16780115968 bytes (16002.77 MB)
write base data version: 701800, memory: 16403374080 bytes (15643.48 MB)
write base data version: 701900, memory: 16554274816 bytes (15787.39 MB)
write base data version: 702000, memory: 16703557632 bytes (15929.75 MB)
write base data version: 702100, memory: 16340889600 bytes (15583.89 MB)
write base data version: 702200, memory: 16485548032 bytes (15721.84 MB)
write base data version: 702300, memory: 16630501376 bytes (15860.08 MB)
write base data version: 702400, memory: 16774983680 bytes (15997.87 MB)
write base data version: 702500, memory: 16399925248 bytes (15640.19 MB)
write base data version: 702600, memory: 16543608832 bytes (15777.21 MB)
write base data version: 702700, memory: 16686698496 bytes (15913.68 MB)
write base data version: 702800, memory: 16831049728 bytes (16051.34 MB)
write base data version: 702900, memory: 16455430144 bytes (15693.12 MB)
write base data version: 703000, memory: 16600510464 bytes (15831.48 MB)
write base data version: 703100, memory: 16743231488 bytes (15967.59 MB)
write base data version: 703200, memory: 16369684480 bytes (15611.35 MB)
write base data version: 703300, memory: 16522186752 bytes (15756.79 MB)
write base data version: 703400, memory: 16670019584 bytes (15897.77 MB)
write base data version: 703500, memory: 16824721408 bytes (16045.30 MB)
write base data version: 703600, memory: 16456892416 bytes (15694.52 MB)
write base data version: 703700, memory: 16610349056 bytes (15840.86 MB)
write base data version: 703800, memory: 16758755328 bytes (15982.39 MB)
write base data version: 703900, memory: 16382877696 bytes (15623.93 MB)
write base data version: 704000, memory: 16527482880 bytes (15761.84 MB)
write base data version: 704100, memory: 16669814784 bytes (15897.57 MB)
write base data version: 704200, memory: 16818266112 bytes (16039.15 MB)
write base data version: 704300, memory: 16447340544 bytes (15685.41 MB)
write base data version: 704400, memory: 16591331328 bytes (15822.73 MB)
write base data version: 704500, memory: 16736141312 bytes (15960.83 MB)
write base data version: 704600, memory: 16880205824 bytes (16098.22 MB)
write base data version: 704700, memory: 16504881152 bytes (15740.28 MB)
write base data version: 704800, memory: 16649043968 bytes (15877.77 MB)
write base data version: 704900, memory: 16792727552 bytes (16014.79 MB)
write base data version: 705000, memory: 16419241984 bytes (15658.61 MB)
write base data version: 705100, memory: 16562982912 bytes (15795.69 MB)
write base data version: 705200, memory: 16705101824 bytes (15931.23 MB)
write base data version: 705300, memory: 16849408000 bytes (16068.85 MB)
write base data version: 705400, memory: 16474271744 bytes (15711.09 MB)
write base data version: 705500, memory: 16621858816 bytes (15851.84 MB)
write base data version: 705600, memory: 16768339968 bytes (15991.54 MB)
write base data version: 705700, memory: 16404602880 bytes (15644.65 MB)
write base data version: 705800, memory: 16548335616 bytes (15781.72 MB)
write base data version: 705900, memory: 16693006336 bytes (15919.69 MB)
write base data version: 706000, memory: 16837259264 bytes (16057.26 MB)
write base data version: 706100, memory: 16460623872 bytes (15698.07 MB)
write base data version: 706200, memory: 16601235456 bytes (15832.17 MB)
write base data version: 706300, memory: 16747339776 bytes (15971.51 MB)
write base data version: 706400, memory: 16892796928 bytes (16110.23 MB)
write base data version: 706500, memory: 16526630912 bytes (15761.02 MB)
write base data version: 706600, memory: 16680710144 bytes (15907.96 MB)
write base data version: 706700, memory: 16824827904 bytes (16045.41 MB)
write base data version: 706800, memory: 16450613248 bytes (15688.53 MB)
write base data version: 706900, memory: 16595095552 bytes (15826.32 MB)
write base data version: 707000, memory: 16740802560 bytes (15965.27 MB)
write base data version: 707100, memory: 16887128064 bytes (16104.82 MB)
write base data version: 707200, memory: 16522985472 bytes (15757.55 MB)
write base data version: 707300, memory: 16668282880 bytes (15896.11 MB)
write base data version: 707400, memory: 16812122112 bytes (16033.29 MB)
write base data version: 707500, memory: 16438272000 bytes (15676.76 MB)
write base data version: 707600, memory: 16583241728 bytes (15815.01 MB)
write base data version: 707700, memory: 16732790784 bytes (15957.63 MB)
write base data version: 707800, memory: 16876236800 bytes (16094.43 MB)
write base data version: 707900, memory: 16509407232 bytes (15744.60 MB)
write base data version: 708000, memory: 16652996608 bytes (15881.54 MB)
write base data version: 708100, memory: 16797196288 bytes (16019.05 MB)
write base data version: 708200, memory: 16944189440 bytes (16159.24 MB)
write base data version: 708300, memory: 16567283712 bytes (15799.79 MB)
write base data version: 708400, memory: 16711258112 bytes (15937.10 MB)
write base data version: 708500, memory: 16860901376 bytes (16079.81 MB)
write base data version: 708600, memory: 16492314624 bytes (15728.30 MB)
write base data version: 708700, memory: 16643067904 bytes (15872.07 MB)
write base data version: 708800, memory: 16796241920 bytes (16018.14 MB)
write base data version: 708900, memory: 16948985856 bytes (16163.81 MB)
write base data version: 709000, memory: 16573161472 bytes (15805.40 MB)
write base data version: 709100, memory: 16720334848 bytes (15945.75 MB)
write base data version: 709200, memory: 16864788480 bytes (16083.52 MB)
write base data version: 709300, memory: 16498847744 bytes (15734.53 MB)
write base data version: 709400, memory: 16643244032 bytes (15872.23 MB)
write base data version: 709500, memory: 16787152896 bytes (16009.48 MB)
write base data version: 709600, memory: 16930508800 bytes (16146.19 MB)
write base data version: 709700, memory: 16556232704 bytes (15789.25 MB)
write base data version: 709800, memory: 16702255104 bytes (15928.51 MB)
write base data version: 709900, memory: 16854958080 bytes (16074.14 MB)
write base data version: 710000, memory: 17011216384 bytes (16223.16 MB)
write base data version: 710100, memory: 16641077248 bytes (15870.17 MB)
write base data version: 710200, memory: 16791056384 bytes (16013.20 MB)
write base data version: 710300, memory: 16936275968 bytes (16151.69 MB)
write base data version: 710400, memory: 16562606080 bytes (15795.33 MB)
write base data version: 710500, memory: 16716652544 bytes (15942.24 MB)
write base data version: 710600, memory: 16867557376 bytes (16086.16 MB)
write base data version: 710700, memory: 17013272576 bytes (16225.12 MB)
write base data version: 710800, memory: 16645492736 bytes (15874.38 MB)
write base data version: 710900, memory: 16789098496 bytes (16011.33 MB)
write base data version: 711000, memory: 16934236160 bytes (16149.75 MB)
write base data version: 711100, memory: 16559763456 bytes (15792.62 MB)
write base data version: 711200, memory: 16703950848 bytes (15930.13 MB)
write base data version: 711300, memory: 16852615168 bytes (16071.91 MB)
write base data version: 711400, memory: 16996392960 bytes (16209.02 MB)
write base data version: 711500, memory: 16617689088 bytes (15847.86 MB)
write base data version: 711600, memory: 16800804864 bytes (16022.50 MB)
write base data version: 711700, memory: 16912441344 bytes (16128.96 MB)
write base data version: 711800, memory: 17056796672 bytes (16266.63 MB)
write base data version: 711900, memory: 16682909696 bytes (15910.06 MB)
write base data version: 712000, memory: 16828358656 bytes (16048.77 MB)
write base data version: 712100, memory: 16972414976 bytes (16186.16 MB)
write base data version: 712200, memory: 16597901312 bytes (15828.99 MB)
write base data version: 712300, memory: 16742211584 bytes (15966.62 MB)
write base data version: 712400, memory: 16886521856 bytes (16104.24 MB)
write base data version: 712500, memory: 17028550656 bytes (16239.69 MB)
write base data version: 712600, memory: 16653033472 bytes (15881.57 MB)
write base data version: 712700, memory: 16799010816 bytes (16020.79 MB)
write base data version: 712800, memory: 16945152000 bytes (16160.16 MB)
write base data version: 712900, memory: 17088036864 bytes (16296.42 MB)
write base data version: 713000, memory: 16725884928 bytes (15951.05 MB)
write base data version: 713100, memory: 16879599616 bytes (16097.64 MB)
write base data version: 713200, memory: 17025417216 bytes (16236.70 MB)
write base data version: 713300, memory: 16648962048 bytes (15877.69 MB)
write base data version: 713400, memory: 16792735744 bytes (16014.80 MB)
write base data version: 713500, memory: 16938135552 bytes (16153.46 MB)
write base data version: 713600, memory: 17081917440 bytes (16290.59 MB)
write base data version: 713700, memory: 16705777664 bytes (15931.87 MB)
write base data version: 713800, memory: 16850161664 bytes (16069.57 MB)
write base data version: 713900, memory: 16994811904 bytes (16207.52 MB)
write base data version: 714000, memory: 16621027328 bytes (15851.05 MB)
write base data version: 714100, memory: 16764477440 bytes (15987.85 MB)
write base data version: 714200, memory: 16907526144 bytes (16124.27 MB)
write base data version: 714300, memory: 17054257152 bytes (16264.21 MB)
write base data version: 714400, memory: 16679608320 bytes (15906.91 MB)
write base data version: 714500, memory: 16823828480 bytes (16044.45 MB)
write base data version: 714600, memory: 16967770112 bytes (16181.73 MB)
write base data version: 714700, memory: 16591441920 bytes (15822.83 MB)
write base data version: 714800, memory: 16735612928 bytes (15960.32 MB)
write base data version: 714900, memory: 16883240960 bytes (16101.11 MB)
write base data version: 715000, memory: 17038118912 bytes (16248.82 MB)
write base data version: 715100, memory: 16681226240 bytes (15908.46 MB)
write base data version: 715200, memory: 16833540096 bytes (16053.71 MB)
write base data version: 715300, memory: 16978259968 bytes (16191.73 MB)
write base data version: 715400, memory: 17122648064 bytes (16329.43 MB)
write base data version: 715500, memory: 16746602496 bytes (15970.80 MB)
write base data version: 715600, memory: 16890339328 bytes (16107.88 MB)
write base data version: 715700, memory: 17035157504 bytes (16245.99 MB)
write base data version: 715800, memory: 16647774208 bytes (15876.55 MB)
write base data version: 715900, memory: 16792117248 bytes (16014.21 MB)
write base data version: 716000, memory: 16936845312 bytes (16152.23 MB)
write base data version: 716100, memory: 17081241600 bytes (16289.94 MB)
write base data version: 716200, memory: 16705679360 bytes (15931.78 MB)
write base data version: 716300, memory: 16855146496 bytes (16074.32 MB)
write base data version: 716400, memory: 17002418176 bytes (16214.77 MB)
write base data version: 716500, memory: 16630980608 bytes (15860.54 MB)
write base data version: 716600, memory: 16775430144 bytes (15998.30 MB)
write base data version: 716700, memory: 16918937600 bytes (16135.16 MB)
write base data version: 716800, memory: 17063784448 bytes (16273.29 MB)
write base data version: 716900, memory: 16687525888 bytes (15914.46 MB)
write base data version: 717000, memory: 16837865472 bytes (16057.84 MB)
write base data version: 717100, memory: 16981864448 bytes (16195.17 MB)
write base data version: 717200, memory: 17124020224 bytes (16330.74 MB)
write base data version: 717300, memory: 16748896256 bytes (15972.99 MB)
write base data version: 717400, memory: 16893202432 bytes (16110.61 MB)
write base data version: 717500, memory: 17037307904 bytes (16248.04 MB)
write base data version: 717600, memory: 16661471232 bytes (15889.62 MB)
write base data version: 717700, memory: 16806232064 bytes (16027.67 MB)
write base data version: 717800, memory: 16952266752 bytes (16166.94 MB)
write base data version: 717900, memory: 17102819328 bytes (16310.52 MB)
write base data version: 718000, memory: 16726568960 bytes (15951.70 MB)
write base data version: 718100, memory: 16870293504 bytes (16088.77 MB)
write base data version: 718200, memory: 17014169600 bytes (16225.98 MB)
write base data version: 718300, memory: 16641880064 bytes (15870.93 MB)
write base data version: 718400, memory: 16790441984 bytes (16012.61 MB)
write base data version: 718500, memory: 16942137344 bytes (16157.28 MB)
write base data version: 718600, memory: 17086160896 bytes (16294.63 MB)
write base data version: 718700, memory: 16736747520 bytes (15961.41 MB)
write base data version: 718800, memory: 16823672832 bytes (16044.30 MB)
write base data version: 718900, memory: 16968626176 bytes (16182.54 MB)
write base data version: 719000, memory: 17114255360 bytes (16321.43 MB)
write base data version: 719100, memory: 16739418112 bytes (15963.95 MB)
write base data version: 719200, memory: 16874758144 bytes (16093.02 MB)
write base data version: 719300, memory: 17022218240 bytes (16233.65 MB)
write base data version: 719400, memory: 16648560640 bytes (15877.30 MB)
write base data version: 719500, memory: 16793817088 bytes (16015.83 MB)
write base data version: 719600, memory: 16937795584 bytes (16153.14 MB)
write base data version: 719700, memory: 17082347520 bytes (16291.00 MB)
write base data version: 719800, memory: 16706129920 bytes (15932.21 MB)
write base data version: 719900, memory: 16850997248 bytes (16070.36 MB)
write base data version: 720000, memory: 16994320384 bytes (16207.05 MB)
write base data version: 720100, memory: 16619937792 bytes (15850.01 MB)
write base data version: 720200, memory: 16765341696 bytes (15988.68 MB)
write base data version: 720300, memory: 16909365248 bytes (16126.03 MB)
write base data version: 720400, memory: 17053532160 bytes (16263.52 MB)
write base data version: 720500, memory: 16677154816 bytes (15904.57 MB)
write base data version: 720600, memory: 16823046144 bytes (16043.71 MB)
write base data version: 720700, memory: 16967602176 bytes (16181.57 MB)
write base data version: 720800, memory: 17121751040 bytes (16328.57 MB)
write base data version: 720900, memory: 16756457472 bytes (15980.20 MB)
write base data version: 721000, memory: 16901574656 bytes (16118.60 MB)
write base data version: 721100, memory: 17045245952 bytes (16255.61 MB)
write base data version: 721200, memory: 16668839936 bytes (15896.64 MB)
write base data version: 721300, memory: 16813129728 bytes (16034.25 MB)
write base data version: 721400, memory: 16960204800 bytes (16174.51 MB)
write base data version: 721500, memory: 17109958656 bytes (16317.33 MB)
write base data version: 721600, memory: 16735838208 bytes (15960.54 MB)
write base data version: 721700, memory: 16880377856 bytes (16098.38 MB)
write base data version: 721800, memory: 17025163264 bytes (16236.46 MB)
write base data version: 721900, memory: 16649699328 bytes (15878.39 MB)
write base data version: 722000, memory: 16793513984 bytes (16015.54 MB)
write base data version: 722100, memory: 16937959424 bytes (16153.30 MB)
write base data version: 722200, memory: 17082335232 bytes (16290.98 MB)
write base data version: 722300, memory: 16706072576 bytes (15932.15 MB)
write base data version: 722400, memory: 16850354176 bytes (16069.75 MB)
write base data version: 722500, memory: 16995020800 bytes (16207.71 MB)
write base data version: 722600, memory: 17138925568 bytes (16344.95 MB)
write base data version: 722700, memory: 16763183104 bytes (15986.62 MB)
write base data version: 722800, memory: 16906502144 bytes (16123.30 MB)
write base data version: 722900, memory: 17051242496 bytes (16261.33 MB)
write base data version: 723000, memory: 16689315840 bytes (15916.17 MB)
write base data version: 723100, memory: 16846094336 bytes (16065.69 MB)
write base data version: 723200, memory: 16990318592 bytes (16203.23 MB)
write base data version: 723300, memory: 17135124480 bytes (16341.33 MB)
write base data version: 723400, memory: 16760336384 bytes (15983.90 MB)
write base data version: 723500, memory: 16909983744 bytes (16126.62 MB)
write base data version: 723600, memory: 17053863936 bytes (16263.83 MB)
write base data version: 723700, memory: 17197752320 bytes (16401.05 MB)
write base data version: 723800, memory: 16826634240 bytes (16047.13 MB)
write base data version: 723900, memory: 16975306752 bytes (16188.91 MB)
write base data version: 724000, memory: 17122291712 bytes (16329.09 MB)
write base data version: 724100, memory: 16747606016 bytes (15971.76 MB)
write base data version: 724200, memory: 16905805824 bytes (16122.63 MB)
write base data version: 724300, memory: 17052209152 bytes (16262.25 MB)
write base data version: 724400, memory: 17201057792 bytes (16404.21 MB)
write base data version: 724500, memory: 16824553472 bytes (16045.14 MB)
write base data version: 724600, memory: 16968925184 bytes (16182.83 MB)
write base data version: 724700, memory: 17113112576 bytes (16320.34 MB)
write base data version: 724800, memory: 16736419840 bytes (15961.09 MB)
write base data version: 724900, memory: 16889044992 bytes (16106.65 MB)
write base data version: 725000, memory: 17033641984 bytes (16244.55 MB)
write base data version: 725100, memory: 17177972736 bytes (16382.19 MB)
write base data version: 725200, memory: 16802021376 bytes (16023.66 MB)
write base data version: 725300, memory: 16946315264 bytes (16161.27 MB)
write base data version: 725400, memory: 17093038080 bytes (16301.19 MB)
write base data version: 725500, memory: 16718495744 bytes (15944.00 MB)
write base data version: 725600, memory: 16862351360 bytes (16081.19 MB)
write base data version: 725700, memory: 17005867008 bytes (16218.06 MB)
write base data version: 725800, memory: 17159544832 bytes (16364.62 MB)
write base data version: 725900, memory: 16789729280 bytes (16011.93 MB)
write base data version: 726000, memory: 16933572608 bytes (16149.11 MB)
write base data version: 726100, memory: 17078571008 bytes (16287.39 MB)
write base data version: 726200, memory: 17222979584 bytes (16425.11 MB)
write base data version: 726300, memory: 16847151104 bytes (16066.70 MB)
write base data version: 726400, memory: 16995991552 bytes (16208.64 MB)
write base data version: 726500, memory: 17145991168 bytes (16351.69 MB)
write base data version: 726600, memory: 16772870144 bytes (15995.86 MB)
write base data version: 726700, memory: 16916652032 bytes (16132.98 MB)
write base data version: 726800, memory: 17060454400 bytes (16270.12 MB)
write base data version: 726900, memory: 17204682752 bytes (16407.66 MB)
write base data version: 727000, memory: 16828846080 bytes (16049.24 MB)
write base data version: 727100, memory: 16983027712 bytes (16196.28 MB)
write base data version: 727200, memory: 17127038976 bytes (16333.62 MB)
write base data version: 727300, memory: 16756113408 bytes (15979.88 MB)
write base data version: 727400, memory: 16903593984 bytes (16120.52 MB)
write base data version: 727500, memory: 17050292224 bytes (16260.43 MB)
write base data version: 727600, memory: 17194348544 bytes (16397.81 MB)
write base data version: 727700, memory: 16816726016 bytes (16037.68 MB)
write base data version: 727800, memory: 16962510848 bytes (16176.71 MB)
write base data version: 727900, memory: 17106829312 bytes (16314.34 MB)
write base data version: 728000, memory: 17255444480 bytes (16456.07 MB)
write base data version: 728100, memory: 16876462080 bytes (16094.65 MB)
write base data version: 728200, memory: 17044602880 bytes (16255.00 MB)
write base data version: 728300, memory: 17207529472 bytes (16410.38 MB)
write base data version: 728400, memory: 16832147456 bytes (16052.39 MB)
write base data version: 728500, memory: 16978960384 bytes (16192.40 MB)
write base data version: 728600, memory: 17129287680 bytes (16335.76 MB)
write base data version: 728700, memory: 17283432448 bytes (16482.77 MB)
write base data version: 728800, memory: 16914673664 bytes (16131.09 MB)
write base data version: 728900, memory: 17055830016 bytes (16265.71 MB)
write base data version: 729000, memory: 17200312320 bytes (16403.50 MB)
write base data version: 729100, memory: 16824692736 bytes (16045.28 MB)
write base data version: 729200, memory: 16969666560 bytes (16183.54 MB)
write base data version: 729300, memory: 17116897280 bytes (16323.95 MB)
write base data version: 729400, memory: 17262780416 bytes (16463.07 MB)
write base data version: 729500, memory: 16895471616 bytes (16112.78 MB)
write base data version: 729600, memory: 17040478208 bytes (16251.07 MB)
write base data version: 729700, memory: 17184960512 bytes (16388.86 MB)
write base data version: 729800, memory: 17330147328 bytes (16527.32 MB)
write base data version: 729900, memory: 16956145664 bytes (16170.64 MB)
write base data version: 730000, memory: 17104265216 bytes (16311.90 MB)
write base data version: 730100, memory: 17250652160 bytes (16451.50 MB)
write base data version: 730200, memory: 16878862336 bytes (16096.94 MB)
write base data version: 730300, memory: 17023217664 bytes (16234.61 MB)
write base data version: 730400, memory: 17167953920 bytes (16372.64 MB)
write base data version: 730500, memory: 17312014336 bytes (16510.02 MB)
write base data version: 730600, memory: 16936972288 bytes (16152.36 MB)
write base data version: 730700, memory: 17080651776 bytes (16289.38 MB)
write base data version: 730800, memory: 17237221376 bytes (16438.70 MB)
write base data version: 730900, memory: 16867168256 bytes (16085.79 MB)
write base data version: 731000, memory: 17021349888 bytes (16232.82 MB)
write base data version: 731100, memory: 17169584128 bytes (16374.19 MB)
write base data version: 731200, memory: 17313513472 bytes (16511.45 MB)
write base data version: 731300, memory: 16938012672 bytes (16153.35 MB)
write base data version: 731400, memory: 17082884096 bytes (16291.51 MB)
write base data version: 731500, memory: 17228648448 bytes (16430.52 MB)
write base data version: 731600, memory: 17370886144 bytes (16566.17 MB)
write base data version: 731700, memory: 16995311616 bytes (16207.99 MB)
write base data version: 731800, memory: 17139724288 bytes (16345.71 MB)
write base data version: 731900, memory: 17284087808 bytes (16483.39 MB)
write base data version: 732000, memory: 16909021184 bytes (16125.70 MB)
write base data version: 732100, memory: 17055338496 bytes (16265.24 MB)
write base data version: 732200, memory: 17202540544 bytes (16405.62 MB)
write base data version: 732300, memory: 17356500992 bytes (16552.45 MB)
write base data version: 732400, memory: 16990072832 bytes (16203.00 MB)
write base data version: 732500, memory: 17162645504 bytes (16367.57 MB)
write base data version: 732600, memory: 17306914816 bytes (16505.16 MB)
write base data version: 732700, memory: 16932470784 bytes (16148.06 MB)
write base data version: 732800, memory: 17076674560 bytes (16285.59 MB)
write base data version: 732900, memory: 17220628480 bytes (16422.87 MB)
write base data version: 733000, memory: 17360175104 bytes (16555.95 MB)
write base data version: 733100, memory: 16989732864 bytes (16202.67 MB)
write base data version: 733200, memory: 17134608384 bytes (16340.84 MB)
write base data version: 733300, memory: 17278705664 bytes (16478.26 MB)
write base data version: 733400, memory: 17422536704 bytes (16615.43 MB)
write base data version: 733500, memory: 17049202688 bytes (16259.39 MB)
write base data version: 733600, memory: 17191485440 bytes (16395.08 MB)
write base data version: 733700, memory: 17337524224 bytes (16534.35 MB)
write base data version: 733800, memory: 16971509760 bytes (16185.29 MB)
write base data version: 733900, memory: 17123995648 bytes (16330.71 MB)
write base data version: 734000, memory: 17270943744 bytes (16470.86 MB)
write base data version: 734100, memory: 17414619136 bytes (16607.88 MB)
write base data version: 734200, memory: 17039159296 bytes (16249.81 MB)
write base data version: 734300, memory: 17182801920 bytes (16386.80 MB)
write base data version: 734400, memory: 17325133824 bytes (16522.54 MB)
write base data version: 734500, memory: 16950112256 bytes (16164.89 MB)
write base data version: 734600, memory: 17094516736 bytes (16302.60 MB)
write base data version: 734700, memory: 17238528000 bytes (16439.94 MB)
write base data version: 734800, memory: 17383321600 bytes (16578.03 MB)
write base data version: 734900, memory: 17007607808 bytes (16219.72 MB)
write base data version: 735000, memory: 17151934464 bytes (16357.36 MB)
write base data version: 735100, memory: 17297047552 bytes (16495.75 MB)
write base data version: 735200, memory: 17443229696 bytes (16635.16 MB)
write base data version: 735300, memory: 17072078848 bytes (16281.20 MB)
write base data version: 735400, memory: 17234767872 bytes (16436.36 MB)
write base data version: 735500, memory: 17379344384 bytes (16574.23 MB)
write base data version: 735600, memory: 17004175360 bytes (16216.45 MB)
write base data version: 735700, memory: 17148440576 bytes (16354.03 MB)
write base data version: 735800, memory: 17295687680 bytes (16494.45 MB)
write base data version: 735900, memory: 17451175936 bytes (16642.74 MB)
write base data version: 736000, memory: 17075167232 bytes (16284.15 MB)
write base data version: 736100, memory: 17220390912 bytes (16422.64 MB)
write base data version: 736200, memory: 17365299200 bytes (16560.84 MB)
write base data version: 736300, memory: 16989769728 bytes (16202.71 MB)
write base data version: 736400, memory: 17130283008 bytes (16336.71 MB)
write base data version: 736500, memory: 17290342400 bytes (16489.36 MB)
write base data version: 736600, memory: 17424429056 bytes (16617.23 MB)
write base data version: 736700, memory: 17053745152 bytes (16263.72 MB)
write base data version: 736800, memory: 17206390784 bytes (16409.29 MB)
write base data version: 736900, memory: 17350995968 bytes (16547.20 MB)
write base data version: 737000, memory: 17495752704 bytes (16685.25 MB)
write base data version: 737100, memory: 17119789056 bytes (16326.70 MB)
write base data version: 737200, memory: 17264504832 bytes (16464.71 MB)
write base data version: 737300, memory: 17409949696 bytes (16603.42 MB)
write base data version: 737400, memory: 17039708160 bytes (16250.33 MB)
write base data version: 737500, memory: 17184358400 bytes (16388.28 MB)
write base data version: 737600, memory: 17328435200 bytes (16525.68 MB)
write base data version: 737700, memory: 17472356352 bytes (16662.94 MB)
write base data version: 737800, memory: 17096503296 bytes (16304.50 MB)
write base data version: 737900, memory: 17242230784 bytes (16443.47 MB)
write base data version: 738000, memory: 17387671552 bytes (16582.18 MB)
write base data version: 738100, memory: 17011810304 bytes (16223.73 MB)
write base data version: 738200, memory: 17155764224 bytes (16361.01 MB)
write base data version: 738300, memory: 17299918848 bytes (16498.49 MB)
write base data version: 738400, memory: 17444483072 bytes (16636.36 MB)
write base data version: 738500, memory: 17068040192 bytes (16277.35 MB)
write base data version: 738600, memory: 17212825600 bytes (16415.43 MB)
write base data version: 738700, memory: 17357053952 bytes (16552.98 MB)
write base data version: 738800, memory: 17501839360 bytes (16691.05 MB)
write base data version: 738900, memory: 17133326336 bytes (16339.61 MB)
write base data version: 739000, memory: 17282940928 bytes (16482.30 MB)
write base data version: 739100, memory: 17428271104 bytes (16620.89 MB)
write base data version: 739200, memory: 17055789056 bytes (16265.67 MB)
write base data version: 739300, memory: 17201692672 bytes (16404.81 MB)
write base data version: 739400, memory: 17348313088 bytes (16544.64 MB)
write base data version: 739500, memory: 17502867456 bytes (16692.04 MB)
write base data version: 739600, memory: 17127559168 bytes (16334.11 MB)
write base data version: 739700, memory: 17271091200 bytes (16471.00 MB)
write base data version: 739800, memory: 17416368128 bytes (16609.54 MB)
write base data version: 739900, memory: 17041838080 bytes (16252.36 MB)
write base data version: 740000, memory: 17185271808 bytes (16389.15 MB)
write base data version: 740100, memory: 17331118080 bytes (16528.24 MB)
write base data version: 740200, memory: 17474813952 bytes (16665.28 MB)
write base data version: 740300, memory: 17143091200 bytes (16348.93 MB)
write base data version: 740400, memory: 17195769856 bytes (16399.16 MB)
write base data version: 740500, memory: 17341435904 bytes (16538.08 MB)
write base data version: 740600, memory: 17484427264 bytes (16674.45 MB)
write base data version: 740700, memory: 17111003136 bytes (16318.32 MB)
write base data version: 740800, memory: 17260441600 bytes (16460.84 MB)
write base data version: 740900, memory: 17404338176 bytes (16598.07 MB)
write base data version: 741000, memory: 17038680064 bytes (16249.35 MB)
write base data version: 741100, memory: 17182597120 bytes (16386.60 MB)
write base data version: 741200, memory: 17326055424 bytes (16523.41 MB)
write base data version: 741300, memory: 17469456384 bytes (16660.17 MB)
write base data version: 741400, memory: 17096757248 bytes (16304.74 MB)
write base data version: 741500, memory: 17243238400 bytes (16444.43 MB)
write base data version: 741600, memory: 17385574400 bytes (16580.18 MB)
write base data version: 741700, memory: 17038385152 bytes (16249.07 MB)
write base data version: 741800, memory: 17182642176 bytes (16386.64 MB)
write base data version: 741900, memory: 17327009792 bytes (16524.32 MB)
write base data version: 742000, memory: 17468940288 bytes (16659.68 MB)
write base data version: 742100, memory: 17099853824 bytes (16307.69 MB)
write base data version: 742200, memory: 17253335040 bytes (16454.06 MB)
write base data version: 742300, memory: 17399873536 bytes (16593.81 MB)
write base data version: 742400, memory: 17545220096 bytes (16732.43 MB)
write base data version: 742500, memory: 17169367040 bytes (16373.98 MB)
write base data version: 742600, memory: 17314258944 bytes (16512.16 MB)
write base data version: 742700, memory: 17458872320 bytes (16650.08 MB)
write base data version: 742800, memory: 17083817984 bytes (16292.40 MB)
write base data version: 742900, memory: 17228115968 bytes (16430.01 MB)
write base data version: 743000, memory: 17371586560 bytes (16566.84 MB)
write base data version: 743100, memory: 17516175360 bytes (16704.73 MB)
write base data version: 743200, memory: 17150586880 bytes (16356.07 MB)
write base data version: 743300, memory: 17298305024 bytes (16496.95 MB)
write base data version: 743400, memory: 17444794368 bytes (16636.65 MB)
write base data version: 743500, memory: 17587560448 bytes (16772.80 MB)
write base data version: 743600, memory: 17212731392 bytes (16415.34 MB)
write base data version: 743700, memory: 17356800000 bytes (16552.73 MB)
write base data version: 743800, memory: 17501708288 bytes (16690.93 MB)
write base data version: 743900, memory: 17123627008 bytes (16330.36 MB)
write base data version: 744000, memory: 17269755904 bytes (16469.72 MB)
write base data version: 744100, memory: 17411260416 bytes (16604.67 MB)
write base data version: 744200, memory: 17559805952 bytes (16746.34 MB)
write base data version: 744300, memory: 17185366016 bytes (16389.24 MB)
write base data version: 744400, memory: 17331814400 bytes (16528.91 MB)
write base data version: 744500, memory: 17476214784 bytes (16666.62 MB)
write base data version: 744600, memory: 17100369920 bytes (16308.18 MB)
write base data version: 744700, memory: 17244475392 bytes (16445.61 MB)
write base data version: 744800, memory: 17388892160 bytes (16583.34 MB)
write base data version: 744900, memory: 17532743680 bytes (16720.53 MB)
write base data version: 745000, memory: 17157697536 bytes (16362.86 MB)
write base data version: 745100, memory: 17310388224 bytes (16508.47 MB)
write base data version: 745200, memory: 17456123904 bytes (16647.46 MB)
write base data version: 745300, memory: 17083723776 bytes (16292.31 MB)
write base data version: 745400, memory: 17237389312 bytes (16438.86 MB)
write base data version: 745500, memory: 17386012672 bytes (16580.59 MB)
write base data version: 745600, memory: 17532813312 bytes (16720.59 MB)
write base data version: 745700, memory: 17158987776 bytes (16364.09 MB)
write base data version: 745800, memory: 17303085056 bytes (16501.51 MB)
write base data version: 745900, memory: 17448214528 bytes (16639.91 MB)
write base data version: 746000, memory: 17596100608 bytes (16780.95 MB)
write base data version: 746100, memory: 17221468160 bytes (16423.67 MB)
write base data version: 746200, memory: 17365569536 bytes (16561.10 MB)
write base data version: 746300, memory: 17510621184 bytes (16699.43 MB)
write base data version: 746400, memory: 17139986432 bytes (16345.96 MB)
write base data version: 746500, memory: 17285308416 bytes (16484.55 MB)
write base data version: 746600, memory: 17429848064 bytes (16622.40 MB)
write base data version: 746700, memory: 17575530496 bytes (16761.33 MB)
write base data version: 746800, memory: 17208885248 bytes (16411.67 MB)
write base data version: 746900, memory: 17352597504 bytes (16548.73 MB)
write base data version: 747000, memory: 17497731072 bytes (16687.14 MB)
write base data version: 747100, memory: 17119068160 bytes (16326.02 MB)
write base data version: 747200, memory: 17263931392 bytes (16464.17 MB)
write base data version: 747300, memory: 17410199552 bytes (16603.66 MB)
write base data version: 747400, memory: 17565413376 bytes (16751.68 MB)
write base data version: 747500, memory: 17192394752 bytes (16395.95 MB)
write base data version: 747600, memory: 17349423104 bytes (16545.70 MB)
write base data version: 747700, memory: 17495220224 bytes (16684.74 MB)
write base data version: 747800, memory: 17639919616 bytes (16822.74 MB)
write base data version: 747900, memory: 17261916160 bytes (16462.25 MB)
write base data version: 748000, memory: 17409064960 bytes (16602.58 MB)
write base data version: 748100, memory: 17552121856 bytes (16739.01 MB)
write base data version: 748200, memory: 17175613440 bytes (16379.94 MB)
write base data version: 748300, memory: 17320841216 bytes (16518.44 MB)
write base data version: 748400, memory: 17460682752 bytes (16651.80 MB)
write base data version: 748500, memory: 17609748480 bytes (16793.96 MB)
write base data version: 748600, memory: 17234825216 bytes (16436.41 MB)
write base data version: 748700, memory: 17379758080 bytes (16574.63 MB)
write base data version: 748800, memory: 17522970624 bytes (16711.21 MB)
write base data version: 748900, memory: 17149251584 bytes (16354.80 MB)
write base data version: 749000, memory: 17294159872 bytes (16493.00 MB)
write base data version: 749100, memory: 17439490048 bytes (16631.59 MB)
write base data version: 749200, memory: 17582137344 bytes (16767.63 MB)
write base data version: 749300, memory: 17206018048 bytes (16408.94 MB)
write base data version: 749400, memory: 17350737920 bytes (16546.95 MB)
write base data version: 749500, memory: 17492668416 bytes (16682.31 MB)
write base data version: 749600, memory: 17639624704 bytes (16822.46 MB)
write base data version: 749700, memory: 17268580352 bytes (16468.60 MB)
write base data version: 749800, memory: 17437478912 bytes (16629.68 MB)
write base data version: 749900, memory: 17578991616 bytes (16764.63 MB)
write base data version: 750000, memory: 17204031488 bytes (16407.04 MB)
write base data version: 750100, memory: 17349910528 bytes (16546.16 MB)
write base data version: 750200, memory: 17504641024 bytes (16693.73 MB)
write base data version: 750300, memory: 17660891136 bytes (16842.74 MB)
write base data version: 750400, memory: 17283809280 bytes (16483.12 MB)
write base data version: 750500, memory: 17429098496 bytes (16621.68 MB)
write base data version: 750600, memory: 17574428672 bytes (16760.28 MB)
write base data version: 750700, memory: 17199337472 bytes (16402.57 MB)
write base data version: 750800, memory: 17354309632 bytes (16550.36 MB)
write base data version: 750900, memory: 17501360128 bytes (16690.60 MB)
write base data version: 751000, memory: 17645584384 bytes (16828.14 MB)
write base data version: 751100, memory: 17272070144 bytes (16471.93 MB)
write base data version: 751200, memory: 17421549568 bytes (16614.48 MB)
write base data version: 751300, memory: 17545330688 bytes (16732.53 MB)
write base data version: 751400, memory: 17690320896 bytes (16870.80 MB)
write base data version: 751500, memory: 17314471936 bytes (16512.37 MB)
write base data version: 751600, memory: 17445117952 bytes (16636.96 MB)
write base data version: 751700, memory: 17593942016 bytes (16778.89 MB)
write base data version: 751800, memory: 17223225344 bytes (16425.35 MB)
write base data version: 751900, memory: 17378078720 bytes (16573.03 MB)
write base data version: 752000, memory: 17517072384 bytes (16705.58 MB)
write base data version: 752100, memory: 17673875456 bytes (16855.12 MB)
write base data version: 752200, memory: 17286774784 bytes (16485.95 MB)
write base data version: 752300, memory: 17432948736 bytes (16625.36 MB)
write base data version: 752400, memory: 17577648128 bytes (16763.35 MB)
write base data version: 752500, memory: 17204695040 bytes (16407.68 MB)
write base data version: 752600, memory: 17351323648 bytes (16547.51 MB)
write base data version: 752700, memory: 17494806528 bytes (16684.35 MB)
write base data version: 752800, memory: 17637306368 bytes (16820.25 MB)
write base data version: 752900, memory: 17261981696 bytes (16462.31 MB)
write base data version: 753000, memory: 17407385600 bytes (16600.98 MB)
write base data version: 753100, memory: 17560244224 bytes (16746.75 MB)
write base data version: 753200, memory: 17712218112 bytes (16891.69 MB)
write base data version: 753300, memory: 17349615616 bytes (16545.88 MB)
write base data version: 753400, memory: 17498767360 bytes (16688.12 MB)
write base data version: 753500, memory: 17641000960 bytes (16823.77 MB)
write base data version: 753600, memory: 17266434048 bytes (16466.55 MB)
write base data version: 753700, memory: 17413308416 bytes (16606.62 MB)
write base data version: 753800, memory: 17557475328 bytes (16744.11 MB)
write base data version: 753900, memory: 17698893824 bytes (16878.98 MB)
write base data version: 754000, memory: 17325793280 bytes (16523.16 MB)
write base data version: 754100, memory: 17467502592 bytes (16658.31 MB)
write base data version: 754200, memory: 17613070336 bytes (16797.13 MB)
write base data version: 754300, memory: 17238220800 bytes (16439.65 MB)
write base data version: 754400, memory: 17381212160 bytes (16576.02 MB)
write base data version: 754500, memory: 17525207040 bytes (16713.34 MB)
write base data version: 754600, memory: 17670430720 bytes (16851.84 MB)
write base data version: 754700, memory: 17295163392 bytes (16493.95 MB)
write base data version: 754800, memory: 17443409920 bytes (16635.33 MB)
write base data version: 754900, memory: 17585479680 bytes (16770.82 MB)
write base data version: 755000, memory: 17730306048 bytes (16908.94 MB)
write base data version: 755100, memory: 17355567104 bytes (16551.56 MB)
write base data version: 755200, memory: 17500536832 bytes (16689.81 MB)
write base data version: 755300, memory: 17644732416 bytes (16827.33 MB)
write base data version: 755400, memory: 17275506688 bytes (16475.21 MB)
write base data version: 755500, memory: 17419169792 bytes (16612.21 MB)
write base data version: 755600, memory: 17564692480 bytes (16751.00 MB)
write base data version: 755700, memory: 17708212224 bytes (16887.87 MB)
write base data version: 755800, memory: 17331863552 bytes (16528.95 MB)
write base data version: 755900, memory: 17476636672 bytes (16667.02 MB)
write base data version: 756000, memory: 17621925888 bytes (16805.58 MB)
write base data version: 756100, memory: 17770659840 bytes (16947.42 MB)
write base data version: 756200, memory: 17393590272 bytes (16587.82 MB)
write base data version: 756300, memory: 17538064384 bytes (16725.60 MB)
write base data version: 756400, memory: 17683636224 bytes (16864.43 MB)
write base data version: 756500, memory: 17304449024 bytes (16502.81 MB)
write base data version: 756600, memory: 17448861696 bytes (16640.53 MB)
write base data version: 756700, memory: 17593700352 bytes (16778.66 MB)
write base data version: 756800, memory: 17742745600 bytes (16920.80 MB)
write base data version: 756900, memory: 17381920768 bytes (16576.69 MB)
write base data version: 757000, memory: 17525776384 bytes (16713.88 MB)
write base data version: 757100, memory: 17669033984 bytes (16850.50 MB)
write base data version: 757200, memory: 17293963264 bytes (16492.81 MB)
write base data version: 757300, memory: 17446297600 bytes (16638.09 MB)
write base data version: 757400, memory: 17596104704 bytes (16780.95 MB)
write base data version: 757500, memory: 17737842688 bytes (16916.12 MB)
write base data version: 757600, memory: 17370107904 bytes (16565.43 MB)
write base data version: 757700, memory: 17525030912 bytes (16713.17 MB)
write base data version: 757800, memory: 17670246400 bytes (16851.66 MB)
write base data version: 757900, memory: 17295392768 bytes (16494.17 MB)
write base data version: 758000, memory: 17439920128 bytes (16632.00 MB)
write base data version: 758100, memory: 17585057792 bytes (16770.42 MB)
write base data version: 758200, memory: 17729290240 bytes (16907.97 MB)
write base data version: 758300, memory: 17356455936 bytes (16552.41 MB)
write base data version: 758400, memory: 17498947584 bytes (16688.30 MB)
write base data version: 758500, memory: 17643417600 bytes (16826.07 MB)
write base data version: 758600, memory: 17788178432 bytes (16964.13 MB)
write base data version: 758700, memory: 17413840896 bytes (16607.13 MB)
write base data version: 758800, memory: 17558847488 bytes (16745.42 MB)
write base data version: 758900, memory: 17703583744 bytes (16883.45 MB)
write base data version: 759000, memory: 17327669248 bytes (16524.95 MB)
write base data version: 759100, memory: 17469968384 bytes (16660.66 MB)
write base data version: 759200, memory: 17614643200 bytes (16798.63 MB)
write base data version: 759300, memory: 17759653888 bytes (16936.93 MB)
write base data version: 759400, memory: 17385037824 bytes (16579.66 MB)
write base data version: 759500, memory: 17529745408 bytes (16717.67 MB)
write base data version: 759600, memory: 17673035776 bytes (16854.32 MB)
write base data version: 759700, memory: 17296961536 bytes (16495.67 MB)
write base data version: 759800, memory: 17440681984 bytes (16632.73 MB)
write base data version: 759900, memory: 17585909760 bytes (16771.23 MB)
write base data version: 760000, memory: 17730854912 bytes (16909.46 MB)
write base data version: 760100, memory: 17352880128 bytes (16549.00 MB)
write base data version: 760200, memory: 17497894912 bytes (16687.29 MB)
write base data version: 760300, memory: 17642962944 bytes (16825.64 MB)
write base data version: 760400, memory: 17797050368 bytes (16972.59 MB)
write base data version: 760500, memory: 17427296256 bytes (16619.96 MB)
write base data version: 760600, memory: 17572737024 bytes (16758.67 MB)
write base data version: 760700, memory: 17733607424 bytes (16912.09 MB)
write base data version: 760800, memory: 17354981376 bytes (16551.00 MB)
write base data version: 760900, memory: 17500667904 bytes (16689.94 MB)
write base data version: 761000, memory: 17650233344 bytes (16832.57 MB)
write base data version: 761100, memory: 17797943296 bytes (16973.44 MB)
write base data version: 761200, memory: 17420935168 bytes (16613.90 MB)
write base data version: 761300, memory: 17564712960 bytes (16751.02 MB)
write base data version: 761400, memory: 17710235648 bytes (16889.80 MB)
write base data version: 761500, memory: 17855111168 bytes (17027.96 MB)
write base data version: 761600, memory: 17478397952 bytes (16668.70 MB)
write base data version: 761700, memory: 17620721664 bytes (16804.43 MB)
write base data version: 761800, memory: 17764904960 bytes (16941.93 MB)
write base data version: 761900, memory: 17396355072 bytes (16590.46 MB)
write base data version: 762000, memory: 17551704064 bytes (16738.61 MB)
write base data version: 762100, memory: 17700200448 bytes (16880.23 MB)
write base data version: 762200, memory: 17841733632 bytes (17015.20 MB)
write base data version: 762300, memory: 17466798080 bytes (16657.64 MB)
write base data version: 762400, memory: 17611898880 bytes (16796.02 MB)
write base data version: 762500, memory: 17756213248 bytes (16933.64 MB)
write base data version: 762600, memory: 17396355072 bytes (16590.46 MB)
write base data version: 762700, memory: 17532190720 bytes (16720.00 MB)
write base data version: 762800, memory: 17675972608 bytes (16857.12 MB)
write base data version: 762900, memory: 17821126656 bytes (16995.55 MB)
write base data version: 763000, memory: 17446301696 bytes (16638.09 MB)
write base data version: 763100, memory: 17589157888 bytes (16774.33 MB)
write base data version: 763200, memory: 17732845568 bytes (16911.36 MB)
write base data version: 763300, memory: 17882677248 bytes (17054.25 MB)
write base data version: 763400, memory: 17507319808 bytes (16696.28 MB)
write base data version: 763500, memory: 17653059584 bytes (16835.27 MB)
write base data version: 763600, memory: 17795833856 bytes (16971.43 MB)
write base data version: 763700, memory: 17419960320 bytes (16612.97 MB)
write base data version: 763800, memory: 17563258880 bytes (16749.63 MB)
write base data version: 763900, memory: 17707589632 bytes (16887.27 MB)
write base data version: 764000, memory: 17861373952 bytes (17033.93 MB)
write base data version: 764100, memory: 17493319680 bytes (16682.93 MB)
write base data version: 764200, memory: 17638207488 bytes (16821.11 MB)
write base data version: 764300, memory: 17783406592 bytes (16959.58 MB)
write base data version: 764400, memory: 17406566400 bytes (16600.20 MB)
write base data version: 764500, memory: 17551241216 bytes (16738.17 MB)
write base data version: 764600, memory: 17698668544 bytes (16878.77 MB)
write base data version: 764700, memory: 17843150848 bytes (17016.55 MB)
write base data version: 764800, memory: 17478352896 bytes (16668.66 MB)
write base data version: 764900, memory: 17629532160 bytes (16812.83 MB)
write base data version: 765000, memory: 17772552192 bytes (16949.23 MB)
write base data version: 765100, memory: 17917755392 bytes (17087.70 MB)
write base data version: 765200, memory: 17542479872 bytes (16729.81 MB)
write base data version: 765300, memory: 17686347776 bytes (16867.02 MB)
write base data version: 765400, memory: 17838338048 bytes (17011.96 MB)
write base data version: 765500, memory: 17459408896 bytes (16650.59 MB)
write base data version: 765600, memory: 17603248128 bytes (16787.77 MB)
write base data version: 765700, memory: 17745801216 bytes (16923.71 MB)
write base data version: 765800, memory: 17890627584 bytes (17061.83 MB)
write base data version: 765900, memory: 17514885120 bytes (16703.50 MB)
write base data version: 766000, memory: 17661538304 bytes (16843.36 MB)
write base data version: 766100, memory: 17806790656 bytes (16981.88 MB)
write base data version: 766200, memory: 17436205056 bytes (16628.46 MB)
write base data version: 766300, memory: 17579606016 bytes (16765.22 MB)
write base data version: 766400, memory: 17723748352 bytes (16902.68 MB)
write base data version: 766500, memory: 17866518528 bytes (17038.84 MB)
write base data version: 766600, memory: 17491173376 bytes (16680.88 MB)
write base data version: 766700, memory: 17636757504 bytes (16819.72 MB)
write base data version: 766800, memory: 17783324672 bytes (16959.50 MB)
write base data version: 766900, memory: 17949802496 bytes (17118.27 MB)
write base data version: 767000, memory: 17545535488 bytes (16732.73 MB)
write base data version: 767100, memory: 17686990848 bytes (16867.63 MB)
write base data version: 767200, memory: 17833959424 bytes (17007.79 MB)
write base data version: 767300, memory: 17460162560 bytes (16651.31 MB)
write base data version: 767400, memory: 17614974976 bytes (16798.95 MB)
write base data version: 767500, memory: 17764487168 bytes (16941.54 MB)
write base data version: 767600, memory: 17909506048 bytes (17079.84 MB)
write base data version: 767700, memory: 17535250432 bytes (16722.92 MB)
write base data version: 767800, memory: 17680330752 bytes (16861.28 MB)
write base data version: 767900, memory: 17825521664 bytes (16999.74 MB)
write base data version: 768000, memory: 17446940672 bytes (16638.70 MB)
write base data version: 768100, memory: 17592061952 bytes (16777.10 MB)
write base data version: 768200, memory: 17722372096 bytes (16901.37 MB)
write base data version: 768300, memory: 17866940416 bytes (17039.24 MB)
write base data version: 768400, memory: 17493221376 bytes (16682.84 MB)
write base data version: 768500, memory: 17643008000 bytes (16825.68 MB)
write base data version: 768600, memory: 17833656320 bytes (17007.50 MB)
write base data version: 768700, memory: 17979121664 bytes (17146.23 MB)
write base data version: 768800, memory: 17602531328 bytes (16787.08 MB)
write base data version: 768900, memory: 17746735104 bytes (16924.61 MB)
write base data version: 769000, memory: 17904693248 bytes (17075.25 MB)
write base data version: 769100, memory: 17534586880 bytes (16722.29 MB)
write base data version: 769200, memory: 17674686464 bytes (16855.89 MB)
write base data version: 769300, memory: 17820008448 bytes (16994.48 MB)
write base data version: 769400, memory: 17961791488 bytes (17129.70 MB)
write base data version: 769500, memory: 17587040256 bytes (16772.31 MB)
write base data version: 769600, memory: 17731715072 bytes (16910.28 MB)
write base data version: 769700, memory: 17872769024 bytes (17044.80 MB)
write base data version: 769800, memory: 18012512256 bytes (17178.07 MB)
write base data version: 769900, memory: 17633566720 bytes (16816.68 MB)
write base data version: 770000, memory: 17775005696 bytes (16951.57 MB)
write base data version: 770100, memory: 17920786432 bytes (17090.59 MB)
write base data version: 770200, memory: 17549873152 bytes (16736.86 MB)
write base data version: 770300, memory: 17695543296 bytes (16875.79 MB)
write base data version: 770400, memory: 17840353280 bytes (17013.89 MB)
write base data version: 770500, memory: 17984020480 bytes (17150.90 MB)
write base data version: 770600, memory: 17606967296 bytes (16791.31 MB)
write base data version: 770700, memory: 17751785472 bytes (16929.42 MB)
write base data version: 770800, memory: 17897156608 bytes (17068.06 MB)
write base data version: 770900, memory: 17521639424 bytes (16709.94 MB)
write base data version: 771000, memory: 17666510848 bytes (16848.10 MB)
write base data version: 771100, memory: 17810923520 bytes (16985.82 MB)
write base data version: 771200, memory: 17958125568 bytes (17126.20 MB)
write base data version: 771300, memory: 17585197056 bytes (16770.55 MB)
write base data version: 771400, memory: 17727217664 bytes (16905.99 MB)
write base data version: 771500, memory: 17872003072 bytes (17044.07 MB)
write base data version: 771600, memory: 17497956352 bytes (16687.35 MB)
write base data version: 771700, memory: 17642471424 bytes (16825.17 MB)
write base data version: 771800, memory: 17786470400 bytes (16962.50 MB)
write base data version: 771900, memory: 17932488704 bytes (17101.75 MB)
write base data version: 772000, memory: 17557368832 bytes (16744.01 MB)
write base data version: 772100, memory: 17702912000 bytes (16882.81 MB)
write base data version: 772200, memory: 17847955456 bytes (17021.14 MB)
write base data version: 772300, memory: 17991790592 bytes (17158.31 MB)
write base data version: 772400, memory: 17615822848 bytes (16799.76 MB)
write base data version: 772500, memory: 17756078080 bytes (16933.52 MB)
write base data version: 772600, memory: 17902997504 bytes (17073.63 MB)
write base data version: 772700, memory: 17527504896 bytes (16715.53 MB)
write base data version: 772800, memory: 17672679424 bytes (16853.98 MB)
write base data version: 772900, memory: 17817718784 bytes (16992.30 MB)
write base data version: 773000, memory: 17959899136 bytes (17127.89 MB)
write base data version: 773100, memory: 17584746496 bytes (16770.12 MB)
write base data version: 773200, memory: 17736232960 bytes (16914.59 MB)
write base data version: 773300, memory: 17881063424 bytes (17052.71 MB)
write base data version: 773400, memory: 17516331008 bytes (16704.88 MB)
write base data version: 773500, memory: 17665961984 bytes (16847.57 MB)
write base data version: 773600, memory: 17811025920 bytes (16985.92 MB)
write base data version: 773700, memory: 17959821312 bytes (17127.82 MB)
write base data version: 773800, memory: 17584439296 bytes (16769.83 MB)
write base data version: 773900, memory: 17728180224 bytes (16906.91 MB)
write base data version: 774000, memory: 17872932864 bytes (17044.96 MB)
write base data version: 774100, memory: 18018238464 bytes (17183.53 MB)
write base data version: 774200, memory: 17644138496 bytes (16826.76 MB)
write base data version: 774300, memory: 17789476864 bytes (16965.37 MB)
write base data version: 774400, memory: 17931055104 bytes (17100.39 MB)
write base data version: 774500, memory: 17556520960 bytes (16743.20 MB)
write base data version: 774600, memory: 17701560320 bytes (16881.52 MB)
write base data version: 774700, memory: 17846542336 bytes (17019.79 MB)
write base data version: 774800, memory: 17988165632 bytes (17154.85 MB)
write base data version: 774900, memory: 17613160448 bytes (16797.22 MB)
write base data version: 775000, memory: 17756934144 bytes (16934.33 MB)
write base data version: 775100, memory: 17910108160 bytes (17080.41 MB)
write base data version: 775200, memory: 17535287296 bytes (16722.95 MB)
write base data version: 775300, memory: 17677312000 bytes (16858.40 MB)
write base data version: 775400, memory: 17822089216 bytes (16996.47 MB)
write base data version: 775500, memory: 17967026176 bytes (17134.69 MB)
write base data version: 775600, memory: 17592430592 bytes (16777.45 MB)
write base data version: 775700, memory: 17735761920 bytes (16914.14 MB)
write base data version: 775800, memory: 17878958080 bytes (17050.70 MB)
write base data version: 775900, memory: 18024259584 bytes (17189.27 MB)
write base data version: 776000, memory: 17649516544 bytes (16831.89 MB)
write base data version: 776100, memory: 17797185536 bytes (16972.72 MB)
write base data version: 776200, memory: 17941434368 bytes (17110.29 MB)
write base data version: 776300, memory: 17569021952 bytes (16755.12 MB)
write base data version: 776400, memory: 17716383744 bytes (16895.66 MB)
write base data version: 776500, memory: 17863593984 bytes (17036.05 MB)
write base data version: 776600, memory: 18011795456 bytes (17177.39 MB)
write base data version: 776700, memory: 17630838784 bytes (16814.08 MB)
write base data version: 776800, memory: 17782366208 bytes (16958.59 MB)
write base data version: 776900, memory: 17928110080 bytes (17097.58 MB)
write base data version: 777000, memory: 17552261120 bytes (16739.14 MB)
write base data version: 777100, memory: 17697128448 bytes (16877.30 MB)
write base data version: 777200, memory: 17857175552 bytes (17029.93 MB)
write base data version: 777300, memory: 18009202688 bytes (17174.91 MB)
write base data version: 777400, memory: 17634136064 bytes (16817.22 MB)
write base data version: 777500, memory: 17780674560 bytes (16956.97 MB)
write base data version: 777600, memory: 17925357568 bytes (17094.95 MB)
write base data version: 777700, memory: 18067865600 bytes (17230.86 MB)
write base data version: 777800, memory: 17690554368 bytes (16871.03 MB)
write base data version: 777900, memory: 17844039680 bytes (17017.40 MB)
write base data version: 778000, memory: 17988579328 bytes (17155.25 MB)
write base data version: 778100, memory: 17613443072 bytes (16797.49 MB)
write base data version: 778200, memory: 17757884416 bytes (16935.24 MB)
write base data version: 778300, memory: 17902104576 bytes (17072.78 MB)
write base data version: 778400, memory: 18046980096 bytes (17210.94 MB)
write base data version: 778500, memory: 17672167424 bytes (16853.49 MB)
write base data version: 778600, memory: 17816997888 bytes (16991.61 MB)
write base data version: 778700, memory: 17961906176 bytes (17129.81 MB)
write base data version: 778800, memory: 17585844224 bytes (16771.17 MB)
write base data version: 778900, memory: 17728114688 bytes (16906.85 MB)
write base data version: 779000, memory: 17875140608 bytes (17047.06 MB)
write base data version: 779100, memory: 18019553280 bytes (17184.79 MB)
write base data version: 779200, memory: 17653792768 bytes (16835.97 MB)
write base data version: 779300, memory: 17799008256 bytes (16974.46 MB)
write base data version: 779400, memory: 17942974464 bytes (17111.75 MB)
write base data version: 779500, memory: 18085736448 bytes (17247.90 MB)
write base data version: 779600, memory: 17710931968 bytes (16890.46 MB)
write base data version: 779700, memory: 17856036864 bytes (17028.84 MB)
write base data version: 779800, memory: 18000826368 bytes (17166.93 MB)
write base data version: 779900, memory: 17615966208 bytes (16799.89 MB)
write base data version: 780000, memory: 17759092736 bytes (16936.39 MB)
write base data version: 780100, memory: 17905213440 bytes (17075.74 MB)
write base data version: 780200, memory: 18063736832 bytes (17226.92 MB)
write base data version: 780300, memory: 17690415104 bytes (16870.89 MB)
write base data version: 780400, memory: 17833177088 bytes (17007.04 MB)
write base data version: 780500, memory: 17978277888 bytes (17145.42 MB)
write base data version: 780600, memory: 17616551936 bytes (16800.45 MB)
write base data version: 780700, memory: 17759657984 bytes (16936.93 MB)
write base data version: 780800, memory: 17916293120 bytes (17086.31 MB)
write base data version: 780900, memory: 18062090240 bytes (17225.35 MB)
write base data version: 781000, memory: 17687056384 bytes (16867.69 MB)
write base data version: 781100, memory: 17833660416 bytes (17007.50 MB)
write base data version: 781200, memory: 17981136896 bytes (17148.15 MB)
write base data version: 781300, memory: 18133520384 bytes (17293.47 MB)
write base data version: 781400, memory: 17758089216 bytes (16935.43 MB)
write base data version: 781500, memory: 17903284224 bytes (17073.90 MB)
write base data version: 781600, memory: 18045222912 bytes (17209.27 MB)
write base data version: 781700, memory: 17671835648 bytes (16853.18 MB)
write base data version: 781800, memory: 17816879104 bytes (16991.50 MB)
write base data version: 781900, memory: 17961107456 bytes (17129.05 MB)
write base data version: 782000, memory: 18106167296 bytes (17267.39 MB)
write base data version: 782100, memory: 17730957312 bytes (16909.56 MB)
write base data version: 782200, memory: 17880543232 bytes (17052.21 MB)
write base data version: 782300, memory: 18035302400 bytes (17199.80 MB)
write base data version: 782400, memory: 17661022208 bytes (16842.86 MB)
write base data version: 782500, memory: 17805692928 bytes (16980.83 MB)
write base data version: 782600, memory: 17953746944 bytes (17122.03 MB)
write base data version: 782700, memory: 18098139136 bytes (17259.73 MB)
write base data version: 782800, memory: 17730637824 bytes (16909.25 MB)
write base data version: 782900, memory: 17873379328 bytes (17045.38 MB)
write base data version: 783000, memory: 18017021952 bytes (17182.37 MB)
write base data version: 783100, memory: 18161029120 bytes (17319.71 MB)
write base data version: 783200, memory: 17785356288 bytes (16961.44 MB)
write base data version: 783300, memory: 17930792960 bytes (17100.14 MB)
write base data version: 783400, memory: 18075938816 bytes (17238.56 MB)
write base data version: 783500, memory: 17712463872 bytes (16891.92 MB)
write base data version: 783600, memory: 17857097728 bytes (17029.86 MB)
write base data version: 783700, memory: 18001207296 bytes (17167.29 MB)
write base data version: 783800, memory: 18143989760 bytes (17303.46 MB)
write base data version: 783900, memory: 17773604864 bytes (16950.23 MB)
write base data version: 784000, memory: 17928839168 bytes (17098.27 MB)
write base data version: 784100, memory: 18077290496 bytes (17239.85 MB)
write base data version: 784200, memory: 18221494272 bytes (17377.37 MB)
write base data version: 784300, memory: 17862819840 bytes (17035.31 MB)
write base data version: 784400, memory: 18003759104 bytes (17169.72 MB)
write base data version: 784500, memory: 18148315136 bytes (17307.58 MB)
write base data version: 784600, memory: 17773096960 bytes (16949.75 MB)
write base data version: 784700, memory: 17917988864 bytes (17087.93 MB)
write base data version: 784800, memory: 18072739840 bytes (17235.51 MB)
write base data version: 784900, memory: 18231832576 bytes (17387.23 MB)
write base data version: 785000, memory: 17841004544 bytes (17014.51 MB)
write base data version: 785100, memory: 17984053248 bytes (17150.93 MB)
write base data version: 785200, memory: 18131648512 bytes (17291.69 MB)
write base data version: 785300, memory: 17765974016 bytes (16942.95 MB)
write base data version: 785400, memory: 17918046208 bytes (17087.98 MB)
write base data version: 785500, memory: 18071924736 bytes (17234.73 MB)
write base data version: 785600, memory: 18213277696 bytes (17369.54 MB)
write base data version: 785700, memory: 17838190592 bytes (17011.82 MB)
write base data version: 785800, memory: 17983332352 bytes (17150.24 MB)
write base data version: 785900, memory: 18127433728 bytes (17287.67 MB)
write base data version: 786000, memory: 18270420992 bytes (17424.03 MB)
write base data version: 786100, memory: 17894821888 bytes (17065.83 MB)
write base data version: 786200, memory: 18040684544 bytes (17204.94 MB)
write base data version: 786300, memory: 18185400320 bytes (17342.95 MB)
write base data version: 786400, memory: 17813213184 bytes (16988.00 MB)
write base data version: 786500, memory: 17955188736 bytes (17123.40 MB)
write base data version: 786600, memory: 18100797440 bytes (17262.27 MB)
write base data version: 786700, memory: 18245611520 bytes (17400.37 MB)
write base data version: 786800, memory: 17870725120 bytes (17042.85 MB)
write base data version: 786900, memory: 18019373056 bytes (17184.61 MB)
write base data version: 787000, memory: 18163064832 bytes (17321.65 MB)
write base data version: 787100, memory: 17784504320 bytes (16960.62 MB)
write base data version: 787200, memory: 17931440128 bytes (17100.75 MB)
write base data version: 787300, memory: 18086842368 bytes (17248.96 MB)
write base data version: 787400, memory: 18230177792 bytes (17385.65 MB)
write base data version: 787500, memory: 17852993536 bytes (17025.94 MB)
write base data version: 787600, memory: 17998393344 bytes (17164.61 MB)
write base data version: 787700, memory: 18142982144 bytes (17302.50 MB)
write base data version: 787800, memory: 18291834880 bytes (17444.45 MB)
write base data version: 787900, memory: 17916305408 bytes (17086.32 MB)
write base data version: 788000, memory: 18058600448 bytes (17222.02 MB)
write base data version: 788100, memory: 18203987968 bytes (17360.68 MB)
write base data version: 788200, memory: 17829179392 bytes (17003.23 MB)
write base data version: 788300, memory: 17978638336 bytes (17145.77 MB)
write base data version: 788400, memory: 18129047552 bytes (17289.21 MB)
write base data version: 788500, memory: 18283380736 bytes (17436.39 MB)
write base data version: 788600, memory: 17909981184 bytes (17080.29 MB)
write base data version: 788700, memory: 18054926336 bytes (17218.52 MB)
write base data version: 788800, memory: 18200199168 bytes (17357.06 MB)
write base data version: 788900, memory: 17824669696 bytes (16998.93 MB)
write base data version: 789000, memory: 17969577984 bytes (17137.12 MB)
write base data version: 789100, memory: 18115993600 bytes (17276.76 MB)
write base data version: 789200, memory: 18263339008 bytes (17417.28 MB)
write base data version: 789300, memory: 17902288896 bytes (17072.95 MB)
write base data version: 789400, memory: 18046021632 bytes (17210.03 MB)
write base data version: 789500, memory: 18200256512 bytes (17357.12 MB)
write base data version: 789600, memory: 18354741248 bytes (17504.45 MB)
write base data version: 789700, memory: 17979715584 bytes (17146.79 MB)
write base data version: 789800, memory: 18127130624 bytes (17287.38 MB)
write base data version: 789900, memory: 18282762240 bytes (17435.80 MB)
write base data version: 790000, memory: 17916366848 bytes (17086.38 MB)
write base data version: 790100, memory: 18070417408 bytes (17233.29 MB)
write base data version: 790200, memory: 18215706624 bytes (17371.85 MB)
write base data version: 790300, memory: 18358390784 bytes (17507.93 MB)
write base data version: 790400, memory: 17981964288 bytes (17148.94 MB)
write base data version: 790500, memory: 18126454784 bytes (17286.73 MB)
write base data version: 790600, memory: 18270810112 bytes (17424.40 MB)
write base data version: 790700, memory: 17899159552 bytes (17069.97 MB)
write base data version: 790800, memory: 18050572288 bytes (17214.37 MB)
write base data version: 790900, memory: 18194780160 bytes (17351.89 MB)
write base data version: 791000, memory: 18339885056 bytes (17490.28 MB)
write base data version: 791100, memory: 17965129728 bytes (17132.88 MB)
write base data version: 791200, memory: 18109460480 bytes (17270.53 MB)
write base data version: 791300, memory: 18257833984 bytes (17412.03 MB)
write base data version: 791400, memory: 18402070528 bytes (17549.58 MB)
write base data version: 791500, memory: 18025304064 bytes (17190.27 MB)
write base data version: 791600, memory: 18175389696 bytes (17333.40 MB)
write base data version: 791700, memory: 18319589376 bytes (17470.92 MB)
write base data version: 791800, memory: 17944502272 bytes (17113.21 MB)
write base data version: 791900, memory: 18091601920 bytes (17253.50 MB)
write base data version: 792000, memory: 18096545792 bytes (17258.21 MB)
write base data version: 792100, memory: 18096545792 bytes (17258.21 MB)
write base data version: 792200, memory: 18096545792 bytes (17258.21 MB)
write base data version: 792300, memory: 18096545792 bytes (17258.21 MB)
write base data version: 792400, memory: 18096545792 bytes (17258.21 MB)
write base data version: 792500, memory: 18096545792 bytes (17258.21 MB)
write base data version: 792600, memory: 18096545792 bytes (17258.21 MB)
write base data version: 792700, memory: 18096545792 bytes (17258.21 MB)
write base data version: 792800, memory: 18096545792 bytes (17258.21 MB)
write base data version: 792900, memory: 18096545792 bytes (17258.21 MB)
write base data version: 793000, memory: 18096545792 bytes (17258.21 MB)
write base data version: 793100, memory: 18096545792 bytes (17258.21 MB)
write base data version: 793200, memory: 18096545792 bytes (17258.21 MB)
write base data version: 793300, memory: 18096545792 bytes (17258.21 MB)
write base data version: 793400, memory: 18096545792 bytes (17258.21 MB)
write base data version: 793500, memory: 18096545792 bytes (17258.21 MB)
write base data version: 793600, memory: 18096545792 bytes (17258.21 MB)
write base data version: 793700, memory: 18096545792 bytes (17258.21 MB)
write base data version: 793800, memory: 18096545792 bytes (17258.21 MB)
write base data version: 793900, memory: 18096545792 bytes (17258.21 MB)
write base data version: 794000, memory: 18096545792 bytes (17258.21 MB)
write base data version: 794100, memory: 18096545792 bytes (17258.21 MB)
write base data version: 794200, memory: 18096545792 bytes (17258.21 MB)
write base data version: 794300, memory: 18096545792 bytes (17258.21 MB)
write base data version: 794400, memory: 18096545792 bytes (17258.21 MB)
write base data version: 794500, memory: 18096545792 bytes (17258.21 MB)
write base data version: 794600, memory: 18096545792 bytes (17258.21 MB)
write base data version: 794700, memory: 18096545792 bytes (17258.21 MB)
write base data version: 794800, memory: 18096545792 bytes (17258.21 MB)
write base data version: 794900, memory: 18096545792 bytes (17258.21 MB)
write base data version: 795000, memory: 18096545792 bytes (17258.21 MB)
write base data version: 795100, memory: 18096545792 bytes (17258.21 MB)
write base data version: 795200, memory: 18096545792 bytes (17258.21 MB)
write base data version: 795300, memory: 18096545792 bytes (17258.21 MB)
write base data version: 795400, memory: 18096545792 bytes (17258.21 MB)
write base data version: 795500, memory: 18096545792 bytes (17258.21 MB)
write base data version: 795600, memory: 18096545792 bytes (17258.21 MB)
write base data version: 795700, memory: 18096545792 bytes (17258.21 MB)
write base data version: 795800, memory: 18096545792 bytes (17258.21 MB)
write base data version: 795900, memory: 18096545792 bytes (17258.21 MB)
write base data version: 796000, memory: 18096545792 bytes (17258.21 MB)
write base data version: 796100, memory: 18096545792 bytes (17258.21 MB)
write base data version: 796200, memory: 18096545792 bytes (17258.21 MB)
write base data version: 796300, memory: 18096545792 bytes (17258.21 MB)
write base data version: 796400, memory: 18096545792 bytes (17258.21 MB)
write base data version: 796500, memory: 18096545792 bytes (17258.21 MB)
write base data version: 796600, memory: 18096545792 bytes (17258.21 MB)
write base data version: 796700, memory: 18096545792 bytes (17258.21 MB)
write base data version: 796800, memory: 18096545792 bytes (17258.21 MB)
write base data version: 796900, memory: 18096545792 bytes (17258.21 MB)
write base data version: 797000, memory: 18096545792 bytes (17258.21 MB)
write base data version: 797100, memory: 18096545792 bytes (17258.21 MB)
write base data version: 797200, memory: 18096545792 bytes (17258.21 MB)
write base data version: 797300, memory: 18096545792 bytes (17258.21 MB)
write base data version: 797400, memory: 18096545792 bytes (17258.21 MB)
write base data version: 797500, memory: 18096545792 bytes (17258.21 MB)
write base data version: 797600, memory: 18096545792 bytes (17258.21 MB)
write base data version: 797700, memory: 18096545792 bytes (17258.21 MB)
write base data version: 797800, memory: 18096545792 bytes (17258.21 MB)
write base data version: 797900, memory: 18096545792 bytes (17258.21 MB)
write base data version: 798000, memory: 18096545792 bytes (17258.21 MB)
write base data version: 798100, memory: 18096545792 bytes (17258.21 MB)
write base data version: 798200, memory: 18096545792 bytes (17258.21 MB)
write base data version: 798300, memory: 18096545792 bytes (17258.21 MB)
write base data version: 798400, memory: 18096545792 bytes (17258.21 MB)
write base data version: 798500, memory: 18096545792 bytes (17258.21 MB)
write base data version: 798600, memory: 18096545792 bytes (17258.21 MB)
write base data version: 798700, memory: 18096545792 bytes (17258.21 MB)
write base data version: 798800, memory: 18096545792 bytes (17258.21 MB)
write base data version: 798900, memory: 18096545792 bytes (17258.21 MB)
write base data version: 799000, memory: 18096545792 bytes (17258.21 MB)
write base data version: 799100, memory: 18096545792 bytes (17258.21 MB)
write base data version: 799200, memory: 18096545792 bytes (17258.21 MB)
write base data version: 799300, memory: 18096545792 bytes (17258.21 MB)
write base data version: 799400, memory: 18096545792 bytes (17258.21 MB)
write base data version: 799500, memory: 18096545792 bytes (17258.21 MB)
write base data version: 799600, memory: 18096545792 bytes (17258.21 MB)
write base data version: 799700, memory: 18096545792 bytes (17258.21 MB)
write base data version: 799800, memory: 18096545792 bytes (17258.21 MB)
write base data version: 799900, memory: 18096545792 bytes (17258.21 MB)
write base data version: 800000, memory: 18096545792 bytes (17258.21 MB)
write base data version: 800100, memory: 18096545792 bytes (17258.21 MB)
write base data version: 800200, memory: 18096545792 bytes (17258.21 MB)
write base data version: 800300, memory: 18096545792 bytes (17258.21 MB)
write base data version: 800400, memory: 18096545792 bytes (17258.21 MB)
write base data version: 800500, memory: 18096545792 bytes (17