=== ledgerdb Scale Benchmark 运行日志 ===
开始时间: Wed Mar 18 04:16:58 PM CST 2026
脚本目录: /pcissd/cxy_test/vidb_project/LedgerDatabase/exps
========================================

[2026-03-18 16:16:58] [INFO] 运行默认测试模式...
[2026-03-18 16:16:58] [WARNING] 清理旧数据库数据...
[2026-03-18 16:17:14] [INFO] 启动基准测试...
=== 基准测试输出开始 ===
Benchmark Configuration:
  Write Batch Size: 10000 records
  Read Batch Size:  10000 records
  Key Length:       32 bytes
  Value Length:     512 bytes
  Database Directory: /pcissd/cxy_test/vidb_project/LedgerDatabase/exps/data/
  Result Directory:  /pcissd/cxy_test/vidb_project/LedgerDatabase/exps/results_ledgerdb/
  Result File:       /pcissd/cxy_test/vidb_project/LedgerDatabase/exps/results_ledgerdb/scaleBenchmark_20260318_161658.csv

====================== Test Configuration =====================
Write Batch Size: 10000 records
Read Batch Size:  10000 records
Key Length:       32 bytes
Value Length:     512 bytes
Test Scales:      1000 → 10000 → 100000 → 1000000 → 10000000 → 100000000 → 1000000000
===============================================================

========== Starting Scale Benchmark ==========

========== Testing at data scale: 1,000 ==========
Writing 1000 incremental records (keys: 1-1000, total: 1000)
tip block: 0----0
Test Results: 
[test batch write] generate key value
[test batch write] write data
[test batch write] flush
tip block: 0----1
  Write Throughput: 8229.12 records/sec
  Read Throughput:  99445.42 records/sec
  Total Disk Usage: 12.74 MB
  Average Per Record: 13344.38 bytes
  Current Memory:   56.15 MB
  Peak Memory:      56.15 MB
  Memory Per Record: 58880.00 bytes

========== Testing at data scale: 10,000 ==========
Writing 9000 incremental records (keys: 1001-10000, total: 10000)
tip block: 1----10
Test Results: 
[test batch write] generate key value
[test batch write] write data
[test batch write] flush
tip block: 10----11
  Write Throughput: 7948.68 records/sec
  Read Throughput:  115483.65 records/sec
  Total Disk Usage: 37.17 MB
  Average Per Record: 3895.16 bytes
  Current Memory:   95.50 MB
  Peak Memory:      101.11 MB
  Memory Per Record: 10013.90 bytes

========== Testing at data scale: 100,000 ==========
Writing 90000 incremental records (keys: 10001-100000, total: 100000)
write base data version: 100
tip block: 35----35
Test Results: 
[test batch write] generate key value
[test batch write] write data
[test batch write] flush
tip block: 35----102
  Write Throughput: 1369.93 records/sec
  Read Throughput:  68486.43 records/sec
  Total Disk Usage: 165.10 MB
  Average Per Record: 1731.01 bytes
  Current Memory:   391.27 MB
  Peak Memory:      391.27 MB
  Memory Per Record: 4102.76 bytes

========== Testing at data scale: 1,000,000 ==========
Writing 900000 incremental records (keys: 100001-1000000, total: 1000000)
write base data version: 200
write base data version: 300
write base data version: 400
write base data version: 500
write base data version: 600
write base data version: 700
write base data version: 800
write base data version: 900
write base data version: 1000
tip block: 229----615
Test Results: 
[test batch write] generate key value
[test batch write] write data
[test batch write] flush
tip block: 615----1002
  Write Throughput: 225.10 records/sec
  Read Throughput:  32979.21 records/sec
  Total Disk Usage: 1239.84 MB
  Average Per Record: 1300.05 bytes
  Current Memory:   1862.21 MB
  Peak Memory:      1862.21 MB
  Memory Per Record: 1952.67 bytes

========== Testing at data scale: 10,000,000 ==========
Writing 9000000 incremental records (keys: 1000001-10000000, total: 10000000)
write base data version: 1100
write base data version: 1200
write base data version: 1300
write base data version: 1400
write base data version: 1500
write base data version: 1600
write base data version: 1700
write base data version: 1800
write base data version: 1900
write base data version: 2000
write base data version: 2100
write base data version: 2200
write base data version: 2300
write base data version: 2400
write base data version: 2500
write base data version: 2600
write base data version: 2700
write base data version: 2800
write base data version: 2900
write base data version: 3000
write base data version: 3100
write base data version: 3200
write base data version: 3300
write base data version: 3400
write base data version: 3500
write base data version: 3600
write base data version: 3700
write base data version: 3800
write base data version: 3900
write base data version: 4000
write base data version: 4100
write base data version: 4200
write base data version: 4300
write base data version: 4400
write base data version: 4500
write base data version: 4600
write base data version: 4700
write base data version: 4800
write base data version: 4900
write base data version: 5000
write base data version: 5100
write base data version: 5200
write base data version: 5300
write base data version: 5400
write base data version: 5500
write base data version: 5600
write base data version: 5700
write base data version: 5800
write base data version: 5900
write base data version: 6000
write base data version: 6100
write base data version: 6200
write base data version: 6300
write base data version: 6400
write base data version: 6500
write base data version: 6600
write base data version: 6700
write base data version: 6800
write base data version: 6900
write base data version: 7000
write base data version: 7100
write base data version: 7200
write base data version: 7300
write base data version: 7400
write base data version: 7500
write base data version: 7600
write base data version: 7700
write base data version: 7800
write base data version: 7900
write base data version: 8000
write base data version: 8100
write base data version: 8200
write base data version: 8300
write base data version: 8400
write base data version: 8500
write base data version: 8600
write base data version: 8700
write base data version: 8800
write base data version: 8900
write base data version: 9000
write base data version: 9100
write base data version: 9200
write base data version: 9300
write base data version: 9400
write base data version: 9500
write base data version: 9600
write base data version: 9700
write base data version: 9800
write base data version: 9900
write base data version: 10000
tip block: 1574----3782
Test Results: 
[test batch write] generate key value
[test batch write] write data
[test batch write] flush
tip block: 3782----10003
  Write Throughput: 8.01 records/sec
  Read Throughput:  21488.01 records/sec
  Total Disk Usage: 11386.47 MB
  Average Per Record: 1193.96 bytes
  Current Memory:   27300.45 MB
  Peak Memory:      27784.43 MB
  Memory Per Record: 2862.66 bytes

========== Testing at data scale: 100,000,000 ==========
Writing 90000000 incremental records (keys: 10000001-100000000, total: 100000000)
write base data version: 10100
write base data version: 10200
write base data version: 10300
write base data version: 10400
write base data version: 10500
write base data version: 10600
write base data version: 10700
write base data version: 10800
write base data version: 10900
write base data version: 11000
write base data version: 11100
write base data version: 11200
write base data version: 11300
write base data version: 11400
write base data version: 11500
write base data version: 11600
write base data version: 11700
write base data version: 11800
write base data version: 11900
write base data version: 12000
write base data version: 12100
write base data version: 12200
write base data version: 12300
write base data version: 12400
write base data version: 12500
write base data version: 12600
write base data version: 12700
write base data version: 12800
write base data version: 12900
write base data version: 13000
write base data version: 13100
write base data version: 13200
write base data version: 13300
write base data version: 13400
write base data version: 13500
write base data version: 13600
write base data version: 13700
write base data version: 13800
write base data version: 13900
write base data version: 14000
write base data version: 14100
write base data version: 14200
write base data version: 14300
write base data version: 14400
write base data version: 14500
write base data version: 14600
write base data version: 14700
write base data version: 14800
write base data version: 14900
write base data version: 15000
write base data version: 15100
write base data version: 15200
write base data version: 15300
write base data version: 15400
write base data version: 15500
write base data version: 15600
write base data version: 15700
write base data version: 15800
write base data version: 15900
write base data version: 16000
write base data version: 16100
write base data version: 16200
write base data version: 16300
write base data version: 16400
write base data version: 16500
write base data version: 16600
write base data version: 16700
write base data version: 16800
write base data version: 16900
write base data version: 17000
write base data version: 17100
write base data version: 17200
write base data version: 17300
write base data version: 17400
write base data version: 17500
write base data version: 17600
write base data version: 17700
write base data version: 17800
write base data version: 17900
write base data version: 18000
write base data version: 18100
write base data version: 18200
write base data version: 18300
write base data version: 18400
write base data version: 18500
write base data version: 18600
write base data version: 18700
write base data version: 18800
write base data version: 18900
write base data version: 19000
write base data version: 19100
write base data version: 19200
write base data version: 19300
write base data version: 19400
write base data version: 19500
write base data version: 19600
write base data version: 19700
write base data version: 19800
write base data version: 19900
write base data version: 20000
write base data version: 20100
write base data version: 20200
write base data version: 20300
write base data version: 20400
write base data version: 20500
write base data version: 20600
write base data version: 20700
write base data version: 20800
write base data version: 20900
write base data version: 21000
write base data version: 21100
write base data version: 21200
write base data version: 21300
write base data version: 21400
write base data version: 21500
write base data version: 21600
write base data version: 21700
write base data version: 21800
write base data version: 21900
write base data version: 22000
write base data version: 22100
write base data version: 22200
write base data version: 22300
write base data version: 22400
write base data version: 22500
write base data version: 22600
write base data version: 22700
write base data version: 22800
write base data version: 22900
write base data version: 23000
write base data version: 23100
write base data version: 23200
write base data version: 23300
write base data version: 23400
write base data version: 23500
write base data version: 23600
write base data version: 23700
write base data version: 23800
write base data version: 23900
write base data version: 24000
write base data version: 24100
write base data version: 24200
write base data version: 24300
write base data version: 24400
write base data version: 24500
write base data version: 24600
write base data version: 24700
write base data version: 24800
write base data version: 24900
write base data version: 25000
write base data version: 25100
write base data version: 25200
write base data version: 25300
write base data version: 25400
write base data version: 25500
write base data version: 25600
write base data version: 25700
write base data version: 25800
write base data version: 25900
write base data version: 26000
write base data version: 26100
write base data version: 26200
write base data version: 26300
write base data version: 26400
write base data version: 26500
write base data version: 26600
write base data version: 26700
write base data version: 26800
write base data version: 26900
write base data version: 27000
write base data version: 27100
write base data version: 27200
write base data version: 27300
write base data version: 27400
write base data version: 27500
write base data version: 27600
write base data version: 27700
write base data version: 27800
write base data version: 27900
write base data version: 28000
write base data version: 28100
write base data version: 28200
write base data version: 28300
write base data version: 28400
write base data version: 28500
write base data version: 28600
write base data version: 28700
write base data version: 28800
write base data version: 28900
write base data version: 29000
write base data version: 29100
write base data version: 29200
write base data version: 29300
write base data version: 29400
write base data version: 29500
write base data version: 29600
write base data version: 29700
write base data version: 29800
write base data version: 29900
write base data version: 30000
write base data version: 30100
write base data version: 30200
write base data version: 30300
write base data version: 30400
write base data version: 30500
write base data version: 30600
write base data version: 30700
write base data version: 30800
write base data version: 30900
write base data version: 31000
write base data version: 31100
write base data version: 31200
write base data version: 31300
write base data version: 31400
write base data version: 31500
write base data version: 31600
write base data version: 31700
write base data version: 31800
write base data version: 31900
write base data version: 32000
write base data version: 32100
write base data version: 32200
write base data version: 32300
write base data version: 32400
write base data version: 32500
write base data version: 32600
write base data version: 32700
write base data version: 32800
write base data version: 32900
write base data version: 33000
write base data version: 33100
write base data version: 33200
write base data version: 33300
write base data version: 33400
write base data version: 33500
write base data version: 33600
write base data version: 33700
write base data version: 33800
write base data version: 33900
write base data version: 34000
write base data version: 34100
write base data version: 34200
write base data version: 34300
write base data version: 34400
write base data version: 34500
write base data version: 34600
write base data version: 34700
write base data version: 34800
write base data version: 34900
write base data version: 35000
write base data version: 35100
write base data version: 35200
write base data version: 35300
write base data version: 35400
write base data version: 35500
write base data version: 35600
write base data version: 35700
write base data version: 35800
write base data version: 35900
write base data version: 36000
write base data version: 36100
write base data version: 36200
write base data version: 36300
write base data version: 36400
write base data version: 36500
write base data version: 36600
write base data version: 36700
write base data version: 36800
write base data version: 36900
write base data version: 37000
write base data version: 37100
write base data version: 37200
write base data version: 37300
write base data version: 37400
write base data version: 37500
write base data version: 37600
write base data version: 37700
write base data version: 37800
write base data version: 37900
write base data version: 38000
write base data version: 38100
write base data version: 38200
write base data version: 38300
write base data version: 38400
write base data version: 38500
write base data version: 38600
write base data version: 38700
write base data version: 38800
write base data version: 38900
write base data version: 39000
write base data version: 39100
write base data version: 39200
write base data version: 39300
write base data version: 39400
write base data version: 39500
write base data version: 39600
write base data version: 39700
write base data version: 39800
write base data version: 39900
write base data version: 40000
write base data version: 40100
write base data version: 40200
write base data version: 40300
write base data version: 40400
write base data version: 40500
write base data version: 40600
write base data version: 40700
write base data version: 40800
write base data version: 40900
write base data version: 41000
write base data version: 41100
write base data version: 41200
write base data version: 41300
write base data version: 41400
write base data version: 41500
write base data version: 41600
write base data version: 41700
write base data version: 41800
write base data version: 41900
write base data version: 42000
write base data version: 42100
write base data version: 42200
write base data version: 42300
write base data version: 42400
write base data version: 42500
write base data version: 42600
write base data version: 42700
write base data version: 42800
write base data version: 42900
write base data version: 43000
write base data version: 43100
write base data version: 43200
write base data version: 43300
write base data version: 43400
write base data version: 43500
write base data version: 43600
write base data version: 43700
write base data version: 43800
write base data version: 43900
write base data version: 44000
write base data version: 44100
write base data version: 44200
write base data version: 44300
write base data version: 44400
write base data version: 44500
write base data version: 44600
write base data version: 44700
write base data version: 44800
write base data version: 44900
write base data version: 45000
write base data version: 45100
write base data version: 45200
write base data version: 45300
write base data version: 45400
write base data version: 45500
write base data version: 45600
write base data version: 45700
write base data version: 45800
write base data version: 45900
write base data version: 46000
write base data version: 46100
write base data version: 46200
write base data version: 46300
write base data version: 46400
write base data version: 46500
write base data version: 46600
write base data version: 46700
write base data version: 46800
write base data version: 46900
write base data version: 47000
write base data version: 47100
write base data version: 47200
write base data version: 47300
write base data version: 47400
write base data version: 47500
write base data version: 47600
write base data version: 47700
write base data version: 47800
write base data version: 47900
write base data version: 48000
write base data version: 48100
write base data version: 48200
write base data version: 48300
write base data version: 48400
write base data version: 48500
write base data version: 48600
write base data version: 48700
write base data version: 48800
write base data version: 48900
write base data version: 49000
write base data version: 49100
write base data version: 49200
write base data version: 49300
write base data version: 49400
write base data version: 49500
write base data version: 49600
write base data version: 49700
write base data version: 49800
write base data version: 49900
write base data version: 50000
write base data version: 50100
write base data version: 50200
write base data version: 50300
write base data version: 50400
write base data version: 50500
write base data version: 50600
write base data version: 50700
write base data version: 50800
write base data version: 50900
write base data version: 51000
write base data version: 51100
write base data version: 51200
write base data version: 51300
write base data version: 51400
write base data version: 51500
write base data version: 51600
write base data version: 51700
write base data version: 51800
write base data version: 51900
write base data version: 52000
write base data version: 52100
write base data version: 52200
write base data version: 52300
write base data version: 52400
write base data version: 52500
write base data version: 52600
write base data version: 52700
write base data version: 52800
write base data version: 52900
write base data version: 53000
write base data version: 53100
write base data version: 53200
write base data version: 53300
write base data version: 53400
write base data version: 53500
write base data version: 53600
write base data version: 53700
write base data version: 53800
write base data version: 53900
write base data version: 54000
write base data version: 54100
write base data version: 54200
write base data version: 54300
write base data version: 54400
write base data version: 54500
write base data version: 54600
write base data version: 54700
write base data version: 54800
write base data version: 54900
write base data version: 55000
write base data version: 55100
write base data version: 55200
write base data version: 55300
write base data version: 55400
write base data version: 55500
write base data version: 55600
write base data version: 55700
write base data version: 55800
write base data version: 55900
write base data version: 56000
write base data version: 56100
write base data version: 56200
write base data version: 56300
write base data version: 56400
write base data version: 56500
write base data version: 56600
write base data version: 56700
write base data version: 56800
write base data version: 56900
write base data version: 57000
write base data version: 57100
write base data version: 57200
write base data version: 57300
write base data version: 57400
write base data version: 57500
write base data version: 57600
write base data version: 57700
write base data version: 57800
write base data version: 57900
write base data version: 58000
write base data version: 58100
write base data version: 58200
write base data version: 58300
write base data version: 58400
write base data version: 58500
write base data version: 58600
write base data version: 58700
write base data version: 58800
write base data version: 58900
write base data version: 59000
write base data version: 59100
write base data version: 59200
write base data version: 59300
write base data version: 59400
write base data version: 59500
write base data version: 59600
write base data version: 59700
write base data version: 59800
write base data version: 59900
write base data version: 60000
write base data version: 60100
write base data version: 60200
write base data version: 60300
write base data version: 60400
write base data version: 60500
write base data version: 60600
write base data version: 60700
write base data version: 60800
write base data version: 60900
write base data version: 61000
write base data version: 61100
write base data version: 61200
write base data version: 61300
write base data version: 61400
write base data version: 61500
write base data version: 61600
write base data version: 61700
write base data version: 61800
write base data version: 61900
write base data version: 62000
write base data version: 62100
write base data version: 62200
write base data version: 62300
write base data version: 62400
write base data version: 62500
write base data version: 62600
write base data version: 62700
write base data version: 62800
write base data version: 62900
write base data version: 63000
write base data version: 63100
write base data version: 63200
write base data version: 63300
write base data version: 63400
write base data version: 63500
write base data version: 63600
write base data version: 63700
write base data version: 63800
write base data version: 63900
write base data version: 64000
write base data version: 64100
write base data version: 64200
write base data version: 64300
write base data version: 64400
write base data version: 64500
write base data version: 64600
write base data version: 64700
write base data version: 64800
write base data version: 64900
write base data version: 65000
write base data version: 65100
write base data version: 65200
write base data version: 65300
write base data version: 65400
write base data version: 65500
write base data version: 65600
write base data version: 65700
write base data version: 65800
write base data version: 65900
write base data version: 66000
write base data version: 66100
write base data version: 66200
write base data version: 66300
write base data version: 66400
write base data version: 66500
write base data version: 66600
write base data version: 66700
write base data version: 66800
write base data version: 66900
write base data version: 67000
write base data version: 67100
write base data version: 67200
write base data version: 67300
write base data version: 67400
write base data version: 67500
write base data version: 67600
write base data version: 67700
write base data version: 67800
write base data version: 67900
write base data version: 68000
write base data version: 68100
write base data version: 68200
write base data version: 68300
write base data version: 68400
write base data version: 68500
write base data version: 68600
write base data version: 68700
write base data version: 68800
write base data version: 68900
write base data version: 69000
write base data version: 69100
write base data version: 69200
write base data version: 69300
write base data version: 69400
write base data version: 69500
write base data version: 69600
write base data version: 69700
write base data version: 69800
write base data version: 69900
write base data version: 70000
write base data version: 70100
write base data version: 70200
write base data version: 70300
write base data version: 70400
write base data version: 70500
write base data version: 70600
write base data version: 70700
write base data version: 70800
write base data version: 70900
write base data version: 71000
write base data version: 71100
write base data version: 71200
write base data version: 71300
write base data version: 71400
write base data version: 71500
write base data version: 71600
write base data version: 71700
write base data version: 71800
write base data version: 71900
write base data version: 72000
write base data version: 72100
write base data version: 72200
write base data version: 72300
write base data version: 72400
write base data version: 72500
write base data version: 72600
write base data version: 72700
write base data version: 72800
write base data version: 72900
write base data version: 73000
write base data version: 73100
write base data version: 73200
write base data version: 73300
write base data version: 73400
write base data version: 73500
write base data version: 73600
write base data version: 73700
write base data version: 73800
write base data version: 73900
write base data version: 74000
write base data version: 74100
write base data version: 74200
write base data version: 74300
write base data version: 74400
write base data version: 74500
write base data version: 74600
write base data version: 74700
write base data version: 74800
write base data version: 74900
write base data version: 75000
write base data version: 75100
write base data version: 75200
write base data version: 75300
write base data version: 75400
write base data version: 75500
write base data version: 75600
write base data version: 75700
write base data version: 75800
write base data version: 75900
write base data version: 76000
write base data version: 76100
write base data version: 76200
write base data version: 76300
write base data version: 76400
write base data version: 76500
write base data version: 76600
write base data version: 76700
write base data version: 76800
write base data version: 76900
write base data version: 77000
write base data version: 77100
write base data version: 77200
write base data version: 77300
write base data version: 77400
write base data version: 77500
write base data version: 77600
write base data version: 77700
write base data version: 77800
write base data version: 77900
write base data version: 78000
write base data version: 78100
write base data version: 78200
write base data version: 78300
write base data version: 78400
write base data version: 78500
write base data version: 78600
write base data version: 78700
write base data version: 78800
write base data version: 78900
write base data version: 79000
write base data version: 79100
write base data version: 79200
write base data version: 79300
write base data version: 79400
write base data version: 79500
write base data version: 79600
write base data version: 79700
write base data version: 79800
write base data version: 79900
write base data version: 80000
write base data version: 80100
write base data version: 80200
write base data version: 80300
write base data version: 80400
write base data version: 80500
write base data version: 80600
write base data version: 80700
write base data version: 80800
write base data version: 80900
write base data version: 81000
write base data version: 81100
write base data version: 81200
write base data version: 81300
write base data version: 81400
write base data version: 81500
write base data version: 81600
write base data version: 81700
write base data version: 81800
write base data version: 81900
write base data version: 82000
write base data version: 82100
write base data version: 82200
write base data version: 82300
write base data version: 82400
write base data version: 82500
write base data version: 82600
write base data version: 82700
write base data version: 82800
write base data version: 82900
write base data version: 83000
write base data version: 83100
write base data version: 83200
write base data version: 83300
write base data version: 83400
write base data version: 83500
write base data version: 83600
write base data version: 83700
write base data version: 83800
write base data version: 83900
write base data version: 84000
write base data version: 84100
write base data version: 84200
write base data version: 84300
write base data version: 84400
write base data version: 84500
write base data version: 84600
write base data version: 84700
write base data version: 84800
write base data version: 84900
write base data version: 85000
write base data version: 85100
write base data version: 85200
write base data version: 85300
write base data version: 85400
write base data version: 85500
write base data version: 85600
write base data version: 85700
write base data version: 85800
write base data version: 85900
write base data version: 86000
write base data version: 86100
write base data version: 86200
write base data version: 86300
write base data version: 86400
write base data version: 86500
write base data version: 86600
write base data version: 86700
write base data version: 86800
write base data version: 86900
write base data version: 87000
write base data version: 87100
write base data version: 87200
write base data version: 87300
write base data version: 87400
write base data version: 87500
write base data version: 87600
write base data version: 87700
write base data version: 87800
write base data version: 87900
write base data version: 88000
write base data version: 88100
write base data version: 88200
write base data version: 88300
write base data version: 88400
write base data version: 88500
write base data version: 88600
write base data version: 88700
write base data version: 88800
write base data version: 88900
write base data version: 89000
write base data version: 89100
write base data version: 89200
write base data version: 89300
write base data version: 89400
write base data version: 89500
write base data version: 89600
write base data version: 89700
write base data version: 89800
write base data version: 89900
write base data version: 90000
write base data version: 90100
write base data version: 90200
write base data version: 90300
write base data version: 90400
write base data version: 90500
write base data version: 90600
write base data version: 90700
write base data version: 90800
write base data version: 90900
write base data version: 91000
write base data version: 91100
write base data version: 91200
write base data version: 91300
write base data version: 91400
write base data version: 91500
write base data version: 91600
write base data version: 91700
write base data version: 91800
write base data version: 91900
write base data version: 92000
write base data version: 92100
write base data version: 92200
write base data version: 92300
write base data version: 92400
write base data version: 92500
write base data version: 92600
write base data version: 92700
write base data version: 92800
write base data version: 92900
write base data version: 93000
write base data version: 93100
write base data version: 93200
write base data version: 93300
write base data version: 93400
write base data version: 93500
write base data version: 93600
write base data version: 93700
write base data version: 93800
write base data version: 93900
write base data version: 94000
write base data version: 94100
write base data version: 94200
write base data version: 94300
write base data version: 94400
write base data version: 94500
write base data version: 94600
write base data version: 94700
write base data version: 94800
write base data version: 94900
write base data version: 95000
write base data version: 95100
write base data version: 95200
write base data version: 95300
write base data version: 95400
write base data version: 95500
write base data version: 95600
write base data version: 95700
write base data version: 95800
write base data version: 95900
write base data version: 96000
write base data version: 96100
write base data version: 96200
write base data version: 96300
write base data version: 96400
write base data version: 96500
write base data version: 96600
write base data version: 96700
write base data version: 96800
write base data version: 96900
write base data version: 97000
write base data version: 97100
write base data version: 97200
write base data version: 97300
write base data version: 97400
write base data version: 97500
write base data version: 97600
write base data version: 97700
write base data version: 97800
write base data version: 97900
write base data version: 98000
write base data version: 98100
write base data version: 98200
write base data version: 98300
write base data version: 98400
write base data version: 98500
write base data version: 98600
write base data version: 98700
write base data version: 98800
write base data version: 98900
write base data version: 99000
write base data version: 99100
write base data version: 99200
write base data version: 99300
write base data version: 99400
write base data version: 99500
write base data version: 99600
write base data version: 99700
write base data version: 99800
write base data version: 99900
write base data version: 100000
tip block: 18898----79513
Test Results: 
[test batch write] generate key value
[test batch write] write data
[test batch write] flush
tip block: 79513----100004
  Write Throughput: 2.34 records/sec
  Read Throughput:  9780.95 records/sec
  Total Disk Usage: 110102.33 MB
  Average Per Record: 1154.51 bytes
  Current Memory:   301056.67 MB
  Peak Memory:      304914.41 MB
  Memory Per Record: 3156.81 bytes

========== Testing at data scale: 1,000,000,000 ==========
Writing 900000000 incremental records (keys: 100000001-1000000000, total: 1000000000)
write base data version: 100100
write base data version: 100200
write base data version: 100300
write base data version: 100400
write base data version: 100500
write base data version: 100600
write base data version: 100700
write base data version: 100800
write base data version: 100900
write base data version: 101000
write base data version: 101100
write base data version: 101200
write base data version: 101300
write base data version: 101400
write base data version: 101500
write base data version: 101600
write base data version: 101700
write base data version: 101800
write base data version: 101900
write base data version: 102000
write base data version: 102100
write base data version: 102200
write base data version: 102300
write base data version: 102400
write base data version: 102500
write base data version: 102600
write base data version: 102700
write base data version: 102800
write base data version: 102900
write base data version: 103000
write base data version: 103100
write base data version: 103200
write base data version: 103300
write base data version: 103400
write base data version: 103500
write base data version: 103600
write base data version: 103700
write base data version: 103800
write base data version: 103900
write base data version: 104000
write base data version: 104100
write base data version: 104200
write base data version: 104300
write base data version: 104400
write base data version: 104500
write base data version: 104600
write base data version: 104700
write base data version: 104800
write base data version: 104900
write base data version: 105000
write base data version: 105100
write base data version: 105200
write base data version: 105300
write base data version: 105400
write base data version: 105500
write base data version: 105600
write base data version: 105700
write base data version: 105800
write base data version: 105900
write base data version: 106000
write base data version: 106100
write base data version: 106200
write base data version: 106300
write base data version: 106400
write base data version: 106500
write base data version: 106600
write base data version: 106700
write base data version: 106800
write base data version: 106900
write base data version: 107000
write base data version: 107100
write base data version: 107200
write base data version: 107300
write base data version: 107400
write base data version: 107500
write base data version: 107600
write base data version: 107700
write base data version: 107800
write base data version: 107900
write base data version: 108000
write base data version: 108100
write base data version: 108200
write base data version: 108300
write base data version: 108400
write base data version: 108500
write base data version: 108600
write base data version: 108700
write base data version: 108800
write base data version: 108900
write base data version: 109000
write base data version: 109100
write base data version: 109200
write base data version: 109300
write base data version: 109400
write base data version: 109500
write base data version: 109600
write base data version: 109700
write base data version: 109800
write base data version: 109900
write base data version: 110000
write base data version: 110100
write base data version: 110200
write base data version: 110300
write base data version: 110400
write base data version: 110500
write base data version: 110600
write base data version: 110700
write base data version: 110800
write base data version: 110900
write base data version: 111000
write base data version: 111100
write base data version: 111200
write base data version: 111300
write base data version: 111400
write base data version: 111500
write base data version: 111600
write base data version: 111700
write base data version: 111800
write base data version: 111900
write base data version: 112000
write base data version: 112100
write base data version: 112200
write base data version: 112300
write base data version: 112400
write base data version: 112500
write base data version: 112600
write base data version: 112700
write base data version: 112800
write base data version: 112900
write base data version: 113000
write base data version: 113100
write base data version: 113200
write base data version: 113300
write base data version: 113400
write base data version: 113500
write base data version: 113600
write base data version: 113700
write base data version: 113800
write base data version: 113900
write base data version: 114000
write base data version: 114100
write base data version: 114200
write base data version: 114300
write base data version: 114400
write base data version: 114500
write base data version: 114600
write base data version: 114700
write base data version: 114800
write base data version: 114900
write base data version: 115000
write base data version: 115100
write base data version: 115200
write base data version: 115300
write base data version: 115400
write base data version: 115500
write base data version: 115600
write base data version: 115700
write base data version: 115800
write base data version: 115900
write base data version: 116000
write base data version: 116100
write base data version: 116200
write base data version: 116300
write base data version: 116400
write base data version: 116500
write base data version: 116600
write base data version: 116700
write base data version: 116800
write base data version: 116900
write base data version: 117000
write base data version: 117100
write base data version: 117200
write base data version: 117300
write base data version: 117400
write base data version: 117500
write base data version: 117600
write base data version: 117700
write base data version: 117800
write base data version: 117900
write base data version: 118000
write base data version: 118100
write base data version: 118200
write base data version: 118300
write base data version: 118400
write base data version: 118500
write base data version: 118600
write base data version: 118700
write base data version: 118800
write base data version: 118900
write base data version: 119000
write base data version: 119100
write base data version: 119200
write base data version: 119300
write base data version: 119400
write base data version: 119500
write base data version: 119600
write base data version: 119700
write base data version: 119800
write base data version: 119900
write base data version: 120000
write base data version: 120100
write base data version: 120200
write base data version: 120300
write base data version: 120400
write base data version: 120500
write base data version: 120600
write base data version: 120700
write base data version: 120800
write base data version: 120900
write base data version: 121000
write base data version: 121100
write base data version: 121200
write base data version: 121300
write base data version: 121400
write base data version: 121500
write base data version: 121600
write base data version: 121700
write base data version: 121800
write base data version: 121900
write base data version: 122000
write base data version: 122100
write base data version: 122200
write base data version: 122300
write base data version: 122400
write base data version: 122500
write base data version: 122600
write base data version: 122700
write base data version: 122800
write base data version: 122900
write base data version: 123000
write base data version: 123100
write base data version: 123200
write base data version: 123300
write base data version: 123400
write base data version: 123500
write base data version: 123600
write base data version: 123700
write base data version: 123800
write base data version: 123900
write base data version: 124000
write base data version: 124100
write base data version: 124200
write base data version: 124300
write base data version: 124400
write base data version: 124500
write base data version: 124600
write base data version: 124700
write base data version: 124800
write base data version: 124900
write base data version: 125000
write base data version: 125100
write base data version: 125200
write base data version: 125300
write base data version: 125400
write base data version: 125500
write base data version: 125600
write base data version: 125700
write base data version: 125800
write base data version: 125900
write base data version: 126000
write base data version: 126100
write base data version: 126200
write base data version: 126300
write base data version: 126400
write base data version: 126500
write base data version: 126600
write base data version: 126700
write base data version: 126800
write base data version: 126900
write base data version: 127000
write base data version: 127100
write base data version: 127200
write base data version: 127300
write base data version: 127400
write base data version: 127500
write base data version: 127600
write base data version: 127700
write base data version: 127800
write base data version: 127900
write base data version: 128000
write base data version: 128100
write base data version: 128200
write base data version: 128300
write base data version: 128400
write base data version: 128500
write base data version: 128600
write base data version: 128700
write base data version: 128800
write base data version: 128900
write base data version: 129000
write base data version: 129100
write base data version: 129200
write base data version: 129300
write base data version: 129400
write base data version: 129500
write base data version: 129600
write base data version: 129700
write base data version: 129800
write base data version: 129900
write base data version: 130000
write base data version: 130100
write base data version: 130200
write base data version: 130300
write base data version: 130400
write base data version: 130500
write base data version: 130600
write base data version: 130700
write base data version: 130800
write base data version: 130900
write base data version: 131000
write base data version: 131100
write base data version: 131200
write base data version: 131300
write base data version: 131400
write base data version: 131500
write base data version: 131600
write base data version: 131700
write base data version: 131800
write base data version: 131900
write base data version: 132000
write base data version: 132100
write base data version: 132200
write base data version: 132300
write base data version: 132400
write base data version: 132500
write base data version: 132600
write base data version: 132700
write base data version: 132800
write base data version: 132900
write base data version: 133000
write base data version: 133100
write base data version: 133200
write base data version: 133300
write base data version: 133400
write base data version: 133500
write base data version: 133600
write base data version: 133700
write base data version: 133800
write base data version: 133900
write base data version: 134000
write base data version: 134100
write base data version: 134200
write base data version: 134300
write base data version: 134400
write base data version: 134500
write base data version: 134600
write base data version: 134700
write base data version: 134800
write base data version: 134900
write base data version: 135000
write base data version: 135100
write base data version: 135200
write base data version: 135300
write base data version: 135400
write base data version: 135500
write base data version: 135600
write base data version: 135700
write base data version: 135800
write base data version: 135900
write base data version: 136000
write base data version: 136100
write base data version: 136200
write base data version: 136300
write base data version: 136400
write base data version: 136500
write base data version: 136600
write base data version: 136700
write base data version: 136800
write base data version: 136900
write base data version: 137000
write base data version: 137100
write base data version: 137200
write base data version: 137300
write base data version: 137400
write base data version: 137500
write base data version: 137600
write base data version: 137700
write base data version: 137800
write base data version: 137900
write base data version: 138000
write base data version: 138100
write base data version: 138200
write base data version: 138300
write base data version: 138400
write base data version: 138500
write base data version: 138600
write base data version: 138700
write base data version: 138800
write base data version: 138900
write base data version: 139000
write base data version: 139100
write base data version: 139200
write base data version: 139300
write base data version: 139400
write base data version: 139500
write base data version: 139600
write base data version: 139700
write base data version: 139800
write base data version: 139900
write base data version: 140000
write base data version: 140100
write base data version: 140200
write base data version: 140300
write base data version: 140400
write base data version: 140500
write base data version: 140600
write base data version: 140700
write base data version: 140800
write base data version: 140900
write base data version: 141000
write base data version: 141100
write base data version: 141200
write base data version: 141300
write base data version: 141400
write base data version: 141500
write base data version: 141600
write base data version: 141700
write base data version: 141800
write base data version: 141900
write base data version: 142000
write base data version: 142100
write base data version: 142200
write base data version: 142300
write base data version: 142400
write base data version: 142500
write base data version: 142600
write base data version: 142700
write base data version: 142800
write base data version: 142900
write base data version: 143000
write base data version: 143100
write base data version: 143200
write base data version: 143300
write base data version: 143400
write base data version: 143500
write base data version: 143600
write base data version: 143700
write base data version: 143800
write base data version: 143900
write base data version: 144000
write base data version: 144100
write base data version: 144200
write base data version: 144300
write base data version: 144400
write base data version: 144500
write base data version: 144600
write base data version: 144700
write base data version: 144800
write base data version: 144900
write base data version: 145000
write base data version: 145100
write base data version: 145200
write base data version: 145300
write base data version: 145400
write base data version: 145500
write base data version: 145600
write base data version: 145700
write base data version: 145800
write base data version: 145900
write base data version: 146000
write base data version: 146100
write base data version: 146200
write base data version: 146300
write base data version: 146400
write base data version: 146500
write base data version: 146600
write base data version: 146700
write base data version: 146800
write base data version: 146900
write base data version: 147000
write base data version: 147100
write base data version: 147200
write base data version: 147300
write base data version: 147400
write base data version: 147500
write base data version: 147600
write base data version: 147700
write base data version: 147800
write base data version: 147900
write base data version: 148000
write base data version: 148100
write base data version: 148200
write base data version: 148300
write base data version: 148400
write base data version: 148500
write base data version: 148600
write base data version: 148700
write base data version: 148800
write base data version: 148900
write base data version: 149000
write base data version: 149100
write base data version: 149200
write base data version: 149300
write base data version: 149400
write base data version: 149500
write base data version: 149600
write base data version: 149700
write base data version: 149800
write base data version: 149900
write base data version: 150000
write base data version: 150100
write base data version: 150200
write base data version: 150300
write base data version: 150400
write base data version: 150500
write base data version: 150600
write base data version: 150700
write base data version: 150800
write base data version: 150900
write base data version: 151000
write base data version: 151100
write base data version: 151200
write base data version: 151300
write base data version: 151400
write base data version: 151500
write base data version: 151600
write base data version: 151700
write base data version: 151800
write base data version: 151900
write base data version: 152000
write base data version: 152100
write base data version: 152200
write base data version: 152300
write base data version: 152400
write base data version: 152500
write base data version: 152600
write base data version: 152700
write base data version: 152800
write base data version: 152900
write base data version: 153000
write base data version: 153100
write base data version: 153200
write base data version: 153300
write base data version: 153400
write base data version: 153500
write base data version: 153600
write base data version: 153700
write base data version: 153800
write base data version: 153900
write base data version: 154000
write base data version: 154100
write base data version: 154200
write base data version: 154300
write base data version: 154400
write base data version: 154500
write base data version: 154600
write base data version: 154700
write base data version: 154800
write base data version: 154900
write base data version: 155000
write base data version: 155100
write base data version: 155200
write base data version: 155300
write base data version: 155400
write base data version: 155500
write base data version: 155600
write base data version: 155700
write base data version: 155800
write base data version: 155900
write base data version: 156000
write base data version: 156100
write base data version: 156200
write base data version: 156300
write base data version: 156400
write base data version: 156500
write base data version: 156600
write base data version: 156700
write base data version: 156800
write base data version: 156900
write base data version: 157000
write base data version: 157100
write base data version: 157200
write base data version: 157300
write base data version: 157400
write base data version: 157500
write base data version: 157600
write base data version: 157700
write base data version: 157800
write base data version: 157900
write base data version: 158000
write base data version: 158100
write base data version: 158200
write base data version: 158300
write base data version: 158400
write base data version: 158500
write base data version: 158600
write base data version: 158700
write base data version: 158800
write base data version: 158900
write base data version: 159000
write base data version: 159100
write base data version: 159200
write base data version: 159300
write base data version: 159400
write base data version: 159500
write base data version: 159600
write base data version: 159700
write base data version: 159800
write base data version: 159900
write base data version: 160000
write base data version: 160100
write base data version: 160200
write base data version: 160300
write base data version: 160400
write base data version: 160500
write base data version: 160600
write base data version: 160700
write base data version: 160800
write base data version: 160900
write base data version: 161000
write base data version: 161100
write base data version: 161200
write base data version: 161300
write base data version: 161400
write base data version: 161500
write base data version: 161600
write base data version: 161700
write base data version: 161800
write base data version: 161900
write base data version: 162000
write base data version: 162100
write base data version: 162200
write base data version: 162300
write base data version: 162400
write base data version: 162500
write base data version: 162600
write base data version: 162700
write base data version: 162800
write base data version: 162900
write base data version: 163000
write base data version: 163100
write base data version: 163200
write base data version: 163300
write base data version: 163400
write base data version: 163500
write base data version: 163600
write base data version: 163700
write base data version: 163800
write base data version: 163900
write base data version: 164000
write base data version: 164100
write base data version: 164200
write base data version: 164300
write base data version: 164400
write base data version: 164500
write base data version: 164600
write base data version: 164700
write base data version: 164800
write base data version: 164900
write base data version: 165000
write base data version: 165100
write base data version: 165200
write base data version: 165300
write base data version: 165400
write base data version: 165500
write base data version: 165600
write base data version: 165700
write base data version: 165800
write base data version: 165900
write base data version: 166000
write base data version: 166100
write base data version: 166200
write base data version: 166300
write base data version: 166400
write base data version: 166500
write base data version: 166600
write base data version: 166700
write base data version: 166800
write base data version: 166900
write base data version: 167000
write base data version: 167100
write base data version: 167200
write base data version: 167300
write base data version: 167400
write base data version: 167500
write base data version: 167600
write base data version: 167700
write base data version: 167800
write base data version: 167900
write base data version: 168000
write base data version: 168100
write base data version: 168200
write base data version: 168300
write base data version: 168400
write base data version: 168500
write base data version: 168600
write base data version: 168700
write base data version: 168800
write base data version: 168900
write base data version: 169000
write base data version: 169100
write base data version: 169200
write base data version: 169300
write base data version: 169400
write base data version: 169500
write base data version: 169600
write base data version: 169700
write base data version: 169800
write base data version: 169900
write base data version: 170000
write base data version: 170100
write base data version: 170200
write base data version: 170300
write base data version: 170400
write base data version: 170500
write base data version: 170600
write base data version: 170700
write base data version: 170800
write base data version: 170900
write base data version: 171000
write base data version: 171100
write base data version: 171200
write base data version: 171300
write base data version: 171400
write base data version: 171500
write base data version: 171600
write base data version: 171700
write base data version: 171800
write base data version: 171900
write base data version: 172000
write base data version: 172100
write base data version: 172200
write base data version: 172300
write base data version: 172400
write base data version: 172500
write base data version: 172600
write base data version: 172700
write base data version: 172800
write base data version: 172900
write base data version: 173000
write base data version: 173100
write base data version: 173200
write base data version: 173300
write base data version: 173400
write base data version: 173500
write base data version: 173600
write base data version: 173700
write base data version: 173800
write base data version: 173900
write base data version: 174000
write base data version: 174100
write base data version: 174200
write base data version: 174300
write base data version: 174400
write base data version: 174500
write base data version: 174600
write base data version: 174700
write base data version: 174800
write base data version: 174900
write base data version: 175000
write base data version: 175100
write base data version: 175200
write base data version: 175300
write base data version: 175400
write base data version: 175500
write base data version: 175600
write base data version: 175700
write base data version: 175800
write base data version: 175900
write base data version: 176000
write base data version: 176100
write base data version: 176200
write base data version: 176300
write base data version: 176400
write base data version: 176500
write base data version: 176600
write base data version: 176700
write base data version: 176800
write base data version: 176900
write base data version: 177000
write base data version: 177100
write base data version: 177200
write base data version: 177300
write base data version: 177400
write base data version: 177500
write base data version: 177600
write base data version: 177700
write base data version: 177800
write base data version: 177900
write base data version: 178000
write base data version: 178100
write base data version: 178200
write base data version: 178300
write base data version: 178400
write base data version: 178500
write base data version: 178600
write base data version: 178700
write base data version: 178800
write base data version: 178900
write base data version: 179000
write base data version: 179100
write base data version: 179200
write base data version: 179300
write base data version: 179400
write base data version: 179500
write base data version: 179600
write base data version: 179700
write base data version: 179800
write base data version: 179900
write base data version: 180000
write base data version: 180100
write base data version: 180200
write base data version: 180300
write base data version: 180400
write base data version: 180500
write base data version: 180600
write base data version: 180700
write base data version: 180800
write base data version: 180900
write base data version: 181000
write base data version: 181100
write base data version: 181200
write base data version: 181300
write base data version: 181400
write base data version: 181500
write base data version: 181600
write base data version: 181700
write base data version: 181800
write base data version: 181900
write base data version: 182000
write base data version: 182100
write base data version: 182200
write base data version: 182300
write base data version: 182400
write base data version: 182500
write base data version: 182600
write base data version: 182700
write base data version: 182800
write base data version: 182900
write base data version: 183000
write base data version: 183100
write base data version: 183200
write base data version: 183300
write base data version: 183400
write base data version: 183500
write base data version: 183600
write base data version: 183700
write base data version: 183800
write base data version: 183900
write base data version: 184000
write base data version: 184100
write base data version: 184200
write base data version: 184300
write base data version: 184400
write base data version: 184500
write base data version: 184600
write base data version: 184700
write base data version: 184800
write base data version: 184900
write base data version: 185000
write base data version: 185100
write base data version: 185200
write base data version: 185300
write base data version: 185400
write base data version: 185500
write base data version: 185600
write base data version: 185700
write base data version: 185800
write base data version: 185900
write base data version: 186000
write base data version: 186100
write base data version: 186200
write base data version: 186300
write base data version: 186400
write base data version: 186500
write base data version: 186600
write base data version: 186700
write base data version: 186800
write base data version: 186900
write base data version: 187000
write base data version: 187100
write base data version: 187200
write base data version: 187300
write base data version: 187400
write base data version: 187500
write base data version: 187600
write base data version: 187700
write base data version: 187800
write base data version: 187900
write base data version: 188000
write base data version: 188100
write base data version: 188200
write base data version: 188300
write base data version: 188400
write base data version: 188500
write base data version: 188600
write base data version: 188700
write base data version: 188800
write base data version: 188900
write base data version: 189000
write base data version: 189100
write base data version: 189200
write base data version: 189300
write base data version: 189400
write base data version: 189500
write base data version: 189600
write base data version: 189700
write base data version: 189800
write base data version: 189900
write base data version: 190000
write base data version: 190100
write base data version: 190200
write base data version: 190300
write base data version: 190400
write base data version: 190500
write base data version: 190600
write base data version: 190700
write base data version: 190800
write base data version: 190900
write base data version: 191000
write base data version: 191100
write base data version: 191200
write base data version: 191300
write base data version: 191400
write base data version: 191500
write base data version: 191600
write base data version: 191700
write base data version: 191800
write base data version: 191900
write base data version: 192000
write base data version: 192100
write base data version: 192200
write base data version: 192300
write base data version: 192400
write base data version: 192500
write base data version: 192600
write base data version: 192700
write base data version: 192800
write base data version: 192900
write base data version: 193000
write base data version: 193100
write base data version: 193200
write base data version: 193300
write base data version: 193400
write base data version: 193500
write base data version: 193600
write base data version: 193700
write base data version: 193800
write base data version: 193900
write base data version: 194000
write base data version: 194100
write base data version: 194200
write base data version: 194300
write base data version: 194400
write base data version: 194500
write base data version: 194600
write base data version: 194700
write base data version: 194800
write base data version: 194900
write base data version: 195000
write base data version: 195100
write base data version: 195200
write base data version: 195300
write base data version: 195400
write base data version: 195500
write base data version: 195600
write base data version: 195700
write base data version: 195800
write base data version: 195900
write base data version: 196000
write base data version: 196100
write base data version: 196200
write base data version: 196300
write base data version: 196400
write base data version: 196500
write base data version: 196600
write base data version: 196700
write base data version: 196800
write base data version: 196900
write base data version: 197000
write base data version: 197100
write base data version: 197200
write base data version: 197300
write base data version: 197400
write base data version: 197500
write base data version: 197600
write base data version: 197700
write base data version: 197800
write base data version: 197900
write base data version: 198000
write base data version: 198100
write base data version: 198200
write base data version: 198300
write base data version: 198400
write base data version: 198500
write base data version: 198600
write base data version: 198700
write base data version: 198800
write base data version: 198900
write base data version: 199000
write base data version: 199100
write base data version: 199200
write base data version: 199300
write base data version: 199400
write base data version: 199500
write base data version: 199600
write base data version: 199700
write base data version: 199800
write base data version: 199900
write base data version: 200000
write base data version: 200100
write base data version: 200200
write base data version: 200300
write base data version: 200400
write base data version: 200500
write base data version: 200600
write base data version: 200700
write base data version: 200800
write base data version: 200900
write base data version: 201000
write base data version: 201100
write base data version: 201200
write base data version: 201300
write base data version: 201400
write base data version: 201500
write base data version: 201600
write base data version: 201700
write base data version: 201800
write base data version: 201900
write base data version: 202000
write base data version: 202100
write base data version: 202200
write base data version: 202300
write base data version: 202400
write base data version: 202500
write base data version: 202600
write base data version: 202700
write base data version: 202800
write base data version: 202900
write base data version: 203000
write base data version: 203100
write base data version: 203200
write base data version: 203300
write base data version: 203400
write base data version: 203500
write base data version: 203600
write base data version: 203700
write base data version: 203800
write base data version: 203900
write base data version: 204000
write base data version: 204100
write base data version: 204200
write base data version: 204300
write base data version: 204400
write base data version: 204500
write base data version: 204600
write base data version: 204700
write base data version: 204800
write base data version: 204900
write base data version: 205000
write base data version: 205100
write base data version: 205200
write base data version: 205300
write base data version: 205400
write base data version: 205500
write base data version: 205600
write base data version: 205700
write base data version: 205800
write base data version: 205900
write base data version: 206000
write base data version: 206100
write base data version: 206200
write base data version: 206300
write base data version: 206400
write base data version: 206500
write base data version: 206600
write base data version: 206700
write base data version: 206800
write base data version: 206900
write base data version: 207000
write base data version: 207100
write base data version: 207200
write base data version: 207300
write base data version: 207400
write base data version: 207500
write base data version: 207600
write base data version: 207700
write base data version: 207800
write base data version: 207900
write base data version: 208000
write base data version: 208100
write base data version: 208200
write base data version: 208300
write base data version: 208400
write base data version: 208500
write base data version: 208600
write base data version: 208700
write base data version: 208800
write base data version: 208900
write base data version: 209000
write base data version: 209100
write base data version: 209200
write base data version: 209300
write base data version: 209400
write base data version: 209500
write base data version: 209600
write base data version: 209700
write base data version: 209800
write base data version: 209900
write base data version: 210000
write base data version: 210100
write base data version: 210200
write base data version: 210300
write base data version: 210400
write base data version: 210500
write base data version: 210600
write base data version: 210700
write base data version: 210800
write base data version: 210900
write base data version: 211000
write base data version: 211100
write base data version: 211200
write base data version: 211300
write base data version: 211400
write base data version: 211500
write base data version: 211600
write base data version: 211700
write base data version: 211800
write base data version: 211900
write base data version: 212000
write base data version: 212100
write base data version: 212200
write base data version: 212300
write base data version: 212400
write base data version: 212500
write base data version: 212600
write base data version: 212700
write base data version: 212800
write base data version: 212900
write base data version: 213000
write base data version: 213100
write base data version: 213200
write base data version: 213300
write base data version: 213400
write base data version: 213500
write base data version: 213600
write base data version: 213700
write base data version: 213800
write base data version: 213900
write base data version: 214000
write base data version: 214100
write base data version: 214200
write base data version: 214300
write base data version: 214400
write base data version: 214500
write base data version: 214600
write base data version: 214700
write base data version: 214800
write base data version: 214900
write base data version: 215000
write base data version: 215100
write base data version: 215200
write base data version: 215300
write base data version: 215400
write base data version: 215500
write base data version: 215600
write base data version: 215700
write base data version: 215800
write base data version: 215900
write base data version: 216000
write base data version: 216100
write base data version: 216200
write base data version: 216300
write base data version: 216400
write base data version: 216500
write base data version: 216600
write base data version: 216700
write base data version: 216800
write base data version: 216900
write base data version: 217000
write base data version: 217100
write base data version: 217200
write base data version: 217300
write base data version: 217400
write base data version: 217500
write base data version: 217600
write base data version: 217700
write base data version: 217800
write base data version: 217900
write base data version: 218000
write base data version: 218100
write base data version: 218200
write base data version: 218300
write base data version: 218400
write base data version: 218500
write base data version: 218600
write base data version: 218700
write base data version: 218800
write base data version: 218900
write base data version: 219000
write base data version: 219100
write base data version: 219200
write base data version: 219300
write base data version: 219400
write base data version: 219500
write base data version: 219600
write base data version: 219700
write base data version: 219800
write base data version: 219900
write base data version: 220000
write base data version: 220100
write base data version: 220200
write base data version: 220300
write base data version: 220400
write base data version: 220500
write base data version: 220600
write base data version: 220700
write base data version: 220800
write base data version: 220900
write base data version: 221000
write base data version: 221100
write base data version: 221200
write base data version: 221300
write base data version: 221400
write base data version: 221500
write base data version: 221600
write base data version: 221700
write base data version: 221800
write base data version: 221900
write base data version: 222000
write base data version: 222100
write base data version: 222200
write base data version: 222300
write base data version: 222400
write base data version: 222500
write base data version: 222600
write base data version: 222700
write base data version: 222800
write base data version: 222900
write base data version: 223000
write base data version: 223100
write base data version: 223200
write base data version: 223300
write base data version: 223400
write base data version: 223500
write base data version: 223600
write base data version: 223700
write base data version: 223800
write base data version: 223900
write base data version: 224000
write base data version: 224100
write base data version: 224200
write base data version: 224300
write base data version: 224400
write base data version: 224500
write base data version: 224600
write base data version: 224700
write base data version: 224800
write base data version: 224900
write base data version: 225000
write base data version: 225100
write base data version: 225200
write base data version: 225300
write base data version: 225400
write base data version: 225500
write base data version: 225600
write base data version: 225700
write base data version: 225800
write base data version: 225900
write base data version: 226000
write base data version: 226100
write base data version: 226200
write base data version: 226300
write base data version: 226400
write base data version: 226500
write base data version: 226600
write base data version: 226700
write base data version: 226800
write base data version: 226900
write base data version: 227000
write base data version: 227100
write base data version: 227200
write base data version: 227300
write base data version: 227400
write base data version: 227500
write base data version: 227600
write base data version: 227700
write base data version: 227800
write base data version: 227900
write base data version: 228000
write base data version: 228100
write base data version: 228200
write base data version: 228300
write base data version: 228400
write base data version: 228500
write base data version: 228600
write base data version: 228700
write base data version: 228800
write base data version: 228900
write base data version: 229000
write base data version: 229100
write base data version: 229200
write base data version: 229300
write base data version: 229400
write base data version: 229500
write base data version: 229600
write base data version: 229700
write base data version: 229800
write base data version: 229900
write base data version: 230000
write base data version: 230100
write base data version: 230200
write base data version: 230300
write base data version: 230400
write base data version: 230500
write base data version: 230600
write base data version: 230700
write base data version: 230800
write base data version: 230900
write base data version: 231000
write base data version: 231100
write base data version: 231200
write base data version: 231300
write base data version: 231400
write base data version: 231500
write base data version: 231600
write base data version: 231700
write base data version: 231800
write base data version: 231900
write base data version: 232000
write base data version: 232100
write base data version: 232200
write base data version: 232300
write base data version: 232400
write base data version: 232500
write base data version: 232600
write base data version: 232700
write base data version: 232800
write base data version: 232900
write base data version: 233000
write base data version: 233100
write base data version: 233200
write base data version: 233300
write base data version: 233400
write base data version: 233500
write base data version: 233600
write base data version: 233700
write base data version: 233800
write base data version: 233900
write base data version: 234000
write base data version: 234100
write base data version: 234200
write base data version: 234300
write base data version: 234400
write base data version: 234500
write base data version: 234600
write base data version: 234700
write base data version: 234800
write base data version: 234900
write base data version: 235000
write base data version: 235100
write base data version: 235200
write base data version: 235300
write base data version: 235400
write base data version: 235500
write base data version: 235600
write base data version: 235700
write base data version: 235800
write base data version: 235900
write base data version: 236000
write base data version: 236100
write base data version: 236200
write base data version: 236300
write base data version: 236400
write base data version: 236500
write base data version: 236600
write base data version: 236700
write base data version: 236800
write base data version: 236900
write base data version: 237000
write base data version: 237100
write base data version: 237200
write base data version: 237300
write base data version: 237400
write base data version: 237500
write base data version: 237600
write base data version: 237700
write base data version: 237800
write base data version: 237900
write base data version: 238000
write base data version: 238100
write base data version: 238200
write base data version: 238300
write base data version: 238400
write base data version: 238500
write base data version: 238600
write base data version: 238700
write base data version: 238800
write base data version: 238900
write base data version: 239000
write base data version: 239100
write base data version: 239200
write base data version: 239300
write base data version: 239400
write base data version: 239500
write base data version: 239600
write base data version: 239700
write base data version: 239800
write base data version: 239900
write base data version: 240000
write base data version: 240100
write base data version: 240200
write base data version: 240300
write base data version: 240400
write base data version: 240500
write base data version: 240600
write base data version: 240700
write base data version: 240800
write base data version: 240900
write base data version: 241000
write base data version: 241100
write base data version: 241200
write base data version: 241300
write base data version: 241400
write base data version: 241500
write base data version: 241600
write base data version: 241700
write base data version: 241800
write base data version: 241900
write base data version: 242000
write base data version: 242100
write base data version: 242200
write base data version: 242300
write base data version: 242400
write base data version: 242500
write base data version: 242600
write base data version: 242700
write base data version: 242800
write base data version: 242900
write base data version: 243000
write base data version: 243100
write base data version: 243200
write base data version: 243300
write base data version: 243400
write base data version: 243500
write base data version: 243600
write base data version: 243700
write base data version: 243800
write base data version: 243900
write base data version: 244000
write base data version: 244100
write base data version: 244200
write base data version: 244300
write base data version: 244400
write base data version: 244500
write base data version: 244600
write base data version: 244700
write base data version: 244800
write base data version: 244900
write base data version: 245000
write base data version: 245100
write base data version: 245200
write base data version: 245300
write base data version: 245400
write base data version: 245500
write base data version: 245600
write base data version: 245700
write base data version: 245800
write base data version: 245900
write base data version: 246000
write base data version: 246100
write base data version: 246200
write base data version: 246300
write base data version: 246400
write base data version: 246500
write base data version: 246600
write base data version: 246700
write base data version: 246800
write base data version: 246900
write base data version: 247000
write base data version: 247100
write base data version: 247200
write base data version: 247300
write base data version: 247400
write base data version: 247500
write base data version: 247600
write base data version: 247700
write base data version: 247800
write base data version: 247900
write base data version: 248000
write base data version: 248100
write base data version: 248200
write base data version: 248300
write base data version: 248400
write base data version: 248500
write base data version: 248600
write base data version: 248700
write base data version: 248800
write base data version: 248900
write base data version: 249000
write base data version: 249100
write base data version: 249200
write base data version: 249300
write base data version: 249400
write base data version: 249500
write base data version: 249600
write base data version: 249700
write base data version: 249800
write base data version: 249900
write base data version: 250000
write base data version: 250100
write base data version: 250200
write base data version: 250300
write base data version: 250400
write base data version: 250500
write base data version: 250600
write base data version: 250700
write base data version: 250800
write base data version: 250900
write base data version: 251000
write base data version: 251100
write base data version: 251200
write base data version: 251300
write base data version: 251400
write base data version: 251500
write base data version: 251600
write base data version: 251700
write base data version: 251800
write base data version: 251900
write base data version: 252000
write base data version: 252100
write base data version: 252200
write base data version: 252300
write base data version: 252400
write base data version: 252500
write base data version: 252600
write base data version: 252700
write base data version: 252800
write base data version: 252900
write base data version: 253000
write base data version: 253100
write base data version: 253200
write base data version: 253300
write base data version: 253400
write base data version: 253500
write base data version: 253600
write base data version: 253700
write base data version: 253800
write base data version: 253900
write base data version: 254000
write base data version: 254100
write base data version: 254200
write base data version: 254300
write base data version: 254400
write base data version: 254500
write base data version: 254600
write base data version: 254700
write base data version: 254800
write base data version: 254900
write base data version: 255000
write base data version: 255100
write base data version: 255200
write base data version: 255300
write base data version: 255400
write base data version: 255500
write base data version: 255600
write base data version: 255700
write base data version: 255800
write base data version: 255900
write base data version: 256000
write base data version: 256100
write base data version: 256200
write base data version: 256300
write base data version: 256400
write base data version: 256500
write base data version: 256600
write base data version: 256700
write base data version: 256800
write base data version: 256900
write base data version: 257000
write base data version: 257100
write base data version: 257200
write base data version: 257300
write base data version: 257400
write base data version: 257500
write base data version: 257600
write base data version: 257700
write base data version: 257800
write base data version: 257900
write base data version: 258000
write base data version: 258100
write base data version: 258200
write base data version: 258300
write base data version: 258400
write base data version: 258500
write base data version: 258600
write base data version: 258700
write base data version: 258800
write base data version: 258900
write base data version: 259000
write base data version: 259100
write base data version: 259200
write base data version: 259300
write base data version: 259400
write base data version: 259500
write base data version: 259600
write base data version: 259700
write base data version: 259800
write base data version: 259900
write base data version: 260000
write base data version: 260100
write base data version: 260200
write base data version: 260300
write base data version: 260400
write base data version: 260500
write base data version: 260600
write base data version: 260700
write base data version: 260800
write base data version: 260900
write base data version: 261000
write base data version: 261100
write base data version: 261200
write base data version: 261300
write base data version: 261400
write base data version: 261500
write base data version: 261600
write base data version: 261700
write base data version: 261800
write base data version: 261900
write base data version: 262000
write base data version: 262100
write base data version: 262200
write base data version: 262300
write base data version: 262400
write base data version: 262500
write base data version: 262600
write base data version: 262700
write base data version: 262800
write base data version: 262900
write base data version: 263000
write base data version: 263100
write base data version: 263200
write base data version: 263300
write base data version: 263400
write base data version: 263500
write base data version: 263600
write base data version: 263700
write base data version: 263800
write base data version: 263900
write base data version: 264000
write base data version: 264100
write base data version: 264200
write base data version: 264300
write base data version: 264400
write base data version: 264500
write base data version: 264600
write base data version: 264700
write base data version: 264800
write base data version: 264900
write base data version: 265000
write base data version: 265100
write base data version: 265200
write base data version: 265300
write base data version: 265400
write base data version: 265500
write base data version: 265600
write base data version: 265700
write base data version: 265800
write base data version: 265900
write base data version: 266000
write base data version: 266100
write base data version: 266200
write base data version: 266300
write base data version: 266400
write base data version: 266500
write base data version: 266600
write base data version: 266700
write base data version: 266800
write base data version: 266900
write base data version: 267000
write base data version: 267100
write base data version: 267200
write base data version: 267300
write base data version: 267400
write base data version: 267500
write base data version: 267600
write base data version: 267700
write base data version: 267800
write base data version: 267900
write base data version: 268000
write base data version: 268100
write base data version: 268200
write base data version: 268300
write base data version: 268400
write base data version: 268500
write base data version: 268600
write base data version: 268700
write base data version: 268800
write base data version: 268900
write base data version: 269000
write base data version: 269100
write base data version: 269200
write base data version: 269300
write base data version: 269400
write base data version: 269500
write base data version: 269600
write base data version: 269700
write base data version: 269800
write base data version: 269900
write base data version: 270000
write base data version: 270100
write base data version: 270200
write base data version: 270300
write base data version: 270400
write base data version: 270500
write base data version: 270600
write base data version: 270700
write base data version: 270800
write base data version: 270900
write base data version: 271000
write base data version: 271100
write base data version: 271200
write base data version: 271300
write base data version: 271400
write base data version: 271500
write base data version: 271600
write base data version: 271700
write base data version: 271800
write base data version: 271900
write base data version: 272000
write base data version: 272100
write base data version: 272200
write base data version: 272300
write base data version: 272400
write base data version: 272500
write base data version: 272600
write base data version: 272700
write base data version: 272800
write base data version: 272900
write base data version: 273000
write base data version: 273100
write base data version: 273200
write base data version: 273300
write base data version: 273400
write base data version: 273500
write base data version: 273600
write base data version: 273700
write base data version: 273800
write base data version: 273900
write base data version: 274000
write base data version: 274100
write base data version: 274200
write base data version: 274300
write base data version: 274400
write base data version: 274500
write base data version: 274600
write base data version: 274700
write base data version: 274800
write base data version: 274900
write base data version: 275000
write base data version: 275100
write base data version: 275200
write base data version: 275300
write base data version: 275400
write base data version: 275500
write base data version: 275600
write base data version: 275700
write base data version: 275800
write base data version: 275900
write base data version: 276000
write base data version: 276100
write base data version: 276200
write base data version: 276300
write base data version: 276400
write base data version: 276500
write base data version: 276600
write base data version: 276700
write base data version: 276800
write base data version: 276900
write base data version: 277000
write base data version: 277100
write base data version: 277200
write base data version: 277300
write base data version: 277400
write base data version: 277500
write base data version: 277600
write base data version: 277700
write base data version: 277800
write base data version: 277900
write base data version: 278000
write base data version: 278100
write base data version: 278200
write base data version: 278300
write base data version: 278400
write base data version: 278500
write base data version: 278600
write base data version: 278700
write base data version: 278800
write base data version: 278900
write base data version: 279000
write base data version: 279100
write base data version: 279200
write base data version: 279300
write base data version: 279400
write base data version: 279500
write base data version: 279600
write base data version: 279700
write base data version: 279800
write base data version: 279900
write base data version: 280000
write base data version: 280100
write base data version: 280200
write base data version: 280300
write base data version: 280400
write base data version: 280500
write base data version: 280600
write base data version: 280700
write base data version: 280800
write base data version: 280900
write base data version: 281000
write base data version: 281100
write base data version: 281200
write base data version: 281300
write base data version: 281400
write base data version: 281500
write base data version: 281600
write base data version: 281700
write base data version: 281800
write base data version: 281900
write base data version: 282000
write base data version: 282100
write base data version: 282200
write base data version: 282300
write base data version: 282400
write base data version: 282500
write base data version: 282600
write base data version: 282700
write base data version: 282800
write base data version: 282900
write base data version: 283000
write base data version: 283100
write base data version: 283200
write base data version: 283300
write base data version: 283400
write base data version: 283500
write base data version: 283600
write base data version: 283700
write base data version: 283800
write base data version: 283900
write base data version: 284000
write base data version: 284100
write base data version: 284200
write base data version: 284300
write base data version: 284400
write base data version: 284500
write base data version: 284600
write base data version: 284700
write base data version: 284800
write base data version: 284900
write base data version: 285000
write base data version: 285100
write base data version: 285200
write base data version: 285300
write base data version: 285400
write base data version: 285500
write base data version: 285600
write base data version: 285700
write base data version: 285800
write base data version: 285900
write base data version: 286000
write base data version: 286100
write base data version: 286200
write base data version: 286300
write base data version: 286400
write base data version: 286500
write base data version: 286600
write base data version: 286700
write base data version: 286800
write base data version: 286900
write base data version: 287000
write base data version: 287100
write base data version: 287200
write base data version: 287300
write base data version: 287400
write base data version: 287500
write base data version: 287600
write base data version: 287700
write base data version: 287800
write base data version: 287900
write base data version: 288000
write base data version: 288100
write base data version: 288200
write base data version: 288300
write base data version: 288400
write base data version: 288500
write base data version: 288600
write base data version: 288700
write base data version: 288800
write base data version: 288900
write base data version: 289000
write base data version: 289100
write base data version: 289200
write base data version: 289300
write base data version: 289400
write base data version: 289500
write base data version: 289600
write base data version: 289700
write base data version: 289800
write base data version: 289900
write base data version: 290000
write base data version: 290100
write base data version: 290200
write base data version: 290300
write base data version: 290400
write base data version: 290500
write base data version: 290600
write base data version: 290700
write base data version: 290800
write base data version: 290900
write base data version: 291000
write base data version: 291100
write base data version: 291200
write base data version: 291300
write base data version: 291400
write base data version: 291500
write base data version: 291600
write base data version: 291700
write base data version: 291800
write base data version: 291900
write base data version: 292000
write base data version: 292100
write base data version: 292200
write base data version: 292300
write base data version: 292400
write base data version: 292500
write base data version: 292600
write base data version: 292700
write base data version: 292800
write base data version: 292900
write base data version: 293000
write base data version: 293100
write base data version: 293200
write base data version: 293300
write base data version: 293400
write base data version: 293500
write base data version: 293600
write base data version: 293700
write base data version: 293800
write base data version: 293900
write base data version: 294000
write base data version: 294100
write base data version: 294200
write base data version: 294300
write base data version: 294400
write base data version: 294500
write base data version: 294600
write base data version: 294700
write base data version: 294800
write base data version: 294900
write base data version: 295000
write base data version: 295100
write base data version: 295200
write base data version: 295300
write base data version: 295400
write base data version: 295500
write base data version: 295600
write base data version: 295700
write base data version: 295800
write base data version: 295900
write base data version: 296000
write base data version: 296100
write base data version: 296200
write base data version: 296300
write base data version: 296400
write base data version: 296500
write base data version: 296600
write base data version: 296700
write base data version: 296800
write base data version: 296900
write base data version: 297000
write base data version: 297100
write base data version: 297200
write base data version: 297300
write base data version: 297400
write base data version: 297500
write base data version: 297600
write base data version: 297700
write base data version: 297800
write base data version: 297900
write base data version: 298000
write base data version: 298100
write base data version: 298200
write base data version: 298300
write base data version: 298400
write base data version: 298500
write base data version: 298600
write base data version: 298700
write base data version: 298800
write base data version: 298900
write base data version: 299000
write base data version: 299100
write base data version: 299200
write base data version: 299300
write base data version: 299400
write base data version: 299500
write base data version: 299600
write base data version: 299700
write base data version: 299800
write base data version: 299900
write base data version: 300000
write base data version: 300100
write base data version: 300200
write base data version: 300300
write base data version: 300400
write base data version: 300500
write base data version: 300600
write base data version: 300700
write base data version: 300800
write base data version: 300900
write base data version: 301000
write base data version: 301100
write base data version: 301200
write base data version: 301300
write base data version: 301400
write base data version: 301500
write base data version: 301600
write base data version: 301700
write base data version: 301800
write base data version: 301900
write base data version: 302000
write base data version: 302100
write base data version: 302200
write base data version: 302300
write base data version: 302400
write base data version: 302500
write base data version: 302600
write base data version: 302700
write base data version: 302800
write base data version: 302900
write base data version: 303000
write base data version: 303100
write base data version: 303200
write base data version: 303300
write base data version: 303400
write base data version: 303500
write base data version: 303600
write base data version: 303700
write base data version: 303800
write base data version: 303900
write base data version: 304000
write base data version: 304100
write base data version: 304200
write base data version: 304300
write base data version: 304400
write base data version: 304500
write base data version: 304600
write base data version: 304700
write base data version: 304800
write base data version: 304900
write base data version: 305000
write base data version: 305100
write base data version: 305200
write base data version: 305300
write base data version: 305400
write base data version: 305500
write base data version: 305600
write base data version: 305700
write base data version: 305800
write base data version: 305900
write base data version: 306000
write base data version: 306100
write base data version: 306200
write base data version: 306300
write base data version: 306400
write base data version: 306500
write base data version: 306600
write base data version: 306700
write base data version: 306800
write base data version: 306900
write base data version: 307000
write base data version: 307100
write base data version: 307200
write base data version: 307300
write base data version: 307400
write base data version: 307500
write base data version: 307600
write base data version: 307700
write base data version: 307800
write base data version: 307900
write base data version: 308000
write base data version: 308100
write base data version: 308200
write base data version: 308300
write base data version: 308400
write base data version: 308500
write base data version: 308600
write base data version: 308700
write base data version: 308800
write base data version: 308900
write base data version: 309000
write base data version: 309100
write base data version: 309200
write base data version: 309300
write base data version: 309400
write base data version: 309500
write base data version: 309600
write base data version: 309700
write base data version: 309800
write base data version: 309900
write base data version: 310000
write base data version: 310100
write base data version: 310200
write base data version: 310300
write base data version: 310400
write base data version: 310500
write base data version: 310600
write base data version: 310700
write base data version: 310800
write base data version: 310900
write base data version: 311000
write base data version: 311100
write base data version: 311200
write base data version: 311300
write base data version: 311400
write base data version: 311500
write base data version: 311600
write base data version: 311700
write base data version: 311800
write base data version: 311900
write base data version: 312000
write base data version: 312100
write base data version: 312200
write base data version: 312300
write base data version: 312400
write base data version: 312500
write base data version: 312600
write base data version: 312700
write base data version: 312800
write base data version: 312900
write base data version: 313000
write base data version: 313100
write base data version: 313200
write base data version: 313300
write base data version: 313400
write base data version: 313500
write base data version: 313600
write base data version: 313700
write base data version: 313800
write base data version: 313900
write base data version: 314000
write base data version: 314100
write base data version: 314200
write base data version: 314300
write base data version: 314400
write base data version: 314500
write base data version: 314600
write base data version: 314700
write base data version: 314800
write base data version: 314900
write base data version: 315000
write base data version: 315100
write base data version: 315200
write base data version: 315300
write base data version: 315400
write base data version: 315500
write base data version: 315600
write base data version: 315700
write base data version: 315800
write base data version: 315900
write base data version: 316000
write base data version: 316100
write base data version: 316200
write base data version: 316300
write base data version: 316400
write base data version: 316500
write base data version: 316600
write base data version: 316700
write base data version: 316800
write base data version: 316900
write base data version: 317000
write base data version: 317100
write base data version: 317200
write base data version: 317300
write base data version: 317400
write base data version: 317500
write base data version: 317600
write base data version: 317700
write base data version: 317800
write base data version: 317900
write base data version: 318000
write base data version: 318100
write base data version: 318200
write base data version: 318300
write base data version: 318400
write base data version: 318500
write base data version: 318600
write base data version: 318700
write base data version: 318800
write base data version: 318900
write base data version: 319000
write base data version: 319100
write base data version: 319200
write base data version: 319300
write base data version: 319400
write base data version: 319500
write base data version: 319600
write base data version: 319700
write base data version: 319800
write base data version: 319900
write base data version: 320000
write base data version: 320100
write base data version: 320200
write base data version: 320300
write base data version: 320400
write base data version: 320500
write base data version: 320600
write base data version: 320700
write base data version: 320800
write base data version: 320900
write base data version: 321000
write base data version: 321100
write base data version: 321200
write base data version: 321300
write base data version: 321400
write base data version: 321500
write base data version: 321600
write base data version: 321700
write base data version: 321800
write base data version: 321900
write base data version: 322000
write base data version: 322100
write base data version: 322200
write base data version: 322300
write base data version: 322400
write base data version: 322500
write base data version: 322600
write base data version: 322700
write base data version: 322800
write base data version: 322900
write base data version: 323000
write base data version: 323100
write base data version: 323200
write base data version: 323300
write base data version: 323400
write base data version: 323500
write base data version: 323600
write base data version: 323700
write base data version: 323800
write base data version: 323900
write base data version: 324000
write base data version: 324100
write base data version: 324200
write base data version: 324300
write base data version: 324400
write base data version: 324500
write base data version: 324600
write base data version: 324700
write base data version: 324800
write base data version: 324900
write base data version: 325000
write base data version: 325100
write base data version: 325200
write base data version: 325300
write base data version: 325400
write base data version: 325500
write base data version: 325600
write base data version: 325700
write base data version: 325800
write base data version: 325900
write base data version: 326000
write base data version: 326100
write base data version: 326200
write base data version: 326300
write base data version: 326400
write base data version: 326500
write base data version: 326600
write base data version: 326700
write base data version: 326800
write base data version: 326900
write base data version: 327000
write base data version: 327100
write base data version: 327200
write base data version: 327300
write base data version: 327400
write base data version: 327500
write base data version: 327600
write base data version: 327700
write base data version: 327800
write base data version: 327900
write base data version: 328000
write base data version: 328100
write base data version: 328200
write base data version: 328300
write base data version: 328400
write base data version: 328500
write base data version: 328600
write base data version: 328700
write base data version: 328800
write base data version: 328900
write base data version: 329000
write base data version: 329100
write base data version: 329200
write base data version: 329300
write base data version: 329400
write base data version: 329500
write base data version: 329600
write base data version: 329700
write base data version: 329800
write base data version: 329900
write base data version: 330000
write base data version: 330100
write base data version: 330200
write base data version: 330300
write base data version: 330400
write base data version: 330500
write base data version: 330600
write base data version: 330700
write base data version: 330800
write base data version: 330900
write base data version: 331000
write base data version: 331100
write base data version: 331200
write base data version: 331300
write base data version: 331400
write base data version: 331500
write base data version: 331600
write base data version: 331700
write base data version: 331800
write base data version: 331900
write base data version: 332000
write base data version: 332100
write base data version: 332200
write base data version: 332300
write base data version: 332400
write base data version: 332500
write base data version: 332600
write base data version: 332700
write base data version: 332800
write base data version: 332900
write base data version: 333000
write base data version: 333100
write base data version: 333200
write base data version: 333300
write base data version: 333400
write base data version: 333500
write base data version: 333600
write base data version: 333700
write base data version: 333800
write base data version: 333900
write base data version: 334000
write base data version: 334100
write base data version: 334200
write base data version: 334300
write base data version: 334400
write base data version: 334500
write base data version: 334600
write base data version: 334700
write base data version: 334800
write base data version: 334900
write base data version: 335000
write base data version: 335100
write base data version: 335200
write base data version: 335300
write base data version: 335400
write base data version: 335500
write base data version: 335600
write base data version: 335700
write base data version: 335800
write base data version: 335900
write base data version: 336000
write base data version: 336100
write base data version: 336200
write base data version: 336300
write base data version: 336400
write base data version: 336500
write base data version: 336600
write base data version: 336700
write base data version: 336800
write base data version: 336900
write base data version: 337000
write base data version: 337100
write base data version: 337200
write base data version: 337300
write base data version: 337400
write base data version: 337500
write base data version: 337600
write base data version: 337700
write base data version: 337800
write base data version: 337900
write base data version: 338000
write base data version: 338100
write base data version: 338200
write base data version: 338300
write base data version: 338400
write base data version: 338500
write base data version: 338600
write base data version: 338700
write base data version: 338800
write base data version: 338900
write base data version: 339000
write base data version: 339100
write base data version: 339200
write base data version: 339300
write base data version: 339400
write base data version: 339500
write base data version: 339600
write base data version: 339700
write base data version: 339800
write base data version: 339900
write base data version: 340000
write base data version: 340100
write base data version: 340200
write base data version: 340300
write base data version: 340400
write base data version: 340500
write base data version: 340600
write base data version: 340700
write base data version: 340800
write base data version: 340900
write base data version: 341000
write base data version: 341100
write base data version: 341200
write base data version: 341300
write base data version: 341400
write base data version: 341500
write base data version: 341600
write base data version: 341700
write base data version: 341800
write base data version: 341900
write base data version: 342000
write base data version: 342100
write base data version: 342200
write base data version: 342300
write base data version: 342400
write base data version: 342500
write base data version: 342600
write base data version: 342700
write base data version: 342800
write base data version: 342900
write base data version: 343000
write base data version: 343100
write base data version: 343200
write base data version: 343300
write base data version: 343400
write base data version: 343500
write base data version: 343600
write base data version: 343700
write base data version: 343800
write base data version: 343900
write base data version: 344000
write base data version: 344100
write base data version: 344200
write base data version: 344300
write base data version: 344400
write base data version: 344500
write base data version: 344600
write base data version: 344700
write base data version: 344800
write base data version: 344900
write base data version: 345000
write base data version: 345100
write base data version: 345200
write base data version: 345300
write base data version: 345400
write base data version: 345500
write base data version: 345600
write base data version: 345700
write base data version: 345800
write base data version: 345900
write base data version: 346000
write base data version: 346100
write base data version: 346200
write base data version: 346300
write base data version: 346400
write base data version: 346500
write base data version: 346600
write base data version: 346700
write base data version: 346800
write base data version: 346900
write base data version: 347000
write base data version: 347100
write base data version: 347200
write base data version: 347300
write base data version: 347400
write base data version: 347500
write base data version: 347600
write base data version: 347700
write base data version: 347800
write base data version: 347900
write base data version: 348000
write base data version: 348100
write base data version: 348200
write base data version: 348300
write base data version: 348400
write base data version: 348500
write base data version: 348600
write base data version: 348700
write base data version: 348800
write base data version: 348900
write base data version: 349000
write base data version: 349100
write base data version: 349200
write base data version: 349300
write base data version: 349400
write base data version: 349500
write base data version: 349600
write base data version: 349700
write base data version: 349800
write base data version: 349900
write base data version: 350000
write base data version: 350100
write base data version: 350200
write base data version: 350300
write base data version: 350400
write base data version: 350500
write base data version: 350600
write base data version: 350700
write base data version: 350800
write base data version: 350900
write base data version: 351000
write base data version: 351100
write base data version: 351200
write base data version: 351300
write base data version: 351400
write base data version: 351500
write base data version: 351600
write base data version: 351700
write base data version: 351800
write base data version: 351900
write base data version: 352000
write base data version: 352100
write base data version: 352200
write base data version: 352300
write base data version: 352400
write base data version: 352500
write base data version: 352600
write base data version: 352700
write base data version: 352800
write base data version: 352900
write base data version: 353000
write base data version: 353100
write base data version: 353200
write base data version: 353300
write base data version: 353400
write base data version: 353500
write base data version: 353600
write base data version: 353700
write base data version: 353800
write base data version: 353900
write base data version: 354000
write base data version: 354100
write base data version: 354200
write base data version: 354300
write base data version: 354400
write base data version: 354500
write base data version: 354600
write base data version: 354700
write base data version: 354800
write base data version: 354900
write base data version: 355000
write base data version: 355100
write base data version: 355200
write base data version: 355300
write base data version: 355400
write base data version: 355500
write base data version: 355600
write base data version: 355700
write base data version: 355800
write base data version: 355900
write base data version: 356000
write base data version: 356100
write base data version: 356200
write base data version: 356300
write base data version: 356400
write base data version: 356500
write base data version: 356600
write base data version: 356700
write base data version: 356800
write base data version: 356900
write base data version: 357000
write base data version: 357100
write base data version: 357200
write base data version: 357300
write base data version: 357400
write base data version: 357500
write base data version: 357600
write base data version: 357700
write base data version: 357800
write base data version: 357900
write base data version: 358000
write base data version: 358100
write base data version: 358200
write base data version: 358300
write base data version: 358400
write base data version: 358500
write base data version: 358600
write base data version: 358700
write base data version: 358800
write base data version: 358900
write base data version: 359000
write base data version: 359100
write base data version: 359200
write base data version: 359300
write base data version: 359400
write base data version: 359500
write base data version: 359600
write base data version: 359700
write base data version: 359800
write base data version: 359900
write base data version: 360000
write base data version: 360100
write base data version: 360200
write base data version: 360300
write base data version: 360400
write base data version: 360500
write base data version: 360600
write base data version: 360700
write base data version: 360800
write base data version: 360900
write base data version: 361000
write base data version: 361100
write base data version: 361200
write base data version: 361300
write base data version: 361400
write base data version: 361500
write base data version: 361600
write base data version: 361700
write base data version: 361800
write base data version: 361900
write base data version: 362000
write base data version: 362100
write base data version: 362200
write base data version: 362300
write base data version: 362400
write base data version: 362500
write base data version: 362600
write base data version: 362700
write base data version: 362800
write base data version: 362900
write base data version: 363000
write base data version: 363100
write base data version: 363200
write base data version: 363300
write base data version: 363400
write base data version: 363500
write base data version: 363600
write base data version: 363700
write base data version: 363800
write base data version: 363900
write base data version: 364000
write base data version: 364100
write base data version: 364200
write base data version: 364300
write base data version: 364400
write base data version: 364500
write base data version: 364600
write base data version: 364700
write base data version: 364800
write base data version: 364900
write base data version: 365000
write base data version: 365100
write base data version: 365200
write base data version: 365300
write base data version: 365400
write base data version: 365500
write base data version: 365600
write base data version: 365700
write base data version: 365800
write base data version: 365900
write base data version: 366000
write base data version: 366100
write base data version: 366200
write base data version: 366300
write base data version: 366400
write base data version: 366500
write base data version: 366600
write base data version: 366700
write base data version: 366800
write base data version: 366900
write base data version: 367000
write base data version: 367100
write base data version: 367200
write base data version: 367300
write base data version: 367400
write base data version: 367500
write base data version: 367600
write base data version: 367700
write base data version: 367800
write base data version: 367900
write base data version: 368000
write base data version: 368100
write base data version: 368200
write base data version: 368300
write base data version: 368400
write base data version: 368500
write base data version: 368600
write base data version: 368700
write base data version: 368800
write base data version: 368900
write base data version: 369000
write base data version: 369100
write base data version: 369200
write base data version: 369300
write base data version: 369400
write base data version: 369500
write base data version: 369600
write base data version: 369700
write base data version: 369800
write base data version: 369900
write base data version: 370000
write base data version: 370100
write base data version: 370200
write base data version: 370300
write base data version: 370400
write base data version: 370500
write base data version: 370600
write base data version: 370700
write base data version: 370800
write base data version: 370900
write base data version: 371000
write base data version: 371100
write base data version: 371200
write base data version: 371300
write base data version: 371400
write base data version: 371500
write base data version: 371600
write base data version: 371700
write base data version: 371800
write base data version: 371900
write base data version: 372000
write base data version: 372100
write base data version: 372200
write base data version: 372300
write base data version: 372400
write base data version: 372500
write base data version: 372600
write base data version: 372700
write base data version: 372800
write base data version: 372900
write base data version: 373000
write base data version: 373100
write base data version: 373200
write base data version: 373300
write base data version: 373400
write base data version: 373500
write base data version: 373600
write base data version: 373700
write base data version: 373800
write base data version: 373900
write base data version: 374000
write base data version: 374100
write base data version: 374200
write base data version: 374300
write base data version: 374400
write base data version: 374500
write base data version: 374600
write base data version: 374700
write base data version: 374800
write base data version: 374900
write base data version: 375000
write base data version: 375100
write base data version: 375200
write base data version: 375300
write base data version: 375400
write base data version: 375500
write base data version: 375600
write base data version: 375700
write base data version: 375800
write base data version: 375900
write base data version: 376000
write base data version: 376100
write base data version: 376200
write base data version: 376300
write base data version: 376400
write base data version: 376500
write base data version: 376600
write base data version: 376700
write base data version: 376800
write base data version: 376900
write base data version: 377000
write base data version: 377100
write base data version: 377200
write base data version: 377300
write base data version: 377400
write base data version: 377500
write base data version: 377600
write base data version: 377700
write base data version: 377800
write base data version: 377900
write base data version: 378000
write base data version: 378100
write base data version: 378200
write base data version: 378300
write base data version: 378400
write base data version: 378500
write base data version: 378600
write base data version: 378700
write base data version: 378800
write base data version: 378900
write base data version: 379000
write base data version: 379100
write base data version: 379200
write base data version: 379300
write base data version: 379400
write base data version: 379500
write base data version: 379600
write base data version: 379700
write base data version: 379800
write base data version: 379900
write base data version: 380000
write base data version: 380100
write base data version: 380200
write base data version: 380300
write base data version: 380400
write base data version: 380500
write base data version: 380600
write base data version: 380700
write base data version: 380800
write base data version: 380900
write base data version: 381000
write base data version: 381100
write base data version: 381200
write base data version: 381300
write base data version: 381400
write base data version: 381500
write base data version: 381600
write base data version: 381700
write base data version: 381800
write base data version: 381900
write base data version: 382000
write base data version: 382100
write base data version: 382200
write base data version: 382300
write base data version: 382400
write base data version: 382500
write base data version: 382600
write base data version: 382700
write base data version: 382800
write base data version: 382900
write base data version: 383000
write base data version: 383100
write base data version: 383200
write base data version: 383300
write base data version: 383400
write base data version: 383500
write base data version: 383600
write base data version: 383700
write base data version: 383800
write base data version: 383900
write base data version: 384000
write base data version: 384100
write base data version: 384200
write base data version: 384300
write base data version: 384400
write base data version: 384500
write base data version: 384600
write base data version: 384700
write base data version: 384800
write base data version: 384900
write base data version: 385000
write base data version: 385100
write base data version: 385200
write base data version: 385300
write base data version: 385400
write base data version: 385500
write base data version: 385600
write base data version: 385700
write base data version: 385800
write base data version: 385900
write base data version: 386000
write base data version: 386100
write base data version: 386200
write base data version: 386300
write base data version: 386400
write base data version: 386500
write base data version: 386600
write base data version: 386700
write base data version: 386800
write base data version: 386900
write base data version: 387000
write base data version: 387100
write base data version: 387200
write base data version: 387300
write base data version: 387400
write base data version: 387500
write base data version: 387600
write base data version: 387700
write base data version: 387800
write base data version: 387900
write base data version: 388000
write base data version: 388100
write base data version: 388200
write base data version: 388300
write base data version: 388400
write base data version: 388500
write base data version: 388600
write base data version: 388700
write base data version: 388800
write base data version: 388900
write base data version: 389000
write base data version: 389100
write base data version: 389200
write base data version: 389300
write base data version: 389400
write base data version: 389500
write base data version: 389600
write base data version: 389700
write base data version: 389800
write base data version: 389900
write base data version: 390000
write base data version: 390100
write base data version: 390200
write base data version: 390300
write base data version: 390400
write base data version: 390500
write base data version: 390600
write base data version: 390700
write base data version: 390800
write base data version: 390900
write base data version: 391000
write base data version: 391100
write base data version: 391200
write base data version: 391300
write base data version: 391400
write base data version: 391500
write base data version: 391600
write base data version: 391700
write base data version: 391800
write base data version: 391900
write base data version: 392000
write base data version: 392100
write base data version: 392200
write base data version: 392300
write base data version: 392400
write base data version: 392500
write base data version: 392600
write base data version: 392700
write base data version: 392800
write base data version: 392900
write base data version: 393000
write base data version: 393100
write base data version: 393200
write base data version: 393300
write base data version: 393400
write base data version: 393500
write base data version: 393600
write base data version: 393700
write base data version: 393800
write base data version: 393900
write base data version: 394000
write base data version: 394100
write base data version: 394200
write base data version: 394300
write base data version: 394400
write base data version: 394500
write base data version: 394600
write base data version: 394700
write base data version: 394800
write base data version: 394900
write base data version: 395000
write base data version: 395100
write base data version: 395200
write base data version: 395300
write base data version: 395400
write base data version: 395500
write base data version: 395600
write base data version: 395700
write base data version: 395800
write base data version: 395900
write base data version: 396000
write base data version: 396100
write base data version: 396200
write base data version: 396300
write base data version: 396400
write base data version: 396500
write base data version: 396600
write base data version: 396700
write base data version: 396800
write base data version: 396900
write base data version: 397000
write base data version: 397100
write base data version: 397200
write base data version: 397300
write base data version: 397400
write base data version: 397500
write base data version: 397600
write base data version: 397700
write base data version: 397800
write base data version: 397900
write base data version: 398000
write base data version: 398100
write base data version: 398200
write base data version: 398300
write base data version: 398400
write base data version: 398500
write base data version: 398600
write base data version: 398700
write base data version: 398800
write base data version: 398900
write base data version: 399000
write base data version: 399100
write base data version: 399200
write base data version: 399300
write base data version: 399400
write base data version: 399500
write base data version: 399600
write base data version: 399700
write base data version: 399800
write base data version: 399900
write base data version: 400000
write base data version: 400100
write base data version: 400200
write base data version: 400300
write base data version: 400400
write base data version: 400500
write base data version: 400600
write base data version: 400700
write base data version: 400800
write base data version: 400900
write base data version: 401000
write base data version: 401100
write base data version: 401200
write base data version: 401300
write base data version: 401400
write base data version: 401500
write base data version: 401600
write base data version: 401700
write base data version: 401800
write base data version: 401900
write base data version: 402000
write base data version: 402100
write base data version: 402200
write base data version: 402300
write base data version: 402400
write base data version: 402500
write base data version: 402600
write base data version: 402700
write base data version: 402800
write base data version: 402900
write base data version: 403000
write base data version: 403100
write base data version: 403200
write base data version: 403300
write base data version: 403400
write base data version: 403500
write base data version: 403600
write base data version: 403700
write base data version: 403800
write base data version: 403900
write base data version: 404000
write base data version: 404100
write base data version: 404200
write base data version: 404300
write base data version: 404400
write base data version: 404500
write base data version: 404600
write base data version: 404700
write base data version: 404800
write base data version: 404900
write base data version: 405000
write base data version: 405100
write base data version: 405200
write base data version: 405300
write base data version: 405400
write base data version: 405500
write base data version: 405600
write base data version: 405700
write base data version: 405800
write base data version: 405900
write base data version: 406000
write base data version: 406100
write base data version: 406200
write base data version: 406300
write base data version: 406400
write base data version: 406500
write base data version: 406600
write base data version: 406700
write base data version: 406800
write base data version: 406900
write base data version: 407000
write base data version: 407100
write base data version: 407200
write base data version: 407300
write base data version: 407400
write base data version: 407500
write base data version: 407600
write base data version: 407700
write base data version: 407800
write base data version: 407900
write base data version: 408000
write base data version: 408100
write base data version: 408200
write base data version: 408300
write base data version: 408400
write base data version: 408500
write base data version: 408600
write base data version: 408700
write base data version: 408800
write base data version: 408900
write base data version: 409000
write base data version: 409100
write base data version: 409200
write base data version: 409300
write base data version: 409400
write base data version: 409500
write base data version: 409600
write base data version: 409700
write base data version: 409800
write base data version: 409900
write base data version: 410000
write base data version: 410100
write base data version: 410200
write base data version: 410300
write base data version: 410400
write base data version: 410500
write base data version: 410600
write base data version: 410700
write base data version: 410800
write base data version: 410900
write base data version: 411000
write base data version: 411100
write base data version: 411200
write base data version: 411300
write base data version: 411400
write base data version: 411500
write base data version: 411600
write base data version: 411700
write base data version: 411800
write base data version: 411900
write base data version: 412000
write base data version: 412100
write base data version: 412200
write base data version: 412300
write base data version: 412400
write base data version: 412500
write base data version: 412600
write base data version: 412700
write base data version: 412800
write base data version: 412900
write base data version: 413000
write base data version: 413100
write base data version: 413200
write base data version: 413300
write base data version: 413400
write base data version: 413500
write base data version: 413600
write base data version: 413700
write base data version: 413800
write base data version: 413900
write base data version: 414000
write base data version: 414100
write base data version: 414200
write base data version: 414300
write base data version: 414400
write base data version: 414500
write base data version: 414600
write base data version: 414700
write base data version: 414800
write base data version: 414900
write base data version: 415000
write base data version: 415100
write base data version: 415200
write base data version: 415300
write base data version: 415400
write base data version: 415500
write base data version: 415600
write base data version: 415700
write base data version: 415800
write base data version: 415900
write base data version: 416000
write base data version: 416100
write base data version: 416200
write base data version: 416300
write base data version: 416400
write base data version: 416500
write base data version: 416600
write base data version: 416700
write base data version: 416800
write base data version: 416900
write base data version: 417000
write base data version: 417100
write base data version: 417200
write base data version: 417300
write base data version: 417400
write base data version: 417500
write base data version: 417600
write base data version: 417700
write base data version: 417800
write base data version: 417900
write base data version: 418000
write base data version: 418100
write base data version: 418200
write base data version: 418300
write base data version: 418400
write base data version: 418500
write base data version: 418600
write base data version: 418700
write base data version: 418800
write base data version: 418900
write base data version: 419000
write base data version: 419100
write base data version: 419200
write base data version: 419300
write base data version: 419400
write base data version: 419500
write base data version: 419600
write base data version: 419700
write base data version: 419800
write base data version: 419900
write base data version: 420000
write base data version: 420100
write base data version: 420200
write base data version: 420300
write base data version: 420400
write base data version: 420500
write base data version: 420600
write base data version: 420700
write base data version: 420800
write base data version: 420900
write base data version: 421000
write base data version: 421100
write base data version: 421200
write base data version: 421300
write base data version: 421400
write base data version: 421500
write base data version: 421600
write base data version: 421700
write base data version: 421800
write base data version: 421900
write base data version: 422000
write base data version: 422100
write base data version: 422200
write base data version: 422300
write base data version: 422400
write base data version: 422500
write base data version: 422600
write base data version: 422700
write base data version: 422800
write base data version: 422900
write base data version: 423000
write base data version: 423100
write base data version: 423200
write base data version: 423300
write base data version: 423400
write base data version: 423500
write base data version: 423600
write base data version: 423700
write base data version: 423800
write base data version: 423900
write base data version: 424000
write base data version: 424100
write base data version: 424200
write base data version: 424300
write base data version: 424400
write base data version: 424500
write base data version: 424600
write base data version: 424700
write base data version: 424800
write base data version: 424900
write base data version: 425000
write base data version: 425100
write base data version: 425200
write base data version: 425300
write base data version: 425400
write base data version: 425500
write base data version: 425600
write base data version: 425700
write base data version: 425800
write base data version: 425900
write base data version: 426000
write base data version: 426100
write base data version: 426200
write base data version: 426300
write base data version: 426400
write base data version: 426500
write base data version: 426600
write base data version: 426700
write base data version: 426800
write base data version: 426900
write base data version: 427000
write base data version: 427100
write base data version: 427200
write base data version: 427300
write base data version: 427400
write base data version: 427500
write base data version: 427600
write base data version: 427700
write base data version: 427800
write base data version: 427900
write base data version: 428000
write base data version: 428100
write base data version: 428200
write base data version: 428300
write base data version: 428400
write base data version: 428500
write base data version: 428600
write base data version: 428700
write base data version: 428800
write base data version: 428900
write base data version: 429000
write base data version: 429100
write base data version: 429200
write base data version: 429300
write base data version: 429400
write base data version: 429500
write base data version: 429600
write base data version: 429700
write base data version: 429800
write base data version: 429900
write base data version: 430000
write base data version: 430100
write base data version: 430200
write base data version: 430300
write base data version: 430400
write base data version: 430500
write base data version: 430600
write base data version: 430700
write base data version: 430800
write base data version: 430900
write base data version: 431000
write base data version: 431100
write base data version: 431200
write base data version: 431300
write base data version: 431400
write base data version: 431500
write base data version: 431600
write base data version: 431700
write base data version: 431800
write base data version: 431900
write base data version: 432000
write base data version: 432100
write base data version: 432200
write base data version: 432300
write base data version: 432400
write base data version: 432500
write base data version: 432600
write base data version: 432700
write base data version: 432800
write base data version: 432900
write base data version: 433000
write base data version: 433100
write base data version: 433200
write base data version: 433300
write base data version: 433400
write base data version: 433500
write base data version: 433600
write base data version: 433700
write base data version: 433800
write base data version: 433900
write base data version: 434000
write base data version: 434100
write base data version: 434200
write base data version: 434300
write base data version: 434400
write base data version: 434500
write base data version: 434600
write base data version: 434700
write base data version: 434800
write base data version: 434900
write base data version: 435000
write base data version: 435100
write base data version: 435200
write base data version: 435300
write base data version: 435400
write base data version: 435500
write base data version: 435600
write base data version: 435700
write base data version: 435800
write base data version: 435900
write base data version: 436000
write base data version: 436100
write base data version: 436200
write base data version: 436300
write base data version: 436400
write base data version: 436500
write base data version: 436600
write base data version: 436700
write base data version: 436800
write base data version: 436900
write base data version: 437000
write base data version: 437100
write base data version: 437200
write base data version: 437300
write base data version: 437400
write base data version: 437500
write base data version: 437600
write base data version: 437700
write base data version: 437800
write base data version: 437900
write base data version: 438000
write base data version: 438100
write base data version: 438200
write base data version: 438300
write base data version: 438400
write base data version: 438500
write base data version: 438600
write base data version: 438700
write base data version: 438800
write base data version: 438900
write base data version: 439000
write base data version: 439100
write base data version: 439200
write base data version: 439300
write base data version: 439400
write base data version: 439500
write base data version: 439600
write base data version: 439700
write base data version: 439800
write base data version: 439900
write base data version: 440000
write base data version: 440100
write base data version: 440200
write base data version: 440300
write base data version: 440400
write base data version: 440500
write base data version: 440600
write base data version: 440700
write base data version: 440800
write base data version: 440900
write base data version: 441000
write base data version: 441100
write base data version: 441200
write base data version: 441300
write base data version: 441400
write base data version: 441500
write base data version: 441600
write base data version: 441700
write base data version: 441800
write base data version: 441900
write base data version: 442000
write base data version: 442100
write base data version: 442200
write base data version: 442300
write base data version: 442400
write base data version: 442500
write base data version: 442600
write base data version: 442700
write base data version: 442800
write base data version: 442900
write base data version: 443000
write base data version: 443100
write base data version: 443200
write base data version: 443300
write base data version: 443400
write base data version: 443500
write base data version: 443600
write base data version: 443700
write base data version: 443800
write base data version: 443900
write base data version: 444000
write base data version: 444100
write base data version: 444200
write base data version: 444300
write base data version: 444400
write base data version: 444500
write base data version: 444600
write base data version: 444700
write base data version: 444800
write base data version: 444900
write base data version: 445000
write base data version: 445100
write base data version: 445200
write base data version: 445300
write base data version: 445400
write base data version: 445500
write base data version: 445600
write base data version: 445700
write base data version: 445800
write base data version: 445900
write base data version: 446000
write base data version: 446100
write base data version: 446200
write base data version: 446300
write base data version: 446400
write base data version: 446500
write base data version: 446600
write base data version: 446700
write base data version: 446800
write base data version: 446900
write base data version: 447000
write base data version: 447100
write base data version: 447200
write base data version: 447300
write base data version: 447400
write base data version: 447500
write base data version: 447600
write base data version: 447700
write base data version: 447800
write base data version: 447900
write base data version: 448000
write base data version: 448100
write base data version: 448200
write base data version: 448300
write base data version: 448400
write base data version: 448500
write base data version: 448600
write base data version: 448700
write base data version: 448800
write base data version: 448900
write base data version: 449000
write base data version: 449100
write base data version: 449200
write base data version: 449300
write base data version: 449400
write base data version: 449500
write base data version: 449600
write base data version: 449700
write base data version: 449800
write base data version: 449900
write base data version: 450000
write base data version: 450100
write base data version: 450200
write base data version: 450300
write base data version: 450400
write base data version: 450500
write base data version: 450600
write base data version: 450700
write base data version: 450800
write base data version: 450900
write base data version: 451000
write base data version: 451100
write base data version: 451200
write base data version: 451300
write base data version: 451400
write base data version: 451500
write base data version: 451600
write base data version: 451700
write base data version: 451800
write base data version: 451900
write base data version: 452000
write base data version: 452100
write base data version: 452200
write base data version: 452300
write base data version: 452400
write base data version: 452500
write base data version: 452600
write base data version: 452700
write base data version: 452800
write base data version: 452900
write base data version: 453000
write base data version: 453100
write base data version: 453200
write base data version: 453300
write base data version: 453400
write base data version: 453500
write base data version: 453600
write base data version: 453700
write base data version: 453800
write base data version: 453900
write base data version: 454000
write base data version: 454100
write base data version: 454200
write base data version: 454300
write base data version: 454400
write base data version: 454500
write base data version: 454600
write base data version: 454700
write base data version: 454800
write base data version: 454900
write base data version: 455000
write base data version: 455100
write base data version: 455200
write base data version: 455300
write base data version: 455400
write base data version: 455500
write base data version: 455600
write base data version: 455700
write base data version: 455800
write base data version: 455900
write base data version: 456000
write base data version: 456100
write base data version: 456200
write base data version: 456300
write base data version: 456400
write base data version: 456500
write base data version: 456600
write base data version: 456700
write base data version: 456800
write base data version: 456900
write base data version: 457000
write base data version: 457100
write base data version: 457200
write base data version: 457300
write base data version: 457400
write base data version: 457500
write base data version: 457600
write base data version: 457700
write base data version: 457800
write base data version: 457900
write base data version: 458000
write base data version: 458100
write base data version: 458200
write base data version: 458300
write base data version: 458400
write base data version: 458500
write base data version: 458600
write base data version: 458700
write base data version: 458800
write base data version: 458900
write base data version: 459000
write base data version: 459100
write base data version: 459200
write base data version: 459300
write base data version: 459400
write base data version: 459500
write base data version: 459600
write base data version: 459700
write base data version: 459800
write base data version: 459900
write base data version: 460000
write base data version: 460100
write base data version: 460200
write base data version: 460300
write base data version: 460400
write base data version: 460500
write base data version: 460600
write base data version: 460700
write base data version: 460800
write base data version: 460900
write base data version: 461000
write base data version: 461100
write base data version: 461200
write base data version: 461300
write base data version: 461400
write base data version: 461500
write base data version: 461600
write base data version: 461700
write base data version: 461800
write base data version: 461900
write base data version: 462000
write base data version: 462100
write base data version: 462200
write base data version: 462300
write base data version: 462400
write base data version: 462500
write base data version: 462600
write base data version: 462700
write base data version: 462800
write base data version: 462900
write base data version: 463000
write base data version: 463100
write base data version: 463200
write base data version: 463300
write base data version: 463400
write base data version: 463500
write base data version: 463600
write base data version: 463700
write base data version: 463800
write base data version: 463900
write base data version: 464000
write base data version: 464100
write base data version: 464200
write base data version: 464300
write base data version: 464400
write base data version: 464500
write base data version: 464600
write base data version: 464700
write base data version: 464800
write base data version: 464900
write base data version: 465000
write base data version: 465100
write base data version: 465200
write base data version: 465300
write base data version: 465400
write base data version: 465500
write base data version: 465600
write base data version: 465700
write base data version: 465800
write base data version: 465900
write base data version: 466000
write base data version: 466100
write base data version: 466200
write base data version: 466300
write base data version: 466400
write base data version: 466500
write base data version: 466600
write base data version: 466700
write base data version: 466800
write base data version: 466900
write base data version: 467000
write base data version: 467100
write base data version: 467200
write base data version: 467300
write base data version: 467400
write base data version: 467500
write base data version: 467600
write base data version: 467700
write base data version: 467800
write base data version: 467900
write base data version: 468000
write base data version: 468100
write base data version: 468200
write base data version: 468300
write base data version: 468400
write base data version: 468500
write base data version: 468600
write base data version: 468700
write base data version: 468800
write base data version: 468900
write base data version: 469000
write base data version: 469100
write base data version: 469200
write base data version: 469300
write base data version: 469400
write base data version: 469500
write base data version: 469600
write base data version: 469700
write base data version: 469800
write base data version: 469900
write base data version: 470000
write base data version: 470100
write base data version: 470200
write base data version: 470300
write base data version: 470400
write base data version: 470500
write base data version: 470600
write base data version: 470700
write base data version: 470800
write base data version: 470900
write base data version: 471000
write base data version: 471100
write base data version: 471200
write base data version: 471300
write base data version: 471400
write base data version: 471500
write base data version: 471600
write base data version: 471700
write base data version: 471800
write base data version: 471900
write base data version: 472000
write base data version: 472100
write base data version: 472200
write base data version: 472300
write base data version: 472400
write base data version: 472500
write base data version: 472600
write base data version: 472700
write base data version: 472800
write base data version: 472900
write base data version: 473000
write base data version: 473100
write base data version: 473200
write base data version: 473300
write base data version: 473400
write base data version: 473500
write base data version: 473600
write base data version: 473700
write base data version: 473800
write base data version: 473900
write base data version: 474000
write base data version: 474100
write base data version: 474200
write base data version: 474300
write base data version: 474400
write base data version: 474500
write base data version: 474600
write base data version: 474700
write base data version: 474800
write base data version: 474900
write base data version: 475000
write base data version: 475100
write base data version: 475200
write base data version: 475300
write base data version: 475400
write base data version: 475500
write base data version: 475600
write base data version: 475700
write base data version: 475800
write base data version: 475900
write base data version: 476000
write base data version: 476100
write base data version: 476200
write base data version: 476300
write base data version: 476400
write base data version: 476500
write base data version: 476600
write base data version: 476700
write base data version: 476800
write base data version: 476900
write base data version: 477000
write base data version: 477100
write base data version: 477200
write base data version: 477300
write base data version: 477400
write base data version: 477500
write base data version: 477600
write base data version: 477700
write base data version: 477800
write base data version: 477900
write base data version: 478000
write base data version: 478100
write base data version: 478200
write base data version: 478300
write base data version: 478400
write base data version: 478500
write base data version: 478600
write base data version: 478700
write base data version: 478800
write base data version: 478900
write base data version: 479000
write base data version: 479100
write base data version: 479200
write base data version: 479300
write base data version: 479400
write base data version: 479500
write base data version: 479600
write base data version: 479700
write base data version: 479800
write base data version: 479900
write base data version: 480000
write base data version: 480100
write base data version: 480200
write base data version: 480300
write base data version: 480400
write base data version: 480500
write base data version: 480600
write base data version: 480700
write base data version: 480800
write base data version: 480900
write base data version: 481000
write base data version: 481100
write base data version: 481200
write base data version: 481300
write base data version: 481400
write base data version: 481500
write base data version: 481600
write base data version: 481700
write base data version: 481800
write base data version: 481900
write base data version: 482000
write base data version: 482100
write base data version: 482200
write base data version: 482300
write base data version: 482400
write base data version: 482500
write base data version: 482600
write base data version: 482700
write base data version: 482800
write base data version: 482900
write base data version: 483000
write base data version: 483100
write base data version: 483200
write base data version: 483300
write base data version: 483400
write base data version: 483500
write base data version: 483600
write base data version: 483700
write base data version: 483800
write base data version: 483900
write base data version: 484000
write base data version: 484100
write base data version: 484200
write base data version: 484300
write base data version: 484400
write base data version: 484500
write base data version: 484600
write base data version: 484700
write base data version: 484800
write base data version: 484900
write base data version: 485000
write base data version: 485100
write base data version: 485200
write base data version: 485300
write base data version: 485400
write base data version: 485500
write base data version: 485600
write base data version: 485700
write base data version: 485800
write base data version: 485900
write base data version: 486000
write base data version: 486100
write base data version: 486200
write base data version: 486300
write base data version: 486400
write base data version: 486500
write base data version: 486600
write base data version: 486700
write base data version: 486800
write base data version: 486900
write base data version: 487000
write base data version: 487100
write base data version: 487200
write base data version: 487300
write base data version: 487400
write base data version: 487500
write base data version: 487600
write base data version: 487700
write base data version: 487800
write base data version: 487900
write base data version: 488000
write base data version: 488100
write base data version: 488200
write base data version: 488300
write base data version: 488400
write base data version: 488500
write base data version: 488600
write base data version: 488700
write base data version: 488800
write base data version: 488900
write base data version: 489000
write base data version: 489100
write base data version: 489200
write base data version: 489300
write base data version: 489400
write base data version: 489500
write base data version: 489600
write base data version: 489700
write base data version: 489800
write base data version: 489900
write base data version: 490000
write base data version: 490100
write base data version: 490200
write base data version: 490300
write base data version: 490400
write base data version: 490500
write base data version: 490600
write base data version: 490700
write base data version: 490800
write base data version: 490900
write base data version: 491000
write base data version: 491100
write base data version: 491200
write base data version: 491300
write base data version: 491400
write base data version: 491500
write base data version: 491600
write base data version: 491700
write base data version: 491800
write base data version: 491900
write base data version: 492000
write base data version: 492100
write base data version: 492200
write base data version: 492300
write base data version: 492400
write base data version: 492500
write base data version: 492600
write base data version: 492700
write base data version: 492800
write base data version: 492900
write base data version: 493000
write base data version: 493100
write base data version: 493200
write base data version: 493300
write base data version: 493400
write base data version: 493500
write base data version: 493600
write base data version: 493700
write base data version: 493800
write base data version: 493900
write base data version: 494000
write base data version: 494100
write base data version: 494200
write base data version: 494300
write base data version: 494400
write base data version: 494500
write base data version: 494600
write base data version: 494700
write base data version: 494800
write base data version: 494900
write base data version: 495000
write base data version: 495100
write base data version: 495200
write base data version: 495300
write base data version: 495400
write base data version: 495500
write base data version: 495600
write base data version: 495700
write base data version: 495800
write base data version: 495900
write base data version: 496000
write base data version: 496100
write base data version: 496200
write base data version: 496300
write base data version: 496400
write base data version: 496500
write base data version: 496600
write base data version: 496700
write base data version: 496800
write base data version: 496900
write base data version: 497000
write base data version: 497100
write base data version: 497200
write base data version: 497300
write base data version: 497400
write base data version: 497500
write base data version: 497600
write base data version: 497700
write base data version: 497800
write base data version: 497900
write base data version: 498000
write base data version: 498100
write base data version: 498200
write base data version: 498300
write base data version: 498400
write base data version: 498500
write base data version: 498600
write base data version: 498700
write base data version: 498800
write base data version: 498900
write base data version: 499000
write base data version: 499100
write base data version: 499200
write base data version: 499300
write base data version: 499400
write base data version: 499500
write base data version: 499600
write base data version: 499700
write base data version: 499800
write base data version: 499900
write base data version: 500000
write base data version: 500100
write base data version: 500200
write base data version: 500300
write base data version: 500400
write base data version: 500500
write base data version: 500600
write base data version: 500700
write base data version: 500800
write base data version: 500900
write base data version: 501000
write base data version: 501100
write base data version: 501200
write base data version: 501300
write base data version: 501400
write base data version: 501500
write base data version: 501600
write base data version: 501700
write base data version: 501800
write base data version: 501900
write base data version: 502000
write base data version: 502100
write base data version: 502200
write base data version: 502300
write base data version: 502400
write base data version: 502500
write base data version: 502600
write base data version: 502700
write base data version: 502800
write base data version: 502900
write base data version: 503000
write base data version: 503100
write base data version: 503200
write base data version: 503300
write base data version: 503400
write base data version: 503500
write base data version: 503600
write base data version: 503700
write base data version: 503800
write base data version: 503900
write base data version: 504000
write base data version: 504100
write base data version: 504200
write base data version: 504300
write base data version: 504400
write base data version: 504500
write base data version: 504600
write base data version: 504700
write base data version: 504800
write base data version: 504900
write base data version: 505000
write base data version: 505100
write base data version: 505200
write base data version: 505300
write base data version: 505400
write base data version: 505500
write base data version: 505600
write base data version: 505700
write base data version: 505800
write base data version: 505900
write base data version: 506000
write base data version: 506100
write base data version: 506200
write base data version: 506300
write base data version: 506400
write base data version: 506500
write base data version: 506600
write base data version: 506700
write base data version: 506800
write base data version: 506900
write base data version: 507000
write base data version: 507100
write base data version: 507200
write base data version: 507300
write base data version: 507400
write base data version: 507500
write base data version: 507600
write base data version: 507700
write base data version: 507800
write base data version: 507900
write base data version: 508000
write base data version: 508100
write base data version: 508200
write base data version: 508300
write base data version: 508400
write base data version: 508500
write base data version: 508600
write base data version: 508700
write base data version: 508800
write base data version: 508900
write base data version: 509000
write base data version: 509100
write base data version: 509200
write base data version: 509300
write base data version: 509400
write base data version: 509500
write base data version: 509600
write base data version: 509700
write base data version: 509800
write base data version: 509900
write base data version: 510000
write base data version: 510100
write base data version: 510200
write base data version: 510300
write base data version: 510400
write base data version: 510500
write base data version: 510600
write base data version: 510700
write base data version: 510800
write base data version: 510900
write base data version: 511000
write base data version: 511100
write base data version: 511200
write base data version: 511300
write base data version: 511400
write base data version: 511500
write base data version: 511600
write base data version: 511700
write base data version: 511800
write base data version: 511900
write base data version: 512000
write base data version: 512100
write base data version: 512200
write base data version: 512300
write base data version: 512400
write base data version: 512500
write base data version: 512600
write base data version: 512700
write base data version: 512800
write base data version: 512900
write base data version: 513000
write base data version: 513100
write base data version: 513200
write base data version: 513300
write base data version: 513400
write base data version: 513500
write base data version: 513600
write base data version: 513700
write base data version: 513800
write base data version: 513900
write base data version: 514000
write base data version: 514100
write base data version: 514200
write base data version: 514300
write base data version: 514400
write base data version: 514500
write base data version: 514600
write base data version: 514700
write base data version: 514800
write base data version: 514900
write base data version: 515000
write base data version: 515100
write base data version: 515200
write base data version: 515300
write base data version: 515400
write base data version: 515500
write base data version: 515600
write base data version: 515700
write base data version: 515800
write base data version: 515900
write base data version: 516000
write base data version: 516100
write base data version: 516200
write base data version: 516300
write base data version: 516400
write base data version: 516500
write base data version: 516600
write base data version: 516700
write base data version: 516800
write base data version: 516900
write base data version: 517000
write base data version: 517100
write base data version: 517200
write base data version: 517300
write base data version: 517400
write base data version: 517500
write base data version: 517600
write base data version: 517700
write base data version: 517800
write base data version: 517900
write base data version: 518000
write base data version: 518100
write base data version: 518200
write base data version: 518300
write base data version: 518400
write base data version: 518500
write base data version: 518600
write base data version: 518700
write base data version: 518800
write base data version: 518900
write base data version: 519000
write base data version: 519100
write base data version: 519200
write base data version: 519300
write base data version: 519400
write base data version: 519500
write base data version: 519600
write base data version: 519700
write base data version: 519800
write base data version: 519900
write base data version: 520000
write base data version: 520100
write base data version: 520200
write base data version: 520300
write base data version: 520400
write base data version: 520500
write base data version: 520600
write base data version: 520700
write base data version: 520800
write base data version: 520900
write base data version: 521000
write base data version: 521100
write base data version: 521200
write base data version: 521300
write base data version: 521400
write base data version: 521500
write base data version: 521600
write base data version: 521700
write base data version: 521800
write base data version: 521900
write base data version: 522000
write base data version: 522100
write base data version: 522200
write base data version: 522300
write base data version: 522400
write base data version: 522500
write base data version: 522600
write base data version: 522700
write base data version: 522800
terminate called after throwing an instance of 'std::bad_alloc'
  what():  std::bad_alloc
=== 基准测试输出结束 ===
[2026-03-19 03:18:56] [INFO] 基准测试完成!
