=== sqlledger Scale Benchmark 运行日志 ===
开始时间: Wed Mar 25 08:25:49 AM CST 2026
脚本目录: /pcissd/cxy_test/vidb_project/LedgerDatabase/exps
========================================

[2026-03-25 08:25:49] [INFO] 运行默认测试模式...
[2026-03-25 08:25:49] [WARNING] 清理旧数据库数据...
[2026-03-25 08:26:29] [INFO] 启动基准测试...
=== 基准测试输出开始 ===
Benchmark Configuration:
  Write Batch Size: 10000 records
  Read Batch Size:  10000 records
  Key Length:       32 bytes
  Value Length:     512 bytes
  Database Directory: /pcissd/cxy_test/vidb_project/LedgerDatabase/exps/data/
  Result Directory:  /pcissd/cxy_test/vidb_project/LedgerDatabase/exps/results_sqlledger/
  Result File:       /pcissd/cxy_test/vidb_project/LedgerDatabase/exps/results_sqlledger/scaleBenchmark_20260325_082549.csv

initialize database .../pcissd/cxy_test/vidb_project/LedgerDatabase/exps/data/
initialized database
====================== Test Configuration =====================
Write Batch Size: 10000 records
Read Batch Size:  10000 records
Key Length:       32 bytes
Value Length:     512 bytes
Test Scales:      1000 → 10000 → 100000 → 1000000 → 10000000 → 100000000 → 200000000 → 1000000000
===============================================================

========== Starting Scale Benchmark ==========

========== Testing at data scale: 1,000 ==========
Writing 1000 incremental records (keys: 1-1000, total: 1000)
tip block: 0----0
Test Results: 
  Total Disk Usage: 1.85 MB
  Average Per Record: 1923.45 bytes
[test batch write] generate key value
[test batch write] write data
[test batch write] flush
tip block: 0----1
  Write Throughput: 8337.66 records/sec
  Read Throughput:  156187.96 records/sec
  Current Memory:   52.95 MB
  Peak Memory:      55.85 MB
  Memory Per Record: 55521.28 bytes

========== Testing at data scale: 10,000 ==========
Writing 9000 incremental records (keys: 1001-10000, total: 10000)
tip block: 1----2
Test Results: 
  Total Disk Usage: 31.66 MB
  Average Per Record: 3317.68 bytes
[test batch write] generate key value
[test batch write] write data
[test batch write] flush
tip block: 2----3
  Write Throughput: 7942.86 records/sec
  Read Throughput:  120674.86 records/sec
  Current Memory:   77.80 MB
  Peak Memory:      87.99 MB
  Memory Per Record: 8158.00 bytes

========== Testing at data scale: 100,000 ==========
Writing 90000 incremental records (keys: 10001-100000, total: 100000)
write base data version: 100, memory: 219308032 bytes (209.15 MB)
tip block: 5----7
Test Results: 
  Total Disk Usage: 217.43 MB
  Average Per Record: 2279.76 bytes
[test batch write] generate key value
[test batch write] write data
[test batch write] flush
tip block: 8----8
  Write Throughput: 25416.46 records/sec
  Read Throughput:  91194.96 records/sec
  Current Memory:   255.71 MB
  Peak Memory:      282.71 MB
  Memory Per Record: 2681.28 bytes

========== Testing at data scale: 1,000,000 ==========
Writing 900000 incremental records (keys: 100001-1000000, total: 1000000)
write base data version: 200, memory: 414699520 bytes (395.49 MB)
write base data version: 300, memory: 564068352 bytes (537.94 MB)
write base data version: 400, memory: 194293760 bytes (185.29 MB)
write base data version: 500, memory: 337461248 bytes (321.83 MB)
write base data version: 600, memory: 478785536 bytes (456.61 MB)
write base data version: 700, memory: 619610112 bytes (590.91 MB)
write base data version: 800, memory: 259493888 bytes (247.47 MB)
write base data version: 900, memory: 392925184 bytes (374.72 MB)
write base data version: 1000, memory: 531464192 bytes (506.84 MB)
tip block: 31----33
Test Results: 
  Total Disk Usage: 1836.74 MB
  Average Per Record: 1925.94 bytes
[test batch write] generate key value
[test batch write] write data
[test batch write] flush
tip block: 34----34
  Write Throughput: 17590.08 records/sec
  Read Throughput:  56358.76 records/sec
  Current Memory:   663.74 MB
  Peak Memory:      665.42 MB
  Memory Per Record: 695.98 bytes

========== Testing at data scale: 10,000,000 ==========
Writing 9000000 incremental records (keys: 1000001-10000000, total: 10000000)
write base data version: 1100, memory: 319393792 bytes (304.60 MB)
write base data version: 1200, memory: 461885440 bytes (440.49 MB)
write base data version: 1300, memory: 601268224 bytes (573.41 MB)
write base data version: 1400, memory: 742973440 bytes (708.55 MB)
write base data version: 1500, memory: 387436544 bytes (369.49 MB)
write base data version: 1600, memory: 544243712 bytes (519.03 MB)
write base data version: 1700, memory: 680112128 bytes (648.61 MB)
write base data version: 1800, memory: 825417728 bytes (787.18 MB)
write base data version: 1900, memory: 449429504 bytes (428.61 MB)
write base data version: 2000, memory: 590565376 bytes (563.21 MB)
write base data version: 2100, memory: 733454336 bytes (699.48 MB)
write base data version: 2200, memory: 372088832 bytes (354.85 MB)
write base data version: 2300, memory: 530464768 bytes (505.89 MB)
write base data version: 2400, memory: 664887296 bytes (634.09 MB)
write base data version: 2500, memory: 812879872 bytes (775.22 MB)
write base data version: 2600, memory: 443949056 bytes (423.38 MB)
write base data version: 2700, memory: 586706944 bytes (559.53 MB)
write base data version: 2800, memory: 729247744 bytes (695.46 MB)
write base data version: 2900, memory: 877428736 bytes (836.78 MB)
write base data version: 3000, memory: 515571712 bytes (491.69 MB)
write base data version: 3100, memory: 653631488 bytes (623.35 MB)
write base data version: 3200, memory: 803188736 bytes (765.98 MB)
write base data version: 3300, memory: 448991232 bytes (428.19 MB)
write base data version: 3400, memory: 592097280 bytes (564.67 MB)
write base data version: 3500, memory: 732184576 bytes (698.27 MB)
write base data version: 3600, memory: 872460288 bytes (832.04 MB)
write base data version: 3700, memory: 518057984 bytes (494.06 MB)
write base data version: 3800, memory: 657223680 bytes (626.78 MB)
write base data version: 3900, memory: 809365504 bytes (771.87 MB)
write base data version: 4000, memory: 968912896 bytes (924.03 MB)
write base data version: 4100, memory: 597626880 bytes (569.94 MB)
write base data version: 4200, memory: 740708352 bytes (706.39 MB)
write base data version: 4300, memory: 883298304 bytes (842.38 MB)
write base data version: 4400, memory: 521687040 bytes (497.52 MB)
write base data version: 4500, memory: 679862272 bytes (648.37 MB)
write base data version: 4600, memory: 817512448 bytes (779.64 MB)
write base data version: 4700, memory: 970461184 bytes (925.50 MB)
write base data version: 4800, memory: 607776768 bytes (579.62 MB)
write base data version: 4900, memory: 749277184 bytes (714.57 MB)
write base data version: 5000, memory: 889901056 bytes (848.68 MB)
write base data version: 5100, memory: 1035407360 bytes (987.44 MB)
write base data version: 5200, memory: 680321024 bytes (648.80 MB)
write base data version: 5300, memory: 820719616 bytes (782.70 MB)
write base data version: 5400, memory: 976470016 bytes (931.23 MB)
write base data version: 5500, memory: 597274624 bytes (569.61 MB)
write base data version: 5600, memory: 739024896 bytes (704.79 MB)
write base data version: 5700, memory: 880332800 bytes (839.55 MB)
write base data version: 5800, memory: 1021583360 bytes (974.26 MB)
write base data version: 5900, memory: 665387008 bytes (634.56 MB)
write base data version: 6000, memory: 799371264 bytes (762.34 MB)
write base data version: 6100, memory: 956166144 bytes (911.87 MB)
write base data version: 6200, memory: 1113604096 bytes (1062.02 MB)
write base data version: 6300, memory: 747548672 bytes (712.92 MB)
write base data version: 6400, memory: 889610240 bytes (848.40 MB)
write base data version: 6500, memory: 1031409664 bytes (983.63 MB)
write base data version: 6600, memory: 668459008 bytes (637.49 MB)
write base data version: 6700, memory: 811528192 bytes (773.93 MB)
write base data version: 6800, memory: 964820992 bytes (920.12 MB)
write base data version: 6900, memory: 1117208576 bytes (1065.45 MB)
write base data version: 7000, memory: 758145024 bytes (723.02 MB)
write base data version: 7100, memory: 899657728 bytes (857.98 MB)
write base data version: 7200, memory: 1041477632 bytes (993.23 MB)
write base data version: 7300, memory: 1189634048 bytes (1134.52 MB)
write base data version: 7400, memory: 831184896 bytes (792.68 MB)
write base data version: 7500, memory: 972980224 bytes (927.91 MB)
write base data version: 7600, memory: 1115676672 bytes (1063.99 MB)
write base data version: 7700, memory: 746684416 bytes (712.09 MB)
write base data version: 7800, memory: 888471552 bytes (847.31 MB)
write base data version: 7900, memory: 1029664768 bytes (981.96 MB)
write base data version: 8000, memory: 1171939328 bytes (1117.65 MB)
write base data version: 8100, memory: 814211072 bytes (776.49 MB)
write base data version: 8200, memory: 962605056 bytes (918.01 MB)
write base data version: 8300, memory: 1112760320 bytes (1061.21 MB)
write base data version: 8400, memory: 1264078848 bytes (1205.52 MB)
write base data version: 8500, memory: 893968384 bytes (852.55 MB)
write base data version: 8600, memory: 1041223680 bytes (992.99 MB)
write base data version: 8700, memory: 1182699520 bytes (1127.91 MB)
write base data version: 8800, memory: 811311104 bytes (773.73 MB)
write base data version: 8900, memory: 958103552 bytes (913.72 MB)
write base data version: 9000, memory: 1111207936 bytes (1059.73 MB)
write base data version: 9100, memory: 1253220352 bytes (1195.16 MB)
write base data version: 9200, memory: 883138560 bytes (842.23 MB)
write base data version: 9300, memory: 1026797568 bytes (979.23 MB)
write base data version: 9400, memory: 1168433152 bytes (1114.30 MB)
write base data version: 9500, memory: 1313759232 bytes (1252.90 MB)
write base data version: 9600, memory: 958791680 bytes (914.38 MB)
write base data version: 9700, memory: 1101611008 bytes (1050.58 MB)
write base data version: 9800, memory: 1251905536 bytes (1193.91 MB)
write base data version: 9900, memory: 896811008 bytes (855.27 MB)
write base data version: 10000, memory: 1039753216 bytes (991.59 MB)
tip block: 296----297
Test Results: 
  Total Disk Usage: 18509.57 MB
  Average Per Record: 1940.87 bytes
[test batch write] generate key value
[test batch write] write data
[test batch write] flush
tip block: 297----297
  Write Throughput: 12575.82 records/sec
  Read Throughput:  37698.52 records/sec
  Current Memory:   1220.90 MB
  Peak Memory:      1308.62 MB
  Memory Per Record: 128.02 bytes

========== Testing at data scale: 100,000,000 ==========
Writing 90000000 incremental records (keys: 10000001-100000000, total: 100000000)
write base data version: 10100, memory: 1417990144 bytes (1352.30 MB)
write base data version: 10200, memory: 1038553088 bytes (990.44 MB)
write base data version: 10300, memory: 1183596544 bytes (1128.77 MB)
write base data version: 10400, memory: 1341628416 bytes (1279.48 MB)
write base data version: 10500, memory: 1501245440 bytes (1431.70 MB)
write base data version: 10600, memory: 1096597504 bytes (1045.80 MB)
write base data version: 10700, memory: 1238196224 bytes (1180.84 MB)
write base data version: 10800, memory: 1379618816 bytes (1315.71 MB)
write base data version: 10900, memory: 1526673408 bytes (1455.95 MB)
write base data version: 11000, memory: 1173291008 bytes (1118.94 MB)
write base data version: 11100, memory: 1320099840 bytes (1258.95 MB)
write base data version: 11200, memory: 1465868288 bytes (1397.96 MB)
write base data version: 11300, memory: 1103421440 bytes (1052.30 MB)
write base data version: 11400, memory: 1247268864 bytes (1189.49 MB)
write base data version: 11500, memory: 1389895680 bytes (1325.51 MB)
write base data version: 11600, memory: 1531224064 bytes (1460.29 MB)
write base data version: 11700, memory: 1163796480 bytes (1109.88 MB)
write base data version: 11800, memory: 1323872256 bytes (1262.54 MB)
write base data version: 11900, memory: 1463062528 bytes (1395.29 MB)
write base data version: 12000, memory: 1621114880 bytes (1546.02 MB)
write base data version: 12100, memory: 1249792000 bytes (1191.89 MB)
write base data version: 12200, memory: 1404133376 bytes (1339.09 MB)
write base data version: 12300, memory: 1545134080 bytes (1473.55 MB)
write base data version: 12400, memory: 1191202816 bytes (1136.02 MB)
write base data version: 12500, memory: 1339379712 bytes (1277.33 MB)
write base data version: 12600, memory: 1476145152 bytes (1407.76 MB)
write base data version: 12700, memory: 1616973824 bytes (1542.07 MB)
write base data version: 12800, memory: 1239822336 bytes (1182.39 MB)
write base data version: 12900, memory: 1390514176 bytes (1326.10 MB)
write base data version: 13000, memory: 1531539456 bytes (1460.59 MB)
write base data version: 13100, memory: 1676308480 bytes (1598.65 MB)
write base data version: 13200, memory: 1305157632 bytes (1244.70 MB)
write base data version: 13300, memory: 1431298048 bytes (1364.99 MB)
write base data version: 13400, memory: 1572466688 bytes (1499.62 MB)
write base data version: 13500, memory: 1205448704 bytes (1149.61 MB)
write base data version: 13600, memory: 1353920512 bytes (1291.20 MB)
write base data version: 13700, memory: 1503031296 bytes (1433.40 MB)
write base data version: 13800, memory: 1643827200 bytes (1567.68 MB)
write base data version: 13900, memory: 1284542464 bytes (1225.04 MB)
write base data version: 14000, memory: 1432141824 bytes (1365.80 MB)
write base data version: 14100, memory: 1578721280 bytes (1505.59 MB)
write base data version: 14200, memory: 1737363456 bytes (1656.88 MB)
write base data version: 14300, memory: 1366700032 bytes (1303.39 MB)
write base data version: 14400, memory: 1510137856 bytes (1440.18 MB)
write base data version: 14500, memory: 1653129216 bytes (1576.55 MB)
write base data version: 14600, memory: 1288380416 bytes (1228.70 MB)
write base data version: 14700, memory: 1446363136 bytes (1379.36 MB)
write base data version: 14800, memory: 1581981696 bytes (1508.70 MB)
write base data version: 14900, memory: 1732751360 bytes (1652.48 MB)
write base data version: 15000, memory: 1374048256 bytes (1310.39 MB)
write base data version: 15100, memory: 1517961216 bytes (1447.64 MB)
write base data version: 15200, memory: 1659207680 bytes (1582.34 MB)
write base data version: 15300, memory: 1804546048 bytes (1720.95 MB)
write base data version: 15400, memory: 1452109824 bytes (1384.84 MB)
write base data version: 15500, memory: 1592877056 bytes (1519.09 MB)
write base data version: 15600, memory: 1741361152 bytes (1660.69 MB)
write base data version: 15700, memory: 1380941824 bytes (1316.97 MB)
write base data version: 15800, memory: 1536184320 bytes (1465.02 MB)
write base data version: 15900, memory: 1662984192 bytes (1585.95 MB)
write base data version: 16000, memory: 1803788288 bytes (1720.23 MB)
write base data version: 16100, memory: 1435107328 bytes (1368.62 MB)
write base data version: 16200, memory: 1560571904 bytes (1488.28 MB)
write base data version: 16300, memory: 1701400576 bytes (1622.58 MB)
write base data version: 16400, memory: 1848532992 bytes (1762.90 MB)
write base data version: 16500, memory: 1475768320 bytes (1407.40 MB)
write base data version: 16600, memory: 1616990208 bytes (1542.08 MB)
write base data version: 16700, memory: 1759834112 bytes (1678.31 MB)
write base data version: 16800, memory: 1402191872 bytes (1337.23 MB)
write base data version: 16900, memory: 1564889088 bytes (1492.39 MB)
write base data version: 17000, memory: 1698238464 bytes (1619.57 MB)
write base data version: 17100, memory: 1857449984 bytes (1771.40 MB)
write base data version: 17200, memory: 1497563136 bytes (1428.19 MB)
write base data version: 17300, memory: 1632653312 bytes (1557.02 MB)
write base data version: 17400, memory: 1776189440 bytes (1693.91 MB)
write base data version: 17500, memory: 1921875968 bytes (1832.84 MB)
write base data version: 17600, memory: 1566273536 bytes (1493.71 MB)
write base data version: 17700, memory: 1709154304 bytes (1629.98 MB)
write base data version: 17800, memory: 1855434752 bytes (1769.48 MB)
write base data version: 17900, memory: 1498943488 bytes (1429.50 MB)
write base data version: 18000, memory: 1649397760 bytes (1572.99 MB)
write base data version: 18100, memory: 1800036352 bytes (1716.65 MB)
write base data version: 18200, memory: 1953972224 bytes (1863.45 MB)
write base data version: 18300, memory: 1566982144 bytes (1494.39 MB)
write base data version: 18400, memory: 1697865728 bytes (1619.21 MB)
write base data version: 18500, memory: 1840824320 bytes (1755.55 MB)
write base data version: 18600, memory: 1989890048 bytes (1897.71 MB)
write base data version: 18700, memory: 1611608064 bytes (1536.95 MB)
write base data version: 18800, memory: 1751961600 bytes (1670.80 MB)
write base data version: 18900, memory: 1896095744 bytes (1808.26 MB)
write base data version: 19000, memory: 1537253376 bytes (1466.04 MB)
write base data version: 19100, memory: 1682202624 bytes (1604.27 MB)
write base data version: 19200, memory: 1837236224 bytes (1752.12 MB)
write base data version: 19300, memory: 1984163840 bytes (1892.25 MB)
write base data version: 19400, memory: 1629691904 bytes (1554.20 MB)
write base data version: 19500, memory: 1777573888 bytes (1695.23 MB)
write base data version: 19600, memory: 1925115904 bytes (1835.93 MB)
write base data version: 19700, memory: 2077900800 bytes (1981.64 MB)
write base data version: 19800, memory: 1724125184 bytes (1644.25 MB)
write base data version: 19900, memory: 1872367616 bytes (1785.63 MB)
write base data version: 20000, memory: 2015686656 bytes (1922.31 MB)
write base data version: 20100, memory: 1644630016 bytes (1568.44 MB)
write base data version: 20200, memory: 1787174912 bytes (1704.38 MB)
write base data version: 20300, memory: 1930125312 bytes (1840.71 MB)
write base data version: 20400, memory: 2070990848 bytes (1975.05 MB)
write base data version: 20500, memory: 1714163712 bytes (1634.75 MB)
write base data version: 20600, memory: 1868308480 bytes (1781.76 MB)
write base data version: 20700, memory: 2008649728 bytes (1915.60 MB)
write base data version: 20800, memory: 2161270784 bytes (2061.15 MB)
write base data version: 20900, memory: 1800216576 bytes (1716.82 MB)
write base data version: 21000, memory: 1948569600 bytes (1858.30 MB)
write base data version: 21100, memory: 2097221632 bytes (2000.07 MB)
write base data version: 21200, memory: 1737662464 bytes (1657.16 MB)
write base data version: 21300, memory: 1866842112 bytes (1780.36 MB)
write base data version: 21400, memory: 2008100864 bytes (1915.07 MB)
write base data version: 21500, memory: 2149060608 bytes (2049.50 MB)
write base data version: 21600, memory: 1777758208 bytes (1695.40 MB)
write base data version: 21700, memory: 1919299584 bytes (1830.39 MB)
write base data version: 21800, memory: 2060820480 bytes (1965.35 MB)
write base data version: 21900, memory: 2209189888 bytes (2106.85 MB)
write base data version: 22000, memory: 1854234624 bytes (1768.34 MB)
write base data version: 22100, memory: 1996304384 bytes (1903.82 MB)
write base data version: 22200, memory: 2149539840 bytes (2049.96 MB)
write base data version: 22300, memory: 1781391360 bytes (1698.87 MB)
write base data version: 22400, memory: 1909723136 bytes (1821.25 MB)
write base data version: 22500, memory: 2055720960 bytes (1960.49 MB)
write base data version: 22600, memory: 2210525184 bytes (2108.12 MB)
write base data version: 22700, memory: 1848057856 bytes (1762.45 MB)
write base data version: 22800, memory: 1997144064 bytes (1904.62 MB)
write base data version: 22900, memory: 2149249024 bytes (2049.68 MB)
write base data version: 23000, memory: 2297438208 bytes (2191.01 MB)
write base data version: 23100, memory: 1924415488 bytes (1835.27 MB)
write base data version: 23200, memory: 2063265792 bytes (1967.68 MB)
write base data version: 23300, memory: 2208034816 bytes (2105.75 MB)
write base data version: 23400, memory: 1840713728 bytes (1755.44 MB)
write base data version: 23500, memory: 2000248832 bytes (1907.59 MB)
write base data version: 23600, memory: 2126344192 bytes (2027.84 MB)
write base data version: 23700, memory: 2274807808 bytes (2169.43 MB)
write base data version: 23800, memory: 1929678848 bytes (1840.29 MB)
write base data version: 23900, memory: 2074476544 bytes (1978.38 MB)
write base data version: 24000, memory: 2228473856 bytes (2125.24 MB)
write base data version: 24100, memory: 1867898880 bytes (1781.37 MB)
write base data version: 24200, memory: 2013569024 bytes (1920.29 MB)
write base data version: 24300, memory: 2167566336 bytes (2067.15 MB)
write base data version: 24400, memory: 2310860800 bytes (2203.81 MB)
write base data version: 24500, memory: 1945448448 bytes (1855.32 MB)
write base data version: 24600, memory: 2089160704 bytes (1992.38 MB)
write base data version: 24700, memory: 2233405440 bytes (2129.94 MB)
write base data version: 24800, memory: 2373722112 bytes (2263.76 MB)
write base data version: 24900, memory: 1996480512 bytes (1903.99 MB)
write base data version: 25000, memory: 2109657088 bytes (2011.93 MB)
write base data version: 25100, memory: 2253574144 bytes (2149.18 MB)
write base data version: 25200, memory: 1873293312 bytes (1786.51 MB)
write base data version: 25300, memory: 2024955904 bytes (1931.15 MB)
write base data version: 25400, memory: 2177630208 bytes (2076.75 MB)
write base data version: 25500, memory: 2334777344 bytes (2226.62 MB)
write base data version: 25600, memory: 1968156672 bytes (1876.98 MB)
write base data version: 25700, memory: 2119528448 bytes (2021.34 MB)
write base data version: 25800, memory: 2269741056 bytes (2164.59 MB)
write base data version: 25900, memory: 2419871744 bytes (2307.77 MB)
write base data version: 26000, memory: 2052112384 bytes (1957.05 MB)
write base data version: 26100, memory: 2198130688 bytes (2096.30 MB)
write base data version: 26200, memory: 2352463872 bytes (2243.48 MB)
write base data version: 26300, memory: 1976721408 bytes (1885.15 MB)
write base data version: 26400, memory: 2118078464 bytes (2019.96 MB)
write base data version: 26500, memory: 2255945728 bytes (2151.44 MB)
write base data version: 26600, memory: 2417999872 bytes (2305.98 MB)
write base data version: 26700, memory: 2055966720 bytes (1960.72 MB)
write base data version: 26800, memory: 2190491648 bytes (2089.02 MB)
write base data version: 26900, memory: 2339807232 bytes (2231.41 MB)
write base data version: 27000, memory: 2489270272 bytes (2373.95 MB)
write base data version: 27100, memory: 2137944064 bytes (2038.90 MB)
write base data version: 27200, memory: 2285015040 bytes (2179.16 MB)
write base data version: 27300, memory: 2433863680 bytes (2321.11 MB)
write base data version: 27400, memory: 2594275328 bytes (2474.09 MB)
write base data version: 27500, memory: 2224844800 bytes (2121.78 MB)
write base data version: 27600, memory: 2375761920 bytes (2265.70 MB)
write base data version: 27700, memory: 2528407552 bytes (2411.28 MB)
write base data version: 27800, memory: 2161709056 bytes (2061.57 MB)
write base data version: 27900, memory: 2310455296 bytes (2203.42 MB)
write base data version: 28000, memory: 2450579456 bytes (2337.05 MB)
write base data version: 28100, memory: 2591809536 bytes (2471.74 MB)
write base data version: 28200, memory: 2216116224 bytes (2113.45 MB)
write base data version: 28300, memory: 2354561024 bytes (2245.48 MB)
write base data version: 28400, memory: 2504749056 bytes (2388.71 MB)
write base data version: 28500, memory: 2134761472 bytes (2035.87 MB)
write base data version: 28600, memory: 2291019776 bytes (2184.89 MB)
write base data version: 28700, memory: 2440724480 bytes (2327.66 MB)
write base data version: 28800, memory: 2593058816 bytes (2472.93 MB)
write base data version: 28900, memory: 2226241536 bytes (2123.11 MB)
write base data version: 29000, memory: 2377539584 bytes (2267.40 MB)
write base data version: 29100, memory: 2529775616 bytes (2412.58 MB)
write base data version: 29200, memory: 2678153216 bytes (2554.09 MB)
write base data version: 29300, memory: 2315677696 bytes (2208.40 MB)
write base data version: 29400, memory: 2462736384 bytes (2348.65 MB)
write base data version: 29500, memory: 2599493632 bytes (2479.07 MB)
write base data version: 29600, memory: 2229932032 bytes (2126.63 MB)
write base data version: 29700, memory: 2369683456 bytes (2259.91 MB)
write base data version: 29800, memory: 2512732160 bytes (2396.33 MB)
write base data version: 29900, memory: 2655014912 bytes (2532.02 MB)
write base data version: 30000, memory: 2293755904 bytes (2187.50 MB)
write base data version: 30100, memory: 2452623360 bytes (2339.00 MB)
write base data version: 30200, memory: 2605203456 bytes (2484.52 MB)
write base data version: 30300, memory: 2753404928 bytes (2625.85 MB)
write base data version: 30400, memory: 2385285120 bytes (2274.79 MB)
write base data version: 30500, memory: 2534203392 bytes (2416.80 MB)
write base data version: 30600, memory: 2684416000 bytes (2560.06 MB)
write base data version: 30700, memory: 2331320320 bytes (2223.32 MB)
write base data version: 30800, memory: 2479169536 bytes (2364.32 MB)
write base data version: 30900, memory: 2629865472 bytes (2508.04 MB)
write base data version: 31000, memory: 2784632832 bytes (2655.63 MB)
write base data version: 31100, memory: 2412773376 bytes (2301.00 MB)
write base data version: 31200, memory: 2565013504 bytes (2446.19 MB)
write base data version: 31300, memory: 2711334912 bytes (2585.73 MB)
write base data version: 31400, memory: 2850099200 bytes (2718.07 MB)
write base data version: 31500, memory: 2480635904 bytes (2365.72 MB)
write base data version: 31600, memory: 2623348736 bytes (2501.82 MB)
write base data version: 31700, memory: 2776334336 bytes (2647.72 MB)
write base data version: 31800, memory: 2418647040 bytes (2306.60 MB)
write base data version: 31900, memory: 2574196736 bytes (2454.95 MB)
write base data version: 32000, memory: 2726178816 bytes (2599.89 MB)
write base data version: 32100, memory: 2874351616 bytes (2741.20 MB)
write base data version: 32200, memory: 2514034688 bytes (2397.57 MB)
write base data version: 32300, memory: 2664816640 bytes (2541.37 MB)
write base data version: 32400, memory: 2815856640 bytes (2685.41 MB)
write base data version: 32500, memory: 2969673728 bytes (2832.10 MB)
write base data version: 32600, memory: 2605404160 bytes (2484.71 MB)
write base data version: 32700, memory: 2755801088 bytes (2628.14 MB)
write base data version: 32800, memory: 2907033600 bytes (2772.36 MB)
write base data version: 32900, memory: 2543435776 bytes (2425.61 MB)
write base data version: 33000, memory: 2686222336 bytes (2561.78 MB)
write base data version: 33100, memory: 2827804672 bytes (2696.80 MB)
write base data version: 33200, memory: 2973859840 bytes (2836.09 MB)
write base data version: 33300, memory: 2609549312 bytes (2488.66 MB)
write base data version: 33400, memory: 2763546624 bytes (2635.52 MB)
write base data version: 33500, memory: 2915340288 bytes (2780.29 MB)
write base data version: 33600, memory: 3070046208 bytes (2927.82 MB)
write base data version: 33700, memory: 2700394496 bytes (2575.30 MB)
write base data version: 33800, memory: 2852311040 bytes (2720.18 MB)
write base data version: 33900, memory: 3007508480 bytes (2868.18 MB)
write base data version: 34000, memory: 2650853376 bytes (2528.05 MB)
write base data version: 34100, memory: 2823008256 bytes (2692.23 MB)
write base data version: 34200, memory: 2977349632 bytes (2839.42 MB)
write base data version: 34300, memory: 3127980032 bytes (2983.07 MB)
write base data version: 34400, memory: 2750013440 bytes (2622.62 MB)
write base data version: 34500, memory: 2894151680 bytes (2760.08 MB)
write base data version: 34600, memory: 3035955200 bytes (2895.31 MB)
write base data version: 34700, memory: 3179356160 bytes (3032.07 MB)
write base data version: 34800, memory: 2803613696 bytes (2673.73 MB)
write base data version: 34900, memory: 2910089216 bytes (2775.28 MB)
write base data version: 35000, memory: 3055493120 bytes (2913.95 MB)
write base data version: 35100, memory: 2680852480 bytes (2556.66 MB)
write base data version: 35200, memory: 2822430720 bytes (2691.68 MB)
write base data version: 35300, memory: 2964922368 bytes (2827.57 MB)
write base data version: 35400, memory: 3109306368 bytes (2965.27 MB)
write base data version: 35500, memory: 2755895296 bytes (2628.23 MB)
write base data version: 35600, memory: 2913517568 bytes (2778.55 MB)
write base data version: 35700, memory: 3069530112 bytes (2927.33 MB)
write base data version: 35800, memory: 2698383360 bytes (2573.38 MB)
write base data version: 35900, memory: 2845810688 bytes (2713.98 MB)
write base data version: 36000, memory: 2989944832 bytes (2851.43 MB)
write base data version: 36100, memory: 3131813888 bytes (2986.73 MB)
write base data version: 36200, memory: 2764484608 bytes (2636.42 MB)
write base data version: 36300, memory: 2928476160 bytes (2792.81 MB)
write base data version: 36400, memory: 3080495104 bytes (2937.79 MB)
write base data version: 36500, memory: 3230633984 bytes (3080.97 MB)
write base data version: 36600, memory: 2861019136 bytes (2728.48 MB)
write base data version: 36700, memory: 3010195456 bytes (2870.75 MB)
write base data version: 36800, memory: 3164442624 bytes (3017.85 MB)
write base data version: 36900, memory: 2798571520 bytes (2668.93 MB)
write base data version: 37000, memory: 2945146880 bytes (2808.71 MB)
write base data version: 37100, memory: 3099619328 bytes (2956.03 MB)
write base data version: 37200, memory: 3254833152 bytes (3104.05 MB)
write base data version: 37300, memory: 2864230400 bytes (2731.54 MB)
write base data version: 37400, memory: 3015008256 bytes (2875.34 MB)
write base data version: 37500, memory: 3169206272 bytes (3022.39 MB)
write base data version: 37600, memory: 3292831744 bytes (3140.29 MB)
write base data version: 37700, memory: 2918711296 bytes (2783.50 MB)
write base data version: 37800, memory: 3066109952 bytes (2924.07 MB)
write base data version: 37900, memory: 3225378816 bytes (3075.96 MB)
write base data version: 38000, memory: 2863271936 bytes (2730.63 MB)
write base data version: 38100, memory: 3018928128 bytes (2879.07 MB)
write base data version: 38200, memory: 3170525184 bytes (3023.65 MB)
write base data version: 38300, memory: 3320418304 bytes (3166.60 MB)
write base data version: 38400, memory: 2977353728 bytes (2839.43 MB)
write base data version: 38500, memory: 3141693440 bytes (2996.15 MB)
write base data version: 38600, memory: 3299442688 bytes (3146.59 MB)
write base data version: 38700, memory: 3457843200 bytes (3297.66 MB)
write base data version: 38800, memory: 3088576512 bytes (2945.50 MB)
write base data version: 38900, memory: 3238834176 bytes (3088.79 MB)
write base data version: 39000, memory: 3392282624 bytes (3235.13 MB)
write base data version: 39100, memory: 3035467776 bytes (2894.85 MB)
write base data version: 39200, memory: 3220357120 bytes (3071.17 MB)
write base data version: 39300, memory: 3377184768 bytes (3220.73 MB)
write base data version: 39400, memory: 3529027584 bytes (3365.54 MB)
write base data version: 39500, memory: 3159035904 bytes (3012.69 MB)
write base data version: 39600, memory: 3312791552 bytes (3159.32 MB)
write base data version: 39700, memory: 3458174976 bytes (3297.97 MB)
write base data version: 39800, memory: 3101917184 bytes (2958.22 MB)
write base data version: 39900, memory: 3280826368 bytes (3128.84 MB)
write base data version: 40000, memory: 3442065408 bytes (3282.61 MB)
write base data version: 40100, memory: 3593457664 bytes (3426.99 MB)
write base data version: 40200, memory: 3233505280 bytes (3083.71 MB)
write base data version: 40300, memory: 3382177792 bytes (3225.50 MB)
write base data version: 40400, memory: 3433254912 bytes (3274.21 MB)
write base data version: 40500, memory: 3580092416 bytes (3414.24 MB)
write base data version: 40600, memory: 3222683648 bytes (3073.39 MB)
write base data version: 40700, memory: 3336241152 bytes (3181.69 MB)
write base data version: 40800, memory: 3488669696 bytes (3327.05 MB)
write base data version: 40900, memory: 3121020928 bytes (2976.44 MB)
write base data version: 41000, memory: 3276918784 bytes (3125.11 MB)
write base data version: 41100, memory: 3421589504 bytes (3263.08 MB)
write base data version: 41200, memory: 3574288384 bytes (3408.71 MB)
write base data version: 41300, memory: 3214184448 bytes (3065.29 MB)
write base data version: 41400, memory: 3363561472 bytes (3207.74 MB)
write base data version: 41500, memory: 3509514240 bytes (3346.93 MB)
write base data version: 41600, memory: 3670884352 bytes (3500.83 MB)
write base data version: 41700, memory: 3321458688 bytes (3167.59 MB)
write base data version: 41800, memory: 3492569088 bytes (3330.77 MB)
write base data version: 41900, memory: 3645288448 bytes (3476.42 MB)
write base data version: 42000, memory: 3278196736 bytes (3126.33 MB)
write base data version: 42100, memory: 3431739392 bytes (3272.76 MB)
write base data version: 42200, memory: 3585912832 bytes (3419.79 MB)
write base data version: 42300, memory: 3728035840 bytes (3555.33 MB)
write base data version: 42400, memory: 3351363584 bytes (3196.11 MB)
write base data version: 42500, memory: 3505250304 bytes (3342.87 MB)
write base data version: 42600, memory: 3662884864 bytes (3493.20 MB)
write base data version: 42700, memory: 3809456128 bytes (3632.98 MB)
write base data version: 42800, memory: 3443093504 bytes (3283.59 MB)
write base data version: 42900, memory: 3595935744 bytes (3429.35 MB)
write base data version: 43000, memory: 3738423296 bytes (3565.24 MB)
write base data version: 43100, memory: 3401117696 bytes (3243.56 MB)
write base data version: 43200, memory: 3551531008 bytes (3387.00 MB)
write base data version: 43300, memory: 3698368512 bytes (3527.04 MB)
write base data version: 43400, memory: 3856232448 bytes (3677.59 MB)
write base data version: 43500, memory: 3489263616 bytes (3327.62 MB)
write base data version: 43600, memory: 3636772864 bytes (3468.30 MB)
write base data version: 43700, memory: 3794653184 bytes (3618.86 MB)
write base data version: 43800, memory: 3427672064 bytes (3268.88 MB)
write base data version: 43900, memory: 3545870336 bytes (3381.61 MB)
write base data version: 44000, memory: 3693400064 bytes (3522.30 MB)
write base data version: 44100, memory: 3836108800 bytes (3658.40 MB)
write base data version: 44200, memory: 3472068608 bytes (3311.22 MB)
write base data version: 44300, memory: 3627823104 bytes (3459.76 MB)
write base data version: 44400, memory: 3763347456 bytes (3589.01 MB)
write base data version: 44500, memory: 3906899968 bytes (3725.91 MB)
write base data version: 44600, memory: 3542650880 bytes (3378.54 MB)
write base data version: 44700, memory: 3690291200 bytes (3519.34 MB)
write base data version: 44800, memory: 3839770624 bytes (3661.89 MB)
write base data version: 44900, memory: 3473870848 bytes (3312.94 MB)
write base data version: 45000, memory: 3621507072 bytes (3453.74 MB)
write base data version: 45100, memory: 3772194816 bytes (3597.45 MB)
write base data version: 45200, memory: 3928883200 bytes (3746.88 MB)
write base data version: 45300, memory: 3576201216 bytes (3410.53 MB)
write base data version: 45400, memory: 3749490688 bytes (3575.79 MB)
write base data version: 45500, memory: 3904032768 bytes (3723.18 MB)
write base data version: 45600, memory: 4052729856 bytes (3864.98 MB)
write base data version: 45700, memory: 3694645248 bytes (3523.49 MB)
write base data version: 45800, memory: 3844599808 bytes (3666.50 MB)
write base data version: 45900, memory: 3991941120 bytes (3807.01 MB)
write base data version: 46000, memory: 3646889984 bytes (3477.95 MB)
write base data version: 46100, memory: 3816427520 bytes (3639.63 MB)
write base data version: 46200, memory: 3973173248 bytes (3789.11 MB)
write base data version: 46300, memory: 4092821504 bytes (3903.22 MB)
write base data version: 46400, memory: 3724251136 bytes (3551.72 MB)
write base data version: 46500, memory: 3873734656 bytes (3694.28 MB)
write base data version: 46600, memory: 4028637184 bytes (3842.01 MB)
write base data version: 46700, memory: 4181278720 bytes (3987.58 MB)
write base data version: 46800, memory: 3810512896 bytes (3633.99 MB)
write base data version: 46900, memory: 3957067776 bytes (3773.75 MB)
write base data version: 47000, memory: 4116094976 bytes (3925.41 MB)
write base data version: 47100, memory: 3747500032 bytes (3573.89 MB)
write base data version: 47200, memory: 3898716160 bytes (3718.11 MB)
write base data version: 47300, memory: 4069515264 bytes (3880.99 MB)
write base data version: 47400, memory: 4217221120 bytes (4021.86 MB)
write base data version: 47500, memory: 3850174464 bytes (3671.81 MB)
write base data version: 47600, memory: 4003749888 bytes (3818.27 MB)
write base data version: 47700, memory: 4157816832 bytes (3965.20 MB)
write base data version: 47800, memory: 4310642688 bytes (4110.95 MB)
write base data version: 47900, memory: 3949813760 bytes (3766.84 MB)
write base data version: 48000, memory: 4044853248 bytes (3857.47 MB)
write base data version: 48100, memory: 4060499968 bytes (3872.39 MB)
write base data version: 48200, memory: 3686084608 bytes (3515.32 MB)
write base data version: 48300, memory: 3795763200 bytes (3619.92 MB)
write base data version: 48400, memory: 3941228544 bytes (3758.65 MB)
write base data version: 48500, memory: 4081909760 bytes (3892.81 MB)
write base data version: 48600, memory: 3714842624 bytes (3542.75 MB)
write base data version: 48700, memory: 3862011904 bytes (3683.10 MB)
write base data version: 48800, memory: 4014043136 bytes (3828.09 MB)
write base data version: 48900, memory: 3653869568 bytes (3484.60 MB)
write base data version: 49000, memory: 3792039936 bytes (3616.37 MB)
write base data version: 49100, memory: 3943641088 bytes (3760.95 MB)
write base data version: 49200, memory: 4092039168 bytes (3902.47 MB)
write base data version: 49300, memory: 3712618496 bytes (3540.63 MB)
write base data version: 49400, memory: 3867074560 bytes (3687.93 MB)
write base data version: 49500, memory: 4013645824 bytes (3827.71 MB)
write base data version: 49600, memory: 4166864896 bytes (3973.83 MB)
write base data version: 49700, memory: 3804971008 bytes (3628.70 MB)
write base data version: 49800, memory: 3956359168 bytes (3773.08 MB)
write base data version: 49900, memory: 4112269312 bytes (3921.77 MB)
write base data version: 50000, memory: 3747729408 bytes (3574.11 MB)
write base data version: 50100, memory: 3896541184 bytes (3716.03 MB)
write base data version: 50200, memory: 4053966848 bytes (3866.16 MB)
write base data version: 50300, memory: 4202795008 bytes (4008.10 MB)
write base data version: 50400, memory: 3853934592 bytes (3675.40 MB)
write base data version: 50500, memory: 4022071296 bytes (3835.75 MB)
write base data version: 50600, memory: 4181614592 bytes (3987.90 MB)
write base data version: 50700, memory: 4331225088 bytes (4130.58 MB)
write base data version: 50800, memory: 3970244608 bytes (3786.32 MB)
write base data version: 50900, memory: 4117094400 bytes (3926.37 MB)
write base data version: 51000, memory: 4242108416 bytes (4045.59 MB)
write base data version: 51100, memory: 3868794880 bytes (3689.57 MB)
write base data version: 51200, memory: 4016566272 bytes (3830.50 MB)
write base data version: 51300, memory: 4132483072 bytes (3941.04 MB)
write base data version: 51400, memory: 4277579776 bytes (4079.42 MB)
write base data version: 51500, memory: 3905765376 bytes (3724.83 MB)
write base data version: 51600, memory: 4049039360 bytes (3861.46 MB)
write base data version: 51700, memory: 4191543296 bytes (3997.37 MB)
write base data version: 51800, memory: 3820150784 bytes (3643.18 MB)
write base data version: 51900, memory: 3964395520 bytes (3780.74 MB)
write base data version: 52000, memory: 4107055104 bytes (3916.79 MB)
write base data version: 52100, memory: 4255617024 bytes (4058.47 MB)
write base data version: 52200, memory: 3878436864 bytes (3698.77 MB)
write base data version: 52300, memory: 4020211712 bytes (3833.97 MB)
write base data version: 52400, memory: 4161761280 bytes (3968.96 MB)
write base data version: 52500, memory: 4303867904 bytes (4104.49 MB)
write base data version: 52600, memory: 3930832896 bytes (3748.73 MB)
write base data version: 52700, memory: 4072173568 bytes (3883.53 MB)
write base data version: 52800, memory: 4214009856 bytes (4018.79 MB)
write base data version: 52900, memory: 3839287296 bytes (3661.43 MB)
write base data version: 53000, memory: 3981205504 bytes (3796.77 MB)
write base data version: 53100, memory: 4122984448 bytes (3931.98 MB)
write base data version: 53200, memory: 4265238528 bytes (4067.65 MB)
write base data version: 53300, memory: 3896008704 bytes (3715.52 MB)
write base data version: 53400, memory: 4055719936 bytes (3867.84 MB)
write base data version: 53500, memory: 4211310592 bytes (4016.22 MB)
write base data version: 53600, memory: 4359159808 bytes (4157.22 MB)
write base data version: 53700, memory: 3980607488 bytes (3796.20 MB)
write base data version: 53800, memory: 4122066944 bytes (3931.11 MB)
write base data version: 53900, memory: 4263616512 bytes (4066.10 MB)
write base data version: 54000, memory: 3890147328 bytes (3709.93 MB)
write base data version: 54100, memory: 4028882944 bytes (3842.24 MB)
write base data version: 54200, memory: 4175052800 bytes (3981.64 MB)
write base data version: 54300, memory: 4316815360 bytes (4116.84 MB)
write base data version: 54400, memory: 3938488320 bytes (3756.04 MB)
write base data version: 54500, memory: 4086988800 bytes (3897.66 MB)
write base data version: 54600, memory: 4235735040 bytes (4039.51 MB)
write base data version: 54700, memory: 4382429184 bytes (4179.41 MB)
write base data version: 54800, memory: 4025487360 bytes (3839.00 MB)
write base data version: 54900, memory: 4178616320 bytes (3985.04 MB)
write base data version: 55000, memory: 4327493632 bytes (4127.02 MB)
write base data version: 55100, memory: 3952697344 bytes (3769.59 MB)
write base data version: 55200, memory: 4093980672 bytes (3904.32 MB)
write base data version: 55300, memory: 4235530240 bytes (4039.32 MB)
write base data version: 55400, memory: 4380983296 bytes (4178.03 MB)
write base data version: 55500, memory: 4005347328 bytes (3819.80 MB)
write base data version: 55600, memory: 4161957888 bytes (3969.15 MB)
write base data version: 55700, memory: 4315336704 bytes (4115.43 MB)
write base data version: 55800, memory: 4461453312 bytes (4254.77 MB)
write base data version: 55900, memory: 4095668224 bytes (3905.93 MB)
write base data version: 56000, memory: 4236513280 bytes (4040.25 MB)
write base data version: 56100, memory: 4380385280 bytes (4177.46 MB)
write base data version: 56200, memory: 4004532224 bytes (3819.02 MB)
write base data version: 56300, memory: 4145553408 bytes (3953.51 MB)
write base data version: 56400, memory: 4290465792 bytes (4091.71 MB)
write base data version: 56500, memory: 4431568896 bytes (4226.27 MB)
write base data version: 56600, memory: 4055584768 bytes (3867.71 MB)
write base data version: 56700, memory: 4198207488 bytes (4003.72 MB)
write base data version: 56800, memory: 4339499008 bytes (4138.47 MB)
write base data version: 56900, memory: 3966361600 bytes (3782.62 MB)
write base data version: 57000, memory: 4107415552 bytes (3917.14 MB)
write base data version: 57100, memory: 4256419840 bytes (4059.24 MB)
write base data version: 57200, memory: 4406079488 bytes (4201.96 MB)
write base data version: 57300, memory: 4028846080 bytes (3842.21 MB)
write base data version: 57400, memory: 4167692288 bytes (3974.62 MB)
write base data version: 57500, memory: 4311711744 bytes (4111.97 MB)
write base data version: 57600, memory: 4455206912 bytes (4248.82 MB)
write base data version: 57700, memory: 4098539520 bytes (3908.67 MB)
write base data version: 57800, memory: 4261347328 bytes (4063.94 MB)
write base data version: 57900, memory: 4414205952 bytes (4209.71 MB)
write base data version: 58000, memory: 4037754880 bytes (3850.70 MB)
write base data version: 58100, memory: 4180889600 bytes (3987.21 MB)
write base data version: 58200, memory: 4321730560 bytes (4121.52 MB)
write base data version: 58300, memory: 4467130368 bytes (4260.19 MB)
write base data version: 58400, memory: 4088422400 bytes (3899.02 MB)
write base data version: 58500, memory: 4229828608 bytes (4033.88 MB)
write base data version: 58600, memory: 4375146496 bytes (4172.46 MB)
write base data version: 58700, memory: 4516999168 bytes (4307.75 MB)
write base data version: 58800, memory: 4138254336 bytes (3946.55 MB)
write base data version: 58900, memory: 4280270848 bytes (4081.98 MB)
write base data version: 59000, memory: 4425646080 bytes (4220.62 MB)
write base data version: 59100, memory: 4052549632 bytes (3864.81 MB)
write base data version: 59200, memory: 4211249152 bytes (4016.16 MB)
write base data version: 59300, memory: 4366729216 bytes (4164.44 MB)
write base data version: 59400, memory: 4513546240 bytes (4304.45 MB)
write base data version: 59500, memory: 4140445696 bytes (3948.64 MB)
write base data version: 59600, memory: 4283969536 bytes (4085.51 MB)
write base data version: 59700, memory: 4427603968 bytes (4222.49 MB)
write base data version: 59800, memory: 4568920064 bytes (4357.26 MB)
write base data version: 59900, memory: 4195225600 bytes (4000.88 MB)
write base data version: 60000, memory: 4341456896 bytes (4140.34 MB)
write base data version: 60100, memory: 4494487552 bytes (4286.28 MB)
write base data version: 60200, memory: 4120096768 bytes (3929.23 MB)
write base data version: 60300, memory: 4263092224 bytes (4065.60 MB)
write base data version: 60400, memory: 4404625408 bytes (4200.58 MB)
write base data version: 60500, memory: 4546207744 bytes (4335.60 MB)
write base data version: 60600, memory: 4187496448 bytes (3993.51 MB)
write base data version: 60700, memory: 4342960128 bytes (4141.77 MB)
write base data version: 60800, memory: 4500938752 bytes (4292.43 MB)
write base data version: 60900, memory: 4652867584 bytes (4437.32 MB)
write base data version: 61000, memory: 4277862400 bytes (4079.69 MB)
write base data version: 61100, memory: 4427177984 bytes (4222.09 MB)
write base data version: 61200, memory: 4569518080 bytes (4357.83 MB)
write base data version: 61300, memory: 4196069376 bytes (4001.68 MB)
write base data version: 61400, memory: 4353138688 bytes (4151.48 MB)
write base data version: 61500, memory: 4506910720 bytes (4298.12 MB)
write base data version: 61600, memory: 4652277760 bytes (4436.76 MB)
write base data version: 61700, memory: 4273614848 bytes (4075.64 MB)
write base data version: 61800, memory: 4416135168 bytes (4211.55 MB)
write base data version: 61900, memory: 4559663104 bytes (4348.43 MB)
write base data version: 62000, memory: 4181008384 bytes (3987.32 MB)
write base data version: 62100, memory: 4325707776 bytes (4125.32 MB)
write base data version: 62200, memory: 4468195328 bytes (4261.20 MB)
write base data version: 62300, memory: 4609417216 bytes (4395.88 MB)
write base data version: 62400, memory: 4239298560 bytes (4042.91 MB)
write base data version: 62500, memory: 4385017856 bytes (4181.88 MB)
write base data version: 62600, memory: 4530479104 bytes (4320.60 MB)
write base data version: 62700, memory: 4671373312 bytes (4454.97 MB)
write base data version: 62800, memory: 4296650752 bytes (4097.61 MB)
write base data version: 62900, memory: 4439588864 bytes (4233.92 MB)
write base data version: 63000, memory: 4588032000 bytes (4375.49 MB)
write base data version: 63100, memory: 4734459904 bytes (4515.13 MB)
write base data version: 63200, memory: 4356956160 bytes (4155.12 MB)
write base data version: 63300, memory: 4501794816 bytes (4293.25 MB)
write base data version: 63400, memory: 4643033088 bytes (4427.94 MB)
write base data version: 63500, memory: 4267970560 bytes (4070.25 MB)
write base data version: 63600, memory: 4421963776 bytes (4217.11 MB)
write base data version: 63700, memory: 4568756224 bytes (4357.11 MB)
write base data version: 63800, memory: 4709978112 bytes (4491.79 MB)
write base data version: 63900, memory: 4334309376 bytes (4133.52 MB)
write base data version: 64000, memory: 4475822080 bytes (4268.48 MB)
write base data version: 64100, memory: 4620623872 bytes (4406.57 MB)
write base data version: 64200, memory: 4242063360 bytes (4045.55 MB)
write base data version: 64300, memory: 4386230272 bytes (4183.04 MB)
write base data version: 64400, memory: 4530458624 bytes (4320.58 MB)
write base data version: 64500, memory: 4671574016 bytes (4455.16 MB)
write base data version: 64600, memory: 4295348224 bytes (4096.36 MB)
write base data version: 64700, memory: 4438921216 bytes (4233.29 MB)
write base data version: 64800, memory: 4580749312 bytes (4368.54 MB)
write base data version: 64900, memory: 4722843648 bytes (4504.05 MB)
write base data version: 65000, memory: 4362137600 bytes (4160.06 MB)
write base data version: 65100, memory: 4517568512 bytes (4308.29 MB)
write base data version: 65200, memory: 4670103552 bytes (4453.76 MB)
write base data version: 65300, memory: 4304515072 bytes (4105.11 MB)
write base data version: 65400, memory: 4456349696 bytes (4249.91 MB)
write base data version: 65500, memory: 4597760000 bytes (4384.77 MB)
write base data version: 65600, memory: 4742111232 bytes (4522.43 MB)
write base data version: 65700, memory: 4366680064 bytes (4164.39 MB)
write base data version: 65800, memory: 4509704192 bytes (4300.79 MB)
write base data version: 65900, memory: 4662804480 bytes (4446.80 MB)
write base data version: 66000, memory: 4808609792 bytes (4585.85 MB)
write base data version: 66100, memory: 4431679488 bytes (4226.38 MB)
write base data version: 66200, memory: 4575219712 bytes (4363.27 MB)
write base data version: 66300, memory: 4716916736 bytes (4498.40 MB)
write base data version: 66400, memory: 4338364416 bytes (4137.39 MB)
write base data version: 66500, memory: 4483567616 bytes (4275.86 MB)
write base data version: 66600, memory: 4628451328 bytes (4414.04 MB)
write base data version: 66700, memory: 4776583168 bytes (4555.30 MB)
write base data version: 66800, memory: 4400623616 bytes (4196.76 MB)
write base data version: 66900, memory: 4542013440 bytes (4331.60 MB)
write base data version: 67000, memory: 4684632064 bytes (4467.61 MB)
write base data version: 67100, memory: 4309454848 bytes (4109.82 MB)
write base data version: 67200, memory: 4450332672 bytes (4244.17 MB)
write base data version: 67300, memory: 4598947840 bytes (4385.90 MB)
write base data version: 67400, memory: 4751728640 bytes (4531.60 MB)
write base data version: 67500, memory: 4388052992 bytes (4184.77 MB)
write base data version: 67600, memory: 4532060160 bytes (4322.11 MB)
write base data version: 67700, memory: 4673581056 bytes (4457.07 MB)
write base data version: 67800, memory: 4816818176 bytes (4593.68 MB)
write base data version: 67900, memory: 4448829440 bytes (4242.73 MB)
write base data version: 68000, memory: 4603703296 bytes (4390.43 MB)
write base data version: 68100, memory: 4753924096 bytes (4533.70 MB)
write base data version: 68200, memory: 4375568384 bytes (4172.87 MB)
write base data version: 68300, memory: 4520591360 bytes (4311.17 MB)
write base data version: 68400, memory: 4661624832 bytes (4445.67 MB)
write base data version: 68500, memory: 4803862528 bytes (4581.32 MB)
write base data version: 68600, memory: 4433162240 bytes (4227.79 MB)
write base data version: 68700, memory: 4588646400 bytes (4376.07 MB)
write base data version: 68800, memory: 4747321344 bytes (4527.40 MB)
write base data version: 68900, memory: 4896468992 bytes (4669.64 MB)
write base data version: 69000, memory: 4517441536 bytes (4308.17 MB)
write base data version: 69100, memory: 4660699136 bytes (4444.79 MB)
write base data version: 69200, memory: 4806152192 bytes (4583.50 MB)
write base data version: 69300, memory: 4434083840 bytes (4228.67 MB)
write base data version: 69400, memory: 4597260288 bytes (4384.29 MB)
write base data version: 69500, memory: 4752015360 bytes (4531.88 MB)
write base data version: 69600, memory: 4895232000 bytes (4668.46 MB)
write base data version: 69700, memory: 4523847680 bytes (4314.28 MB)
write base data version: 69800, memory: 4665196544 bytes (4449.08 MB)
write base data version: 69900, memory: 4809236480 bytes (4586.45 MB)
write base data version: 70000, memory: 4950831104 bytes (4721.48 MB)
write base data version: 70100, memory: 4578361344 bytes (4366.27 MB)
write base data version: 70200, memory: 4733792256 bytes (4514.50 MB)
write base data version: 70300, memory: 4877045760 bytes (4651.11 MB)
write base data version: 70400, memory: 4500598784 bytes (4292.11 MB)
write base data version: 70500, memory: 4643995648 bytes (4428.86 MB)
write base data version: 70600, memory: 4786151424 bytes (4564.43 MB)
write base data version: 70700, memory: 4928299008 bytes (4699.99 MB)
write base data version: 70800, memory: 4551741440 bytes (4340.88 MB)
write base data version: 70900, memory: 4698415104 bytes (4480.76 MB)
write base data version: 71000, memory: 4848283648 bytes (4623.68 MB)
write base data version: 71100, memory: 4474241024 bytes (4266.97 MB)
write base data version: 71200, memory: 4615852032 bytes (4402.02 MB)
write base data version: 71300, memory: 4757504000 bytes (4537.11 MB)
write base data version: 71400, memory: 4901240832 bytes (4674.19 MB)
write base data version: 71500, memory: 4524474368 bytes (4314.88 MB)
write base data version: 71600, memory: 4665241600 bytes (4449.12 MB)
write base data version: 71700, memory: 4809768960 bytes (4586.95 MB)
write base data version: 71800, memory: 4951236608 bytes (4721.87 MB)
write base data version: 71900, memory: 4575727616 bytes (4363.75 MB)
write base data version: 72000, memory: 4717023232 bytes (4498.50 MB)
write base data version: 72100, memory: 4858802176 bytes (4633.71 MB)
write base data version: 72200, memory: 4483653632 bytes (4275.95 MB)
write base data version: 72300, memory: 4624646144 bytes (4410.41 MB)
write base data version: 72400, memory: 4767559680 bytes (4546.70 MB)
write base data version: 72500, memory: 4911243264 bytes (4683.73 MB)
write base data version: 72600, memory: 4532178944 bytes (4322.22 MB)
write base data version: 72700, memory: 4676943872 bytes (4460.28 MB)
write base data version: 72800, memory: 4818845696 bytes (4595.61 MB)
write base data version: 72900, memory: 4960440320 bytes (4730.64 MB)
write base data version: 73000, memory: 4585181184 bytes (4372.77 MB)
write base data version: 73100, memory: 4726067200 bytes (4507.13 MB)
write base data version: 73200, memory: 4870672384 bytes (4645.04 MB)
write base data version: 73300, memory: 4493213696 bytes (4285.06 MB)
write base data version: 73400, memory: 4635893760 bytes (4421.13 MB)
write base data version: 73500, memory: 4779741184 bytes (4558.32 MB)
write base data version: 73600, memory: 4920455168 bytes (4692.51 MB)
write base data version: 73700, memory: 4547346432 bytes (4336.69 MB)
write base data version: 73800, memory: 4692377600 bytes (4475.00 MB)
write base data version: 73900, memory: 4852289536 bytes (4627.50 MB)
write base data version: 74000, memory: 5006950400 bytes (4775.00 MB)
write base data version: 74100, memory: 4634202112 bytes (4419.52 MB)
write base data version: 74200, memory: 4775366656 bytes (4554.14 MB)
write base data version: 74300, memory: 4916572160 bytes (4688.81 MB)
write base data version: 74400, memory: 4541829120 bytes (4331.43 MB)
write base data version: 74500, memory: 4689387520 bytes (4472.15 MB)
write base data version: 74600, memory: 4838088704 bytes (4613.96 MB)
write base data version: 74700, memory: 4993601536 bytes (4762.27 MB)
write base data version: 74800, memory: 4625768448 bytes (4411.48 MB)
write base data version: 74900, memory: 4775604224 bytes (4554.37 MB)
write base data version: 75000, memory: 4916969472 bytes (4689.19 MB)
write base data version: 75100, memory: 4541825024 bytes (4331.42 MB)
write base data version: 75200, memory: 4706078720 bytes (4488.07 MB)
write base data version: 75300, memory: 4863889408 bytes (4638.57 MB)
write base data version: 75400, memory: 5011107840 bytes (4778.96 MB)
write base data version: 75500, memory: 4636016640 bytes (4421.25 MB)
write base data version: 75600, memory: 4780429312 bytes (4558.97 MB)
write base data version: 75700, memory: 4921421824 bytes (4693.43 MB)
write base data version: 75800, memory: 5066633216 bytes (4831.92 MB)
write base data version: 75900, memory: 4686663680 bytes (4469.55 MB)
write base data version: 76000, memory: 4832477184 bytes (4608.61 MB)
write base data version: 76100, memory: 4973395968 bytes (4743.00 MB)
write base data version: 76200, memory: 4598804480 bytes (4385.76 MB)
write base data version: 76300, memory: 4740366336 bytes (4520.77 MB)
write base data version: 76400, memory: 4884725760 bytes (4658.44 MB)
write base data version: 76500, memory: 5026349056 bytes (4793.50 MB)
write base data version: 76600, memory: 4654825472 bytes (4439.19 MB)
write base data version: 76700, memory: 4817080320 bytes (4593.93 MB)
write base data version: 76800, memory: 4974333952 bytes (4743.89 MB)
write base data version: 76900, memory: 5124763648 bytes (4887.36 MB)
write base data version: 77000, memory: 4746858496 bytes (4526.96 MB)
write base data version: 77100, memory: 4891062272 bytes (4664.48 MB)
write base data version: 77200, memory: 5032685568 bytes (4799.54 MB)
write base data version: 77300, memory: 4656832512 bytes (4441.10 MB)
write base data version: 77400, memory: 4799832064 bytes (4577.48 MB)
write base data version: 77500, memory: 4941819904 bytes (4712.89 MB)
write base data version: 77600, memory: 5085310976 bytes (4849.73 MB)
write base data version: 77700, memory: 4706762752 bytes (4488.72 MB)
write base data version: 77800, memory: 4849422336 bytes (4624.77 MB)
write base data version: 77900, memory: 4994191360 bytes (4762.83 MB)
write base data version: 78000, memory: 5135695872 bytes (4897.78 MB)
write base data version: 78100, memory: 4760559616 bytes (4540.02 MB)
write base data version: 78200, memory: 4919906304 bytes (4691.99 MB)
write base data version: 78300, memory: 5070405632 bytes (4835.52 MB)
write base data version: 78400, memory: 4698632192 bytes (4480.96 MB)
write base data version: 78500, memory: 4841705472 bytes (4617.41 MB)
write base data version: 78600, memory: 4983713792 bytes (4752.84 MB)
write base data version: 78700, memory: 5124403200 bytes (4887.01 MB)
write base data version: 78800, memory: 4747481088 bytes (4527.55 MB)
write base data version: 78900, memory: 4892553216 bytes (4665.90 MB)
write base data version: 79000, memory: 5033451520 bytes (4800.27 MB)
write base data version: 79100, memory: 5177905152 bytes (4938.04 MB)
write base data version: 79200, memory: 4800610304 bytes (4578.22 MB)
write base data version: 79300, memory: 4944228352 bytes (4715.18 MB)
write base data version: 79400, memory: 5086969856 bytes (4851.31 MB)
write base data version: 79500, memory: 4708438016 bytes (4490.32 MB)
write base data version: 79600, memory: 4852867072 bytes (4628.05 MB)
write base data version: 79700, memory: 4993945600 bytes (4762.60 MB)
write base data version: 79800, memory: 5139169280 bytes (4901.09 MB)
write base data version: 79900, memory: 4760649728 bytes (4540.11 MB)
write base data version: 80000, memory: 4903927808 bytes (4676.75 MB)
write base data version: 80100, memory: 5046800384 bytes (4813.00 MB)
write base data version: 80200, memory: 4671852544 bytes (4455.43 MB)
write base data version: 80300, memory: 4836655104 bytes (4612.59 MB)
write base data version: 80400, memory: 4990144512 bytes (4758.97 MB)
write base data version: 80500, memory: 5139714048 bytes (4901.61 MB)
write base data version: 80600, memory: 4764950528 bytes (4544.21 MB)
write base data version: 80700, memory: 4906037248 bytes (4678.76 MB)
write base data version: 80800, memory: 5051346944 bytes (4817.34 MB)
write base data version: 80900, memory: 5192577024 bytes (4952.03 MB)
write base data version: 81000, memory: 4817924096 bytes (4594.73 MB)
write base data version: 81100, memory: 4973232128 bytes (4742.84 MB)
write base data version: 81200, memory: 5127684096 bytes (4890.14 MB)
write base data version: 81300, memory: 4752244736 bytes (4532.09 MB)
write base data version: 81400, memory: 4899528704 bytes (4672.55 MB)
write base data version: 81500, memory: 5043396608 bytes (4809.76 MB)
write base data version: 81600, memory: 5184700416 bytes (4944.52 MB)
write base data version: 81700, memory: 4809551872 bytes (4586.75 MB)
write base data version: 81800, memory: 4950585344 bytes (4721.25 MB)
write base data version: 81900, memory: 5094580224 bytes (4858.57 MB)
write base data version: 82000, memory: 5238284288 bytes (4995.62 MB)
write base data version: 82100, memory: 4861804544 bytes (4636.58 MB)
write base data version: 82200, memory: 5004513280 bytes (4772.68 MB)
write base data version: 82300, memory: 5146701824 bytes (4908.28 MB)
write base data version: 82400, memory: 4772671488 bytes (4551.57 MB)
write base data version: 82500, memory: 4928282624 bytes (4699.98 MB)
write base data version: 82600, memory: 5087072256 bytes (4851.41 MB)
write base data version: 82700, memory: 5228077056 bytes (4985.88 MB)
write base data version: 82800, memory: 4852928512 bytes (4628.11 MB)
write base data version: 82900, memory: 4993839104 bytes (4762.50 MB)
write base data version: 83000, memory: 5136396288 bytes (4898.45 MB)
write base data version: 83100, memory: 5280399360 bytes (5035.78 MB)
write base data version: 83200, memory: 4903415808 bytes (4676.26 MB)
write base data version: 83300, memory: 5050761216 bytes (4816.78 MB)
write base data version: 83400, memory: 5192089600 bytes (4951.56 MB)
write base data version: 83500, memory: 4816658432 bytes (4593.52 MB)
write base data version: 83600, memory: 4957962240 bytes (4728.28 MB)
write base data version: 83700, memory: 5101948928 bytes (4865.60 MB)
write base data version: 83800, memory: 5244047360 bytes (5001.11 MB)
write base data version: 83900, memory: 4885594112 bytes (4659.27 MB)
write base data version: 84000, memory: 5042835456 bytes (4809.22 MB)
write base data version: 84100, memory: 5198221312 bytes (4957.41 MB)
write base data version: 84200, memory: 4827144192 bytes (4603.52 MB)
write base data version: 84300, memory: 4983754752 bytes (4752.88 MB)
write base data version: 84400, memory: 5125332992 bytes (4887.90 MB)
write base data version: 84500, memory: 5268606976 bytes (5024.54 MB)
write base data version: 84600, memory: 4907630592 bytes (4680.28 MB)
write base data version: 84700, memory: 5066735616 bytes (4832.02 MB)
write base data version: 84800, memory: 5217288192 bytes (4975.59 MB)
write base data version: 84900, memory: 5365657600 bytes (5117.09 MB)
write base data version: 85000, memory: 4994830336 bytes (4763.44 MB)
write base data version: 85100, memory: 5136429056 bytes (4898.48 MB)
write base data version: 85200, memory: 5280907264 bytes (5036.27 MB)
write base data version: 85300, memory: 4903636992 bytes (4676.47 MB)
write base data version: 85400, memory: 5044842496 bytes (4811.14 MB)
write base data version: 85500, memory: 5189574656 bytes (4949.16 MB)
write base data version: 85600, memory: 5330911232 bytes (5083.95 MB)
write base data version: 85700, memory: 4954738688 bytes (4725.21 MB)
write base data version: 85800, memory: 5098057728 bytes (4861.89 MB)
write base data version: 85900, memory: 5239910400 bytes (4997.17 MB)
write base data version: 86000, memory: 5381484544 bytes (5132.18 MB)
write base data version: 86100, memory: 5006655488 bytes (4774.72 MB)
write base data version: 86200, memory: 5165309952 bytes (4926.02 MB)
write base data version: 86300, memory: 5317128192 bytes (5070.81 MB)
write base data version: 86400, memory: 4951494656 bytes (4722.11 MB)
write base data version: 86500, memory: 5101121536 bytes (4864.81 MB)
write base data version: 86600, memory: 5242548224 bytes (4999.68 MB)
write base data version: 86700, memory: 5384134656 bytes (5134.71 MB)
write base data version: 86800, memory: 5006176256 bytes (4774.26 MB)
write base data version: 86900, memory: 5148844032 bytes (4910.32 MB)
write base data version: 87000, memory: 5295624192 bytes (5050.30 MB)
write base data version: 87100, memory: 5448888320 bytes (5196.46 MB)
write base data version: 87200, memory: 5069594624 bytes (4834.74 MB)
write base data version: 87300, memory: 5214445568 bytes (4972.88 MB)
write base data version: 87400, memory: 5356888064 bytes (5108.73 MB)
write base data version: 87500, memory: 4978397184 bytes (4747.77 MB)
write base data version: 87600, memory: 5122772992 bytes (4885.46 MB)
write base data version: 87700, memory: 5263822848 bytes (5019.97 MB)
write base data version: 87800, memory: 5408473088 bytes (5157.92 MB)
write base data version: 87900, memory: 5029232640 bytes (4796.25 MB)
write base data version: 88000, memory: 5173264384 bytes (4933.61 MB)
write base data version: 88100, memory: 5316243456 bytes (5069.96 MB)
write base data version: 88200, memory: 4938280960 bytes (4709.51 MB)
write base data version: 88300, memory: 5082771456 bytes (4847.31 MB)
write base data version: 88400, memory: 5226414080 bytes (4984.30 MB)
write base data version: 88500, memory: 5377404928 bytes (5128.29 MB)
write base data version: 88600, memory: 4998430720 bytes (4766.88 MB)
write base data version: 88700, memory: 5143277568 bytes (4905.01 MB)
write base data version: 88800, memory: 5284835328 bytes (5040.01 MB)
write base data version: 88900, memory: 5427671040 bytes (5176.23 MB)
write base data version: 89000, memory: 5051080704 bytes (4817.09 MB)
write base data version: 89100, memory: 5193510912 bytes (4952.92 MB)
write base data version: 89200, memory: 5332824064 bytes (5085.78 MB)
write base data version: 89300, memory: 4956676096 bytes (4727.05 MB)
write base data version: 89400, memory: 5099180032 bytes (4862.96 MB)
write base data version: 89500, memory: 5241073664 bytes (4998.28 MB)
write base data version: 89600, memory: 5385142272 bytes (5135.67 MB)
write base data version: 89700, memory: 5006331904 bytes (4774.41 MB)
write base data version: 89800, memory: 5153558528 bytes (4914.82 MB)
write base data version: 89900, memory: 5303484416 bytes (5057.80 MB)
write base data version: 90000, memory: 5456896000 bytes (5204.10 MB)
write base data version: 90100, memory: 5078552576 bytes (4843.29 MB)
write base data version: 90200, memory: 5223301120 bytes (4981.33 MB)
write base data version: 90300, memory: 5364379648 bytes (5115.87 MB)
write base data version: 90400, memory: 4989288448 bytes (4758.16 MB)
write base data version: 90500, memory: 5130604544 bytes (4892.93 MB)
write base data version: 90600, memory: 5278076928 bytes (5033.57 MB)
write base data version: 90700, memory: 5429174272 bytes (5177.66 MB)
write base data version: 90800, memory: 5055062016 bytes (4820.88 MB)
write base data version: 90900, memory: 5197303808 bytes (4956.54 MB)
write base data version: 91000, memory: 5338566656 bytes (5091.25 MB)
write base data version: 91100, memory: 5481750528 bytes (5227.80 MB)
write base data version: 91200, memory: 5126774784 bytes (4889.27 MB)
write base data version: 91300, memory: 5278924800 bytes (5034.38 MB)
write base data version: 91400, memory: 5433217024 bytes (5181.52 MB)
write base data version: 91500, memory: 5059399680 bytes (4825.02 MB)
write base data version: 91600, memory: 5205950464 bytes (4964.78 MB)
write base data version: 91700, memory: 5349699584 bytes (5101.87 MB)
write base data version: 91800, memory: 5493248000 bytes (5238.77 MB)
write base data version: 91900, memory: 5116944384 bytes (4879.90 MB)
write base data version: 92000, memory: 5259939840 bytes (5016.27 MB)
write base data version: 92100, memory: 5403463680 bytes (5153.14 MB)
write base data version: 92200, memory: 5545037824 bytes (5288.16 MB)
write base data version: 92300, memory: 5153079296 bytes (4914.36 MB)
write base data version: 92400, memory: 5296160768 bytes (5050.81 MB)
write base data version: 92500, memory: 5437685760 bytes (5185.78 MB)
write base data version: 92600, memory: 5061681152 bytes (4827.20 MB)
write base data version: 92700, memory: 5205905408 bytes (4964.74 MB)
write base data version: 92800, memory: 5347835904 bytes (5100.09 MB)
write base data version: 92900, memory: 5491163136 bytes (5236.78 MB)
write base data version: 93000, memory: 5112537088 bytes (4875.70 MB)
write base data version: 93100, memory: 5255684096 bytes (5012.21 MB)
write base data version: 93200, memory: 5399486464 bytes (5149.35 MB)
write base data version: 93300, memory: 5020815360 bytes (4788.22 MB)
write base data version: 93400, memory: 5165768704 bytes (4926.46 MB)
write base data version: 93500, memory: 5319839744 bytes (5073.39 MB)
write base data version: 93600, memory: 5462638592 bytes (5209.58 MB)
write base data version: 93700, memory: 5087285248 bytes (4851.61 MB)
write base data version: 93800, memory: 5228298240 bytes (4986.09 MB)
write base data version: 93900, memory: 5372784640 bytes (5123.89 MB)
write base data version: 94000, memory: 5515165696 bytes (5259.67 MB)
write base data version: 94100, memory: 5137870848 bytes (4899.86 MB)
write base data version: 94200, memory: 5282578432 bytes (5037.86 MB)
write base data version: 94300, memory: 5423325184 bytes (5172.09 MB)
write base data version: 94400, memory: 5048090624 bytes (4814.23 MB)
write base data version: 94500, memory: 5189165056 bytes (4948.77 MB)
write base data version: 94600, memory: 5333749760 bytes (5086.66 MB)
write base data version: 94700, memory: 5475094528 bytes (5221.46 MB)
write base data version: 94800, memory: 5099073536 bytes (4862.86 MB)
write base data version: 94900, memory: 5245767680 bytes (5002.75 MB)
write base data version: 95000, memory: 5392244736 bytes (5142.45 MB)
write base data version: 95100, memory: 5534801920 bytes (5278.40 MB)
write base data version: 95200, memory: 5155827712 bytes (4916.98 MB)
write base data version: 95300, memory: 5301211136 bytes (5055.63 MB)
write base data version: 95400, memory: 5442785280 bytes (5190.64 MB)
write base data version: 95500, memory: 5064241152 bytes (4829.64 MB)
write base data version: 95600, memory: 5208707072 bytes (4967.41 MB)
write base data version: 95700, memory: 5351669760 bytes (5103.75 MB)
write base data version: 95800, memory: 5493325824 bytes (5238.84 MB)
write base data version: 95900, memory: 5117579264 bytes (4880.50 MB)
write base data version: 96000, memory: 5259333632 bytes (5015.69 MB)
write base data version: 96100, memory: 5400666112 bytes (5150.48 MB)
write base data version: 96200, memory: 5545811968 bytes (5288.90 MB)
write base data version: 96300, memory: 5171511296 bytes (4931.94 MB)
write base data version: 96400, memory: 5328531456 bytes (5081.68 MB)
write base data version: 96500, memory: 5475119104 bytes (5221.48 MB)
write base data version: 96600, memory: 5100396544 bytes (4864.12 MB)
write base data version: 96700, memory: 5241737216 bytes (4998.91 MB)
write base data version: 96800, memory: 5384724480 bytes (5135.27 MB)
write base data version: 96900, memory: 5527957504 bytes (5271.87 MB)
write base data version: 97000, memory: 5149405184 bytes (4910.86 MB)
write base data version: 97100, memory: 5303848960 bytes (5058.14 MB)
write base data version: 97200, memory: 5460852736 bytes (5207.88 MB)
write base data version: 97300, memory: 5082132480 bytes (4846.70 MB)
write base data version: 97400, memory: 5240414208 bytes (4997.65 MB)
write base data version: 97500, memory: 5384318976 bytes (5134.89 MB)
write base data version: 97600, memory: 5526233088 bytes (5270.23 MB)
write base data version: 97700, memory: 5151309824 bytes (4912.67 MB)
write base data version: 97800, memory: 5292695552 bytes (5047.51 MB)
write base data version: 97900, memory: 5438160896 bytes (5186.23 MB)
write base data version: 98000, memory: 5585326080 bytes (5326.58 MB)
write base data version: 98100, memory: 5207093248 bytes (4965.87 MB)
write base data version: 98200, memory: 5348712448 bytes (5100.93 MB)
write base data version: 98300, memory: 5493153792 bytes (5238.68 MB)
write base data version: 98400, memory: 5119700992 bytes (4882.53 MB)
write base data version: 98500, memory: 5282668544 bytes (5037.95 MB)
write base data version: 98600, memory: 5438566400 bytes (5186.62 MB)
write base data version: 98700, memory: 5586178048 bytes (5327.39 MB)
write base data version: 98800, memory: 5221113856 bytes (4979.24 MB)
write base data version: 98900, memory: 5368889344 bytes (5120.17 MB)
write base data version: 99000, memory: 5493436416 bytes (5238.95 MB)
write base data version: 99100, memory: 5639933952 bytes (5378.66 MB)
write base data version: 99200, memory: 5261418496 bytes (5017.68 MB)
write base data version: 99300, memory: 5404205056 bytes (5153.85 MB)
write base data version: 99400, memory: 5554692096 bytes (5297.37 MB)
write base data version: 99500, memory: 5176827904 bytes (4937.01 MB)
write base data version: 99600, memory: 5320998912 bytes (5074.50 MB)
write base data version: 99700, memory: 5463343104 bytes (5210.25 MB)
write base data version: 99800, memory: 5604581376 bytes (5344.95 MB)
write base data version: 99900, memory: 5229461504 bytes (4987.20 MB)
write base data version: 100000, memory: 5370494976 bytes (5121.70 MB)
tip block: 3283----3284
Test Results: 
  Total Disk Usage: 170031.15 MB
  Average Per Record: 1782.91 bytes
[test batch write] generate key value
[test batch write] write data
[test batch write] flush
tip block: 3285----3285
  Write Throughput: 10014.02 records/sec
  Read Throughput:  26815.33 records/sec
  Current Memory:   5377.25 MB
  Peak Memory:      5414.84 MB
  Memory Per Record: 56.38 bytes

========== Testing at data scale: 200,000,000 ==========
Writing 100000000 incremental records (keys: 100000001-200000000, total: 200000000)
write base data version: 100100, memory: 5776068608 bytes (5508.49 MB)
write base data version: 100200, memory: 5402185728 bytes (5151.93 MB)
write base data version: 100300, memory: 5544370176 bytes (5287.52 MB)
write base data version: 100400, memory: 5688455168 bytes (5424.93 MB)
write base data version: 100500, memory: 5833306112 bytes (5563.07 MB)
write base data version: 100600, memory: 5456719872 bytes (5203.93 MB)
write base data version: 100700, memory: 5602426880 bytes (5342.89 MB)
write base data version: 100800, memory: 5746515968 bytes (5480.30 MB)
write base data version: 100900, memory: 5371052032 bytes (5122.23 MB)
write base data version: 101000, memory: 5512925184 bytes (5257.54 MB)
write base data version: 101100, memory: 5660098560 bytes (5397.89 MB)
write base data version: 101200, memory: 5802287104 bytes (5533.49 MB)
write base data version: 101300, memory: 5428006912 bytes (5176.55 MB)
write base data version: 101400, memory: 5570969600 bytes (5312.89 MB)
write base data version: 101500, memory: 5715914752 bytes (5451.12 MB)
write base data version: 101600, memory: 5340143616 bytes (5092.76 MB)
write base data version: 101700, memory: 5466624000 bytes (5213.38 MB)
write base data version: 101800, memory: 5608595456 bytes (5348.77 MB)
write base data version: 101900, memory: 5758017536 bytes (5491.27 MB)
write base data version: 102000, memory: 5380145152 bytes (5130.91 MB)
write base data version: 102100, memory: 5526937600 bytes (5270.90 MB)
write base data version: 102200, memory: 5668810752 bytes (5406.20 MB)
write base data version: 102300, memory: 5814927360 bytes (5545.55 MB)
write base data version: 102400, memory: 5439201280 bytes (5187.23 MB)
write base data version: 102500, memory: 5583831040 bytes (5325.16 MB)
write base data version: 102600, memory: 5727715328 bytes (5462.38 MB)
write base data version: 102700, memory: 5355606016 bytes (5107.50 MB)
write base data version: 102800, memory: 5506080768 bytes (5251.01 MB)
write base data version: 102900, memory: 5663645696 bytes (5401.27 MB)
write base data version: 103000, memory: 5814804480 bytes (5545.43 MB)
write base data version: 103100, memory: 5442797568 bytes (5190.66 MB)
write base data version: 103200, memory: 5584969728 bytes (5326.24 MB)
write base data version: 103300, memory: 5731110912 bytes (5465.61 MB)
write base data version: 103400, memory: 5356949504 bytes (5108.79 MB)
write base data version: 103500, memory: 5520306176 bytes (5264.57 MB)
write base data version: 103600, memory: 5678702592 bytes (5415.63 MB)
write base data version: 103700, memory: 5828169728 bytes (5558.18 MB)
write base data version: 103800, memory: 5460582400 bytes (5207.62 MB)
write base data version: 103900, memory: 5625696256 bytes (5365.08 MB)
write base data version: 104000, memory: 5768966144 bytes (5501.71 MB)
write base data version: 104100, memory: 5915451392 bytes (5641.41 MB)
write base data version: 104200, memory: 5541871616 bytes (5285.14 MB)
write base data version: 104300, memory: 5699788800 bytes (5435.74 MB)
write base data version: 104400, memory: 5854060544 bytes (5582.87 MB)
write base data version: 104500, memory: 5476827136 bytes (5223.11 MB)
write base data version: 104600, memory: 5622902784 bytes (5362.42 MB)
write base data version: 104700, memory: 5766557696 bytes (5499.42 MB)
write base data version: 104800, memory: 5909553152 bytes (5635.79 MB)
write base data version: 104900, memory: 5537308672 bytes (5280.79 MB)
write base data version: 105000, memory: 5682044928 bytes (5418.82 MB)
write base data version: 105100, memory: 5825474560 bytes (5555.61 MB)
write base data version: 105200, memory: 5467897856 bytes (5214.59 MB)
write base data version: 105300, memory: 5611884544 bytes (5351.91 MB)
write base data version: 105400, memory: 5751160832 bytes (5484.73 MB)
write base data version: 105500, memory: 5894733824 bytes (5621.66 MB)
write base data version: 105600, memory: 5519720448 bytes (5264.02 MB)
write base data version: 105700, memory: 5662113792 bytes (5399.81 MB)
write base data version: 105800, memory: 5808304128 bytes (5539.23 MB)
write base data version: 105900, memory: 5950386176 bytes (5674.73 MB)
write base data version: 106000, memory: 5576781824 bytes (5318.43 MB)
write base data version: 106100, memory: 5718650880 bytes (5453.73 MB)
write base data version: 106200, memory: 5862682624 bytes (5591.09 MB)
write base data version: 106300, memory: 5489815552 bytes (5235.50 MB)
write base data version: 106400, memory: 5633888256 bytes (5372.89 MB)
write base data version: 106500, memory: 5791846400 bytes (5523.54 MB)
write base data version: 106600, memory: 5934497792 bytes (5659.58 MB)
write base data version: 106700, memory: 0 bytes (0.00 MB)
write base data version: 106800, memory: 5565710336 bytes (5307.88 MB)
write base data version: 106900, memory: 5565710336 bytes (5307.88 MB)
write base data version: 107000, memory: 5565734912 bytes (5307.90 MB)
write base data version: 107100, memory: 5565734912 bytes (5307.90 MB)
write base data version: 107200, memory: 5565734912 bytes (5307.90 MB)
write base data version: 107300, memory: 5565734912 bytes (5307.90 MB)
write base data version: 107400, memory: 5565734912 bytes (5307.90 MB)
write base data version: 107500, memory: 5565734912 bytes (5307.90 MB)
write base data version: 107600, memory: 5565734912 bytes (5307.90 MB)
write base data version: 107700, memory: 5565734912 bytes (5307.90 MB)
write base data version: 107800, memory: 5565734912 bytes (5307.90 MB)
write base data version: 107900, memory: 5565734912 bytes (5307.90 MB)
write base data version: 108000, memory: 5565734912 bytes (5307.90 MB)
write base data version: 108100, memory: 5565734912 bytes (5307.90 MB)
write base data version: 108200, memory: 5565734912 bytes (5307.90 MB)
write base data version: 108300, memory: 5565734912 bytes (5307.90 MB)
write base data version: 108400, memory: 5565734912 bytes (5307.90 MB)
write base data version: 108500, memory: 5565734912 bytes (5307.90 MB)
write base data version: 108600, memory: 5565734912 bytes (5307.90 MB)
write base data version: 108700, memory: 5565734912 bytes (5307.90 MB)
write base data version: 108800, memory: 5565734912 bytes (5307.90 MB)
write base data version: 108900, memory: 5565734912 bytes (5307.90 MB)
write base data version: 109000, memory: 5565734912 bytes (5307.90 MB)
write base data version: 109100, memory: 5565734912 bytes (5307.90 MB)
write base data version: 109200, memory: 5565734912 bytes (5307.90 MB)
write base data version: 109300, memory: 5565734912 bytes (5307.90 MB)
write base data version: 109400, memory: 5565734912 bytes (5307.90 MB)
write base data version: 109500, memory: 5565734912 bytes (5307.90 MB)
write base data version: 109600, memory: 5565734912 bytes (5307.90 MB)
write base data version: 109700, memory: 5565734912 bytes (5307.90 MB)
write base data version: 109800, memory: 5565734912 bytes (5307.90 MB)
write base data version: 109900, memory: 5565734912 bytes (5307.90 MB)
write base data version: 110000, memory: 5565734912 bytes (5307.90 MB)
write base data version: 110100, memory: 5565734912 bytes (5307.90 MB)
write base data version: 110200, memory: 5565734912 bytes (5307.90 MB)
write base data version: 110300, memory: 5565734912 bytes (5307.90 MB)
write base data version: 110400, memory: 5565734912 bytes (5307.90 MB)
write base data version: 110500, memory: 5565734912 bytes (5307.90 MB)
write base data version: 110600, memory: 5565734912 bytes (5307.90 MB)
write base data version: 110700, memory: 5565734912 bytes (5307.90 MB)
write base data version: 110800, memory: 5565734912 bytes (5307.90 MB)
write base data version: 110900, memory: 5565734912 bytes (5307.90 MB)
write base data version: 111000, memory: 5565734912 bytes (5307.90 MB)
write base data version: 111100, memory: 5565734912 bytes (5307.90 MB)
write base data version: 111200, memory: 5565734912 bytes (5307.90 MB)
write base data version: 111300, memory: 5565734912 bytes (5307.90 MB)
write base data version: 111400, memory: 5565734912 bytes (5307.90 MB)
write base data version: 111500, memory: 5565734912 bytes (5307.90 MB)
write base data version: 111600, memory: 5565734912 bytes (5307.90 MB)
write base data version: 111700, memory: 5565734912 bytes (5307.90 MB)
write base data version: 111800, memory: 5565734912 bytes (5307.90 MB)
write base data version: 111900, memory: 5565734912 bytes (5307.90 MB)
write base data version: 112000, memory: 5565734912 bytes (5307.90 MB)
write base data version: 112100, memory: 5565734912 bytes (5307.90 MB)
write base data version: 112200, memory: 5565734912 bytes (5307.90 MB)
write base data version: 112300, memory: 5565734912 bytes (5307.90 MB)
write base data version: 112400, memory: 5565734912 bytes (5307.90 MB)
write base data version: 112500, memory: 5565734912 bytes (5307.90 MB)
write base data version: 112600, memory: 5565734912 bytes (5307.90 MB)
write base data version: 112700, memory: 5565734912 bytes (5307.90 MB)
write base data version: 112800, memory: 5565734912 bytes (5307.90 MB)
write base data version: 112900, memory: 5565734912 bytes (5307.90 MB)
write base data version: 113000, memory: 5565734912 bytes (5307.90 MB)
write base data version: 113100, memory: 5565734912 bytes (5307.90 MB)
write base data version: 113200, memory: 5565734912 bytes (5307.90 MB)
write base data version: 113300, memory: 5565734912 bytes (5307.90 MB)
write base data version: 113400, memory: 5565734912 bytes (5307.90 MB)
write base data version: 113500, memory: 5565734912 bytes (5307.90 MB)
write base data version: 113600, memory: 5565734912 bytes (5307.90 MB)
write base data version: 113700, memory: 5565734912 bytes (5307.90 MB)
write base data version: 113800, memory: 5565734912 bytes (5307.90 MB)
write base data version: 113900, memory: 5565734912 bytes (5307.90 MB)
write base data version: 114000, memory: 5565734912 bytes (5307.90 MB)
write base data version: 114100, memory: 5565734912 bytes (5307.90 MB)
write base data version: 114200, memory: 5565734912 bytes (5307.90 MB)
write base data version: 114300, memory: 5565734912 bytes (5307.90 MB)
write base data version: 114400, memory: 5565734912 bytes (5307.90 MB)
write base data version: 114500, memory: 5565734912 bytes (5307.90 MB)
write base data version: 114600, memory: 5565734912 bytes (5307.90 MB)
write base data version: 114700, memory: 5565734912 bytes (5307.90 MB)
write base data version: 114800, memory: 5565734912 bytes (5307.90 MB)
write base data version: 114900, memory: 5565734912 bytes (5307.90 MB)
write base data version: 115000, memory: 5565734912 bytes (5307.90 MB)
write base data version: 115100, memory: 5565734912 bytes (5307.90 MB)
write base data version: 115200, memory: 5565734912 bytes (5307.90 MB)
write base data version: 115300, memory: 5565734912 bytes (5307.90 MB)
write base data version: 115400, memory: 5565734912 bytes (5307.90 MB)
write base data version: 115500, memory: 5565734912 bytes (5307.90 MB)
write base data version: 115600, memory: 5565734912 bytes (5307.90 MB)
write base data version: 115700, memory: 5565734912 bytes (5307.90 MB)
write base data version: 115800, memory: 5565734912 bytes (5307.90 MB)
write base data version: 115900, memory: 5565734912 bytes (5307.90 MB)
write base data version: 116000, memory: 5565734912 bytes (5307.90 MB)
write base data version: 116100, memory: 5565734912 bytes (5307.90 MB)
write base data version: 116200, memory: 5565734912 bytes (5307.90 MB)
write base data version: 116300, memory: 5565734912 bytes (5307.90 MB)
write base data version: 116400, memory: 5565734912 bytes (5307.90 MB)
write base data version: 116500, memory: 5565734912 bytes (5307.90 MB)
write base data version: 116600, memory: 5565734912 bytes (5307.90 MB)
write base data version: 116700, memory: 5565734912 bytes (5307.90 MB)
write base data version: 116800, memory: 5565734912 bytes (5307.90 MB)
write base data version: 116900, memory: 5565734912 bytes (5307.90 MB)
write base data version: 117000, memory: 5565734912 bytes (5307.90 MB)
write base data version: 117100, memory: 5565734912 bytes (5307.90 MB)
write base data version: 117200, memory: 5565734912 bytes (5307.90 MB)
write base data version: 117300, memory: 5565734912 bytes (5307.90 MB)
write base data version: 117400, memory: 5565734912 bytes (5307.90 MB)
write base data version: 117500, memory: 5565734912 bytes (5307.90 MB)
write base data version: 117600, memory: 5565734912 bytes (5307.90 MB)
write base data version: 117700, memory: 5565734912 bytes (5307.90 MB)
write base data version: 117800, memory: 5565734912 bytes (5307.90 MB)
write base data version: 117900, memory: 5565734912 bytes (5307.90 MB)
write base data version: 118000, memory: 5565734912 bytes (5307.90 MB)
write base data version: 118100, memory: 5565734912 bytes (5307.90 MB)
write base data version: 118200, memory: 5565734912 bytes (5307.90 MB)
write base data version: 118300, memory: 5565734912 bytes (5307.90 MB)
write base data version: 118400, memory: 5565734912 bytes (5307.90 MB)
write base data version: 118500, memory: 5565734912 bytes (5307.90 MB)
write base data version: 118600, memory: 5565734912 bytes (5307.90 MB)
write base data version: 118700, memory: 5565734912 bytes (5307.90 MB)
write base data version: 118800, memory: 5565734912 bytes (5307.90 MB)
write base data version: 118900, memory: 5565734912 bytes (5307.90 MB)
write base data version: 119000, memory: 5565734912 bytes (5307.90 MB)
write base data version: 119100, memory: 5565734912 bytes (5307.90 MB)
write base data version: 119200, memory: 5565734912 bytes (5307.90 MB)
write base data version: 119300, memory: 5565734912 bytes (5307.90 MB)
write base data version: 119400, memory: 5565734912 bytes (5307.90 MB)
write base data version: 119500, memory: 5565734912 bytes (5307.90 MB)
write base data version: 119600, memory: 5565734912 bytes (5307.90 MB)
write base data version: 119700, memory: 5565734912 bytes (5307.90 MB)
write base data version: 119800, memory: 5565734912 bytes (5307.90 MB)
write base data version: 119900, memory: 5565734912 bytes (5307.90 MB)
write base data version: 120000, memory: 5565734912 bytes (5307.90 MB)
write base data version: 120100, memory: 5565734912 bytes (5307.90 MB)
write base data version: 120200, memory: 5565734912 bytes (5307.90 MB)
write base data version: 120300, memory: 5565734912 bytes (5307.90 MB)
write base data version: 120400, memory: 5565734912 bytes (5307.90 MB)
write base data version: 120500, memory: 5565734912 bytes (5307.90 MB)
write base data version: 120600, memory: 5565734912 bytes (5307.90 MB)
write base data version: 120700, memory: 5565734912 bytes (5307.90 MB)
write base data version: 120800, memory: 5565734912 bytes (5307.90 MB)
write base data version: 120900, memory: 5565734912 bytes (5307.90 MB)
write base data version: 121000, memory: 5565734912 bytes (5307.90 MB)
write base data version: 121100, memory: 5565734912 bytes (5307.90 MB)
write base data version: 121200, memory: 5565734912 bytes (5307.90 MB)
write base data version: 121300, memory: 5565734912 bytes (5307.90 MB)
write base data version: 121400, memory: 5565734912 bytes (5307.90 MB)
write base data version: 121500, memory: 5565734912 bytes (5307.90 MB)
write base data version: 121600, memory: 5565734912 bytes (5307.90 MB)
write base data version: 121700, memory: 5565734912 bytes (5307.90 MB)
write base data version: 121800, memory: 5565734912 bytes (5307.90 MB)
write base data version: 121900, memory: 5565734912 bytes (5307.90 MB)
write base data version: 122000, memory: 5565734912 bytes (5307.90 MB)
write base data version: 122100, memory: 5565734912 bytes (5307.90 MB)
write base data version: 122200, memory: 5565734912 bytes (5307.90 MB)
write base data version: 122300, memory: 5565734912 bytes (5307.90 MB)
write base data version: 122400, memory: 5565734912 bytes (5307.90 MB)
write base data version: 122500, memory: 5565734912 bytes (5307.90 MB)
write base data version: 122600, memory: 5565734912 bytes (5307.90 MB)
write base data version: 122700, memory: 5565734912 bytes (5307.90 MB)
write base data version: 122800, memory: 5565734912 bytes (5307.90 MB)
write base data version: 122900, memory: 5565734912 bytes (5307.90 MB)
write base data version: 123000, memory: 5565734912 bytes (5307.90 MB)
write base data version: 123100, memory: 5565734912 bytes (5307.90 MB)
write base data version: 123200, memory: 5565734912 bytes (5307.90 MB)
write base data version: 123300, memory: 5565734912 bytes (5307.90 MB)
write base data version: 123400, memory: 5565734912 bytes (5307.90 MB)
write base data version: 123500, memory: 5565734912 bytes (5307.90 MB)
write base data version: 123600, memory: 5565734912 bytes (5307.90 MB)
write base data version: 123700, memory: 5565734912 bytes (5307.90 MB)
write base data version: 123800, memory: 5565734912 bytes (5307.90 MB)
write base data version: 123900, memory: 5565734912 bytes (5307.90 MB)
write base data version: 124000, memory: 5565734912 bytes (5307.90 MB)
write base data version: 124100, memory: 5565734912 bytes (5307.90 MB)
write base data version: 124200, memory: 5565734912 bytes (5307.90 MB)
write base data version: 124300, memory: 5565734912 bytes (5307.90 MB)
write base data version: 124400, memory: 5565734912 bytes (5307.90 MB)
write base data version: 124500, memory: 5565734912 bytes (5307.90 MB)
write base data version: 124600, memory: 5565734912 bytes (5307.90 MB)
write base data version: 124700, memory: 5565734912 bytes (5307.90 MB)
write base data version: 124800, memory: 5565734912 bytes (5307.90 MB)
write base data version: 124900, memory: 5565734912 bytes (5307.90 MB)
write base data version: 125000, memory: 5565734912 bytes (5307.90 MB)
write base data version: 125100, memory: 5565734912 bytes (5307.90 MB)
write base data version: 125200, memory: 5565734912 bytes (5307.90 MB)
write base data version: 125300, memory: 5565734912 bytes (5307.90 MB)
write base data version: 125400, memory: 5565734912 bytes (5307.90 MB)
write base data version: 125500, memory: 5565734912 bytes (5307.90 MB)
write base data version: 125600, memory: 5565734912 bytes (5307.90 MB)
write base data version: 125700, memory: 5565734912 bytes (5307.90 MB)
write base data version: 125800, memory: 5565734912 bytes (5307.90 MB)
write base data version: 125900, memory: 5565734912 bytes (5307.90 MB)
write base data version: 126000, memory: 5565734912 bytes (5307.90 MB)
write base data version: 126100, memory: 5565734912 bytes (5307.90 MB)
write base data version: 126200, memory: 5565734912 bytes (5307.90 MB)
write base data version: 126300, memory: 5565734912 bytes (5307.90 MB)
write base data version: 126400, memory: 5565734912 bytes (5307.90 MB)
write base data version: 126500, memory: 5565734912 bytes (5307.90 MB)
write base data version: 126600, memory: 5565734912 bytes (5307.90 MB)
write base data version: 126700, memory: 5565734912 bytes (5307.90 MB)
write base data version: 126800, memory: 5565734912 bytes (5307.90 MB)
write base data version: 126900, memory: 5565734912 bytes (5307.90 MB)
write base data version: 127000, memory: 5565734912 bytes (5307.90 MB)
write base data version: 127100, memory: 5565734912 bytes (5307.90 MB)
write base data version: 127200, memory: 5565734912 bytes (5307.90 MB)
write base data version: 127300, memory: 5565734912 bytes (5307.90 MB)
write base data version: 127400, memory: 5565734912 bytes (5307.90 MB)
write base data version: 127500, memory: 5565734912 bytes (5307.90 MB)
write base data version: 127600, memory: 5565734912 bytes (5307.90 MB)
write base data version: 127700, memory: 5565734912 bytes (5307.90 MB)
write base data version: 127800, memory: 5565734912 bytes (5307.90 MB)
write base data version: 127900, memory: 5565734912 bytes (5307.90 MB)
write base data version: 128000, memory: 5565734912 bytes (5307.90 MB)
write base data version: 128100, memory: 5565734912 bytes (5307.90 MB)
write base data version: 128200, memory: 5565734912 bytes (5307.90 MB)
write base data version: 128300, memory: 5565734912 bytes (5307.90 MB)
write base data version: 128400, memory: 5565734912 bytes (5307.90 MB)
write base data version: 128500, memory: 5565734912 bytes (5307.90 MB)
write base data version: 128600, memory: 5565734912 bytes (5307.90 MB)
write base data version: 128700, memory: 5565734912 bytes (5307.90 MB)
write base data version: 128800, memory: 5565734912 bytes (5307.90 MB)
write base data version: 128900, memory: 5565734912 bytes (5307.90 MB)
write base data version: 129000, memory: 5565734912 bytes (5307.90 MB)
write base data version: 129100, memory: 5565734912 bytes (5307.90 MB)
write base data version: 129200, memory: 5565734912 bytes (5307.90 MB)
write base data version: 129300, memory: 5565734912 bytes (5307.90 MB)
write base data version: 129400, memory: 5565734912 bytes (5307.90 MB)
write base data version: 129500, memory: 5565734912 bytes (5307.90 MB)
write base data version: 129600, memory: 5565734912 bytes (5307.90 MB)
write base data version: 129700, memory: 5565734912 bytes (5307.90 MB)
write base data version: 129800, memory: 5565734912 bytes (5307.90 MB)
write base data version: 129900, memory: 5565734912 bytes (5307.90 MB)
write base data version: 130000, memory: 5565734912 bytes (5307.90 MB)
write base data version: 130100, memory: 5565734912 bytes (5307.90 MB)
write base data version: 130200, memory: 5565734912 bytes (5307.90 MB)
write base data version: 130300, memory: 5565734912 bytes (5307.90 MB)
write base data version: 130400, memory: 5565734912 bytes (5307.90 MB)
write base data version: 130500, memory: 5565734912 bytes (5307.90 MB)
write base data version: 130600, memory: 5565734912 bytes (5307.90 MB)
write base data version: 130700, memory: 5565734912 bytes (5307.90 MB)
write base data version: 130800, memory: 5565734912 bytes (5307.90 MB)
write base data version: 130900, memory: 5565734912 bytes (5307.90 MB)
write base data version: 131000, memory: 5565734912 bytes (5307.90 MB)
write base data version: 131100, memory: 5565734912 bytes (5307.90 MB)
write base data version: 131200, memory: 5565734912 bytes (5307.90 MB)
write base data version: 131300, memory: 5565734912 bytes (5307.90 MB)
write base data version: 131400, memory: 5565734912 bytes (5307.90 MB)
write base data version: 131500, memory: 5565734912 bytes (5307.90 MB)
write base data version: 131600, memory: 5565734912 bytes (5307.90 MB)
write base data version: 131700, memory: 5565734912 bytes (5307.90 MB)
write base data version: 131800, memory: 5565734912 bytes (5307.90 MB)
write base data version: 131900, memory: 5565734912 bytes (5307.90 MB)
write base data version: 132000, memory: 5565734912 bytes (5307.90 MB)
write base data version: 132100, memory: 5565734912 bytes (5307.90 MB)
write base data version: 132200, memory: 5565734912 bytes (5307.90 MB)
write base data version: 132300, memory: 5565734912 bytes (5307.90 MB)
write base data version: 132400, memory: 5565734912 bytes (5307.90 MB)
write base data version: 132500, memory: 5565734912 bytes (5307.90 MB)
write base data version: 132600, memory: 5565734912 bytes (5307.90 MB)
write base data version: 132700, memory: 5565734912 bytes (5307.90 MB)
write base data version: 132800, memory: 5565734912 bytes (5307.90 MB)
write base data version: 132900, memory: 5565734912 bytes (5307.90 MB)
write base data version: 133000, memory: 5565734912 bytes (5307.90 MB)
write base data version: 133100, memory: 5565734912 bytes (5307.90 MB)
write base data version: 133200, memory: 5565734912 bytes (5307.90 MB)
write base data version: 133300, memory: 5565734912 bytes (5307.90 MB)
write base data version: 133400, memory: 5565734912 bytes (5307.90 MB)
write base data version: 133500, memory: 5565734912 bytes (5307.90 MB)
write base data version: 133600, memory: 5565734912 bytes (5307.90 MB)
write base data version: 133700, memory: 5565734912 bytes (5307.90 MB)
write base data version: 133800, memory: 5565734912 bytes (5307.90 MB)
write base data version: 133900, memory: 5565734912 bytes (5307.90 MB)
write base data version: 134000, memory: 5565734912 bytes (5307.90 MB)
write base data version: 134100, memory: 5565734912 bytes (5307.90 MB)
write base data version: 134200, memory: 5565734912 bytes (5307.90 MB)
write base data version: 134300, memory: 5565734912 bytes (5307.90 MB)
write base data version: 134400, memory: 5565734912 bytes (5307.90 MB)
write base data version: 134500, memory: 5565734912 bytes (5307.90 MB)
write base data version: 134600, memory: 5565734912 bytes (5307.90 MB)
write base data version: 134700, memory: 5565734912 bytes (5307.90 MB)
write base data version: 134800, memory: 5565734912 bytes (5307.90 MB)
write base data version: 134900, memory: 5565734912 bytes (5307.90 MB)
write base data version: 135000, memory: 5565734912 bytes (5307.90 MB)
write base data version: 135100, memory: 5565734912 bytes (5307.90 MB)
write base data version: 135200, memory: 5565734912 bytes (5307.90 MB)
write base data version: 135300, memory: 5565734912 bytes (5307.90 MB)
write base data version: 135400, memory: 5565734912 bytes (5307.90 MB)
write base data version: 135500, memory: 5565734912 bytes (5307.90 MB)
write base data version: 135600, memory: 5565734912 bytes (5307.90 MB)
write base data version: 135700, memory: 5565734912 bytes (5307.90 MB)
write base data version: 135800, memory: 5565734912 bytes (5307.90 MB)
write base data version: 135900, memory: 5565734912 bytes (5307.90 MB)
write base data version: 136000, memory: 5565734912 bytes (5307.90 MB)
write base data version: 136100, memory: 5565734912 bytes (5307.90 MB)
write base data version: 136200, memory: 5565734912 bytes (5307.90 MB)
write base data version: 136300, memory: 5565734912 bytes (5307.90 MB)
write base data version: 136400, memory: 5565734912 bytes (5307.90 MB)
write base data version: 136500, memory: 5565734912 bytes (5307.90 MB)
write base data version: 136600, memory: 5565734912 bytes (5307.90 MB)
write base data version: 136700, memory: 5565734912 bytes (5307.90 MB)
write base data version: 136800, memory: 5565734912 bytes (5307.90 MB)
write base data version: 136900, memory: 5565734912 bytes (5307.90 MB)
write base data version: 137000, memory: 5565734912 bytes (5307.90 MB)
write base data version: 137100, memory: 5565734912 bytes (5307.90 MB)
write base data version: 137200, memory: 5565734912 bytes (5307.90 MB)
write base data version: 137300, memory: 5565734912 bytes (5307.90 MB)
write base data version: 137400, memory: 5565734912 bytes (5307.90 MB)
write base data version: 137500, memory: 5565734912 bytes (5307.90 MB)
write base data version: 137600, memory: 5565734912 bytes (5307.90 MB)
write base data version: 137700, memory: 5565734912 bytes (5307.90 MB)
write base data version: 137800, memory: 5565734912 bytes (5307.90 MB)
write base data version: 137900, memory: 5565734912 bytes (5307.90 MB)
write base data version: 138000, memory: 5565734912 bytes (5307.90 MB)
write base data version: 138100, memory: 5565734912 bytes (5307.90 MB)
write base data version: 138200, memory: 5565734912 bytes (5307.90 MB)
write base data version: 138300, memory: 5565734912 bytes (5307.90 MB)
write base data version: 138400, memory: 5565734912 bytes (5307.90 MB)
write base data version: 138500, memory: 5565734912 bytes (5307.90 MB)
write base data version: 138600, memory: 5565734912 bytes (5307.90 MB)
write base data version: 138700, memory: 5565734912 bytes (5307.90 MB)
write base data version: 138800, memory: 5565734912 bytes (5307.90 MB)
write base data version: 138900, memory: 5565734912 bytes (5307.90 MB)
write base data version: 139000, memory: 5565734912 bytes (5307.90 MB)
write base data version: 139100, memory: 5565734912 bytes (5307.90 MB)
write base data version: 139200, memory: 5565734912 bytes (5307.90 MB)
write base data version: 139300, memory: 5565734912 bytes (5307.90 MB)
write base data version: 139400, memory: 5565734912 bytes (5307.90 MB)
write base data version: 139500, memory: 5565734912 bytes (5307.90 MB)
write base data version: 139600, memory: 5565734912 bytes (5307.90 MB)
write base data version: 139700, memory: 5565734912 bytes (5307.90 MB)
write base data version: 139800, memory: 5565734912 bytes (5307.90 MB)
write base data version: 139900, memory: 5565734912 bytes (5307.90 MB)
write base data version: 140000, memory: 5565734912 bytes (5307.90 MB)
write base data version: 140100, memory: 5565734912 bytes (5307.90 MB)
write base data version: 140200, memory: 5565734912 bytes (5307.90 MB)
write base data version: 140300, memory: 5565734912 bytes (5307.90 MB)
write base data version: 140400, memory: 5565734912 bytes (5307.90 MB)
write base data version: 140500, memory: 5565734912 bytes (5307.90 MB)
write base data version: 140600, memory: 5565734912 bytes (5307.90 MB)
write base data version: 140700, memory: 5565734912 bytes (5307.90 MB)
write base data version: 140800, memory: 5565734912 bytes (5307.90 MB)
write base data version: 140900, memory: 5565734912 bytes (5307.90 MB)
write base data version: 141000, memory: 5565734912 bytes (5307.90 MB)
write base data version: 141100, memory: 5565734912 bytes (5307.90 MB)
write base data version: 141200, memory: 5565734912 bytes (5307.90 MB)
write base data version: 141300, memory: 5565734912 bytes (5307.90 MB)
write base data version: 141400, memory: 5565734912 bytes (5307.90 MB)
write base data version: 141500, memory: 5565734912 bytes (5307.90 MB)
write base data version: 141600, memory: 5565734912 bytes (5307.90 MB)
write base data version: 141700, memory: 5565734912 bytes (5307.90 MB)
write base data version: 141800, memory: 5565734912 bytes (5307.90 MB)
write base data version: 141900, memory: 5565734912 bytes (5307.90 MB)
write base data version: 142000, memory: 5565734912 bytes (5307.90 MB)
write base data version: 142100, memory: 5565734912 bytes (5307.90 MB)
write base data version: 142200, memory: 5565734912 bytes (5307.90 MB)
write base data version: 142300, memory: 5565734912 bytes (5307.90 MB)
write base data version: 142400, memory: 5565734912 bytes (5307.90 MB)
write base data version: 142500, memory: 5565734912 bytes (5307.90 MB)
write base data version: 142600, memory: 5565734912 bytes (5307.90 MB)
write base data version: 142700, memory: 5565734912 bytes (5307.90 MB)
write base data version: 142800, memory: 5565734912 bytes (5307.90 MB)
write base data version: 142900, memory: 5565734912 bytes (5307.90 MB)
write base data version: 143000, memory: 5565734912 bytes (5307.90 MB)
write base data version: 143100, memory: 5565734912 bytes (5307.90 MB)
write base data version: 143200, memory: 5565734912 bytes (5307.90 MB)
write base data version: 143300, memory: 5565734912 bytes (5307.90 MB)
write base data version: 143400, memory: 5565734912 bytes (5307.90 MB)
write base data version: 143500, memory: 5565734912 bytes (5307.90 MB)
write base data version: 143600, memory: 5565734912 bytes (5307.90 MB)
write base data version: 143700, memory: 5565734912 bytes (5307.90 MB)
write base data version: 143800, memory: 5565734912 bytes (5307.90 MB)
write base data version: 143900, memory: 5565734912 bytes (5307.90 MB)
write base data version: 144000, memory: 5565734912 bytes (5307.90 MB)
write base data version: 144100, memory: 5565734912 bytes (5307.90 MB)
write base data version: 144200, memory: 5565734912 bytes (5307.90 MB)
write base data version: 144300, memory: 5565734912 bytes (5307.90 MB)
write base data version: 144400, memory: 5565734912 bytes (5307.90 MB)
write base data version: 144500, memory: 5565734912 bytes (5307.90 MB)
write base data version: 144600, memory: 5565734912 bytes (5307.90 MB)
write base data version: 144700, memory: 5565734912 bytes (5307.90 MB)
write base data version: 144800, memory: 5565734912 bytes (5307.90 MB)
write base data version: 144900, memory: 5565734912 bytes (5307.90 MB)
write base data version: 145000, memory: 5565734912 bytes (5307.90 MB)
write base data version: 145100, memory: 5565734912 bytes (5307.90 MB)
write base data version: 145200, memory: 5565734912 bytes (5307.90 MB)
write base data version: 145300, memory: 5565734912 bytes (5307.90 MB)
write base data version: 145400, memory: 5565734912 bytes (5307.90 MB)
write base data version: 145500, memory: 5565734912 bytes (5307.90 MB)
write base data version: 145600, memory: 5565734912 bytes (5307.90 MB)
write base data version: 145700, memory: 5565734912 bytes (5307.90 MB)
write base data version: 145800, memory: 5565734912 bytes (5307.90 MB)
write base data version: 145900, memory: 5565734912 bytes (5307.90 MB)
write base data version: 146000, memory: 5565734912 bytes (5307.90 MB)
write base data version: 146100, memory: 5565734912 bytes (5307.90 MB)
write base data version: 146200, memory: 5565734912 bytes (5307.90 MB)
write base data version: 146300, memory: 5565734912 bytes (5307.90 MB)
write base data version: 146400, memory: 5565734912 bytes (5307.90 MB)
write base data version: 146500, memory: 5565734912 bytes (5307.90 MB)
write base data version: 146600, memory: 5565734912 bytes (5307.90 MB)
write base data version: 146700, memory: 5565734912 bytes (5307.90 MB)
write base data version: 146800, memory: 5565734912 bytes (5307.90 MB)
write base data version: 146900, memory: 5565734912 bytes (5307.90 MB)
write base data version: 147000, memory: 5565734912 bytes (5307.90 MB)
write base data version: 147100, memory: 5565734912 bytes (5307.90 MB)
write base data version: 147200, memory: 5565734912 bytes (5307.90 MB)
write base data version: 147300, memory: 5565734912 bytes (5307.90 MB)
write base data version: 147400, memory: 5565734912 bytes (5307.90 MB)
write base data version: 147500, memory: 5565734912 bytes (5307.90 MB)
write base data version: 147600, memory: 5565734912 bytes (5307.90 MB)
write base data version: 147700, memory: 5565734912 bytes (5307.90 MB)
write base data version: 147800, memory: 5565734912 bytes (5307.90 MB)
write base data version: 147900, memory: 5565734912 bytes (5307.90 MB)
write base data version: 148000, memory: 5565734912 bytes (5307.90 MB)
write base data version: 148100, memory: 5565734912 bytes (5307.90 MB)
write base data version: 148200, memory: 5565734912 bytes (5307.90 MB)
write base data version: 148300, memory: 5565734912 bytes (5307.90 MB)
write base data version: 148400, memory: 5565734912 bytes (5307.90 MB)
write base data version: 148500, memory: 5565734912 bytes (5307.90 MB)
write base data version: 148600, memory: 5565734912 bytes (5307.90 MB)
write base data version: 148700, memory: 5565734912 bytes (5307.90 MB)
write base data version: 148800, memory: 5565734912 bytes (5307.90 MB)
write base data version: 148900, memory: 5565734912 bytes (5307.90 MB)
write base data version: 149000, memory: 5565734912 bytes (5307.90 MB)
write base data version: 149100, memory: 5565734912 bytes (5307.90 MB)
write base data version: 149200, memory: 5565734912 bytes (5307.90 MB)
write base data version: 149300, memory: 5565734912 bytes (5307.90 MB)
write base data version: 149400, memory: 5565734912 bytes (5307.90 MB)
write base data version: 149500, memory: 5565734912 bytes (5307.90 MB)
write base data version: 149600, memory: 5565734912 bytes (5307.90 MB)
write base data version: 149700, memory: 5565734912 bytes (5307.90 MB)
write base data version: 149800, memory: 5565734912 bytes (5307.90 MB)
write base data version: 149900, memory: 5565734912 bytes (5307.90 MB)
write base data version: 150000, memory: 5565734912 bytes (5307.90 MB)
write base data version: 150100, memory: 5565734912 bytes (5307.90 MB)
write base data version: 150200, memory: 5565734912 bytes (5307.90 MB)
write base data version: 150300, memory: 5565734912 bytes (5307.90 MB)
write base data version: 150400, memory: 5565734912 bytes (5307.90 MB)
write base data version: 150500, memory: 5565734912 bytes (5307.90 MB)
write base data version: 150600, memory: 5565734912 bytes (5307.90 MB)
write base data version: 150700, memory: 5565734912 bytes (5307.90 MB)
write base data version: 150800, memory: 5565734912 bytes (5307.90 MB)
write base data version: 150900, memory: 5565734912 bytes (5307.90 MB)
write base data version: 151000, memory: 5565734912 bytes (5307.90 MB)
write base data version: 151100, memory: 5565734912 bytes (5307.90 MB)
write base data version: 151200, memory: 5565734912 bytes (5307.90 MB)
write base data version: 151300, memory: 5565734912 bytes (5307.90 MB)
write base data version: 151400, memory: 5565734912 bytes (5307.90 MB)
write base data version: 151500, memory: 5565734912 bytes (5307.90 MB)
write base data version: 151600, memory: 5565734912 bytes (5307.90 MB)
write base data version: 151700, memory: 5565734912 bytes (5307.90 MB)
write base data version: 151800, memory: 5565734912 bytes (5307.90 MB)
write base data version: 151900, memory: 5565734912 bytes (5307.90 MB)
write base data version: 152000, memory: 5565734912 bytes (5307.90 MB)
