=== sqlledger Scale Benchmark 运行日志 ===
开始时间: Wed Mar 25 08:49:53 PM CST 2026
脚本目录: /pcissd/cxy_test/vidb_project/LedgerDatabase/exps
========================================

[2026-03-25 20:49:53] [INFO] 运行默认测试模式...
[2026-03-25 20:49:53] [WARNING] 清理旧数据库数据...
[2026-03-25 20:50:21] [INFO] 启动基准测试...
=== 基准测试输出开始 ===
Benchmark Configuration:
  Write Batch Size: 10000 records
  Read Batch Size:  10000 records
  Key Length:       32 bytes
  Value Length:     512 bytes
  Database Directory: /pcissd/cxy_test/vidb_project/LedgerDatabase/exps/data/
  Result Directory:  /pcissd/cxy_test/vidb_project/LedgerDatabase/exps/results_sqlledger/
  Result File:       /pcissd/cxy_test/vidb_project/LedgerDatabase/exps/results_sqlledger/scaleBenchmark_20260325_204953.csv

initialize database .../pcissd/cxy_test/vidb_project/LedgerDatabase/exps/data/
initialized database
====================== Test Configuration =====================
Write Batch Size: 10000 records
Read Batch Size:  10000 records
Key Length:       32 bytes
Value Length:     512 bytes
Test Scales:      1000 → 10000 → 100000 → 1000000 → 10000000 → 100000000 → 200000000 → 1000000000
===============================================================

========== Starting Scale Benchmark ==========

========== Testing at data scale: 1,000 ==========
Writing 1000 incremental records (keys: 1-1000, total: 1000)
tip block: 0persist 13595 1000 1
----0
Test Results: 
  Total Disk Usage: 1.85 MB
  Average Per Record: 1923.45 bytes
[test batch write] generate key value
[test batch write] write data
[test batch write] flush
tip block: 0----0
  Write Throughput: 49287.14 records/sec
persist 139368 10000 1
  Read Throughput:  147175.61 records/sec
  Current Memory:   52.95 MB
  Peak Memory:      57.64 MB
  Memory Per Record: 55517.18 bytes

========== Testing at data scale: 10,000 ==========
Writing 9000 incremental records (keys: 1001-10000, total: 10000)
persist 41852 2000 2
persist 81462 4000 4
tip block: 3persist 40388 3000 3
----4
Test Results: 
  Total Disk Usage: 31.65 MB
  Average Per Record: 3317.24 bytes
[test batch write] generate key value
[test batch write] write data
persist 139603 10000 1
[test batch write] flush
tip block: 5----5
  Write Throughput: 36230.31 records/sec
  Read Throughput:  122087.09 records/sec
  Current Memory:   78.86 MB
  Peak Memory:      89.48 MB
  Memory Per Record: 8269.41 bytes

========== Testing at data scale: 100,000 ==========
Writing 90000 incremental records (keys: 10001-100000, total: 100000)
persist 42136 2000 2
persist 83032 4000 4
persist 99122 5000 5
persist 98006 5000 5
persist 99075 5000 5
persist 92194 5000 5
persist 100874 5000 5
persist 83386 4000 4
persist 97011 5000 5
persist 97397 5000 5
persist 82969 4000 4
persist 95496 5000 5
persist 84916 4000 4
persist 97579 5000 5
persist 101223 5000 5
persist 85292 4000 4
persist 85348 4000 4
persist 99656 5000 5
persist 92008 5000 5
write base data version: 100, memory: 206426112 bytes (196.86 MB)
tip block: 24persist 53221 4000 4
----25
Test Results: 
  Total Disk Usage: 217.60 MB
  Average Per Record: 2281.48 bytes
[test batch write] generate key value
[test batch write] write data
persist 182976 10000 1
[test batch write] flush
tip block: 26----26
  Write Throughput: 23254.90 records/sec
  Read Throughput:  90425.00 records/sec
  Current Memory:   247.79 MB
  Peak Memory:      282.77 MB
  Memory Per Record: 2598.26 bytes

========== Testing at data scale: 1,000,000 ==========
Writing 900000 incremental records (keys: 100001-1000000, total: 1000000)
persist 54028 3000 3
persist 49972 3000 3
persist 65663 4000 4
persist 73273 4000 4
persist 84257 5000 5
persist 64596 4000 4
persist 74636 4000 4
persist 88499 5000 5
persist 67568 4000 4
persist 72801 4000 4
persist 85730 5000 5
persist 63923 4000 4
persist 69856 4000 4
persist 68935 4000 4
persist 79960 5000 5
persist 63833 4000 4
persist 69698 4000 4
persist 68514 4000 4
persist 81327 5000 5
persist 65774 4000 4
persist 72235 4000 4
persist 70175 4000 4
persist 71361 4000 4
write base data version: 200, memory: 397254656 bytes (378.85 MB)
persist 79851 5000 5
persist 67208 4000 4
persist 70985 4000 4
persist 86959 5000 5
persist 63038 4000 4
persist 68519 4000 4
persist 71750 4000 4
persist 72428 4000 4
persist 72525 4000 4
persist 81936 5000 5
persist 64689 4000 4
persist 70009 4000 4
persist 72592 4000 4
persist 70773 4000 4
persist 85392 5000 5
persist 64309 4000 4
persist 64089 4000 4
persist 71269 4000 4
persist 70190 4000 4
persist 69662 4000 4
persist 68186 4000 4
persist 83953 5000 5
persist 63172 4000 4
write base data version: 300, memory: 538648576 bytes (513.70 MB)
persist 63654 4000 4
persist 63461 4000 4
persist 63755 4000 4
persist 65907 4000 4
persist 72363 4000 4
persist 73208 4000 4
persist 72439 4000 4
persist 74580 4000 4
persist 70961 4000 4
persist 69612 4000 4
persist 71783 4000 4
persist 67258 4000 4
persist 66880 4000 4
persist 67057 4000 4
persist 67233 4000 4
persist 65776 4000 4
persist 65822 4000 4
persist 66542 4000 4
persist 68990 4000 4
persist 66715 4000 4
persist 76126 4000 4
persist 68444 4000 4
persist 66703 4000 4
persist 68084 4000 4
persist 69450 4000 4
persist 64862 4000 4
write base data version: 400, memory: 170860544 bytes (162.95 MB)
persist 67470 4000 4
persist 48940 3000 3
persist 63379 4000 4
persist 64488 4000 4
persist 66116 4000 4
persist 65534 4000 4
persist 63839 4000 4
persist 62467 4000 4
persist 62939 4000 4
persist 64917 4000 4
persist 63917 4000 4
persist 64250 4000 4
persist 64492 4000 4
persist 64678 4000 4
persist 63584 4000 4
persist 67197 4000 4
persist 64659 4000 4
persist 65458 4000 4
persist 67473 4000 4
persist 64652 4000 4
persist 63084 4000 4
persist 62422 4000 4
persist 61549 4000 4
persist 63182 4000 4
persist 64954 4000 4
write base data version: 500, memory: 312193024 bytes (297.73 MB)
persist 67825 4000 4
persist 72751 4000 4
persist 50184 3000 3
persist 67025 4000 4
persist 61151 4000 4
persist 62390 4000 4
persist 63155 4000 4
persist 62147 4000 4
persist 63734 4000 4
persist 48035 3000 3
persist 62675 4000 4
persist 63956 4000 4
persist 60527 4000 4
persist 63424 4000 4
persist 63578 4000 4
persist 67991 4000 4
persist 49793 3000 3
persist 62939 4000 4
persist 62801 4000 4
persist 62592 4000 4
persist 63411 4000 4
persist 64089 4000 4
persist 63795 4000 4
persist 61282 4000 4
persist 61417 4000 4
persist 70346 4000 4
write base data version: 600, memory: 453816320 bytes (432.79 MB)
persist 49147 3000 3
persist 62957 4000 4
persist 62605 4000 4
persist 63297 4000 4
persist 64434 4000 4
persist 51159 3000 3
persist 63245 4000 4
persist 62404 4000 4
persist 63415 4000 4
persist 62783 4000 4
persist 63840 4000 4
persist 62249 4000 4
persist 61983 4000 4
persist 61756 4000 4
persist 62473 4000 4
persist 66197 4000 4
persist 47618 3000 3
persist 68503 4000 4
persist 62297 4000 4
persist 62891 4000 4
persist 64068 4000 4
persist 62772 4000 4
persist 64083 4000 4
persist 67173 4000 4
persist 50640 3000 3
write base data version: 700, memory: 595296256 bytes (567.72 MB)
persist 63806 4000 4
persist 63480 4000 4
persist 64229 4000 4
persist 51114 3000 3
persist 63089 4000 4
persist 70611 4000 4
persist 49552 3000 3
persist 67736 4000 4
persist 50932 3000 3
persist 64799 4000 4
persist 50574 3000 3
persist 62959 4000 4
persist 66989 4000 4
persist 49371 3000 3
persist 94710 4000 4
persist 48729 3000 3
persist 67683 4000 4
persist 50041 3000 3
persist 63908 4000 4
persist 49431 3000 3
persist 63572 4000 4
persist 71658 4000 4
persist 49789 3000 3
persist 72001 4000 4
persist 49515 3000 3
persist 69025 4000 4
persist 50130 3000 3
persist 71219 4000 4
persist 51515 3000 3
write base data version: 800, memory: 235937792 bytes (225.01 MB)
persist 69127 4000 4
persist 49686 3000 3
persist 74669 4000 4
persist 56737 3000 3
persist 69335 4000 4
persist 57023 3000 3
persist 70437 4000 4
persist 57411 3000 3
persist 71191 4000 4
persist 56716 3000 3
persist 71099 4000 4
persist 69936 4000 4
persist 56578 3000 3
persist 66951 4000 4
persist 65349 4000 4
persist 51211 3000 3
persist 64985 4000 4
persist 65408 4000 4
persist 65047 4000 4
persist 66310 4000 4
persist 67757 4000 4
persist 69457 4000 4
persist 47510 3000 3
persist 64010 4000 4
persist 62844 4000 4
persist 66573 4000 4
persist 47714 3000 3
write base data version: 900, memory: 370540544 bytes (353.38 MB)
persist 63585 4000 4
persist 63209 4000 4
persist 62248 4000 4
persist 61007 4000 4
persist 61475 4000 4
persist 69617 4000 4
persist 51230 3000 3
persist 61979 4000 4
persist 62807 4000 4
persist 65596 4000 4
persist 48851 3000 3
persist 63149 4000 4
persist 62025 4000 4
persist 62434 4000 4
persist 69140 4000 4
persist 50567 3000 3
persist 64541 4000 4
persist 65798 4000 4
persist 63362 4000 4
persist 75135 4000 4
persist 50722 3000 3
persist 66335 4000 4
persist 64313 4000 4
persist 73238 4000 4
persist 50832 3000 3
persist 64255 4000 4
write base data version: 1000, memory: 512069632 bytes (488.35 MB)
persist 64564 4000 4
tip block: 257persist 26216 2000 2
----258
Test Results: 
  Total Disk Usage: 1838.04 MB
  Average Per Record: 1927.30 bytes
[test batch write] generate key value
[test batch write] write data
persist 194082 10000 1
[test batch write] flush
tip block: 259----259
  Write Throughput: 16228.15 records/sec
  Read Throughput:  60562.23 records/sec
  Current Memory:   665.11 MB
  Peak Memory:      665.11 MB
  Memory Per Record: 697.42 bytes

========== Testing at data scale: 10,000,000 ==========
Writing 9000000 incremental records (keys: 1000001-10000000, total: 10000000)
persist 51026 3000 3
persist 50206 3000 3
persist 67995 4000 4
persist 63876 4000 4
persist 66152 4000 4
persist 50931 3000 3
persist 62789 4000 4
persist 69692 4000 4
persist 49795 3000 3
persist 72068 4000 4
persist 50430 3000 3
persist 56522 3000 3
persist 80264 4000 4
persist 57430 3000 3
persist 72722 4000 4
persist 57787 3000 3
persist 70572 4000 4
persist 70679 4000 4
persist 58531 3000 3
persist 58230 3000 3
persist 79881 4000 4
persist 60563 3000 3
persist 69720 4000 4
persist 71678 4000 4
persist 48319 3000 3
persist 62269 4000 4
write base data version: 1100, memory: 321241088 bytes (306.36 MB)
persist 48558 3000 3
persist 64204 4000 4
persist 61829 4000 4
persist 48500 3000 3
persist 60115 4000 4
persist 63373 4000 4
persist 48734 3000 3
persist 68728 4000 4
persist 48186 3000 3
persist 63200 4000 4
persist 47914 3000 3
persist 61816 4000 4
persist 59810 4000 4
persist 64196 4000 4
persist 67689 4000 4
persist 49110 3000 3
persist 62753 4000 4
persist 60913 4000 4
persist 64504 4000 4
persist 47723 3000 3
persist 63846 4000 4
persist 62946 4000 4
persist 64013 4000 4
persist 49936 3000 3
persist 63257 4000 4
persist 66635 4000 4
persist 67715 4000 4
write base data version: 1200, memory: 462917632 bytes (441.47 MB)
persist 64734 4000 4
persist 71238 4000 4
persist 52424 3000 3
persist 61465 4000 4
persist 59903 4000 4
persist 60570 4000 4
persist 48819 3000 3
persist 62012 4000 4
persist 60736 4000 4
persist 64255 4000 4
persist 47080 3000 3
persist 63232 4000 4
persist 62469 4000 4
persist 63140 4000 4
persist 48322 3000 3
persist 61318 4000 4
persist 62472 4000 4
persist 70444 4000 4
persist 50306 3000 3
persist 69745 4000 4
persist 52476 3000 3
persist 63981 4000 4
persist 69899 4000 4
persist 50602 3000 3
persist 64044 4000 4
persist 66496 4000 4
persist 49034 3000 3
write base data version: 1300, memory: 604471296 bytes (576.47 MB)
persist 63751 4000 4
persist 65678 4000 4
persist 52731 3000 3
persist 64874 4000 4
persist 51266 3000 3
persist 65299 4000 4
persist 48717 3000 3
persist 62357 4000 4
persist 62369 4000 4
persist 49553 3000 3
persist 65428 4000 4
persist 63575 4000 4
persist 52059 3000 3
persist 63504 4000 4
persist 66741 4000 4
persist 51873 3000 3
persist 62398 4000 4
persist 63064 4000 4
persist 51909 3000 3
persist 65760 4000 4
persist 51871 3000 3
persist 67316 4000 4
persist 66436 4000 4
persist 51553 3000 3
persist 64227 4000 4
persist 72966 4000 4
persist 47562 3000 3
persist 70437 4000 4
write base data version: 1400, memory: 746160128 bytes (711.59 MB)
persist 51111 3000 3
persist 49916 3000 3
persist 65316 4000 4
persist 51290 3000 3
persist 73910 4000 4
persist 52127 3000 3
persist 66772 4000 4
persist 63010 4000 4
persist 63303 4000 4
persist 64613 4000 4
persist 68193 4000 4
persist 55174 3000 3
persist 53259 3000 3
persist 66190 4000 4
persist 65554 4000 4
persist 64828 4000 4
persist 68140 4000 4
persist 50948 3000 3
persist 65971 4000 4
persist 65735 4000 4
persist 64911 4000 4
persist 51378 3000 3
persist 66616 4000 4
persist 65802 4000 4
persist 50642 3000 3
persist 63385 4000 4
persist 69645 4000 4
write base data version: 1500, memory: 391352320 bytes (373.22 MB)
persist 50584 3000 3
persist 69393 4000 4
persist 51479 3000 3
persist 68461 4000 4
persist 57665 3000 3
persist 72736 4000 4
persist 72379 4000 4
persist 52158 3000 3
persist 70851 4000 4
persist 49713 3000 3
persist 72756 4000 4
persist 51577 3000 3
persist 66353 4000 4
persist 51212 3000 3
persist 65636 4000 4
persist 75795 4000 4
persist 60899 3000 3
persist 59964 3000 3
persist 75103 4000 4
persist 82763 4000 4
persist 57799 3000 3
persist 90063 4000 4
persist 54069 3000 3
persist 78300 4000 4
persist 57073 3000 3
persist 86353 4000 4
persist 57416 3000 3
persist 86292 4000 4
persist 57349 3000 3
write base data version: 1600, memory: 546799616 bytes (521.47 MB)
persist 83575 4000 4
persist 56151 3000 3
persist 70104 4000 4
persist 84988 4000 4
persist 57327 3000 3
persist 79887 4000 4
persist 57255 3000 3
persist 70927 4000 4
persist 57391 3000 3
persist 70646 4000 4
persist 71587 4000 4
persist 58905 3000 3
persist 74029 4000 4
persist 60298 3000 3
persist 70018 4000 4
persist 87958 4000 4
persist 58248 3000 3
persist 73873 4000 4
persist 60776 3000 3
persist 74032 4000 4
persist 77622 4000 4
persist 58157 3000 3
persist 73428 4000 4
persist 59718 3000 3
persist 71703 4000 4
persist 84793 4000 4
persist 58368 3000 3
write base data version: 1700, memory: 686317568 bytes (654.52 MB)
persist 83304 4000 4
persist 56773 3000 3
persist 70299 4000 4
persist 58081 3000 3
persist 72085 4000 4
persist 71148 4000 4
persist 71166 4000 4
persist 80527 4000 4
persist 57463 3000 3
persist 72797 4000 4
persist 71164 4000 4
persist 70783 4000 4
persist 70090 4000 4
persist 50277 3000 3
persist 63067 4000 4
persist 65898 4000 4
persist 65935 4000 4
persist 47151 3000 3
persist 66837 4000 4
persist 50477 3000 3
persist 63159 4000 4
persist 49662 3000 3
persist 73946 4000 4
persist 50545 3000 3
persist 65296 4000 4
persist 64616 4000 4
persist 48652 3000 3
write base data version: 1800, memory: 837738496 bytes (798.93 MB)
persist 64399 4000 4
persist 63144 4000 4
persist 73219 4000 4
persist 51236 3000 3
persist 50567 3000 3
persist 66506 4000 4
persist 50212 3000 3
persist 62307 4000 4
persist 66408 4000 4
persist 49499 3000 3
persist 61058 4000 4
persist 73626 4000 4
persist 50528 3000 3
persist 73384 4000 4
persist 47759 3000 3
persist 65524 4000 4
persist 50613 3000 3
persist 63663 4000 4
persist 73840 4000 4
persist 51635 3000 3
persist 65221 4000 4
persist 50650 3000 3
persist 62660 4000 4
persist 71149 4000 4
persist 48378 3000 3
persist 62717 4000 4
persist 50533 3000 3
persist 62901 4000 4
write base data version: 1900, memory: 457953280 bytes (436.74 MB)
persist 50572 3000 3
persist 65348 4000 4
persist 68946 4000 4
persist 50000 3000 3
persist 66103 4000 4
persist 49472 3000 3
persist 64534 4000 4
persist 52033 3000 3
persist 63793 4000 4
persist 70023 4000 4
persist 51443 3000 3
persist 65222 4000 4
persist 46284 3000 3
persist 60277 4000 4
persist 70296 4000 4
persist 48486 3000 3
persist 66202 4000 4
persist 46330 3000 3
persist 65557 4000 4
persist 46649 3000 3
persist 71230 4000 4
persist 49254 3000 3
persist 67479 4000 4
persist 48772 3000 3
persist 63229 4000 4
persist 62202 4000 4
persist 62811 4000 4
persist 71128 4000 4
write base data version: 2000, memory: 599207936 bytes (571.45 MB)
persist 49588 3000 3
persist 63884 4000 4
persist 72170 4000 4
persist 48659 3000 3
persist 60038 4000 4
persist 62528 4000 4
persist 48106 3000 3
persist 65069 4000 4
persist 61376 4000 4
persist 62225 4000 4
persist 49040 3000 3
persist 64204 4000 4
persist 66303 4000 4
persist 49886 3000 3
persist 64259 4000 4
persist 69966 4000 4
persist 47354 3000 3
persist 63962 4000 4
persist 67047 4000 4
persist 48193 3000 3
persist 62449 4000 4
persist 64475 4000 4
persist 49572 3000 3
persist 64130 4000 4
persist 63023 4000 4
persist 71693 4000 4
persist 46432 3000 3
write base data version: 2100, memory: 740847616 bytes (706.53 MB)
persist 61823 4000 4
persist 49587 3000 3
persist 61864 4000 4
persist 67553 4000 4
persist 49547 3000 3
persist 64977 4000 4
persist 52473 3000 3
persist 62786 4000 4
persist 50644 3000 3
persist 63628 4000 4
persist 50637 3000 3
persist 64080 4000 4
persist 50537 3000 3
persist 64930 4000 4
persist 52301 3000 3
persist 65565 4000 4
persist 51703 3000 3
persist 64376 4000 4
persist 52852 3000 3
persist 67659 4000 4
persist 50958 3000 3
persist 52909 3000 3
persist 71719 4000 4
persist 50727 3000 3
persist 70782 4000 4
persist 50279 3000 3
persist 64129 4000 4
persist 49165 3000 3
persist 63100 4000 4
write base data version: 2200, memory: 381337600 bytes (363.67 MB)
persist 68904 4000 4
persist 50878 3000 3
persist 64889 4000 4
persist 51522 3000 3
persist 68383 4000 4
persist 50752 3000 3
persist 65959 4000 4
persist 52971 3000 3
persist 63328 4000 4
persist 50653 3000 3
persist 67427 4000 4
persist 51177 3000 3
persist 51714 3000 3
persist 65448 4000 4
persist 50746 3000 3
persist 54265 3000 3
persist 67221 4000 4
persist 74941 4000 4
persist 49632 3000 3
persist 68116 4000 4
persist 50816 3000 3
persist 64410 4000 4
persist 67139 4000 4
persist 51440 3000 3
persist 72494 4000 4
persist 72157 4000 4
persist 60561 3000 3
persist 74237 4000 4
write base data version: 2300, memory: 538894336 bytes (513.93 MB)
persist 71982 4000 4
persist 74404 4000 4
persist 69874 4000 4
persist 84253 4000 4
persist 56594 3000 3
persist 69957 4000 4
persist 70006 4000 4
persist 86025 4000 4
persist 58464 3000 3
persist 72758 4000 4
persist 75698 4000 4
persist 91430 4000 4
persist 62270 3000 3
persist 73758 4000 4
persist 59031 3000 3
persist 76058 4000 4
persist 75293 4000 4
persist 86190 4000 4
persist 57327 3000 3
persist 72863 4000 4
persist 74484 4000 4
persist 57934 3000 3
persist 73432 4000 4
persist 57781 3000 3
persist 72480 4000 4
persist 81092 4000 4
persist 57706 3000 3
write base data version: 2400, memory: 678330368 bytes (646.91 MB)
persist 70243 4000 4
persist 79560 4000 4
persist 48258 3000 3
persist 72723 4000 4
persist 50081 3000 3
persist 52617 3000 3
persist 63837 4000 4
persist 49391 3000 3
persist 64500 4000 4
persist 50874 3000 3
persist 74378 4000 4
persist 57617 3000 3
persist 82481 4000 4
persist 60081 3000 3
persist 59508 3000 3
persist 71378 4000 4
persist 57832 3000 3
persist 71199 4000 4
persist 87893 4000 4
persist 58346 3000 3
persist 74029 4000 4
persist 60675 3000 3
persist 74333 4000 4
persist 72929 4000 4
persist 81091 4000 4
persist 58549 3000 3
persist 68179 4000 4
persist 55658 3000 3
write base data version: 2500, memory: 822448128 bytes (784.35 MB)
persist 64080 4000 4
persist 52923 3000 3
persist 72074 4000 4
persist 57592 3000 3
persist 76509 4000 4
persist 50563 3000 3
persist 52116 3000 3
persist 51746 3000 3
persist 65294 4000 4
persist 51257 3000 3
persist 68333 4000 4
persist 51583 3000 3
persist 51418 3000 3
persist 52025 3000 3
persist 66047 4000 4
persist 51605 3000 3
persist 63072 4000 4
persist 49684 3000 3
persist 64423 4000 4
persist 73896 4000 4
persist 51598 3000 3
persist 51459 3000 3
persist 67020 4000 4
persist 71424 4000 4
persist 52159 3000 3
persist 73294 4000 4
persist 52466 3000 3
persist 65756 4000 4
persist 50827 3000 3
write base data version: 2600, memory: 451792896 bytes (430.86 MB)
persist 64698 4000 4
persist 50791 3000 3
persist 64571 4000 4
persist 52237 3000 3
persist 65793 4000 4
persist 50186 3000 3
persist 64657 4000 4
persist 50540 3000 3
persist 64473 4000 4
persist 53222 3000 3
persist 64134 4000 4
persist 50459 3000 3
persist 65720 4000 4
persist 53459 3000 3
persist 65878 4000 4
persist 52988 3000 3
persist 64849 4000 4
persist 49978 3000 3
persist 64071 4000 4
persist 65080 4000 4
persist 50577 3000 3
persist 59542 4000 4
persist 66026 4000 4
persist 48187 3000 3
persist 63765 4000 4
persist 48431 3000 3
persist 60034 4000 4
persist 48126 3000 3
persist 59683 4000 4
write base data version: 2700, memory: 593653760 bytes (566.15 MB)
persist 47780 3000 3
persist 61544 4000 4
persist 68637 4000 4
persist 49276 3000 3
persist 70900 4000 4
persist 47418 3000 3
persist 65205 4000 4
persist 49572 3000 3
persist 50611 3000 3
persist 65762 4000 4
persist 49737 3000 3
persist 69526 4000 4
persist 49977 3000 3
persist 49523 3000 3
persist 61697 4000 4
persist 49585 3000 3
persist 62172 4000 4
persist 70622 4000 4
persist 50224 3000 3
persist 69950 4000 4
persist 48252 3000 3
persist 70007 4000 4
persist 49385 3000 3
persist 69425 4000 4
persist 49255 3000 3
persist 69486 4000 4
persist 49228 3000 3
persist 67637 4000 4
write base data version: 2800, memory: 734838784 bytes (700.80 MB)
persist 50376 3000 3
persist 51097 3000 3
persist 72904 4000 4
persist 50463 3000 3
persist 49210 3000 3
persist 51500 3000 3
persist 66676 4000 4
persist 65839 4000 4
persist 51134 3000 3
persist 63396 4000 4
persist 72881 4000 4
persist 49719 3000 3
persist 67070 4000 4
persist 50010 3000 3
persist 64606 4000 4
persist 62372 4000 4
persist 66130 4000 4
persist 48203 3000 3
persist 71358 4000 4
persist 50149 3000 3
persist 69392 4000 4
persist 50499 3000 3
persist 73499 4000 4
persist 50497 3000 3
persist 86113 4000 4
persist 57733 3000 3
persist 79390 4000 4
persist 56698 3000 3
persist 71017 4000 4
write base data version: 2900, memory: 877043712 bytes (836.41 MB)
persist 67417 3000 3
persist 72243 4000 4
persist 87209 4000 4
persist 57305 3000 3
persist 70830 4000 4
persist 82211 4000 4
persist 57218 3000 3
persist 71883 4000 4
persist 81385 4000 4
persist 58180 3000 3
persist 72052 4000 4
persist 86180 4000 4
persist 56431 3000 3
persist 78472 4000 4
persist 49809 3000 3
persist 72897 4000 4
persist 53361 3000 3
persist 52196 3000 3
persist 67077 4000 4
persist 53754 3000 3
persist 67126 4000 4
persist 53446 3000 3
persist 69530 4000 4
persist 53552 3000 3
persist 52220 3000 3
persist 67952 4000 4
persist 54380 3000 3
persist 67988 4000 4
write base data version: 3000, memory: 525639680 bytes (501.29 MB)
persist 54505 3000 3
persist 77643 4000 4
persist 52934 3000 3
persist 53498 3000 3
persist 67157 4000 4
persist 51782 3000 3
persist 54962 3000 3
persist 68988 4000 4
persist 56423 3000 3
persist 71515 4000 4
persist 53460 3000 3
persist 82857 4000 4
persist 55597 3000 3
persist 56086 3000 3
persist 70283 4000 4
persist 56438 3000 3
persist 70913 4000 4
persist 57807 3000 3
persist 70292 4000 4
persist 55972 3000 3
persist 70200 4000 4
persist 58541 3000 3
persist 73453 4000 4
persist 58429 3000 3
persist 76319 4000 4
persist 58049 3000 3
persist 74145 4000 4
persist 55657 3000 3
persist 70869 4000 4
write base data version: 3100, memory: 665055232 bytes (634.25 MB)
persist 58077 3000 3
persist 70356 4000 4
persist 57337 3000 3
persist 71878 4000 4
persist 71304 4000 4
persist 57941 3000 3
persist 71732 4000 4
persist 71076 4000 4
persist 83751 4000 4
persist 57296 3000 3
persist 71890 4000 4
persist 78083 4000 4
persist 50361 3000 3
persist 68975 4000 4
persist 49975 3000 3
persist 51382 3000 3
persist 62747 4000 4
persist 68832 4000 4
persist 50178 3000 3
persist 74902 4000 4
persist 49917 3000 3
persist 50571 3000 3
persist 64705 4000 4
persist 73956 4000 4
persist 51944 3000 3
persist 50410 3000 3
persist 65782 4000 4
persist 53126 3000 3
write base data version: 3200, memory: 815468544 bytes (777.69 MB)
persist 66156 4000 4
persist 53909 3000 3
persist 67431 4000 4
persist 53749 3000 3
persist 74831 4000 4
persist 83254 4000 4
persist 53348 3000 3
persist 50675 3000 3
persist 63825 4000 4
persist 56364 3000 3
persist 56185 3000 3
persist 56792 3000 3
persist 55238 3000 3
persist 55902 3000 3
persist 56159 3000 3
persist 74804 4000 4
persist 46732 3000 3
persist 54153 4000 4
persist 39568 3000 3
persist 38363 3000 3
persist 38687 3000 3
persist 36298 3000 3
persist 38602 3000 3
persist 81347 4000 4
persist 36809 3000 3
persist 37437 3000 3
persist 46456 4000 4
persist 37249 3000 3
persist 36963 3000 3
persist 48169 4000 4
write base data version: 3300, memory: 451612672 bytes (430.69 MB)
persist 35090 3000 3
persist 50175 4000 4
persist 50141 3000 3
persist 50142 3000 3
persist 51760 3000 3
persist 66494 4000 4
persist 49820 3000 3
persist 52957 3000 3
persist 64911 4000 4
persist 51814 3000 3
persist 72915 4000 4
persist 49650 3000 3
persist 50915 3000 3
persist 70791 4000 4
persist 49697 3000 3
persist 47603 3000 3
persist 61745 4000 4
persist 48714 3000 3
persist 62271 4000 4
persist 49619 3000 3
persist 62380 4000 4
persist 49059 3000 3
persist 62826 4000 4
persist 70001 4000 4
persist 50310 3000 3
persist 64657 4000 4
persist 67019 4000 4
persist 53057 3000 3
persist 64302 4000 4
write base data version: 3400, memory: 593252352 bytes (565.77 MB)
persist 70366 4000 4
persist 50795 3000 3
persist 60266 4000 4
persist 66039 4000 4
persist 51618 3000 3
persist 61411 4000 4
persist 61716 4000 4
persist 48558 3000 3
persist 63890 4000 4
persist 76285 4000 4
persist 50778 3000 3
persist 66046 4000 4
persist 51366 3000 3
persist 49836 3000 3
persist 63392 4000 4
persist 71766 4000 4
persist 51258 3000 3
persist 49810 3000 3
persist 65090 4000 4
persist 50422 3000 3
persist 65470 4000 4
persist 51861 3000 3
persist 64884 4000 4
persist 50312 3000 3
persist 63646 4000 4
persist 51271 3000 3
persist 64405 4000 4
persist 51851 3000 3
write base data version: 3500, memory: 735150080 bytes (701.09 MB)
persist 63687 4000 4
persist 50173 3000 3
persist 75189 4000 4
persist 53663 3000 3
persist 51578 3000 3
persist 64562 4000 4
persist 49361 3000 3
persist 50898 3000 3
persist 64956 4000 4
persist 50093 3000 3
persist 51424 3000 3
persist 64732 4000 4
persist 49110 3000 3
persist 76063 4000 4
persist 50551 3000 3
persist 66554 4000 4
persist 49290 3000 3
persist 70857 4000 4
persist 50453 3000 3
persist 52332 3000 3
persist 66466 4000 4
persist 53814 3000 3
persist 69582 4000 4
persist 50863 3000 3
persist 53485 3000 3
persist 64020 4000 4
persist 73114 4000 4
persist 49170 3000 3
persist 48140 3000 3
persist 49698 3000 3
write base data version: 3600, memory: 876847104 bytes (836.23 MB)
persist 63774 4000 4
persist 51828 3000 3
persist 67721 4000 4
persist 50359 3000 3
persist 51147 3000 3
persist 67830 4000 4
persist 50373 3000 3
persist 51429 3000 3
persist 74366 4000 4
persist 56165 3000 3
persist 106495 4000 4
persist 92799 4000 4
persist 58766 3000 3
persist 82095 4000 4
persist 57810 3000 3
persist 58078 3000 3
persist 71880 4000 4
persist 72885 4000 4
persist 50975 3000 3
persist 63902 4000 4
persist 70542 4000 4
persist 52013 3000 3
persist 52182 3000 3
persist 66448 4000 4
persist 52596 3000 3
persist 53072 3000 3
persist 65688 4000 4
persist 50866 3000 3
persist 64890 4000 4
write base data version: 3700, memory: 521826304 bytes (497.65 MB)
persist 51576 3000 3
persist 64591 4000 4
persist 51200 3000 3
persist 65830 4000 4
persist 50329 3000 3
persist 65545 4000 4
persist 52551 3000 3
persist 70023 4000 4
persist 84231 4000 4
persist 56700 3000 3
persist 65715 4000 4
persist 51463 3000 3
persist 50654 3000 3
persist 70731 4000 4
persist 56904 3000 3
persist 84274 4000 4
persist 58683 3000 3
persist 59635 3000 3
persist 73490 4000 4
persist 58623 3000 3
persist 69827 4000 4
persist 55293 3000 3
persist 86276 4000 4
persist 50103 3000 3
persist 50199 3000 3
persist 75532 4000 4
persist 55485 3000 3
persist 56510 3000 3
persist 70501 4000 4
write base data version: 3800, memory: 681885696 bytes (650.30 MB)
persist 50888 3000 3
persist 73278 4000 4
persist 51899 3000 3
persist 49620 3000 3
persist 51338 3000 3
persist 70924 4000 4
persist 56307 3000 3
persist 58256 3000 3
persist 72708 4000 4
persist 57654 3000 3
persist 74346 4000 4
persist 58292 3000 3
persist 58276 3000 3
persist 71637 4000 4
persist 55868 3000 3
persist 86483 4000 4
persist 58346 3000 3
persist 57566 3000 3
persist 85793 4000 4
persist 58670 3000 3
persist 61334 3000 3
persist 72627 4000 4
persist 89815 4000 4
persist 57817 3000 3
persist 84062 4000 4
persist 55876 3000 3
persist 80819 4000 4
persist 55961 3000 3
persist 57037 3000 3
write base data version: 3900, memory: 817815552 bytes (779.93 MB)
persist 70916 4000 4
persist 56955 3000 3
persist 71291 4000 4
persist 57699 3000 3
persist 72369 4000 4
persist 57285 3000 3
persist 78226 4000 4
persist 55495 3000 3
persist 79913 4000 4
persist 58447 3000 3
persist 61874 3000 3
persist 78220 4000 4
persist 73987 4000 4
persist 52880 3000 3
persist 66572 4000 4
persist 75614 4000 4
persist 48896 3000 3
persist 50287 3000 3
persist 64627 4000 4
persist 54875 3000 3
persist 66619 4000 4
persist 53632 3000 3
persist 74007 4000 4
persist 51906 3000 3
persist 51951 3000 3
persist 65434 4000 4
persist 50842 3000 3
persist 71412 4000 4
persist 51881 3000 3
write base data version: 4000, memory: 971988992 bytes (926.96 MB)
persist 53164 3000 3
persist 94568 4000 4
persist 76164 4000 4
persist 50783 3000 3
persist 53143 3000 3
persist 74398 4000 4
persist 51374 3000 3
persist 52058 3000 3
persist 66971 4000 4
persist 49553 3000 3
persist 54248 4000 4
persist 36441 3000 3
persist 35676 3000 3
persist 37054 3000 3
persist 48954 4000 4
persist 37224 3000 3
persist 35188 3000 3
persist 37663 3000 3
persist 47288 4000 4
persist 35398 3000 3
persist 36996 3000 3
persist 48400 4000 4
persist 36364 3000 3
persist 66787 4000 4
persist 51669 3000 3
persist 50754 3000 3
persist 65312 4000 4
persist 52580 3000 3
persist 70848 4000 4
persist 52088 3000 3
write base data version: 4100, memory: 598921216 bytes (571.18 MB)
persist 49849 3000 3
persist 64140 4000 4
persist 48405 3000 3
persist 73016 4000 4
persist 50806 3000 3
persist 51302 3000 3
persist 70359 4000 4
persist 51105 3000 3
persist 52196 3000 3
persist 68857 4000 4
persist 52360 3000 3
persist 48813 3000 3
persist 65820 4000 4
persist 50523 3000 3
persist 49614 3000 3
persist 69556 4000 4
persist 49667 3000 3
persist 50037 3000 3
persist 67884 4000 4
persist 50487 3000 3
persist 50139 3000 3
persist 70568 4000 4
persist 51151 3000 3
persist 49808 3000 3
persist 50905 3000 3
persist 64193 4000 4
persist 50156 3000 3
persist 50823 3000 3
persist 64807 4000 4
persist 51761 3000 3
write base data version: 4200, memory: 740847616 bytes (706.53 MB)
persist 52511 3000 3
persist 69563 4000 4
persist 54891 3000 3
persist 55743 3000 3
persist 72261 4000 4
persist 50373 3000 3
persist 75464 4000 4
persist 52525 3000 3
persist 52658 3000 3
persist 67104 4000 4
persist 53419 3000 3
persist 67716 4000 4
persist 53850 3000 3
persist 68533 4000 4
persist 54198 3000 3
persist 67139 4000 4
persist 53124 3000 3
persist 65922 4000 4
persist 52693 3000 3
persist 66603 4000 4
persist 77823 4000 4
persist 53643 3000 3
persist 55074 3000 3
persist 69665 4000 4
persist 51840 3000 3
persist 63437 4000 4
persist 66090 4000 4
persist 49411 3000 3
write base data version: 4300, memory: 882409472 bytes (841.53 MB)
persist 69721 4000 4
persist 51299 3000 3
persist 65333 4000 4
persist 52025 3000 3
persist 66021 4000 4
persist 67411 4000 4
persist 49892 3000 3
persist 69923 4000 4
persist 49169 3000 3
persist 51762 3000 3
persist 64191 4000 4
persist 49321 3000 3
persist 71382 4000 4
persist 52681 3000 3
persist 64763 4000 4
persist 49413 3000 3
persist 61627 4000 4
persist 50772 3000 3
persist 60791 4000 4
persist 66751 4000 4
persist 46866 3000 3
persist 50802 3000 3
persist 50813 3000 3
persist 51340 3000 3
persist 72317 4000 4
persist 50618 3000 3
persist 50454 3000 3
persist 74385 4000 4
persist 52008 3000 3
persist 52712 3000 3
write base data version: 4400, memory: 516718592 bytes (492.78 MB)
persist 52785 3000 3
persist 66785 4000 4
persist 51216 3000 3
persist 50037 3000 3
persist 52175 3000 3
persist 68282 4000 4
persist 51122 3000 3
persist 50640 3000 3
persist 74572 4000 4
persist 53137 3000 3
persist 53204 3000 3
persist 55126 3000 3
persist 66195 4000 4
persist 51025 3000 3
persist 51676 3000 3
persist 65478 4000 4
persist 51771 3000 3
persist 51510 3000 3
persist 78078 4000 4
persist 56438 3000 3
persist 59247 3000 3
persist 67183 4000 4
persist 56750 3000 3
persist 59136 3000 3
persist 59684 3000 3
persist 67623 4000 4
persist 52078 3000 3
persist 54492 3000 3
persist 54387 3000 3
persist 67677 4000 4
write base data version: 4500, memory: 672411648 bytes (641.26 MB)
persist 55408 3000 3
persist 63240 4000 4
persist 50740 3000 3
persist 63532 4000 4
persist 49438 3000 3
persist 68016 4000 4
persist 48407 3000 3
persist 50814 3000 3
persist 62277 4000 4
persist 38547 3000 3
persist 39081 3000 3
persist 41009 3000 3
persist 64562 4000 4
persist 46815 4000 4
persist 38771 3000 3
persist 38169 3000 3
persist 38163 3000 3
persist 95294 5000 5
persist 99427 5000 5
persist 86885 4000 4
persist 74492 4000 4
persist 74063 4000 4
persist 72032 4000 4
persist 86360 4000 4
persist 58762 3000 3
persist 76952 4000 4
persist 60324 3000 3
persist 74767 4000 4
write base data version: 4600, memory: 828092416 bytes (789.73 MB)
persist 82375 4000 4
persist 58385 3000 3
persist 71682 4000 4
persist 56739 3000 3
persist 70040 4000 4
persist 57218 3000 3
persist 71180 4000 4
persist 57489 3000 3
persist 70239 4000 4
persist 85859 4000 4
persist 57714 3000 3
persist 57465 3000 3
persist 70743 4000 4
persist 82586 4000 4
persist 57336 3000 3
persist 85898 4000 4
persist 57167 3000 3
persist 84340 4000 4
persist 56807 3000 3
persist 59280 3000 3
persist 72870 4000 4
persist 58968 3000 3
persist 73808 4000 4
persist 73940 4000 4
persist 56841 3000 3
persist 71466 4000 4
persist 56596 3000 3
persist 86972 4000 4
write base data version: 4700, memory: 981409792 bytes (935.95 MB)
persist 53956 3000 3
persist 52649 3000 3
persist 51616 3000 3
persist 52645 3000 3
persist 74849 4000 4
persist 39821 2000 2
persist 52074 3000 3
persist 52642 3000 3
persist 53012 3000 3
persist 52588 3000 3
persist 112009 4000 4
persist 52229 3000 3
persist 57310 3000 3
persist 51040 3000 3
persist 74863 4000 4
persist 50524 3000 3
persist 52014 3000 3
persist 51912 3000 3
persist 71512 4000 4
persist 52649 3000 3
persist 50067 3000 3
persist 50947 3000 3
persist 69089 4000 4
persist 52710 3000 3
persist 51825 3000 3
persist 65079 4000 4
persist 50026 3000 3
persist 65031 4000 4
persist 49449 3000 3
persist 64303 4000 4
persist 50262 3000 3
write base data version: 4800, memory: 607354880 bytes (579.22 MB)
persist 64890 4000 4
persist 62396 4000 4
persist 50319 3000 3
persist 63217 4000 4
persist 64004 4000 4
persist 48796 3000 3
persist 60556 4000 4
persist 64954 4000 4
persist 49471 3000 3
persist 48931 3000 3
persist 60745 4000 4
persist 70600 4000 4
persist 48956 3000 3
persist 68130 4000 4
persist 48237 3000 3
persist 67818 4000 4
persist 50353 3000 3
persist 63215 4000 4
persist 49590 3000 3
persist 62845 4000 4
persist 49315 3000 3
persist 67746 4000 4
persist 51199 3000 3
persist 49742 3000 3
persist 63939 4000 4
persist 48051 3000 3
persist 68956 4000 4
persist 46774 3000 3
write base data version: 4900, memory: 749371392 bytes (714.66 MB)
persist 68612 4000 4
persist 47351 3000 3
persist 49316 3000 3
persist 60546 4000 4
persist 71664 4000 4
persist 48430 3000 3
persist 48562 3000 3
persist 64293 4000 4
persist 48084 3000 3
persist 62406 4000 4
persist 48892 3000 3
persist 62857 4000 4
persist 48740 3000 3
persist 61731 4000 4
persist 49705 3000 3
persist 62735 4000 4
persist 48440 3000 3
persist 66953 4000 4
persist 46433 3000 3
persist 70928 4000 4
persist 49731 3000 3
persist 48895 3000 3
persist 60159 4000 4
persist 47179 3000 3
persist 64531 4000 4
persist 47797 3000 3
persist 48152 3000 3
persist 62259 4000 4
persist 49202 3000 3
write base data version: 5000, memory: 891203584 bytes (849.92 MB)
persist 60319 4000 4
persist 49106 3000 3
persist 67288 4000 4
persist 48616 3000 3
persist 48901 3000 3
persist 60887 4000 4
persist 48078 3000 3
persist 60704 4000 4
persist 46637 3000 3
persist 72372 4000 4
persist 48633 3000 3
persist 49961 3000 3
persist 63108 4000 4
persist 49308 3000 3
persist 65289 4000 4
persist 48147 3000 3
persist 48888 3000 3
persist 62203 4000 4
persist 49198 3000 3
persist 67983 4000 4
persist 48626 3000 3
persist 73614 4000 4
persist 51300 3000 3
persist 51220 3000 3
persist 62895 4000 4
persist 48029 3000 3
persist 72680 4000 4
persist 50430 3000 3
persist 51580 3000 3
write base data version: 5100, memory: 522379264 bytes (498.18 MB)
persist 70834 4000 4
persist 52736 3000 3
persist 63935 4000 4
persist 48213 3000 3
persist 65827 4000 4
persist 50279 3000 3
persist 64989 4000 4
persist 51094 3000 3
persist 71109 4000 4
persist 50419 3000 3
persist 76050 4000 4
persist 51746 3000 3
persist 51306 3000 3
persist 69591 4000 4
persist 51484 3000 3
persist 49354 3000 3
persist 74895 4000 4
persist 51134 3000 3
persist 52806 3000 3
persist 77435 4000 4
persist 52152 3000 3
persist 52627 3000 3
persist 73537 4000 4
persist 52213 3000 3
persist 52333 3000 3
persist 75155 4000 4
persist 51978 3000 3
persist 52181 3000 3
persist 50975 3000 3
persist 68304 4000 4
write base data version: 5200, memory: 682221568 bytes (650.62 MB)
persist 51464 3000 3
persist 51667 3000 3
persist 67866 4000 4
persist 51358 3000 3
persist 52081 3000 3
persist 52103 3000 3
persist 71092 4000 4
persist 52123 3000 3
persist 51748 3000 3
persist 51291 3000 3
persist 68013 4000 4
persist 50293 3000 3
persist 51890 3000 3
persist 71092 4000 4
persist 49986 3000 3
persist 51355 3000 3
persist 49205 3000 3
persist 62970 4000 4
persist 50303 3000 3
persist 49368 3000 3
persist 71309 4000 4
persist 49548 3000 3
persist 49884 3000 3
persist 48507 3000 3
persist 50165 3000 3
persist 66864 4000 4
persist 49571 3000 3
persist 48734 3000 3
persist 52929 3000 3
persist 67236 4000 4
persist 50988 3000 3
write base data version: 5300, memory: 822009856 bytes (783.93 MB)
persist 49402 3000 3
persist 51155 3000 3
persist 70838 4000 4
persist 51979 3000 3
persist 49678 3000 3
persist 50531 3000 3
persist 74544 4000 4
persist 52627 3000 3
persist 49567 3000 3
persist 48817 3000 3
persist 50539 3000 3
persist 64160 4000 4
persist 52235 3000 3
persist 64065 4000 4
persist 51581 3000 3
persist 67460 4000 4
persist 49057 3000 3
persist 50173 3000 3
persist 63513 4000 4
persist 51484 3000 3
persist 65409 4000 4
persist 53066 3000 3
persist 68534 4000 4
persist 51187 3000 3
persist 50500 3000 3
persist 64771 4000 4
persist 51645 3000 3
persist 71183 4000 4
persist 52343 3000 3
write base data version: 5400, memory: 974311424 bytes (929.18 MB)
persist 52607 3000 3
persist 66965 4000 4
persist 53687 3000 3
persist 70300 4000 4
persist 50961 3000 3
persist 54045 3000 3
persist 62900 4000 4
persist 47695 3000 3
persist 57636 3000 3
persist 73660 4000 4
persist 58299 3000 3
persist 60562 3000 3
persist 61003 3000 3
persist 86823 4000 4
persist 57015 3000 3
persist 56974 3000 3
persist 83031 4000 4
persist 56616 3000 3
persist 57687 3000 3
persist 55013 3000 3
persist 32978 3000 3
persist 33983 3000 3
persist 35217 3000 3
persist 26936 3000 3
persist 24304 3000 3
persist 24043 3000 3
persist 24067 2000 2
persist 32679 3000 3
persist 32929 3000 3
persist 24225 3000 3
persist 24135 3000 3
persist 26811 3000 3
persist 23765 2000 2
write base data version: 5500, memory: 613920768 bytes (585.48 MB)
persist 32669 3000 3
persist 27285 3000 3
persist 23982 3000 3
persist 23165 3000 3
persist 25022 2000 2
persist 29252 3000 3
persist 24322 3000 3
persist 33566 3000 3
persist 24701 2000 2
persist 23472 3000 3
persist 23798 3000 3
persist 31282 3000 3
persist 23791 2000 2
persist 31624 3000 3
persist 25840 3000 3
persist 22340 3000 3
persist 23291 3000 3
persist 22337 3000 3
persist 21057 3000 3
persist 26581 3000 3
persist 30937 3000 3
persist 23201 2000 2
persist 31806 3000 3
persist 31738 3000 3
persist 30912 3000 3
persist 22666 3000 3
persist 22667 3000 3
persist 23046 3000 3
persist 23953 3000 3
persist 23502 3000 3
persist 22321 3000 3
persist 32043 3000 3
persist 23946 2000 2
persist 33707 3000 3
persist 23493 3000 3
write base data version: 5600, memory: 755851264 bytes (720.84 MB)
persist 22850 3000 3
persist 21634 3000 3
persist 27056 3000 3
persist 22565 2000 2
persist 31224 3000 3
persist 31471 3000 3
persist 30362 3000 3
persist 31284 3000 3
persist 31128 3000 3
persist 29880 3000 3
persist 30774 3000 3
persist 32009 3000 3
persist 32105 3000 3
persist 25436 3000 3
persist 23757 3000 3
persist 23617 3000 3
persist 22865 3000 3
persist 22304 3000 3
persist 23152 3000 3
persist 22674 3000 3
persist 22526 3000 3
persist 22888 3000 3
persist 22644 3000 3
persist 22978 3000 3
persist 22604 3000 3
persist 22410 3000 3
persist 22772 3000 3
persist 23245 3000 3
persist 22839 3000 3
persist 22622 3000 3
persist 23128 3000 3
persist 23124 3000 3
persist 21542 3000 3
persist 25065 3000 3
write base data version: 5700, memory: 897806336 bytes (856.21 MB)
persist 28258 3000 3
persist 24257 2000 2
persist 33522 3000 3
persist 28383 3000 3
persist 23615 3000 3
persist 23032 3000 3
persist 22844 3000 3
persist 22578 3000 3
persist 22898 3000 3
persist 23119 3000 3
persist 23578 3000 3
persist 21483 3000 3
persist 24582 3000 3
persist 28025 3000 3
persist 22923 2000 2
persist 31368 3000 3
persist 31903 3000 3
persist 32961 3000 3
persist 25017 3000 3
persist 22795 3000 3
persist 22996 3000 3
persist 23650 3000 3
persist 23562 3000 3
persist 21986 3000 3
persist 32348 3000 3
persist 25703 2000 2
persist 34672 3000 3
persist 24032 3000 3
persist 27719 3000 3
persist 16330 2000 2
persist 24855 2000 2
persist 32804 3000 3
persist 24159 3000 3
persist 22803 3000 3
persist 31654 3000 3
write base data version: 5800, memory: 1040601088 bytes (992.39 MB)
persist 23770 2000 2
persist 24794 3000 3
persist 30533 3000 3
persist 54221 3000 3
persist 57336 3000 3
persist 58862 3000 3
persist 58920 3000 3
persist 59148 3000 3
persist 61157 3000 3
persist 60086 3000 3
persist 60355 3000 3
persist 77277 4000 4
persist 55644 3000 3
persist 86360 4000 4
persist 62149 3000 3
persist 59691 3000 3
persist 71388 4000 4
persist 54313 3000 3
persist 74956 4000 4
persist 51193 3000 3
persist 49676 3000 3
persist 50840 3000 3
persist 51387 3000 3
persist 51936 3000 3
persist 70633 4000 4
persist 52384 3000 3
persist 52053 3000 3
persist 50305 3000 3
persist 50692 3000 3
persist 72158 4000 4
persist 50641 3000 3
write base data version: 5900, memory: 687800320 bytes (655.94 MB)
persist 51681 3000 3
persist 67832 4000 4
persist 49002 3000 3
persist 52753 3000 3
persist 65089 4000 4
persist 53211 3000 3
persist 52332 3000 3
persist 64639 4000 4
persist 51817 3000 3
persist 52796 3000 3
persist 65800 4000 4
persist 52287 3000 3
persist 73472 4000 4
persist 51163 3000 3
persist 54081 3000 3
persist 69490 4000 4
persist 54086 3000 3
persist 52266 3000 3
persist 68473 4000 4
persist 51924 3000 3
persist 49687 3000 3
persist 63320 4000 4
persist 48484 3000 3
persist 49780 3000 3
persist 64315 4000 4
persist 47685 3000 3
persist 50810 3000 3
persist 64605 4000 4
persist 50003 3000 3
persist 52031 3000 3
write base data version: 6000, memory: 827482112 bytes (789.15 MB)
persist 73520 4000 4
persist 50897 3000 3
persist 51213 3000 3
persist 72690 4000 4
persist 49813 3000 3
persist 49023 3000 3
persist 51578 3000 3
persist 67491 4000 4
persist 49679 3000 3
persist 51301 3000 3
persist 69162 4000 4
persist 50314 3000 3
persist 50598 3000 3
persist 50921 3000 3
persist 66102 4000 4
persist 52668 3000 3
persist 54123 3000 3
persist 53070 3000 3
persist 65881 4000 4
persist 53239 3000 3
persist 53369 3000 3
persist 70372 4000 4
persist 52642 3000 3
persist 53365 3000 3
persist 77989 4000 4
persist 52166 3000 3
persist 53408 3000 3
persist 52815 3000 3
persist 72893 4000 4
persist 52174 3000 3
write base data version: 6100, memory: 982982656 bytes (937.45 MB)
persist 52065 3000 3
persist 50526 3000 3
persist 72696 4000 4
persist 51525 3000 3
persist 50482 3000 3
persist 49212 3000 3
persist 50639 3000 3
persist 49670 3000 3
persist 68024 4000 4
persist 51647 3000 3
persist 50707 3000 3
persist 52536 3000 3
persist 72741 4000 4
persist 51877 3000 3
persist 50656 3000 3
persist 50462 3000 3
persist 49165 3000 3
persist 68738 4000 4
persist 51049 3000 3
persist 50153 3000 3
persist 50595 3000 3
persist 50610 3000 3
persist 50624 3000 3
persist 50751 3000 3
persist 60861 3000 3
persist 72275 4000 4
persist 57810 3000 3
persist 57926 3000 3
persist 58049 3000 3
persist 60439 3000 3
persist 53355 3000 3
persist 50653 3000 3
write base data version: 6200, memory: 623149056 bytes (594.28 MB)
persist 48749 3000 3
persist 73016 4000 4
persist 51117 3000 3
persist 50888 3000 3
persist 64951 4000 4
persist 49778 3000 3
persist 51675 3000 3
persist 71297 4000 4
persist 49726 3000 3
persist 49646 3000 3
persist 64521 4000 4
persist 50612 3000 3
persist 63911 4000 4
persist 49737 3000 3
persist 57019 3000 3
persist 82010 4000 4
persist 56147 3000 3
persist 54525 3000 3
persist 68811 4000 4
persist 125654 7000 7
persist 162316 9000 9
persist 160409 9000 9
write base data version: 6300, memory: 750604288 bytes (715.83 MB)
persist 178704 10000 10
persist 199362 11000 11
persist 201401 11000 11
persist 184942 11000 11
persist 181236 11000 11
persist 192068 11000 11
persist 199299 11000 11
persist 213929 12000 12
persist 182513 11000 11
write base data version: 6400, memory: 892317696 bytes (850.98 MB)
persist 187689 11000 11
persist 183968 11000 11
persist 187245 11000 11
persist 192975 11000 11
persist 187483 11000 11
persist 188284 11000 11
persist 204207 12000 12
persist 188253 11000 11
persist 199892 11000 11
write base data version: 6500, memory: 1033871360 bytes (985.98 MB)
persist 209993 12000 12
persist 204062 11000 11
persist 200919 12000 12
persist 191972 11000 11
persist 190882 11000 11
persist 187358 11000 11
persist 102773 6000 6
persist 65388 4000 4
persist 64521 4000 4
persist 50045 3000 3
persist 49305 3000 3
persist 55622 3000 3
persist 53090 3000 3
persist 69848 4000 4
persist 52697 3000 3
persist 53275 3000 3
persist 70144 4000 4
persist 53885 3000 3
write base data version: 6600, memory: 670302208 bytes (639.25 MB)
persist 52208 3000 3
persist 51718 3000 3
persist 68278 4000 4
persist 52135 3000 3
persist 50963 3000 3
persist 76958 4000 4
persist 51270 3000 3
persist 55354 3000 3
persist 49975 3000 3
persist 52930 3000 3
persist 51067 3000 3
persist 54278 3000 3
persist 66900 4000 4
persist 51378 3000 3
persist 50637 3000 3
persist 52120 3000 3
persist 89008 4000 4
persist 51287 3000 3
persist 52141 3000 3
persist 52671 3000 3
persist 51854 3000 3
persist 52840 3000 3
persist 50410 3000 3
persist 51846 3000 3
persist 73174 4000 4
persist 59321 3000 3
persist 59914 3000 3
persist 59674 3000 3
persist 53119 3000 3
persist 52137 3000 3
persist 52006 3000 3
persist 68963 4000 4
write base data version: 6700, memory: 828530688 bytes (790.15 MB)
persist 51782 3000 3
persist 51187 3000 3
persist 52157 3000 3
persist 51785 3000 3
persist 51666 3000 3
persist 49818 3000 3
persist 52479 3000 3
persist 51077 3000 3
persist 69307 4000 4
persist 50806 3000 3
persist 51812 3000 3
persist 50242 3000 3
persist 52903 3000 3
persist 73190 4000 4
persist 40736 2000 2
persist 50871 3000 3
persist 76963 4000 4
persist 51944 3000 3
persist 50882 3000 3
persist 50802 3000 3
persist 69624 4000 4
persist 52555 3000 3
persist 50676 3000 3
persist 53366 3000 3
persist 66151 4000 4
persist 51301 3000 3
persist 51572 3000 3
persist 66640 4000 4
persist 51539 3000 3
persist 49927 3000 3
persist 72148 4000 4
write base data version: 6800, memory: 971988992 bytes (926.96 MB)
persist 51641 3000 3
persist 52521 3000 3
persist 69365 4000 4
persist 122816 7000 7
persist 142757 8000 8
persist 161569 9000 9
persist 179640 10000 10
persist 194871 11000 11
persist 225670 11000 11
persist 211569 12000 12
persist 127708 8000 8
persist 87769 5000 5
persist 107551 6000 6
write base data version: 6900, memory: 1115041792 bytes (1063.39 MB)
persist 143801 8000 8
persist 172255 9000 9
persist 178078 10000 10
persist 189136 11000 11
persist 188143 11000 11
persist 216727 11000 11
persist 195911 11000 11
persist 193509 11000 11
persist 197224 11000 11
write base data version: 7000, memory: 757628928 bytes (722.53 MB)
persist 203278 11000 11
persist 207934 11000 11
persist 225558 12000 12
persist 205782 11000 11
persist 211165 12000 12
persist 215003 12000 12
persist 203523 12000 12
persist 205070 12000 12
persist 189352 11000 11
write base data version: 7100, memory: 904765440 bytes (862.85 MB)
persist 191832 11000 11
persist 210956 12000 12
persist 201049 11000 11
persist 215275 12000 12
persist 191965 11000 11
persist 191866 11000 11
persist 187314 11000 11
persist 188367 11000 11
persist 194489 11000 11
write base data version: 7200, memory: 1046659072 bytes (998.17 MB)
persist 198533 11000 11
persist 199162 11000 11
persist 201264 11000 11
persist 196255 11000 11
persist 202519 12000 12
persist 155669 9000 9
persist 82346 5000 5
persist 85785 4000 4
persist 58711 3000 3
persist 51048 3000 3
persist 50610 3000 3
persist 50654 3000 3
persist 49761 3000 3
persist 48916 3000 3
persist 48006 3000 3
persist 83422 3000 3
persist 53625 3000 3
persist 77752 3000 3
write base data version: 7300, memory: 685522944 bytes (653.77 MB)
persist 64285 4000 4
persist 49113 3000 3
persist 72901 4000 4
persist 50694 3000 3
persist 47926 3000 3
persist 50442 3000 3
persist 66495 4000 4
persist 49974 3000 3
persist 50780 3000 3
persist 75393 4000 4
persist 52186 3000 3
persist 49125 3000 3
persist 55217 3000 3
persist 64138 4000 4
persist 49280 3000 3
persist 51829 3000 3
persist 54265 3000 3
persist 73061 4000 4
persist 59049 3000 3
persist 57904 3000 3
persist 70433 4000 4
persist 57360 3000 3
persist 69235 4000 4
persist 57508 3000 3
persist 72716 4000 4
persist 63691 4000 4
persist 46564 3000 3
persist 43508 3000 3
persist 57631 4000 4
persist 43266 3000 3
write base data version: 7400, memory: 845680640 bytes (806.50 MB)
persist 44947 3000 3
persist 49883 3000 3
persist 43441 3000 3
persist 44091 3000 3
persist 33370 3000 3
persist 33340 3000 3
persist 27898 3000 3
persist 24840 3000 3
persist 26182 2000 2
persist 52810 3000 3
persist 55422 3000 3
persist 51299 3000 3
persist 51444 3000 3
persist 74037 4000 4
persist 51120 3000 3
persist 51754 3000 3
persist 50203 3000 3
persist 49130 3000 3
persist 51567 3000 3
persist 73327 4000 4
persist 52553 3000 3
persist 52303 3000 3
persist 49801 3000 3
persist 50850 3000 3
persist 79497 4000 4
persist 51730 3000 3
persist 51203 3000 3
persist 51841 3000 3
persist 49616 3000 3
persist 52209 3000 3
persist 63931 4000 4
persist 51209 3000 3
write base data version: 7500, memory: 998912000 bytes (952.64 MB)
persist 50647 3000 3
persist 49082 3000 3
persist 51718 3000 3
persist 72913 4000 4
persist 52079 3000 3
persist 51036 3000 3
persist 58225 3000 3
persist 60436 3000 3
persist 101458 5000 5
persist 143820 7000 7
persist 178035 9000 9
persist 203435 10000 10
persist 167115 10000 10
persist 94008 6000 6
persist 66548 4000 4
persist 50977 3000 3
persist 68457 4000 4
persist 52831 3000 3
persist 52825 3000 3
persist 66232 4000 4
persist 52408 3000 3
persist 77150 4000 4
write base data version: 7600, memory: 1150758912 bytes (1097.45 MB)
persist 53345 3000 3
persist 52102 3000 3
persist 52571 3000 3
persist 70291 4000 4
persist 48218 3000 3
persist 37146 3000 3
persist 45378 3000 3
persist 45691 3000 3
persist 45505 3000 3
persist 40867 3000 3
persist 55255 4000 4
persist 44489 3000 3
persist 108183 5000 5
persist 166341 8000 8
persist 215850 10000 10
persist 208588 10000 10
persist 244508 11000 11
persist 190236 11000 11
write base data version: 7700, memory: 773799936 bytes (737.95 MB)
persist 185943 11000 11
persist 206226 12000 12
persist 189940 11000 11
persist 192098 11000 11
persist 199523 11000 11
persist 202468 11000 11
persist 147077 8000 8
persist 73262 4000 4
persist 73553 4000 4
persist 58306 3000 3
persist 58889 3000 3
persist 61211 3000 3
persist 74631 4000 4
persist 53501 3000 3
persist 54031 3000 3
persist 47762 3000 3
persist 48770 3000 3
write base data version: 7800, memory: 926187520 bytes (883.28 MB)
persist 54720 3000 3
persist 50460 3000 3
persist 72216 4000 4
persist 51801 3000 3
persist 50376 3000 3
persist 50607 3000 3
persist 49569 3000 3
persist 49265 3000 3
persist 49687 3000 3
persist 50660 3000 3
persist 67703 4000 4
persist 51539 3000 3
persist 52125 3000 3
persist 52540 3000 3
persist 50907 3000 3
persist 51332 3000 3
persist 50899 3000 3
persist 51093 3000 3
persist 65672 4000 4
persist 51938 3000 3
persist 51959 3000 3
persist 64357 4000 4
persist 51426 3000 3
persist 49357 3000 3
persist 51351 3000 3
persist 65230 4000 4
persist 50932 3000 3
persist 72183 4000 4
persist 103299 6000 6
write base data version: 7900, memory: 1067061248 bytes (1017.63 MB)
persist 143244 8000 8
persist 158730 9000 9
persist 155229 9000 9
persist 173247 10000 10
persist 175376 10000 10
persist 178325 10000 10
persist 191981 11000 11
persist 190211 11000 11
persist 161948 10000 10
persist 98628 6000 6
persist 66291 4000 4
persist 71675 4000 4
persist 51352 3000 3
write base data version: 8000, memory: 1214783488 bytes (1158.51 MB)
persist 51495 3000 3
persist 49646 3000 3
persist 49307 3000 3
persist 49661 3000 3
persist 49781 3000 3
persist 71223 4000 4
persist 51043 3000 3
persist 75452 3000 3
persist 48035 3000 3
persist 71789 4000 4
persist 49036 3000 3
persist 48228 3000 3
persist 71491 4000 4
persist 50719 3000 3
persist 51070 3000 3
persist 51119 3000 3
persist 49728 3000 3
persist 68488 4000 4
persist 50848 3000 3
persist 51222 3000 3
persist 49671 3000 3
persist 49245 3000 3
persist 50825 3000 3
persist 73464 4000 4
persist 50889 3000 3
persist 51411 3000 3
persist 52176 3000 3
persist 49532 3000 3
persist 49067 3000 3
persist 51477 3000 3
persist 73120 4000 4
write base data version: 8100, memory: 857096192 bytes (817.39 MB)
persist 51267 3000 3
persist 50568 3000 3
persist 50893 3000 3
persist 48988 3000 3
persist 50225 3000 3
persist 49297 3000 3
persist 62305 4000 4
persist 50967 3000 3
persist 48771 3000 3
persist 50757 3000 3
persist 51312 3000 3
persist 63784 4000 4
persist 49317 3000 3
persist 52604 3000 3
persist 66575 4000 4
persist 50826 3000 3
persist 52572 3000 3
persist 67826 4000 4
persist 48545 3000 3
persist 48551 3000 3
persist 63124 4000 4
persist 49576 3000 3
persist 50534 3000 3
persist 62717 4000 4
persist 47943 3000 3
persist 49910 3000 3
persist 63877 4000 4
persist 48297 3000 3
persist 51178 3000 3
persist 69395 4000 4
persist 49282 3000 3
write base data version: 8200, memory: 1017913344 bytes (970.76 MB)
persist 48793 3000 3
persist 49694 3000 3
persist 66528 4000 4
persist 49663 3000 3
persist 49758 3000 3
persist 67998 4000 4
persist 49462 3000 3
persist 50863 3000 3
persist 50865 3000 3
persist 68941 4000 4
persist 51318 3000 3
persist 48419 3000 3
persist 49780 3000 3
persist 66190 4000 4
persist 50383 3000 3
persist 49790 3000 3
persist 49298 3000 3
persist 51393 3000 3
persist 68453 4000 4
persist 53075 3000 3
persist 52458 3000 3
persist 49716 3000 3
persist 53293 3000 3
persist 50273 3000 3
persist 74798 4000 4
persist 52185 3000 3
persist 50189 3000 3
persist 52806 3000 3
persist 57153 3000 3
persist 71215 4000 4
write base data version: 8300, memory: 1160585216 bytes (1106.82 MB)
persist 56889 3000 3
persist 81390 4000 4
persist 60720 3000 3
persist 51925 3000 3
persist 51668 3000 3
persist 63992 4000 4
persist 50056 3000 3
persist 51905 3000 3
persist 51391 3000 3
persist 72533 4000 4
persist 51255 3000 3
persist 51321 3000 3
persist 52142 3000 3
persist 49868 3000 3
persist 62666 4000 4
persist 49665 3000 3
persist 49501 3000 3
persist 48605 3000 3
persist 51764 3000 3
persist 68521 4000 4
persist 52532 3000 3
persist 54393 3000 3
persist 50440 3000 3
persist 49972 3000 3
persist 53237 3000 3
persist 64584 4000 4
persist 52402 3000 3
persist 53459 3000 3
persist 89331 3000 3
persist 63083 4000 4
persist 62242 4000 4
write base data version: 8400, memory: 775589888 bytes (739.66 MB)
persist 50380 3000 3
persist 49544 3000 3
persist 48710 3000 3
persist 67127 4000 4
persist 47429 3000 3
persist 49920 3000 3
persist 71177 4000 4
persist 51013 3000 3
persist 51240 3000 3
persist 51038 3000 3
persist 66102 4000 4
persist 50235 3000 3
persist 70961 4000 4
persist 49251 3000 3
persist 52099 3000 3
persist 65225 4000 4
persist 50921 3000 3
persist 64738 4000 4
persist 47803 3000 3
persist 51472 3000 3
persist 66725 4000 4
persist 50047 3000 3
persist 52542 3000 3
persist 77563 4000 4
persist 49105 3000 3
persist 47717 3000 3
persist 48272 3000 3
persist 61317 4000 4
persist 49387 3000 3
persist 63630 4000 4
write base data version: 8500, memory: 917561344 bytes (875.05 MB)
persist 49003 3000 3
persist 72634 4000 4
persist 50168 3000 3
persist 49782 3000 3
persist 62920 4000 4
persist 49368 3000 3
persist 72190 4000 4
persist 50548 3000 3
persist 48607 3000 3
persist 68297 4000 4
persist 50002 3000 3
persist 50873 3000 3
persist 49460 3000 3
persist 73082 4000 4
persist 49139 3000 3
persist 47702 3000 3
persist 49447 3000 3
persist 61006 4000 4
persist 50305 3000 3
persist 49414 3000 3
persist 61769 4000 4
persist 49084 3000 3
persist 47497 3000 3
persist 69812 4000 4
persist 50769 3000 3
persist 48659 3000 3
persist 48803 3000 3
persist 68049 4000 4
persist 48475 3000 3
persist 49971 3000 3
write base data version: 8600, memory: 1059635200 bytes (1010.55 MB)
persist 48611 3000 3
persist 69152 4000 4
persist 48645 3000 3
persist 47961 3000 3
persist 49637 3000 3
persist 61585 4000 4
persist 47989 3000 3
persist 48733 3000 3
persist 62498 4000 4
persist 49352 3000 3
persist 48666 3000 3
persist 65938 4000 4
persist 48598 3000 3
persist 47518 3000 3
persist 70913 4000 4
persist 48631 3000 3
persist 47577 3000 3
persist 48351 3000 3
persist 62667 4000 4
persist 50255 3000 3
persist 47840 3000 3
persist 49014 3000 3
persist 62812 4000 4
persist 47910 3000 3
persist 50449 3000 3
persist 63438 4000 4
persist 48055 3000 3
persist 48442 3000 3
persist 50412 3000 3
persist 64393 4000 4
persist 52273 3000 3
write base data version: 8700, memory: 1201004544 bytes (1145.37 MB)
persist 64659 4000 4
persist 50602 3000 3
persist 67493 4000 4
persist 51805 3000 3
persist 72977 4000 4
persist 87899 4000 4
persist 59347 3000 3
persist 58607 3000 3
persist 60272 3000 3
persist 71719 4000 4
persist 55457 3000 3
persist 57316 3000 3
persist 76555 4000 4
persist 57559 3000 3
persist 57869 3000 3
persist 79139 3000 3
persist 72928 4000 4
persist 51708 3000 3
persist 52204 3000 3
persist 75661 4000 4
persist 51235 3000 3
persist 51487 3000 3
persist 73617 4000 4
persist 49605 3000 3
persist 49496 3000 3
persist 50719 3000 3
persist 72846 4000 4
persist 50551 3000 3
persist 50198 3000 3
persist 50279 3000 3
write base data version: 8800, memory: 845705216 bytes (806.53 MB)
persist 47787 3000 3
persist 52127 3000 3
persist 69960 4000 4
persist 50307 3000 3
persist 51521 3000 3
persist 50461 3000 3
persist 51542 3000 3
persist 72941 4000 4
persist 49935 3000 3
persist 50774 3000 3
persist 48592 3000 3
persist 49877 3000 3
persist 51436 3000 3
persist 71008 4000 4
persist 50905 3000 3
persist 51966 3000 3
persist 50572 3000 3
persist 50470 3000 3
persist 50814 3000 3
persist 51221 3000 3
persist 67311 4000 4
persist 52233 3000 3
persist 48985 3000 3
persist 51727 3000 3
persist 74514 4000 4
persist 51176 3000 3
persist 52959 3000 3
persist 53102 3000 3
persist 50227 3000 3
persist 49373 3000 3
persist 50624 3000 3
write base data version: 8900, memory: 1002684416 bytes (956.23 MB)
persist 72066 4000 4
persist 50714 3000 3
persist 51870 3000 3
persist 51620 3000 3
persist 49388 3000 3
persist 51705 3000 3
persist 52657 3000 3
persist 64284 4000 4
persist 49773 3000 3
persist 49186 3000 3
persist 50983 3000 3
persist 56330 3000 3
persist 56486 3000 3
persist 72188 4000 4
persist 57042 3000 3
persist 57864 3000 3
persist 58105 3000 3
persist 57891 3000 3
persist 57889 3000 3
persist 85480 4000 4
persist 94514 5000 5
persist 79923 5000 5
persist 50583 3000 3
persist 66278 4000 4
persist 52194 3000 3
persist 51121 3000 3
persist 67064 4000 4
persist 51126 3000 3
persist 50258 3000 3
persist 55629 3000 3
write base data version: 9000, memory: 1166696448 bytes (1112.65 MB)
persist 67348 4000 4
persist 50552 3000 3
persist 50433 3000 3
persist 47686 3000 3
persist 42350 3000 3
persist 43584 3000 3
persist 41754 3000 3
persist 56471 4000 4
persist 42875 3000 3
persist 43808 3000 3
persist 42251 3000 3
persist 43449 3000 3
persist 59367 4000 4
persist 44055 3000 3
persist 42966 3000 3
persist 51623 3000 3
persist 50843 3000 3
persist 52365 3000 3
persist 76674 4000 4
persist 52888 3000 3
persist 52404 3000 3
persist 52967 3000 3
persist 70418 4000 4
persist 52416 3000 3
persist 49849 3000 3
persist 70804 4000 4
persist 51173 3000 3
persist 50956 3000 3
persist 49823 3000 3
persist 57283 3000 3
persist 60241 3000 3
persist 66697 4000 4
write base data version: 9100, memory: 1318019072 bytes (1256.96 MB)
persist 50263 3000 3
persist 48645 3000 3
persist 50366 3000 3
persist 76571 4000 4
persist 57241 3000 3
persist 59723 3000 3
persist 56779 3000 3
persist 57897 3000 3
persist 57613 3000 3
persist 56416 3000 3
persist 57031 3000 3
persist 86514 4000 4
persist 56645 3000 3
persist 55959 3000 3
persist 50366 3000 3
persist 48899 3000 3
persist 49459 3000 3
persist 50993 3000 3
persist 74081 4000 4
persist 50917 3000 3
persist 50318 3000 3
persist 50059 3000 3
persist 49241 3000 3
persist 51630 3000 3
persist 72862 4000 4
persist 51598 3000 3
persist 51875 3000 3
persist 49665 3000 3
persist 48922 3000 3
persist 50580 3000 3
persist 75179 4000 4
write base data version: 9200, memory: 943476736 bytes (899.77 MB)
persist 51275 3000 3
persist 50577 3000 3
persist 49775 3000 3
persist 51206 3000 3
persist 50505 3000 3
persist 64884 4000 4
persist 49675 3000 3
persist 50955 3000 3
persist 50998 3000 3
persist 51464 3000 3
persist 72134 4000 4
persist 51431 3000 3
persist 52675 3000 3
persist 52161 3000 3
persist 53188 3000 3
persist 52339 3000 3
persist 50426 3000 3
persist 50409 3000 3
persist 60474 4000 4
persist 45138 3000 3
persist 68489 4000 4
persist 47087 3000 3
persist 46604 3000 3
persist 60929 4000 4
persist 47426 3000 3
persist 64861 4000 4
persist 46920 3000 3
persist 49367 3000 3
persist 62723 4000 4
persist 49305 3000 3
persist 64957 4000 4
write base data version: 9300, memory: 1085554688 bytes (1035.27 MB)
persist 48696 3000 3
persist 73660 4000 4
persist 48373 3000 3
persist 49020 3000 3
persist 63057 4000 4
persist 47866 3000 3
persist 69540 4000 4
persist 49490 3000 3
persist 49673 3000 3
persist 63561 4000 4
persist 48239 3000 3
persist 48371 3000 3
persist 62779 4000 4
persist 49052 3000 3
persist 63499 4000 4
persist 50090 3000 3
persist 49570 3000 3
persist 61402 4000 4
persist 47848 3000 3
persist 49374 3000 3
persist 62040 4000 4
persist 48406 3000 3
persist 51004 3000 3
persist 66894 4000 4
persist 51055 3000 3
persist 48004 3000 3
persist 71260 4000 4
persist 49722 3000 3
persist 50511 3000 3
persist 47666 3000 3
write base data version: 9400, memory: 1227497472 bytes (1170.63 MB)
persist 72834 4000 4
persist 51275 3000 3
persist 51117 3000 3
persist 53135 3000 3
persist 49083 3000 3
persist 51578 3000 3
persist 75009 4000 4
persist 53013 3000 3
persist 52546 3000 3
persist 49028 3000 3
persist 51016 3000 3
persist 65785 4000 4
persist 52407 3000 3
persist 46999 3000 3
persist 48025 3000 3
persist 51733 3000 3
persist 72347 4000 4
persist 49771 3000 3
persist 50076 3000 3
persist 50335 3000 3
persist 51061 3000 3
persist 49480 3000 3
persist 47827 3000 3
persist 49024 3000 3
persist 73782 4000 4
persist 50280 3000 3
persist 50183 3000 3
persist 36164 2000 2
persist 51195 3000 3
persist 50598 3000 3
persist 50267 3000 3
persist 49810 3000 3
write base data version: 9500, memory: 861818880 bytes (821.89 MB)
persist 51019 3000 3
persist 50623 3000 3
persist 78617 3000 3
persist 58351 3000 3
persist 74503 4000 4
persist 58126 3000 3
persist 59011 3000 3
persist 58599 3000 3
persist 63106 3000 3
persist 57147 3000 3
persist 53277 3000 3
persist 73904 4000 4
persist 52411 3000 3
persist 52079 3000 3
persist 49583 3000 3
persist 52073 3000 3
persist 52316 3000 3
persist 75333 4000 4
persist 52872 3000 3
persist 51274 3000 3
persist 51943 3000 3
persist 51117 3000 3
persist 51258 3000 3
persist 65332 4000 4
persist 52251 3000 3
persist 53913 3000 3
persist 52667 3000 3
persist 72903 4000 4
persist 53930 3000 3
persist 51753 3000 3
persist 50408 3000 3
write base data version: 9600, memory: 1023631360 bytes (976.21 MB)
persist 51284 3000 3
persist 63444 4000 4
persist 38708 2000 2
persist 52442 3000 3
persist 55284 3000 3
persist 75364 4000 4
persist 52984 3000 3
persist 54229 3000 3
persist 48386 3000 3
persist 49862 3000 3
persist 48966 3000 3
persist 69628 4000 4
persist 52656 3000 3
persist 52188 3000 3
persist 51266 3000 3
persist 51032 3000 3
persist 50052 3000 3
persist 51507 3000 3
persist 55162 3000 3
persist 58330 3000 3
persist 58546 3000 3
persist 86450 4000 4
persist 52374 3000 3
persist 51775 3000 3
persist 52272 3000 3
persist 51491 3000 3
persist 52077 3000 3
persist 50475 3000 3
persist 53842 3000 3
persist 59437 3000 3
persist 81898 4000 4
persist 51650 3000 3
persist 51856 3000 3
write base data version: 9700, memory: 1174716416 bytes (1120.30 MB)
persist 55021 3000 3
persist 51515 3000 3
persist 52224 3000 3
persist 52597 3000 3
persist 39561 2000 2
persist 52189 3000 3
persist 51531 3000 3
persist 52679 3000 3
persist 51849 3000 3
persist 50314 3000 3
persist 50818 3000 3
persist 50162 3000 3
persist 50084 3000 3
persist 51970 3000 3
persist 52391 3000 3
persist 75668 4000 4
persist 53651 3000 3
persist 52745 3000 3
persist 52179 3000 3
persist 52992 3000 3
persist 52694 3000 3
persist 52817 3000 3
persist 53155 3000 3
persist 51951 3000 3
persist 51875 3000 3
persist 52709 3000 3
persist 53281 3000 3
persist 53907 3000 3
persist 54256 3000 3
persist 71410 4000 4
persist 52786 3000 3
persist 53630 3000 3
persist 53785 3000 3
write base data version: 9800, memory: 1320574976 bytes (1259.40 MB)
persist 52620 3000 3
persist 51277 3000 3
persist 48917 3000 3
persist 49122 3000 3
persist 71908 4000 4
persist 59359 3000 3
persist 57663 3000 3
persist 57428 3000 3
persist 73287 4000 4
persist 58180 3000 3
persist 76292 4000 4
persist 55796 3000 3
persist 57997 3000 3
persist 70422 4000 4
persist 60686 3000 3
persist 58026 3000 3
persist 55725 3000 3
persist 65662 4000 4
persist 49179 3000 3
persist 48452 3000 3
persist 62388 4000 4
persist 50530 3000 3
persist 48363 3000 3
persist 61826 4000 4
persist 49798 3000 3
persist 49995 3000 3
persist 61766 4000 4
persist 47855 3000 3
persist 50290 3000 3
persist 61627 4000 4
write base data version: 9900, memory: 935378944 bytes (892.05 MB)
persist 48799 3000 3
persist 69672 4000 4
persist 47658 3000 3
persist 46438 3000 3
persist 70503 4000 4
persist 48597 3000 3
persist 47285 3000 3
persist 47857 3000 3
persist 64949 4000 4
persist 50296 3000 3
persist 49630 3000 3
persist 64538 4000 4
persist 49976 3000 3
persist 49886 3000 3
persist 50329 3000 3
persist 62268 4000 4
persist 48331 3000 3
persist 49434 3000 3
persist 61354 4000 4
persist 48444 3000 3
persist 47511 3000 3
persist 71052 4000 4
persist 50154 3000 3
persist 48324 3000 3
persist 50124 3000 3
persist 62774 4000 4
persist 49351 3000 3
persist 47228 3000 3
persist 66165 4000 4
persist 48218 3000 3
write base data version: 10000, memory: 1077112832 bytes (1027.21 MB)
persist 47013 3000 3
persist 47891 3000 3
tip block: 2736persist 12849 1000 1
----2737
Test Results: 
  Total Disk Usage: 17175.77 MB
  Average Per Record: 1801.01 bytes
[test batch write] generate key value
[test batch write] write data
persist 184825 10000 1
[test batch write] flush
tip block: 2738----2738
  Write Throughput: 12716.91 records/sec
  Read Throughput:  41139.81 records/sec
  Current Memory:   1237.05 MB
  Peak Memory:      1324.63 MB
  Memory Per Record: 129.71 bytes

========== Testing at data scale: 100,000,000 ==========
Writing 90000000 incremental records (keys: 10000001-100000000, total: 100000000)
persist 21481 1000 1
persist 52056 3000 3
persist 50158 3000 3
persist 47276 3000 3
persist 49785 3000 3
persist 67050 4000 4
persist 50217 3000 3
persist 50388 3000 3
persist 48954 3000 3
persist 71347 4000 4
persist 49280 3000 3
persist 49701 3000 3
persist 49384 3000 3
persist 50477 3000 3
persist 67383 4000 4
persist 51408 3000 3
persist 51216 3000 3
persist 52270 3000 3
persist 48721 3000 3
persist 52893 3000 3
persist 76577 4000 4
persist 51977 3000 3
persist 51216 3000 3
persist 49680 3000 3
persist 49574 3000 3
persist 50692 3000 3
persist 73082 4000 4
persist 51788 3000 3
persist 52988 3000 3
persist 50027 3000 3
write base data version: 10100, memory: 1432469504 bytes (1366.11 MB)
persist 70034 4000 4
persist 51725 3000 3
persist 50313 3000 3
persist 63572 4000 4
persist 55541 3000 3
persist 51299 3000 3
persist 52542 3000 3
persist 67752 4000 4
persist 50269 3000 3
persist 50421 3000 3
persist 49818 3000 3
persist 52248 3000 3
persist 51071 3000 3
persist 65949 4000 4
persist 51944 3000 3
persist 48930 3000 3
persist 50578 3000 3
persist 73786 4000 4
persist 50513 3000 3
persist 77031 3000 3
persist 58267 3000 3
persist 59578 3000 3
persist 85150 4000 4
persist 59175 3000 3
persist 58797 3000 3
persist 80223 4000 4
persist 59699 3000 3
persist 59127 3000 3
persist 72361 4000 4
persist 61182 3000 3
write base data version: 10200, memory: 1077944320 bytes (1028.01 MB)
persist 82043 4000 4
persist 60679 3000 3
persist 58733 3000 3
persist 56937 3000 3
persist 60400 3000 3
persist 89037 4000 4
persist 59308 3000 3
persist 54591 3000 3
persist 50355 3000 3
persist 50012 3000 3
persist 55464 3000 3
persist 51014 3000 3
persist 75465 4000 4
persist 51016 3000 3
persist 50841 3000 3
persist 51345 3000 3
persist 51331 3000 3
persist 58417 3000 3
persist 53776 3000 3
persist 69720 4000 4
persist 51583 3000 3
persist 52513 3000 3
persist 52418 3000 3
persist 56453 3000 3
persist 58595 3000 3
persist 60573 3000 3
persist 58999 3000 3
persist 92536 4000 4
persist 61715 3000 3
persist 60846 3000 3
persist 60069 3000 3
persist 59063 3000 3
write base data version: 10300, memory: 1227010048 bytes (1170.17 MB)
persist 59936 3000 3
persist 52622 3000 3
persist 50052 3000 3
persist 50759 3000 3
persist 50581 3000 3
persist 51182 3000 3
persist 50870 3000 3
persist 50178 3000 3
persist 50856 3000 3
persist 50762 3000 3
persist 50473 3000 3
persist 49780 3000 3
persist 50716 3000 3
persist 73026 4000 4
persist 50356 3000 3
persist 53497 3000 3
persist 52337 3000 3
persist 50822 3000 3
persist 50686 3000 3
persist 50133 3000 3
persist 49118 3000 3
persist 50275 3000 3
persist 50868 3000 3
persist 50181 3000 3
persist 51355 3000 3
persist 50265 3000 3
persist 48230 3000 3
persist 49424 3000 3
persist 72632 4000 4
persist 50768 3000 3
persist 50479 3000 3
persist 49565 3000 3
persist 50872 3000 3
write base data version: 10400, memory: 1380102144 bytes (1316.17 MB)
persist 67272 4000 4
persist 51049 3000 3
persist 49496 3000 3
persist 64153 4000 4
persist 49988 3000 3
persist 48918 3000 3
persist 52297 3000 3
persist 63565 4000 4
persist 48929 3000 3
persist 49389 3000 3
persist 63697 4000 4
persist 57759 3000 3
persist 57276 3000 3
persist 79021 4000 4
persist 51651 3000 3
persist 51328 3000 3
persist 49029 3000 3
persist 50347 3000 3
persist 51230 3000 3
persist 64088 4000 4
persist 50896 3000 3
persist 51253 3000 3
persist 53113 3000 3
persist 67219 4000 4
persist 52235 3000 3
persist 51860 3000 3
persist 51355 3000 3
persist 50294 3000 3
persist 49329 3000 3
persist 49900 3000 3
persist 52669 3000 3
write base data version: 10500, memory: 1533640704 bytes (1462.59 MB)
persist 55496 3000 3
persist 53633 3000 3
persist 51260 3000 3
persist 52380 3000 3
persist 75726 4000 4
persist 50417 3000 3
persist 51862 3000 3
persist 51848 3000 3
persist 51505 3000 3
persist 50941 3000 3
persist 72999 3000 3
persist 49949 3000 3
persist 49461 3000 3
persist 51243 3000 3
persist 50385 3000 3
persist 48502 3000 3
persist 48325 3000 3
persist 49573 3000 3
persist 51072 3000 3
persist 52432 3000 3
persist 65761 4000 4
persist 53657 3000 3
persist 51980 3000 3
persist 50661 3000 3
persist 51954 3000 3
persist 50658 3000 3
persist 52462 3000 3
persist 51942 3000 3
persist 52057 3000 3
persist 69210 4000 4
persist 60300 3000 3
persist 59777 3000 3
write base data version: 10600, memory: 1154826240 bytes (1101.33 MB)
persist 60410 3000 3
persist 56206 3000 3
persist 57778 3000 3
persist 83262 4000 4
persist 56593 3000 3
persist 56846 3000 3
persist 56971 3000 3
persist 51630 3000 3
persist 58931 3000 3
persist 82076 4000 4
persist 51031 3000 3
persist 51240 3000 3
persist 52928 3000 3
persist 55275 3000 3
persist 58290 3000 3
persist 59754 3000 3
persist 85806 4000 4
persist 60400 3000 3
persist 60958 3000 3
persist 74382 4000 4
persist 59828 3000 3
persist 74992 4000 4
persist 58166 3000 3
persist 80327 4000 4
persist 58144 3000 3
persist 56811 3000 3
persist 70554 4000 4
persist 57016 3000 3
persist 81067 4000 4
persist 57857 3000 3
persist 56278 3000 3
write base data version: 10700, memory: 1304379392 bytes (1243.95 MB)
persist 79573 4000 4
persist 51510 3000 3
persist 52261 3000 3
persist 48974 3000 3
persist 50897 3000 3
persist 71380 4000 4
persist 56771 3000 3
persist 88703 4000 4
persist 57155 3000 3
persist 36479 3000 3
persist 32585 3000 3
persist 25128 3000 3
persist 23221 3000 3
persist 24012 2000 2
persist 41470 3000 3
persist 53201 5000 5
persist 77381 7000 7
persist 141539 7000 7
persist 175006 9000 9
persist 175275 10000 10
persist 207184 10000 10
write base data version: 10800, memory: 1451331584 bytes (1384.10 MB)
persist 202715 11000 11
persist 201896 11000 11
persist 179812 10000 10
persist 183613 10000 10
persist 201003 11000 11
persist 172941 10000 10
persist 190339 10000 10
persist 171144 10000 10
persist 176816 10000 10
write base data version: 10900, memory: 1603686400 bytes (1529.39 MB)
persist 173842 10000 10
persist 158913 9000 9
persist 173382 10000 10
persist 173760 10000 10
persist 123100 7000 7
persist 75741 5000 5
persist 73794 4000 4
persist 50084 3000 3
persist 50274 3000 3
persist 66481 4000 4
persist 50618 3000 3
persist 49571 3000 3
persist 50738 3000 3
persist 69158 4000 4
persist 51643 3000 3
persist 53416 3000 3
persist 65829 4000 4
persist 53965 3000 3
persist 50334 3000 3
persist 51580 3000 3
persist 63776 4000 4
persist 56191 3000 3
persist 54587 3000 3
persist 56863 3000 3
write base data version: 11000, memory: 1244610560 bytes (1186.95 MB)
persist 72397 4000 4
persist 58856 3000 3
persist 78629 4000 4
persist 55304 3000 3
persist 61959 3000 3
persist 77985 4000 4
persist 47787 3000 3
persist 46282 3000 3
persist 45652 3000 3
persist 46438 3000 3
persist 42822 3000 3
persist 42974 3000 3
persist 42756 3000 3
persist 50214 3000 3
persist 52142 3000 3
persist 52267 3000 3
persist 67899 4000 4
persist 52734 3000 3
persist 51228 3000 3
persist 51237 3000 3
persist 49113 3000 3
persist 49200 3000 3
persist 52012 3000 3
persist 71355 4000 4
persist 51161 3000 3
persist 49564 3000 3
persist 49374 3000 3
persist 49442 3000 3
persist 50021 3000 3
persist 52397 3000 3
persist 50531 3000 3
persist 50464 3000 3
write base data version: 11100, memory: 1405976576 bytes (1340.84 MB)
persist 51120 3000 3
persist 51009 3000 3
persist 64158 4000 4
persist 52135 3000 3
persist 51267 3000 3
persist 51836 3000 3
persist 50261 3000 3
persist 50891 3000 3
persist 49851 3000 3
persist 51890 3000 3
persist 51473 3000 3
persist 51242 3000 3
persist 71687 4000 4
persist 50893 3000 3
persist 50359 3000 3
persist 49719 3000 3
persist 49637 3000 3
persist 50525 3000 3
persist 51518 3000 3
persist 50259 3000 3
persist 49519 3000 3
persist 52415 3000 3
persist 50321 3000 3
persist 51061 3000 3
persist 52447 3000 3
persist 50575 3000 3
persist 50951 3000 3
persist 58995 3000 3
persist 60673 3000 3
persist 60569 3000 3
persist 91485 4000 4
persist 61301 3000 3
persist 61504 3000 3
write base data version: 11200, memory: 1564028928 bytes (1491.57 MB)
persist 60504 3000 3
persist 62022 3000 3
persist 61281 3000 3
persist 60701 3000 3
persist 60812 3000 3
persist 76612 4000 4
persist 60598 3000 3
persist 58334 3000 3
persist 61607 3000 3
persist 88418 4000 4
persist 63198 3000 3
persist 59880 3000 3
persist 60639 3000 3
persist 60883 3000 3
persist 86644 4000 4
persist 60816 3000 3
persist 59749 3000 3
persist 60589 3000 3
persist 53266 3000 3
persist 59963 3000 3
persist 62432 3000 3
persist 61937 3000 3
persist 59711 3000 3
persist 59523 3000 3
persist 90462 4000 4
persist 60400 3000 3
persist 58429 3000 3
persist 57513 3000 3
persist 60019 3000 3
persist 89537 4000 4
persist 58949 3000 3
write base data version: 11300, memory: 1202413568 bytes (1146.71 MB)
persist 59213 3000 3
persist 61661 3000 3
persist 87915 4000 4
persist 59263 3000 3
persist 51328 3000 3
persist 51076 3000 3
persist 53040 3000 3
persist 69882 4000 4
persist 51842 3000 3
persist 52904 3000 3
persist 52093 3000 3
persist 52703 3000 3
persist 52348 3000 3
persist 83145 4000 4
persist 58682 3000 3
persist 60688 3000 3
persist 88021 4000 4
persist 53317 3000 3
persist 53097 3000 3
persist 54424 3000 3
persist 51967 3000 3
persist 53232 3000 3
persist 53570 3000 3
persist 52105 3000 3
persist 52040 3000 3
persist 51991 3000 3
persist 55148 3000 3
persist 79065 4000 4
persist 54597 3000 3
persist 53398 3000 3
persist 47540 3000 3
persist 48110 3000 3
write base data version: 11400, memory: 1316098048 bytes (1255.13 MB)
persist 49297 3000 3
persist 49468 3000 3
persist 51854 3000 3
persist 75877 4000 4
persist 49921 3000 3
persist 49617 3000 3
persist 51626 3000 3
persist 51342 3000 3
persist 50612 3000 3
persist 51516 3000 3
persist 50645 3000 3
persist 51866 3000 3
persist 50321 3000 3
persist 52077 3000 3
persist 50894 3000 3
persist 50765 3000 3
persist 51609 3000 3
persist 51015 3000 3
persist 51771 3000 3
persist 49695 3000 3
persist 48556 3000 3
persist 50053 3000 3
persist 52105 3000 3
persist 52451 3000 3
persist 53264 3000 3
persist 60011 3000 3
persist 58725 3000 3
persist 85115 4000 4
persist 58286 3000 3
persist 59180 3000 3
persist 59670 3000 3
persist 72543 4000 4
write base data version: 11500, memory: 1466994688 bytes (1399.04 MB)
persist 56504 3000 3
persist 70421 4000 4
persist 57781 3000 3
persist 72816 4000 4
persist 51102 3000 3
persist 51430 3000 3
persist 64195 4000 4
persist 51773 3000 3
persist 50175 3000 3
persist 52433 3000 3
persist 70267 4000 4
persist 49217 3000 3
persist 50858 3000 3
persist 51153 3000 3
persist 74102 4000 4
persist 51784 3000 3
persist 52818 3000 3
persist 50987 3000 3
persist 54086 3000 3
persist 54878 3000 3
persist 73800 4000 4
persist 52643 3000 3
persist 53127 3000 3
persist 55237 3000 3
persist 50125 3000 3
persist 51275 3000 3
persist 51318 3000 3
persist 50498 3000 3
persist 50466 3000 3
persist 51101 3000 3
persist 51060 3000 3
persist 55642 3000 3
write base data version: 11600, memory: 1618939904 bytes (1543.94 MB)
persist 50058 3000 3
persist 49392 3000 3
persist 50054 3000 3
persist 50830 3000 3
persist 49860 3000 3
persist 50005 3000 3
persist 50065 3000 3
persist 51705 3000 3
persist 51909 3000 3
persist 51973 3000 3
persist 54827 3000 3
persist 53514 3000 3
persist 50440 3000 3
persist 54365 3000 3
persist 50692 3000 3
persist 52117 3000 3
persist 51780 3000 3
persist 51905 3000 3
persist 60116 3000 3
persist 54370 3000 3
persist 60317 3000 3
persist 70458 4000 4
persist 58353 3000 3
persist 58650 3000 3
persist 52453 3000 3
persist 58373 3000 3
persist 76815 4000 4
persist 58651 3000 3
persist 55089 3000 3
persist 53514 3000 3
persist 57365 3000 3
persist 68601 4000 4
write base data version: 11700, memory: 1261101056 bytes (1202.68 MB)
persist 55792 3000 3
persist 56447 3000 3
persist 68164 4000 4
persist 44488 3000 3
persist 42293 3000 3
persist 42022 3000 3
persist 30771 3000 3
persist 27507 3000 3
persist 22921 3000 3
persist 21760 3000 3
persist 25152 2000 2
persist 23986 3000 3
persist 22559 3000 3
persist 25965 2000 2
persist 24720 3000 3
persist 31334 3000 3
persist 21717 2000 2
persist 24550 3000 3
persist 26229 3000 3
persist 26479 2000 2
persist 24961 3000 3
persist 24702 3000 3
persist 24026 2000 2
persist 23727 3000 3
persist 24388 2000 2
persist 24655 3000 3
persist 25441 3000 3
persist 24757 2000 2
persist 51900 3000 3
persist 48753 3000 3
persist 57820 3000 3
persist 73678 4000 4
persist 59702 3000 3
persist 89749 4000 4
persist 53678 3000 3
write base data version: 11800, memory: 1415872512 bytes (1350.28 MB)
persist 60188 3000 3
persist 59671 3000 3
persist 62274 3000 3
persist 78022 4000 4
persist 55423 3000 3
persist 57305 3000 3
persist 56906 3000 3
persist 81279 4000 4
persist 63132 3000 3
persist 62936 3000 3
persist 62827 3000 3
persist 84273 4000 4
persist 63397 3000 3
persist 56911 3000 3
persist 59479 3000 3
persist 77154 4000 4
persist 59181 3000 3
persist 59748 3000 3
persist 58294 3000 3
persist 51400 3000 3
persist 70222 4000 4
persist 50995 3000 3
persist 50226 3000 3
persist 48171 3000 3
persist 50065 3000 3
persist 50624 3000 3
persist 68631 4000 4
persist 51302 3000 3
persist 51248 3000 3
persist 51652 3000 3
persist 52257 3000 3
write base data version: 11900, memory: 1567117312 bytes (1494.52 MB)
persist 52749 3000 3
persist 52668 3000 3
persist 56092 3000 3
persist 52094 3000 3
persist 46885 3000 3
persist 46587 3000 3
persist 51328 3000 3
persist 55572 3000 3
persist 49553 3000 3
persist 46540 3000 3
persist 55488 3000 3
persist 55466 3000 3
persist 53849 3000 3
persist 50637 3000 3
persist 64003 3000 3
persist 59657 3000 3
persist 79954 4000 4
persist 63270 3000 3
persist 61244 3000 3
persist 63734 3000 3
persist 63362 3000 3
persist 57615 3000 3
persist 58706 3000 3
persist 56759 3000 3
persist 65163 3000 3
persist 56187 3000 3
persist 56573 3000 3
persist 111317 4000 4
persist 59279 3000 3
persist 56970 3000 3
persist 59060 3000 3
persist 54610 3000 3
persist 55753 3000 3
write base data version: 12000, memory: 1201287168 bytes (1145.64 MB)
persist 56448 3000 3
persist 57928 3000 3
persist 56499 3000 3
persist 59802 3000 3
persist 58162 3000 3
persist 60099 3000 3
persist 77626 4000 4
persist 51176 3000 3
persist 51948 3000 3
persist 51696 3000 3
persist 50211 3000 3
persist 50768 3000 3
persist 50535 3000 3
persist 50455 3000 3
persist 49886 3000 3
persist 49845 3000 3
persist 51797 3000 3
persist 49539 3000 3
persist 50005 3000 3
persist 68521 4000 4
persist 51132 3000 3
persist 50302 3000 3
persist 65831 4000 4
persist 48914 3000 3
persist 50392 3000 3
persist 65901 4000 4
persist 51604 3000 3
persist 50786 3000 3
persist 50357 3000 3
persist 52393 3000 3
persist 66020 4000 4
write base data version: 12100, memory: 1344086016 bytes (1281.82 MB)
persist 50618 3000 3
persist 48500 3000 3
persist 51468 3000 3
persist 70597 4000 4
persist 50341 3000 3
persist 48369 3000 3
persist 49851 3000 3
persist 47249 3000 3
persist 47878 3000 3
persist 51139 3000 3
persist 67679 4000 4
persist 49555 3000 3
persist 51621 3000 3
persist 50366 3000 3
persist 48219 3000 3
persist 48574 3000 3
persist 51130 3000 3
persist 49870 3000 3
persist 64576 4000 4
persist 51850 3000 3
persist 52155 3000 3
persist 50040 3000 3
persist 48844 3000 3
persist 49621 3000 3
persist 52029 3000 3
persist 72884 4000 4
persist 49376 3000 3
persist 50011 3000 3
persist 48684 3000 3
persist 50258 3000 3
persist 50786 3000 3
persist 51980 3000 3
write base data version: 12200, memory: 1486700544 bytes (1417.83 MB)
persist 68428 4000 4
persist 49486 3000 3
persist 49001 3000 3
persist 50005 3000 3
persist 46203 3000 3
persist 49542 3000 3
persist 67626 4000 4
persist 48871 3000 3
persist 48248 3000 3
persist 50778 3000 3
persist 48260 3000 3
persist 60516 4000 4
persist 49138 3000 3
persist 48621 3000 3
persist 49175 3000 3
persist 64427 4000 4
persist 49344 3000 3
persist 48665 3000 3
persist 47768 3000 3
persist 49626 3000 3
persist 69357 4000 4
persist 49792 3000 3
persist 48326 3000 3
persist 50453 3000 3
persist 50961 3000 3
persist 51876 3000 3
persist 50948 3000 3
persist 52391 3000 3
persist 53215 3000 3
persist 50830 3000 3
persist 52124 3000 3
persist 53424 3000 3
write base data version: 12300, memory: 1629597696 bytes (1554.11 MB)
persist 52382 3000 3
persist 67927 4000 4
persist 49711 3000 3
persist 58619 3000 3
persist 52635 3000 3
persist 50997 3000 3
persist 50896 3000 3
persist 51449 3000 3
persist 51712 3000 3
persist 50613 3000 3
persist 51554 3000 3
persist 51337 3000 3
persist 54646 3000 3
persist 49272 3000 3
persist 50985 3000 3
persist 53254 3000 3
persist 52597 3000 3
persist 52596 3000 3
persist 52921 3000 3
persist 77901 4000 4
persist 53425 3000 3
persist 52176 3000 3
persist 51471 3000 3
persist 52741 3000 3
persist 52491 3000 3
persist 74925 4000 4
persist 53792 3000 3
persist 53401 3000 3
persist 52599 3000 3
persist 51657 3000 3
persist 52238 3000 3
persist 74561 4000 4
write base data version: 12400, memory: 1272778752 bytes (1213.82 MB)
persist 53291 3000 3
persist 50844 3000 3
persist 55632 3000 3
persist 50508 3000 3
persist 54386 3000 3
persist 53691 3000 3
persist 53432 3000 3
persist 52916 3000 3
persist 70719 4000 4
persist 55193 3000 3
persist 50471 3000 3
persist 54075 3000 3
persist 72717 4000 4
persist 54223 3000 3
persist 51237 3000 3
persist 49506 3000 3
persist 51516 3000 3
persist 51917 3000 3
persist 52415 3000 3
persist 71687 4000 4
persist 52535 3000 3
persist 54277 3000 3
persist 54086 3000 3
persist 55034 3000 3
persist 54424 3000 3
persist 53380 3000 3
persist 53928 3000 3
persist 54423 3000 3
persist 49850 3000 3
persist 72309 4000 4
persist 54168 3000 3
persist 56768 3000 3
write base data version: 12500, memory: 1413976064 bytes (1348.47 MB)
persist 59059 3000 3
persist 60031 3000 3
persist 60227 3000 3
persist 58256 3000 3
persist 50457 3000 3
persist 49884 3000 3
persist 49951 3000 3
persist 51376 3000 3
persist 50516 3000 3
persist 74186 4000 4
persist 51736 3000 3
persist 50199 3000 3
persist 52445 3000 3
persist 38503 2000 2
persist 54168 3000 3
persist 54452 3000 3
persist 50985 3000 3
persist 50105 3000 3
persist 46475 3000 3
persist 43363 3000 3
persist 48393 3000 3
persist 37191 2000 2
persist 51633 3000 3
persist 50925 3000 3
persist 52276 3000 3
persist 50065 3000 3
persist 51217 3000 3
persist 51949 3000 3
persist 51005 3000 3
persist 49375 3000 3
persist 49143 3000 3
persist 53226 3000 3
persist 52178 3000 3
persist 51819 3000 3
write base data version: 12600, memory: 1568301056 bytes (1495.65 MB)
persist 52439 3000 3
persist 51160 3000 3
persist 51614 3000 3
persist 51802 3000 3
persist 51497 3000 3
persist 51813 3000 3
persist 52021 3000 3
persist 51131 3000 3
persist 50238 3000 3
persist 50667 3000 3
persist 50403 3000 3
persist 71041 4000 4
persist 52634 3000 3
persist 53847 3000 3
persist 53190 3000 3
persist 51991 3000 3
persist 52884 3000 3
persist 53299 3000 3
persist 71280 4000 4
persist 55411 3000 3
persist 54470 3000 3
persist 53896 3000 3
persist 49092 3000 3
persist 49201 3000 3
persist 50585 3000 3
persist 52279 3000 3
persist 51782 3000 3
persist 51357 3000 3
persist 73409 4000 4
persist 51923 3000 3
persist 52669 3000 3
persist 52211 3000 3
write base data version: 12700, memory: 1720856576 bytes (1641.14 MB)
persist 59547 3000 3
persist 52283 3000 3
persist 53075 3000 3
persist 50715 3000 3
persist 55229 3000 3
persist 50423 3000 3
persist 46854 3000 3
persist 46129 3000 3
persist 51975 3000 3
persist 50055 3000 3
persist 50531 3000 3
persist 48975 3000 3
persist 49646 3000 3
persist 50557 3000 3
persist 50456 3000 3
persist 49548 3000 3
persist 48414 3000 3
persist 49872 3000 3
persist 53141 3000 3
persist 50141 3000 3
persist 71353 4000 4
persist 49751 3000 3
persist 50958 3000 3
persist 51012 3000 3
persist 51282 3000 3
persist 51413 3000 3
persist 52006 3000 3
persist 50258 3000 3
persist 48896 3000 3
persist 48633 3000 3
persist 48978 3000 3
persist 49593 3000 3
persist 48073 3000 3
write base data version: 12800, memory: 1360093184 bytes (1297.09 MB)
persist 49551 3000 3
persist 49594 3000 3
persist 48753 3000 3
persist 50197 3000 3
persist 49706 3000 3
persist 49198 3000 3
persist 52667 3000 3
persist 50877 3000 3
persist 79689 4000 4
persist 51546 3000 3
persist 52007 3000 3
persist 58139 3000 3
persist 60142 3000 3
persist 60678 3000 3
persist 61629 3000 3
persist 60918 3000 3
persist 55627 3000 3
persist 56202 3000 3
persist 57263 3000 3
persist 56324 3000 3
persist 56936 3000 3
persist 58390 3000 3
persist 55102 3000 3
persist 60529 3000 3
persist 59032 3000 3
persist 60227 3000 3
persist 60884 3000 3
persist 60290 3000 3
persist 62077 3000 3
persist 59933 3000 3
persist 60542 3000 3
persist 56870 3000 3
persist 59744 3000 3
write base data version: 12900, memory: 1508245504 bytes (1438.38 MB)
persist 85008 4000 4
persist 59335 3000 3
persist 52425 3000 3
persist 52571 3000 3
persist 51039 3000 3
persist 50042 3000 3
persist 51015 3000 3
persist 69361 4000 4
persist 51170 3000 3
persist 51845 3000 3
persist 52104 3000 3
persist 52214 3000 3
persist 52111 3000 3
persist 51338 3000 3
persist 49186 3000 3
persist 50908 3000 3
persist 51907 3000 3
persist 53011 3000 3
persist 68349 4000 4
persist 50695 3000 3
persist 52232 3000 3
persist 51068 3000 3
persist 52200 3000 3
persist 51918 3000 3
persist 52099 3000 3
persist 51114 3000 3
persist 52540 3000 3
persist 54657 3000 3
persist 52117 3000 3
persist 68983 4000 4
persist 51595 3000 3
persist 53243 3000 3
write base data version: 13000, memory: 1655533568 bytes (1578.84 MB)
persist 53224 3000 3
persist 53267 3000 3
persist 51247 3000 3
persist 50334 3000 3
persist 52332 3000 3
persist 55195 3000 3
persist 52962 3000 3
persist 74083 4000 4
persist 60985 3000 3
persist 61064 3000 3
persist 55831 3000 3
persist 56177 3000 3
persist 57155 3000 3
persist 56135 3000 3
persist 56488 3000 3
persist 57735 3000 3
persist 60926 3000 3
persist 79109 4000 4
persist 53959 3000 3
persist 49598 3000 3
persist 49559 3000 3
persist 48249 3000 3
persist 48091 3000 3
persist 48164 3000 3
persist 58956 3000 3
persist 49682 3000 3
persist 51615 3000 3
persist 57768 3000 3
persist 56108 3000 3
persist 52160 3000 3
persist 52778 3000 3
persist 38322 2000 2
persist 54177 3000 3
write base data version: 13100, memory: 1298546688 bytes (1238.39 MB)
persist 48060 3000 3
persist 53699 3000 3
persist 39050 2000 2
persist 52399 3000 3
persist 52872 3000 3
persist 54390 3000 3
persist 49494 3000 3
persist 45154 3000 3
persist 50009 3000 3
persist 48355 3000 3
persist 51151 3000 3
persist 40530 2000 2
persist 52712 3000 3
persist 53123 3000 3
persist 53644 3000 3
persist 51695 3000 3
persist 50861 3000 3
persist 52767 3000 3
persist 52566 3000 3
persist 54077 3000 3
persist 50357 3000 3
persist 50475 3000 3
persist 48719 3000 3
persist 46255 3000 3
persist 46821 3000 3
persist 52343 3000 3
persist 51732 3000 3
persist 52032 3000 3
persist 52314 3000 3
persist 52625 3000 3
persist 52722 3000 3
persist 74710 4000 4
persist 47549 3000 3
persist 49247 3000 3
write base data version: 13200, memory: 1460944896 bytes (1393.27 MB)
persist 48051 3000 3
persist 46890 3000 3
persist 57961 3000 3
persist 59770 3000 3
persist 50430 3000 3
persist 72278 4000 4
persist 48464 3000 3
persist 49462 3000 3
persist 48621 3000 3
persist 50715 3000 3
persist 50706 3000 3
persist 71109 4000 4
persist 50899 3000 3
persist 52397 3000 3
persist 51797 3000 3
persist 49524 3000 3
persist 49703 3000 3
persist 68022 4000 4
persist 50239 3000 3
persist 49300 3000 3
persist 50261 3000 3
persist 51955 3000 3
persist 71454 4000 4
persist 52309 3000 3
persist 51948 3000 3
persist 50609 3000 3
persist 53278 3000 3
persist 75018 4000 4
persist 50967 3000 3
persist 50822 3000 3
persist 50461 3000 3
write base data version: 13300, memory: 1598791680 bytes (1524.73 MB)
persist 49788 3000 3
persist 52128 3000 3
persist 50299 3000 3
persist 68735 4000 4
persist 51971 3000 3
persist 51625 3000 3
persist 51834 3000 3
persist 49549 3000 3
persist 51003 3000 3
persist 55426 3000 3
persist 76999 4000 4
persist 53381 3000 3
persist 51617 3000 3
persist 53244 3000 3
persist 52692 3000 3
persist 53760 3000 3
persist 49888 3000 3
persist 52441 3000 3
persist 51278 3000 3
persist 49597 3000 3
persist 51137 3000 3
persist 51190 3000 3
persist 70068 4000 4
persist 49052 3000 3
persist 51892 3000 3
persist 52245 3000 3
persist 54577 3000 3
persist 52401 3000 3
persist 52965 3000 3
persist 52777 3000 3
persist 52638 3000 3
persist 47839 3000 3
persist 49312 3000 3
write base data version: 13400, memory: 1745813504 bytes (1664.94 MB)
persist 88294 3000 3
persist 52087 3000 3
persist 51836 3000 3
persist 52608 3000 3
persist 53581 3000 3
persist 74730 4000 4
persist 53576 3000 3
persist 49003 3000 3
persist 45140 3000 3
persist 45675 3000 3
persist 43556 3000 3
persist 52434 3000 3
persist 42721 2000 2
persist 57900 3000 3
persist 59700 3000 3
persist 58709 3000 3
persist 59963 3000 3
persist 59958 3000 3
persist 59240 3000 3
persist 60589 3000 3
persist 58563 3000 3
persist 85525 4000 4
persist 58652 3000 3
persist 59918 3000 3
persist 56534 3000 3
persist 60758 3000 3
persist 77081 4000 4
persist 58952 3000 3
persist 60339 3000 3
persist 61462 3000 3
persist 59428 3000 3
persist 85320 4000 4
write base data version: 13500, memory: 1389113344 bytes (1324.76 MB)
persist 54015 3000 3
persist 54950 3000 3
persist 53216 3000 3
persist 53116 3000 3
persist 53922 3000 3
persist 51414 3000 3
persist 52159 3000 3
persist 51424 3000 3
persist 68167 4000 4
persist 51263 3000 3
persist 50394 3000 3
persist 51837 3000 3
persist 64934 4000 4
persist 49420 3000 3
persist 51221 3000 3
persist 69320 4000 4
persist 50909 3000 3
persist 53321 3000 3
persist 52811 3000 3
persist 63690 4000 4
persist 49708 3000 3
persist 51636 3000 3
persist 51014 3000 3
persist 65473 4000 4
persist 47335 3000 3
persist 45759 3000 3
persist 47033 3000 3
persist 62899 4000 4
persist 47519 3000 3
persist 47539 3000 3
persist 47123 3000 3
write base data version: 13600, memory: 1531682816 bytes (1460.73 MB)
persist 50025 3000 3
persist 68571 4000 4
persist 47386 3000 3
persist 48506 3000 3
persist 49542 3000 3
persist 47914 3000 3
persist 49431 3000 3
persist 68476 4000 4
persist 48474 3000 3
persist 48738 3000 3
persist 47930 3000 3
persist 47700 3000 3
persist 47971 3000 3
persist 66432 4000 4
persist 48666 3000 3
persist 49677 3000 3
persist 47826 3000 3
persist 49067 3000 3
persist 48371 3000 3
persist 62449 4000 4
persist 48433 3000 3
persist 49460 3000 3
persist 47952 3000 3
persist 50586 3000 3
persist 70357 4000 4
persist 48314 3000 3
persist 50485 3000 3
persist 50177 3000 3
persist 48967 3000 3
persist 48634 3000 3
persist 50067 3000 3
persist 65629 4000 4
write base data version: 13700, memory: 1674473472 bytes (1596.90 MB)
persist 49550 3000 3
persist 50639 3000 3
persist 50317 3000 3
persist 47791 3000 3
persist 48328 3000 3
persist 48292 3000 3
persist 49642 3000 3
persist 68353 4000 4
persist 49526 3000 3
persist 51714 3000 3
persist 52441 3000 3
persist 51992 3000 3
persist 52317 3000 3
persist 53470 3000 3
persist 76505 4000 4
persist 54409 3000 3
persist 53277 3000 3
persist 52045 3000 3
persist 53550 3000 3
persist 62319 4000 4
persist 49429 3000 3
persist 49584 3000 3
persist 51193 3000 3
persist 51228 3000 3
persist 50397 3000 3
persist 52337 3000 3
persist 56565 3000 3
persist 48598 3000 3
persist 48852 3000 3
persist 50897 3000 3
persist 51884 3000 3
persist 53725 3000 3
write base data version: 13800, memory: 1823629312 bytes (1739.15 MB)
persist 52036 3000 3
persist 38493 2000 2
persist 53178 3000 3
persist 53610 3000 3
persist 53075 3000 3
persist 54112 3000 3
persist 54134 3000 3
persist 54233 3000 3
persist 53777 3000 3
persist 52974 3000 3
persist 53724 3000 3
persist 55213 3000 3
persist 56034 3000 3
persist 52753 3000 3
persist 53733 3000 3
persist 53004 3000 3
persist 54403 3000 3
persist 54816 3000 3
persist 52962 3000 3
persist 54724 3000 3
persist 52323 3000 3
persist 54393 3000 3
persist 51844 3000 3
persist 55258 3000 3
persist 52702 3000 3
persist 48205 3000 3
persist 49746 3000 3
persist 55174 3000 3
persist 39180 2000 2
persist 53779 3000 3
persist 53177 3000 3
persist 54018 3000 3
persist 54547 3000 3
persist 56495 3000 3
write base data version: 13900, memory: 1466388480 bytes (1398.46 MB)
persist 56807 3000 3
persist 58694 3000 3
persist 50453 3000 3
persist 44427 3000 3
persist 48707 3000 3
persist 52957 3000 3
persist 37719 2000 2
persist 54105 3000 3
persist 55382 3000 3
persist 54092 3000 3
persist 54240 3000 3
persist 50064 3000 3
persist 41259 3000 3
persist 49750 3000 3
persist 34947 2000 2
persist 50538 3000 3
persist 52648 3000 3
persist 48284 3000 3
persist 43778 3000 3
persist 47553 3000 3
persist 36252 2000 2
persist 51098 3000 3
persist 51539 3000 3
persist 51633 3000 3
persist 52771 3000 3
persist 51701 3000 3
persist 52288 3000 3
persist 53372 3000 3
persist 50122 3000 3
persist 43465 3000 3
persist 45067 3000 3
persist 47646 3000 3
persist 34904 2000 2
persist 52420 3000 3
persist 51479 3000 3
write base data version: 14000, memory: 1608585216 bytes (1534.07 MB)
persist 52452 3000 3
persist 52356 3000 3
persist 49939 3000 3
persist 46309 3000 3
persist 45844 3000 3
persist 47224 3000 3
persist 53858 3000 3
persist 53323 3000 3
persist 48552 3000 3
persist 44867 3000 3
persist 43801 3000 3
persist 48640 3000 3
persist 50435 3000 3
persist 48673 3000 3
persist 47078 3000 3
persist 44684 3000 3
persist 45806 3000 3
persist 44541 3000 3
persist 47341 3000 3
persist 38823 2000 2
persist 52303 3000 3
persist 53028 3000 3
persist 52813 3000 3
persist 53927 3000 3
persist 52760 3000 3
persist 52857 3000 3
persist 54578 3000 3
persist 52719 3000 3
persist 53267 3000 3
persist 54456 3000 3
persist 54511 3000 3
persist 55014 3000 3
persist 55503 3000 3
write base data version: 14100, memory: 1758355456 bytes (1676.90 MB)
persist 55712 3000 3
persist 56655 3000 3
persist 55515 3000 3
persist 51744 3000 3
persist 49934 3000 3
persist 46953 3000 3
persist 49687 3000 3
persist 37936 2000 2
persist 50594 3000 3
persist 51414 3000 3
persist 52769 3000 3
persist 52380 3000 3
persist 52216 3000 3
persist 53150 3000 3
persist 48763 3000 3
persist 48988 3000 3
persist 52286 3000 3
persist 37355 2000 2
persist 51371 3000 3
persist 51074 3000 3
persist 51841 3000 3
persist 51202 3000 3
persist 52048 3000 3
persist 43621 3000 3
persist 44697 3000 3
persist 53858 3000 3
persist 37307 2000 2
persist 51939 3000 3
persist 53023 3000 3
persist 53546 3000 3
persist 49834 3000 3
persist 45414 3000 3
persist 37836 2000 2
persist 52651 3000 3
persist 53607 3000 3
write base data version: 14200, memory: 1396424704 bytes (1331.73 MB)
persist 53283 3000 3
persist 52556 3000 3
persist 52765 3000 3
persist 53608 3000 3
persist 53602 3000 3
persist 43254 3000 3
persist 52221 3000 3
persist 39496 2000 2
persist 52201 3000 3
persist 52167 3000 3
persist 53388 3000 3
persist 51956 3000 3
persist 48918 3000 3
persist 45682 3000 3
persist 38773 2000 2
persist 53735 3000 3
persist 52848 3000 3
persist 52634 3000 3
persist 52537 3000 3
persist 52887 3000 3
persist 46219 3000 3
persist 46888 3000 3
persist 37397 2000 2
persist 54559 3000 3
persist 52130 3000 3
persist 51785 3000 3
persist 52689 3000 3
persist 51369 3000 3
persist 48237 3000 3
persist 45172 3000 3
persist 48464 3000 3
persist 37534 2000 2
persist 53526 3000 3
persist 53200 3000 3
persist 52088 3000 3
write base data version: 14300, memory: 1549955072 bytes (1478.15 MB)
persist 52900 3000 3
persist 47213 3000 3
persist 49501 3000 3
persist 50143 3000 3
persist 50466 3000 3
persist 64144 4000 4
persist 51055 3000 3
persist 51026 3000 3
persist 48031 3000 3
persist 49051 3000 3
persist 61975 4000 4
persist 51604 3000 3
persist 50978 3000 3
persist 50409 3000 3
persist 50778 3000 3
persist 48745 3000 3
persist 50227 3000 3
persist 51059 3000 3
persist 52284 3000 3
persist 52465 3000 3
persist 52663 3000 3
persist 52296 3000 3
persist 52961 3000 3
persist 52829 3000 3
persist 52429 3000 3
persist 51548 3000 3
persist 51289 3000 3
persist 53319 3000 3
persist 51161 3000 3
persist 51061 3000 3
persist 74531 4000 4
persist 52762 3000 3
write base data version: 14400, memory: 1692471296 bytes (1614.07 MB)
persist 51508 3000 3
persist 50509 3000 3
persist 49856 3000 3
persist 49244 3000 3
persist 51376 3000 3
persist 51482 3000 3
persist 51358 3000 3
persist 52465 3000 3
persist 49614 3000 3
persist 49228 3000 3
persist 50629 3000 3
persist 51635 3000 3
persist 51153 3000 3
persist 52824 3000 3
persist 51352 3000 3
persist 52223 3000 3
persist 47400 3000 3
persist 45937 3000 3
persist 44078 3000 3
persist 43650 3000 3
persist 52303 3000 3
persist 53064 3000 3
persist 53042 3000 3
persist 38477 2000 2
persist 51967 3000 3
persist 54013 3000 3
persist 53296 3000 3
persist 53153 3000 3
persist 53770 3000 3
persist 49872 3000 3
persist 50390 3000 3
persist 50729 3000 3
persist 52431 3000 3
persist 52222 3000 3
write base data version: 14500, memory: 1835659264 bytes (1750.62 MB)
persist 48526 3000 3
persist 47083 3000 3
persist 36538 2000 2
persist 51498 3000 3
persist 51053 3000 3
persist 51581 3000 3
persist 52259 3000 3
persist 52514 3000 3
persist 48607 3000 3
persist 36715 2000 2
persist 51764 3000 3
persist 52233 3000 3
persist 52133 3000 3
persist 52280 3000 3
persist 52436 3000 3
persist 52974 3000 3
persist 53755 3000 3
persist 52126 3000 3
persist 52136 3000 3
persist 52234 3000 3
persist 50867 3000 3
persist 50963 3000 3
persist 52096 3000 3
persist 55383 3000 3
persist 54489 3000 3
persist 55999 3000 3
persist 53173 3000 3
persist 54006 3000 3
persist 53983 3000 3
persist 53007 3000 3
persist 55369 3000 3
persist 53257 3000 3
persist 57216 3000 3
persist 53670 3000 3
write base data version: 14600, memory: 1483595776 bytes (1414.87 MB)
persist 55974 3000 3
persist 53059 3000 3
persist 56912 3000 3
persist 54558 3000 3
persist 55410 3000 3
persist 57443 3000 3
persist 52434 3000 3
persist 53133 3000 3
persist 51083 3000 3
persist 43738 3000 3
persist 48563 3000 3
persist 48651 3000 3
persist 54345 3000 3
persist 39479 2000 2
persist 54997 3000 3
persist 55340 3000 3
persist 52963 3000 3
persist 51189 3000 3
persist 50381 3000 3
persist 52546 3000 3
persist 47189 3000 3
persist 50221 3000 3
persist 38297 2000 2
persist 51152 3000 3
persist 50954 3000 3
persist 52403 3000 3
persist 49940 3000 3
persist 51260 3000 3
persist 51334 3000 3
persist 52225 3000 3
persist 44011 3000 3
persist 48241 3000 3
persist 51533 3000 3
persist 36775 2000 2
write base data version: 14700, memory: 1627926528 bytes (1552.51 MB)
persist 52582 3000 3
persist 52292 3000 3
persist 52236 3000 3
persist 50413 3000 3
persist 43801 3000 3
persist 53171 3000 3
persist 37273 2000 2
persist 53609 3000 3
persist 52666 3000 3
persist 52805 3000 3
persist 53727 3000 3
persist 49341 3000 3
persist 45921 3000 3
persist 37677 2000 2
persist 52802 3000 3
persist 55502 3000 3
persist 55684 3000 3
persist 44608 3000 3
persist 48774 3000 3
persist 36151 2000 2
persist 48923 3000 3
persist 25622 3000 3
persist 24160 2000 2
persist 45553 3000 3
persist 44312 3000 3
persist 54578 3000 3
persist 39794 2000 2
persist 52313 3000 3
persist 52081 3000 3
persist 47390 3000 3
persist 48744 3000 3
persist 40900 2000 2
persist 54809 3000 3
persist 55443 3000 3
persist 53876 3000 3
write base data version: 14800, memory: 1775124480 bytes (1692.89 MB)
persist 53004 3000 3
persist 52137 3000 3
persist 52736 3000 3
persist 56348 3000 3
persist 49251 3000 3
persist 49438 3000 3
persist 47247 3000 3
persist 45253 3000 3
persist 45813 3000 3
persist 52492 3000 3
persist 37705 2000 2
persist 51603 3000 3
persist 53737 3000 3
persist 52191 3000 3
persist 51744 3000 3
persist 52341 3000 3
persist 53656 3000 3
persist 50047 3000 3
persist 50211 3000 3
persist 50415 3000 3
persist 51906 3000 3
persist 49975 3000 3
persist 51385 3000 3
persist 51988 3000 3
persist 50783 3000 3
persist 49847 3000 3
persist 50372 3000 3
persist 49922 3000 3
persist 50258 3000 3
persist 50046 3000 3
persist 49568 3000 3
persist 72996 3000 3
persist 51084 3000 3
persist 52733 3000 3
write base data version: 14900, memory: 1407455232 bytes (1342.25 MB)
persist 50417 3000 3
persist 49843 3000 3
persist 48124 3000 3
persist 48945 3000 3
persist 50001 3000 3
persist 49652 3000 3
persist 50311 3000 3
persist 53099 3000 3
persist 56651 3000 3
persist 50994 3000 3
persist 51447 3000 3
persist 51601 3000 3
persist 51399 3000 3
persist 51702 3000 3
persist 54259 3000 3
persist 53748 3000 3
persist 54551 3000 3
persist 53355 3000 3
persist 51517 3000 3
persist 44949 3000 3
persist 50401 3000 3
persist 51807 3000 3
persist 53817 3000 3
persist 37616 2000 2
persist 51379 3000 3
persist 50085 3000 3
persist 43454 3000 3
persist 48887 3000 3
persist 37201 2000 2
persist 52750 3000 3
persist 53417 3000 3
persist 53043 3000 3
persist 53598 3000 3
persist 53393 3000 3
write base data version: 15000, memory: 1549930496 bytes (1478.13 MB)
persist 54016 3000 3
persist 51671 3000 3
persist 46291 3000 3
persist 47507 3000 3
persist 52643 3000 3
persist 37801 2000 2
persist 52964 3000 3
persist 52916 3000 3
persist 54443 3000 3
persist 47022 3000 3
persist 54590 3000 3
persist 36045 2000 2
persist 50909 3000 3
persist 52421 3000 3
persist 51110 3000 3
persist 47223 3000 3
persist 45728 3000 3
persist 46062 3000 3
persist 36932 2000 2
persist 53285 3000 3
persist 50754 3000 3
persist 53684 3000 3
persist 48013 3000 3
persist 48952 3000 3
persist 36899 2000 2
persist 52504 3000 3
persist 52025 3000 3
persist 55917 3000 3
persist 54130 3000 3
persist 54967 3000 3
persist 48517 3000 3
persist 45361 3000 3
persist 37730 2000 2
persist 54659 3000 3
persist 52715 3000 3
write base data version: 15100, memory: 1692819456 bytes (1614.40 MB)
persist 52872 3000 3
persist 50899 3000 3
persist 44488 3000 3
persist 46785 3000 3
persist 53267 3000 3
persist 37250 2000 2
persist 53098 3000 3
persist 53892 3000 3
persist 48218 3000 3
persist 47090 3000 3
persist 37718 2000 2
persist 54373 3000 3
persist 53759 3000 3
persist 53388 3000 3
persist 52538 3000 3
persist 53851 3000 3
persist 51962 3000 3
persist 54463 3000 3
persist 50451 3000 3
persist 51239 3000 3
persist 55261 3000 3
persist 50523 3000 3
persist 50725 3000 3
persist 51242 3000 3
persist 51575 3000 3
persist 52120 3000 3
persist 53041 3000 3
persist 52908 3000 3
persist 53982 3000 3
persist 53497 3000 3
persist 52622 3000 3
persist 52634 3000 3
persist 53614 3000 3
persist 55641 3000 3
write base data version: 15200, memory: 1835413504 bytes (1750.39 MB)
persist 55013 3000 3
persist 54912 3000 3
persist 53921 3000 3
persist 54769 3000 3
persist 52633 3000 3
persist 51111 3000 3
persist 52747 3000 3
persist 51430 3000 3
persist 51224 3000 3
persist 51629 3000 3
persist 51762 3000 3
persist 45615 3000 3
persist 50828 3000 3
persist 37862 2000 2
persist 53713 3000 3
persist 53005 3000 3
persist 52744 3000 3
persist 52680 3000 3
persist 50765 3000 3
persist 36065 2000 2
persist 52675 3000 3
persist 48035 3000 3
persist 44956 3000 3
persist 51716 3000 3
persist 38050 2000 2
persist 51914 3000 3
persist 53428 3000 3
persist 52204 3000 3
persist 44003 3000 3
persist 52384 3000 3
persist 37044 2000 2
persist 53052 3000 3
persist 54291 3000 3
persist 54363 3000 3
persist 44865 3000 3
write base data version: 15300, memory: 1473318912 bytes (1405.07 MB)
persist 53301 3000 3
persist 38818 2000 2
persist 55220 3000 3
persist 46740 3000 3
persist 48273 3000 3
persist 36948 2000 2
persist 51161 3000 3
persist 50283 3000 3
persist 51918 3000 3
persist 49974 3000 3
persist 43407 3000 3
persist 46759 3000 3
persist 37025 2000 2
persist 52129 3000 3
persist 53285 3000 3
persist 52265 3000 3
persist 44579 3000 3
persist 47165 3000 3
persist 36341 2000 2
persist 52744 3000 3
persist 54603 3000 3
persist 54151 3000 3
persist 48083 3000 3
persist 48283 3000 3
persist 39386 2000 2
persist 52457 3000 3
persist 51401 3000 3
persist 47209 3000 3
persist 56936 3000 3
persist 38687 2000 2
persist 55744 3000 3
persist 55604 3000 3
persist 50557 3000 3
persist 51736 3000 3
persist 35823 2000 2
write base data version: 15400, memory: 1629114368 bytes (1553.64 MB)
persist 50727 3000 3
persist 50856 3000 3
persist 43967 3000 3
persist 52169 3000 3
persist 37495 2000 2
persist 52877 3000 3
persist 54145 3000 3
persist 52296 3000 3
persist 52142 3000 3
persist 52959 3000 3
persist 52782 3000 3
persist 48894 3000 3
persist 48770 3000 3
persist 50230 3000 3
persist 52069 3000 3
persist 50071 3000 3
persist 52915 3000 3
persist 52670 3000 3
persist 51365 3000 3
persist 52951 3000 3
persist 49639 3000 3
persist 49202 3000 3
persist 51288 3000 3
persist 51472 3000 3
persist 53280 3000 3
persist 52197 3000 3
persist 51683 3000 3
persist 49923 3000 3
persist 51494 3000 3
persist 49896 3000 3
persist 47516 3000 3
persist 49976 3000 3
persist 71819 4000 4
persist 49690 3000 3
write base data version: 15500, memory: 1784668160 bytes (1701.99 MB)
persist 49457 3000 3
persist 49601 3000 3
persist 49916 3000 3
persist 52121 3000 3
persist 50581 3000 3
persist 49937 3000 3
persist 52220 3000 3
persist 51313 3000 3
persist 51665 3000 3
persist 52244 3000 3
persist 50593 3000 3
persist 52232 3000 3
persist 51034 3000 3
persist 54414 3000 3
persist 54910 3000 3
persist 49692 3000 3
persist 49894 3000 3
persist 51734 3000 3
persist 49485 3000 3
persist 51991 3000 3
persist 49408 3000 3
persist 69648 4000 4
persist 50922 3000 3
persist 51725 3000 3
persist 52252 3000 3
persist 48075 3000 3
persist 83101 3000 3
persist 51580 3000 3
persist 53155 3000 3
persist 50744 3000 3
persist 50754 3000 3
persist 49693 3000 3
persist 51184 3000 3
write base data version: 15600, memory: 1929486336 bytes (1840.10 MB)
persist 51602 3000 3
persist 50697 3000 3
persist 50441 3000 3
persist 50571 3000 3
persist 49910 3000 3
persist 49599 3000 3
persist 75393 3000 3
persist 50407 3000 3
persist 49993 3000 3
persist 47950 3000 3
persist 50295 3000 3
persist 49950 3000 3
persist 51656 3000 3
persist 47810 3000 3
persist 48731 3000 3
persist 50674 3000 3
persist 48778 3000 3
persist 72653 4000 4
persist 49644 3000 3
persist 50844 3000 3
persist 50732 3000 3
persist 49409 3000 3
persist 50005 3000 3
persist 50982 3000 3
persist 49054 3000 3
persist 49208 3000 3
persist 47253 3000 3
persist 48109 3000 3
persist 48210 3000 3
persist 49723 3000 3
persist 62558 4000 4
persist 51052 3000 3
write base data version: 15700, memory: 1566887936 bytes (1494.30 MB)
persist 51396 3000 3
persist 58240 3000 3
persist 51436 3000 3
persist 50886 3000 3
persist 50555 3000 3
persist 49894 3000 3
persist 49192 3000 3
persist 48464 3000 3
persist 48244 3000 3
persist 48966 3000 3
persist 50739 3000 3
persist 62741 4000 4
persist 49434 3000 3
persist 51863 3000 3
persist 51106 3000 3
persist 52302 3000 3
persist 51133 3000 3
persist 54107 3000 3
persist 54907 3000 3
persist 52427 3000 3
persist 47705 3000 3
persist 47847 3000 3
persist 46978 3000 3
persist 48022 3000 3
persist 48147 3000 3
persist 48839 3000 3
persist 53766 3000 3
persist 50200 3000 3
persist 49065 3000 3
persist 49395 3000 3
persist 48463 3000 3
persist 55581 3000 3
persist 56088 3000 3
write base data version: 15800, memory: 1698148352 bytes (1619.48 MB)
persist 57205 3000 3
persist 50083 3000 3
persist 49664 3000 3
persist 49326 3000 3
persist 48682 3000 3
persist 47141 3000 3
persist 48000 3000 3
persist 47284 3000 3
persist 47841 3000 3
persist 49827 3000 3
persist 68814 4000 4
persist 49501 3000 3
persist 47995 3000 3
persist 49891 3000 3
persist 48508 3000 3
persist 47712 3000 3
persist 48615 3000 3
persist 49433 3000 3
persist 49208 3000 3
persist 48856 3000 3
persist 49655 3000 3
persist 47627 3000 3
persist 47850 3000 3
persist 48121 3000 3
persist 49883 3000 3
persist 71537 4000 4
persist 51116 3000 3
persist 49631 3000 3
persist 50355 3000 3
persist 50838 3000 3
persist 50003 3000 3
persist 49943 3000 3
persist 46714 3000 3
write base data version: 15900, memory: 1840824320 bytes (1755.55 MB)
persist 48119 3000 3
persist 49849 3000 3
persist 56199 3000 3
persist 51128 3000 3
persist 50647 3000 3
persist 50078 3000 3
persist 49453 3000 3
persist 52888 3000 3
persist 52959 3000 3
persist 51933 3000 3
persist 46249 3000 3
persist 45229 3000 3
persist 44684 3000 3
persist 48959 3000 3
persist 44861 3000 3
persist 45614 3000 3
persist 50139 3000 3
persist 36671 2000 2
persist 51342 3000 3
persist 52293 3000 3
persist 49498 3000 3
persist 47972 3000 3
persist 43327 3000 3
persist 51473 3000 3
persist 48128 3000 3
persist 43177 3000 3
persist 47439 3000 3
persist 46061 3000 3
persist 50422 3000 3
persist 36037 2000 2
persist 51087 3000 3
persist 52281 3000 3
persist 50222 3000 3
persist 51712 3000 3
write base data version: 16000, memory: 1471721472 bytes (1403.54 MB)
persist 51798 3000 3
persist 52387 3000 3
persist 52837 3000 3
persist 52168 3000 3
persist 52804 3000 3
persist 51446 3000 3
persist 53184 3000 3
persist 53400 3000 3
persist 51233 3000 3
persist 54073 3000 3
persist 52644 3000 3
persist 52426 3000 3
persist 52002 3000 3
persist 46798 3000 3
persist 56727 3000 3
persist 50646 3000 3
persist 38145 2000 2
persist 53914 3000 3
persist 44507 3000 3
persist 52891 3000 3
persist 36913 2000 2
persist 52178 3000 3
persist 51980 3000 3
persist 50795 3000 3
persist 48494 3000 3
persist 50263 3000 3
persist 47808 3000 3
persist 44166 3000 3
persist 43202 3000 3
persist 41302 3000 3
persist 45423 3000 3
persist 34595 2000 2
persist 49753 3000 3
persist 50211 3000 3
write base data version: 16100, memory: 1629945856 bytes (1554.44 MB)
persist 50298 3000 3
persist 50765 3000 3
persist 53373 3000 3
persist 54290 3000 3
persist 53126 3000 3
persist 53198 3000 3
persist 53870 3000 3
persist 52010 3000 3
persist 48322 3000 3
persist 35944 2000 2
persist 50768 3000 3
persist 51655 3000 3
persist 51084 3000 3
persist 51705 3000 3
persist 51612 3000 3
persist 48214 3000 3
persist 44102 3000 3
persist 44995 3000 3
persist 37389 2000 2
persist 50352 3000 3
persist 50636 3000 3
persist 51772 3000 3
persist 51183 3000 3
persist 51320 3000 3
persist 46862 3000 3
persist 44696 3000 3
persist 36314 2000 2
persist 51483 3000 3
persist 52157 3000 3
persist 42980 3000 3
persist 51896 3000 3
persist 37011 2000 2
persist 51536 3000 3
persist 48303 3000 3
persist 35803 2000 2
write base data version: 16200, memory: 1788932096 bytes (1706.06 MB)
persist 50683 3000 3
persist 42502 3000 3
persist 41668 3000 3
persist 48410 3000 3
persist 36141 2000 2
persist 50450 3000 3
persist 51002 3000 3
persist 50205 3000 3
persist 50354 3000 3
persist 51347 3000 3
persist 50471 3000 3
persist 47346 3000 3
persist 40313 3000 3
persist 43168 3000 3
persist 47229 3000 3
persist 34174 2000 2
persist 49299 3000 3
persist 50797 3000 3
persist 48776 3000 3
persist 49367 3000 3
persist 49067 3000 3
persist 47069 3000 3
persist 48506 3000 3
persist 66375 4000 4
persist 50310 3000 3
persist 50727 3000 3
persist 50015 3000 3
persist 49012 3000 3
persist 51648 3000 3
persist 73763 4000 4
persist 52670 3000 3
persist 52631 3000 3
persist 50684 3000 3
write base data version: 16300, memory: 1931563008 bytes (1842.08 MB)
persist 53069 3000 3
persist 70212 4000 4
persist 49532 3000 3
persist 48138 3000 3
persist 48933 3000 3
persist 49469 3000 3
persist 52430 3000 3
persist 47700 3000 3
persist 48010 3000 3
persist 48838 3000 3
persist 43150 3000 3
persist 46355 3000 3
persist 47983 3000 3
persist 46753 3000 3
persist 36557 2000 2
persist 50206 3000 3
persist 89452 3000 3
persist 51198 3000 3
persist 36513 2000 2
persist 47336 3000 3
persist 47590 3000 3
persist 47606 3000 3
persist 48019 3000 3
persist 46329 3000 3
persist 46213 3000 3
persist 46650 3000 3
persist 45929 3000 3
persist 46530 3000 3
persist 45880 3000 3
persist 49224 3000 3
persist 66691 4000 4
persist 47757 3000 3
persist 47219 3000 3
persist 47944 3000 3
write base data version: 16400, memory: 1554350080 bytes (1482.34 MB)
persist 47149 3000 3
persist 49414 3000 3
persist 49332 3000 3
persist 48155 3000 3
persist 49316 3000 3
persist 50070 3000 3
persist 49425 3000 3
persist 47324 3000 3
persist 48370 3000 3
persist 47917 3000 3
persist 48163 3000 3
persist 49636 3000 3
persist 48332 3000 3
persist 48518 3000 3
persist 50112 3000 3
persist 49292 3000 3
persist 50903 3000 3
persist 53698 3000 3
persist 50687 3000 3
persist 51361 3000 3
persist 52494 3000 3
persist 52132 3000 3
persist 50945 3000 3
persist 52700 3000 3
persist 50339 3000 3
persist 42816 3000 3
persist 45202 3000 3
persist 50152 3000 3
persist 51550 3000 3
persist 48353 3000 3
persist 41828 3000 3
persist 43804 3000 3
persist 44867 3000 3
write base data version: 16500, memory: 1697193984 bytes (1618.57 MB)
persist 47141 3000 3
persist 48537 3000 3
persist 50870 3000 3
persist 47207 3000 3
persist 46659 3000 3
persist 51540 3000 3
persist 49072 3000 3
persist 47917 3000 3
persist 48595 3000 3
persist 34666 2000 2
persist 49168 3000 3
persist 49357 3000 3
persist 48650 3000 3
persist 49423 3000 3
persist 49410 3000 3
persist 49653 3000 3
persist 49934 3000 3
persist 50813 3000 3
persist 50870 3000 3
persist 48473 3000 3
persist 70942 4000 4
persist 48653 3000 3
persist 49192 3000 3
persist 51036 3000 3
persist 48489 3000 3
persist 46458 3000 3
persist 48515 3000 3
persist 69039 4000 4
persist 48045 3000 3
persist 48667 3000 3
persist 48031 3000 3
persist 47549 3000 3
persist 47128 3000 3
write base data version: 16600, memory: 1839566848 bytes (1754.35 MB)
persist 47662 3000 3
persist 47563 3000 3
persist 49220 3000 3
persist 65466 4000 4
persist 48158 3000 3
persist 49570 3000 3
persist 49211 3000 3
persist 48556 3000 3
persist 51594 3000 3
persist 50687 3000 3
persist 50288 3000 3
persist 47902 3000 3
persist 47804 3000 3
persist 46315 3000 3
persist 48067 3000 3
persist 49072 3000 3
persist 48523 3000 3
persist 50558 3000 3
persist 72018 4000 4
persist 49418 3000 3
persist 50242 3000 3
persist 49354 3000 3
persist 51052 3000 3
persist 48264 3000 3
persist 48783 3000 3
persist 49719 3000 3
persist 51652 3000 3
persist 52608 3000 3
persist 44308 3000 3
persist 42277 2000 2
persist 51121 3000 3
persist 50090 3000 3
persist 56742 3000 3
write base data version: 16700, memory: 1985753088 bytes (1893.76 MB)
persist 50128 3000 3
persist 44598 3000 3
persist 48776 3000 3
persist 35363 2000 2
persist 70978 3000 3
persist 52216 3000 3
persist 52089 3000 3
persist 51797 3000 3
persist 42580 3000 3
persist 45535 3000 3
persist 45636 3000 3
persist 36921 2000 2
persist 50545 3000 3
persist 50444 3000 3
persist 47199 3000 3
persist 42434 3000 3
persist 49659 3000 3
persist 37128 2000 2
persist 50127 3000 3
persist 51208 3000 3
persist 51583 3000 3
persist 43307 3000 3
persist 45908 3000 3
persist 51295 3000 3
persist 36510 2000 2
persist 49755 3000 3
persist 51107 3000 3
persist 51938 3000 3
persist 44735 3000 3
persist 47921 3000 3
persist 38243 2000 2
persist 51252 3000 3
persist 50648 3000 3
persist 54567 3000 3
persist 52237 3000 3
write base data version: 16800, memory: 1606529024 bytes (1532.11 MB)
persist 47941 3000 3
persist 41989 3000 3
persist 48757 3000 3
persist 42913 2000 2
persist 55881 3000 3
persist 57423 3000 3
persist 81546 4000 4
persist 58171 3000 3
persist 57329 3000 3
persist 57071 3000 3
persist 57933 3000 3
persist 86056 4000 4
persist 54457 3000 3
persist 60765 3000 3
persist 60706 3000 3
persist 59941 3000 3
persist 38025 3000 3
persist 26078 3000 3
persist 38606 3000 3
persist 17402 2000 2
persist 33053 3000 3
persist 18063 2000 2
persist 22963 3000 3
persist 20416 2000 2
persist 31311 3000 3
persist 20201 2000 2
persist 23735 3000 3
persist 31142 2000 2
persist 56881 3000 3
persist 57622 3000 3
persist 57293 3000 3
persist 58660 3000 3
persist 58789 3000 3
persist 58238 3000 3
persist 55827 3000 3
write base data version: 16900, memory: 1761947648 bytes (1680.32 MB)
persist 58933 3000 3
persist 58706 3000 3
persist 58141 3000 3
persist 75527 4000 4
persist 56781 3000 3
persist 55899 3000 3
persist 50702 3000 3
persist 50148 3000 3
persist 44118 3000 3
persist 49468 3000 3
persist 50293 3000 3
persist 59525 3000 3
persist 59233 3000 3
persist 58358 3000 3
persist 59260 3000 3
persist 60882 3000 3
persist 59422 3000 3
persist 58428 3000 3
persist 59737 3000 3
persist 58467 3000 3
persist 61458 3000 3
persist 58899 3000 3
persist 60436 3000 3
persist 56932 3000 3
persist 60434 3000 3
persist 58566 3000 3
persist 56920 3000 3
persist 49858 3000 3
persist 48811 3000 3
persist 57451 3000 3
persist 42399 2000 2
persist 59973 3000 3
persist 58507 3000 3
write base data version: 17000, memory: 1911160832 bytes (1822.62 MB)
persist 60006 3000 3
persist 60126 3000 3
persist 59124 3000 3
persist 59811 3000 3
persist 58316 3000 3
persist 52817 3000 3
persist 53622 3000 3
persist 51271 3000 3
persist 46325 3000 3
persist 47899 3000 3
persist 50519 3000 3
persist 54901 3000 3
persist 35237 2000 2
persist 56528 3000 3
persist 57315 3000 3
persist 58682 3000 3
persist 58798 3000 3
persist 58457 3000 3
persist 61142 3000 3
persist 61748 3000 3
persist 50428 3000 3
persist 49517 3000 3
persist 42662 2000 2
persist 59292 3000 3
persist 57879 3000 3
persist 52894 3000 3
persist 35764 2000 2
persist 51230 3000 3
persist 58751 3000 3
persist 57172 3000 3
persist 57499 3000 3
persist 55608 3000 3
