=== sqlledger_10 Scale Benchmark 运行日志 ===
开始时间: Wed Mar 25 05:59:37 PM CST 2026
脚本目录: /pcissd/cxy_test/vidb_project/LedgerDatabase/exps
========================================

[2026-03-25 17:59:37] [INFO] 运行默认测试模式...
[2026-03-25 17:59:37] [WARNING] 清理旧数据库数据...
[2026-03-25 17:59:58] [INFO] 启动基准测试...
=== 基准测试输出开始 ===
Benchmark Configuration:
  Write Batch Size: 10000 records
  Read Batch Size:  10000 records
  Key Length:       32 bytes
  Value Length:     512 bytes
  Database Directory: /pcissd/cxy_test/vidb_project/LedgerDatabase/exps/data/
  Result Directory:  /pcissd/cxy_test/vidb_project/LedgerDatabase/exps/results_sqlledger_10/
  Result File:       /pcissd/cxy_test/vidb_project/LedgerDatabase/exps/results_sqlledger_10/scaleBenchmark_20260325_175937.csv

initialize database .../pcissd/cxy_test/vidb_project/LedgerDatabase/exps/data/
initialized database
====================== Test Configuration =====================
Write Batch Size: 10000 records
Read Batch Size:  10000 records
Key Length:       32 bytes
Value Length:     512 bytes
Test Scales:      1000 → 10000 → 100000 → 1000000 → 10000000 → 100000000 → 1000000000
===============================================================

========== Starting Scale Benchmark ==========

========== Testing at data scale: 1,000 ==========
Writing 1000 incremental records (keys: 1-1000, total: 1000)
tip block: 0----0
Test Results: 
  Total Disk Usage: 1.85 MB
  Average Per Record: 1923.45 bytes
[test batch write] generate key value
[test batch write] write data
[test batch write] flush
tip block: 0----1
  Write Throughput: 8280.95 records/sec
  Read Throughput:  145037.09 records/sec
  Current Memory:   52.71 MB
  Peak Memory:      55.61 MB
  Memory Per Record: 55275.52 bytes

========== Testing at data scale: 10,000 ==========
Writing 9000 incremental records (keys: 1001-10000, total: 10000)
tip block: 1----2
Test Results: 
  Total Disk Usage: 31.66 MB
  Average Per Record: 3317.68 bytes
[test batch write] generate key value
[test batch write] write data
[test batch write] flush
tip block: 2----3
  Write Throughput: 7862.45 records/sec
  Read Throughput:  115392.47 records/sec
  Current Memory:   89.05 MB
  Peak Memory:      89.05 MB
  Memory Per Record: 9337.24 bytes

========== Testing at data scale: 100,000 ==========
Writing 90000 incremental records (keys: 10001-100000, total: 100000)
write base data version: 100, memory: 221863936 bytes (211.59 MB)
tip block: 6----6
Test Results: 
  Total Disk Usage: 215.79 MB
  Average Per Record: 2262.55 bytes
[test batch write] generate key value
[test batch write] write data
[test batch write] flush
tip block: 7----8
  Write Throughput: 6757.42 records/sec
  Read Throughput:  87922.63 records/sec
  Current Memory:   248.43 MB
  Peak Memory:      287.36 MB
  Memory Per Record: 2605.02 bytes

========== Testing at data scale: 1,000,000 ==========
Writing 900000 incremental records (keys: 100001-1000000, total: 1000000)
write base data version: 200, memory: 416428032 bytes (397.14 MB)
write base data version: 300, memory: 560537600 bytes (534.57 MB)
write base data version: 400, memory: 194469888 bytes (185.46 MB)
write base data version: 500, memory: 333508608 bytes (318.06 MB)
write base data version: 600, memory: 475705344 bytes (453.67 MB)
write base data version: 700, memory: 618381312 bytes (589.73 MB)
write base data version: 800, memory: 259624960 bytes (247.60 MB)
write base data version: 900, memory: 393039872 bytes (374.83 MB)
write base data version: 1000, memory: 533426176 bytes (508.71 MB)
tip block: 32----34
Test Results: 
  Total Disk Usage: 1836.23 MB
  Average Per Record: 1925.41 bytes
[test batch write] generate key value
[test batch write] write data
[test batch write] flush
tip block: 35----35
  Write Throughput: 17167.11 records/sec
  Read Throughput:  56940.26 records/sec
  Current Memory:   671.00 MB
  Peak Memory:      671.00 MB
  Memory Per Record: 703.59 bytes

========== Testing at data scale: 10,000,000 ==========
Writing 9000000 incremental records (keys: 1000001-10000000, total: 10000000)
write base data version: 1100, memory: 323715072 bytes (308.72 MB)
write base data version: 1200, memory: 465911808 bytes (444.33 MB)
write base data version: 1300, memory: 606359552 bytes (578.27 MB)
write base data version: 1400, memory: 747704320 bytes (713.07 MB)
write base data version: 1500, memory: 391049216 bytes (372.93 MB)
write base data version: 1600, memory: 546713600 bytes (521.39 MB)
write base data version: 1700, memory: 670560256 bytes (639.50 MB)
write base data version: 1800, memory: 823721984 bytes (785.56 MB)
write base data version: 1900, memory: 443904000 bytes (423.34 MB)
write base data version: 2000, memory: 585396224 bytes (558.28 MB)
write base data version: 2100, memory: 727592960 bytes (693.89 MB)
write base data version: 2200, memory: 362061824 bytes (345.29 MB)
write base data version: 2300, memory: 520011776 bytes (495.92 MB)
write base data version: 2400, memory: 658620416 bytes (628.11 MB)
write base data version: 2500, memory: 802574336 bytes (765.39 MB)
write base data version: 2600, memory: 430739456 bytes (410.79 MB)
write base data version: 2700, memory: 572194816 bytes (545.69 MB)
write base data version: 2800, memory: 714588160 bytes (681.48 MB)
write base data version: 2900, memory: 866926592 bytes (826.77 MB)
write base data version: 3000, memory: 504262656 bytes (480.90 MB)
write base data version: 3100, memory: 657072128 bytes (626.63 MB)
write base data version: 3200, memory: 811032576 bytes (773.46 MB)
write base data version: 3300, memory: 433655808 bytes (413.57 MB)
write base data version: 3400, memory: 577699840 bytes (550.94 MB)
write base data version: 3500, memory: 718606336 bytes (685.32 MB)
write base data version: 3600, memory: 860553216 bytes (820.69 MB)
write base data version: 3700, memory: 498688000 bytes (475.59 MB)
write base data version: 3800, memory: 657113088 bytes (626.67 MB)
write base data version: 3900, memory: 798769152 bytes (761.77 MB)
write base data version: 4000, memory: 947884032 bytes (903.97 MB)
write base data version: 4100, memory: 578781184 bytes (551.97 MB)
write base data version: 4200, memory: 720318464 bytes (686.95 MB)
write base data version: 4300, memory: 862261248 bytes (822.32 MB)
write base data version: 4400, memory: 493236224 bytes (470.39 MB)
write base data version: 4500, memory: 649814016 bytes (619.71 MB)
write base data version: 4600, memory: 801660928 bytes (764.52 MB)
write base data version: 4700, memory: 958513152 bytes (914.11 MB)
write base data version: 4800, memory: 585551872 bytes (558.43 MB)
write base data version: 4900, memory: 727343104 bytes (693.65 MB)
write base data version: 5000, memory: 868376576 bytes (828.15 MB)
write base data version: 5100, memory: 1011400704 bytes (964.55 MB)
write base data version: 5200, memory: 657502208 bytes (627.04 MB)
write base data version: 5300, memory: 796954624 bytes (760.04 MB)
write base data version: 5400, memory: 951902208 bytes (907.80 MB)
write base data version: 5500, memory: 585633792 bytes (558.50 MB)
write base data version: 5600, memory: 728600576 bytes (694.85 MB)
write base data version: 5700, memory: 870350848 bytes (830.03 MB)
write base data version: 5800, memory: 1012658176 bytes (965.75 MB)
write base data version: 5900, memory: 655970304 bytes (625.58 MB)
write base data version: 6000, memory: 796119040 bytes (759.24 MB)
write base data version: 6100, memory: 946700288 bytes (902.84 MB)
write base data version: 6200, memory: 588046336 bytes (560.80 MB)
write base data version: 6300, memory: 736186368 bytes (702.08 MB)
write base data version: 6400, memory: 877879296 bytes (837.21 MB)
write base data version: 6500, memory: 1019895808 bytes (972.65 MB)
write base data version: 6600, memory: 653418496 bytes (623.15 MB)
write base data version: 6700, memory: 812670976 bytes (775.02 MB)
write base data version: 6800, memory: 953012224 bytes (908.86 MB)
write base data version: 6900, memory: 1105620992 bytes (1054.40 MB)
write base data version: 7000, memory: 741109760 bytes (706.78 MB)
write base data version: 7100, memory: 886755328 bytes (845.68 MB)
write base data version: 7200, memory: 1029402624 bytes (981.71 MB)
write base data version: 7300, memory: 1174736896 bytes (1120.32 MB)
write base data version: 7400, memory: 817786880 bytes (779.90 MB)
write base data version: 7500, memory: 960245760 bytes (915.76 MB)
write base data version: 7600, memory: 1117372416 bytes (1065.61 MB)
write base data version: 7700, memory: 755576832 bytes (720.57 MB)
write base data version: 7800, memory: 902049792 bytes (860.26 MB)
write base data version: 7900, memory: 1046208512 bytes (997.74 MB)
write base data version: 8000, memory: 1187753984 bytes (1132.73 MB)
write base data version: 8100, memory: 824762368 bytes (786.55 MB)
write base data version: 8200, memory: 983666688 bytes (938.10 MB)
write base data version: 8300, memory: 1130762240 bytes (1078.38 MB)
write base data version: 8400, memory: 1276911616 bytes (1217.76 MB)
write base data version: 8500, memory: 899145728 bytes (857.49 MB)
write base data version: 8600, memory: 1041514496 bytes (993.27 MB)
write base data version: 8700, memory: 1183723520 bytes (1128.89 MB)
write base data version: 8800, memory: 811692032 bytes (774.09 MB)
write base data version: 8900, memory: 970067968 bytes (925.13 MB)
write base data version: 9000, memory: 1125670912 bytes (1073.52 MB)
write base data version: 9100, memory: 1282351104 bytes (1222.95 MB)
write base data version: 9200, memory: 913059840 bytes (870.76 MB)
write base data version: 9300, memory: 1065963520 bytes (1016.58 MB)
write base data version: 9400, memory: 1207844864 bytes (1151.89 MB)
write base data version: 9500, memory: 1352855552 bytes (1290.18 MB)
write base data version: 9600, memory: 989954048 bytes (944.09 MB)
write base data version: 9700, memory: 1150164992 bytes (1096.88 MB)
write base data version: 9800, memory: 1301204992 bytes (1240.93 MB)
write base data version: 9900, memory: 939008000 bytes (895.51 MB)
write base data version: 10000, memory: 1089220608 bytes (1038.76 MB)
tip block: 306----308
Test Results: 
  Total Disk Usage: 18197.57 MB
  Average Per Record: 1908.15 bytes
[test batch write] generate key value
[test batch write] write data
[test batch write] flush
tip block: 308----309
  Write Throughput: 5428.72 records/sec
  Read Throughput:  35417.84 records/sec
  Current Memory:   1250.59 MB
  Peak Memory:      1368.00 MB
  Memory Per Record: 131.13 bytes

========== Testing at data scale: 100,000,000 ==========
Writing 90000000 incremental records (keys: 10000001-100000000, total: 100000000)
write base data version: 10100, memory: 1441964032 bytes (1375.16 MB)
write base data version: 10200, memory: 1072283648 bytes (1022.61 MB)
write base data version: 10300, memory: 1233567744 bytes (1176.42 MB)
write base data version: 10400, memory: 1374056448 bytes (1310.40 MB)
write base data version: 10500, memory: 1527853056 bytes (1457.07 MB)
write base data version: 10600, memory: 1168896000 bytes (1114.75 MB)
write base data version: 10700, memory: 1315934208 bytes (1254.97 MB)
write base data version: 10800, memory: 1467400192 bytes (1399.42 MB)
write base data version: 10900, memory: 1595899904 bytes (1521.97 MB)
write base data version: 11000, memory: 1243594752 bytes (1185.98 MB)
write base data version: 11100, memory: 1391218688 bytes (1326.77 MB)
write base data version: 11200, memory: 1548922880 bytes (1477.17 MB)
write base data version: 11300, memory: 1717235712 bytes (1637.68 MB)
write base data version: 11400, memory: 1306480640 bytes (1245.96 MB)
write base data version: 11500, memory: 1458655232 bytes (1391.08 MB)
write base data version: 11600, memory: 1599471616 bytes (1525.38 MB)
write base data version: 11700, memory: 1236971520 bytes (1179.67 MB)
write base data version: 11800, memory: 1391382528 bytes (1326.93 MB)
write base data version: 11900, memory: 1544986624 bytes (1473.41 MB)
write base data version: 12000, memory: 1690517504 bytes (1612.20 MB)
write base data version: 12100, memory: 1311428608 bytes (1250.68 MB)
write base data version: 12200, memory: 1452867584 bytes (1385.56 MB)
write base data version: 12300, memory: 1597145088 bytes (1523.16 MB)
write base data version: 12400, memory: 1221939200 bytes (1165.33 MB)
write base data version: 12500, memory: 1381093376 bytes (1317.11 MB)
write base data version: 12600, memory: 1540427776 bytes (1469.07 MB)
write base data version: 12700, memory: 1690820608 bytes (1612.49 MB)
write base data version: 12800, memory: 1316564992 bytes (1255.57 MB)
write base data version: 12900, memory: 1466130432 bytes (1398.21 MB)
write base data version: 13000, memory: 1622253568 bytes (1547.10 MB)
write base data version: 13100, memory: 1770582016 bytes (1688.56 MB)
write base data version: 13200, memory: 1388584960 bytes (1324.26 MB)
write base data version: 13300, memory: 1531891712 bytes (1460.93 MB)
write base data version: 13400, memory: 1678057472 bytes (1600.32 MB)
write base data version: 13500, memory: 1308725248 bytes (1248.10 MB)
write base data version: 13600, memory: 1458139136 bytes (1390.59 MB)
write base data version: 13700, memory: 1601286144 bytes (1527.11 MB)
write base data version: 13800, memory: 1744596992 bytes (1663.78 MB)
write base data version: 13900, memory: 1379405824 bytes (1315.50 MB)
write base data version: 14000, memory: 1537589248 bytes (1466.36 MB)
write base data version: 14100, memory: 1689088000 bytes (1610.84 MB)
write base data version: 14200, memory: 1836912640 bytes (1751.82 MB)
write base data version: 14300, memory: 1467420672 bytes (1399.44 MB)
write base data version: 14400, memory: 1616015360 bytes (1541.15 MB)
write base data version: 14500, memory: 1774002176 bytes (1691.82 MB)
write base data version: 14600, memory: 1402544128 bytes (1337.57 MB)
write base data version: 14700, memory: 1560522752 bytes (1488.23 MB)
write base data version: 14800, memory: 1715105792 bytes (1635.65 MB)
write base data version: 14900, memory: 1861660672 bytes (1775.42 MB)
write base data version: 15000, memory: 1483390976 bytes (1414.67 MB)
write base data version: 15100, memory: 1624391680 bytes (1549.14 MB)
write base data version: 15200, memory: 1765720064 bytes (1683.92 MB)
write base data version: 15300, memory: 1906917376 bytes (1818.58 MB)
write base data version: 15400, memory: 1549185024 bytes (1477.42 MB)
write base data version: 15500, memory: 1708916736 bytes (1629.75 MB)
write base data version: 15600, memory: 1850904576 bytes (1765.16 MB)
write base data version: 15700, memory: 1488912384 bytes (1419.94 MB)
write base data version: 15800, memory: 1637163008 bytes (1561.32 MB)
write base data version: 15900, memory: 1764749312 bytes (1683.00 MB)
write base data version: 16000, memory: 1905905664 bytes (1817.61 MB)
write base data version: 16100, memory: 1542959104 bytes (1471.48 MB)
write base data version: 16200, memory: 1700737024 bytes (1621.95 MB)
write base data version: 16300, memory: 1848606720 bytes (1762.97 MB)
write base data version: 16400, memory: 1993875456 bytes (1901.51 MB)
write base data version: 16500, memory: 1618395136 bytes (1543.42 MB)
write base data version: 16600, memory: 1760116736 bytes (1678.58 MB)
write base data version: 16700, memory: 1901031424 bytes (1812.96 MB)
write base data version: 16800, memory: 1527549952 bytes (1456.79 MB)
write base data version: 16900, memory: 1688764416 bytes (1610.53 MB)
write base data version: 17000, memory: 1847144448 bytes (1761.57 MB)
write base data version: 17100, memory: 1989959680 bytes (1897.77 MB)
write base data version: 17200, memory: 1624547328 bytes (1549.29 MB)
write base data version: 17300, memory: 1777213440 bytes (1694.88 MB)
write base data version: 17400, memory: 1929863168 bytes (1840.46 MB)
write base data version: 17500, memory: 2066317312 bytes (1970.59 MB)
write base data version: 17600, memory: 1704030208 bytes (1625.09 MB)
write base data version: 17700, memory: 1857671168 bytes (1771.61 MB)
write base data version: 17800, memory: 2011623424 bytes (1918.43 MB)
write base data version: 17900, memory: 1632063488 bytes (1556.46 MB)
write base data version: 18000, memory: 1774272512 bytes (1692.08 MB)
write base data version: 18100, memory: 1917431808 bytes (1828.61 MB)
write base data version: 18200, memory: 2058293248 bytes (1962.94 MB)
write base data version: 18300, memory: 1698263040 bytes (1619.59 MB)
write base data version: 18400, memory: 1855016960 bytes (1769.08 MB)
write base data version: 18500, memory: 1993605120 bytes (1901.25 MB)
write base data version: 18600, memory: 2143457280 bytes (2044.16 MB)
write base data version: 18700, memory: 1782341632 bytes (1699.77 MB)
write base data version: 18800, memory: 1933590528 bytes (1844.02 MB)
write base data version: 18900, memory: 2090086400 bytes (1993.26 MB)
write base data version: 19000, memory: 1709858816 bytes (1630.65 MB)
write base data version: 19100, memory: 1867960320 bytes (1781.43 MB)
write base data version: 19200, memory: 2022490112 bytes (1928.80 MB)
write base data version: 19300, memory: 2172002304 bytes (2071.38 MB)
write base data version: 19400, memory: 1798217728 bytes (1714.91 MB)
write base data version: 19500, memory: 1951653888 bytes (1861.24 MB)
write base data version: 19600, memory: 2093703168 bytes (1996.71 MB)
write base data version: 19700, memory: 2239660032 bytes (2135.91 MB)
write base data version: 19800, memory: 1874903040 bytes (1788.05 MB)
write base data version: 19900, memory: 2035048448 bytes (1940.77 MB)
write base data version: 20000, memory: 2180964352 bytes (2079.93 MB)
write base data version: 20100, memory: 1802948608 bytes (1719.43 MB)
write base data version: 20200, memory: 1946804224 bytes (1856.62 MB)
write base data version: 20300, memory: 2089103360 bytes (1992.32 MB)
write base data version: 20400, memory: 2229964800 bytes (2126.66 MB)
write base data version: 20500, memory: 1869672448 bytes (1783.06 MB)
write base data version: 20600, memory: 2014027776 bytes (1920.73 MB)
write base data version: 20700, memory: 2168373248 bytes (2067.92 MB)
write base data version: 20800, memory: 2321965056 bytes (2214.40 MB)
write base data version: 20900, memory: 1954844672 bytes (1864.29 MB)
write base data version: 21000, memory: 2108645376 bytes (2010.96 MB)
write base data version: 21100, memory: 2263711744 bytes (2158.84 MB)
write base data version: 21200, memory: 1892798464 bytes (1805.11 MB)
write base data version: 21300, memory: 1979703296 bytes (1887.99 MB)
write base data version: 21400, memory: 2128039936 bytes (2029.46 MB)
write base data version: 21500, memory: 2270679040 bytes (2165.49 MB)
write base data version: 21600, memory: 1891233792 bytes (1803.62 MB)
write base data version: 21700, memory: 2034835456 bytes (1940.57 MB)
write base data version: 21800, memory: 2177384448 bytes (2076.52 MB)
write base data version: 21900, memory: 2320756736 bytes (2213.25 MB)
write base data version: 22000, memory: 1961381888 bytes (1870.52 MB)
write base data version: 22100, memory: 2115317760 bytes (2017.32 MB)
write base data version: 22200, memory: 2265341952 bytes (2160.40 MB)
write base data version: 22300, memory: 1892708352 bytes (1805.03 MB)
write base data version: 22400, memory: 2045353984 bytes (1950.60 MB)
write base data version: 22500, memory: 2197479424 bytes (2095.68 MB)
write base data version: 22600, memory: 2348752896 bytes (2239.95 MB)
write base data version: 22700, memory: 1976700928 bytes (1885.13 MB)
write base data version: 22800, memory: 2126663680 bytes (2028.14 MB)
write base data version: 22900, memory: 2280935424 bytes (2175.27 MB)
write base data version: 23000, memory: 2434490368 bytes (2321.71 MB)
write base data version: 23100, memory: 2060582912 bytes (1965.12 MB)
write base data version: 23200, memory: 2202611712 bytes (2100.57 MB)
write base data version: 23300, memory: 2345062400 bytes (2236.43 MB)
write base data version: 23400, memory: 2484846592 bytes (2369.73 MB)
write base data version: 23500, memory: 2132738048 bytes (2033.94 MB)
write base data version: 23600, memory: 2288750592 bytes (2182.72 MB)
write base data version: 23700, memory: 2440085504 bytes (2327.05 MB)
write base data version: 23800, memory: 2068533248 bytes (1972.71 MB)
write base data version: 23900, memory: 2219991040 bytes (2117.15 MB)
write base data version: 24000, memory: 2380742656 bytes (2270.45 MB)
write base data version: 24100, memory: 2535043072 bytes (2417.61 MB)
write base data version: 24200, memory: 2165149696 bytes (2064.85 MB)
write base data version: 24300, memory: 2315468800 bytes (2208.20 MB)
write base data version: 24400, memory: 2478219264 bytes (2363.41 MB)
write base data version: 24500, memory: 2125131776 bytes (2026.68 MB)
write base data version: 24600, memory: 2271272960 bytes (2166.05 MB)
write base data version: 24700, memory: 2416013312 bytes (2304.09 MB)
write base data version: 24800, memory: 2562117632 bytes (2443.43 MB)
write base data version: 24900, memory: 2189131776 bytes (2087.72 MB)
write base data version: 25000, memory: 2329055232 bytes (2221.16 MB)
write base data version: 25100, memory: 2455605248 bytes (2341.85 MB)
write base data version: 25200, memory: 2598809600 bytes (2478.42 MB)
write base data version: 25300, memory: 2223415296 bytes (2120.41 MB)
write base data version: 25400, memory: 2364825600 bytes (2255.27 MB)
write base data version: 25500, memory: 2506657792 bytes (2390.54 MB)
write base data version: 25600, memory: 2133004288 bytes (2034.19 MB)
write base data version: 25700, memory: 2288164864 bytes (2182.16 MB)
write base data version: 25800, memory: 2428125184 bytes (2315.64 MB)
write base data version: 25900, memory: 2576367616 bytes (2457.02 MB)
write base data version: 26000, memory: 2215276544 bytes (2112.65 MB)
write base data version: 26100, memory: 2365464576 bytes (2255.88 MB)
write base data version: 26200, memory: 2517229568 bytes (2400.62 MB)
write base data version: 26300, memory: 2678243328 bytes (2554.17 MB)
write base data version: 26400, memory: 2294743040 bytes (2188.44 MB)
write base data version: 26500, memory: 2434797568 bytes (2322.00 MB)
write base data version: 26600, memory: 2590199808 bytes (2470.21 MB)
write base data version: 26700, memory: 2219245568 bytes (2116.44 MB)
write base data version: 26800, memory: 2374766592 bytes (2264.75 MB)
write base data version: 26900, memory: 2509234176 bytes (2392.99 MB)
write base data version: 27000, memory: 2653163520 bytes (2530.25 MB)
write base data version: 27100, memory: 2289102848 bytes (2183.06 MB)
write base data version: 27200, memory: 2430173184 bytes (2317.59 MB)
write base data version: 27300, memory: 2571214848 bytes (2452.10 MB)
write base data version: 27400, memory: 2717880320 bytes (2591.97 MB)
write base data version: 27500, memory: 2338746368 bytes (2230.40 MB)
write base data version: 27600, memory: 2478911488 bytes (2364.07 MB)
write base data version: 27700, memory: 2622550016 bytes (2501.06 MB)
write base data version: 27800, memory: 2243375104 bytes (2139.45 MB)
write base data version: 27900, memory: 2384236544 bytes (2273.79 MB)
write base data version: 28000, memory: 2526756864 bytes (2409.70 MB)
write base data version: 28100, memory: 2675060736 bytes (2551.14 MB)
write base data version: 28200, memory: 2304212992 bytes (2197.47 MB)
write base data version: 28300, memory: 2454159360 bytes (2340.47 MB)
write base data version: 28400, memory: 2607845376 bytes (2487.04 MB)
write base data version: 28500, memory: 2765369344 bytes (2637.26 MB)
write base data version: 28600, memory: 2387111936 bytes (2276.53 MB)
write base data version: 28700, memory: 2538266624 bytes (2420.68 MB)
write base data version: 28800, memory: 2678865920 bytes (2554.77 MB)
write base data version: 28900, memory: 2825928704 bytes (2695.02 MB)
write base data version: 29000, memory: 2457079808 bytes (2343.25 MB)
write base data version: 29100, memory: 2609991680 bytes (2489.08 MB)
write base data version: 29200, memory: 2760032256 bytes (2632.17 MB)
write base data version: 29300, memory: 2395570176 bytes (2284.59 MB)
write base data version: 29400, memory: 2536460288 bytes (2418.96 MB)
write base data version: 29500, memory: 2686525440 bytes (2562.07 MB)
write base data version: 29600, memory: 2841890816 bytes (2710.24 MB)
write base data version: 29700, memory: 2497708032 bytes (2382.00 MB)
write base data version: 29800, memory: 2658353152 bytes (2535.20 MB)
write base data version: 29900, memory: 2793201664 bytes (2663.80 MB)
write base data version: 30000, memory: 2419003392 bytes (2306.94 MB)
write base data version: 30100, memory: 2560417792 bytes (2441.80 MB)
write base data version: 30200, memory: 2702106624 bytes (2576.93 MB)
write base data version: 30300, memory: 2844905472 bytes (2713.11 MB)
write base data version: 30400, memory: 2484965376 bytes (2369.85 MB)
write base data version: 30500, memory: 2618769408 bytes (2497.45 MB)
write base data version: 30600, memory: 2770165760 bytes (2641.84 MB)
write base data version: 30700, memory: 2919165952 bytes (2783.93 MB)
write base data version: 30800, memory: 2555420672 bytes (2437.04 MB)
write base data version: 30900, memory: 2711900160 bytes (2586.27 MB)
write base data version: 31000, memory: 2859679744 bytes (2727.20 MB)
write base data version: 31100, memory: 2492346368 bytes (2376.89 MB)
write base data version: 31200, memory: 2651447296 bytes (2528.62 MB)
write base data version: 31300, memory: 2804670464 bytes (2674.74 MB)
write base data version: 31400, memory: 2960826368 bytes (2823.66 MB)
write base data version: 31500, memory: 2594643968 bytes (2474.45 MB)
write base data version: 31600, memory: 2728804352 bytes (2602.39 MB)
write base data version: 31700, memory: 2861174784 bytes (2728.63 MB)
write base data version: 31800, memory: 3014041600 bytes (2874.41 MB)
write base data version: 31900, memory: 2636681216 bytes (2514.54 MB)
write base data version: 32000, memory: 2779205632 bytes (2650.46 MB)
write base data version: 32100, memory: 2922086400 bytes (2786.72 MB)
write base data version: 32200, memory: 2544971776 bytes (2427.07 MB)
write base data version: 32300, memory: 2687733760 bytes (2563.22 MB)
write base data version: 32400, memory: 2830536704 bytes (2699.41 MB)
write base data version: 32500, memory: 2974126080 bytes (2836.35 MB)
write base data version: 32600, memory: 2596724736 bytes (2476.43 MB)
write base data version: 32700, memory: 2738143232 bytes (2611.30 MB)
write base data version: 32800, memory: 2881892352 bytes (2748.39 MB)
write base data version: 32900, memory: 2505666560 bytes (2389.59 MB)
write base data version: 33000, memory: 2646994944 bytes (2524.37 MB)
write base data version: 33100, memory: 2797604864 bytes (2668.00 MB)
write base data version: 33200, memory: 2952708096 bytes (2815.92 MB)
write base data version: 33300, memory: 2586877952 bytes (2467.04 MB)
write base data version: 33400, memory: 2741936128 bytes (2614.91 MB)
write base data version: 33500, memory: 2889433088 bytes (2755.58 MB)
write base data version: 33600, memory: 3041398784 bytes (2900.50 MB)
write base data version: 33700, memory: 2673991680 bytes (2550.12 MB)
write base data version: 33800, memory: 2821660672 bytes (2690.95 MB)
write base data version: 33900, memory: 2976264192 bytes (2838.39 MB)
write base data version: 34000, memory: 2615615488 bytes (2494.45 MB)
write base data version: 34100, memory: 2766925824 bytes (2638.75 MB)
write base data version: 34200, memory: 2921332736 bytes (2786.00 MB)
write base data version: 34300, memory: 3064700928 bytes (2922.73 MB)
write base data version: 34400, memory: 2703364096 bytes (2578.13 MB)
write base data version: 34500, memory: 2853044224 bytes (2720.88 MB)
write base data version: 34600, memory: 2999226368 bytes (2860.29 MB)
write base data version: 34700, memory: 3150221312 bytes (3004.29 MB)
write base data version: 34800, memory: 2780614656 bytes (2651.80 MB)
write base data version: 34900, memory: 2927767552 bytes (2792.14 MB)
write base data version: 35000, memory: 3079692288 bytes (2937.02 MB)
write base data version: 35100, memory: 2719715328 bytes (2593.72 MB)
write base data version: 35200, memory: 2887819264 bytes (2754.04 MB)
write base data version: 35300, memory: 3049451520 bytes (2908.18 MB)
write base data version: 35400, memory: 3198029824 bytes (3049.88 MB)
write base data version: 35500, memory: 2830954496 bytes (2699.81 MB)
write base data version: 35600, memory: 2985451520 bytes (2847.15 MB)
write base data version: 35700, memory: 3140296704 bytes (2994.82 MB)
write base data version: 35800, memory: 3275948032 bytes (3124.19 MB)
write base data version: 35900, memory: 2914881536 bytes (2779.85 MB)
write base data version: 36000, memory: 3058130944 bytes (2916.46 MB)
write base data version: 36100, memory: 3200909312 bytes (3052.62 MB)
write base data version: 36200, memory: 2834554880 bytes (2703.24 MB)
write base data version: 36300, memory: 2995290112 bytes (2856.53 MB)
write base data version: 36400, memory: 3148742656 bytes (3002.88 MB)
write base data version: 36500, memory: 3291242496 bytes (3138.77 MB)
write base data version: 36600, memory: 2928103424 bytes (2792.46 MB)
write base data version: 36700, memory: 3082838016 bytes (2940.02 MB)
write base data version: 36800, memory: 3228680192 bytes (3079.11 MB)
write base data version: 36900, memory: 3377815552 bytes (3221.34 MB)
write base data version: 37000, memory: 3046232064 bytes (2905.11 MB)
write base data version: 37100, memory: 3207835648 bytes (3059.23 MB)
write base data version: 37200, memory: 3314315264 bytes (3160.78 MB)
write base data version: 37300, memory: 2944884736 bytes (2808.46 MB)
write base data version: 37400, memory: 3107287040 bytes (2963.34 MB)
write base data version: 37500, memory: 3249053696 bytes (3098.54 MB)
write base data version: 37600, memory: 3392253952 bytes (3235.11 MB)
write base data version: 37700, memory: 3037941760 bytes (2897.21 MB)
write base data version: 37800, memory: 3179528192 bytes (3032.23 MB)
write base data version: 37900, memory: 3331637248 bytes (3177.30 MB)
write base data version: 38000, memory: 2966634496 bytes (2829.20 MB)
write base data version: 38100, memory: 3123843072 bytes (2979.13 MB)
write base data version: 38200, memory: 3269939200 bytes (3118.46 MB)
write base data version: 38300, memory: 3429101568 bytes (3270.25 MB)
write base data version: 38400, memory: 3055157248 bytes (2913.62 MB)
write base data version: 38500, memory: 3204100096 bytes (3055.67 MB)
write base data version: 38600, memory: 3356622848 bytes (3201.12 MB)
write base data version: 38700, memory: 3513159680 bytes (3350.41 MB)
write base data version: 38800, memory: 3163340800 bytes (3016.80 MB)
write base data version: 38900, memory: 3332722688 bytes (3178.33 MB)
write base data version: 39000, memory: 3484327936 bytes (3322.91 MB)
write base data version: 39100, memory: 3634507776 bytes (3466.14 MB)
write base data version: 39200, memory: 3229904896 bytes (3080.28 MB)
write base data version: 39300, memory: 3380346880 bytes (3223.75 MB)
write base data version: 39400, memory: 3530194944 bytes (3366.66 MB)
write base data version: 39500, memory: 3165462528 bytes (3018.82 MB)
write base data version: 39600, memory: 3312398336 bytes (3158.95 MB)
write base data version: 39700, memory: 3470090240 bytes (3309.34 MB)
write base data version: 39800, memory: 3617902592 bytes (3450.30 MB)
write base data version: 39900, memory: 3260596224 bytes (3109.55 MB)
write base data version: 40000, memory: 3434909696 bytes (3275.79 MB)
write base data version: 40100, memory: 3581157376 bytes (3415.26 MB)
write base data version: 40200, memory: 3216744448 bytes (3067.73 MB)
write base data version: 40300, memory: 3369189376 bytes (3213.11 MB)
write base data version: 40400, memory: 3522232320 bytes (3359.06 MB)
write base data version: 40500, memory: 3675295744 bytes (3505.04 MB)
write base data version: 40600, memory: 3333111808 bytes (3178.70 MB)
write base data version: 40700, memory: 3499896832 bytes (3337.76 MB)
write base data version: 40800, memory: 3606593536 bytes (3439.52 MB)
write base data version: 40900, memory: 3753156608 bytes (3579.29 MB)
write base data version: 41000, memory: 3374497792 bytes (3218.17 MB)
write base data version: 41100, memory: 3519340544 bytes (3356.30 MB)
write base data version: 41200, memory: 3661094912 bytes (3491.49 MB)
write base data version: 41300, memory: 3292909568 bytes (3140.36 MB)
write base data version: 41400, memory: 3456819200 bytes (3296.68 MB)
write base data version: 41500, memory: 3604955136 bytes (3437.95 MB)
write base data version: 41600, memory: 3754065920 bytes (3580.16 MB)
write base data version: 41700, memory: 3391840256 bytes (3234.71 MB)
write base data version: 41800, memory: 3538264064 bytes (3374.35 MB)
write base data version: 41900, memory: 3693449216 bytes (3522.35 MB)
write base data version: 42000, memory: 3841740800 bytes (3663.77 MB)
write base data version: 42100, memory: 3477598208 bytes (3316.50 MB)
write base data version: 42200, memory: 3625283584 bytes (3457.34 MB)
write base data version: 42300, memory: 3769155584 bytes (3594.55 MB)
write base data version: 42400, memory: 3396526080 bytes (3239.18 MB)
write base data version: 42500, memory: 3576963072 bytes (3411.26 MB)
write base data version: 42600, memory: 3735068672 bytes (3562.04 MB)
write base data version: 42700, memory: 3885064192 bytes (3705.09 MB)
write base data version: 42800, memory: 3519533056 bytes (3356.49 MB)
write base data version: 42900, memory: 3676110848 bytes (3505.81 MB)
write base data version: 43000, memory: 3822301184 bytes (3645.23 MB)
write base data version: 43100, memory: 3977400320 bytes (3793.14 MB)
write base data version: 43200, memory: 3624861696 bytes (3456.94 MB)
write base data version: 43300, memory: 3787624448 bytes (3612.16 MB)
write base data version: 43400, memory: 3941367808 bytes (3758.78 MB)
write base data version: 43500, memory: 3572166656 bytes (3406.68 MB)
write base data version: 43600, memory: 3720036352 bytes (3547.70 MB)
write base data version: 43700, memory: 3871694848 bytes (3692.34 MB)
write base data version: 43800, memory: 4025696256 bytes (3839.20 MB)
write base data version: 43900, memory: 3654852608 bytes (3485.54 MB)
write base data version: 44000, memory: 3825467392 bytes (3648.25 MB)
write base data version: 44100, memory: 3974647808 bytes (3790.52 MB)
write base data version: 44200, memory: 3615227904 bytes (3447.75 MB)
write base data version: 44300, memory: 3768905728 bytes (3594.31 MB)
write base data version: 44400, memory: 3922849792 bytes (3741.12 MB)
write base data version: 44500, memory: 4068679680 bytes (3880.20 MB)
write base data version: 44600, memory: 3715715072 bytes (3543.58 MB)
write base data version: 44700, memory: 3814928384 bytes (3638.20 MB)
write base data version: 44800, memory: 3911831552 bytes (3730.61 MB)
write base data version: 44900, memory: 4052684800 bytes (3864.94 MB)
write base data version: 45000, memory: 3686395904 bytes (3515.62 MB)
write base data version: 45100, memory: 3827601408 bytes (3650.29 MB)
write base data version: 45200, memory: 3971502080 bytes (3787.52 MB)
write base data version: 45300, memory: 3610824704 bytes (3443.55 MB)
write base data version: 45400, memory: 3771740160 bytes (3597.01 MB)
write base data version: 45500, memory: 3924541440 bytes (3742.73 MB)
write base data version: 45600, memory: 4076236800 bytes (3887.40 MB)
write base data version: 45700, memory: 3697963008 bytes (3526.65 MB)
write base data version: 45800, memory: 3840921600 bytes (3662.99 MB)
write base data version: 45900, memory: 3985793024 bytes (3801.15 MB)
write base data version: 46000, memory: 4127965184 bytes (3936.73 MB)
write base data version: 46100, memory: 3770908672 bytes (3596.22 MB)
write base data version: 46200, memory: 3929493504 bytes (3747.46 MB)
write base data version: 46300, memory: 4063481856 bytes (3875.24 MB)
write base data version: 46400, memory: 3684585472 bytes (3513.89 MB)
write base data version: 46500, memory: 3827183616 bytes (3649.89 MB)
write base data version: 46600, memory: 3971985408 bytes (3787.98 MB)
write base data version: 46700, memory: 4114341888 bytes (3923.74 MB)
write base data version: 46800, memory: 3748954112 bytes (3575.28 MB)
write base data version: 46900, memory: 3904139264 bytes (3723.28 MB)
write base data version: 47000, memory: 4059975680 bytes (3871.89 MB)
write base data version: 47100, memory: 4198363136 bytes (4003.87 MB)
write base data version: 47200, memory: 3829227520 bytes (3651.84 MB)
write base data version: 47300, memory: 3974459392 bytes (3790.34 MB)
write base data version: 47400, memory: 4117229568 bytes (3926.50 MB)
write base data version: 47500, memory: 3749167104 bytes (3575.48 MB)
write base data version: 47600, memory: 3911032832 bytes (3729.85 MB)
write base data version: 47700, memory: 4063703040 bytes (3875.45 MB)
write base data version: 47800, memory: 4211625984 bytes (4016.52 MB)
write base data version: 47900, memory: 3845591040 bytes (3667.44 MB)
write base data version: 48000, memory: 3994243072 bytes (3809.21 MB)
write base data version: 48100, memory: 4149243904 bytes (3957.03 MB)
write base data version: 48200, memory: 3781865472 bytes (3606.67 MB)
write base data version: 48300, memory: 3930435584 bytes (3748.36 MB)
write base data version: 48400, memory: 4085350400 bytes (3896.09 MB)
write base data version: 48500, memory: 4232527872 bytes (4036.45 MB)
write base data version: 48600, memory: 3871633408 bytes (3692.28 MB)
write base data version: 48700, memory: 4028465152 bytes (3841.84 MB)
write base data version: 48800, memory: 4186673152 bytes (3992.72 MB)
write base data version: 48900, memory: 4346167296 bytes (4144.83 MB)
write base data version: 49000, memory: 3979079680 bytes (3794.75 MB)
write base data version: 49100, memory: 4133056512 bytes (3941.59 MB)
write base data version: 49200, memory: 4276862976 bytes (4078.73 MB)
write base data version: 49300, memory: 3937239040 bytes (3754.84 MB)
write base data version: 49400, memory: 4089999360 bytes (3900.53 MB)
write base data version: 49500, memory: 4186152960 bytes (3992.23 MB)
write base data version: 49600, memory: 4330176512 bytes (4129.58 MB)
write base data version: 49700, memory: 3944157184 bytes (3761.44 MB)
write base data version: 49800, memory: 4089577472 bytes (3900.12 MB)
write base data version: 49900, memory: 4237225984 bytes (4040.93 MB)
write base data version: 50000, memory: 4386631680 bytes (4183.42 MB)
write base data version: 50100, memory: 4028227584 bytes (3841.62 MB)
write base data version: 50200, memory: 4179341312 bytes (3985.73 MB)
write base data version: 50300, memory: 4326436864 bytes (4126.01 MB)
write base data version: 50400, memory: 3959857152 bytes (3776.41 MB)
write base data version: 50500, memory: 4111183872 bytes (3920.73 MB)
write base data version: 50600, memory: 4261617664 bytes (4064.20 MB)
write base data version: 50700, memory: 4415078400 bytes (4210.55 MB)
write base data version: 50800, memory: 4072026112 bytes (3883.39 MB)
write base data version: 50900, memory: 4241039360 bytes (4044.57 MB)
write base data version: 51000, memory: 4407533568 bytes (4203.35 MB)
write base data version: 51100, memory: 4049592320 bytes (3861.99 MB)
write base data version: 51200, memory: 4205375488 bytes (4010.56 MB)
write base data version: 51300, memory: 4353286144 bytes (4151.62 MB)
write base data version: 51400, memory: 4501155840 bytes (4292.64 MB)
write base data version: 51500, memory: 4129304576 bytes (3938.01 MB)
write base data version: 51600, memory: 4259176448 bytes (4061.87 MB)
write base data version: 51700, memory: 4330786816 bytes (4130.16 MB)
write base data version: 51800, memory: 4482838528 bytes (4275.17 MB)
write base data version: 51900, memory: 4105428992 bytes (3915.24 MB)
write base data version: 52000, memory: 4248526848 bytes (4051.71 MB)
write base data version: 52100, memory: 4390170624 bytes (4186.79 MB)
write base data version: 52200, memory: 4019527680 bytes (3833.32 MB)
write base data version: 52300, memory: 4163624960 bytes (3970.74 MB)
write base data version: 52400, memory: 4304551936 bytes (4105.14 MB)
write base data version: 52500, memory: 4449574912 bytes (4243.45 MB)
write base data version: 52600, memory: 4071071744 bytes (3882.48 MB)
write base data version: 52700, memory: 4212518912 bytes (4017.37 MB)
write base data version: 52800, memory: 4357337088 bytes (4155.48 MB)
write base data version: 52900, memory: 4499750912 bytes (4291.30 MB)
write base data version: 53000, memory: 4122087424 bytes (3931.13 MB)
write base data version: 53100, memory: 4266254336 bytes (4068.62 MB)
write base data version: 53200, memory: 4418949120 bytes (4214.24 MB)
write base data version: 53300, memory: 4040339456 bytes (3853.17 MB)
write base data version: 53400, memory: 4183912448 bytes (3990.09 MB)
write base data version: 53500, memory: 4327288832 bytes (4126.82 MB)
write base data version: 53600, memory: 4468604928 bytes (4261.59 MB)
write base data version: 53700, memory: 4093050880 bytes (3903.44 MB)
write base data version: 53800, memory: 4240179200 bytes (4043.75 MB)
write base data version: 53900, memory: 4399292416 bytes (4195.49 MB)
write base data version: 54000, memory: 4542287872 bytes (4331.86 MB)
write base data version: 54100, memory: 4181110784 bytes (3987.42 MB)
write base data version: 54200, memory: 4327190528 bytes (4126.73 MB)
write base data version: 54300, memory: 4470714368 bytes (4263.61 MB)
write base data version: 54400, memory: 4094136320 bytes (3904.47 MB)
write base data version: 54500, memory: 4236079104 bytes (4039.84 MB)
write base data version: 54600, memory: 4387807232 bytes (4184.54 MB)
write base data version: 54700, memory: 4534427648 bytes (4324.37 MB)
write base data version: 54800, memory: 4155260928 bytes (3962.77 MB)
write base data version: 54900, memory: 4300464128 bytes (4101.24 MB)
write base data version: 55000, memory: 4442533888 bytes (4236.73 MB)
write base data version: 55100, memory: 4584378368 bytes (4372.00 MB)
write base data version: 55200, memory: 4232568832 bytes (4036.49 MB)
write base data version: 55300, memory: 4385878016 bytes (4182.70 MB)
write base data version: 55400, memory: 4534104064 bytes (4324.06 MB)
write base data version: 55500, memory: 4169601024 bytes (3976.44 MB)
write base data version: 55600, memory: 4310376448 bytes (4110.70 MB)
write base data version: 55700, memory: 4455882752 bytes (4249.46 MB)
write base data version: 55800, memory: 4596690944 bytes (4383.75 MB)
write base data version: 55900, memory: 4219297792 bytes (4023.84 MB)
write base data version: 56000, memory: 4364271616 bytes (4162.09 MB)
write base data version: 56100, memory: 4505116672 bytes (4296.41 MB)
write base data version: 56200, memory: 4130111488 bytes (3938.78 MB)
write base data version: 56300, memory: 4271140864 bytes (4073.28 MB)
write base data version: 56400, memory: 4414328832 bytes (4209.83 MB)
write base data version: 56500, memory: 4558200832 bytes (4347.04 MB)
write base data version: 56600, memory: 4193312768 bytes (3999.05 MB)
write base data version: 56700, memory: 4354002944 bytes (4152.30 MB)
write base data version: 56800, memory: 4507914240 bytes (4299.08 MB)
write base data version: 56900, memory: 4652175360 bytes (4436.66 MB)
write base data version: 57000, memory: 4290158592 bytes (4091.41 MB)
write base data version: 57100, memory: 4435755008 bytes (4230.27 MB)
write base data version: 57200, memory: 4580970496 bytes (4368.75 MB)
write base data version: 57300, memory: 4201836544 bytes (4007.18 MB)
write base data version: 57400, memory: 4347416576 bytes (4146.02 MB)
write base data version: 57500, memory: 4502171648 bytes (4293.61 MB)
write base data version: 57600, memory: 4647198720 bytes (4431.91 MB)
write base data version: 57700, memory: 4268785664 bytes (4071.03 MB)
write base data version: 57800, memory: 4414025728 bytes (4209.54 MB)
write base data version: 57900, memory: 4555145216 bytes (4344.12 MB)
write base data version: 58000, memory: 4698251264 bytes (4480.60 MB)
write base data version: 58100, memory: 4321529856 bytes (4121.33 MB)
write base data version: 58200, memory: 4481626112 bytes (4274.01 MB)
write base data version: 58300, memory: 4625801216 bytes (4411.51 MB)
write base data version: 58400, memory: 4248973312 bytes (4052.14 MB)
write base data version: 58500, memory: 4392583168 bytes (4189.09 MB)
write base data version: 58600, memory: 4534550528 bytes (4324.48 MB)
write base data version: 58700, memory: 4675919872 bytes (4459.30 MB)
write base data version: 58800, memory: 4316381184 bytes (4116.42 MB)
write base data version: 58900, memory: 4473847808 bytes (4266.59 MB)
write base data version: 59000, memory: 4622262272 bytes (4408.13 MB)
write base data version: 59100, memory: 4773847040 bytes (4552.70 MB)
write base data version: 59200, memory: 4396040192 bytes (4192.39 MB)
write base data version: 59300, memory: 4537221120 bytes (4327.03 MB)
write base data version: 59400, memory: 4681166848 bytes (4464.31 MB)
write base data version: 59500, memory: 4304465920 bytes (4105.06 MB)
write base data version: 59600, memory: 4455137280 bytes (4248.75 MB)
write base data version: 59700, memory: 4605734912 bytes (4392.37 MB)
write base data version: 59800, memory: 4759191552 bytes (4538.72 MB)
write base data version: 59900, memory: 4393566208 bytes (4190.03 MB)
write base data version: 60000, memory: 4539355136 bytes (4329.07 MB)
write base data version: 60100, memory: 4684189696 bytes (4467.19 MB)
write base data version: 60200, memory: 4825210880 bytes (4601.68 MB)
write base data version: 60300, memory: 4450979840 bytes (4244.79 MB)
write base data version: 60400, memory: 4603269120 bytes (4390.02 MB)
write base data version: 60500, memory: 4754272256 bytes (4534.03 MB)
write base data version: 60600, memory: 4377235456 bytes (4174.46 MB)
write base data version: 60700, memory: 4518236160 bytes (4308.93 MB)
write base data version: 60800, memory: 4663496704 bytes (4447.46 MB)
write base data version: 60900, memory: 4805197824 bytes (4582.59 MB)
write base data version: 61000, memory: 4428742656 bytes (4223.58 MB)
write base data version: 61100, memory: 4580954112 bytes (4368.74 MB)
write base data version: 61200, memory: 4740370432 bytes (4520.77 MB)
write base data version: 61300, memory: 4365139968 bytes (4162.92 MB)
write base data version: 61400, memory: 4504846336 bytes (4296.16 MB)
write base data version: 61500, memory: 4649074688 bytes (4433.70 MB)
write base data version: 61600, memory: 4792872960 bytes (4570.84 MB)
write base data version: 61700, memory: 4414889984 bytes (4210.37 MB)
write base data version: 61800, memory: 4568154112 bytes (4356.53 MB)
write base data version: 61900, memory: 4719001600 bytes (4500.39 MB)
write base data version: 62000, memory: 4863766528 bytes (4638.45 MB)
write base data version: 62100, memory: 4484423680 bytes (4276.68 MB)
write base data version: 62200, memory: 4629319680 bytes (4414.86 MB)
write base data version: 62300, memory: 4771164160 bytes (4550.14 MB)
write base data version: 62400, memory: 4394229760 bytes (4190.66 MB)
write base data version: 62500, memory: 4538732544 bytes (4328.47 MB)
write base data version: 62600, memory: 4696031232 bytes (4478.48 MB)
write base data version: 62700, memory: 4839833600 bytes (4615.62 MB)
write base data version: 62800, memory: 4478844928 bytes (4271.36 MB)
write base data version: 62900, memory: 4619526144 bytes (4405.52 MB)
write base data version: 63000, memory: 4764512256 bytes (4543.79 MB)
write base data version: 63100, memory: 4906090496 bytes (4678.81 MB)
write base data version: 63200, memory: 4544548864 bytes (4334.02 MB)
write base data version: 63300, memory: 4703203328 bytes (4485.32 MB)
write base data version: 63400, memory: 4845694976 bytes (4621.21 MB)
write base data version: 63500, memory: 4470001664 bytes (4262.93 MB)
write base data version: 63600, memory: 4612435968 bytes (4398.76 MB)
write base data version: 63700, memory: 4755763200 bytes (4535.45 MB)
write base data version: 63800, memory: 4897763328 bytes (4670.87 MB)
write base data version: 63900, memory: 4521336832 bytes (4311.88 MB)
write base data version: 64000, memory: 4669521920 bytes (4453.20 MB)
write base data version: 64100, memory: 4811706368 bytes (4588.80 MB)
write base data version: 64200, memory: 4958294016 bytes (4728.60 MB)
write base data version: 64300, memory: 4580229120 bytes (4368.05 MB)
write base data version: 64400, memory: 4723691520 bytes (4504.86 MB)
write base data version: 64500, memory: 4865155072 bytes (4639.77 MB)
write base data version: 64600, memory: 4489449472 bytes (4281.47 MB)
write base data version: 64700, memory: 4632203264 bytes (4417.61 MB)
write base data version: 64800, memory: 4775092224 bytes (4553.88 MB)
write base data version: 64900, memory: 4916637696 bytes (4688.87 MB)
write base data version: 65000, memory: 4541300736 bytes (4330.92 MB)
write base data version: 65100, memory: 4683493376 bytes (4466.53 MB)
write base data version: 65200, memory: 4824719360 bytes (4601.21 MB)
write base data version: 65300, memory: 4969934848 bytes (4739.70 MB)
write base data version: 65400, memory: 4591697920 bytes (4378.98 MB)
write base data version: 65500, memory: 4736548864 bytes (4517.12 MB)
write base data version: 65600, memory: 4872413184 bytes (4646.70 MB)
write base data version: 65700, memory: 4500094976 bytes (4291.62 MB)
write base data version: 65800, memory: 4644069376 bytes (4428.93 MB)
write base data version: 65900, memory: 4786315264 bytes (4564.59 MB)
write base data version: 66000, memory: 4927795200 bytes (4699.51 MB)
write base data version: 66100, memory: 4552556544 bytes (4341.66 MB)
write base data version: 66200, memory: 4694122496 bytes (4476.66 MB)
write base data version: 66300, memory: 4840415232 bytes (4616.18 MB)
write base data version: 66400, memory: 4461764608 bytes (4255.07 MB)
write base data version: 66500, memory: 4604190720 bytes (4390.90 MB)
write base data version: 66600, memory: 4747915264 bytes (4527.96 MB)
write base data version: 66700, memory: 4889354240 bytes (4662.85 MB)
write base data version: 66800, memory: 4513808384 bytes (4304.70 MB)
write base data version: 66900, memory: 4655710208 bytes (4440.03 MB)
write base data version: 67000, memory: 4799008768 bytes (4576.69 MB)
write base data version: 67100, memory: 4945461248 bytes (4716.36 MB)
write base data version: 67200, memory: 4567961600 bytes (4356.35 MB)
write base data version: 67300, memory: 4709326848 bytes (4491.16 MB)
write base data version: 67400, memory: 4853927936 bytes (4629.07 MB)
write base data version: 67500, memory: 4479602688 bytes (4272.08 MB)
write base data version: 67600, memory: 4641595392 bytes (4426.57 MB)
write base data version: 67700, memory: 4796276736 bytes (4574.09 MB)
write base data version: 67800, memory: 4941434880 bytes (4712.52 MB)
write base data version: 67900, memory: 4564082688 bytes (4352.65 MB)
write base data version: 68000, memory: 4706050048 bytes (4488.04 MB)
write base data version: 68100, memory: 4850954240 bytes (4626.23 MB)
write base data version: 68200, memory: 4993888256 bytes (4762.54 MB)
write base data version: 68300, memory: 4632166400 bytes (4417.58 MB)
write base data version: 68400, memory: 4785381376 bytes (4563.70 MB)
write base data version: 68500, memory: 4940431360 bytes (4711.56 MB)
write base data version: 68600, memory: 4567273472 bytes (4355.69 MB)
write base data version: 68700, memory: 4712013824 bytes (4493.73 MB)
write base data version: 68800, memory: 4853112832 bytes (4628.29 MB)
write base data version: 68900, memory: 4996083712 bytes (4764.64 MB)
write base data version: 69000, memory: 4631461888 bytes (4416.91 MB)
write base data version: 69100, memory: 4786413568 bytes (4564.68 MB)
write base data version: 69200, memory: 4939776000 bytes (4710.94 MB)
write base data version: 69300, memory: 5082042368 bytes (4846.61 MB)
write base data version: 69400, memory: 4705378304 bytes (4487.40 MB)
write base data version: 69500, memory: 4847190016 bytes (4622.64 MB)
write base data version: 69600, memory: 4991389696 bytes (4760.16 MB)
write base data version: 69700, memory: 4613324800 bytes (4399.61 MB)
write base data version: 69800, memory: 4758609920 bytes (4538.16 MB)
write base data version: 69900, memory: 4905111552 bytes (4677.88 MB)
write base data version: 70000, memory: 5050142720 bytes (4816.19 MB)
write base data version: 70100, memory: 4673040384 bytes (4456.56 MB)
write base data version: 70200, memory: 4816117760 bytes (4593.01 MB)
write base data version: 70300, memory: 4957937664 bytes (4728.26 MB)
write base data version: 70400, memory: 4582010880 bytes (4369.75 MB)
write base data version: 70500, memory: 4726005760 bytes (4507.07 MB)
write base data version: 70600, memory: 4879249408 bytes (4653.21 MB)
write base data version: 70700, memory: 5031014400 bytes (4797.95 MB)
write base data version: 70800, memory: 4651798528 bytes (4436.30 MB)
write base data version: 70900, memory: 4795957248 bytes (4573.78 MB)
write base data version: 71000, memory: 4938018816 bytes (4709.26 MB)
write base data version: 71100, memory: 5082226688 bytes (4846.79 MB)
write base data version: 71200, memory: 4703895552 bytes (4485.98 MB)
write base data version: 71300, memory: 4846067712 bytes (4621.57 MB)
write base data version: 71400, memory: 4989210624 bytes (4758.08 MB)
write base data version: 71500, memory: 4610580480 bytes (4396.99 MB)
write base data version: 71600, memory: 4753801216 bytes (4533.58 MB)
write base data version: 71700, memory: 4898488320 bytes (4671.56 MB)
write base data version: 71800, memory: 5040214016 bytes (4806.72 MB)
write base data version: 71900, memory: 4672598016 bytes (4456.14 MB)
write base data version: 72000, memory: 4833402880 bytes (4609.49 MB)
write base data version: 72100, memory: 4984492032 bytes (4753.58 MB)
write base data version: 72200, memory: 5124571136 bytes (4887.17 MB)
write base data version: 72300, memory: 4750442496 bytes (4530.38 MB)
write base data version: 72400, memory: 4894760960 bytes (4668.01 MB)
write base data version: 72500, memory: 5035859968 bytes (4802.57 MB)
write base data version: 72600, memory: 4659965952 bytes (4444.09 MB)
write base data version: 72700, memory: 4807380992 bytes (4584.68 MB)
write base data version: 72800, memory: 4968927232 bytes (4738.74 MB)
write base data version: 72900, memory: 5115334656 bytes (4878.36 MB)
write base data version: 73000, memory: 4752236544 bytes (4532.09 MB)
write base data version: 73100, memory: 4896657408 bytes (4669.82 MB)
write base data version: 73200, memory: 5038444544 bytes (4805.04 MB)
write base data version: 73300, memory: 5180801024 bytes (4940.80 MB)
write base data version: 73400, memory: 4821831680 bytes (4598.46 MB)
write base data version: 73500, memory: 4980940800 bytes (4750.20 MB)
write base data version: 73600, memory: 5129883648 bytes (4892.24 MB)
write base data version: 73700, memory: 4750741504 bytes (4530.66 MB)
write base data version: 73800, memory: 4894576640 bytes (4667.83 MB)
write base data version: 73900, memory: 5037625344 bytes (4804.25 MB)
write base data version: 74000, memory: 5178785792 bytes (4938.88 MB)
write base data version: 74100, memory: 4803809280 bytes (4581.27 MB)
write base data version: 74200, memory: 4944400384 bytes (4715.35 MB)
write base data version: 74300, memory: 5100822528 bytes (4864.52 MB)
write base data version: 74400, memory: 5247422464 bytes (5004.33 MB)
write base data version: 74500, memory: 4874629120 bytes (4648.81 MB)
write base data version: 74600, memory: 5012213760 bytes (4780.02 MB)
write base data version: 74700, memory: 5159022592 bytes (4920.03 MB)
write base data version: 74800, memory: 5302575104 bytes (5056.93 MB)
write base data version: 74900, memory: 4941213696 bytes (4712.31 MB)
write base data version: 75000, memory: 5101121536 bytes (4864.81 MB)
write base data version: 75100, memory: 5247049728 bytes (5003.98 MB)
write base data version: 75200, memory: 4867977216 bytes (4642.46 MB)
write base data version: 75300, memory: 5013241856 bytes (4781.00 MB)
write base data version: 75400, memory: 5154201600 bytes (4915.43 MB)
write base data version: 75500, memory: 4779278336 bytes (4557.88 MB)
write base data version: 75600, memory: 4919676928 bytes (4691.77 MB)
write base data version: 75700, memory: 5067399168 bytes (4832.65 MB)
write base data version: 75800, memory: 5214883840 bytes (4973.30 MB)
write base data version: 75900, memory: 4837679104 bytes (4613.57 MB)
write base data version: 76000, memory: 4980903936 bytes (4750.16 MB)
write base data version: 76100, memory: 5123452928 bytes (4886.11 MB)
write base data version: 76200, memory: 5265649664 bytes (5021.71 MB)
write base data version: 76300, memory: 4890099712 bytes (4663.56 MB)
write base data version: 76400, memory: 5032202240 bytes (4799.08 MB)
write base data version: 76500, memory: 5175513088 bytes (4935.75 MB)
write base data version: 76600, memory: 4797964288 bytes (4575.70 MB)
write base data version: 76700, memory: 4941099008 bytes (4712.20 MB)
write base data version: 76800, memory: 5082521600 bytes (4847.07 MB)
write base data version: 76900, memory: 5227737088 bytes (4985.56 MB)
write base data version: 77000, memory: 4856401920 bytes (4631.43 MB)
write base data version: 77100, memory: 5017055232 bytes (4784.64 MB)
write base data version: 77200, memory: 5173985280 bytes (4934.30 MB)
write base data version: 77300, memory: 5325467648 bytes (5078.76 MB)
write base data version: 77400, memory: 4959813632 bytes (4730.05 MB)
write base data version: 77500, memory: 5101166592 bytes (4864.85 MB)
write base data version: 77600, memory: 5243383808 bytes (5000.48 MB)
write base data version: 77700, memory: 4874506240 bytes (4648.69 MB)
write base data version: 77800, memory: 5034364928 bytes (4801.14 MB)
write base data version: 77900, memory: 5187325952 bytes (4947.02 MB)
write base data version: 78000, memory: 5336854528 bytes (5089.62 MB)
write base data version: 78100, memory: 4969431040 bytes (4739.22 MB)
write base data version: 78200, memory: 5115654144 bytes (4878.67 MB)
write base data version: 78300, memory: 5260070912 bytes (5016.39 MB)
write base data version: 78400, memory: 5402161152 bytes (5151.90 MB)
write base data version: 78500, memory: 5024833536 bytes (4792.05 MB)
write base data version: 78600, memory: 5168070656 bytes (4928.66 MB)
write base data version: 78700, memory: 5309288448 bytes (5063.33 MB)
write base data version: 78800, memory: 4933971968 bytes (4705.40 MB)
write base data version: 78900, memory: 5071093760 bytes (4836.17 MB)
write base data version: 79000, memory: 5218881536 bytes (4977.11 MB)
write base data version: 79100, memory: 5360197632 bytes (5111.88 MB)
write base data version: 79200, memory: 4984856576 bytes (4753.93 MB)
write base data version: 79300, memory: 5125939200 bytes (4888.48 MB)
write base data version: 79400, memory: 5275140096 bytes (5030.77 MB)
write base data version: 79500, memory: 5418041344 bytes (5167.05 MB)
write base data version: 79600, memory: 5040558080 bytes (4807.05 MB)
write base data version: 79700, memory: 5185110016 bytes (4944.91 MB)
write base data version: 79800, memory: 5326442496 bytes (5079.69 MB)
write base data version: 79900, memory: 4951298048 bytes (4721.93 MB)
write base data version: 80000, memory: 5101391872 bytes (4865.07 MB)
write base data version: 80100, memory: 5255364608 bytes (5011.91 MB)
write base data version: 80200, memory: 5404139520 bytes (5153.79 MB)
write base data version: 80300, memory: 5030043648 bytes (4797.02 MB)
write base data version: 80400, memory: 5173063680 bytes (4933.42 MB)
write base data version: 80500, memory: 5314297856 bytes (5068.11 MB)
write base data version: 80600, memory: 4939501568 bytes (4710.68 MB)
write base data version: 80700, memory: 5080035328 bytes (4844.70 MB)
write base data version: 80800, memory: 5239881728 bytes (4997.14 MB)
write base data version: 80900, memory: 5384478720 bytes (5135.04 MB)
write base data version: 81000, memory: 5017026560 bytes (4784.61 MB)
write base data version: 81100, memory: 5162246144 bytes (4923.10 MB)
write base data version: 81200, memory: 5306032128 bytes (5060.23 MB)
write base data version: 81300, memory: 5446483968 bytes (5194.17 MB)
write base data version: 81400, memory: 5068148736 bytes (4833.36 MB)
write base data version: 81500, memory: 5226696704 bytes (4984.57 MB)
write base data version: 81600, memory: 5379342336 bytes (5130.14 MB)
write base data version: 81700, memory: 5002428416 bytes (4770.69 MB)
write base data version: 81800, memory: 5146992640 bytes (4908.55 MB)
write base data version: 81900, memory: 5288599552 bytes (5043.60 MB)
write base data version: 82000, memory: 5432934400 bytes (5181.25 MB)
write base data version: 82100, memory: 5068136448 bytes (4833.35 MB)
write base data version: 82200, memory: 5228408832 bytes (4986.20 MB)
write base data version: 82300, memory: 5378277376 bytes (5129.12 MB)
write base data version: 82400, memory: 5519462400 bytes (5263.77 MB)
write base data version: 82500, memory: 5144174592 bytes (4905.87 MB)
write base data version: 82600, memory: 5285277696 bytes (5040.43 MB)
write base data version: 82700, memory: 5430325248 bytes (5178.76 MB)
write base data version: 82800, memory: 5051596800 bytes (4817.58 MB)
write base data version: 82900, memory: 5195739136 bytes (4955.04 MB)
write base data version: 83000, memory: 5349613568 bytes (5101.79 MB)
write base data version: 83100, memory: 5495529472 bytes (5240.95 MB)
write base data version: 83200, memory: 5118447616 bytes (4881.33 MB)
write base data version: 83300, memory: 5261164544 bytes (5017.44 MB)
write base data version: 83400, memory: 5404024832 bytes (5153.68 MB)
write base data version: 83500, memory: 5546721280 bytes (5289.77 MB)
write base data version: 83600, memory: 5175267328 bytes (4935.52 MB)
write base data version: 83700, memory: 5323939840 bytes (5077.30 MB)
write base data version: 83800, memory: 5477511168 bytes (5223.76 MB)
write base data version: 83900, memory: 5115408384 bytes (4878.43 MB)
write base data version: 84000, memory: 5270638592 bytes (5026.47 MB)
write base data version: 84100, memory: 5420695552 bytes (5169.58 MB)
write base data version: 84200, memory: 5562048512 bytes (5304.38 MB)
write base data version: 84300, memory: 5187313664 bytes (4947.01 MB)
write base data version: 84400, memory: 5334736896 bytes (5087.60 MB)
write base data version: 84500, memory: 5497675776 bytes (5242.99 MB)
write base data version: 84600, memory: 5648625664 bytes (5386.95 MB)
write base data version: 84700, memory: 5272875008 bytes (5028.61 MB)
write base data version: 84800, memory: 5415133184 bytes (5164.27 MB)
write base data version: 84900, memory: 5556576256 bytes (5299.16 MB)
write base data version: 85000, memory: 5178335232 bytes (4938.45 MB)
write base data version: 85100, memory: 5320060928 bytes (5073.61 MB)
write base data version: 85200, memory: 5462786048 bytes (5209.72 MB)
write base data version: 85300, memory: 5613498368 bytes (5353.45 MB)
write base data version: 85400, memory: 5213491200 bytes (4971.97 MB)
write base data version: 85500, memory: 5357281280 bytes (5109.10 MB)
write base data version: 85600, memory: 5498908672 bytes (5244.17 MB)
write base data version: 85700, memory: 5121732608 bytes (4884.46 MB)
write base data version: 85800, memory: 5270405120 bytes (5026.25 MB)
write base data version: 85900, memory: 5423980544 bytes (5172.71 MB)
write base data version: 86000, memory: 5581385728 bytes (5322.82 MB)
write base data version: 86100, memory: 5207453696 bytes (4966.21 MB)
write base data version: 86200, memory: 5360332800 bytes (5112.01 MB)
write base data version: 86300, memory: 5506519040 bytes (5251.43 MB)
write base data version: 86400, memory: 5651681280 bytes (5389.86 MB)
write base data version: 86500, memory: 5277466624 bytes (5032.98 MB)
write base data version: 86600, memory: 5436923904 bytes (5185.05 MB)
write base data version: 86700, memory: 5578305536 bytes (5319.89 MB)
write base data version: 86800, memory: 5202210816 bytes (4961.21 MB)
write base data version: 86900, memory: 5344677888 bytes (5097.08 MB)
write base data version: 87000, memory: 5486063616 bytes (5231.92 MB)
write base data version: 87100, memory: 5630963712 bytes (5370.11 MB)
write base data version: 87200, memory: 5252128768 bytes (5008.82 MB)
write base data version: 87300, memory: 5396840448 bytes (5146.83 MB)
write base data version: 87400, memory: 5538672640 bytes (5282.09 MB)
write base data version: 87500, memory: 5681688576 bytes (5418.48 MB)
write base data version: 87600, memory: 5305692160 bytes (5059.90 MB)
write base data version: 87700, memory: 5447000064 bytes (5194.66 MB)
write base data version: 87800, memory: 5589979136 bytes (5331.02 MB)
write base data version: 87900, memory: 5212790784 bytes (4971.30 MB)
write base data version: 88000, memory: 5357170688 bytes (5109.00 MB)
write base data version: 88100, memory: 5498216448 bytes (5243.51 MB)
write base data version: 88200, memory: 5642731520 bytes (5381.33 MB)
write base data version: 88300, memory: 5264019456 bytes (5020.16 MB)
write base data version: 88400, memory: 5407674368 bytes (5157.16 MB)
write base data version: 88500, memory: 5549989888 bytes (5292.88 MB)
write base data version: 88600, memory: 5692669952 bytes (5428.95 MB)
write base data version: 88700, memory: 5316145152 bytes (5069.87 MB)
write base data version: 88800, memory: 5461639168 bytes (5208.62 MB)
write base data version: 88900, memory: 5614858240 bytes (5354.75 MB)
write base data version: 89000, memory: 5236334592 bytes (4993.76 MB)
write base data version: 89100, memory: 5381484544 bytes (5132.18 MB)
write base data version: 89200, memory: 5522841600 bytes (5266.99 MB)
write base data version: 89300, memory: 5667295232 bytes (5404.75 MB)
write base data version: 89400, memory: 5306290176 bytes (5060.47 MB)
write base data version: 89500, memory: 5468143616 bytes (5214.83 MB)
write base data version: 89600, memory: 5611298816 bytes (5351.35 MB)
write base data version: 89700, memory: 5233762304 bytes (4991.30 MB)
write base data version: 89800, memory: 5377802240 bytes (5128.67 MB)
write base data version: 89900, memory: 5518196736 bytes (5262.56 MB)
write base data version: 90000, memory: 5663301632 bytes (5400.95 MB)
write base data version: 90100, memory: 5285900288 bytes (5041.03 MB)
write base data version: 90200, memory: 5428830208 bytes (5177.34 MB)
write base data version: 90300, memory: 5573255168 bytes (5315.07 MB)
write base data version: 90400, memory: 5721534464 bytes (5456.48 MB)
write base data version: 90500, memory: 5342920704 bytes (5095.41 MB)
write base data version: 90600, memory: 5486678016 bytes (5232.50 MB)
write base data version: 90700, memory: 5628907520 bytes (5368.14 MB)
write base data version: 90800, memory: 5254000640 bytes (5010.61 MB)
write base data version: 90900, memory: 5418823680 bytes (5167.79 MB)
write base data version: 91000, memory: 5566926848 bytes (5309.04 MB)
write base data version: 91100, memory: 5712576512 bytes (5447.94 MB)
write base data version: 91200, memory: 5334241280 bytes (5087.13 MB)
write base data version: 91300, memory: 5475454976 bytes (5221.80 MB)
write base data version: 91400, memory: 5621202944 bytes (5360.80 MB)
write base data version: 91500, memory: 5762428928 bytes (5495.48 MB)
write base data version: 91600, memory: 5385945088 bytes (5136.44 MB)
write base data version: 91700, memory: 5535993856 bytes (5279.54 MB)
write base data version: 91800, memory: 5688131584 bytes (5424.62 MB)
write base data version: 91900, memory: 5310603264 bytes (5064.59 MB)
write base data version: 92000, memory: 5452083200 bytes (5199.51 MB)
write base data version: 92100, memory: 5597286400 bytes (5337.99 MB)
write base data version: 92200, memory: 5739081728 bytes (5473.21 MB)
write base data version: 92300, memory: 5361352704 bytes (5112.98 MB)
write base data version: 92400, memory: 5489745920 bytes (5235.43 MB)
write base data version: 92500, memory: 5631131648 bytes (5370.27 MB)
write base data version: 92600, memory: 5775998976 bytes (5508.42 MB)
write base data version: 92700, memory: 5397098496 bytes (5147.07 MB)
write base data version: 92800, memory: 5542211584 bytes (5285.46 MB)
write base data version: 92900, memory: 5683195904 bytes (5419.92 MB)
write base data version: 93000, memory: 5307854848 bytes (5061.96 MB)
write base data version: 93100, memory: 5449211904 bytes (5196.77 MB)
write base data version: 93200, memory: 5594976256 bytes (5335.79 MB)
write base data version: 93300, memory: 5737132032 bytes (5471.36 MB)
write base data version: 93400, memory: 5372407808 bytes (5123.53 MB)
write base data version: 93500, memory: 5516587008 bytes (5261.03 MB)
write base data version: 93600, memory: 5657817088 bytes (5395.71 MB)
write base data version: 93700, memory: 5280788480 bytes (5036.15 MB)
write base data version: 93800, memory: 5423296512 bytes (5172.06 MB)
write base data version: 93900, memory: 5567729664 bytes (5309.80 MB)
write base data version: 94000, memory: 5708488704 bytes (5444.04 MB)
write base data version: 94100, memory: 5332578304 bytes (5085.54 MB)
write base data version: 94200, memory: 5474750464 bytes (5221.13 MB)
write base data version: 94300, memory: 5618274304 bytes (5358.00 MB)
write base data version: 94400, memory: 5759377408 bytes (5492.57 MB)
write base data version: 94500, memory: 5398573056 bytes (5148.48 MB)
write base data version: 94600, memory: 5559046144 bytes (5301.52 MB)
write base data version: 94700, memory: 5708079104 bytes (5443.65 MB)
write base data version: 94800, memory: 5340495872 bytes (5093.09 MB)
write base data version: 94900, memory: 5485412352 bytes (5231.30 MB)
write base data version: 95000, memory: 5626675200 bytes (5366.02 MB)
write base data version: 95100, memory: 5768658944 bytes (5501.42 MB)
write base data version: 95200, memory: 5392207872 bytes (5142.41 MB)
write base data version: 95300, memory: 5543268352 bytes (5286.47 MB)
write base data version: 95400, memory: 5683789824 bytes (5420.48 MB)
write base data version: 95500, memory: 5828456448 bytes (5558.45 MB)
write base data version: 95600, memory: 5449306112 bytes (5196.86 MB)
write base data version: 95700, memory: 5593939968 bytes (5334.80 MB)
write base data version: 95800, memory: 5735079936 bytes (5469.40 MB)
write base data version: 95900, memory: 5360340992 bytes (5112.02 MB)
write base data version: 96000, memory: 5501034496 bytes (5246.20 MB)
write base data version: 96100, memory: 5645623296 bytes (5384.09 MB)
write base data version: 96200, memory: 5798686720 bytes (5530.06 MB)
write base data version: 96300, memory: 5423857664 bytes (5172.59 MB)
write base data version: 96400, memory: 5566357504 bytes (5308.49 MB)
write base data version: 96500, memory: 5709590528 bytes (5445.09 MB)
write base data version: 96600, memory: 5852246016 bytes (5581.14 MB)
write base data version: 96700, memory: 5475368960 bytes (5221.72 MB)
write base data version: 96800, memory: 5619703808 bytes (5359.37 MB)
write base data version: 96900, memory: 5760253952 bytes (5493.41 MB)
write base data version: 97000, memory: 5385154560 bytes (5135.68 MB)
write base data version: 97100, memory: 5526532096 bytes (5270.51 MB)
write base data version: 97200, memory: 5668167680 bytes (5405.59 MB)
write base data version: 97300, memory: 5813370880 bytes (5544.06 MB)
write base data version: 97400, memory: 5434417152 bytes (5182.66 MB)
write base data version: 97500, memory: 5593059328 bytes (5333.96 MB)
write base data version: 97600, memory: 5735550976 bytes (5469.85 MB)
write base data version: 97700, memory: 5878349824 bytes (5606.03 MB)
write base data version: 97800, memory: 5502124032 bytes (5247.23 MB)
write base data version: 97900, memory: 5643505664 bytes (5382.07 MB)
write base data version: 98000, memory: 5786517504 bytes (5518.45 MB)
write base data version: 98100, memory: 5409984512 bytes (5159.36 MB)
write base data version: 98200, memory: 5552623616 bytes (5295.39 MB)
write base data version: 98300, memory: 5706993664 bytes (5442.61 MB)
write base data version: 98400, memory: 5848690688 bytes (5577.75 MB)
write base data version: 98500, memory: 5473177600 bytes (5219.63 MB)
write base data version: 98600, memory: 5614186496 bytes (5354.11 MB)
write base data version: 98700, memory: 5758824448 bytes (5492.04 MB)
write base data version: 98800, memory: 5381292032 bytes (5132.00 MB)
write base data version: 98900, memory: 5522812928 bytes (5266.96 MB)
write base data version: 99000, memory: 5667741696 bytes (5405.18 MB)
write base data version: 99100, memory: 5810892800 bytes (5541.70 MB)
write base data version: 99200, memory: 5437054976 bytes (5185.18 MB)
write base data version: 99300, memory: 5578145792 bytes (5319.73 MB)
write base data version: 99400, memory: 5722890240 bytes (5457.77 MB)
write base data version: 99500, memory: 5864640512 bytes (5592.96 MB)
write base data version: 99600, memory: 5488971776 bytes (5234.69 MB)
write base data version: 99700, memory: 5629280256 bytes (5368.50 MB)
write base data version: 99800, memory: 5774233600 bytes (5506.74 MB)
write base data version: 99900, memory: 5394993152 bytes (5145.07 MB)
write base data version: 100000, memory: 5540114432 bytes (5283.46 MB)
tip block: 3303----3304
Test Results: 
  Total Disk Usage: 170034.48 MB
  Average Per Record: 1782.94 bytes
[test batch write] generate key value
[test batch write] write data
[test batch write] flush
tip block: 3305----3305
  Write Throughput: 10357.66 records/sec
  Read Throughput:  27789.67 records/sec
  Current Memory:   5485.54 MB
  Peak Memory:      5625.51 MB
  Memory Per Record: 57.52 bytes

========== Testing at data scale: 1,000,000,000 ==========
Writing 900000000 incremental records (keys: 100000001-1000000000, total: 1000000000)
write base data version: 100100, memory: 5884006400 bytes (5611.43 MB)
write base data version: 100200, memory: 5510057984 bytes (5254.80 MB)
write base data version: 100300, memory: 5654679552 bytes (5392.72 MB)
write base data version: 100400, memory: 5797679104 bytes (5529.10 MB)
write base data version: 100500, memory: 5943308288 bytes (5667.98 MB)
write base data version: 100600, memory: 5565485056 bytes (5307.66 MB)
write base data version: 100700, memory: 5711986688 bytes (5447.38 MB)
write base data version: 100800, memory: 5854420992 bytes (5583.21 MB)
write base data version: 100900, memory: 5999083520 bytes (5721.17 MB)
write base data version: 101000, memory: 5643726848 bytes (5382.28 MB)
write base data version: 101100, memory: 5805928448 bytes (5536.96 MB)
write base data version: 101200, memory: 5959360512 bytes (5683.29 MB)
write base data version: 101300, memory: 5600796672 bytes (5341.34 MB)
write base data version: 101400, memory: 5735723008 bytes (5470.01 MB)
write base data version: 101500, memory: 5881020416 bytes (5608.58 MB)
write base data version: 101600, memory: 6024212480 bytes (5745.14 MB)
write base data version: 101700, memory: 5649461248 bytes (5387.75 MB)
write base data version: 101800, memory: 5799776256 bytes (5531.10 MB)
write base data version: 101900, memory: 5958934528 bytes (5682.88 MB)
write base data version: 102000, memory: 5583097856 bytes (5324.46 MB)
write base data version: 102100, memory: 5746421760 bytes (5480.21 MB)
write base data version: 102200, memory: 5891964928 bytes (5619.02 MB)
write base data version: 102300, memory: 6034321408 bytes (5754.78 MB)
write base data version: 102400, memory: 5670944768 bytes (5408.23 MB)
write base data version: 102500, memory: 5828083712 bytes (5558.09 MB)
write base data version: 102600, memory: 5982400512 bytes (5705.26 MB)
write base data version: 102700, memory: 6124244992 bytes (5840.54 MB)
write base data version: 102800, memory: 5750530048 bytes (5484.13 MB)
write base data version: 102900, memory: 5893038080 bytes (5620.04 MB)
write base data version: 103000, memory: 6039203840 bytes (5759.43 MB)
write base data version: 103100, memory: 5661052928 bytes (5398.80 MB)
write base data version: 103200, memory: 5807210496 bytes (5538.19 MB)
write base data version: 103300, memory: 5951533056 bytes (5675.82 MB)
write base data version: 103400, memory: 6101037056 bytes (5818.40 MB)
write base data version: 103500, memory: 5716844544 bytes (5452.01 MB)
write base data version: 103600, memory: 5867954176 bytes (5596.12 MB)
write base data version: 103700, memory: 6018760704 bytes (5739.94 MB)
write base data version: 103800, memory: 6161096704 bytes (5875.68 MB)
write base data version: 103900, memory: 5789040640 bytes (5520.86 MB)
write base data version: 104000, memory: 5941411840 bytes (5666.17 MB)
write base data version: 104100, memory: 6084964352 bytes (5803.07 MB)
write base data version: 104200, memory: 5710262272 bytes (5445.73 MB)
write base data version: 104300, memory: 5853065216 bytes (5581.92 MB)
write base data version: 104400, memory: 5999079424 bytes (5721.17 MB)
write base data version: 104500, memory: 6142517248 bytes (5857.96 MB)
write base data version: 104600, memory: 5765468160 bytes (5498.38 MB)
write base data version: 104700, memory: 5916684288 bytes (5642.59 MB)
write base data version: 104800, memory: 6063808512 bytes (5782.90 MB)
write base data version: 104900, memory: 5707554816 bytes (5443.15 MB)
write base data version: 105000, memory: 5836128256 bytes (5565.77 MB)
write base data version: 105100, memory: 5980639232 bytes (5703.58 MB)
write base data version: 105200, memory: 6123286528 bytes (5839.62 MB)
write base data version: 105300, memory: 5751447552 bytes (5485.01 MB)
write base data version: 105400, memory: 5900255232 bytes (5626.92 MB)
write base data version: 105500, memory: 6059429888 bytes (5778.72 MB)
write base data version: 105600, memory: 6206509056 bytes (5918.99 MB)
write base data version: 105700, memory: 5828567040 bytes (5558.55 MB)
write base data version: 105800, memory: 5975302144 bytes (5698.49 MB)
write base data version: 105900, memory: 6117724160 bytes (5834.32 MB)
write base data version: 106000, memory: 5742239744 bytes (5476.23 MB)
write base data version: 106100, memory: 5887004672 bytes (5614.29 MB)
write base data version: 106200, memory: 6046642176 bytes (5766.53 MB)
write base data version: 106300, memory: 6191665152 bytes (5904.83 MB)
write base data version: 106400, memory: 5762940928 bytes (5495.97 MB)
write base data version: 106500, memory: 5762940928 bytes (5495.97 MB)
write base data version: 106600, memory: 5762940928 bytes (5495.97 MB)
write base data version: 106700, memory: 5762940928 bytes (5495.97 MB)
write base data version: 106800, memory: 5762940928 bytes (5495.97 MB)
write base data version: 106900, memory: 5762940928 bytes (5495.97 MB)
write base data version: 107000, memory: 5763166208 bytes (5496.18 MB)
write base data version: 107100, memory: 5763166208 bytes (5496.18 MB)
write base data version: 107200, memory: 5763166208 bytes (5496.18 MB)
write base data version: 107300, memory: 5763166208 bytes (5496.18 MB)
write base data version: 107400, memory: 5763166208 bytes (5496.18 MB)
write base data version: 107500, memory: 5763166208 bytes (5496.18 MB)
write base data version: 107600, memory: 5763166208 bytes (5496.18 MB)
write base data version: 107700, memory: 5763166208 bytes (5496.18 MB)
write base data version: 107800, memory: 5763166208 bytes (5496.18 MB)
write base data version: 107900, memory: 5763166208 bytes (5496.18 MB)
write base data version: 108000, memory: 5763166208 bytes (5496.18 MB)
write base data version: 108100, memory: 5763166208 bytes (5496.18 MB)
write base data version: 108200, memory: 5763166208 bytes (5496.18 MB)
write base data version: 108300, memory: 5763166208 bytes (5496.18 MB)
write base data version: 108400, memory: 5763166208 bytes (5496.18 MB)
write base data version: 108500, memory: 5763166208 bytes (5496.18 MB)
write base data version: 108600, memory: 5763166208 bytes (5496.18 MB)
write base data version: 108700, memory: 5763166208 bytes (5496.18 MB)
write base data version: 108800, memory: 5763166208 bytes (5496.18 MB)
write base data version: 108900, memory: 5763166208 bytes (5496.18 MB)
write base data version: 109000, memory: 5763166208 bytes (5496.18 MB)
write base data version: 109100, memory: 5763166208 bytes (5496.18 MB)
write base data version: 109200, memory: 5763166208 bytes (5496.18 MB)
write base data version: 109300, memory: 5763166208 bytes (5496.18 MB)
write base data version: 109400, memory: 5763166208 bytes (5496.18 MB)
write base data version: 109500, memory: 5763166208 bytes (5496.18 MB)
write base data version: 109600, memory: 5763166208 bytes (5496.18 MB)
write base data version: 109700, memory: 5763166208 bytes (5496.18 MB)
write base data version: 109800, memory: 5763166208 bytes (5496.18 MB)
write base data version: 109900, memory: 5763166208 bytes (5496.18 MB)
write base data version: 110000, memory: 5763166208 bytes (5496.18 MB)
write base data version: 110100, memory: 5763166208 bytes (5496.18 MB)
write base data version: 110200, memory: 5763166208 bytes (5496.18 MB)
write base data version: 110300, memory: 5763166208 bytes (5496.18 MB)
write base data version: 110400, memory: 5763166208 bytes (5496.18 MB)
write base data version: 110500, memory: 5763166208 bytes (5496.18 MB)
write base data version: 110600, memory: 5763166208 bytes (5496.18 MB)
write base data version: 110700, memory: 5763166208 bytes (5496.18 MB)
write base data version: 110800, memory: 5763166208 bytes (5496.18 MB)
write base data version: 110900, memory: 5763166208 bytes (5496.18 MB)
write base data version: 111000, memory: 5763166208 bytes (5496.18 MB)
write base data version: 111100, memory: 5763166208 bytes (5496.18 MB)
write base data version: 111200, memory: 5763166208 bytes (5496.18 MB)
write base data version: 111300, memory: 5763166208 bytes (5496.18 MB)
write base data version: 111400, memory: 5763166208 bytes (5496.18 MB)
write base data version: 111500, memory: 5763166208 bytes (5496.18 MB)
write base data version: 111600, memory: 5763166208 bytes (5496.18 MB)
write base data version: 111700, memory: 5763166208 bytes (5496.18 MB)
write base data version: 111800, memory: 5763166208 bytes (5496.18 MB)
write base data version: 111900, memory: 5763166208 bytes (5496.18 MB)
write base data version: 112000, memory: 5763166208 bytes (5496.18 MB)
write base data version: 112100, memory: 5763166208 bytes (5496.18 MB)
write base data version: 112200, memory: 5763166208 bytes (5496.18 MB)
write base data version: 112300, memory: 5763166208 bytes (5496.18 MB)
write base data version: 112400, memory: 5763166208 bytes (5496.18 MB)
write base data version: 112500, memory: 5763166208 bytes (5496.18 MB)
write base data version: 112600, memory: 5763166208 bytes (5496.18 MB)
write base data version: 112700, memory: 5763166208 bytes (5496.18 MB)
write base data version: 112800, memory: 5763166208 bytes (5496.18 MB)
write base data version: 112900, memory: 5763166208 bytes (5496.18 MB)
write base data version: 113000, memory: 5763166208 bytes (5496.18 MB)
write base data version: 113100, memory: 5763166208 bytes (5496.18 MB)
write base data version: 113200, memory: 5763166208 bytes (5496.18 MB)
write base data version: 113300, memory: 5763166208 bytes (5496.18 MB)
write base data version: 113400, memory: 5763166208 bytes (5496.18 MB)
write base data version: 113500, memory: 5763166208 bytes (5496.18 MB)
write base data version: 113600, memory: 5763166208 bytes (5496.18 MB)
write base data version: 113700, memory: 5763166208 bytes (5496.18 MB)
write base data version: 113800, memory: 5763166208 bytes (5496.18 MB)
write base data version: 113900, memory: 5763166208 bytes (5496.18 MB)
write base data version: 114000, memory: 5763166208 bytes (5496.18 MB)
write base data version: 114100, memory: 5763166208 bytes (5496.18 MB)
write base data version: 114200, memory: 5763166208 bytes (5496.18 MB)
write base data version: 114300, memory: 5763166208 bytes (5496.18 MB)
write base data version: 114400, memory: 5763166208 bytes (5496.18 MB)
write base data version: 114500, memory: 5763166208 bytes (5496.18 MB)
write base data version: 114600, memory: 5763166208 bytes (5496.18 MB)
write base data version: 114700, memory: 5763166208 bytes (5496.18 MB)
write base data version: 114800, memory: 5763166208 bytes (5496.18 MB)
write base data version: 114900, memory: 5763166208 bytes (5496.18 MB)
write base data version: 115000, memory: 5763166208 bytes (5496.18 MB)
write base data version: 115100, memory: 5763166208 bytes (5496.18 MB)
write base data version: 115200, memory: 5763166208 bytes (5496.18 MB)
write base data version: 115300, memory: 5763166208 bytes (5496.18 MB)
write base data version: 115400, memory: 5763166208 bytes (5496.18 MB)
write base data version: 115500, memory: 5763166208 bytes (5496.18 MB)
write base data version: 115600, memory: 5763166208 bytes (5496.18 MB)
write base data version: 115700, memory: 5763166208 bytes (5496.18 MB)
write base data version: 115800, memory: 5763166208 bytes (5496.18 MB)
write base data version: 115900, memory: 5763166208 bytes (5496.18 MB)
write base data version: 116000, memory: 5763166208 bytes (5496.18 MB)
write base data version: 116100, memory: 5763166208 bytes (5496.18 MB)
write base data version: 116200, memory: 5763166208 bytes (5496.18 MB)
write base data version: 116300, memory: 5763166208 bytes (5496.18 MB)
write base data version: 116400, memory: 5763166208 bytes (5496.18 MB)
write base data version: 116500, memory: 5763166208 bytes (5496.18 MB)
write base data version: 116600, memory: 5763166208 bytes (5496.18 MB)
write base data version: 116700, memory: 5763166208 bytes (5496.18 MB)
write base data version: 116800, memory: 5763166208 bytes (5496.18 MB)
write base data version: 116900, memory: 5763166208 bytes (5496.18 MB)
write base data version: 117000, memory: 5763166208 bytes (5496.18 MB)
write base data version: 117100, memory: 5763166208 bytes (5496.18 MB)
write base data version: 117200, memory: 5763166208 bytes (5496.18 MB)
write base data version: 117300, memory: 5763166208 bytes (5496.18 MB)
write base data version: 117400, memory: 5763166208 bytes (5496.18 MB)
write base data version: 117500, memory: 5763166208 bytes (5496.18 MB)
write base data version: 117600, memory: 5763166208 bytes (5496.18 MB)
write base data version: 117700, memory: 5763166208 bytes (5496.18 MB)
write base data version: 117800, memory: 5763166208 bytes (5496.18 MB)
write base data version: 117900, memory: 5763166208 bytes (5496.18 MB)
write base data version: 118000, memory: 5763166208 bytes (5496.18 MB)
write base data version: 118100, memory: 5763166208 bytes (5496.18 MB)
write base data version: 118200, memory: 5763166208 bytes (5496.18 MB)
write base data version: 118300, memory: 5763166208 bytes (5496.18 MB)
write base data version: 118400, memory: 5763166208 bytes (5496.18 MB)
write base data version: 118500, memory: 5763166208 bytes (5496.18 MB)
write base data version: 118600, memory: 5763166208 bytes (5496.18 MB)
write base data version: 118700, memory: 5763166208 bytes (5496.18 MB)
write base data version: 118800, memory: 5763166208 bytes (5496.18 MB)
write base data version: 118900, memory: 5763166208 bytes (5496.18 MB)
write base data version: 119000, memory: 5763166208 bytes (5496.18 MB)
write base data version: 119100, memory: 5763166208 bytes (5496.18 MB)
write base data version: 119200, memory: 5763166208 bytes (5496.18 MB)
write base data version: 119300, memory: 5763166208 bytes (5496.18 MB)
write base data version: 119400, memory: 5763166208 bytes (5496.18 MB)
write base data version: 119500, memory: 5763166208 bytes (5496.18 MB)
write base data version: 119600, memory: 5763166208 bytes (5496.18 MB)
write base data version: 119700, memory: 5763166208 bytes (5496.18 MB)
write base data version: 119800, memory: 5763166208 bytes (5496.18 MB)
write base data version: 119900, memory: 5763166208 bytes (5496.18 MB)
write base data version: 120000, memory: 5763166208 bytes (5496.18 MB)
write base data version: 120100, memory: 5763166208 bytes (5496.18 MB)
write base data version: 120200, memory: 5763166208 bytes (5496.18 MB)
write base data version: 120300, memory: 5763166208 bytes (5496.18 MB)
write base data version: 120400, memory: 5763166208 bytes (5496.18 MB)
write base data version: 120500, memory: 5763166208 bytes (5496.18 MB)
write base data version: 120600, memory: 5763166208 bytes (5496.18 MB)
write base data version: 120700, memory: 5763166208 bytes (5496.18 MB)
write base data version: 120800, memory: 5763166208 bytes (5496.18 MB)
write base data version: 120900, memory: 5763166208 bytes (5496.18 MB)
write base data version: 121000, memory: 5763166208 bytes (5496.18 MB)
write base data version: 121100, memory: 5763166208 bytes (5496.18 MB)
write base data version: 121200, memory: 5763166208 bytes (5496.18 MB)
write base data version: 121300, memory: 5763166208 bytes (5496.18 MB)
write base data version: 121400, memory: 5763166208 bytes (5496.18 MB)
write base data version: 121500, memory: 5763166208 bytes (5496.18 MB)
write base data version: 121600, memory: 5763166208 bytes (5496.18 MB)
write base data version: 121700, memory: 5763166208 bytes (5496.18 MB)
write base data version: 121800, memory: 5763166208 bytes (5496.18 MB)
write base data version: 121900, memory: 5763166208 bytes (5496.18 MB)
write base data version: 122000, memory: 5763166208 bytes (5496.18 MB)
write base data version: 122100, memory: 5763166208 bytes (5496.18 MB)
write base data version: 122200, memory: 5763166208 bytes (5496.18 MB)
write base data version: 122300, memory: 5763166208 bytes (5496.18 MB)
write base data version: 122400, memory: 5763166208 bytes (5496.18 MB)
write base data version: 122500, memory: 5763166208 bytes (5496.18 MB)
write base data version: 122600, memory: 5763166208 bytes (5496.18 MB)
write base data version: 122700, memory: 5763166208 bytes (5496.18 MB)
write base data version: 122800, memory: 5763166208 bytes (5496.18 MB)
write base data version: 122900, memory: 5763166208 bytes (5496.18 MB)
write base data version: 123000, memory: 5763166208 bytes (5496.18 MB)
write base data version: 123100, memory: 5763166208 bytes (5496.18 MB)
write base data version: 123200, memory: 5763166208 bytes (5496.18 MB)
write base data version: 123300, memory: 5763166208 bytes (5496.18 MB)
write base data version: 123400, memory: 5763166208 bytes (5496.18 MB)
write base data version: 123500, memory: 5763166208 bytes (5496.18 MB)
write base data version: 123600, memory: 5763166208 bytes (5496.18 MB)
write base data version: 123700, memory: 5763166208 bytes (5496.18 MB)
write base data version: 123800, memory: 5763166208 bytes (5496.18 MB)
write base data version: 123900, memory: 5763166208 bytes (5496.18 MB)
write base data version: 124000, memory: 5763166208 bytes (5496.18 MB)
write base data version: 124100, memory: 5763166208 bytes (5496.18 MB)
write base data version: 124200, memory: 5763166208 bytes (5496.18 MB)
write base data version: 124300, memory: 5763166208 bytes (5496.18 MB)
write base data version: 124400, memory: 5763166208 bytes (5496.18 MB)
write base data version: 124500, memory: 5763166208 bytes (5496.18 MB)
write base data version: 124600, memory: 5763166208 bytes (5496.18 MB)
write base data version: 124700, memory: 5763166208 bytes (5496.18 MB)
write base data version: 124800, memory: 5763166208 bytes (5496.18 MB)
write base data version: 124900, memory: 5763166208 bytes (5496.18 MB)
write base data version: 125000, memory: 5763166208 bytes (5496.18 MB)
write base data version: 125100, memory: 5763166208 bytes (5496.18 MB)
write base data version: 125200, memory: 5763166208 bytes (5496.18 MB)
write base data version: 125300, memory: 5763166208 bytes (5496.18 MB)
write base data version: 125400, memory: 5763166208 bytes (5496.18 MB)
write base data version: 125500, memory: 5763166208 bytes (5496.18 MB)
write base data version: 125600, memory: 5763166208 bytes (5496.18 MB)
write base data version: 125700, memory: 5763166208 bytes (5496.18 MB)
write base data version: 125800, memory: 5763166208 bytes (5496.18 MB)
write base data version: 125900, memory: 5763166208 bytes (5496.18 MB)
write base data version: 126000, memory: 5763166208 bytes (5496.18 MB)
write base data version: 126100, memory: 5763166208 bytes (5496.18 MB)
write base data version: 126200, memory: 5763166208 bytes (5496.18 MB)
write base data version: 126300, memory: 5763166208 bytes (5496.18 MB)
write base data version: 126400, memory: 5763166208 bytes (5496.18 MB)
write base data version: 126500, memory: 5763166208 bytes (5496.18 MB)
write base data version: 126600, memory: 5763166208 bytes (5496.18 MB)
write base data version: 126700, memory: 5763166208 bytes (5496.18 MB)
write base data version: 126800, memory: 5763166208 bytes (5496.18 MB)
write base data version: 126900, memory: 5763166208 bytes (5496.18 MB)
write base data version: 127000, memory: 5763166208 bytes (5496.18 MB)
write base data version: 127100, memory: 5763166208 bytes (5496.18 MB)
write base data version: 127200, memory: 5763166208 bytes (5496.18 MB)
write base data version: 127300, memory: 5763166208 bytes (5496.18 MB)
write base data version: 127400, memory: 5763166208 bytes (5496.18 MB)
write base data version: 127500, memory: 5763166208 bytes (5496.18 MB)
write base data version: 127600, memory: 5763166208 bytes (5496.18 MB)
write base data version: 127700, memory: 5763166208 bytes (5496.18 MB)
write base data version: 127800, memory: 5763166208 bytes (5496.18 MB)
write base data version: 127900, memory: 5763166208 bytes (5496.18 MB)
write base data version: 128000, memory: 5763166208 bytes (5496.18 MB)
write base data version: 128100, memory: 5763166208 bytes (5496.18 MB)
write base data version: 128200, memory: 5763166208 bytes (5496.18 MB)
write base data version: 128300, memory: 5763166208 bytes (5496.18 MB)
write base data version: 128400, memory: 5763166208 bytes (5496.18 MB)
write base data version: 128500, memory: 5763166208 bytes (5496.18 MB)
write base data version: 128600, memory: 5763166208 bytes (5496.18 MB)
write base data version: 128700, memory: 5763166208 bytes (5496.18 MB)
write base data version: 128800, memory: 5763166208 bytes (5496.18 MB)
write base data version: 128900, memory: 5763166208 bytes (5496.18 MB)
write base data version: 129000, memory: 5763166208 bytes (5496.18 MB)
write base data version: 129100, memory: 5763166208 bytes (5496.18 MB)
write base data version: 129200, memory: 5763166208 bytes (5496.18 MB)
write base data version: 129300, memory: 5763166208 bytes (5496.18 MB)
write base data version: 129400, memory: 5763166208 bytes (5496.18 MB)
write base data version: 129500, memory: 5763166208 bytes (5496.18 MB)
write base data version: 129600, memory: 5763166208 bytes (5496.18 MB)
write base data version: 129700, memory: 5763166208 bytes (5496.18 MB)
write base data version: 129800, memory: 5763166208 bytes (5496.18 MB)
write base data version: 129900, memory: 5763166208 bytes (5496.18 MB)
write base data version: 130000, memory: 5763166208 bytes (5496.18 MB)
write base data version: 130100, memory: 5763166208 bytes (5496.18 MB)
write base data version: 130200, memory: 5763166208 bytes (5496.18 MB)
write base data version: 130300, memory: 5763166208 bytes (5496.18 MB)
write base data version: 130400, memory: 5763166208 bytes (5496.18 MB)
write base data version: 130500, memory: 5763166208 bytes (5496.18 MB)
write base data version: 130600, memory: 5763166208 bytes (5496.18 MB)
write base data version: 130700, memory: 5763166208 bytes (5496.18 MB)
write base data version: 130800, memory: 5763166208 bytes (5496.18 MB)
write base data version: 130900, memory: 5763166208 bytes (5496.18 MB)
write base data version: 131000, memory: 5763166208 bytes (5496.18 MB)
write base data version: 131100, memory: 5763166208 bytes (5496.18 MB)
write base data version: 131200, memory: 5763166208 bytes (5496.18 MB)
write base data version: 131300, memory: 5763166208 bytes (5496.18 MB)
write base data version: 131400, memory: 5763166208 bytes (5496.18 MB)
write base data version: 131500, memory: 5763166208 bytes (5496.18 MB)
write base data version: 131600, memory: 5763166208 bytes (5496.18 MB)
write base data version: 131700, memory: 5763166208 bytes (5496.18 MB)
write base data version: 131800, memory: 5763166208 bytes (5496.18 MB)
write base data version: 131900, memory: 5763166208 bytes (5496.18 MB)
write base data version: 132000, memory: 5763166208 bytes (5496.18 MB)
write base data version: 132100, memory: 5763166208 bytes (5496.18 MB)
write base data version: 132200, memory: 5763166208 bytes (5496.18 MB)
write base data version: 132300, memory: 5763166208 bytes (5496.18 MB)
write base data version: 132400, memory: 5763166208 bytes (5496.18 MB)
write base data version: 132500, memory: 5763166208 bytes (5496.18 MB)
write base data version: 132600, memory: 5763166208 bytes (5496.18 MB)
write base data version: 132700, memory: 5763166208 bytes (5496.18 MB)
write base data version: 132800, memory: 5763166208 bytes (5496.18 MB)
write base data version: 132900, memory: 5763166208 bytes (5496.18 MB)
write base data version: 133000, memory: 5763166208 bytes (5496.18 MB)
write base data version: 133100, memory: 5763166208 bytes (5496.18 MB)
write base data version: 133200, memory: 5763166208 bytes (5496.18 MB)
write base data version: 133300, memory: 5763166208 bytes (5496.18 MB)
write base data version: 133400, memory: 5763166208 bytes (5496.18 MB)
write base data version: 133500, memory: 5763166208 bytes (5496.18 MB)
write base data version: 133600, memory: 5763166208 bytes (5496.18 MB)
write base data version: 133700, memory: 5763166208 bytes (5496.18 MB)
write base data version: 133800, memory: 5763166208 bytes (5496.18 MB)
write base data version: 133900, memory: 5763166208 bytes (5496.18 MB)
write base data version: 134000, memory: 5763166208 bytes (5496.18 MB)
write base data version: 134100, memory: 5763166208 bytes (5496.18 MB)
write base data version: 134200, memory: 5763166208 bytes (5496.18 MB)
write base data version: 134300, memory: 5763166208 bytes (5496.18 MB)
write base data version: 134400, memory: 5763166208 bytes (5496.18 MB)
write base data version: 134500, memory: 5763166208 bytes (5496.18 MB)
write base data version: 134600, memory: 5763166208 bytes (5496.18 MB)
write base data version: 134700, memory: 5763166208 bytes (5496.18 MB)
write base data version: 134800, memory: 5763166208 bytes (5496.18 MB)
write base data version: 134900, memory: 5763166208 bytes (5496.18 MB)
write base data version: 135000, memory: 5763166208 bytes (5496.18 MB)
write base data version: 135100, memory: 5763166208 bytes (5496.18 MB)
write base data version: 135200, memory: 5763166208 bytes (5496.18 MB)
write base data version: 135300, memory: 5763166208 bytes (5496.18 MB)
write base data version: 135400, memory: 5763166208 bytes (5496.18 MB)
write base data version: 135500, memory: 5763166208 bytes (5496.18 MB)
write base data version: 135600, memory: 5763166208 bytes (5496.18 MB)
write base data version: 135700, memory: 5763166208 bytes (5496.18 MB)
write base data version: 135800, memory: 5763166208 bytes (5496.18 MB)
write base data version: 135900, memory: 5763166208 bytes (5496.18 MB)
write base data version: 136000, memory: 5763166208 bytes (5496.18 MB)
write base data version: 136100, memory: 5763166208 bytes (5496.18 MB)
write base data version: 136200, memory: 5763166208 bytes (5496.18 MB)
write base data version: 136300, memory: 5763166208 bytes (5496.18 MB)
write base data version: 136400, memory: 5763166208 bytes (5496.18 MB)
write base data version: 136500, memory: 5763166208 bytes (5496.18 MB)
write base data version: 136600, memory: 5763166208 bytes (5496.18 MB)
write base data version: 136700, memory: 5763166208 bytes (5496.18 MB)
write base data version: 136800, memory: 5763166208 bytes (5496.18 MB)
write base data version: 136900, memory: 5763166208 bytes (5496.18 MB)
write base data version: 137000, memory: 5763166208 bytes (5496.18 MB)
write base data version: 137100, memory: 5763166208 bytes (5496.18 MB)
write base data version: 137200, memory: 5763166208 bytes (5496.18 MB)
write base data version: 137300, memory: 5763166208 bytes (5496.18 MB)
write base data version: 137400, memory: 5763166208 bytes (5496.18 MB)
write base data version: 137500, memory: 5763166208 bytes (5496.18 MB)
write base data version: 137600, memory: 5763166208 bytes (5496.18 MB)
write base data version: 137700, memory: 5763166208 bytes (5496.18 MB)
write base data version: 137800, memory: 5763166208 bytes (5496.18 MB)
write base data version: 137900, memory: 5763166208 bytes (5496.18 MB)
write base data version: 138000, memory: 5763166208 bytes (5496.18 MB)
write base data version: 138100, memory: 5763166208 bytes (5496.18 MB)
write base data version: 138200, memory: 5763166208 bytes (5496.18 MB)
write base data version: 138300, memory: 5763166208 bytes (5496.18 MB)
write base data version: 138400, memory: 5763166208 bytes (5496.18 MB)
write base data version: 138500, memory: 5763166208 bytes (5496.18 MB)
write base data version: 138600, memory: 5763166208 bytes (5496.18 MB)
write base data version: 138700, memory: 5763166208 bytes (5496.18 MB)
write base data version: 138800, memory: 5763166208 bytes (5496.18 MB)
write base data version: 138900, memory: 5763166208 bytes (5496.18 MB)
write base data version: 139000, memory: 5763166208 bytes (5496.18 MB)
write base data version: 139100, memory: 5763166208 bytes (5496.18 MB)
write base data version: 139200, memory: 5763166208 bytes (5496.18 MB)
write base data version: 139300, memory: 5763166208 bytes (5496.18 MB)
write base data version: 139400, memory: 5763166208 bytes (5496.18 MB)
write base data version: 139500, memory: 5763166208 bytes (5496.18 MB)
write base data version: 139600, memory: 5763166208 bytes (5496.18 MB)
write base data version: 139700, memory: 5763166208 bytes (5496.18 MB)
write base data version: 139800, memory: 5763166208 bytes (5496.18 MB)
write base data version: 139900, memory: 5763166208 bytes (5496.18 MB)
write base data version: 140000, memory: 5763166208 bytes (5496.18 MB)
write base data version: 140100, memory: 5763166208 bytes (5496.18 MB)
write base data version: 140200, memory: 5763166208 bytes (5496.18 MB)
write base data version: 140300, memory: 5763166208 bytes (5496.18 MB)
write base data version: 140400, memory: 5763166208 bytes (5496.18 MB)
write base data version: 140500, memory: 5763166208 bytes (5496.18 MB)
write base data version: 140600, memory: 5763166208 bytes (5496.18 MB)
write base data version: 140700, memory: 5763166208 bytes (5496.18 MB)
write base data version: 140800, memory: 5763166208 bytes (5496.18 MB)
write base data version: 140900, memory: 5763166208 bytes (5496.18 MB)
write base data version: 141000, memory: 5763166208 bytes (5496.18 MB)
write base data version: 141100, memory: 5763166208 bytes (5496.18 MB)
write base data version: 141200, memory: 5763166208 bytes (5496.18 MB)
write base data version: 141300, memory: 5763166208 bytes (5496.18 MB)
write base data version: 141400, memory: 5763166208 bytes (5496.18 MB)
write base data version: 141500, memory: 5763166208 bytes (5496.18 MB)
write base data version: 141600, memory: 5763166208 bytes (5496.18 MB)
write base data version: 141700, memory: 5763166208 bytes (5496.18 MB)
write base data version: 141800, memory: 5763166208 bytes (5496.18 MB)
write base data version: 141900, memory: 5763166208 bytes (5496.18 MB)
write base data version: 142000, memory: 5763166208 bytes (5496.18 MB)
write base data version: 142100, memory: 5763166208 bytes (5496.18 MB)
write base data version: 142200, memory: 5763166208 bytes (5496.18 MB)
write base data version: 142300, memory: 5763166208 bytes (5496.18 MB)
write base data version: 142400, memory: 5763166208 bytes (5496.18 MB)
write base data version: 142500, memory: 5763166208 bytes (5496.18 MB)
write base data version: 142600, memory: 5763166208 bytes (5496.18 MB)
write base data version: 142700, memory: 5763166208 bytes (5496.18 MB)
write base data version: 142800, memory: 5763166208 bytes (5496.18 MB)
write base data version: 142900, memory: 5763166208 bytes (5496.18 MB)
write base data version: 143000, memory: 5763166208 bytes (5496.18 MB)
write base data version: 143100, memory: 5763166208 bytes (5496.18 MB)
write base data version: 143200, memory: 5763166208 bytes (5496.18 MB)
write base data version: 143300, memory: 5763166208 bytes (5496.18 MB)
write base data version: 143400, memory: 5763166208 bytes (5496.18 MB)
write base data version: 143500, memory: 5763166208 bytes (5496.18 MB)
write base data version: 143600, memory: 5763166208 bytes (5496.18 MB)
write base data version: 143700, memory: 5763166208 bytes (5496.18 MB)
write base data version: 143800, memory: 5763166208 bytes (5496.18 MB)
write base data version: 143900, memory: 5763166208 bytes (5496.18 MB)
write base data version: 144000, memory: 5763166208 bytes (5496.18 MB)
write base data version: 144100, memory: 5763166208 bytes (5496.18 MB)
write base data version: 144200, memory: 5763166208 bytes (5496.18 MB)
write base data version: 144300, memory: 5763166208 bytes (5496.18 MB)
write base data version: 144400, memory: 5763166208 bytes (5496.18 MB)
write base data version: 144500, memory: 5763166208 bytes (5496.18 MB)
write base data version: 144600, memory: 5763166208 bytes (5496.18 MB)
write base data version: 144700, memory: 5763166208 bytes (5496.18 MB)
write base data version: 144800, memory: 5763166208 bytes (5496.18 MB)
write base data version: 144900, memory: 5763166208 bytes (5496.18 MB)
write base data version: 145000, memory: 5763166208 bytes (5496.18 MB)
write base data version: 145100, memory: 5763166208 bytes (5496.18 MB)
write base data version: 145200, memory: 5763166208 bytes (5496.18 MB)
write base data version: 145300, memory: 5763166208 bytes (5496.18 MB)
write base data version: 145400, memory: 5763166208 bytes (5496.18 MB)
write base data version: 145500, memory: 5763166208 bytes (5496.18 MB)
write base data version: 145600, memory: 5763166208 bytes (5496.18 MB)
write base data version: 145700, memory: 5763166208 bytes (5496.18 MB)
write base data version: 145800, memory: 5763166208 bytes (5496.18 MB)
write base data version: 145900, memory: 5763166208 bytes (5496.18 MB)
write base data version: 146000, memory: 5763166208 bytes (5496.18 MB)
write base data version: 146100, memory: 5763166208 bytes (5496.18 MB)
write base data version: 146200, memory: 5763166208 bytes (5496.18 MB)
write base data version: 146300, memory: 5763166208 bytes (5496.18 MB)
write base data version: 146400, memory: 5763166208 bytes (5496.18 MB)
write base data version: 146500, memory: 5763166208 bytes (5496.18 MB)
write base data version: 146600, memory: 5763166208 bytes (5496.18 MB)
write base data version: 146700, memory: 5763166208 bytes (5496.18 MB)
write base data version: 146800, memory: 5763166208 bytes (5496.18 MB)
write base data version: 146900, memory: 5763166208 bytes (5496.18 MB)
write base data version: 147000, memory: 5763166208 bytes (5496.18 MB)
write base data version: 147100, memory: 5763166208 bytes (5496.18 MB)
write base data version: 147200, memory: 5763166208 bytes (5496.18 MB)
write base data version: 147300, memory: 5763166208 bytes (5496.18 MB)
write base data version: 147400, memory: 5763166208 bytes (5496.18 MB)
write base data version: 147500, memory: 5763166208 bytes (5496.18 MB)
write base data version: 147600, memory: 5763166208 bytes (5496.18 MB)
write base data version: 147700, memory: 5763166208 bytes (5496.18 MB)
write base data version: 147800, memory: 5763166208 bytes (5496.18 MB)
write base data version: 147900, memory: 5763166208 bytes (5496.18 MB)
write base data version: 148000, memory: 5763166208 bytes (5496.18 MB)
write base data version: 148100, memory: 5763166208 bytes (5496.18 MB)
write base data version: 148200, memory: 5763166208 bytes (5496.18 MB)
write base data version: 148300, memory: 5763166208 bytes (5496.18 MB)
write base data version: 148400, memory: 5763166208 bytes (5496.18 MB)
write base data version: 148500, memory: 5763166208 bytes (5496.18 MB)
write base data version: 148600, memory: 5763166208 bytes (5496.18 MB)
write base data version: 148700, memory: 5763166208 bytes (5496.18 MB)
write base data version: 148800, memory: 5763166208 bytes (5496.18 MB)
write base data version: 148900, memory: 5763166208 bytes (5496.18 MB)
write base data version: 149000, memory: 5763166208 bytes (5496.18 MB)
write base data version: 149100, memory: 5763166208 bytes (5496.18 MB)
write base data version: 149200, memory: 5763166208 bytes (5496.18 MB)
write base data version: 149300, memory: 5763166208 bytes (5496.18 MB)
write base data version: 149400, memory: 5763166208 bytes (5496.18 MB)
write base data version: 149500, memory: 5763166208 bytes (5496.18 MB)
write base data version: 149600, memory: 5763166208 bytes (5496.18 MB)
write base data version: 149700, memory: 5763166208 bytes (5496.18 MB)
write base data version: 149800, memory: 5763166208 bytes (5496.18 MB)
write base data version: 149900, memory: 5763166208 bytes (5496.18 MB)
write base data version: 150000, memory: 5763166208 bytes (5496.18 MB)
write base data version: 150100, memory: 5763166208 bytes (5496.18 MB)
write base data version: 150200, memory: 5763166208 bytes (5496.18 MB)
write base data version: 150300, memory: 5763166208 bytes (5496.18 MB)
write base data version: 150400, memory: 5763166208 bytes (5496.18 MB)
write base data version: 150500, memory: 5763166208 bytes (5496.18 MB)
write base data version: 150600, memory: 5763166208 bytes (5496.18 MB)
write base data version: 150700, memory: 5763166208 bytes (5496.18 MB)
write base data version: 150800, memory: 5763166208 bytes (5496.18 MB)
write base data version: 150900, memory: 5763166208 bytes (5496.18 MB)
write base data version: 151000, memory: 5763166208 bytes (5496.18 MB)
write base data version: 151100, memory: 5763166208 bytes (5496.18 MB)
write base data version: 151200, memory: 5763166208 bytes (5496.18 MB)
write base data version: 151300, memory: 5763166208 bytes (5496.18 MB)
write base data version: 151400, memory: 5763166208 bytes (5496.18 MB)
write base data version: 151500, memory: 5763166208 bytes (5496.18 MB)
write base data version: 151600, memory: 5763166208 bytes (5496.18 MB)
write base data version: 151700, memory: 5763166208 bytes (5496.18 MB)
write base data version: 151800, memory: 5763166208 bytes (5496.18 MB)
write base data version: 151900, memory: 5763166208 bytes (5496.18 MB)
write base data version: 152000, memory: 5763166208 bytes (5496.18 MB)
write base data version: 152100, memory: 5763166208 bytes (5496.18 MB)
write base data version: 152200, memory: 5763166208 bytes (5496.18 MB)
write base data version: 152300, memory: 5763166208 bytes (5496.18 MB)
write base data version: 152400, memory: 5763166208 bytes (5496.18 MB)
write base data version: 152500, memory: 5763166208 bytes (5496.18 MB)
write base data version: 152600, memory: 5763166208 bytes (5496.18 MB)
write base data version: 152700, memory: 5763166208 bytes (5496.18 MB)
write base data version: 152800, memory: 5763166208 bytes (5496.18 MB)
write base data version: 152900, memory: 5763166208 bytes (5496.18 MB)
write base data version: 153000, memory: 5763166208 bytes (5496.18 MB)
write base data version: 153100, memory: 5763166208 bytes (5496.18 MB)
write base data version: 153200, memory: 5763166208 bytes (5496.18 MB)
write base data version: 153300, memory: 5763166208 bytes (5496.18 MB)
write base data version: 153400, memory: 5763166208 bytes (5496.18 MB)
write base data version: 153500, memory: 5763166208 bytes (5496.18 MB)
write base data version: 153600, memory: 5763166208 bytes (5496.18 MB)
write base data version: 153700, memory: 5763166208 bytes (5496.18 MB)
write base data version: 153800, memory: 5763166208 bytes (5496.18 MB)
write base data version: 153900, memory: 5763166208 bytes (5496.18 MB)
write base data version: 154000, memory: 5763166208 bytes (5496.18 MB)
write base data version: 154100, memory: 5763166208 bytes (5496.18 MB)
write base data version: 154200, memory: 5763166208 bytes (5496.18 MB)
write base data version: 154300, memory: 5763166208 bytes (5496.18 MB)
write base data version: 154400, memory: 5763166208 bytes (5496.18 MB)
write base data version: 154500, memory: 5763166208 bytes (5496.18 MB)
write base data version: 154600, memory: 5763166208 bytes (5496.18 MB)
write base data version: 154700, memory: 5763166208 bytes (5496.18 MB)
write base data version: 154800, memory: 5763166208 bytes (5496.18 MB)
write base data version: 154900, memory: 5763166208 bytes (5496.18 MB)
write base data version: 155000, memory: 5763166208 bytes (5496.18 MB)
write base data version: 155100, memory: 5763166208 bytes (5496.18 MB)
write base data version: 155200, memory: 5763166208 bytes (5496.18 MB)
write base data version: 155300, memory: 5763166208 bytes (5496.18 MB)
write base data version: 155400, memory: 5763166208 bytes (5496.18 MB)
write base data version: 155500, memory: 5763166208 bytes (5496.18 MB)
write base data version: 155600, memory: 5763166208 bytes (5496.18 MB)
write base data version: 155700, memory: 5763166208 bytes (5496.18 MB)
write base data version: 155800, memory: 5763166208 bytes (5496.18 MB)
write base data version: 155900, memory: 5763166208 bytes (5496.18 MB)
write base data version: 156000, memory: 5763166208 bytes (5496.18 MB)
write base data version: 156100, memory: 5763166208 bytes (5496.18 MB)
write base data version: 156200, memory: 5763166208 bytes (5496.18 MB)
write base data version: 156300, memory: 5763166208 bytes (5496.18 MB)
write base data version: 156400, memory: 5763166208 bytes (5496.18 MB)
write base data version: 156500, memory: 5763166208 bytes (5496.18 MB)
write base data version: 156600, memory: 5763166208 bytes (5496.18 MB)
write base data version: 156700, memory: 5763166208 bytes (5496.18 MB)
write base data version: 156800, memory: 5763166208 bytes (5496.18 MB)
write base data version: 156900, memory: 5763166208 bytes (5496.18 MB)
write base data version: 157000, memory: 5763166208 bytes (5496.18 MB)
write base data version: 157100, memory: 5763166208 bytes (5496.18 MB)
write base data version: 157200, memory: 5763166208 bytes (5496.18 MB)
write base data version: 157300, memory: 5763166208 bytes (5496.18 MB)
write base data version: 157400, memory: 5763166208 bytes (5496.18 MB)
write base data version: 157500, memory: 5763166208 bytes (5496.18 MB)
write base data version: 157600, memory: 5763166208 bytes (5496.18 MB)
write base data version: 157700, memory: 5763166208 bytes (5496.18 MB)
write base data version: 157800, memory: 5763166208 bytes (5496.18 MB)
write base data version: 157900, memory: 5763166208 bytes (5496.18 MB)
write base data version: 158000, memory: 5763166208 bytes (5496.18 MB)
write base data version: 158100, memory: 5763166208 bytes (5496.18 MB)
write base data version: 158200, memory: 5763166208 bytes (5496.18 MB)
write base data version: 158300, memory: 5763166208 bytes (5496.18 MB)
write base data version: 158400, memory: 5763166208 bytes (5496.18 MB)
write base data version: 158500, memory: 5763166208 bytes (5496.18 MB)
write base data version: 158600, memory: 5763166208 bytes (5496.18 MB)
write base data version: 158700, memory: 5763166208 bytes (5496.18 MB)
write base data version: 158800, memory: 5763166208 bytes (5496.18 MB)
write base data version: 158900, memory: 5763166208 bytes (5496.18 MB)
write base data version: 159000, memory: 5763166208 bytes (5496.18 MB)
write base data version: 159100, memory: 5763166208 bytes (5496.18 MB)
write base data version: 159200, memory: 5763166208 bytes (5496.18 MB)
write base data version: 159300, memory: 5763166208 bytes (5496.18 MB)
write base data version: 159400, memory: 5763166208 bytes (5496.18 MB)
write base data version: 159500, memory: 5763166208 bytes (5496.18 MB)
write base data version: 159600, memory: 5763166208 bytes (5496.18 MB)
write base data version: 159700, memory: 5763166208 bytes (5496.18 MB)
write base data version: 159800, memory: 5763166208 bytes (5496.18 MB)
write base data version: 159900, memory: 5763166208 bytes (5496.18 MB)
write base data version: 160000, memory: 5763166208 bytes (5496.18 MB)
write base data version: 160100, memory: 5763166208 bytes (5496.18 MB)
write base data version: 160200, memory: 5763166208 bytes (5496.18 MB)
write base data version: 160300, memory: 5763166208 bytes (5496.18 MB)
write base data version: 160400, memory: 5763166208 bytes (5496.18 MB)
write base data version: 160500, memory: 5763166208 bytes (5496.18 MB)
write base data version: 160600, memory: 5763166208 bytes (5496.18 MB)
write base data version: 160700, memory: 5763166208 bytes (5496.18 MB)
write base data version: 160800, memory: 5763166208 bytes (5496.18 MB)
write base data version: 160900, memory: 5763166208 bytes (5496.18 MB)
write base data version: 161000, memory: 5763166208 bytes (5496.18 MB)
write base data version: 161100, memory: 5763166208 bytes (5496.18 MB)
write base data version: 161200, memory: 5763166208 bytes (5496.18 MB)
write base data version: 161300, memory: 5763166208 bytes (5496.18 MB)
write base data version: 161400, memory: 5763166208 bytes (5496.18 MB)
write base data version: 161500, memory: 5763166208 bytes (5496.18 MB)
write base data version: 161600, memory: 5763166208 bytes (5496.18 MB)
write base data version: 161700, memory: 5763166208 bytes (5496.18 MB)
write base data version: 161800, memory: 5763166208 bytes (5496.18 MB)
write base data version: 161900, memory: 5763166208 bytes (5496.18 MB)
write base data version: 162000, memory: 5763166208 bytes (5496.18 MB)
write base data version: 162100, memory: 5763166208 bytes (5496.18 MB)
write base data version: 162200, memory: 5763166208 bytes (5496.18 MB)
write base data version: 162300, memory: 5763166208 bytes (5496.18 MB)
write base data version: 162400, memory: 5763166208 bytes (5496.18 MB)
write base data version: 162500, memory: 5763166208 bytes (5496.18 MB)
write base data version: 162600, memory: 5763166208 bytes (5496.18 MB)
write base data version: 162700, memory: 5763166208 bytes (5496.18 MB)
write base data version: 162800, memory: 5763166208 bytes (5496.18 MB)
write base data version: 162900, memory: 5763166208 bytes (5496.18 MB)
write base data version: 163000, memory: 5763166208 bytes (5496.18 MB)
write base data version: 163100, memory: 5763166208 bytes (5496.18 MB)
write base data version: 163200, memory: 5763166208 bytes (5496.18 MB)
write base data version: 163300, memory: 5763166208 bytes (5496.18 MB)
write base data version: 163400, memory: 5763166208 bytes (5496.18 MB)
write base data version: 163500, memory: 5763166208 bytes (5496.18 MB)
write base data version: 163600, memory: 5763166208 bytes (5496.18 MB)
write base data version: 163700, memory: 5763166208 bytes (5496.18 MB)
write base data version: 163800, memory: 5763166208 bytes (5496.18 MB)
write base data version: 163900, memory: 5763166208 bytes (5496.18 MB)
write base data version: 164000, memory: 5763166208 bytes (5496.18 MB)
write base data version: 164100, memory: 5763166208 bytes (5496.18 MB)
write base data version: 164200, memory: 5763166208 bytes (5496.18 MB)
write base data version: 164300, memory: 5763166208 bytes (5496.18 MB)
write base data version: 164400, memory: 5763166208 bytes (5496.18 MB)
write base data version: 164500, memory: 5763166208 bytes (5496.18 MB)
write base data version: 164600, memory: 5763166208 bytes (5496.18 MB)
write base data version: 164700, memory: 5763166208 bytes (5496.18 MB)
write base data version: 164800, memory: 5763166208 bytes (5496.18 MB)
write base data version: 164900, memory: 5763166208 bytes (5496.18 MB)
write base data version: 165000, memory: 5763166208 bytes (5496.18 MB)
write base data version: 165100, memory: 5763166208 bytes (5496.18 MB)
write base data version: 165200, memory: 5763166208 bytes (5496.18 MB)
write base data version: 165300, memory: 5763166208 bytes (5496.18 MB)
write base data version: 165400, memory: 5763166208 bytes (5496.18 MB)
write base data version: 165500, memory: 5763166208 bytes (5496.18 MB)
write base data version: 165600, memory: 5763166208 bytes (5496.18 MB)
write base data version: 165700, memory: 5763166208 bytes (5496.18 MB)
write base data version: 165800, memory: 5763166208 bytes (5496.18 MB)
write base data version: 165900, memory: 5763166208 bytes (5496.18 MB)
write base data version: 166000, memory: 5763166208 bytes (5496.18 MB)
write base data version: 166100, memory: 5763166208 bytes (5496.18 MB)
write base data version: 166200, memory: 5763166208 bytes (5496.18 MB)
write base data version: 166300, memory: 5763166208 bytes (5496.18 MB)
write base data version: 166400, memory: 5763166208 bytes (5496.18 MB)
write base data version: 166500, memory: 5763166208 bytes (5496.18 MB)
write base data version: 166600, memory: 5763166208 bytes (5496.18 MB)
write base data version: 166700, memory: 5763166208 bytes (5496.18 MB)
write base data version: 166800, memory: 5763166208 bytes (5496.18 MB)
write base data version: 166900, memory: 5763166208 bytes (5496.18 MB)
write base data version: 167000, memory: 5763166208 bytes (5496.18 MB)
write base data version: 167100, memory: 5763166208 bytes (5496.18 MB)
write base data version: 167200, memory: 5763166208 bytes (5496.18 MB)
write base data version: 167300, memory: 5763166208 bytes (5496.18 MB)
write base data version: 167400, memory: 5763166208 bytes (5496.18 MB)
write base data version: 167500, memory: 5763166208 bytes (5496.18 MB)
write base data version: 167600, memory: 5763166208 bytes (5496.18 MB)
write base data version: 167700, memory: 5763166208 bytes (5496.18 MB)
write base data version: 167800, memory: 5763166208 bytes (5496.18 MB)
write base data version: 167900, memory: 5763166208 bytes (5496.18 MB)
write base data version: 168000, memory: 5763166208 bytes (5496.18 MB)
write base data version: 168100, memory: 5763166208 bytes (5496.18 MB)
write base data version: 168200, memory: 5763166208 bytes (5496.18 MB)
write base data version: 168300, memory: 5763166208 bytes (5496.18 MB)
write base data version: 168400, memory: 5763166208 bytes (5496.18 MB)
write base data version: 168500, memory: 5763166208 bytes (5496.18 MB)
write base data version: 168600, memory: 5763166208 bytes (5496.18 MB)
write base data version: 168700, memory: 5763166208 bytes (5496.18 MB)
write base data version: 168800, memory: 5763166208 bytes (5496.18 MB)
write base data version: 168900, memory: 5763166208 bytes (5496.18 MB)
write base data version: 169000, memory: 5763166208 bytes (5496.18 MB)
write base data version: 169100, memory: 5763166208 bytes (5496.18 MB)
write base data version: 169200, memory: 5763166208 bytes (5496.18 MB)
write base data version: 169300, memory: 5763166208 bytes (5496.18 MB)
write base data version: 169400, memory: 5763166208 bytes (5496.18 MB)
write base data version: 169500, memory: 5763166208 bytes (5496.18 MB)
write base data version: 169600, memory: 5763166208 bytes (5496.18 MB)
write base data version: 169700, memory: 5763166208 bytes (5496.18 MB)
write base data version: 169800, memory: 5763166208 bytes (5496.18 MB)
write base data version: 169900, memory: 5763166208 bytes (5496.18 MB)
write base data version: 170000, memory: 5763166208 bytes (5496.18 MB)
write base data version: 170100, memory: 5763166208 bytes (5496.18 MB)
write base data version: 170200, memory: 5763166208 bytes (5496.18 MB)
write base data version: 170300, memory: 5763166208 bytes (5496.18 MB)
write base data version: 170400, memory: 5763166208 bytes (5496.18 MB)
write base data version: 170500, memory: 5763166208 bytes (5496.18 MB)
write base data version: 170600, memory: 5763166208 bytes (5496.18 MB)
write base data version: 170700, memory: 5763166208 bytes (5496.18 MB)
write base data version: 170800, memory: 5763166208 bytes (5496.18 MB)
write base data version: 170900, memory: 5763166208 bytes (5496.18 MB)
write base data version: 171000, memory: 5763166208 bytes (5496.18 MB)
write base data version: 171100, memory: 5763166208 bytes (5496.18 MB)
write base data version: 171200, memory: 5763166208 bytes (5496.18 MB)
write base data version: 171300, memory: 5763166208 bytes (5496.18 MB)
write base data version: 171400, memory: 5763166208 bytes (5496.18 MB)
write base data version: 171500, memory: 5763166208 bytes (5496.18 MB)
write base data version: 171600, memory: 5763166208 bytes (5496.18 MB)
write base data version: 171700, memory: 5763166208 bytes (5496.18 MB)
write base data version: 171800, memory: 5763166208 bytes (5496.18 MB)
write base data version: 171900, memory: 5763166208 bytes (5496.18 MB)
write base data version: 172000, memory: 5763166208 bytes (5496.18 MB)
write base data version: 172100, memory: 5763166208 bytes (5496.18 MB)
write base data version: 172200, memory: 5763166208 bytes (5496.18 MB)
write base data version: 172300, memory: 5763166208 bytes (5496.18 MB)
write base data version: 172400, memory: 5763166208 bytes (5496.18 MB)
write base data version: 172500, memory: 5763166208 bytes (5496.18 MB)
write base data version: 172600, memory: 5763166208 bytes (5496.18 MB)
write base data version: 172700, memory: 5763166208 bytes (5496.18 MB)
write base data version: 172800, memory: 5763166208 bytes (5496.18 MB)
write base data version: 172900, memory: 5763166208 bytes (5496.18 MB)
write base data version: 173000, memory: 5763166208 bytes (5496.18 MB)
write base data version: 173100, memory: 5763166208 bytes (5496.18 MB)
write base data version: 173200, memory: 5763166208 bytes (5496.18 MB)
write base data version: 173300, memory: 5763166208 bytes (5496.18 MB)
write base data version: 173400, memory: 5763166208 bytes (5496.18 MB)
write base data version: 173500, memory: 5763166208 bytes (5496.18 MB)
write base data version: 173600, memory: 5763166208 bytes (5496.18 MB)
write base data version: 173700, memory: 5763166208 bytes (5496.18 MB)
write base data version: 173800, memory: 5763166208 bytes (5496.18 MB)
write base data version: 173900, memory: 5763166208 bytes (5496.18 MB)
write base data version: 174000, memory: 5763166208 bytes (5496.18 MB)
write base data version: 174100, memory: 5763166208 bytes (5496.18 MB)
write base data version: 174200, memory: 5763166208 bytes (5496.18 MB)
write base data version: 174300, memory: 5763166208 bytes (5496.18 MB)
write base data version: 174400, memory: 5763166208 bytes (5496.18 MB)
write base data version: 174500, memory: 5763166208 bytes (5496.18 MB)
write base data version: 174600, memory: 5763166208 bytes (5496.18 MB)
write base data version: 174700, memory: 5763166208 bytes (5496.18 MB)
write base data version: 174800, memory: 5763166208 bytes (5496.18 MB)
write base data version: 174900, memory: 5763166208 bytes (5496.18 MB)
write base data version: 175000, memory: 5763166208 bytes (5496.18 MB)
write base data version: 175100, memory: 5763166208 bytes (5496.18 MB)
write base data version: 175200, memory: 5763166208 bytes (5496.18 MB)
write base data version: 175300, memory: 5763166208 bytes (5496.18 MB)
write base data version: 175400, memory: 5763166208 bytes (5496.18 MB)
write base data version: 175500, memory: 5763166208 bytes (5496.18 MB)
write base data version: 175600, memory: 5763166208 bytes (5496.18 MB)
write base data version: 175700, memory: 5763166208 bytes (5496.18 MB)
write base data version: 175800, memory: 5763166208 bytes (5496.18 MB)
write base data version: 175900, memory: 5763166208 bytes (5496.18 MB)
write base data version: 176000, memory: 5763166208 bytes (5496.18 MB)
write base data version: 176100, memory: 5763166208 bytes (5496.18 MB)
write base data version: 176200, memory: 5763166208 bytes (5496.18 MB)
write base data version: 176300, memory: 5763166208 bytes (5496.18 MB)
write base data version: 176400, memory: 5763166208 bytes (5496.18 MB)
write base data version: 176500, memory: 5763166208 bytes (5496.18 MB)
write base data version: 176600, memory: 5763166208 bytes (5496.18 MB)
write base data version: 176700, memory: 5763166208 bytes (5496.18 MB)
write base data version: 176800, memory: 5763166208 bytes (5496.18 MB)
write base data version: 176900, memory: 5763166208 bytes (5496.18 MB)
write base data version: 177000, memory: 5763166208 bytes (5496.18 MB)
write base data version: 177100, memory: 5763166208 bytes (5496.18 MB)
write base data version: 177200, memory: 5763166208 bytes (5496.18 MB)
write base data version: 177300, memory: 5763166208 bytes (5496.18 MB)
write base data version: 177400, memory: 5763166208 bytes (5496.18 MB)
write base data version: 177500, memory: 5763166208 bytes (5496.18 MB)
write base data version: 177600, memory: 5763166208 bytes (5496.18 MB)
write base data version: 177700, memory: 5763166208 bytes (5496.18 MB)
write base data version: 177800, memory: 5763166208 bytes (5496.18 MB)
write base data version: 177900, memory: 5763166208 bytes (5496.18 MB)
write base data version: 178000, memory: 5763166208 bytes (5496.18 MB)
write base data version: 178100, memory: 5763166208 bytes (5496.18 MB)
write base data version: 178200, memory: 5763166208 bytes (5496.18 MB)
write base data version: 178300, memory: 5763166208 bytes (5496.18 MB)
write base data version: 178400, memory: 5763166208 bytes (5496.18 MB)
write base data version: 178500, memory: 5763166208 bytes (5496.18 MB)
write base data version: 178600, memory: 5763166208 bytes (5496.18 MB)
write base data version: 178700, memory: 5763166208 bytes (5496.18 MB)
write base data version: 178800, memory: 5763166208 bytes (5496.18 MB)
write base data version: 178900, memory: 5763166208 bytes (5496.18 MB)
write base data version: 179000, memory: 5763166208 bytes (5496.18 MB)
write base data version: 179100, memory: 5763166208 bytes (5496.18 MB)
write base data version: 179200, memory: 5763166208 bytes (5496.18 MB)
write base data version: 179300, memory: 5763166208 bytes (5496.18 MB)
write base data version: 179400, memory: 5763166208 bytes (5496.18 MB)
write base data version: 179500, memory: 5763166208 bytes (5496.18 MB)
write base data version: 179600, memory: 5763166208 bytes (5496.18 MB)
write base data version: 179700, memory: 5763166208 bytes (5496.18 MB)
write base data version: 179800, memory: 5763166208 bytes (5496.18 MB)
write base data version: 179900, memory: 5763166208 bytes (5496.18 MB)
write base data version: 180000, memory: 5763166208 bytes (5496.18 MB)
write base data version: 180100, memory: 5763166208 bytes (5496.18 MB)
write base data version: 180200, memory: 5763166208 bytes (5496.18 MB)
write base data version: 180300, memory: 5763166208 bytes (5496.18 MB)
write base data version: 180400, memory: 5763166208 bytes (5496.18 MB)
write base data version: 180500, memory: 5763166208 bytes (5496.18 MB)
write base data version: 180600, memory: 5763166208 bytes (5496.18 MB)
write base data version: 180700, memory: 5763166208 bytes (5496.18 MB)
write base data version: 180800, memory: 5763166208 bytes (5496.18 MB)
write base data version: 180900, memory: 5763166208 bytes (5496.18 MB)
write base data version: 181000, memory: 5763166208 bytes (5496.18 MB)
write base data version: 181100, memory: 5763166208 bytes (5496.18 MB)
write base data version: 181200, memory: 5763166208 bytes (5496.18 MB)
write base data version: 181300, memory: 5763166208 bytes (5496.18 MB)
write base data version: 181400, memory: 5763166208 bytes (5496.18 MB)
write base data version: 181500, memory: 5763166208 bytes (5496.18 MB)
write base data version: 181600, memory: 5763166208 bytes (5496.18 MB)
write base data version: 181700, memory: 5763166208 bytes (5496.18 MB)
write base data version: 181800, memory: 5763166208 bytes (5496.18 MB)
write base data version: 181900, memory: 5763166208 bytes (5496.18 MB)
write base data version: 182000, memory: 5763166208 bytes (5496.18 MB)
write base data version: 182100, memory: 5763166208 bytes (5496.18 MB)
write base data version: 182200, memory: 5763166208 bytes (5496.18 MB)
write base data version: 182300, memory: 5763166208 bytes (5496.18 MB)
write base data version: 182400, memory: 5763166208 bytes (5496.18 MB)
write base data version: 182500, memory: 5763166208 bytes (5496.18 MB)
write base data version: 182600, memory: 5763166208 bytes (5496.18 MB)
write base data version: 182700, memory: 5763166208 bytes (5496.18 MB)
write base data version: 182800, memory: 5763166208 bytes (5496.18 MB)
write base data version: 182900, memory: 5763166208 bytes (5496.18 MB)
write base data version: 183000, memory: 5763166208 bytes (5496.18 MB)
write base data version: 183100, memory: 5763166208 bytes (5496.18 MB)
write base data version: 183200, memory: 5763166208 bytes (5496.18 MB)
write base data version: 183300, memory: 5763166208 bytes (5496.18 MB)
write base data version: 183400, memory: 5763166208 bytes (5496.18 MB)
write base data version: 183500, memory: 5763166208 bytes (5496.18 MB)
write base data version: 183600, memory: 5763166208 bytes (5496.18 MB)
write base data version: 183700, memory: 5763166208 bytes (5496.18 MB)
write base data version: 183800, memory: 5763166208 bytes (5496.18 MB)
write base data version: 183900, memory: 5763166208 bytes (5496.18 MB)
write base data version: 184000, memory: 5763166208 bytes (5496.18 MB)
write base data version: 184100, memory: 5763166208 bytes (5496.18 MB)
write base data version: 184200, memory: 5763166208 bytes (5496.18 MB)
write base data version: 184300, memory: 5763166208 bytes (5496.18 MB)
write base data version: 184400, memory: 5763166208 bytes (5496.18 MB)
write base data version: 184500, memory: 5763166208 bytes (5496.18 MB)
write base data version: 184600, memory: 5763166208 bytes (5496.18 MB)
write base data version: 184700, memory: 5763166208 bytes (5496.18 MB)
write base data version: 184800, memory: 5763166208 bytes (5496.18 MB)
write base data version: 184900, memory: 5763166208 bytes (5496.18 MB)
write base data version: 185000, memory: 5763166208 bytes (5496.18 MB)
write base data version: 185100, memory: 5763166208 bytes (5496.18 MB)
write base data version: 185200, memory: 5763166208 bytes (5496.18 MB)
write base data version: 185300, memory: 5763166208 bytes (5496.18 MB)
write base data version: 185400, memory: 5763166208 bytes (5496.18 MB)
write base data version: 185500, memory: 5763166208 bytes (5496.18 MB)
write base data version: 185600, memory: 5763166208 bytes (5496.18 MB)
write base data version: 185700, memory: 5763166208 bytes (5496.18 MB)
write base data version: 185800, memory: 5763166208 bytes (5496.18 MB)
write base data version: 185900, memory: 5763166208 bytes (5496.18 MB)
write base data version: 186000, memory: 5763166208 bytes (5496.18 MB)
write base data version: 186100, memory: 5763166208 bytes (5496.18 MB)
write base data version: 186200, memory: 5763166208 bytes (5496.18 MB)
write base data version: 186300, memory: 5763166208 bytes (5496.18 MB)
write base data version: 186400, memory: 5763166208 bytes (5496.18 MB)
write base data version: 186500, memory: 5763166208 bytes (5496.18 MB)
write base data version: 186600, memory: 5763166208 bytes (5496.18 MB)
write base data version: 186700, memory: 5763166208 bytes (5496.18 MB)
write base data version: 186800, memory: 5763166208 bytes (5496.18 MB)
write base data version: 186900, memory: 5763166208 bytes (5496.18 MB)
write base data version: 187000, memory: 5763166208 bytes (5496.18 MB)
write base data version: 187100, memory: 5763166208 bytes (5496.18 MB)
write base data version: 187200, memory: 5763166208 bytes (5496.18 MB)
write base data version: 187300, memory: 5763166208 bytes (5496.18 MB)
write base data version: 187400, memory: 5763166208 bytes (5496.18 MB)
write base data version: 187500, memory: 5763166208 bytes (5496.18 MB)
write base data version: 187600, memory: 5763166208 bytes (5496.18 MB)
write base data version: 187700, memory: 5763166208 bytes (5496.18 MB)
write base data version: 187800, memory: 5763166208 bytes (5496.18 MB)
write base data version: 187900, memory: 5763166208 bytes (5496.18 MB)
write base data version: 188000, memory: 5763166208 bytes (5496.18 MB)
write base data version: 188100, memory: 5763166208 bytes (5496.18 MB)
write base data version: 188200, memory: 5763166208 bytes (5496.18 MB)
write base data version: 188300, memory: 5763166208 bytes (5496.18 MB)
write base data version: 188400, memory: 5763166208 bytes (5496.18 MB)
write base data version: 188500, memory: 5763166208 bytes (5496.18 MB)
write base data version: 188600, memory: 5763166208 bytes (5496.18 MB)
write base data version: 188700, memory: 5763166208 bytes (5496.18 MB)
write base data version: 188800, memory: 5763166208 bytes (5496.18 MB)
write base data version: 188900, memory: 5763166208 bytes (5496.18 MB)
write base data version: 189000, memory: 5763166208 bytes (5496.18 MB)
write base data version: 189100, memory: 5763166208 bytes (5496.18 MB)
write base data version: 189200, memory: 5763166208 bytes (5496.18 MB)
write base data version: 189300, memory: 5763166208 bytes (5496.18 MB)
write base data version: 189400, memory: 5763166208 bytes (5496.18 MB)
write base data version: 189500, memory: 5763166208 bytes (5496.18 MB)
write base data version: 189600, memory: 5763166208 bytes (5496.18 MB)
write base data version: 189700, memory: 5763166208 bytes (5496.18 MB)
write base data version: 189800, memory: 5763166208 bytes (5496.18 MB)
write base data version: 189900, memory: 5763166208 bytes (5496.18 MB)
write base data version: 190000, memory: 5763166208 bytes (5496.18 MB)
write base data version: 190100, memory: 5763166208 bytes (5496.18 MB)
write base data version: 190200, memory: 5763166208 bytes (5496.18 MB)
write base data version: 190300, memory: 5763166208 bytes (5496.18 MB)
write base data version: 190400, memory: 5763166208 bytes (5496.18 MB)
write base data version: 190500, memory: 5763166208 bytes (5496.18 MB)
write base data version: 190600, memory: 5763166208 bytes (5496.18 MB)
write base data version: 190700, memory: 5763166208 bytes (5496.18 MB)
write base data version: 190800, memory: 5763166208 bytes (5496.18 MB)
write base data version: 190900, memory: 5763166208 bytes (5496.18 MB)
write base data version: 191000, memory: 5763166208 bytes (5496.18 MB)
write base data version: 191100, memory: 5763166208 bytes (5496.18 MB)
write base data version: 191200, memory: 5763166208 bytes (5496.18 MB)
write base data version: 191300, memory: 5763166208 bytes (5496.18 MB)
write base data version: 191400, memory: 5763166208 bytes (5496.18 MB)
write base data version: 191500, memory: 5763166208 bytes (5496.18 MB)
write base data version: 191600, memory: 5763166208 bytes (5496.18 MB)
write base data version: 191700, memory: 5763166208 bytes (5496.18 MB)
write base data version: 191800, memory: 5763166208 bytes (5496.18 MB)
write base data version: 191900, memory: 5763166208 bytes (5496.18 MB)
write base data version: 192000, memory: 5763166208 bytes (5496.18 MB)
write base data version: 192100, memory: 5763166208 bytes (5496.18 MB)
write base data version: 192200, memory: 5763166208 bytes (5496.18 MB)
write base data version: 192300, memory: 5763166208 bytes (5496.18 MB)
write base data version: 192400, memory: 5763166208 bytes (5496.18 MB)
write base data version: 192500, memory: 5763166208 bytes (5496.18 MB)
write base data version: 192600, memory: 5763166208 bytes (5496.18 MB)
write base data version: 192700, memory: 5763166208 bytes (5496.18 MB)
write base data version: 192800, memory: 5763166208 bytes (5496.18 MB)
write base data version: 192900, memory: 5763166208 bytes (5496.18 MB)
write base data version: 193000, memory: 5763166208 bytes (5496.18 MB)
write base data version: 193100, memory: 5763166208 bytes (5496.18 MB)
write base data version: 193200, memory: 5763166208 bytes (5496.18 MB)
write base data version: 193300, memory: 5763166208 bytes (5496.18 MB)
write base data version: 193400, memory: 5763166208 bytes (5496.18 MB)
write base data version: 193500, memory: 5763166208 bytes (5496.18 MB)
write base data version: 193600, memory: 5763166208 bytes (5496.18 MB)
write base data version: 193700, memory: 5763166208 bytes (5496.18 MB)
write base data version: 193800, memory: 5763166208 bytes (5496.18 MB)
write base data version: 193900, memory: 5763166208 bytes (5496.18 MB)
write base data version: 194000, memory: 5763166208 bytes (5496.18 MB)
write base data version: 194100, memory: 5763166208 bytes (5496.18 MB)
write base data version: 194200, memory: 5763166208 bytes (5496.18 MB)
write base data version: 194300, memory: 5763166208 bytes (5496.18 MB)
write base data version: 194400, memory: 5763166208 bytes (5496.18 MB)
write base data version: 194500, memory: 5763166208 bytes (5496.18 MB)
write base data version: 194600, memory: 5763166208 bytes (5496.18 MB)
write base data version: 194700, memory: 5763166208 bytes (5496.18 MB)
write base data version: 194800, memory: 5763166208 bytes (5496.18 MB)
write base data version: 194900, memory: 5763166208 bytes (5496.18 MB)
write base data version: 195000, memory: 5763166208 bytes (5496.18 MB)
write base data version: 195100, memory: 5763166208 bytes (5496.18 MB)
write base data version: 195200, memory: 5763166208 bytes (5496.18 MB)
write base data version: 195300, memory: 5763166208 bytes (5496.18 MB)
write base data version: 195400, memory: 5763166208 bytes (5496.18 MB)
write base data version: 195500, memory: 5763166208 bytes (5496.18 MB)
write base data version: 195600, memory: 5763166208 bytes (5496.18 MB)
write base data version: 195700, memory: 5763166208 bytes (5496.18 MB)
write base data version: 195800, memory: 5763166208 bytes (5496.18 MB)
write base data version: 195900, memory: 5763166208 bytes (5496.18 MB)
write base data version: 196000, memory: 5763166208 bytes (5496.18 MB)
write base data version: 196100, memory: 5763166208 bytes (5496.18 MB)
write base data version: 196200, memory: 5763166208 bytes (5496.18 MB)
write base data version: 196300, memory: 5763166208 bytes (5496.18 MB)
write base data version: 196400, memory: 5763166208 bytes (5496.18 MB)
write base data version: 196500, memory: 5763166208 bytes (5496.18 MB)
write base data version: 196600, memory: 5763166208 bytes (5496.18 MB)
write base data version: 196700, memory: 5763166208 bytes (5496.18 MB)
write base data version: 196800, memory: 5763166208 bytes (5496.18 MB)
write base data version: 196900, memory: 5763166208 bytes (5496.18 MB)
write base data version: 197000, memory: 5763166208 bytes (5496.18 MB)
write base data version: 197100, memory: 5763166208 bytes (5496.18 MB)
write base data version: 197200, memory: 5763166208 bytes (5496.18 MB)
write base data version: 197300, memory: 5763166208 bytes (5496.18 MB)
write base data version: 197400, memory: 5763166208 bytes (5496.18 MB)
write base data version: 197500, memory: 5763166208 bytes (5496.18 MB)
write base data version: 197600, memory: 5763166208 bytes (5496.18 MB)
write base data version: 197700, memory: 5763166208 bytes (5496.18 MB)
write base data version: 197800, memory: 5763166208 bytes (5496.18 MB)
write base data version: 197900, memory: 5763166208 bytes (5496.18 MB)
write base data version: 198000, memory: 5763166208 bytes (5496.18 MB)
write base data version: 198100, memory: 5763166208 bytes (5496.18 MB)
write base data version: 198200, memory: 5763166208 bytes (5496.18 MB)
write base data version: 198300, memory: 5763166208 bytes (5496.18 MB)
write base data version: 198400, memory: 5763166208 bytes (5496.18 MB)
write base data version: 198500, memory: 5763166208 bytes (5496.18 MB)
write base data version: 198600, memory: 5763166208 bytes (5496.18 MB)
write base data version: 198700, memory: 5763166208 bytes (5496.18 MB)
write base data version: 198800, memory: 5763166208 bytes (5496.18 MB)
write base data version: 198900, memory: 5763166208 bytes (5496.18 MB)
write base data version: 199000, memory: 5763166208 bytes (5496.18 MB)
write base data version: 199100, memory: 5763166208 bytes (5496.18 MB)
write base data version: 199200, memory: 5763166208 bytes (5496.18 MB)
write base data version: 199300, memory: 5763166208 bytes (5496.18 MB)
write base data version: 199400, memory: 5763166208 bytes (5496.18 MB)
write base data version: 199500, memory: 5763166208 bytes (5496.18 MB)
write base data version: 199600, memory: 5763166208 bytes (5496.18 MB)
write base data version: 199700, memory: 5763166208 bytes (5496.18 MB)
write base data version: 199800, memory: 5763166208 bytes (5496.18 MB)
write base data version: 199900, memory: 5763166208 bytes (5496.18 MB)
write base data version: 200000, memory: 5763166208 bytes (5496.18 MB)
write base data version: 200100, memory: 5763166208 bytes (5496.18 MB)
write base data version: 200200, memory: 5763166208 bytes (5496.18 MB)
write base data version: 200300, memory: 5763166208 bytes (5496.18 MB)
write base data version: 200400, memory: 5763166208 bytes (5496.18 MB)
write base data version: 200500, memory: 5763166208 bytes (5496.18 MB)
write base data version: 200600, memory: 5763166208 bytes (5496.18 MB)
write base data version: 200700, memory: 5763166208 bytes (5496.18 MB)
write base data version: 200800, memory: 5763166208 bytes (5496.18 MB)
write base data version: 200900, memory: 5763166208 bytes (5496.18 MB)
write base data version: 201000, memory: 5763166208 bytes (5496.18 MB)
write base data version: 201100, memory: 5763166208 bytes (5496.18 MB)
write base data version: 201200, memory: 5763166208 bytes (5496.18 MB)
write base data version: 201300, memory: 5763166208 bytes (5496.18 MB)
write base data version: 201400, memory: 5763166208 bytes (5496.18 MB)
write base data version: 201500, memory: 5763166208 bytes (5496.18 MB)
write base data version: 201600, memory: 5763166208 bytes (5496.18 MB)
write base data version: 201700, memory: 5763166208 bytes (5496.18 MB)
write base data version: 201800, memory: 5763166208 bytes (5496.18 MB)
write base data version: 201900, memory: 5763166208 bytes (5496.18 MB)
write base data version: 202000, memory: 5763166208 bytes (5496.18 MB)
write base data version: 202100, memory: 5763166208 bytes (5496.18 MB)
write base data version: 202200, memory: 5763166208 bytes (5496.18 MB)
write base data version: 202300, memory: 5763166208 bytes (5496.18 MB)
write base data version: 202400, memory: 5763166208 bytes (5496.18 MB)
write base data version: 202500, memory: 5763166208 bytes (5496.18 MB)
write base data version: 202600, memory: 5763166208 bytes (5496.18 MB)
write base data version: 202700, memory: 5763166208 bytes (5496.18 MB)
write base data version: 202800, memory: 5763166208 bytes (5496.18 MB)
write base data version: 202900, memory: 5763166208 bytes (5496.18 MB)
write base data version: 203000, memory: 5763166208 bytes (5496.18 MB)
write base data version: 203100, memory: 5763166208 bytes (5496.18 MB)
write base data version: 203200, memory: 5763166208 bytes (5496.18 MB)
write base data version: 203300, memory: 5763166208 bytes (5496.18 MB)
write base data version: 203400, memory: 5763166208 bytes (5496.18 MB)
write base data version: 203500, memory: 5763166208 bytes (5496.18 MB)
write base data version: 203600, memory: 5763166208 bytes (5496.18 MB)
write base data version: 203700, memory: 5763166208 bytes (5496.18 MB)
write base data version: 203800, memory: 5763166208 bytes (5496.18 MB)
write base data version: 203900, memory: 5763166208 bytes (5496.18 MB)
write base data version: 204000, memory: 5763166208 bytes (5496.18 MB)
write base data version: 204100, memory: 5763166208 bytes (5496.18 MB)
write base data version: 204200, memory: 5763166208 bytes (5496.18 MB)
write base data version: 204300, memory: 5763166208 bytes (5496.18 MB)
write base data version: 204400, memory: 5763166208 bytes (5496.18 MB)
write base data version: 204500, memory: 5763166208 bytes (5496.18 MB)
write base data version: 204600, memory: 5763166208 bytes (5496.18 MB)
write base data version: 204700, memory: 5763166208 bytes (5496.18 MB)
write base data version: 204800, memory: 5763166208 bytes (5496.18 MB)
write base data version: 204900, memory: 5763166208 bytes (5496.18 MB)
write base data version: 205000, memory: 5763166208 bytes (5496.18 MB)
write base data version: 205100, memory: 5763166208 bytes (5496.18 MB)
write base data version: 205200, memory: 5763166208 bytes (5496.18 MB)
write base data version: 205300, memory: 5763166208 bytes (5496.18 MB)
write base data version: 205400, memory: 5763166208 bytes (5496.18 MB)
write base data version: 205500, memory: 5763166208 bytes (5496.18 MB)
write base data version: 205600, memory: 5763166208 bytes (5496.18 MB)
write base data version: 205700, memory: 5763166208 bytes (5496.18 MB)
write base data version: 205800, memory: 5763166208 bytes (5496.18 MB)
write base data version: 205900, memory: 5763166208 bytes (5496.18 MB)
write base data version: 206000, memory: 5763166208 bytes (5496.18 MB)
write base data version: 206100, memory: 5763166208 bytes (5496.18 MB)
write base data version: 206200, memory: 5763166208 bytes (5496.18 MB)
write base data version: 206300, memory: 5763166208 bytes (5496.18 MB)
write base data version: 206400, memory: 5763166208 bytes (5496.18 MB)
write base data version: 206500, memory: 5763166208 bytes (5496.18 MB)
write base data version: 206600, memory: 5763166208 bytes (5496.18 MB)
write base data version: 206700, memory: 5763166208 bytes (5496.18 MB)
write base data version: 206800, memory: 5763166208 bytes (5496.18 MB)
write base data version: 206900, memory: 5763166208 bytes (5496.18 MB)
write base data version: 207000, memory: 5763166208 bytes (5496.18 MB)
write base data version: 207100, memory: 5763166208 bytes (5496.18 MB)
write base data version: 207200, memory: 5763166208 bytes (5496.18 MB)
write base data version: 207300, memory: 5763166208 bytes (5496.18 MB)
write base data version: 207400, memory: 5763166208 bytes (5496.18 MB)
write base data version: 207500, memory: 5763166208 bytes (5496.18 MB)
write base data version: 207600, memory: 5763166208 bytes (5496.18 MB)
write base data version: 207700, memory: 5763166208 bytes (5496.18 MB)
write base data version: 207800, memory: 5763166208 bytes (5496.18 MB)
write base data version: 207900, memory: 5763166208 bytes (5496.18 MB)
write base data version: 208000, memory: 5763166208 bytes (5496.18 MB)
write base data version: 208100, memory: 5763166208 bytes (5496.18 MB)
write base data version: 208200, memory: 5763166208 bytes (5496.18 MB)
write base data version: 208300, memory: 5763166208 bytes (5496.18 MB)
write base data version: 208400, memory: 5763166208 bytes (5496.18 MB)
write base data version: 208500, memory: 5763166208 bytes (5496.18 MB)
write base data version: 208600, memory: 5763166208 bytes (5496.18 MB)
write base data version: 208700, memory: 5763166208 bytes (5496.18 MB)
write base data version: 208800, memory: 5763166208 bytes (5496.18 MB)
write base data version: 208900, memory: 5763166208 bytes (5496.18 MB)
write base data version: 209000, memory: 5763166208 bytes (5496.18 MB)
write base data version: 209100, memory: 5763166208 bytes (5496.18 MB)
write base data version: 209200, memory: 5763166208 bytes (5496.18 MB)
write base data version: 209300, memory: 5763166208 bytes (5496.18 MB)
write base data version: 209400, memory: 5763166208 bytes (5496.18 MB)
write base data version: 209500, memory: 5763166208 bytes (5496.18 MB)
write base data version: 209600, memory: 5763166208 bytes (5496.18 MB)
write base data version: 209700, memory: 5763166208 bytes (5496.18 MB)
write base data version: 209800, memory: 5763166208 bytes (5496.18 MB)
write base data version: 209900, memory: 5763166208 bytes (5496.18 MB)
write base data version: 210000, memory: 5763166208 bytes (5496.18 MB)
write base data version: 210100, memory: 5763166208 bytes (5496.18 MB)
write base data version: 210200, memory: 5763166208 bytes (5496.18 MB)
write base data version: 210300, memory: 5763166208 bytes (5496.18 MB)
write base data version: 210400, memory: 5763166208 bytes (5496.18 MB)
write base data version: 210500, memory: 5763166208 bytes (5496.18 MB)
write base data version: 210600, memory: 5763166208 bytes (5496.18 MB)
write base data version: 210700, memory: 5763166208 bytes (5496.18 MB)
write base data version: 210800, memory: 5763166208 bytes (5496.18 MB)
write base data version: 210900, memory: 5763166208 bytes (5496.18 MB)
write base data version: 211000, memory: 5763166208 bytes (5496.18 MB)
write base data version: 211100, memory: 5763166208 bytes (5496.18 MB)
write base data version: 211200, memory: 5763166208 bytes (5496.18 MB)
write base data version: 211300, memory: 5763166208 bytes (5496.18 MB)
write base data version: 211400, memory: 5763166208 bytes (5496.18 MB)
write base data version: 211500, memory: 5763166208 bytes (5496.18 MB)
write base data version: 211600, memory: 5763166208 bytes (5496.18 MB)
write base data version: 211700, memory: 5763166208 bytes (5496.18 MB)
write base data version: 211800, memory: 5763166208 bytes (5496.18 MB)
write base data version: 211900, memory: 5763166208 bytes (5496.18 MB)
write base data version: 212000, memory: 5763166208 bytes (5496.18 MB)
write base data version: 212100, memory: 5763166208 bytes (5496.18 MB)
write base data version: 212200, memory: 5763166208 bytes (5496.18 MB)
write base data version: 212300, memory: 5763166208 bytes (5496.18 MB)
write base data version: 212400, memory: 5763166208 bytes (5496.18 MB)
write base data version: 212500, memory: 5763166208 bytes (5496.18 MB)
write base data version: 212600, memory: 5763166208 bytes (5496.18 MB)
write base data version: 212700, memory: 5763166208 bytes (5496.18 MB)
write base data version: 212800, memory: 5763166208 bytes (5496.18 MB)
write base data version: 212900, memory: 5763166208 bytes (5496.18 MB)
write base data version: 213000, memory: 5763166208 bytes (5496.18 MB)
write base data version: 213100, memory: 5763166208 bytes (5496.18 MB)
write base data version: 213200, memory: 5763166208 bytes (5496.18 MB)
write base data version: 213300, memory: 5763166208 bytes (5496.18 MB)
write base data version: 213400, memory: 5763166208 bytes (5496.18 MB)
write base data version: 213500, memory: 5763166208 bytes (5496.18 MB)
write base data version: 213600, memory: 5763166208 bytes (5496.18 MB)
write base data version: 213700, memory: 5763166208 bytes (5496.18 MB)
write base data version: 213800, memory: 5763166208 bytes (5496.18 MB)
write base data version: 213900, memory: 5763166208 bytes (5496.18 MB)
write base data version: 214000, memory: 5763166208 bytes (5496.18 MB)
write base data version: 214100, memory: 5763166208 bytes (5496.18 MB)
write base data version: 214200, memory: 5763166208 bytes (5496.18 MB)
write base data version: 214300, memory: 5763166208 bytes (5496.18 MB)
write base data version: 214400, memory: 5763166208 bytes (5496.18 MB)
write base data version: 214500, memory: 5763166208 bytes (5496.18 MB)
write base data version: 214600, memory: 5763166208 bytes (5496.18 MB)
write base data version: 214700, memory: 5763166208 bytes (5496.18 MB)
write base data version: 214800, memory: 5763166208 bytes (5496.18 MB)
write base data version: 214900, memory: 5763166208 bytes (5496.18 MB)
write base data version: 215000, memory: 5763166208 bytes (5496.18 MB)
write base data version: 215100, memory: 5763166208 bytes (5496.18 MB)
write base data version: 215200, memory: 5763166208 bytes (5496.18 MB)
