=== sqlledger Scale Benchmark 运行日志 ===
开始时间: Tue Mar 24 10:41:49 PM CST 2026
脚本目录: /pcissd/cxy_test/vidb_project/LedgerDatabase/exps
========================================

[2026-03-24 22:41:49] [INFO] 运行默认测试模式...
[2026-03-24 22:41:49] [WARNING] 清理旧数据库数据...
[2026-03-24 22:42:30] [INFO] 启动基准测试...
=== 基准测试输出开始 ===
Benchmark Configuration:
  Write Batch Size: 10000 records
  Read Batch Size:  10000 records
  Key Length:       32 bytes
  Value Length:     512 bytes
  Database Directory: /pcissd/cxy_test/vidb_project/LedgerDatabase/exps/data/
  Result Directory:  /pcissd/cxy_test/vidb_project/LedgerDatabase/exps/results_sqlledger/
  Result File:       /pcissd/cxy_test/vidb_project/LedgerDatabase/exps/results_sqlledger/scaleBenchmark_20260324_224149.csv

initialize database .../pcissd/cxy_test/vidb_project/LedgerDatabase/exps/data/
initialized database
====================== Test Configuration =====================
Write Batch Size: 10000 records
Read Batch Size:  10000 records
Key Length:       32 bytes
Value Length:     512 bytes
Test Scales:      1000 → 10000 → 100000 → 1000000 → 10000000 → 100000000 → 200000000 → 1000000000
===============================================================

========== Starting Scale Benchmark ==========

========== Testing at data scale: 1,000 ==========
Writing 1000 incremental records (keys: 1-1000, total: 1000)
tip block: 0----0
Test Results: 
  Total Disk Usage: 1.85 MB
  Average Per Record: 1923.45 bytes
[test batch write] generate key value
[test batch write] write data
[test batch write] flush
tip block: 0----1
  Write Throughput: 8347.34 records/sec
  Read Throughput:  156148.14 records/sec
  Current Memory:   52.82 MB
  Peak Memory:      55.72 MB
  Memory Per Record: 55382.02 bytes

========== Testing at data scale: 10,000 ==========
Writing 9000 incremental records (keys: 1001-10000, total: 10000)
tip block: 1----2
Test Results: 
  Total Disk Usage: 31.66 MB
  Average Per Record: 3317.68 bytes
[test batch write] generate key value
[test batch write] write data
[test batch write] flush
tip block: 2----3
  Write Throughput: 7889.03 records/sec
  Read Throughput:  121800.63 records/sec
  Current Memory:   78.52 MB
  Peak Memory:      87.89 MB
  Memory Per Record: 8233.78 bytes

========== Testing at data scale: 100,000 ==========
Writing 90000 incremental records (keys: 10001-100000, total: 100000)
write base data version: 100, memory: 219037696 bytes (208.89 MB)
tip block: 5----7
Test Results: 
  Total Disk Usage: 217.45 MB
  Average Per Record: 2279.89 bytes
[test batch write] generate key value
[test batch write] write data
[test batch write] flush
tip block: 8----8
  Write Throughput: 24386.88 records/sec
  Read Throughput:  88491.95 records/sec
  Current Memory:   247.11 MB
  Peak Memory:      288.59 MB
  Memory Per Record: 2591.13 bytes

========== Testing at data scale: 1,000,000 ==========
Writing 900000 incremental records (keys: 100001-1000000, total: 1000000)
write base data version: 200, memory: 416923648 bytes (397.61 MB)
write base data version: 300, memory: 564604928 bytes (538.45 MB)
write base data version: 400, memory: 195444736 bytes (186.39 MB)
write base data version: 500, memory: 338776064 bytes (323.08 MB)
write base data version: 600, memory: 477560832 bytes (455.44 MB)
write base data version: 700, memory: 621375488 bytes (592.59 MB)
write base data version: 800, memory: 258670592 bytes (246.69 MB)
write base data version: 900, memory: 391438336 bytes (373.30 MB)
write base data version: 1000, memory: 534806528 bytes (510.03 MB)
tip block: 31----31
Test Results: 
  Total Disk Usage: 1836.26 MB
  Average Per Record: 1925.44 bytes
[test batch write] generate key value
[test batch write] write data
[test batch write] flush
tip block: 32----33
  Write Throughput: 6440.61 records/sec
  Read Throughput:  60175.61 records/sec
  Current Memory:   667.23 MB
  Peak Memory:      667.23 MB
  Memory Per Record: 699.64 bytes

========== Testing at data scale: 10,000,000 ==========
Writing 9000000 incremental records (keys: 1000001-10000000, total: 10000000)
write base data version: 1100, memory: 319369216 bytes (304.57 MB)
write base data version: 1200, memory: 462389248 bytes (440.97 MB)
write base data version: 1300, memory: 603430912 bytes (575.48 MB)
write base data version: 1400, memory: 743817216 bytes (709.36 MB)
write base data version: 1500, memory: 388345856 bytes (370.36 MB)
write base data version: 1600, memory: 544075776 bytes (518.87 MB)
write base data version: 1700, memory: 670449664 bytes (639.39 MB)
write base data version: 1800, memory: 821473280 bytes (783.42 MB)
write base data version: 1900, memory: 442159104 bytes (421.68 MB)
write base data version: 2000, memory: 584916992 bytes (557.82 MB)
write base data version: 2100, memory: 723943424 bytes (690.41 MB)
write base data version: 2200, memory: 359096320 bytes (342.46 MB)
write base data version: 2300, memory: 518479872 bytes (494.46 MB)
write base data version: 2400, memory: 655691776 bytes (625.32 MB)
write base data version: 2500, memory: 803037184 bytes (765.84 MB)
write base data version: 2600, memory: 432435200 bytes (412.40 MB)
write base data version: 2700, memory: 572780544 bytes (546.25 MB)
write base data version: 2800, memory: 715571200 bytes (682.42 MB)
write base data version: 2900, memory: 858312704 bytes (818.55 MB)
write base data version: 3000, memory: 500084736 bytes (476.92 MB)
write base data version: 3100, memory: 641576960 bytes (611.86 MB)
write base data version: 3200, memory: 796221440 bytes (759.34 MB)
write base data version: 3300, memory: 431603712 bytes (411.61 MB)
write base data version: 3400, memory: 572403712 bytes (545.89 MB)
write base data version: 3500, memory: 712622080 bytes (679.61 MB)
write base data version: 3600, memory: 855261184 bytes (815.64 MB)
write base data version: 3700, memory: 499982336 bytes (476.82 MB)
write base data version: 3800, memory: 659140608 bytes (628.61 MB)
write base data version: 3900, memory: 788971520 bytes (752.42 MB)
write base data version: 4000, memory: 954859520 bytes (910.62 MB)
write base data version: 4100, memory: 577564672 bytes (550.81 MB)
write base data version: 4200, memory: 718270464 bytes (685.00 MB)
write base data version: 4300, memory: 860553216 bytes (820.69 MB)
write base data version: 4400, memory: 497065984 bytes (474.04 MB)
write base data version: 4500, memory: 656752640 bytes (626.33 MB)
write base data version: 4600, memory: 794238976 bytes (757.45 MB)
write base data version: 4700, memory: 952102912 bytes (908.00 MB)
write base data version: 4800, memory: 592207872 bytes (564.77 MB)
write base data version: 4900, memory: 732770304 bytes (698.82 MB)
write base data version: 5000, memory: 873476096 bytes (833.01 MB)
write base data version: 5100, memory: 1018609664 bytes (971.42 MB)
write base data version: 5200, memory: 662167552 bytes (631.49 MB)
write base data version: 5300, memory: 802906112 bytes (765.71 MB)
write base data version: 5400, memory: 958722048 bytes (914.31 MB)
write base data version: 5500, memory: 597946368 bytes (570.25 MB)
write base data version: 5600, memory: 741146624 bytes (706.81 MB)
write base data version: 5700, memory: 883322880 bytes (842.40 MB)
write base data version: 5800, memory: 1024204800 bytes (976.76 MB)
write base data version: 5900, memory: 652197888 bytes (621.98 MB)
write base data version: 6000, memory: 809279488 bytes (771.79 MB)
write base data version: 6100, memory: 965451776 bytes (920.73 MB)
write base data version: 6200, memory: 1131925504 bytes (1079.49 MB)
write base data version: 6300, memory: 767524864 bytes (731.97 MB)
write base data version: 6400, memory: 910016512 bytes (867.86 MB)
write base data version: 6500, memory: 1051922432 bytes (1003.19 MB)
write base data version: 6600, memory: 687939584 bytes (656.07 MB)
write base data version: 6700, memory: 833449984 bytes (794.84 MB)
write base data version: 6800, memory: 990625792 bytes (944.73 MB)
write base data version: 6900, memory: 1136250880 bytes (1083.61 MB)
write base data version: 7000, memory: 780529664 bytes (744.37 MB)
write base data version: 7100, memory: 927068160 bytes (884.12 MB)
write base data version: 7200, memory: 1068855296 bytes (1019.34 MB)
write base data version: 7300, memory: 1213235200 bytes (1157.03 MB)
write base data version: 7400, memory: 858480640 bytes (818.71 MB)
write base data version: 7500, memory: 1002299392 bytes (955.87 MB)
write base data version: 7600, memory: 1159188480 bytes (1105.49 MB)
write base data version: 7700, memory: 799858688 bytes (762.80 MB)
write base data version: 7800, memory: 944922624 bytes (901.15 MB)
write base data version: 7900, memory: 1087606784 bytes (1037.22 MB)
write base data version: 8000, memory: 1228906496 bytes (1171.98 MB)
write base data version: 8100, memory: 873508864 bytes (833.04 MB)
write base data version: 8200, memory: 1019486208 bytes (972.26 MB)
write base data version: 8300, memory: 1164365824 bytes (1110.43 MB)
write base data version: 8400, memory: 1320439808 bytes (1259.27 MB)
write base data version: 8500, memory: 945119232 bytes (901.34 MB)
write base data version: 8600, memory: 1086390272 bytes (1036.06 MB)
write base data version: 8700, memory: 1228218368 bytes (1171.32 MB)
write base data version: 8800, memory: 864899072 bytes (824.83 MB)
write base data version: 8900, memory: 1020325888 bytes (973.06 MB)
write base data version: 9000, memory: 1163726848 bytes (1109.82 MB)
write base data version: 9100, memory: 1318641664 bytes (1257.55 MB)
write base data version: 9200, memory: 951775232 bytes (907.68 MB)
write base data version: 9300, memory: 1100685312 bytes (1049.70 MB)
write base data version: 9400, memory: 1247035392 bytes (1189.27 MB)
write base data version: 9500, memory: 1392463872 bytes (1327.96 MB)
write base data version: 9600, memory: 1036009472 bytes (988.02 MB)
write base data version: 9700, memory: 1179725824 bytes (1125.07 MB)
write base data version: 9800, memory: 1332133888 bytes (1270.42 MB)
write base data version: 9900, memory: 974405632 bytes (929.27 MB)
write base data version: 10000, memory: 1121320960 bytes (1069.38 MB)
tip block: 287----287
Test Results: 
  Total Disk Usage: 18112.11 MB
  Average Per Record: 1899.19 bytes
[test batch write] generate key value
[test batch write] write data
[test batch write] flush
tip block: 288----288
  Write Throughput: 11895.23 records/sec
  Read Throughput:  35277.89 records/sec
  Current Memory:   1262.57 MB
  Peak Memory:      1387.09 MB
  Memory Per Record: 132.39 bytes

========== Testing at data scale: 100,000,000 ==========
Writing 90000000 incremental records (keys: 10000001-100000000, total: 100000000)
write base data version: 10100, memory: 1454125056 bytes (1386.76 MB)
write base data version: 10200, memory: 1600380928 bytes (1526.24 MB)
write base data version: 10300, memory: 1256792064 bytes (1198.57 MB)
write base data version: 10400, memory: 1418698752 bytes (1352.98 MB)
write base data version: 10500, memory: 1570934784 bytes (1498.16 MB)
write base data version: 10600, memory: 1220714496 bytes (1164.16 MB)
write base data version: 10700, memory: 1378979840 bytes (1315.10 MB)
write base data version: 10800, memory: 1460924416 bytes (1393.25 MB)
write base data version: 10900, memory: 1608343552 bytes (1533.84 MB)
write base data version: 11000, memory: 1253130240 bytes (1195.08 MB)
write base data version: 11100, memory: 1400823808 bytes (1335.93 MB)
write base data version: 11200, memory: 1551482880 bytes (1479.61 MB)
write base data version: 11300, memory: 1182367744 bytes (1127.59 MB)
write base data version: 11400, memory: 1324003328 bytes (1262.67 MB)
write base data version: 11500, memory: 1465360384 bytes (1397.48 MB)
write base data version: 11600, memory: 1606385664 bytes (1531.97 MB)
write base data version: 11700, memory: 1236238336 bytes (1178.97 MB)
write base data version: 11800, memory: 1372209152 bytes (1308.64 MB)
write base data version: 11900, memory: 1522352128 bytes (1451.83 MB)
write base data version: 12000, memory: 1674194944 bytes (1596.64 MB)
write base data version: 12100, memory: 1302364160 bytes (1242.03 MB)
write base data version: 12200, memory: 1444163584 bytes (1377.26 MB)
write base data version: 12300, memory: 1586053120 bytes (1512.58 MB)
write base data version: 12400, memory: 1222053888 bytes (1165.44 MB)
write base data version: 12500, memory: 1382436864 bytes (1318.39 MB)
write base data version: 12600, memory: 1524633600 bytes (1454.00 MB)
write base data version: 12700, memory: 1676550144 bytes (1598.88 MB)
write base data version: 12800, memory: 1307607040 bytes (1247.03 MB)
write base data version: 12900, memory: 1449349120 bytes (1382.21 MB)
write base data version: 13000, memory: 1590915072 bytes (1517.21 MB)
write base data version: 13100, memory: 1737711616 bytes (1657.21 MB)
write base data version: 13200, memory: 1383071744 bytes (1319.00 MB)
write base data version: 13300, memory: 1529536512 bytes (1458.68 MB)
write base data version: 13400, memory: 1673252864 bytes (1595.74 MB)
write base data version: 13500, memory: 1832050688 bytes (1747.18 MB)
write base data version: 13600, memory: 1454931968 bytes (1387.53 MB)
write base data version: 13700, memory: 1598091264 bytes (1524.06 MB)
write base data version: 13800, memory: 1740496896 bytes (1659.87 MB)
write base data version: 13900, memory: 1383251968 bytes (1319.17 MB)
write base data version: 14000, memory: 1541513216 bytes (1470.10 MB)
write base data version: 14100, memory: 1674498048 bytes (1596.93 MB)
write base data version: 14200, memory: 1824337920 bytes (1739.82 MB)
write base data version: 14300, memory: 1463808000 bytes (1396.00 MB)
write base data version: 14400, memory: 1618018304 bytes (1543.06 MB)
write base data version: 14500, memory: 1777754112 bytes (1695.40 MB)
write base data version: 14600, memory: 1395826688 bytes (1331.16 MB)
write base data version: 14700, memory: 1552740352 bytes (1480.81 MB)
write base data version: 14800, memory: 1696169984 bytes (1617.59 MB)
write base data version: 14900, memory: 1838817280 bytes (1753.63 MB)
write base data version: 15000, memory: 1463992320 bytes (1396.17 MB)
write base data version: 15100, memory: 1605021696 bytes (1530.67 MB)
write base data version: 15200, memory: 1746694144 bytes (1665.78 MB)
write base data version: 15300, memory: 1897906176 bytes (1809.98 MB)
write base data version: 15400, memory: 1533108224 bytes (1462.09 MB)
write base data version: 15500, memory: 1681833984 bytes (1603.92 MB)
write base data version: 15600, memory: 1827119104 bytes (1742.48 MB)
write base data version: 15700, memory: 1462943744 bytes (1395.17 MB)
write base data version: 15800, memory: 1610330112 bytes (1535.73 MB)
write base data version: 15900, memory: 1765593088 bytes (1683.80 MB)
write base data version: 16000, memory: 1891540992 bytes (1803.91 MB)
write base data version: 16100, memory: 1532690432 bytes (1461.69 MB)
write base data version: 16200, memory: 1689071616 bytes (1610.82 MB)
write base data version: 16300, memory: 1826021376 bytes (1741.43 MB)
write base data version: 16400, memory: 1974530048 bytes (1883.06 MB)
write base data version: 16500, memory: 1600028672 bytes (1525.91 MB)
write base data version: 16600, memory: 1741750272 bytes (1661.06 MB)
write base data version: 16700, memory: 1883062272 bytes (1795.83 MB)
write base data version: 16800, memory: 1516240896 bytes (1446.00 MB)
write base data version: 16900, memory: 1675702272 bytes (1598.07 MB)
write base data version: 17000, memory: 1810812928 bytes (1726.93 MB)
write base data version: 17100, memory: 1958936576 bytes (1868.19 MB)
write base data version: 17200, memory: 1596153856 bytes (1522.21 MB)
write base data version: 17300, memory: 1745195008 bytes (1664.35 MB)
write base data version: 17400, memory: 1897021440 bytes (1809.14 MB)
write base data version: 17500, memory: 2042920960 bytes (1948.28 MB)
write base data version: 17600, memory: 1668083712 bytes (1590.81 MB)
write base data version: 17700, memory: 1792000000 bytes (1708.98 MB)
write base data version: 17800, memory: 1945350144 bytes (1855.23 MB)
write base data version: 17900, memory: 1583312896 bytes (1509.96 MB)
write base data version: 18000, memory: 1724440576 bytes (1644.55 MB)
write base data version: 18100, memory: 1871925248 bytes (1785.21 MB)
write base data version: 18200, memory: 2024796160 bytes (1931.00 MB)
write base data version: 18300, memory: 1672683520 bytes (1595.20 MB)
write base data version: 18400, memory: 1807376384 bytes (1723.65 MB)
write base data version: 18500, memory: 1937756160 bytes (1847.99 MB)
write base data version: 18600, memory: 2089644032 bytes (1992.84 MB)
write base data version: 18700, memory: 1713975296 bytes (1634.57 MB)
write base data version: 18800, memory: 1854693376 bytes (1768.77 MB)
write base data version: 18900, memory: 1996283904 bytes (1903.80 MB)
write base data version: 19000, memory: 1635610624 bytes (1559.84 MB)
write base data version: 19100, memory: 1793789952 bytes (1710.69 MB)
write base data version: 19200, memory: 1931436032 bytes (1841.96 MB)
write base data version: 19300, memory: 2078384128 bytes (1982.10 MB)
write base data version: 19400, memory: 1710039040 bytes (1630.82 MB)
write base data version: 19500, memory: 1850855424 bytes (1765.11 MB)
write base data version: 19600, memory: 1991831552 bytes (1899.56 MB)
write base data version: 19700, memory: 2137493504 bytes (2038.47 MB)
write base data version: 19800, memory: 1783013376 bytes (1700.41 MB)
write base data version: 19900, memory: 1931964416 bytes (1842.46 MB)
write base data version: 20000, memory: 2077593600 bytes (1981.35 MB)
write base data version: 20100, memory: 1708769280 bytes (1629.61 MB)
write base data version: 20200, memory: 1866104832 bytes (1779.66 MB)
write base data version: 20300, memory: 2018562048 bytes (1925.05 MB)
write base data version: 20400, memory: 2171985920 bytes (2071.37 MB)
write base data version: 20500, memory: 1809145856 bytes (1725.34 MB)
write base data version: 20600, memory: 1955278848 bytes (1864.70 MB)
write base data version: 20700, memory: 2099511296 bytes (2002.25 MB)
write base data version: 20800, memory: 2243301376 bytes (2139.38 MB)
write base data version: 20900, memory: 1872281600 bytes (1785.55 MB)
write base data version: 21000, memory: 2015264768 bytes (1921.91 MB)
write base data version: 21100, memory: 2161803264 bytes (2061.66 MB)
write base data version: 21200, memory: 2308653056 bytes (2201.70 MB)
write base data version: 21300, memory: 1938599936 bytes (1848.79 MB)
write base data version: 21400, memory: 2068828160 bytes (1972.99 MB)
write base data version: 21500, memory: 2218954752 bytes (2116.16 MB)
write base data version: 21600, memory: 1848119296 bytes (1762.50 MB)
write base data version: 21700, memory: 2009264128 bytes (1916.18 MB)
write base data version: 21800, memory: 2157531136 bytes (2057.58 MB)
write base data version: 21900, memory: 2308808704 bytes (2201.85 MB)
write base data version: 22000, memory: 1941962752 bytes (1852.00 MB)
write base data version: 22100, memory: 2095833088 bytes (1998.74 MB)
write base data version: 22200, memory: 2236866560 bytes (2133.24 MB)
write base data version: 22300, memory: 1874231296 bytes (1787.41 MB)
write base data version: 22400, memory: 2016649216 bytes (1923.23 MB)
write base data version: 22500, memory: 2157379584 bytes (2057.44 MB)
write base data version: 22600, memory: 2301206528 bytes (2194.60 MB)
write base data version: 22700, memory: 1922252800 bytes (1833.20 MB)
write base data version: 22800, memory: 2034962432 bytes (1940.69 MB)
write base data version: 22900, memory: 2187468800 bytes (2086.13 MB)
write base data version: 23000, memory: 2344443904 bytes (2235.84 MB)
write base data version: 23100, memory: 1983102976 bytes (1891.23 MB)
write base data version: 23200, memory: 2131644416 bytes (2032.89 MB)
write base data version: 23300, memory: 2280853504 bytes (2175.19 MB)
write base data version: 23400, memory: 1920868352 bytes (1831.88 MB)
write base data version: 23500, memory: 2067857408 bytes (1972.06 MB)
write base data version: 23600, memory: 2217562112 bytes (2114.83 MB)
write base data version: 23700, memory: 2362904576 bytes (2253.44 MB)
write base data version: 23800, memory: 1998409728 bytes (1905.83 MB)
write base data version: 23900, memory: 2140962816 bytes (2041.78 MB)
write base data version: 24000, memory: 2281779200 bytes (2176.07 MB)
write base data version: 24100, memory: 2422861824 bytes (2310.62 MB)
write base data version: 24200, memory: 2067873792 bytes (1972.08 MB)
write base data version: 24300, memory: 2196082688 bytes (2094.35 MB)
write base data version: 24400, memory: 2343432192 bytes (2234.87 MB)
write base data version: 24500, memory: 1982988288 bytes (1891.12 MB)
write base data version: 24600, memory: 2137214976 bytes (2038.21 MB)
write base data version: 24700, memory: 2285772800 bytes (2179.88 MB)
write base data version: 24800, memory: 2436890624 bytes (2324.00 MB)
write base data version: 24900, memory: 2076213248 bytes (1980.03 MB)
write base data version: 25000, memory: 2223058944 bytes (2120.07 MB)
write base data version: 25100, memory: 2372616192 bytes (2262.70 MB)
write base data version: 25200, memory: 2527694848 bytes (2410.60 MB)
write base data version: 25300, memory: 2158800896 bytes (2058.79 MB)
write base data version: 25400, memory: 2301595648 bytes (2194.97 MB)
write base data version: 25500, memory: 2446094336 bytes (2332.78 MB)
write base data version: 25600, memory: 2075115520 bytes (1978.98 MB)
write base data version: 25700, memory: 2236579840 bytes (2132.97 MB)
write base data version: 25800, memory: 2376769536 bytes (2266.66 MB)
write base data version: 25900, memory: 2521067520 bytes (2404.28 MB)
write base data version: 26000, memory: 2159116288 bytes (2059.09 MB)
write base data version: 26100, memory: 2314076160 bytes (2206.88 MB)
write base data version: 26200, memory: 2462519296 bytes (2348.44 MB)
write base data version: 26300, memory: 2613571584 bytes (2492.50 MB)
write base data version: 26400, memory: 2242158592 bytes (2138.29 MB)
write base data version: 26500, memory: 2393538560 bytes (2282.66 MB)
write base data version: 26600, memory: 2546847744 bytes (2428.86 MB)
write base data version: 26700, memory: 2181853184 bytes (2080.78 MB)
write base data version: 26800, memory: 2328895488 bytes (2221.01 MB)
write base data version: 26900, memory: 2471817216 bytes (2357.31 MB)
write base data version: 27000, memory: 2612686848 bytes (2491.65 MB)
write base data version: 27100, memory: 2237337600 bytes (2133.69 MB)
write base data version: 27200, memory: 2363609088 bytes (2254.11 MB)
write base data version: 27300, memory: 2504224768 bytes (2388.21 MB)
write base data version: 27400, memory: 2651836416 bytes (2528.99 MB)
write base data version: 27500, memory: 2272808960 bytes (2167.52 MB)
write base data version: 27600, memory: 2415693824 bytes (2303.79 MB)
write base data version: 27700, memory: 2559148032 bytes (2440.59 MB)
write base data version: 27800, memory: 2196561920 bytes (2094.80 MB)
write base data version: 27900, memory: 2357116928 bytes (2247.92 MB)
write base data version: 28000, memory: 2498469888 bytes (2382.73 MB)
write base data version: 28100, memory: 2644881408 bytes (2522.36 MB)
write base data version: 28200, memory: 2289098752 bytes (2183.05 MB)
write base data version: 28300, memory: 2433359872 bytes (2320.63 MB)
write base data version: 28400, memory: 2591285248 bytes (2471.24 MB)
write base data version: 28500, memory: 2750783488 bytes (2623.35 MB)
write base data version: 28600, memory: 2376605696 bytes (2266.51 MB)
write base data version: 28700, memory: 2529943552 bytes (2412.74 MB)
write base data version: 28800, memory: 2682605568 bytes (2558.33 MB)
write base data version: 28900, memory: 2317275136 bytes (2209.93 MB)
write base data version: 29000, memory: 2462126080 bytes (2348.07 MB)
write base data version: 29100, memory: 2603909120 bytes (2483.28 MB)
write base data version: 29200, memory: 2747867136 bytes (2620.57 MB)
write base data version: 29300, memory: 2375200768 bytes (2265.17 MB)
write base data version: 29400, memory: 2515533824 bytes (2399.00 MB)
write base data version: 29500, memory: 2656587776 bytes (2533.52 MB)
write base data version: 29600, memory: 2803822592 bytes (2673.93 MB)
write base data version: 29700, memory: 2426077184 bytes (2313.69 MB)
write base data version: 29800, memory: 2566418432 bytes (2447.53 MB)
write base data version: 29900, memory: 2716663808 bytes (2590.81 MB)
write base data version: 30000, memory: 2343866368 bytes (2235.29 MB)
write base data version: 30100, memory: 2495954944 bytes (2380.33 MB)
write base data version: 30200, memory: 2638848000 bytes (2516.60 MB)
write base data version: 30300, memory: 2779426816 bytes (2650.67 MB)
write base data version: 30400, memory: 2417528832 bytes (2305.54 MB)
write base data version: 30500, memory: 2562510848 bytes (2443.80 MB)
write base data version: 30600, memory: 2714411008 bytes (2588.66 MB)
write base data version: 30700, memory: 2864590848 bytes (2731.89 MB)
write base data version: 30800, memory: 2485727232 bytes (2370.57 MB)
write base data version: 30900, memory: 2626486272 bytes (2504.81 MB)
write base data version: 31000, memory: 2769686528 bytes (2641.38 MB)
write base data version: 31100, memory: 2411085824 bytes (2299.39 MB)
write base data version: 31200, memory: 2555420672 bytes (2437.04 MB)
write base data version: 31300, memory: 2709610496 bytes (2584.09 MB)
write base data version: 31400, memory: 2855825408 bytes (2723.53 MB)
write base data version: 31500, memory: 2500288512 bytes (2384.46 MB)
write base data version: 31600, memory: 2646396928 bytes (2523.80 MB)
write base data version: 31700, memory: 2796158976 bytes (2666.62 MB)
write base data version: 31800, memory: 2438123520 bytes (2325.18 MB)
write base data version: 31900, memory: 2582790144 bytes (2463.14 MB)
write base data version: 32000, memory: 2733867008 bytes (2607.22 MB)
write base data version: 32100, memory: 2892447744 bytes (2758.45 MB)
write base data version: 32200, memory: 2534367232 bytes (2416.96 MB)
write base data version: 32300, memory: 2700959744 bytes (2575.84 MB)
write base data version: 32400, memory: 2826821632 bytes (2695.87 MB)
write base data version: 32500, memory: 2973986816 bytes (2836.21 MB)
write base data version: 32600, memory: 2603384832 bytes (2482.78 MB)
write base data version: 32700, memory: 2757435392 bytes (2629.70 MB)
write base data version: 32800, memory: 2907230208 bytes (2772.55 MB)
write base data version: 32900, memory: 2542325760 bytes (2424.55 MB)
write base data version: 33000, memory: 2693586944 bytes (2568.80 MB)
write base data version: 33100, memory: 2844045312 bytes (2712.29 MB)
write base data version: 33200, memory: 2994667520 bytes (2855.94 MB)
write base data version: 33300, memory: 2642243584 bytes (2519.84 MB)
write base data version: 33400, memory: 2812444672 bytes (2682.16 MB)
write base data version: 33500, memory: 2969825280 bytes (2832.25 MB)
write base data version: 33600, memory: 3119177728 bytes (2974.68 MB)
write base data version: 33700, memory: 2699964416 bytes (2574.89 MB)
write base data version: 33800, memory: 2842009600 bytes (2710.35 MB)
write base data version: 33900, memory: 2983657472 bytes (2845.44 MB)
write base data version: 34000, memory: 2613276672 bytes (2492.21 MB)
write base data version: 34100, memory: 2775040000 bytes (2646.48 MB)
write base data version: 34200, memory: 2883624960 bytes (2750.04 MB)
write base data version: 34300, memory: 3031728128 bytes (2891.28 MB)
write base data version: 34400, memory: 2671923200 bytes (2548.14 MB)
write base data version: 34500, memory: 2831888384 bytes (2700.70 MB)
write base data version: 34600, memory: 2980519936 bytes (2842.45 MB)
write base data version: 34700, memory: 3125628928 bytes (2980.83 MB)
write base data version: 34800, memory: 2770792448 bytes (2642.43 MB)
write base data version: 34900, memory: 2912858112 bytes (2777.92 MB)
write base data version: 35000, memory: 3060789248 bytes (2919.00 MB)
write base data version: 35100, memory: 2699563008 bytes (2574.50 MB)
write base data version: 35200, memory: 2859864064 bytes (2727.38 MB)
write base data version: 35300, memory: 3001327616 bytes (2862.29 MB)
write base data version: 35400, memory: 3155795968 bytes (3009.60 MB)
write base data version: 35500, memory: 2798247936 bytes (2668.62 MB)
write base data version: 35600, memory: 2944917504 bytes (2808.49 MB)
write base data version: 35700, memory: 3095044096 bytes (2951.66 MB)
write base data version: 35800, memory: 3254824960 bytes (3104.04 MB)
write base data version: 35900, memory: 2905833472 bytes (2771.22 MB)
write base data version: 36000, memory: 3071619072 bytes (2929.32 MB)
write base data version: 36100, memory: 3228106752 bytes (3078.56 MB)
write base data version: 36200, memory: 2814746624 bytes (2684.35 MB)
write base data version: 36300, memory: 2959814656 bytes (2822.70 MB)
write base data version: 36400, memory: 3103395840 bytes (2959.63 MB)
write base data version: 36500, memory: 3245129728 bytes (3094.80 MB)
write base data version: 36600, memory: 2879492096 bytes (2746.10 MB)
write base data version: 36700, memory: 3010768896 bytes (2871.29 MB)
write base data version: 36800, memory: 3152838656 bytes (3006.78 MB)
write base data version: 36900, memory: 2783137792 bytes (2654.21 MB)
write base data version: 37000, memory: 2936467456 bytes (2800.43 MB)
write base data version: 37100, memory: 3094380544 bytes (2951.03 MB)
write base data version: 37200, memory: 3243995136 bytes (3093.71 MB)
write base data version: 37300, memory: 2884227072 bytes (2750.61 MB)
write base data version: 37400, memory: 3036110848 bytes (2895.46 MB)
write base data version: 37500, memory: 3191083008 bytes (3043.25 MB)
write base data version: 37600, memory: 3345547264 bytes (3190.56 MB)
write base data version: 37700, memory: 2978148352 bytes (2840.18 MB)
write base data version: 37800, memory: 3129634816 bytes (2984.65 MB)
write base data version: 37900, memory: 3284291584 bytes (3132.14 MB)
write base data version: 38000, memory: 2925645824 bytes (2790.11 MB)
write base data version: 38100, memory: 3081158656 bytes (2938.42 MB)
write base data version: 38200, memory: 3229560832 bytes (3079.95 MB)
write base data version: 38300, memory: 3356631040 bytes (3201.13 MB)
write base data version: 38400, memory: 3013787648 bytes (2874.17 MB)
write base data version: 38500, memory: 3185201152 bytes (3037.64 MB)
write base data version: 38600, memory: 3345965056 bytes (3190.96 MB)
write base data version: 38700, memory: 3497152512 bytes (3335.14 MB)
write base data version: 38800, memory: 3135963136 bytes (2990.69 MB)
write base data version: 38900, memory: 3289505792 bytes (3137.12 MB)
write base data version: 39000, memory: 3436077056 bytes (3276.90 MB)
write base data version: 39100, memory: 3080798208 bytes (2938.08 MB)
write base data version: 39200, memory: 3254231040 bytes (3103.48 MB)
write base data version: 39300, memory: 3421351936 bytes (3262.86 MB)
write base data version: 39400, memory: 3573465088 bytes (3407.92 MB)
write base data version: 39500, memory: 3205693440 bytes (3057.19 MB)
write base data version: 39600, memory: 3309232128 bytes (3155.93 MB)
write base data version: 39700, memory: 3463655424 bytes (3303.20 MB)
write base data version: 39800, memory: 3611643904 bytes (3444.33 MB)
write base data version: 39900, memory: 3235700736 bytes (3085.80 MB)
write base data version: 40000, memory: 3361320960 bytes (3205.61 MB)
write base data version: 40100, memory: 3509018624 bytes (3346.46 MB)
write base data version: 40200, memory: 3150594048 bytes (3004.64 MB)
write base data version: 40300, memory: 3300806656 bytes (3147.89 MB)
write base data version: 40400, memory: 3449597952 bytes (3289.79 MB)
write base data version: 40500, memory: 3603468288 bytes (3436.54 MB)
write base data version: 40600, memory: 3241889792 bytes (3091.71 MB)
write base data version: 40700, memory: 3397808128 bytes (3240.40 MB)
write base data version: 40800, memory: 3548635136 bytes (3384.24 MB)
write base data version: 40900, memory: 3707785216 bytes (3536.02 MB)
write base data version: 41000, memory: 3339210752 bytes (3184.52 MB)
write base data version: 41100, memory: 3485097984 bytes (3323.65 MB)
write base data version: 41200, memory: 3641462784 bytes (3472.77 MB)
write base data version: 41300, memory: 3278057472 bytes (3126.20 MB)
write base data version: 41400, memory: 3427758080 bytes (3268.96 MB)
write base data version: 41500, memory: 3575115776 bytes (3409.50 MB)
write base data version: 41600, memory: 3717902336 bytes (3545.67 MB)
write base data version: 41700, memory: 3345219584 bytes (3190.25 MB)
write base data version: 41800, memory: 3486539776 bytes (3325.02 MB)
write base data version: 41900, memory: 3628183552 bytes (3460.11 MB)
write base data version: 42000, memory: 3256512512 bytes (3105.65 MB)
write base data version: 42100, memory: 3397820416 bytes (3240.41 MB)
write base data version: 42200, memory: 3539849216 bytes (3375.86 MB)
write base data version: 42300, memory: 3684216832 bytes (3513.54 MB)
write base data version: 42400, memory: 3323355136 bytes (3169.40 MB)
write base data version: 42500, memory: 3473162240 bytes (3312.27 MB)
write base data version: 42600, memory: 3637501952 bytes (3468.99 MB)
write base data version: 42700, memory: 3779833856 bytes (3604.73 MB)
write base data version: 42800, memory: 3408371712 bytes (3250.48 MB)
write base data version: 42900, memory: 3559583744 bytes (3394.68 MB)
write base data version: 43000, memory: 3708022784 bytes (3536.25 MB)
write base data version: 43100, memory: 3364888576 bytes (3209.01 MB)
write base data version: 43200, memory: 3522924544 bytes (3359.72 MB)
write base data version: 43300, memory: 3704315904 bytes (3532.71 MB)
write base data version: 43400, memory: 3881545728 bytes (3701.73 MB)
write base data version: 43500, memory: 3495747584 bytes (3333.80 MB)
write base data version: 43600, memory: 3649138688 bytes (3480.09 MB)
write base data version: 43700, memory: 3800129536 bytes (3624.09 MB)
write base data version: 43800, memory: 3950448640 bytes (3767.44 MB)
write base data version: 43900, memory: 3581427712 bytes (3415.52 MB)
write base data version: 44000, memory: 3729870848 bytes (3557.08 MB)
write base data version: 44100, memory: 3888766976 bytes (3708.62 MB)
write base data version: 44200, memory: 3527348224 bytes (3363.94 MB)
write base data version: 44300, memory: 3683590144 bytes (3512.95 MB)
write base data version: 44400, memory: 3842469888 bytes (3664.46 MB)
write base data version: 44500, memory: 3998425088 bytes (3813.20 MB)
write base data version: 44600, memory: 3625132032 bytes (3457.20 MB)
write base data version: 44700, memory: 3774795776 bytes (3599.93 MB)
write base data version: 44800, memory: 3931697152 bytes (3749.56 MB)
write base data version: 44900, memory: 3573616640 bytes (3408.07 MB)
write base data version: 45000, memory: 3755991040 bytes (3581.99 MB)
write base data version: 45100, memory: 3840937984 bytes (3663.00 MB)
write base data version: 45200, memory: 3984818176 bytes (3800.22 MB)
write base data version: 45300, memory: 3588005888 bytes (3421.79 MB)
write base data version: 45400, memory: 3734478848 bytes (3561.48 MB)
write base data version: 45500, memory: 3888218112 bytes (3708.09 MB)
write base data version: 45600, memory: 4035960832 bytes (3848.99 MB)
write base data version: 45700, memory: 3668090880 bytes (3498.16 MB)
write base data version: 45800, memory: 3825369088 bytes (3648.16 MB)
write base data version: 45900, memory: 3974672384 bytes (3790.54 MB)
write base data version: 46000, memory: 3608100864 bytes (3440.95 MB)
write base data version: 46100, memory: 3759075328 bytes (3584.93 MB)
write base data version: 46200, memory: 3923226624 bytes (3741.48 MB)
write base data version: 46300, memory: 4069584896 bytes (3881.06 MB)
write base data version: 46400, memory: 3702411264 bytes (3530.89 MB)
write base data version: 46500, memory: 3861512192 bytes (3682.62 MB)
write base data version: 46600, memory: 4010659840 bytes (3824.86 MB)
write base data version: 46700, memory: 4160729088 bytes (3967.98 MB)
write base data version: 46800, memory: 3834974208 bytes (3657.32 MB)
write base data version: 46900, memory: 3999383552 bytes (3814.11 MB)
write base data version: 47000, memory: 4209549312 bytes (4014.54 MB)
write base data version: 47100, memory: 3837202432 bytes (3659.44 MB)
write base data version: 47200, memory: 3984699392 bytes (3800.11 MB)
write base data version: 47300, memory: 4129071104 bytes (3937.79 MB)
write base data version: 47400, memory: 4271669248 bytes (4073.78 MB)
write base data version: 47500, memory: 3902005248 bytes (3721.24 MB)
write base data version: 47600, memory: 4060647424 bytes (3872.54 MB)
write base data version: 47700, memory: 4211625984 bytes (4016.52 MB)
write base data version: 47800, memory: 4355723264 bytes (4153.94 MB)
write base data version: 47900, memory: 3983589376 bytes (3799.05 MB)
write base data version: 48000, memory: 4127600640 bytes (3936.39 MB)
write base data version: 48100, memory: 4269305856 bytes (4071.53 MB)
write base data version: 48200, memory: 3915755520 bytes (3734.36 MB)
write base data version: 48300, memory: 4067135488 bytes (3878.72 MB)
write base data version: 48400, memory: 4218322944 bytes (4022.91 MB)
write base data version: 48500, memory: 4375486464 bytes (4172.79 MB)
write base data version: 48600, memory: 4010229760 bytes (3824.45 MB)
write base data version: 48700, memory: 4163772416 bytes (3970.88 MB)
write base data version: 48800, memory: 4311093248 bytes (4111.38 MB)
write base data version: 48900, memory: 4464340992 bytes (4257.53 MB)
write base data version: 49000, memory: 4103487488 bytes (3913.39 MB)
write base data version: 49100, memory: 4257030144 bytes (4059.82 MB)
write base data version: 49200, memory: 4406579200 bytes (4202.44 MB)
write base data version: 49300, memory: 4066664448 bytes (3878.27 MB)
write base data version: 49400, memory: 4227166208 bytes (4031.34 MB)
write base data version: 49500, memory: 4254830592 bytes (4057.72 MB)
write base data version: 49600, memory: 4397465600 bytes (4193.75 MB)
write base data version: 49700, memory: 3987759104 bytes (3803.02 MB)
write base data version: 49800, memory: 4137205760 bytes (3945.55 MB)
write base data version: 49900, memory: 4280238080 bytes (4081.95 MB)
write base data version: 50000, memory: 3917053952 bytes (3735.59 MB)
write base data version: 50100, memory: 4067737600 bytes (3879.30 MB)
write base data version: 50200, memory: 4223152128 bytes (4027.51 MB)
write base data version: 50300, memory: 4369920000 bytes (4167.48 MB)
write base data version: 50400, memory: 3999514624 bytes (3814.23 MB)
write base data version: 50500, memory: 4141289472 bytes (3949.44 MB)
write base data version: 50600, memory: 4280909824 bytes (4082.59 MB)
write base data version: 50700, memory: 4434685952 bytes (4229.25 MB)
write base data version: 50800, memory: 4059811840 bytes (3871.74 MB)
write base data version: 50900, memory: 4193443840 bytes (3999.18 MB)
write base data version: 51000, memory: 4334563328 bytes (4133.76 MB)
write base data version: 51100, memory: 3966410752 bytes (3782.66 MB)
write base data version: 51200, memory: 4107808768 bytes (3917.51 MB)
write base data version: 51300, memory: 4251627520 bytes (4054.67 MB)
write base data version: 51400, memory: 4387799040 bytes (4184.53 MB)
write base data version: 51500, memory: 4023390208 bytes (3837.00 MB)
write base data version: 51600, memory: 4165267456 bytes (3972.31 MB)
write base data version: 51700, memory: 4294549504 bytes (4095.60 MB)
write base data version: 51800, memory: 4444921856 bytes (4239.01 MB)
write base data version: 51900, memory: 4044795904 bytes (3857.42 MB)
write base data version: 52000, memory: 4190314496 bytes (3996.20 MB)
write base data version: 52100, memory: 4332171264 bytes (4131.48 MB)
write base data version: 52200, memory: 3971358720 bytes (3787.38 MB)
write base data version: 52300, memory: 4128645120 bytes (3937.38 MB)
write base data version: 52400, memory: 4275449856 bytes (4077.39 MB)
write base data version: 52500, memory: 4421103616 bytes (4216.29 MB)
write base data version: 52600, memory: 4062633984 bytes (3874.43 MB)
write base data version: 52700, memory: 4220530688 bytes (4025.01 MB)
write base data version: 52800, memory: 4365119488 bytes (4162.90 MB)
write base data version: 52900, memory: 3994603520 bytes (3809.55 MB)
write base data version: 53000, memory: 4146642944 bytes (3954.55 MB)
write base data version: 53100, memory: 4296167424 bytes (4097.14 MB)
write base data version: 53200, memory: 4442181632 bytes (4236.39 MB)
write base data version: 53300, memory: 4071710720 bytes (3883.09 MB)
write base data version: 53400, memory: 4229111808 bytes (4033.20 MB)
write base data version: 53500, memory: 4376219648 bytes (4173.49 MB)
write base data version: 53600, memory: 4519051264 bytes (4309.70 MB)
write base data version: 53700, memory: 4159938560 bytes (3967.23 MB)
write base data version: 53800, memory: 4299563008 bytes (4100.38 MB)
write base data version: 53900, memory: 4450889728 bytes (4244.70 MB)
write base data version: 54000, memory: 4595965952 bytes (4383.05 MB)
write base data version: 54100, memory: 4221435904 bytes (4025.88 MB)
write base data version: 54200, memory: 4362227712 bytes (4160.14 MB)
write base data version: 54300, memory: 4508475392 bytes (4299.62 MB)
write base data version: 54400, memory: 4136976384 bytes (3945.33 MB)
write base data version: 54500, memory: 4280983552 bytes (4082.66 MB)
write base data version: 54600, memory: 4416016384 bytes (4211.44 MB)
write base data version: 54700, memory: 4563058688 bytes (4351.67 MB)
write base data version: 54800, memory: 4204654592 bytes (4009.87 MB)
write base data version: 54900, memory: 4349345792 bytes (4147.86 MB)
write base data version: 55000, memory: 4490919936 bytes (4282.88 MB)
write base data version: 55100, memory: 4123435008 bytes (3932.41 MB)
write base data version: 55200, memory: 4266364928 bytes (4068.72 MB)
write base data version: 55300, memory: 4395966464 bytes (4192.32 MB)
write base data version: 55400, memory: 4537556992 bytes (4327.35 MB)
write base data version: 55500, memory: 4167737344 bytes (3974.66 MB)
write base data version: 55600, memory: 4310978560 bytes (4111.27 MB)
write base data version: 55700, memory: 4452323328 bytes (4246.07 MB)
write base data version: 55800, memory: 4598505472 bytes (4385.48 MB)
write base data version: 55900, memory: 4233531392 bytes (4037.41 MB)
write base data version: 56000, memory: 4373303296 bytes (4170.71 MB)
write base data version: 56100, memory: 4518764544 bytes (4309.43 MB)
write base data version: 56200, memory: 4159766528 bytes (3967.06 MB)
write base data version: 56300, memory: 4309393408 bytes (4109.76 MB)
write base data version: 56400, memory: 4457140224 bytes (4250.66 MB)
write base data version: 56500, memory: 4598620160 bytes (4385.59 MB)
write base data version: 56600, memory: 4246605824 bytes (4049.88 MB)
write base data version: 56700, memory: 4402716672 bytes (4198.76 MB)
write base data version: 56800, memory: 4554555392 bytes (4343.56 MB)
write base data version: 56900, memory: 4176949248 bytes (3983.45 MB)
write base data version: 57000, memory: 4318253056 bytes (4118.21 MB)
write base data version: 57100, memory: 4463284224 bytes (4256.52 MB)
write base data version: 57200, memory: 4605054976 bytes (4391.72 MB)
write base data version: 57300, memory: 4228575232 bytes (4032.68 MB)
write base data version: 57400, memory: 4373680128 bytes (4171.07 MB)
write base data version: 57500, memory: 4503621632 bytes (4294.99 MB)
write base data version: 57600, memory: 4645814272 bytes (4430.59 MB)
write base data version: 57700, memory: 4280606720 bytes (4082.30 MB)
write base data version: 57800, memory: 4422250496 bytes (4217.39 MB)
write base data version: 57900, memory: 4567420928 bytes (4355.83 MB)
write base data version: 58000, memory: 4195311616 bytes (4000.96 MB)
write base data version: 58100, memory: 4335599616 bytes (4134.75 MB)
write base data version: 58200, memory: 4481114112 bytes (4273.52 MB)
write base data version: 58300, memory: 4629446656 bytes (4414.98 MB)
write base data version: 58400, memory: 4267888640 bytes (4070.18 MB)
write base data version: 58500, memory: 4414398464 bytes (4209.90 MB)
write base data version: 58600, memory: 4555776000 bytes (4344.73 MB)
write base data version: 58700, memory: 4700667904 bytes (4482.91 MB)
write base data version: 58800, memory: 4327596032 bytes (4127.12 MB)
write base data version: 58900, memory: 4455829504 bytes (4249.41 MB)
write base data version: 59000, memory: 4598951936 bytes (4385.90 MB)
write base data version: 59100, memory: 4231688192 bytes (4035.65 MB)
write base data version: 59200, memory: 4373635072 bytes (4171.02 MB)
write base data version: 59300, memory: 4515381248 bytes (4306.20 MB)
write base data version: 59400, memory: 4657205248 bytes (4441.46 MB)
write base data version: 59500, memory: 4290109440 bytes (4091.37 MB)
write base data version: 59600, memory: 4433977344 bytes (4228.57 MB)
write base data version: 59700, memory: 4585598976 bytes (4373.17 MB)
write base data version: 59800, memory: 4217659392 bytes (4022.27 MB)
write base data version: 59900, memory: 4362784768 bytes (4160.68 MB)
write base data version: 60000, memory: 4513959936 bytes (4304.85 MB)
write base data version: 60100, memory: 4656877568 bytes (4441.14 MB)
write base data version: 60200, memory: 4284813312 bytes (4086.32 MB)
write base data version: 60300, memory: 4415066112 bytes (4210.54 MB)
write base data version: 60400, memory: 4557799424 bytes (4346.66 MB)
write base data version: 60500, memory: 4700749824 bytes (4482.98 MB)
write base data version: 60600, memory: 4329832448 bytes (4129.25 MB)
write base data version: 60700, memory: 4471529472 bytes (4264.38 MB)
write base data version: 60800, memory: 4614483968 bytes (4400.71 MB)
write base data version: 60900, memory: 4765315072 bytes (4544.56 MB)
write base data version: 61000, memory: 4409724928 bytes (4205.44 MB)
write base data version: 61100, memory: 4559863808 bytes (4348.62 MB)
write base data version: 61200, memory: 4711563264 bytes (4493.30 MB)
write base data version: 61300, memory: 4345446400 bytes (4144.14 MB)
write base data version: 61400, memory: 4488663040 bytes (4280.72 MB)
write base data version: 61500, memory: 4630155264 bytes (4415.66 MB)
write base data version: 61600, memory: 4773318656 bytes (4552.19 MB)
write base data version: 61700, memory: 4404953088 bytes (4200.89 MB)
write base data version: 61800, memory: 4532703232 bytes (4322.72 MB)
write base data version: 61900, memory: 4678451200 bytes (4461.72 MB)
write base data version: 62000, memory: 4307910656 bytes (4108.34 MB)
write base data version: 62100, memory: 4449107968 bytes (4243.00 MB)
write base data version: 62200, memory: 4593651712 bytes (4380.85 MB)
write base data version: 62300, memory: 4735365120 bytes (4516.00 MB)
write base data version: 62400, memory: 4372746240 bytes (4170.18 MB)
write base data version: 62500, memory: 4530405376 bytes (4320.53 MB)
write base data version: 62600, memory: 4673744896 bytes (4457.23 MB)
write base data version: 62700, memory: 4819845120 bytes (4596.56 MB)
write base data version: 62800, memory: 4457828352 bytes (4251.32 MB)
write base data version: 62900, memory: 4600766464 bytes (4387.63 MB)
write base data version: 63000, memory: 4744744960 bytes (4524.94 MB)
write base data version: 63100, memory: 4374077440 bytes (4171.45 MB)
write base data version: 63200, memory: 4518330368 bytes (4309.02 MB)
write base data version: 63300, memory: 4647448576 bytes (4432.15 MB)
write base data version: 63400, memory: 4796477440 bytes (4574.28 MB)
write base data version: 63500, memory: 4423503872 bytes (4218.58 MB)
write base data version: 63600, memory: 4569735168 bytes (4358.04 MB)
write base data version: 63700, memory: 4711411712 bytes (4493.15 MB)
write base data version: 63800, memory: 4858425344 bytes (4633.36 MB)
write base data version: 63900, memory: 4500246528 bytes (4291.77 MB)
write base data version: 64000, memory: 4645527552 bytes (4430.32 MB)
write base data version: 64100, memory: 4797915136 bytes (4575.65 MB)
write base data version: 64200, memory: 4430876672 bytes (4225.61 MB)
write base data version: 64300, memory: 4572696576 bytes (4360.86 MB)
write base data version: 64400, memory: 4716290048 bytes (4497.80 MB)
write base data version: 64500, memory: 4859392000 bytes (4634.28 MB)
write base data version: 64600, memory: 4494430208 bytes (4286.22 MB)
write base data version: 64700, memory: 4656676864 bytes (4440.95 MB)
write base data version: 64800, memory: 4794535936 bytes (4572.43 MB)
write base data version: 64900, memory: 4948922368 bytes (4719.66 MB)
write base data version: 65000, memory: 4581318656 bytes (4369.09 MB)
write base data version: 65100, memory: 4727914496 bytes (4508.89 MB)
write base data version: 65200, memory: 4871667712 bytes (4645.98 MB)
write base data version: 65300, memory: 4512755712 bytes (4303.70 MB)
write base data version: 65400, memory: 4657217536 bytes (4441.47 MB)
write base data version: 65500, memory: 4807770112 bytes (4585.05 MB)
write base data version: 65600, memory: 4952940544 bytes (4723.49 MB)
write base data version: 65700, memory: 4599271424 bytes (4386.21 MB)
write base data version: 65800, memory: 4741152768 bytes (4521.52 MB)
write base data version: 65900, memory: 4883042304 bytes (4656.83 MB)
write base data version: 66000, memory: 4512047104 bytes (4303.02 MB)
write base data version: 66100, memory: 4655853568 bytes (4440.17 MB)
write base data version: 66200, memory: 4784869376 bytes (4563.21 MB)
write base data version: 66300, memory: 4927287296 bytes (4699.03 MB)
write base data version: 66400, memory: 4558209024 bytes (4347.05 MB)
write base data version: 66500, memory: 4699795456 bytes (4482.07 MB)
write base data version: 66600, memory: 4842659840 bytes (4618.32 MB)
write base data version: 66700, memory: 4987011072 bytes (4755.98 MB)
write base data version: 66800, memory: 4614643712 bytes (4400.87 MB)
write base data version: 66900, memory: 4752642048 bytes (4532.47 MB)
write base data version: 67000, memory: 4887027712 bytes (4660.63 MB)
write base data version: 67100, memory: 5035003904 bytes (4801.75 MB)
write base data version: 67200, memory: 4656156672 bytes (4440.46 MB)
write base data version: 67300, memory: 4802801664 bytes (4580.31 MB)
write base data version: 67400, memory: 4944642048 bytes (4715.58 MB)
write base data version: 67500, memory: 4575895552 bytes (4363.91 MB)
write base data version: 67600, memory: 4704014336 bytes (4486.10 MB)
write base data version: 67700, memory: 4848828416 bytes (4624.20 MB)
write base data version: 67800, memory: 4992806912 bytes (4761.51 MB)
write base data version: 67900, memory: 4619071488 bytes (4405.09 MB)
write base data version: 68000, memory: 4762808320 bytes (4542.17 MB)
write base data version: 68100, memory: 4904480768 bytes (4677.28 MB)
write base data version: 68200, memory: 4534427648 bytes (4324.37 MB)
write base data version: 68300, memory: 4676063232 bytes (4459.44 MB)
write base data version: 68400, memory: 4806758400 bytes (4584.08 MB)
write base data version: 68500, memory: 4949577728 bytes (4720.29 MB)
write base data version: 68600, memory: 4580040704 bytes (4367.87 MB)
write base data version: 68700, memory: 4725342208 bytes (4506.44 MB)
write base data version: 68800, memory: 4866392064 bytes (4640.95 MB)
write base data version: 68900, memory: 5015420928 bytes (4783.08 MB)
write base data version: 69000, memory: 4639141888 bytes (4424.23 MB)
write base data version: 69100, memory: 4778954752 bytes (4557.57 MB)
write base data version: 69200, memory: 4935041024 bytes (4706.42 MB)
write base data version: 69300, memory: 4570808320 bytes (4359.06 MB)
write base data version: 69400, memory: 4720369664 bytes (4501.70 MB)
write base data version: 69500, memory: 4865024000 bytes (4639.65 MB)
write base data version: 69600, memory: 4987076608 bytes (4756.05 MB)
write base data version: 69700, memory: 4616527872 bytes (4402.66 MB)
write base data version: 69800, memory: 4746551296 bytes (4526.66 MB)
write base data version: 69900, memory: 4892479488 bytes (4665.83 MB)
write base data version: 70000, memory: 5048913920 bytes (4815.02 MB)
write base data version: 70100, memory: 4684926976 bytes (4467.89 MB)
write base data version: 70200, memory: 4828950528 bytes (4605.25 MB)
write base data version: 70300, memory: 4971106304 bytes (4740.82 MB)
write base data version: 70400, memory: 4598874112 bytes (4385.83 MB)
write base data version: 70500, memory: 4744884224 bytes (4525.07 MB)
write base data version: 70600, memory: 4886933504 bytes (4660.54 MB)
write base data version: 70700, memory: 5028777984 bytes (4795.82 MB)
write base data version: 70800, memory: 4661956608 bytes (4445.99 MB)
write base data version: 70900, memory: 4803207168 bytes (4580.70 MB)
write base data version: 71000, memory: 4946538496 bytes (4717.39 MB)
write base data version: 71100, memory: 4579213312 bytes (4367.08 MB)
write base data version: 71200, memory: 4736372736 bytes (4516.96 MB)
write base data version: 71300, memory: 4885700608 bytes (4659.37 MB)
write base data version: 71400, memory: 5023756288 bytes (4791.03 MB)
write base data version: 71500, memory: 4666585088 bytes (4450.40 MB)
write base data version: 71600, memory: 4818268160 bytes (4595.06 MB)
write base data version: 71700, memory: 4959576064 bytes (4729.82 MB)
write base data version: 71800, memory: 5103915008 bytes (4867.47 MB)
write base data version: 71900, memory: 4745764864 bytes (4525.91 MB)
write base data version: 72000, memory: 4888801280 bytes (4662.32 MB)
write base data version: 72100, memory: 5045870592 bytes (4812.12 MB)
write base data version: 72200, memory: 4684816384 bytes (4467.79 MB)
write base data version: 72300, memory: 4828295168 bytes (4604.62 MB)
write base data version: 72400, memory: 4969996288 bytes (4739.76 MB)
write base data version: 72500, memory: 5108797440 bytes (4872.13 MB)
write base data version: 72600, memory: 4740616192 bytes (4521.00 MB)
write base data version: 72700, memory: 4869058560 bytes (4643.50 MB)
write base data version: 72800, memory: 5013172224 bytes (4780.93 MB)
write base data version: 72900, memory: 5162901504 bytes (4923.73 MB)
write base data version: 73000, memory: 4789149696 bytes (4567.29 MB)
write base data version: 73100, memory: 4930445312 bytes (4702.04 MB)
write base data version: 73200, memory: 5074739200 bytes (4839.65 MB)
write base data version: 73300, memory: 4712894464 bytes (4494.57 MB)
write base data version: 73400, memory: 4873691136 bytes (4647.91 MB)
write base data version: 73500, memory: 5012656128 bytes (4780.44 MB)
write base data version: 73600, memory: 5160235008 bytes (4921.18 MB)
write base data version: 73700, memory: 4799111168 bytes (4576.79 MB)
write base data version: 73800, memory: 4950056960 bytes (4720.74 MB)
write base data version: 73900, memory: 5094801408 bytes (4858.78 MB)
write base data version: 74000, memory: 5241626624 bytes (4998.80 MB)
write base data version: 74100, memory: 4865081344 bytes (4639.70 MB)
write base data version: 74200, memory: 5004296192 bytes (4772.47 MB)
write base data version: 74300, memory: 5157027840 bytes (4918.12 MB)
write base data version: 74400, memory: 4788195328 bytes (4566.38 MB)
write base data version: 74500, memory: 4933488640 bytes (4704.94 MB)
write base data version: 74600, memory: 5074825216 bytes (4839.73 MB)
write base data version: 74700, memory: 5217005568 bytes (4975.32 MB)
write base data version: 74800, memory: 4845125632 bytes (4620.67 MB)
write base data version: 74900, memory: 4974870528 bytes (4744.41 MB)
write base data version: 75000, memory: 5112201216 bytes (4875.38 MB)
write base data version: 75100, memory: 4740755456 bytes (4521.14 MB)
write base data version: 75200, memory: 4894113792 bytes (4667.39 MB)
write base data version: 75300, memory: 5038247936 bytes (4804.85 MB)
write base data version: 75400, memory: 5181489152 bytes (4941.45 MB)
write base data version: 75500, memory: 4815556608 bytes (4592.47 MB)
write base data version: 75600, memory: 4963602432 bytes (4733.66 MB)
write base data version: 75700, memory: 5113888768 bytes (4876.98 MB)
write base data version: 75800, memory: 5259317248 bytes (5015.68 MB)
write base data version: 75900, memory: 4896804864 bytes (4669.96 MB)
write base data version: 76000, memory: 5037842432 bytes (4804.46 MB)
write base data version: 76100, memory: 5181640704 bytes (4941.60 MB)
write base data version: 76200, memory: 4810391552 bytes (4587.55 MB)
write base data version: 76300, memory: 4938637312 bytes (4709.85 MB)
write base data version: 76400, memory: 5091155968 bytes (4855.30 MB)
write base data version: 76500, memory: 5240283136 bytes (4997.52 MB)
write base data version: 76600, memory: 4875419648 bytes (4649.56 MB)
write base data version: 76700, memory: 5016444928 bytes (4784.05 MB)
write base data version: 76800, memory: 5161455616 bytes (4922.35 MB)
write base data version: 76900, memory: 5305311232 bytes (5059.54 MB)
write base data version: 77000, memory: 4932608000 bytes (4704.10 MB)
write base data version: 77100, memory: 5060386816 bytes (4825.96 MB)
write base data version: 77200, memory: 5204873216 bytes (4963.75 MB)
write base data version: 77300, memory: 4836372480 bytes (4612.32 MB)
write base data version: 77400, memory: 4973662208 bytes (4743.25 MB)
write base data version: 77500, memory: 5114916864 bytes (4877.96 MB)
write base data version: 77600, memory: 5262192640 bytes (5018.42 MB)
write base data version: 77700, memory: 4920508416 bytes (4692.56 MB)
write base data version: 77800, memory: 5069172736 bytes (4834.34 MB)
write base data version: 77900, memory: 5218648064 bytes (4976.89 MB)
write base data version: 78000, memory: 5378834432 bytes (5129.66 MB)
write base data version: 78100, memory: 5005611008 bytes (4773.72 MB)
write base data version: 78200, memory: 5147529216 bytes (4909.07 MB)
write base data version: 78300, memory: 5289721856 bytes (5044.67 MB)
write base data version: 78400, memory: 4930170880 bytes (4701.78 MB)
write base data version: 78500, memory: 5081042944 bytes (4845.66 MB)
write base data version: 78600, memory: 5225345024 bytes (4983.28 MB)
write base data version: 78700, memory: 5375758336 bytes (5126.72 MB)
write base data version: 78800, memory: 5016903680 bytes (4784.49 MB)
write base data version: 78900, memory: 5144870912 bytes (4906.53 MB)
write base data version: 79000, memory: 5289037824 bytes (5044.02 MB)
write base data version: 79100, memory: 5430808576 bytes (5179.22 MB)
write base data version: 79200, memory: 5057863680 bytes (4823.55 MB)
write base data version: 79300, memory: 5190750208 bytes (4950.29 MB)
write base data version: 79400, memory: 5334589440 bytes (5087.46 MB)
write base data version: 79500, memory: 4966567936 bytes (4736.49 MB)
write base data version: 79600, memory: 5110251520 bytes (4873.52 MB)
write base data version: 79700, memory: 5251858432 bytes (5008.56 MB)
write base data version: 79800, memory: 5396119552 bytes (5146.14 MB)
write base data version: 79900, memory: 5024256000 bytes (4791.50 MB)
write base data version: 80000, memory: 5153398784 bytes (4914.66 MB)
write base data version: 80100, memory: 5296357376 bytes (5051.00 MB)
write base data version: 80200, memory: 4926885888 bytes (4698.64 MB)
write base data version: 80300, memory: 5070626816 bytes (4835.73 MB)
write base data version: 80400, memory: 5212037120 bytes (4970.59 MB)
write base data version: 80500, memory: 5355794432 bytes (5107.68 MB)
write base data version: 80600, memory: 4984930304 bytes (4754.00 MB)
write base data version: 80700, memory: 5118853120 bytes (4881.72 MB)
write base data version: 80800, memory: 5265793024 bytes (5021.85 MB)
write base data version: 80900, memory: 5428457472 bytes (5176.98 MB)
write base data version: 81000, memory: 5064781824 bytes (4830.15 MB)
write base data version: 81100, memory: 5201440768 bytes (4960.48 MB)
write base data version: 81200, memory: 5347835904 bytes (5100.09 MB)
write base data version: 81300, memory: 4978974720 bytes (4748.32 MB)
write base data version: 81400, memory: 5122273280 bytes (4884.98 MB)
write base data version: 81500, memory: 5262102528 bytes (5018.33 MB)
write base data version: 81600, memory: 5408223232 bytes (5157.68 MB)
write base data version: 81700, memory: 5045157888 bytes (4811.44 MB)
write base data version: 81800, memory: 5186506752 bytes (4946.24 MB)
write base data version: 81900, memory: 5330972672 bytes (5084.01 MB)
write base data version: 82000, memory: 5473239040 bytes (5219.69 MB)
write base data version: 82100, memory: 5115023360 bytes (4878.07 MB)
write base data version: 82200, memory: 5250957312 bytes (5007.70 MB)
write base data version: 82300, memory: 5397401600 bytes (5147.36 MB)
write base data version: 82400, memory: 5042118656 bytes (4808.54 MB)
write base data version: 82500, memory: 5186465792 bytes (4946.20 MB)
write base data version: 82600, memory: 5331083264 bytes (5084.12 MB)
write base data version: 82700, memory: 5472727040 bytes (5219.20 MB)
write base data version: 82800, memory: 5101080576 bytes (4864.77 MB)
write base data version: 82900, memory: 5230866432 bytes (4988.54 MB)
write base data version: 83000, memory: 5378154496 bytes (5129.01 MB)
write base data version: 83100, memory: 5011542016 bytes (4779.38 MB)
write base data version: 83200, memory: 5149896704 bytes (4911.32 MB)
write base data version: 83300, memory: 5294407680 bytes (5049.14 MB)
write base data version: 83400, memory: 5438783488 bytes (5186.83 MB)
write base data version: 83500, memory: 5068947456 bytes (4834.12 MB)
write base data version: 83600, memory: 5196976128 bytes (4956.22 MB)
write base data version: 83700, memory: 5340758016 bytes (5093.34 MB)
write base data version: 83800, memory: 5488877568 bytes (5234.60 MB)
write base data version: 83900, memory: 5126180864 bytes (4888.71 MB)
write base data version: 84000, memory: 5270986752 bytes (5026.80 MB)
write base data version: 84100, memory: 5412560896 bytes (5161.82 MB)
write base data version: 84200, memory: 5043642368 bytes (4809.99 MB)
write base data version: 84300, memory: 5186543616 bytes (4946.27 MB)
write base data version: 84400, memory: 5318586368 bytes (5072.20 MB)
write base data version: 84500, memory: 5465288704 bytes (5212.11 MB)
write base data version: 84600, memory: 5099859968 bytes (4863.61 MB)
write base data version: 84700, memory: 5242793984 bytes (4999.92 MB)
write base data version: 84800, memory: 5386002432 bytes (5136.49 MB)
write base data version: 84900, memory: 5530058752 bytes (5273.88 MB)
write base data version: 85000, memory: 5159682048 bytes (4920.66 MB)
write base data version: 85100, memory: 5299232768 bytes (5053.74 MB)
write base data version: 85200, memory: 5450899456 bytes (5198.38 MB)
write base data version: 85300, memory: 5090172928 bytes (4854.37 MB)
write base data version: 85400, memory: 5221216256 bytes (4979.34 MB)
write base data version: 85500, memory: 5367291904 bytes (5118.65 MB)
write base data version: 85600, memory: 5508575232 bytes (5253.39 MB)
write base data version: 85700, memory: 5144518656 bytes (4906.20 MB)
write base data version: 85800, memory: 5288226816 bytes (5043.25 MB)
write base data version: 85900, memory: 5443698688 bytes (5191.52 MB)
write base data version: 86000, memory: 5597716480 bytes (5338.40 MB)
write base data version: 86100, memory: 5225873408 bytes (4983.78 MB)
write base data version: 86200, memory: 5366411264 bytes (5117.81 MB)
write base data version: 86300, memory: 5512142848 bytes (5256.79 MB)
write base data version: 86400, memory: 5139140608 bytes (4901.07 MB)
write base data version: 86500, memory: 5269671936 bytes (5025.55 MB)
write base data version: 86600, memory: 5420642304 bytes (5169.53 MB)
write base data version: 86700, memory: 5570879488 bytes (5312.80 MB)
write base data version: 86800, memory: 5209239552 bytes (4967.92 MB)
write base data version: 86900, memory: 5352726528 bytes (5104.76 MB)
write base data version: 87000, memory: 5496471552 bytes (5241.84 MB)
write base data version: 87100, memory: 5643763712 bytes (5382.31 MB)
write base data version: 87200, memory: 5267255296 bytes (5023.25 MB)
write base data version: 87300, memory: 5381357568 bytes (5132.06 MB)
write base data version: 87400, memory: 5522452480 bytes (5266.62 MB)
write base data version: 87500, memory: 5153992704 bytes (4915.23 MB)
write base data version: 87600, memory: 5297528832 bytes (5052.12 MB)
write base data version: 87700, memory: 5438910464 bytes (5186.95 MB)
write base data version: 87800, memory: 5583421440 bytes (5324.77 MB)
write base data version: 87900, memory: 5211803648 bytes (4970.36 MB)
write base data version: 88000, memory: 5340438528 bytes (5093.04 MB)
write base data version: 88100, memory: 5484654592 bytes (5230.57 MB)
write base data version: 88200, memory: 5113298944 bytes (4876.42 MB)
write base data version: 88300, memory: 5257936896 bytes (5014.36 MB)
write base data version: 88400, memory: 5400018944 bytes (5149.86 MB)
write base data version: 88500, memory: 5541212160 bytes (5284.51 MB)
write base data version: 88600, memory: 5171728384 bytes (4932.14 MB)
write base data version: 88700, memory: 5299699712 bytes (5054.19 MB)
write base data version: 88800, memory: 5444628480 bytes (5192.40 MB)
write base data version: 88900, memory: 5589241856 bytes (5330.32 MB)
write base data version: 89000, memory: 5219672064 bytes (4977.87 MB)
write base data version: 89100, memory: 5356220416 bytes (5108.09 MB)
write base data version: 89200, memory: 5503070208 bytes (5248.14 MB)
write base data version: 89300, memory: 5649440768 bytes (5387.73 MB)
write base data version: 89400, memory: 5262991360 bytes (5019.18 MB)
write base data version: 89500, memory: 5405028352 bytes (5154.64 MB)
write base data version: 89600, memory: 5546598400 bytes (5289.65 MB)
write base data version: 89700, memory: 5180239872 bytes (4940.26 MB)
write base data version: 89800, memory: 5316526080 bytes (5070.23 MB)
write base data version: 89900, memory: 5461762048 bytes (5208.74 MB)
write base data version: 90000, memory: 5610848256 bytes (5350.92 MB)
write base data version: 90100, memory: 5222400000 bytes (4980.47 MB)
write base data version: 90200, memory: 5365895168 bytes (5117.32 MB)
write base data version: 90300, memory: 5508333568 bytes (5253.16 MB)
write base data version: 90400, memory: 5139906560 bytes (4901.80 MB)
write base data version: 90500, memory: 5283164160 bytes (5038.42 MB)
write base data version: 90600, memory: 5424803840 bytes (5173.50 MB)
write base data version: 90700, memory: 5566451712 bytes (5308.58 MB)
write base data version: 90800, memory: 5196947456 bytes (4956.20 MB)
write base data version: 90900, memory: 5325340672 bytes (5078.64 MB)
write base data version: 91000, memory: 5468459008 bytes (5215.13 MB)
write base data version: 91100, memory: 5618733056 bytes (5358.44 MB)
write base data version: 91200, memory: 5240139776 bytes (4997.39 MB)
write base data version: 91300, memory: 5383696384 bytes (5134.29 MB)
write base data version: 91400, memory: 5527150592 bytes (5271.10 MB)
write base data version: 91500, memory: 5153771520 bytes (4915.02 MB)
write base data version: 91600, memory: 5285507072 bytes (5040.65 MB)
write base data version: 91700, memory: 5427101696 bytes (5175.69 MB)
write base data version: 91800, memory: 5568966656 bytes (5310.98 MB)
write base data version: 91900, memory: 5201735680 bytes (4960.76 MB)
write base data version: 92000, memory: 5345382400 bytes (5097.75 MB)
write base data version: 92100, memory: 5487280128 bytes (5233.08 MB)
write base data version: 92200, memory: 5115584512 bytes (4878.60 MB)
write base data version: 92300, memory: 5246652416 bytes (5003.60 MB)
write base data version: 92400, memory: 5387976704 bytes (5138.38 MB)
write base data version: 92500, memory: 5532585984 bytes (5276.29 MB)
write base data version: 92600, memory: 5162524672 bytes (4923.37 MB)
write base data version: 92700, memory: 5306589184 bytes (5060.76 MB)
write base data version: 92800, memory: 5449269248 bytes (5196.83 MB)
write base data version: 92900, memory: 5592166400 bytes (5333.11 MB)
write base data version: 93000, memory: 5209083904 bytes (4967.77 MB)
write base data version: 93100, memory: 5350977536 bytes (5103.09 MB)
write base data version: 93200, memory: 5495046144 bytes (5240.48 MB)
write base data version: 93300, memory: 5124136960 bytes (4886.76 MB)
write base data version: 93400, memory: 5265793024 bytes (5021.85 MB)
write base data version: 93500, memory: 5410693120 bytes (5160.04 MB)
write base data version: 93600, memory: 5552619520 bytes (5295.39 MB)
write base data version: 93700, memory: 5180514304 bytes (4940.52 MB)
write base data version: 93800, memory: 5311668224 bytes (5065.60 MB)
write base data version: 93900, memory: 5455069184 bytes (5202.36 MB)
write base data version: 94000, memory: 5608169472 bytes (5348.37 MB)
write base data version: 94100, memory: 5233983488 bytes (4991.52 MB)
write base data version: 94200, memory: 5376720896 bytes (5127.64 MB)
write base data version: 94300, memory: 5520809984 bytes (5265.05 MB)
write base data version: 94400, memory: 5148504064 bytes (4910.00 MB)
write base data version: 94500, memory: 5279715328 bytes (5035.13 MB)
write base data version: 94600, memory: 5421961216 bytes (5170.79 MB)
write base data version: 94700, memory: 5565329408 bytes (5307.51 MB)
write base data version: 94800, memory: 5195030528 bytes (4954.37 MB)
write base data version: 94900, memory: 5336682496 bytes (5089.46 MB)
write base data version: 95000, memory: 5481394176 bytes (5227.46 MB)
write base data version: 95100, memory: 5627936768 bytes (5367.22 MB)
write base data version: 95200, memory: 5240123392 bytes (4997.37 MB)
write base data version: 95300, memory: 5380792320 bytes (5131.52 MB)
write base data version: 95400, memory: 5525225472 bytes (5269.27 MB)
write base data version: 95500, memory: 5157044224 bytes (4918.14 MB)
write base data version: 95600, memory: 5299232768 bytes (5053.74 MB)
write base data version: 95700, memory: 5441019904 bytes (5188.96 MB)
write base data version: 95800, memory: 5585227776 bytes (5326.49 MB)
write base data version: 95900, memory: 5212200960 bytes (4970.74 MB)
write base data version: 96000, memory: 5343801344 bytes (5096.25 MB)
write base data version: 96100, memory: 5486751744 bytes (5232.57 MB)
write base data version: 96200, memory: 5117816832 bytes (4880.73 MB)
write base data version: 96300, memory: 5259874304 bytes (5016.21 MB)
write base data version: 96400, memory: 5403684864 bytes (5153.36 MB)
write base data version: 96500, memory: 5546049536 bytes (5289.12 MB)
write base data version: 96600, memory: 5169020928 bytes (4929.56 MB)
write base data version: 96700, memory: 5303021568 bytes (5057.36 MB)
write base data version: 96800, memory: 5446983680 bytes (5194.65 MB)
write base data version: 96900, memory: 5586804736 bytes (5327.99 MB)
write base data version: 97000, memory: 5220945920 bytes (4979.08 MB)
write base data version: 97100, memory: 5364015104 bytes (5115.52 MB)
write base data version: 97200, memory: 5499666432 bytes (5244.89 MB)
write base data version: 97300, memory: 5134999552 bytes (4897.12 MB)
write base data version: 97400, memory: 5263831040 bytes (5019.98 MB)
write base data version: 97500, memory: 5407551488 bytes (5157.04 MB)
write base data version: 97600, memory: 5552881664 bytes (5295.64 MB)
write base data version: 97700, memory: 5181657088 bytes (4941.61 MB)
write base data version: 97800, memory: 5324382208 bytes (5077.73 MB)
write base data version: 97900, memory: 5469257728 bytes (5215.89 MB)
write base data version: 98000, memory: 5613195264 bytes (5353.16 MB)
write base data version: 98100, memory: 5229125632 bytes (4986.88 MB)
write base data version: 98200, memory: 5374025728 bytes (5125.07 MB)
write base data version: 98300, memory: 5517373440 bytes (5261.78 MB)
write base data version: 98400, memory: 5146890240 bytes (4908.46 MB)
write base data version: 98500, memory: 5291999232 bytes (5046.84 MB)
write base data version: 98600, memory: 5433548800 bytes (5181.84 MB)
write base data version: 98700, memory: 5575331840 bytes (5317.05 MB)
write base data version: 98800, memory: 5215379456 bytes (4973.77 MB)
write base data version: 98900, memory: 5356441600 bytes (5108.30 MB)
write base data version: 99000, memory: 5506101248 bytes (5251.03 MB)
write base data version: 99100, memory: 5664428032 bytes (5402.02 MB)
write base data version: 99200, memory: 5296390144 bytes (5051.03 MB)
write base data version: 99300, memory: 5441683456 bytes (5189.59 MB)
write base data version: 99400, memory: 5582860288 bytes (5324.23 MB)
write base data version: 99500, memory: 5209948160 bytes (4968.59 MB)
write base data version: 99600, memory: 5341564928 bytes (5094.11 MB)
write base data version: 99700, memory: 5488951296 bytes (5234.67 MB)
write base data version: 99800, memory: 5634596864 bytes (5373.57 MB)
write base data version: 99900, memory: 5263634432 bytes (5019.79 MB)
write base data version: 100000, memory: 5409067008 bytes (5158.49 MB)
tip block: 3162----3163
Test Results: 
  Total Disk Usage: 169881.59 MB
  Average Per Record: 1781.34 bytes
[test batch write] generate key value
[test batch write] write data
[test batch write] flush
tip block: 3164----3164
  Write Throughput: 9738.60 records/sec
  Read Throughput:  25799.60 records/sec
  Current Memory:   5364.26 MB
  Peak Memory:      5460.82 MB
  Memory Per Record: 56.25 bytes

========== Testing at data scale: 200,000,000 ==========
Writing 100000000 incremental records (keys: 100000001-200000000, total: 200000000)
write base data version: 100100, memory: 5756297216 bytes (5489.63 MB)
write base data version: 100200, memory: 5393793024 bytes (5143.92 MB)
write base data version: 100300, memory: 5550055424 bytes (5292.95 MB)
write base data version: 100400, memory: 5689827328 bytes (5426.24 MB)
write base data version: 100500, memory: 5859057664 bytes (5587.63 MB)
write base data version: 100600, memory: 5493628928 bytes (5239.13 MB)
write base data version: 100700, memory: 5657780224 bytes (5395.68 MB)
write base data version: 100800, memory: 5804363776 bytes (5535.47 MB)
write base data version: 100900, memory: 5453557760 bytes (5200.92 MB)
write base data version: 101000, memory: 5621411840 bytes (5361.00 MB)
write base data version: 101100, memory: 5785231360 bytes (5517.23 MB)
write base data version: 101200, memory: 5920886784 bytes (5646.60 MB)
write base data version: 101300, memory: 5570957312 bytes (5312.88 MB)
write base data version: 101400, memory: 5723123712 bytes (5458.00 MB)
write base data version: 101500, memory: 5881737216 bytes (5609.26 MB)
write base data version: 101600, memory: 6038224896 bytes (5758.50 MB)
write base data version: 101700, memory: 5681258496 bytes (5418.07 MB)
write base data version: 101800, memory: 5832343552 bytes (5562.16 MB)
write base data version: 101900, memory: 5969780736 bytes (5693.23 MB)
write base data version: 102000, memory: 5610455040 bytes (5350.55 MB)
write base data version: 102100, memory: 5757603840 bytes (5490.88 MB)
write base data version: 102200, memory: 5913235456 bytes (5639.30 MB)
write base data version: 102300, memory: 6071828480 bytes (5790.55 MB)
write base data version: 102400, memory: 5681287168 bytes (5418.10 MB)
write base data version: 102500, memory: 5814423552 bytes (5545.07 MB)
write base data version: 102600, memory: 5964382208 bytes (5688.08 MB)
write base data version: 102700, memory: 5595467776 bytes (5336.25 MB)
write base data version: 102800, memory: 5741912064 bytes (5475.91 MB)
write base data version: 102900, memory: 5884297216 bytes (5611.70 MB)
write base data version: 103000, memory: 6032355328 bytes (5752.90 MB)
write base data version: 103100, memory: 5658931200 bytes (5396.78 MB)
write base data version: 103200, memory: 5791576064 bytes (5523.28 MB)
write base data version: 103300, memory: 5943328768 bytes (5668.00 MB)
write base data version: 103400, memory: 5582434304 bytes (5323.82 MB)
write base data version: 103500, memory: 5735350272 bytes (5469.66 MB)
write base data version: 103600, memory: 5882871808 bytes (5610.34 MB)
write base data version: 103700, memory: 6021902336 bytes (5742.93 MB)
write base data version: 103800, memory: 5658902528 bytes (5396.75 MB)
write base data version: 103900, memory: 5756420096 bytes (5489.75 MB)
write base data version: 104000, memory: 5913247744 bytes (5639.31 MB)
write base data version: 104100, memory: 6074064896 bytes (5792.68 MB)
write base data version: 104200, memory: 5683982336 bytes (5420.67 MB)
write base data version: 104300, memory: 5841911808 bytes (5571.28 MB)
write base data version: 104400, memory: 5991333888 bytes (5713.78 MB)
write base data version: 104500, memory: 5629472768 bytes (5368.68 MB)
write base data version: 104600, memory: 5779369984 bytes (5511.64 MB)
write base data version: 104700, memory: 5934538752 bytes (5659.62 MB)
write base data version: 104800, memory: 6088048640 bytes (5806.02 MB)
write base data version: 104900, memory: 5730476032 bytes (5465.01 MB)
write base data version: 105000, memory: 5877510144 bytes (5605.23 MB)
write base data version: 105100, memory: 6031368192 bytes (5751.96 MB)
write base data version: 105200, memory: 5673979904 bytes (5411.13 MB)
write base data version: 105300, memory: 5830942720 bytes (5560.82 MB)
write base data version: 105400, memory: 5878050816 bytes (5605.75 MB)
write base data version: 105500, memory: 5896835072 bytes (5623.66 MB)
write base data version: 105600, memory: 5911056384 bytes (5637.22 MB)
write base data version: 105700, memory: 5924536320 bytes (5650.08 MB)
write base data version: 105800, memory: 5941346304 bytes (5666.11 MB)
write base data version: 105900, memory: 5952339968 bytes (5676.59 MB)
write base data version: 106000, memory: 5926612992 bytes (5652.06 MB)
write base data version: 106100, memory: 5926612992 bytes (5652.06 MB)
write base data version: 106200, memory: 5926612992 bytes (5652.06 MB)
write base data version: 106300, memory: 5926711296 bytes (5652.15 MB)
write base data version: 106400, memory: 5926711296 bytes (5652.15 MB)
write base data version: 106500, memory: 5926711296 bytes (5652.15 MB)
write base data version: 106600, memory: 5926711296 bytes (5652.15 MB)
write base data version: 106700, memory: 5926711296 bytes (5652.15 MB)
write base data version: 106800, memory: 5926711296 bytes (5652.15 MB)
write base data version: 106900, memory: 5926711296 bytes (5652.15 MB)
write base data version: 107000, memory: 5926711296 bytes (5652.15 MB)
write base data version: 107100, memory: 5926711296 bytes (5652.15 MB)
write base data version: 107200, memory: 5926711296 bytes (5652.15 MB)
write base data version: 107300, memory: 5926711296 bytes (5652.15 MB)
write base data version: 107400, memory: 5926711296 bytes (5652.15 MB)
write base data version: 107500, memory: 5926711296 bytes (5652.15 MB)
write base data version: 107600, memory: 5926711296 bytes (5652.15 MB)
write base data version: 107700, memory: 5926711296 bytes (5652.15 MB)
write base data version: 107800, memory: 5926711296 bytes (5652.15 MB)
write base data version: 107900, memory: 5926711296 bytes (5652.15 MB)
write base data version: 108000, memory: 5926711296 bytes (5652.15 MB)
write base data version: 108100, memory: 5926711296 bytes (5652.15 MB)
write base data version: 108200, memory: 5926711296 bytes (5652.15 MB)
write base data version: 108300, memory: 5926711296 bytes (5652.15 MB)
write base data version: 108400, memory: 5926711296 bytes (5652.15 MB)
write base data version: 108500, memory: 5926711296 bytes (5652.15 MB)
write base data version: 108600, memory: 5926711296 bytes (5652.15 MB)
write base data version: 108700, memory: 5926711296 bytes (5652.15 MB)
write base data version: 108800, memory: 5926711296 bytes (5652.15 MB)
write base data version: 108900, memory: 5926711296 bytes (5652.15 MB)
write base data version: 109000, memory: 5926711296 bytes (5652.15 MB)
write base data version: 109100, memory: 5926711296 bytes (5652.15 MB)
write base data version: 109200, memory: 5926711296 bytes (5652.15 MB)
write base data version: 109300, memory: 5926711296 bytes (5652.15 MB)
write base data version: 109400, memory: 5926711296 bytes (5652.15 MB)
write base data version: 109500, memory: 5926711296 bytes (5652.15 MB)
write base data version: 109600, memory: 5926711296 bytes (5652.15 MB)
write base data version: 109700, memory: 5926711296 bytes (5652.15 MB)
write base data version: 109800, memory: 5926711296 bytes (5652.15 MB)
write base data version: 109900, memory: 5926711296 bytes (5652.15 MB)
write base data version: 110000, memory: 5926711296 bytes (5652.15 MB)
write base data version: 110100, memory: 5926711296 bytes (5652.15 MB)
write base data version: 110200, memory: 5926711296 bytes (5652.15 MB)
write base data version: 110300, memory: 5926711296 bytes (5652.15 MB)
write base data version: 110400, memory: 5926711296 bytes (5652.15 MB)
write base data version: 110500, memory: 5926711296 bytes (5652.15 MB)
write base data version: 110600, memory: 5926711296 bytes (5652.15 MB)
write base data version: 110700, memory: 5926711296 bytes (5652.15 MB)
write base data version: 110800, memory: 5926711296 bytes (5652.15 MB)
write base data version: 110900, memory: 5926711296 bytes (5652.15 MB)
write base data version: 111000, memory: 5926711296 bytes (5652.15 MB)
write base data version: 111100, memory: 5926711296 bytes (5652.15 MB)
write base data version: 111200, memory: 5926711296 bytes (5652.15 MB)
write base data version: 111300, memory: 5926711296 bytes (5652.15 MB)
write base data version: 111400, memory: 5926711296 bytes (5652.15 MB)
write base data version: 111500, memory: 5926711296 bytes (5652.15 MB)
write base data version: 111600, memory: 5926711296 bytes (5652.15 MB)
write base data version: 111700, memory: 5926711296 bytes (5652.15 MB)
write base data version: 111800, memory: 5926711296 bytes (5652.15 MB)
write base data version: 111900, memory: 5926711296 bytes (5652.15 MB)
write base data version: 112000, memory: 5926711296 bytes (5652.15 MB)
write base data version: 112100, memory: 5926711296 bytes (5652.15 MB)
write base data version: 112200, memory: 5926711296 bytes (5652.15 MB)
write base data version: 112300, memory: 5926711296 bytes (5652.15 MB)
write base data version: 112400, memory: 5926711296 bytes (5652.15 MB)
write base data version: 112500, memory: 5926711296 bytes (5652.15 MB)
write base data version: 112600, memory: 5926711296 bytes (5652.15 MB)
write base data version: 112700, memory: 5926711296 bytes (5652.15 MB)
write base data version: 112800, memory: 5926711296 bytes (5652.15 MB)
write base data version: 112900, memory: 5926711296 bytes (5652.15 MB)
write base data version: 113000, memory: 5926711296 bytes (5652.15 MB)
write base data version: 113100, memory: 5926711296 bytes (5652.15 MB)
write base data version: 113200, memory: 5926711296 bytes (5652.15 MB)
write base data version: 113300, memory: 5926711296 bytes (5652.15 MB)
write base data version: 113400, memory: 5926711296 bytes (5652.15 MB)
write base data version: 113500, memory: 5926711296 bytes (5652.15 MB)
write base data version: 113600, memory: 5926711296 bytes (5652.15 MB)
write base data version: 113700, memory: 5926711296 bytes (5652.15 MB)
write base data version: 113800, memory: 5926711296 bytes (5652.15 MB)
write base data version: 113900, memory: 5926711296 bytes (5652.15 MB)
write base data version: 114000, memory: 5926711296 bytes (5652.15 MB)
write base data version: 114100, memory: 5926711296 bytes (5652.15 MB)
write base data version: 114200, memory: 5926711296 bytes (5652.15 MB)
write base data version: 114300, memory: 5926711296 bytes (5652.15 MB)
write base data version: 114400, memory: 5926711296 bytes (5652.15 MB)
write base data version: 114500, memory: 5926711296 bytes (5652.15 MB)
write base data version: 114600, memory: 5926711296 bytes (5652.15 MB)
write base data version: 114700, memory: 5926711296 bytes (5652.15 MB)
write base data version: 114800, memory: 5926711296 bytes (5652.15 MB)
write base data version: 114900, memory: 5926711296 bytes (5652.15 MB)
write base data version: 115000, memory: 5926711296 bytes (5652.15 MB)
write base data version: 115100, memory: 5926711296 bytes (5652.15 MB)
write base data version: 115200, memory: 5926711296 bytes (5652.15 MB)
write base data version: 115300, memory: 5926711296 bytes (5652.15 MB)
write base data version: 115400, memory: 5926711296 bytes (5652.15 MB)
write base data version: 115500, memory: 5926711296 bytes (5652.15 MB)
write base data version: 115600, memory: 5926711296 bytes (5652.15 MB)
write base data version: 115700, memory: 5926711296 bytes (5652.15 MB)
write base data version: 115800, memory: 5926711296 bytes (5652.15 MB)
write base data version: 115900, memory: 5926711296 bytes (5652.15 MB)
write base data version: 116000, memory: 5926711296 bytes (5652.15 MB)
write base data version: 116100, memory: 5926711296 bytes (5652.15 MB)
write base data version: 116200, memory: 5926711296 bytes (5652.15 MB)
write base data version: 116300, memory: 5926711296 bytes (5652.15 MB)
write base data version: 116400, memory: 5926711296 bytes (5652.15 MB)
write base data version: 116500, memory: 5926711296 bytes (5652.15 MB)
write base data version: 116600, memory: 5926711296 bytes (5652.15 MB)
write base data version: 116700, memory: 5926711296 bytes (5652.15 MB)
write base data version: 116800, memory: 5926711296 bytes (5652.15 MB)
write base data version: 116900, memory: 5926711296 bytes (5652.15 MB)
write base data version: 117000, memory: 5926711296 bytes (5652.15 MB)
write base data version: 117100, memory: 5926711296 bytes (5652.15 MB)
write base data version: 117200, memory: 5926711296 bytes (5652.15 MB)
write base data version: 117300, memory: 5926711296 bytes (5652.15 MB)
write base data version: 117400, memory: 5926711296 bytes (5652.15 MB)
write base data version: 117500, memory: 5926711296 bytes (5652.15 MB)
write base data version: 117600, memory: 5926711296 bytes (5652.15 MB)
write base data version: 117700, memory: 5926711296 bytes (5652.15 MB)
write base data version: 117800, memory: 5926711296 bytes (5652.15 MB)
write base data version: 117900, memory: 5926711296 bytes (5652.15 MB)
write base data version: 118000, memory: 5926711296 bytes (5652.15 MB)
write base data version: 118100, memory: 5926711296 bytes (5652.15 MB)
write base data version: 118200, memory: 5926711296 bytes (5652.15 MB)
write base data version: 118300, memory: 5926711296 bytes (5652.15 MB)
write base data version: 118400, memory: 5926711296 bytes (5652.15 MB)
write base data version: 118500, memory: 5926711296 bytes (5652.15 MB)
write base data version: 118600, memory: 5926711296 bytes (5652.15 MB)
write base data version: 118700, memory: 5926711296 bytes (5652.15 MB)
write base data version: 118800, memory: 5926711296 bytes (5652.15 MB)
write base data version: 118900, memory: 5926711296 bytes (5652.15 MB)
write base data version: 119000, memory: 5926711296 bytes (5652.15 MB)
write base data version: 119100, memory: 5926711296 bytes (5652.15 MB)
write base data version: 119200, memory: 5926711296 bytes (5652.15 MB)
write base data version: 119300, memory: 5926711296 bytes (5652.15 MB)
write base data version: 119400, memory: 5926711296 bytes (5652.15 MB)
write base data version: 119500, memory: 5926711296 bytes (5652.15 MB)
write base data version: 119600, memory: 5926711296 bytes (5652.15 MB)
write base data version: 119700, memory: 5926711296 bytes (5652.15 MB)
write base data version: 119800, memory: 5926711296 bytes (5652.15 MB)
write base data version: 119900, memory: 5926711296 bytes (5652.15 MB)
write base data version: 120000, memory: 5926711296 bytes (5652.15 MB)
write base data version: 120100, memory: 5926711296 bytes (5652.15 MB)
write base data version: 120200, memory: 5926711296 bytes (5652.15 MB)
write base data version: 120300, memory: 5926711296 bytes (5652.15 MB)
write base data version: 120400, memory: 5926711296 bytes (5652.15 MB)
write base data version: 120500, memory: 5926711296 bytes (5652.15 MB)
write base data version: 120600, memory: 5926711296 bytes (5652.15 MB)
write base data version: 120700, memory: 5926711296 bytes (5652.15 MB)
write base data version: 120800, memory: 5926711296 bytes (5652.15 MB)
write base data version: 120900, memory: 5926711296 bytes (5652.15 MB)
write base data version: 121000, memory: 5926711296 bytes (5652.15 MB)
write base data version: 121100, memory: 5926711296 bytes (5652.15 MB)
write base data version: 121200, memory: 5926711296 bytes (5652.15 MB)
write base data version: 121300, memory: 5926711296 bytes (5652.15 MB)
write base data version: 121400, memory: 5926711296 bytes (5652.15 MB)
write base data version: 121500, memory: 5926711296 bytes (5652.15 MB)
write base data version: 121600, memory: 5926711296 bytes (5652.15 MB)
write base data version: 121700, memory: 5926711296 bytes (5652.15 MB)
write base data version: 121800, memory: 5926711296 bytes (5652.15 MB)
write base data version: 121900, memory: 5926711296 bytes (5652.15 MB)
write base data version: 122000, memory: 5926711296 bytes (5652.15 MB)
write base data version: 122100, memory: 5926711296 bytes (5652.15 MB)
write base data version: 122200, memory: 5926711296 bytes (5652.15 MB)
write base data version: 122300, memory: 5926711296 bytes (5652.15 MB)
write base data version: 122400, memory: 5926711296 bytes (5652.15 MB)
write base data version: 122500, memory: 5926711296 bytes (5652.15 MB)
write base data version: 122600, memory: 5926711296 bytes (5652.15 MB)
write base data version: 122700, memory: 5926711296 bytes (5652.15 MB)
write base data version: 122800, memory: 5926711296 bytes (5652.15 MB)
write base data version: 122900, memory: 5926711296 bytes (5652.15 MB)
write base data version: 123000, memory: 5926711296 bytes (5652.15 MB)
write base data version: 123100, memory: 5926711296 bytes (5652.15 MB)
write base data version: 123200, memory: 5926711296 bytes (5652.15 MB)
write base data version: 123300, memory: 5926711296 bytes (5652.15 MB)
write base data version: 123400, memory: 5926711296 bytes (5652.15 MB)
write base data version: 123500, memory: 5926711296 bytes (5652.15 MB)
write base data version: 123600, memory: 5926711296 bytes (5652.15 MB)
write base data version: 123700, memory: 5926711296 bytes (5652.15 MB)
write base data version: 123800, memory: 5926711296 bytes (5652.15 MB)
write base data version: 123900, memory: 5926711296 bytes (5652.15 MB)
write base data version: 124000, memory: 5926711296 bytes (5652.15 MB)
write base data version: 124100, memory: 5926711296 bytes (5652.15 MB)
write base data version: 124200, memory: 5926711296 bytes (5652.15 MB)
write base data version: 124300, memory: 5926711296 bytes (5652.15 MB)
write base data version: 124400, memory: 5926711296 bytes (5652.15 MB)
write base data version: 124500, memory: 5926711296 bytes (5652.15 MB)
write base data version: 124600, memory: 5926711296 bytes (5652.15 MB)
write base data version: 124700, memory: 5926711296 bytes (5652.15 MB)
write base data version: 124800, memory: 5926711296 bytes (5652.15 MB)
write base data version: 124900, memory: 5926711296 bytes (5652.15 MB)
write base data version: 125000, memory: 5926711296 bytes (5652.15 MB)
write base data version: 125100, memory: 5926711296 bytes (5652.15 MB)
write base data version: 125200, memory: 5926711296 bytes (5652.15 MB)
write base data version: 125300, memory: 5926711296 bytes (5652.15 MB)
write base data version: 125400, memory: 5926711296 bytes (5652.15 MB)
write base data version: 125500, memory: 5926711296 bytes (5652.15 MB)
write base data version: 125600, memory: 5926711296 bytes (5652.15 MB)
write base data version: 125700, memory: 5926711296 bytes (5652.15 MB)
write base data version: 125800, memory: 5926711296 bytes (5652.15 MB)
write base data version: 125900, memory: 5926711296 bytes (5652.15 MB)
write base data version: 126000, memory: 5926711296 bytes (5652.15 MB)
write base data version: 126100, memory: 5926711296 bytes (5652.15 MB)
write base data version: 126200, memory: 5926711296 bytes (5652.15 MB)
write base data version: 126300, memory: 5926711296 bytes (5652.15 MB)
write base data version: 126400, memory: 5926711296 bytes (5652.15 MB)
write base data version: 126500, memory: 5926711296 bytes (5652.15 MB)
write base data version: 126600, memory: 5926711296 bytes (5652.15 MB)
write base data version: 126700, memory: 5926711296 bytes (5652.15 MB)
write base data version: 126800, memory: 5926711296 bytes (5652.15 MB)
write base data version: 126900, memory: 5926711296 bytes (5652.15 MB)
write base data version: 127000, memory: 5926711296 bytes (5652.15 MB)
write base data version: 127100, memory: 5926711296 bytes (5652.15 MB)
write base data version: 127200, memory: 5926711296 bytes (5652.15 MB)
write base data version: 127300, memory: 5926711296 bytes (5652.15 MB)
write base data version: 127400, memory: 5926711296 bytes (5652.15 MB)
write base data version: 127500, memory: 5926711296 bytes (5652.15 MB)
write base data version: 127600, memory: 5926711296 bytes (5652.15 MB)
write base data version: 127700, memory: 5926711296 bytes (5652.15 MB)
write base data version: 127800, memory: 5926711296 bytes (5652.15 MB)
write base data version: 127900, memory: 5926711296 bytes (5652.15 MB)
write base data version: 128000, memory: 5926711296 bytes (5652.15 MB)
write base data version: 128100, memory: 5926711296 bytes (5652.15 MB)
write base data version: 128200, memory: 5926711296 bytes (5652.15 MB)
write base data version: 128300, memory: 5926711296 bytes (5652.15 MB)
write base data version: 128400, memory: 5926711296 bytes (5652.15 MB)
write base data version: 128500, memory: 5926711296 bytes (5652.15 MB)
write base data version: 128600, memory: 5926711296 bytes (5652.15 MB)
write base data version: 128700, memory: 5926711296 bytes (5652.15 MB)
write base data version: 128800, memory: 5926711296 bytes (5652.15 MB)
write base data version: 128900, memory: 5926711296 bytes (5652.15 MB)
write base data version: 129000, memory: 5926711296 bytes (5652.15 MB)
write base data version: 129100, memory: 5926711296 bytes (5652.15 MB)
write base data version: 129200, memory: 5926711296 bytes (5652.15 MB)
write base data version: 129300, memory: 5926711296 bytes (5652.15 MB)
write base data version: 129400, memory: 5926711296 bytes (5652.15 MB)
write base data version: 129500, memory: 5926711296 bytes (5652.15 MB)
write base data version: 129600, memory: 5926711296 bytes (5652.15 MB)
write base data version: 129700, memory: 5926711296 bytes (5652.15 MB)
write base data version: 129800, memory: 5926711296 bytes (5652.15 MB)
write base data version: 129900, memory: 5926711296 bytes (5652.15 MB)
write base data version: 130000, memory: 5926711296 bytes (5652.15 MB)
write base data version: 130100, memory: 5926711296 bytes (5652.15 MB)
write base data version: 130200, memory: 5926711296 bytes (5652.15 MB)
write base data version: 130300, memory: 5926711296 bytes (5652.15 MB)
write base data version: 130400, memory: 5926711296 bytes (5652.15 MB)
write base data version: 130500, memory: 5926711296 bytes (5652.15 MB)
write base data version: 130600, memory: 5926711296 bytes (5652.15 MB)
write base data version: 130700, memory: 5926711296 bytes (5652.15 MB)
write base data version: 130800, memory: 5926711296 bytes (5652.15 MB)
write base data version: 130900, memory: 5926711296 bytes (5652.15 MB)
write base data version: 131000, memory: 5926711296 bytes (5652.15 MB)
write base data version: 131100, memory: 5926711296 bytes (5652.15 MB)
write base data version: 131200, memory: 5926711296 bytes (5652.15 MB)
write base data version: 131300, memory: 5926711296 bytes (5652.15 MB)
write base data version: 131400, memory: 5926711296 bytes (5652.15 MB)
write base data version: 131500, memory: 5926711296 bytes (5652.15 MB)
write base data version: 131600, memory: 5926711296 bytes (5652.15 MB)
write base data version: 131700, memory: 5926711296 bytes (5652.15 MB)
write base data version: 131800, memory: 5926711296 bytes (5652.15 MB)
write base data version: 131900, memory: 5926711296 bytes (5652.15 MB)
write base data version: 132000, memory: 5926711296 bytes (5652.15 MB)
write base data version: 132100, memory: 5926711296 bytes (5652.15 MB)
write base data version: 132200, memory: 5926711296 bytes (5652.15 MB)
write base data version: 132300, memory: 5926711296 bytes (5652.15 MB)
write base data version: 132400, memory: 5926711296 bytes (5652.15 MB)
write base data version: 132500, memory: 5926711296 bytes (5652.15 MB)
write base data version: 132600, memory: 5926711296 bytes (5652.15 MB)
write base data version: 132700, memory: 5926711296 bytes (5652.15 MB)
write base data version: 132800, memory: 5926711296 bytes (5652.15 MB)
write base data version: 132900, memory: 5926711296 bytes (5652.15 MB)
write base data version: 133000, memory: 5926711296 bytes (5652.15 MB)
write base data version: 133100, memory: 5926711296 bytes (5652.15 MB)
write base data version: 133200, memory: 5926711296 bytes (5652.15 MB)
write base data version: 133300, memory: 5926711296 bytes (5652.15 MB)
write base data version: 133400, memory: 5926711296 bytes (5652.15 MB)
write base data version: 133500, memory: 5926711296 bytes (5652.15 MB)
write base data version: 133600, memory: 5926711296 bytes (5652.15 MB)
write base data version: 133700, memory: 5926711296 bytes (5652.15 MB)
write base data version: 133800, memory: 5926711296 bytes (5652.15 MB)
write base data version: 133900, memory: 5926711296 bytes (5652.15 MB)
write base data version: 134000, memory: 5926711296 bytes (5652.15 MB)
write base data version: 134100, memory: 5926711296 bytes (5652.15 MB)
write base data version: 134200, memory: 5926711296 bytes (5652.15 MB)
write base data version: 134300, memory: 5926711296 bytes (5652.15 MB)
write base data version: 134400, memory: 5926711296 bytes (5652.15 MB)
write base data version: 134500, memory: 5926711296 bytes (5652.15 MB)
write base data version: 134600, memory: 5926711296 bytes (5652.15 MB)
write base data version: 134700, memory: 5926711296 bytes (5652.15 MB)
write base data version: 134800, memory: 5926711296 bytes (5652.15 MB)
write base data version: 134900, memory: 5926711296 bytes (5652.15 MB)
write base data version: 135000, memory: 5926711296 bytes (5652.15 MB)
write base data version: 135100, memory: 5926711296 bytes (5652.15 MB)
write base data version: 135200, memory: 5926711296 bytes (5652.15 MB)
write base data version: 135300, memory: 5926711296 bytes (5652.15 MB)
write base data version: 135400, memory: 5926711296 bytes (5652.15 MB)
write base data version: 135500, memory: 5926711296 bytes (5652.15 MB)
write base data version: 135600, memory: 5926711296 bytes (5652.15 MB)
write base data version: 135700, memory: 5926711296 bytes (5652.15 MB)
write base data version: 135800, memory: 5926711296 bytes (5652.15 MB)
write base data version: 135900, memory: 5926711296 bytes (5652.15 MB)
write base data version: 136000, memory: 5926711296 bytes (5652.15 MB)
write base data version: 136100, memory: 5926711296 bytes (5652.15 MB)
write base data version: 136200, memory: 5926711296 bytes (5652.15 MB)
write base data version: 136300, memory: 5926711296 bytes (5652.15 MB)
write base data version: 136400, memory: 5926711296 bytes (5652.15 MB)
write base data version: 136500, memory: 5926711296 bytes (5652.15 MB)
write base data version: 136600, memory: 5926711296 bytes (5652.15 MB)
write base data version: 136700, memory: 5926711296 bytes (5652.15 MB)
write base data version: 136800, memory: 5926711296 bytes (5652.15 MB)
write base data version: 136900, memory: 5926711296 bytes (5652.15 MB)
write base data version: 137000, memory: 5926711296 bytes (5652.15 MB)
write base data version: 137100, memory: 5926711296 bytes (5652.15 MB)
write base data version: 137200, memory: 5926711296 bytes (5652.15 MB)
write base data version: 137300, memory: 5926711296 bytes (5652.15 MB)
write base data version: 137400, memory: 5926711296 bytes (5652.15 MB)
write base data version: 137500, memory: 5926711296 bytes (5652.15 MB)
write base data version: 137600, memory: 5926711296 bytes (5652.15 MB)
write base data version: 137700, memory: 5926711296 bytes (5652.15 MB)
write base data version: 137800, memory: 5926711296 bytes (5652.15 MB)
write base data version: 137900, memory: 5926711296 bytes (5652.15 MB)
write base data version: 138000, memory: 5926711296 bytes (5652.15 MB)
write base data version: 138100, memory: 5926711296 bytes (5652.15 MB)
write base data version: 138200, memory: 5926711296 bytes (5652.15 MB)
write base data version: 138300, memory: 5926711296 bytes (5652.15 MB)
write base data version: 138400, memory: 5926711296 bytes (5652.15 MB)
write base data version: 138500, memory: 5926711296 bytes (5652.15 MB)
write base data version: 138600, memory: 5926711296 bytes (5652.15 MB)
write base data version: 138700, memory: 5926711296 bytes (5652.15 MB)
write base data version: 138800, memory: 5926711296 bytes (5652.15 MB)
write base data version: 138900, memory: 5926711296 bytes (5652.15 MB)
write base data version: 139000, memory: 5926711296 bytes (5652.15 MB)
write base data version: 139100, memory: 5926711296 bytes (5652.15 MB)
write base data version: 139200, memory: 5926711296 bytes (5652.15 MB)
write base data version: 139300, memory: 5926711296 bytes (5652.15 MB)
write base data version: 139400, memory: 5926711296 bytes (5652.15 MB)
write base data version: 139500, memory: 5926711296 bytes (5652.15 MB)
write base data version: 139600, memory: 5926711296 bytes (5652.15 MB)
write base data version: 139700, memory: 5926711296 bytes (5652.15 MB)
write base data version: 139800, memory: 5926711296 bytes (5652.15 MB)
write base data version: 139900, memory: 5926711296 bytes (5652.15 MB)
write base data version: 140000, memory: 5926711296 bytes (5652.15 MB)
write base data version: 140100, memory: 5926711296 bytes (5652.15 MB)
write base data version: 140200, memory: 5926711296 bytes (5652.15 MB)
write base data version: 140300, memory: 5926711296 bytes (5652.15 MB)
write base data version: 140400, memory: 5926711296 bytes (5652.15 MB)
write base data version: 140500, memory: 5926711296 bytes (5652.15 MB)
write base data version: 140600, memory: 5926711296 bytes (5652.15 MB)
write base data version: 140700, memory: 5926711296 bytes (5652.15 MB)
write base data version: 140800, memory: 5926711296 bytes (5652.15 MB)
write base data version: 140900, memory: 5926711296 bytes (5652.15 MB)
write base data version: 141000, memory: 5926711296 bytes (5652.15 MB)
write base data version: 141100, memory: 5926711296 bytes (5652.15 MB)
write base data version: 141200, memory: 5926711296 bytes (5652.15 MB)
write base data version: 141300, memory: 5926711296 bytes (5652.15 MB)
write base data version: 141400, memory: 5926711296 bytes (5652.15 MB)
write base data version: 141500, memory: 5926711296 bytes (5652.15 MB)
write base data version: 141600, memory: 5926711296 bytes (5652.15 MB)
write base data version: 141700, memory: 5926711296 bytes (5652.15 MB)
write base data version: 141800, memory: 5926711296 bytes (5652.15 MB)
write base data version: 141900, memory: 5926711296 bytes (5652.15 MB)
write base data version: 142000, memory: 5926711296 bytes (5652.15 MB)
write base data version: 142100, memory: 5926711296 bytes (5652.15 MB)
write base data version: 142200, memory: 5926711296 bytes (5652.15 MB)
write base data version: 142300, memory: 5926711296 bytes (5652.15 MB)
write base data version: 142400, memory: 5926711296 bytes (5652.15 MB)
write base data version: 142500, memory: 5926711296 bytes (5652.15 MB)
write base data version: 142600, memory: 5926711296 bytes (5652.15 MB)
write base data version: 142700, memory: 5926711296 bytes (5652.15 MB)
write base data version: 142800, memory: 5926711296 bytes (5652.15 MB)
write base data version: 142900, memory: 5926711296 bytes (5652.15 MB)
write base data version: 143000, memory: 5926711296 bytes (5652.15 MB)
write base data version: 143100, memory: 5926711296 bytes (5652.15 MB)
write base data version: 143200, memory: 5926711296 bytes (5652.15 MB)
write base data version: 143300, memory: 5926711296 bytes (5652.15 MB)
write base data version: 143400, memory: 5926711296 bytes (5652.15 MB)
write base data version: 143500, memory: 5926711296 bytes (5652.15 MB)
write base data version: 143600, memory: 5926711296 bytes (5652.15 MB)
write base data version: 143700, memory: 5926711296 bytes (5652.15 MB)
write base data version: 143800, memory: 5926711296 bytes (5652.15 MB)
write base data version: 143900, memory: 5926711296 bytes (5652.15 MB)
write base data version: 144000, memory: 5926711296 bytes (5652.15 MB)
write base data version: 144100, memory: 5926711296 bytes (5652.15 MB)
write base data version: 144200, memory: 5926711296 bytes (5652.15 MB)
write base data version: 144300, memory: 5926711296 bytes (5652.15 MB)
write base data version: 144400, memory: 5926711296 bytes (5652.15 MB)
write base data version: 144500, memory: 5926711296 bytes (5652.15 MB)
write base data version: 144600, memory: 5926711296 bytes (5652.15 MB)
write base data version: 144700, memory: 5926711296 bytes (5652.15 MB)
write base data version: 144800, memory: 5926711296 bytes (5652.15 MB)
write base data version: 144900, memory: 5926711296 bytes (5652.15 MB)
write base data version: 145000, memory: 5926711296 bytes (5652.15 MB)
write base data version: 145100, memory: 5926711296 bytes (5652.15 MB)
write base data version: 145200, memory: 5926711296 bytes (5652.15 MB)
write base data version: 145300, memory: 5926711296 bytes (5652.15 MB)
write base data version: 145400, memory: 5926711296 bytes (5652.15 MB)
write base data version: 145500, memory: 5926711296 bytes (5652.15 MB)
write base data version: 145600, memory: 5926711296 bytes (5652.15 MB)
write base data version: 145700, memory: 5926711296 bytes (5652.15 MB)
write base data version: 145800, memory: 5926711296 bytes (5652.15 MB)
write base data version: 145900, memory: 5926711296 bytes (5652.15 MB)
write base data version: 146000, memory: 5926711296 bytes (5652.15 MB)
write base data version: 146100, memory: 5926711296 bytes (5652.15 MB)
write base data version: 146200, memory: 5926711296 bytes (5652.15 MB)
write base data version: 146300, memory: 5926711296 bytes (5652.15 MB)
write base data version: 146400, memory: 5926711296 bytes (5652.15 MB)
write base data version: 146500, memory: 5926711296 bytes (5652.15 MB)
write base data version: 146600, memory: 5926711296 bytes (5652.15 MB)
write base data version: 146700, memory: 5926711296 bytes (5652.15 MB)
write base data version: 146800, memory: 5926711296 bytes (5652.15 MB)
write base data version: 146900, memory: 5926711296 bytes (5652.15 MB)
write base data version: 147000, memory: 5926711296 bytes (5652.15 MB)
write base data version: 147100, memory: 5926711296 bytes (5652.15 MB)
write base data version: 147200, memory: 5926711296 bytes (5652.15 MB)
write base data version: 147300, memory: 5926711296 bytes (5652.15 MB)
write base data version: 147400, memory: 5926711296 bytes (5652.15 MB)
write base data version: 147500, memory: 5926711296 bytes (5652.15 MB)
write base data version: 147600, memory: 5926711296 bytes (5652.15 MB)
write base data version: 147700, memory: 5926711296 bytes (5652.15 MB)
write base data version: 147800, memory: 5926711296 bytes (5652.15 MB)
write base data version: 147900, memory: 5926711296 bytes (5652.15 MB)
write base data version: 148000, memory: 5926711296 bytes (5652.15 MB)
write base data version: 148100, memory: 5926711296 bytes (5652.15 MB)
write base data version: 148200, memory: 5926711296 bytes (5652.15 MB)
write base data version: 148300, memory: 5926711296 bytes (5652.15 MB)
write base data version: 148400, memory: 5926711296 bytes (5652.15 MB)
write base data version: 148500, memory: 5926711296 bytes (5652.15 MB)
write base data version: 148600, memory: 5926711296 bytes (5652.15 MB)
write base data version: 148700, memory: 5926711296 bytes (5652.15 MB)
write base data version: 148800, memory: 5926711296 bytes (5652.15 MB)
write base data version: 148900, memory: 5926711296 bytes (5652.15 MB)
write base data version: 149000, memory: 5926711296 bytes (5652.15 MB)
write base data version: 149100, memory: 5926711296 bytes (5652.15 MB)
write base data version: 149200, memory: 5926711296 bytes (5652.15 MB)
write base data version: 149300, memory: 5926711296 bytes (5652.15 MB)
write base data version: 149400, memory: 5926711296 bytes (5652.15 MB)
write base data version: 149500, memory: 5926711296 bytes (5652.15 MB)
write base data version: 149600, memory: 5926711296 bytes (5652.15 MB)
write base data version: 149700, memory: 5926711296 bytes (5652.15 MB)
write base data version: 149800, memory: 5926711296 bytes (5652.15 MB)
write base data version: 149900, memory: 5926711296 bytes (5652.15 MB)
write base data version: 150000, memory: 5926711296 bytes (5652.15 MB)
write base data version: 150100, memory: 5926711296 bytes (5652.15 MB)
write base data version: 150200, memory: 5926711296 bytes (5652.15 MB)
write base data version: 150300, memory: 5926711296 bytes (5652.15 MB)
write base data version: 150400, memory: 5926711296 bytes (5652.15 MB)
write base data version: 150500, memory: 5926711296 bytes (5652.15 MB)
write base data version: 150600, memory: 5926711296 bytes (5652.15 MB)
write base data version: 150700, memory: 5926711296 bytes (5652.15 MB)
write base data version: 150800, memory: 5926711296 bytes (5652.15 MB)
write base data version: 150900, memory: 5926711296 bytes (5652.15 MB)
write base data version: 151000, memory: 5926711296 bytes (5652.15 MB)
write base data version: 151100, memory: 5926711296 bytes (5652.15 MB)
write base data version: 151200, memory: 5926711296 bytes (5652.15 MB)
write base data version: 151300, memory: 5926711296 bytes (5652.15 MB)
write base data version: 151400, memory: 5926711296 bytes (5652.15 MB)
write base data version: 151500, memory: 5926711296 bytes (5652.15 MB)
write base data version: 151600, memory: 5926711296 bytes (5652.15 MB)
write base data version: 151700, memory: 5926711296 bytes (5652.15 MB)
write base data version: 151800, memory: 5926711296 bytes (5652.15 MB)
write base data version: 151900, memory: 5926711296 bytes (5652.15 MB)
write base data version: 152000, memory: 5926711296 bytes (5652.15 MB)
write base data version: 152100, memory: 5926711296 bytes (5652.15 MB)
write base data version: 152200, memory: 5926711296 bytes (5652.15 MB)
write base data version: 152300, memory: 5926711296 bytes (5652.15 MB)
write base data version: 152400, memory: 5926711296 bytes (5652.15 MB)
write base data version: 152500, memory: 5926711296 bytes (5652.15 MB)
write base data version: 152600, memory: 5926711296 bytes (5652.15 MB)
write base data version: 152700, memory: 5926711296 bytes (5652.15 MB)
write base data version: 152800, memory: 5926711296 bytes (5652.15 MB)
write base data version: 152900, memory: 5926711296 bytes (5652.15 MB)
write base data version: 153000, memory: 5926711296 bytes (5652.15 MB)
write base data version: 153100, memory: 5926711296 bytes (5652.15 MB)
write base data version: 153200, memory: 5926711296 bytes (5652.15 MB)
write base data version: 153300, memory: 5926711296 bytes (5652.15 MB)
write base data version: 153400, memory: 5926711296 bytes (5652.15 MB)
write base data version: 153500, memory: 5926711296 bytes (5652.15 MB)
write base data version: 153600, memory: 5926711296 bytes (5652.15 MB)
write base data version: 153700, memory: 5926711296 bytes (5652.15 MB)
write base data version: 153800, memory: 5926711296 bytes (5652.15 MB)
write base data version: 153900, memory: 5926711296 bytes (5652.15 MB)
write base data version: 154000, memory: 5926711296 bytes (5652.15 MB)
write base data version: 154100, memory: 5926711296 bytes (5652.15 MB)
write base data version: 154200, memory: 5926711296 bytes (5652.15 MB)
write base data version: 154300, memory: 5926711296 bytes (5652.15 MB)
write base data version: 154400, memory: 5926711296 bytes (5652.15 MB)
write base data version: 154500, memory: 5926711296 bytes (5652.15 MB)
write base data version: 154600, memory: 5926711296 bytes (5652.15 MB)
write base data version: 154700, memory: 5926711296 bytes (5652.15 MB)
write base data version: 154800, memory: 5926711296 bytes (5652.15 MB)
write base data version: 154900, memory: 5926711296 bytes (5652.15 MB)
write base data version: 155000, memory: 5926711296 bytes (5652.15 MB)
write base data version: 155100, memory: 5926711296 bytes (5652.15 MB)
write base data version: 155200, memory: 5926711296 bytes (5652.15 MB)
write base data version: 155300, memory: 5926711296 bytes (5652.15 MB)
write base data version: 155400, memory: 5926711296 bytes (5652.15 MB)
write base data version: 155500, memory: 5926711296 bytes (5652.15 MB)
write base data version: 155600, memory: 5926711296 bytes (5652.15 MB)
write base data version: 155700, memory: 5926711296 bytes (5652.15 MB)
write base data version: 155800, memory: 5926711296 bytes (5652.15 MB)
write base data version: 155900, memory: 5926711296 bytes (5652.15 MB)
write base data version: 156000, memory: 5926711296 bytes (5652.15 MB)
write base data version: 156100, memory: 5926711296 bytes (5652.15 MB)
write base data version: 156200, memory: 5926711296 bytes (5652.15 MB)
write base data version: 156300, memory: 5926711296 bytes (5652.15 MB)
write base data version: 156400, memory: 5926711296 bytes (5652.15 MB)
write base data version: 156500, memory: 5926711296 bytes (5652.15 MB)
write base data version: 156600, memory: 5926711296 bytes (5652.15 MB)
write base data version: 156700, memory: 5926711296 bytes (5652.15 MB)
write base data version: 156800, memory: 5926711296 bytes (5652.15 MB)
write base data version: 156900, memory: 5926711296 bytes (5652.15 MB)
write base data version: 157000, memory: 5926711296 bytes (5652.15 MB)
write base data version: 157100, memory: 5926711296 bytes (5652.15 MB)
write base data version: 157200, memory: 5926711296 bytes (5652.15 MB)
write base data version: 157300, memory: 5926711296 bytes (5652.15 MB)
write base data version: 157400, memory: 5926711296 bytes (5652.15 MB)
write base data version: 157500, memory: 5926711296 bytes (5652.15 MB)
write base data version: 157600, memory: 5926711296 bytes (5652.15 MB)
write base data version: 157700, memory: 5926711296 bytes (5652.15 MB)
write base data version: 157800, memory: 5926711296 bytes (5652.15 MB)
write base data version: 157900, memory: 5926711296 bytes (5652.15 MB)
write base data version: 158000, memory: 5926711296 bytes (5652.15 MB)
write base data version: 158100, memory: 5926711296 bytes (5652.15 MB)
write base data version: 158200, memory: 5926711296 bytes (5652.15 MB)
write base data version: 158300, memory: 5926711296 bytes (5652.15 MB)
write base data version: 158400, memory: 5926711296 bytes (5652.15 MB)
write base data version: 158500, memory: 5926711296 bytes (5652.15 MB)
write base data version: 158600, memory: 5926711296 bytes (5652.15 MB)
write base data version: 158700, memory: 5926711296 bytes (5652.15 MB)
write base data version: 158800, memory: 5926711296 bytes (5652.15 MB)
write base data version: 158900, memory: 5926711296 bytes (5652.15 MB)
write base data version: 159000, memory: 5926711296 bytes (5652.15 MB)
write base data version: 159100, memory: 5926711296 bytes (5652.15 MB)
write base data version: 159200, memory: 5926711296 bytes (5652.15 MB)
write base data version: 159300, memory: 5926711296 bytes (5652.15 MB)
write base data version: 159400, memory: 5926711296 bytes (5652.15 MB)
write base data version: 159500, memory: 5926711296 bytes (5652.15 MB)
write base data version: 159600, memory: 5926711296 bytes (5652.15 MB)
write base data version: 159700, memory: 5926711296 bytes (5652.15 MB)
write base data version: 159800, memory: 5926711296 bytes (5652.15 MB)
write base data version: 159900, memory: 5926711296 bytes (5652.15 MB)
write base data version: 160000, memory: 5926711296 bytes (5652.15 MB)
write base data version: 160100, memory: 5926711296 bytes (5652.15 MB)
write base data version: 160200, memory: 5926711296 bytes (5652.15 MB)
write base data version: 160300, memory: 5926711296 bytes (5652.15 MB)
write base data version: 160400, memory: 5926711296 bytes (5652.15 MB)
write base data version: 160500, memory: 5926711296 bytes (5652.15 MB)
write base data version: 160600, memory: 5926711296 bytes (5652.15 MB)
write base data version: 160700, memory: 5926711296 bytes (5652.15 MB)
write base data version: 160800, memory: 5926711296 bytes (5652.15 MB)
write base data version: 160900, memory: 5926711296 bytes (5652.15 MB)
write base data version: 161000, memory: 5926711296 bytes (5652.15 MB)
write base data version: 161100, memory: 5926711296 bytes (5652.15 MB)
write base data version: 161200, memory: 5926711296 bytes (5652.15 MB)
write base data version: 161300, memory: 5926711296 bytes (5652.15 MB)
write base data version: 161400, memory: 5926711296 bytes (5652.15 MB)
write base data version: 161500, memory: 5926711296 bytes (5652.15 MB)
write base data version: 161600, memory: 5926711296 bytes (5652.15 MB)
write base data version: 161700, memory: 5926711296 bytes (5652.15 MB)
write base data version: 161800, memory: 5926711296 bytes (5652.15 MB)
write base data version: 161900, memory: 5926711296 bytes (5652.15 MB)
write base data version: 162000, memory: 5926711296 bytes (5652.15 MB)
write base data version: 162100, memory: 5926711296 bytes (5652.15 MB)
write base data version: 162200, memory: 5926711296 bytes (5652.15 MB)
write base data version: 162300, memory: 5926711296 bytes (5652.15 MB)
write base data version: 162400, memory: 5926711296 bytes (5652.15 MB)
write base data version: 162500, memory: 5926711296 bytes (5652.15 MB)
write base data version: 162600, memory: 5926711296 bytes (5652.15 MB)
write base data version: 162700, memory: 5926711296 bytes (5652.15 MB)
write base data version: 162800, memory: 5926711296 bytes (5652.15 MB)
write base data version: 162900, memory: 5926711296 bytes (5652.15 MB)
write base data version: 163000, memory: 5926711296 bytes (5652.15 MB)
write base data version: 163100, memory: 5926711296 bytes (5652.15 MB)
write base data version: 163200, memory: 5926711296 bytes (5652.15 MB)
write base data version: 163300, memory: 5926711296 bytes (5652.15 MB)
write base data version: 163400, memory: 5926711296 bytes (5652.15 MB)
write base data version: 163500, memory: 5926711296 bytes (5652.15 MB)
write base data version: 163600, memory: 5926711296 bytes (5652.15 MB)
write base data version: 163700, memory: 5926711296 bytes (5652.15 MB)
write base data version: 163800, memory: 5926711296 bytes (5652.15 MB)
write base data version: 163900, memory: 5926711296 bytes (5652.15 MB)
write base data version: 164000, memory: 5926711296 bytes (5652.15 MB)
write base data version: 164100, memory: 5926711296 bytes (5652.15 MB)
write base data version: 164200, memory: 5926711296 bytes (5652.15 MB)
write base data version: 164300, memory: 5926711296 bytes (5652.15 MB)
write base data version: 164400, memory: 5926711296 bytes (5652.15 MB)
write base data version: 164500, memory: 5926711296 bytes (5652.15 MB)
write base data version: 164600, memory: 5926711296 bytes (5652.15 MB)
write base data version: 164700, memory: 5926711296 bytes (5652.15 MB)
write base data version: 164800, memory: 5926711296 bytes (5652.15 MB)
write base data version: 164900, memory: 5926711296 bytes (5652.15 MB)
write base data version: 165000, memory: 5926711296 bytes (5652.15 MB)
write base data version: 165100, memory: 5926711296 bytes (5652.15 MB)
write base data version: 165200, memory: 5926711296 bytes (5652.15 MB)
write base data version: 165300, memory: 5926711296 bytes (5652.15 MB)
write base data version: 165400, memory: 5926711296 bytes (5652.15 MB)
write base data version: 165500, memory: 5926711296 bytes (5652.15 MB)
write base data version: 165600, memory: 5926711296 bytes (5652.15 MB)
write base data version: 165700, memory: 5926711296 bytes (5652.15 MB)
write base data version: 165800, memory: 5926711296 bytes (5652.15 MB)
write base data version: 165900, memory: 5926711296 bytes (5652.15 MB)
write base data version: 166000, memory: 5926711296 bytes (5652.15 MB)
write base data version: 166100, memory: 5926711296 bytes (5652.15 MB)
write base data version: 166200, memory: 5926711296 bytes (5652.15 MB)
write base data version: 166300, memory: 5926711296 bytes (5652.15 MB)
write base data version: 166400, memory: 5926711296 bytes (5652.15 MB)
write base data version: 166500, memory: 5926711296 bytes (5652.15 MB)
write base data version: 166600, memory: 5926711296 bytes (5652.15 MB)
write base data version: 166700, memory: 5926711296 bytes (5652.15 MB)
write base data version: 166800, memory: 5926711296 bytes (5652.15 MB)
write base data version: 166900, memory: 5926711296 bytes (5652.15 MB)
write base data version: 167000, memory: 5926711296 bytes (5652.15 MB)
write base data version: 167100, memory: 5926711296 bytes (5652.15 MB)
write base data version: 167200, memory: 5926711296 bytes (5652.15 MB)
write base data version: 167300, memory: 5926711296 bytes (5652.15 MB)
write base data version: 167400, memory: 5926711296 bytes (5652.15 MB)
write base data version: 167500, memory: 5926711296 bytes (5652.15 MB)
write base data version: 167600, memory: 5926711296 bytes (5652.15 MB)
write base data version: 167700, memory: 5926711296 bytes (5652.15 MB)
write base data version: 167800, memory: 5926711296 bytes (5652.15 MB)
write base data version: 167900, memory: 5926711296 bytes (5652.15 MB)
write base data version: 168000, memory: 5926711296 bytes (5652.15 MB)
write base data version: 168100, memory: 5926711296 bytes (5652.15 MB)
write base data version: 168200, memory: 5926711296 bytes (5652.15 MB)
write base data version: 168300, memory: 5926711296 bytes (5652.15 MB)
write base data version: 168400, memory: 5926711296 bytes (5652.15 MB)
write base data version: 168500, memory: 5926711296 bytes (5652.15 MB)
write base data version: 168600, memory: 5926711296 bytes (5652.15 MB)
write base data version: 168700, memory: 5926711296 bytes (5652.15 MB)
write base data version: 168800, memory: 5926711296 bytes (5652.15 MB)
write base data version: 168900, memory: 5926711296 bytes (5652.15 MB)
write base data version: 169000, memory: 5926711296 bytes (5652.15 MB)
write base data version: 169100, memory: 5926711296 bytes (5652.15 MB)
write base data version: 169200, memory: 5926711296 bytes (5652.15 MB)
write base data version: 169300, memory: 5926711296 bytes (5652.15 MB)
write base data version: 169400, memory: 5926711296 bytes (5652.15 MB)
write base data version: 169500, memory: 5926711296 bytes (5652.15 MB)
write base data version: 169600, memory: 5926711296 bytes (5652.15 MB)
write base data version: 169700, memory: 5926711296 bytes (5652.15 MB)
write base data version: 169800, memory: 5926711296 bytes (5652.15 MB)
write base data version: 169900, memory: 5926711296 bytes (5652.15 MB)
write base data version: 170000, memory: 5926711296 bytes (5652.15 MB)
write base data version: 170100, memory: 5926711296 bytes (5652.15 MB)
write base data version: 170200, memory: 5926711296 bytes (5652.15 MB)
write base data version: 170300, memory: 5926711296 bytes (5652.15 MB)
write base data version: 170400, memory: 5926711296 bytes (5652.15 MB)
write base data version: 170500, memory: 5926711296 bytes (5652.15 MB)
write base data version: 170600, memory: 5926711296 bytes (5652.15 MB)
write base data version: 170700, memory: 5926711296 bytes (5652.15 MB)
write base data version: 170800, memory: 5926711296 bytes (5652.15 MB)
write base data version: 170900, memory: 5926711296 bytes (5652.15 MB)
write base data version: 171000, memory: 5926711296 bytes (5652.15 MB)
write base data version: 171100, memory: 5926711296 bytes (5652.15 MB)
write base data version: 171200, memory: 5926711296 bytes (5652.15 MB)
write base data version: 171300, memory: 5926711296 bytes (5652.15 MB)
write base data version: 171400, memory: 5926711296 bytes (5652.15 MB)
write base data version: 171500, memory: 5926711296 bytes (5652.15 MB)
write base data version: 171600, memory: 5926711296 bytes (5652.15 MB)
write base data version: 171700, memory: 5926711296 bytes (5652.15 MB)
write base data version: 171800, memory: 5926711296 bytes (5652.15 MB)
write base data version: 171900, memory: 5926711296 bytes (5652.15 MB)
write base data version: 172000, memory: 5926711296 bytes (5652.15 MB)
write base data version: 172100, memory: 5926711296 bytes (5652.15 MB)
write base data version: 172200, memory: 5926711296 bytes (5652.15 MB)
write base data version: 172300, memory: 5926711296 bytes (5652.15 MB)
write base data version: 172400, memory: 5926711296 bytes (5652.15 MB)
write base data version: 172500, memory: 5926711296 bytes (5652.15 MB)
write base data version: 172600, memory: 5926711296 bytes (5652.15 MB)
write base data version: 172700, memory: 5926711296 bytes (5652.15 MB)
write base data version: 172800, memory: 5926711296 bytes (5652.15 MB)
write base data version: 172900, memory: 5926711296 bytes (5652.15 MB)
write base data version: 173000, memory: 5926711296 bytes (5652.15 MB)
write base data version: 173100, memory: 5926711296 bytes (5652.15 MB)
write base data version: 173200, memory: 5926711296 bytes (5652.15 MB)
write base data version: 173300, memory: 5926711296 bytes (5652.15 MB)
write base data version: 173400, memory: 5926711296 bytes (5652.15 MB)
write base data version: 173500, memory: 5926711296 bytes (5652.15 MB)
write base data version: 173600, memory: 5926711296 bytes (5652.15 MB)
write base data version: 173700, memory: 5926711296 bytes (5652.15 MB)
write base data version: 173800, memory: 5926711296 bytes (5652.15 MB)
write base data version: 173900, memory: 5926711296 bytes (5652.15 MB)
write base data version: 174000, memory: 5926711296 bytes (5652.15 MB)
write base data version: 174100, memory: 5926711296 bytes (5652.15 MB)
write base data version: 174200, memory: 5926711296 bytes (5652.15 MB)
write base data version: 174300, memory: 5926711296 bytes (5652.15 MB)
write base data version: 174400, memory: 5926711296 bytes (5652.15 MB)
write base data version: 174500, memory: 5926711296 bytes (5652.15 MB)
write base data version: 174600, memory: 5926711296 bytes (5652.15 MB)
write base data version: 174700, memory: 5926711296 bytes (5652.15 MB)
write base data version: 174800, memory: 5926711296 bytes (5652.15 MB)
write base data version: 174900, memory: 5926711296 bytes (5652.15 MB)
write base data version: 175000, memory: 5926711296 bytes (5652.15 MB)
write base data version: 175100, memory: 5926711296 bytes (5652.15 MB)
write base data version: 175200, memory: 5926711296 bytes (5652.15 MB)
write base data version: 175300, memory: 5926711296 bytes (5652.15 MB)
write base data version: 175400, memory: 5926711296 bytes (5652.15 MB)
write base data version: 175500, memory: 5926711296 bytes (5652.15 MB)
write base data version: 175600, memory: 5926711296 bytes (5652.15 MB)
write base data version: 175700, memory: 5926711296 bytes (5652.15 MB)
write base data version: 175800, memory: 5926711296 bytes (5652.15 MB)
write base data version: 175900, memory: 5926711296 bytes (5652.15 MB)
write base data version: 176000, memory: 5926711296 bytes (5652.15 MB)
write base data version: 176100, memory: 5926711296 bytes (5652.15 MB)
write base data version: 176200, memory: 5926711296 bytes (5652.15 MB)
write base data version: 176300, memory: 5926711296 bytes (5652.15 MB)
write base data version: 176400, memory: 5926711296 bytes (5652.15 MB)
write base data version: 176500, memory: 5926711296 bytes (5652.15 MB)
write base data version: 176600, memory: 5926711296 bytes (5652.15 MB)
write base data version: 176700, memory: 5926711296 bytes (5652.15 MB)
write base data version: 176800, memory: 5926711296 bytes (5652.15 MB)
write base data version: 176900, memory: 5926711296 bytes (5652.15 MB)
write base data version: 177000, memory: 5926711296 bytes (5652.15 MB)
write base data version: 177100, memory: 5926711296 bytes (5652.15 MB)
write base data version: 177200, memory: 5926711296 bytes (5652.15 MB)
write base data version: 177300, memory: 5926711296 bytes (5652.15 MB)
write base data version: 177400, memory: 5926711296 bytes (5652.15 MB)
write base data version: 177500, memory: 5926711296 bytes (5652.15 MB)
write base data version: 177600, memory: 5926711296 bytes (5652.15 MB)
write base data version: 177700, memory: 5926711296 bytes (5652.15 MB)
write base data version: 177800, memory: 5926711296 bytes (5652.15 MB)
write base data version: 177900, memory: 5926711296 bytes (5652.15 MB)
write base data version: 178000, memory: 5926711296 bytes (5652.15 MB)
write base data version: 178100, memory: 5926711296 bytes (5652.15 MB)
write base data version: 178200, memory: 5926711296 bytes (5652.15 MB)
write base data version: 178300, memory: 5926711296 bytes (5652.15 MB)
write base data version: 178400, memory: 5926711296 bytes (5652.15 MB)
write base data version: 178500, memory: 5926711296 bytes (5652.15 MB)
write base data version: 178600, memory: 5926711296 bytes (5652.15 MB)
write base data version: 178700, memory: 5926711296 bytes (5652.15 MB)
write base data version: 178800, memory: 5926711296 bytes (5652.15 MB)
write base data version: 178900, memory: 5926711296 bytes (5652.15 MB)
write base data version: 179000, memory: 5926711296 bytes (5652.15 MB)
write base data version: 179100, memory: 5926711296 bytes (5652.15 MB)
write base data version: 179200, memory: 5926711296 bytes (5652.15 MB)
write base data version: 179300, memory: 5926711296 bytes (5652.15 MB)
write base data version: 179400, memory: 5926711296 bytes (5652.15 MB)
write base data version: 179500, memory: 5926711296 bytes (5652.15 MB)
write base data version: 179600, memory: 5926711296 bytes (5652.15 MB)
write base data version: 179700, memory: 5926711296 bytes (5652.15 MB)
write base data version: 179800, memory: 5926711296 bytes (5652.15 MB)
write base data version: 179900, memory: 5926711296 bytes (5652.15 MB)
write base data version: 180000, memory: 5926711296 bytes (5652.15 MB)
write base data version: 180100, memory: 5926711296 bytes (5652.15 MB)
write base data version: 180200, memory: 5926711296 bytes (5652.15 MB)
write base data version: 180300, memory: 5926711296 bytes (5652.15 MB)
write base data version: 180400, memory: 5926711296 bytes (5652.15 MB)
write base data version: 180500, memory: 5926711296 bytes (5652.15 MB)
write base data version: 180600, memory: 5926711296 bytes (5652.15 MB)
write base data version: 180700, memory: 5926711296 bytes (5652.15 MB)
write base data version: 180800, memory: 5926711296 bytes (5652.15 MB)
write base data version: 180900, memory: 5926711296 bytes (5652.15 MB)
write base data version: 181000, memory: 5926711296 bytes (5652.15 MB)
write base data version: 181100, memory: 5926711296 bytes (5652.15 MB)
write base data version: 181200, memory: 5926711296 bytes (5652.15 MB)
write base data version: 181300, memory: 5926711296 bytes (5652.15 MB)
write base data version: 181400, memory: 5926711296 bytes (5652.15 MB)
write base data version: 181500, memory: 5926711296 bytes (5652.15 MB)
write base data version: 181600, memory: 5926711296 bytes (5652.15 MB)
write base data version: 181700, memory: 5926711296 bytes (5652.15 MB)
write base data version: 181800, memory: 5926711296 bytes (5652.15 MB)
write base data version: 181900, memory: 5926711296 bytes (5652.15 MB)
write base data version: 182000, memory: 5926711296 bytes (5652.15 MB)
write base data version: 182100, memory: 5926711296 bytes (5652.15 MB)
write base data version: 182200, memory: 5926711296 bytes (5652.15 MB)
write base data version: 182300, memory: 5926711296 bytes (5652.15 MB)
write base data version: 182400, memory: 5926711296 bytes (5652.15 MB)
write base data version: 182500, memory: 5926711296 bytes (5652.15 MB)
write base data version: 182600, memory: 5926711296 bytes (5652.15 MB)
write base data version: 182700, memory: 5926711296 bytes (5652.15 MB)
write base data version: 182800, memory: 5926711296 bytes (5652.15 MB)
write base data version: 182900, memory: 5926711296 bytes (5652.15 MB)
write base data version: 183000, memory: 5926711296 bytes (5652.15 MB)
write base data version: 183100, memory: 5926711296 bytes (5652.15 MB)
write base data version: 183200, memory: 5926711296 bytes (5652.15 MB)
write base data version: 183300, memory: 5926711296 bytes (5652.15 MB)
write base data version: 183400, memory: 5926711296 bytes (5652.15 MB)
write base data version: 183500, memory: 5926711296 bytes (5652.15 MB)
write base data version: 183600, memory: 5926711296 bytes (5652.15 MB)
write base data version: 183700, memory: 5926711296 bytes (5652.15 MB)
write base data version: 183800, memory: 5926711296 bytes (5652.15 MB)
write base data version: 183900, memory: 5926711296 bytes (5652.15 MB)
write base data version: 184000, memory: 5926711296 bytes (5652.15 MB)
write base data version: 184100, memory: 5926711296 bytes (5652.15 MB)
write base data version: 184200, memory: 5926711296 bytes (5652.15 MB)
write base data version: 184300, memory: 5926711296 bytes (5652.15 MB)
write base data version: 184400, memory: 5926711296 bytes (5652.15 MB)
write base data version: 184500, memory: 5926711296 bytes (5652.15 MB)
write base data version: 184600, memory: 5926711296 bytes (5652.15 MB)
write base data version: 184700, memory: 5926711296 bytes (5652.15 MB)
write base data version: 184800, memory: 5926711296 bytes (5652.15 MB)
write base data version: 184900, memory: 5926711296 bytes (5652.15 MB)
write base data version: 185000, memory: 5926711296 bytes (5652.15 MB)
write base data version: 185100, memory: 5926711296 bytes (5652.15 MB)
write base data version: 185200, memory: 5926711296 bytes (5652.15 MB)
write base data version: 185300, memory: 5926711296 bytes (5652.15 MB)
write base data version: 185400, memory: 5926711296 bytes (5652.15 MB)
write base data version: 185500, memory: 5926711296 bytes (5652.15 MB)
write base data version: 185600, memory: 5926711296 bytes (5652.15 MB)
write base data version: 185700, memory: 5926711296 bytes (5652.15 MB)
write base data version: 185800, memory: 5926711296 bytes (5652.15 MB)
write base data version: 185900, memory: 5926711296 bytes (5652.15 MB)
write base data version: 186000, memory: 5926711296 bytes (5652.15 MB)
write base data version: 186100, memory: 5926711296 bytes (5652.15 MB)
write base data version: 186200, memory: 5926711296 bytes (5652.15 MB)
write base data version: 186300, memory: 5926711296 bytes (5652.15 MB)
write base data version: 186400, memory: 5926711296 bytes (5652.15 MB)
write base data version: 186500, memory: 5926711296 bytes (5652.15 MB)
write base data version: 186600, memory: 5926711296 bytes (5652.15 MB)
write base data version: 186700, memory: 5926711296 bytes (5652.15 MB)
write base data version: 186800, memory: 5926711296 bytes (5652.15 MB)
write base data version: 186900, memory: 5926711296 bytes (5652.15 MB)
write base data version: 187000, memory: 5926711296 bytes (5652.15 MB)
write base data version: 187100, memory: 5926711296 bytes (5652.15 MB)
write base data version: 187200, memory: 5926711296 bytes (5652.15 MB)
write base data version: 187300, memory: 5926711296 bytes (5652.15 MB)
write base data version: 187400, memory: 5926711296 bytes (5652.15 MB)
write base data version: 187500, memory: 5926711296 bytes (5652.15 MB)
write base data version: 187600, memory: 5926711296 bytes (5652.15 MB)
write base data version: 187700, memory: 5926711296 bytes (5652.15 MB)
write base data version: 187800, memory: 5926711296 bytes (5652.15 MB)
write base data version: 187900, memory: 5926711296 bytes (5652.15 MB)
write base data version: 188000, memory: 5926711296 bytes (5652.15 MB)
write base data version: 188100, memory: 5926711296 bytes (5652.15 MB)
write base data version: 188200, memory: 5926711296 bytes (5652.15 MB)
write base data version: 188300, memory: 5926711296 bytes (5652.15 MB)
write base data version: 188400, memory: 5926711296 bytes (5652.15 MB)
write base data version: 188500, memory: 5926711296 bytes (5652.15 MB)
write base data version: 188600, memory: 5926711296 bytes (5652.15 MB)
write base data version: 188700, memory: 5926711296 bytes (5652.15 MB)
write base data version: 188800, memory: 5926711296 bytes (5652.15 MB)
write base data version: 188900, memory: 5926711296 bytes (5652.15 MB)
write base data version: 189000, memory: 5926711296 bytes (5652.15 MB)
write base data version: 189100, memory: 5926711296 bytes (5652.15 MB)
write base data version: 189200, memory: 5926711296 bytes (5652.15 MB)
write base data version: 189300, memory: 5926711296 bytes (5652.15 MB)
write base data version: 189400, memory: 5926711296 bytes (5652.15 MB)
write base data version: 189500, memory: 5926711296 bytes (5652.15 MB)
write base data version: 189600, memory: 5926711296 bytes (5652.15 MB)
write base data version: 189700, memory: 5926711296 bytes (5652.15 MB)
write base data version: 189800, memory: 5926711296 bytes (5652.15 MB)
write base data version: 189900, memory: 5926711296 bytes (5652.15 MB)
write base data version: 190000, memory: 5926711296 bytes (5652.15 MB)
write base data version: 190100, memory: 5926711296 bytes (5652.15 MB)
write base data version: 190200, memory: 5926711296 bytes (5652.15 MB)
write base data version: 190300, memory: 5926711296 bytes (5652.15 MB)
write base data version: 190400, memory: 5926711296 bytes (5652.15 MB)
write base data version: 190500, memory: 5926711296 bytes (5652.15 MB)
write base data version: 190600, memory: 5926711296 bytes (5652.15 MB)
write base data version: 190700, memory: 5926711296 bytes (5652.15 MB)
write base data version: 190800, memory: 5926711296 bytes (5652.15 MB)
write base data version: 190900, memory: 5926711296 bytes (5652.15 MB)
write base data version: 191000, memory: 5926711296 bytes (5652.15 MB)
write base data version: 191100, memory: 5926711296 bytes (5652.15 MB)
write base data version: 191200, memory: 5926711296 bytes (5652.15 MB)
write base data version: 191300, memory: 5926711296 bytes (5652.15 MB)
write base data version: 191400, memory: 5926711296 bytes (5652.15 MB)
write base data version: 191500, memory: 5926711296 bytes (5652.15 MB)
write base data version: 191600, memory: 5926711296 bytes (5652.15 MB)
write base data version: 191700, memory: 5926711296 bytes (5652.15 MB)
write base data version: 191800, memory: 5926711296 bytes (5652.15 MB)
write base data version: 191900, memory: 5926711296 bytes (5652.15 MB)
write base data version: 192000, memory: 5926711296 bytes (5652.15 MB)
write base data version: 192100, memory: 5926711296 bytes (5652.15 MB)
write base data version: 192200, memory: 5926711296 bytes (5652.15 MB)
write base data version: 192300, memory: 5926711296 bytes (5652.15 MB)
write base data version: 192400, memory: 5926711296 bytes (5652.15 MB)
write base data version: 192500, memory: 5926711296 bytes (5652.15 MB)
write base data version: 192600, memory: 5926711296 bytes (5652.15 MB)
write base data version: 192700, memory: 5926711296 bytes (5652.15 MB)
write base data version: 192800, memory: 5926711296 bytes (5652.15 MB)
write base data version: 192900, memory: 5926711296 bytes (5652.15 MB)
write base data version: 193000, memory: 5926711296 bytes (5652.15 MB)
write base data version: 193100, memory: 5926711296 bytes (5652.15 MB)
write base data version: 193200, memory: 5926711296 bytes (5652.15 MB)
write base data version: 193300, memory: 5926711296 bytes (5652.15 MB)
write base data version: 193400, memory: 5926711296 bytes (5652.15 MB)
write base data version: 193500, memory: 5926711296 bytes (5652.15 MB)
write base data version: 193600, memory: 5926711296 bytes (5652.15 MB)
write base data version: 193700, memory: 5926711296 bytes (5652.15 MB)
write base data version: 193800, memory: 5926711296 bytes (5652.15 MB)
write base data version: 193900, memory: 5926711296 bytes (5652.15 MB)
write base data version: 194000, memory: 5926711296 bytes (5652.15 MB)
write base data version: 194100, memory: 5926711296 bytes (5652.15 MB)
write base data version: 194200, memory: 5926711296 bytes (5652.15 MB)
write base data version: 194300, memory: 5926711296 bytes (5652.15 MB)
write base data version: 194400, memory: 5926711296 bytes (5652.15 MB)
write base data version: 194500, memory: 5926711296 bytes (5652.15 MB)
write base data version: 194600, memory: 5926711296 bytes (5652.15 MB)
write base data version: 194700, memory: 5926711296 bytes (5652.15 MB)
write base data version: 194800, memory: 5926711296 bytes (5652.15 MB)
write base data version: 194900, memory: 5926711296 bytes (5652.15 MB)
write base data version: 195000, memory: 5926711296 bytes (5652.15 MB)
write base data version: 195100, memory: 5926711296 bytes (5652.15 MB)
write base data version: 195200, memory: 5926711296 bytes (5652.15 MB)
write base data version: 195300, memory: 5926711296 bytes (5652.15 MB)
write base data version: 195400, memory: 5926711296 bytes (5652.15 MB)
write base data version: 195500, memory: 5926711296 bytes (5652.15 MB)
write base data version: 195600, memory: 5926711296 bytes (5652.15 MB)
write base data version: 195700, memory: 5934292992 bytes (5659.38 MB)
write base data version: 195800, memory: 5936308224 bytes (5661.30 MB)
write base data version: 195900, memory: 5938073600 bytes (5662.99 MB)
write base data version: 196000, memory: 5938073600 bytes (5662.99 MB)
write base data version: 196100, memory: 5938163712 bytes (5663.07 MB)
write base data version: 196200, memory: 5938163712 bytes (5663.07 MB)
write base data version: 196300, memory: 5938163712 bytes (5663.07 MB)
write base data version: 196400, memory: 5938163712 bytes (5663.07 MB)
write base data version: 196500, memory: 5938163712 bytes (5663.07 MB)
write base data version: 196600, memory: 5938163712 bytes (5663.07 MB)
write base data version: 196700, memory: 5938163712 bytes (5663.07 MB)
write base data version: 196800, memory: 5938163712 bytes (5663.07 MB)
write base data version: 196900, memory: 5938163712 bytes (5663.07 MB)
write base data version: 197000, memory: 5938163712 bytes (5663.07 MB)
write base data version: 197100, memory: 5938163712 bytes (5663.07 MB)
write base data version: 197200, memory: 5938163712 bytes (5663.07 MB)
write base data version: 197300, memory: 5938163712 bytes (5663.07 MB)
write base data version: 197400, memory: 5938163712 bytes (5663.07 MB)
write base data version: 197500, memory: 5938163712 bytes (5663.07 MB)
write base data version: 197600, memory: 5938163712 bytes (5663.07 MB)
write base data version: 197700, memory: 5938163712 bytes (5663.07 MB)
write base data version: 197800, memory: 5938163712 bytes (5663.07 MB)
write base data version: 197900, memory: 5938163712 bytes (5663.07 MB)
write base data version: 198000, memory: 5938163712 bytes (5663.07 MB)
write base data version: 198100, memory: 5938163712 bytes (5663.07 MB)
write base data version: 198200, memory: 5938163712 bytes (5663.07 MB)
write base data version: 198300, memory: 5938163712 bytes (5663.07 MB)
write base data version: 198400, memory: 5938163712 bytes (5663.07 MB)
write base data version: 198500, memory: 5938163712 bytes (5663.07 MB)
write base data version: 198600, memory: 5938163712 bytes (5663.07 MB)
write base data version: 198700, memory: 5938163712 bytes (5663.07 MB)
write base data version: 198800, memory: 5938163712 bytes (5663.07 MB)
write base data version: 198900, memory: 5938163712 bytes (5663.07 MB)
write base data version: 199000, memory: 5938163712 bytes (5663.07 MB)
write base data version: 199100, memory: 5938163712 bytes (5663.07 MB)
write base data version: 199200, memory: 5938163712 bytes (5663.07 MB)
write base data version: 199300, memory: 5938163712 bytes (5663.07 MB)
write base data version: 199400, memory: 5938163712 bytes (5663.07 MB)
write base data version: 199500, memory: 5938163712 bytes (5663.07 MB)
write base data version: 199600, memory: 5938163712 bytes (5663.07 MB)
write base data version: 199700, memory: 5938163712 bytes (5663.07 MB)
write base data version: 199800, memory: 5938163712 bytes (5663.07 MB)
write base data version: 199900, memory: 5938163712 bytes (5663.07 MB)
write base data version: 200000, memory: 5938163712 bytes (5663.07 MB)
tip block: 3330----3330
Test Results: 
  Total Disk Usage: 228911.07 MB
  Average Per Record: 1200.15 bytes
[test batch write] generate key value
[test batch write] write data
[test batch write] flush
tip block: 3330----3330
  Write Throughput: 25317.26 records/sec
00000000000000000000000199287701 is empty
00000000000000000000000199999996 is empty
00000000000000000000000188579446 is empty
00000000000000000000000199309557 is empty
00000000000000000000000198620175 is empty
00000000000000000000000199999861 is empty
00000000000000000000000199972496 is empty
00000000000000000000000199994170 is empty
00000000000000000000000199957716 is empty
00000000000000000000000199999981 is empty
00000000000000000000000109140196 is empty
00000000000000000000000199999993 is empty
00000000000000000000000199912899 is empty
00000000000000000000000199229108 is empty
00000000000000000000000199596155 is empty
00000000000000000000000159877295 is empty
00000000000000000000000198415050 is empty
00000000000000000000000198860789 is empty
00000000000000000000000199996990 is empty
00000000000000000000000200000000 is empty
00000000000000000000000200000000 is empty
00000000000000000000000199984547 is empty
00000000000000000000000199996591 is empty
00000000000000000000000199999855 is empty
00000000000000000000000199999993 is empty
00000000000000000000000199999869 is empty
00000000000000000000000156700929 is empty
00000000000000000000000199999237 is empty
00000000000000000000000195757004 is empty
00000000000000000000000199444981 is empty
00000000000000000000000199388339 is empty
00000000000000000000000199982037 is empty
00000000000000000000000199964989 is empty
00000000000000000000000199999950 is empty
00000000000000000000000199999707 is empty
00000000000000000000000198987735 is empty
00000000000000000000000176253452 is empty
00000000000000000000000192485409 is empty
00000000000000000000000165520363 is empty
00000000000000000000000199999882 is empty
00000000000000000000000175038848 is empty
00000000000000000000000199621127 is empty
00000000000000000000000197758674 is empty
00000000000000000000000199947220 is empty
00000000000000000000000199999187 is empty
00000000000000000000000199999071 is empty
00000000000000000000000199614778 is empty
00000000000000000000000160126941 is empty
00000000000000000000000192988872 is empty
00000000000000000000000199999995 is empty
00000000000000000000000199999974 is empty
00000000000000000000000199999107 is empty
00000000000000000000000199883673 is empty
00000000000000000000000124679633 is empty
00000000000000000000000199978461 is empty
00000000000000000000000199983213 is empty
00000000000000000000000199999979 is empty
00000000000000000000000196262875 is empty
00000000000000000000000199999932 is empty
00000000000000000000000200000000 is empty
00000000000000000000000193106548 is empty
00000000000000000000000199805507 is empty
00000000000000000000000147910384 is empty
00000000000000000000000200000000 is empty
00000000000000000000000199998457 is empty
00000000000000000000000199996786 is empty
00000000000000000000000199593669 is empty
00000000000000000000000168331294 is empty
00000000000000000000000199949152 is empty
00000000000000000000000198110077 is empty
00000000000000000000000199999693 is empty
00000000000000000000000168903583 is empty
00000000000000000000000199999986 is empty
00000000000000000000000153573178 is empty
00000000000000000000000198771087 is empty
00000000000000000000000199999996 is empty
00000000000000000000000134050524 is empty
00000000000000000000000199112688 is empty
00000000000000000000000190000092 is empty
00000000000000000000000200000000 is empty
00000000000000000000000200000000 is empty
00000000000000000000000198908013 is empty
00000000000000000000000199999319 is empty
00000000000000000000000158337878 is empty
00000000000000000000000129670598 is empty
00000000000000000000000178188687 is empty
00000000000000000000000199993473 is empty
00000000000000000000000200000000 is empty
00000000000000000000000195974459 is empty
00000000000000000000000199933213 is empty
00000000000000000000000199998162 is empty
00000000000000000000000199999990 is empty
00000000000000000000000199999903 is empty
00000000000000000000000188917728 is empty
00000000000000000000000199960260 is empty
00000000000000000000000199998938 is empty
00000000000000000000000197874192 is empty
00000000000000000000000199941208 is empty
00000000000000000000000199999615 is empty
00000000000000000000000199974525 is empty
00000000000000000000000188268803 is empty
00000000000000000000000199689682 is empty
00000000000000000000000195992356 is empty
00000000000000000000000199999802 is empty
00000000000000000000000117818133 is empty
00000000000000000000000199746611 is empty
00000000000000000000000199998767 is empty
00000000000000000000000106337630 is empty
00000000000000000000000199999999 is empty
00000000000000000000000185395905 is empty
00000000000000000000000197038020 is empty
00000000000000000000000197856842 is empty
00000000000000000000000199999989 is empty
00000000000000000000000199653919 is empty
00000000000000000000000131414106 is empty
00000000000000000000000155858797 is empty
00000000000000000000000128011406 is empty
00000000000000000000000199999992 is empty
00000000000000000000000190982931 is empty
00000000000000000000000189514041 is empty
00000000000000000000000199982900 is empty
00000000000000000000000199984194 is empty
00000000000000000000000199990408 is empty
00000000000000000000000199999994 is empty
00000000000000000000000199701389 is empty
00000000000000000000000199999950 is empty
00000000000000000000000199999979 is empty
00000000000000000000000199999993 is empty
00000000000000000000000199890812 is empty
00000000000000000000000191210380 is empty
00000000000000000000000160579451 is empty
00000000000000000000000178072607 is empty
00000000000000000000000184991652 is empty
00000000000000000000000199997963 is empty
00000000000000000000000199169027 is empty
00000000000000000000000199929016 is empty
00000000000000000000000165347459 is empty
00000000000000000000000193840171 is empty
00000000000000000000000199918003 is empty
00000000000000000000000199999246 is empty
00000000000000000000000199999999 is empty
00000000000000000000000176280627 is empty
00000000000000000000000198084048 is empty
00000000000000000000000197327156 is empty
00000000000000000000000193232468 is empty
00000000000000000000000199999986 is empty
00000000000000000000000198951674 is empty
00000000000000000000000199999990 is empty
00000000000000000000000199896066 is empty
00000000000000000000000199965543 is empty
00000000000000000000000199997112 is empty
00000000000000000000000199999947 is empty
00000000000000000000000199999700 is empty
00000000000000000000000199935941 is empty
00000000000000000000000199999795 is empty
00000000000000000000000197428790 is empty
00000000000000000000000199999990 is empty
00000000000000000000000195528869 is empty
00000000000000000000000199990960 is empty
00000000000000000000000199999997 is empty
00000000000000000000000199999893 is empty
00000000000000000000000199835272 is empty
00000000000000000000000199999999 is empty
00000000000000000000000199434563 is empty
00000000000000000000000199938643 is empty
00000000000000000000000200000000 is empty
00000000000000000000000199998670 is empty
00000000000000000000000199999921 is empty
00000000000000000000000199698200 is empty
00000000000000000000000199994282 is empty
00000000000000000000000199943158 is empty
00000000000000000000000199999997 is empty
00000000000000000000000199999953 is empty
00000000000000000000000199999969 is empty
00000000000000000000000199999968 is empty
00000000000000000000000200000000 is empty
00000000000000000000000180624364 is empty
00000000000000000000000199999997 is empty
00000000000000000000000199999228 is empty
00000000000000000000000127946605 is empty
00000000000000000000000184994883 is empty
00000000000000000000000199999991 is empty
00000000000000000000000199995660 is empty
00000000000000000000000199999959 is empty
00000000000000000000000136024899 is empty
00000000000000000000000199999544 is empty
00000000000000000000000199936850 is empty
00000000000000000000000199999997 is empty
00000000000000000000000199998773 is empty
00000000000000000000000192077848 is empty
00000000000000000000000198700751 is empty
00000000000000000000000199999544 is empty
00000000000000000000000199995983 is empty
00000000000000000000000199992966 is empty
00000000000000000000000199999895 is empty
00000000000000000000000171726210 is empty
00000000000000000000000199999485 is empty
00000000000000000000000199996457 is empty
00000000000000000000000195371031 is empty
00000000000000000000000199621412 is empty
00000000000000000000000199882245 is empty
00000000000000000000000196096467 is empty
00000000000000000000000196543490 is empty
00000000000000000000000198681676 is empty
00000000000000000000000199979553 is empty
00000000000000000000000199999996 is empty
00000000000000000000000199985586 is empty
00000000000000000000000183267967 is empty
00000000000000000000000199898532 is empty
00000000000000000000000197227068 is empty
00000000000000000000000196348707 is empty
00000000000000000000000198021509 is empty
00000000000000000000000199386697 is empty
00000000000000000000000168581640 is empty
00000000000000000000000199999938 is empty
00000000000000000000000199938891 is empty
00000000000000000000000198943388 is empty
00000000000000000000000199999459 is empty
00000000000000000000000199999935 is empty
00000000000000000000000199999663 is empty
00000000000000000000000199999350 is empty
00000000000000000000000198670707 is empty
00000000000000000000000199999940 is empty
00000000000000000000000169002071 is empty
00000000000000000000000177698568 is empty
00000000000000000000000199999999 is empty
00000000000000000000000112084375 is empty
00000000000000000000000199999986 is empty
00000000000000000000000195687405 is empty
00000000000000000000000199999186 is empty
00000000000000000000000184521169 is empty
00000000000000000000000199999111 is empty
00000000000000000000000107520472 is empty
00000000000000000000000199999994 is empty
00000000000000000000000199998124 is empty
00000000000000000000000199998996 is empty
00000000000000000000000199999959 is empty
00000000000000000000000192253579 is empty
00000000000000000000000199999999 is empty
00000000000000000000000199992373 is empty
00000000000000000000000199996988 is empty
00000000000000000000000199979629 is empty
00000000000000000000000198971139 is empty
00000000000000000000000199960920 is empty
00000000000000000000000161780239 is empty
00000000000000000000000196229209 is empty
00000000000000000000000199991938 is empty
00000000000000000000000199999977 is empty
00000000000000000000000199999443 is empty
00000000000000000000000199995371 is empty
00000000000000000000000200000000 is empty
00000000000000000000000199945853 is empty
00000000000000000000000185889394 is empty
00000000000000000000000199981329 is empty
00000000000000000000000199999730 is empty
00000000000000000000000199999747 is empty
00000000000000000000000196114233 is empty
00000000000000000000000199913528 is empty
00000000000000000000000199999752 is empty
00000000000000000000000198387089 is empty
00000000000000000000000199999999 is empty
00000000000000000000000199999989 is empty
00000000000000000000000199991962 is empty
00000000000000000000000199999201 is empty
00000000000000000000000164285066 is empty
00000000000000000000000199944845 is empty
00000000000000000000000199998022 is empty
00000000000000000000000199954847 is empty
00000000000000000000000199997637 is empty
00000000000000000000000199999425 is empty
00000000000000000000000199999200 is empty
00000000000000000000000199999999 is empty
00000000000000000000000199999018 is empty
00000000000000000000000199839970 is empty
00000000000000000000000199493176 is empty
00000000000000000000000199962964 is empty
00000000000000000000000200000000 is empty
00000000000000000000000198879287 is empty
00000000000000000000000189572596 is empty
00000000000000000000000199999576 is empty
00000000000000000000000199993516 is empty
00000000000000000000000199999983 is empty
00000000000000000000000200000000 is empty
00000000000000000000000199976153 is empty
00000000000000000000000197546561 is empty
00000000000000000000000198041835 is empty
00000000000000000000000199994770 is empty
00000000000000000000000199999984 is empty
00000000000000000000000199924555 is empty
00000000000000000000000167342885 is empty
00000000000000000000000199983434 is empty
00000000000000000000000129615804 is empty
00000000000000000000000199999995 is empty
00000000000000000000000198725517 is empty
00000000000000000000000199996972 is empty
00000000000000000000000199691853 is empty
00000000000000000000000199994863 is empty
00000000000000000000000199999970 is empty
00000000000000000000000111651238 is empty
00000000000000000000000105679835 is empty
00000000000000000000000199003581 is empty
00000000000000000000000199999996 is empty
00000000000000000000000199998481 is empty
00000000000000000000000199999515 is empty
00000000000000000000000194585393 is empty
00000000000000000000000107671631 is empty
00000000000000000000000199994244 is empty
00000000000000000000000199976222 is empty
00000000000000000000000199999999 is empty
00000000000000000000000199836299 is empty
00000000000000000000000165271430 is empty
00000000000000000000000199705319 is empty
00000000000000000000000199993854 is empty
00000000000000000000000199999931 is empty
00000000000000000000000142905429 is empty
00000000000000000000000199914185 is empty
00000000000000000000000199998651 is empty
00000000000000000000000199999981 is empty
00000000000000000000000200000000 is empty
00000000000000000000000199999563 is empty
00000000000000000000000199324463 is empty
00000000000000000000000186060481 is empty
00000000000000000000000199971763 is empty
00000000000000000000000193408673 is empty
00000000000000000000000199999852 is empty
00000000000000000000000199979085 is empty
00000000000000000000000194461499 is empty
00000000000000000000000199999786 is empty
00000000000000000000000199965427 is empty
00000000000000000000000199999655 is empty
00000000000000000000000199999942 is empty
00000000000000000000000176598514 is empty
00000000000000000000000188958830 is empty
00000000000000000000000194908345 is empty
00000000000000000000000159222715 is empty
00000000000000000000000142908655 is empty
00000000000000000000000197850343 is empty
00000000000000000000000199994779 is empty
00000000000000000000000159403247 is empty
00000000000000000000000199987126 is empty
00000000000000000000000199999978 is empty
00000000000000000000000200000000 is empty
00000000000000000000000199071751 is empty
00000000000000000000000199504476 is empty
00000000000000000000000195763695 is empty
00000000000000000000000199999921 is empty
00000000000000000000000200000000 is empty
00000000000000000000000199921929 is empty
00000000000000000000000199999588 is empty
00000000000000000000000199999994 is empty
00000000000000000000000199999999 is empty
00000000000000000000000199992515 is empty
00000000000000000000000199795627 is empty
00000000000000000000000199999312 is empty
00000000000000000000000199999202 is empty
00000000000000000000000199999442 is empty
00000000000000000000000199939536 is empty
00000000000000000000000199391091 is empty
00000000000000000000000199873632 is empty
00000000000000000000000199998689 is empty
00000000000000000000000199999997 is empty
00000000000000000000000199999996 is empty
00000000000000000000000199998225 is empty
00000000000000000000000200000000 is empty
00000000000000000000000199999890 is empty
00000000000000000000000193570015 is empty
00000000000000000000000199364743 is empty
00000000000000000000000199999963 is empty
00000000000000000000000199980391 is empty
00000000000000000000000200000000 is empty
00000000000000000000000199999864 is empty
00000000000000000000000199999994 is empty
00000000000000000000000199528375 is empty
00000000000000000000000199996187 is empty
00000000000000000000000199996089 is empty
00000000000000000000000199999897 is empty
00000000000000000000000110554998 is empty
00000000000000000000000199662598 is empty
00000000000000000000000199968552 is empty
00000000000000000000000199999698 is empty
00000000000000000000000199997954 is empty
00000000000000000000000154058519 is empty
00000000000000000000000199945136 is empty
00000000000000000000000199999986 is empty
00000000000000000000000199392623 is empty
00000000000000000000000199999725 is empty
00000000000000000000000175524954 is empty
00000000000000000000000199865087 is empty
00000000000000000000000200000000 is empty
00000000000000000000000199976634 is empty
00000000000000000000000199177991 is empty
00000000000000000000000199999988 is empty
00000000000000000000000199736037 is empty
00000000000000000000000199166110 is empty
00000000000000000000000199986196 is empty
00000000000000000000000198133678 is empty
00000000000000000000000199999993 is empty
00000000000000000000000199999713 is empty
00000000000000000000000193592598 is empty
00000000000000000000000199934527 is empty
00000000000000000000000199992728 is empty
00000000000000000000000199958028 is empty
00000000000000000000000199995011 is empty
00000000000000000000000199999994 is empty
00000000000000000000000199999960 is empty
00000000000000000000000199998545 is empty
00000000000000000000000199999987 is empty
00000000000000000000000200000000 is empty
00000000000000000000000199991223 is empty
00000000000000000000000199999999 is empty
00000000000000000000000198775513 is empty
00000000000000000000000199999970 is empty
00000000000000000000000199999955 is empty
00000000000000000000000199999073 is empty
00000000000000000000000199984042 is empty
00000000000000000000000199997311 is empty
00000000000000000000000199999978 is empty
00000000000000000000000199999971 is empty
00000000000000000000000199999999 is empty
00000000000000000000000199999902 is empty
00000000000000000000000199999316 is empty
00000000000000000000000199999999 is empty
00000000000000000000000199422304 is empty
00000000000000000000000199161621 is empty
00000000000000000000000199999700 is empty
00000000000000000000000199994514 is empty
00000000000000000000000179932310 is empty
00000000000000000000000199881573 is empty
00000000000000000000000199508086 is empty
00000000000000000000000199999956 is empty
00000000000000000000000199043761 is empty
00000000000000000000000199999894 is empty
00000000000000000000000199799599 is empty
00000000000000000000000199999222 is empty
00000000000000000000000196977292 is empty
00000000000000000000000191349678 is empty
00000000000000000000000199999935 is empty
00000000000000000000000199999724 is empty
00000000000000000000000199996582 is empty
00000000000000000000000197107171 is empty
00000000000000000000000199999458 is empty
00000000000000000000000194837823 is empty
00000000000000000000000199994103 is empty
00000000000000000000000199924356 is empty
00000000000000000000000199439721 is empty
00000000000000000000000191106342 is empty
00000000000000000000000200000000 is empty
00000000000000000000000199999977 is empty
00000000000000000000000199959261 is empty
00000000000000000000000197859862 is empty
00000000000000000000000199999987 is empty
00000000000000000000000200000000 is empty
00000000000000000000000199999880 is empty
00000000000000000000000199884194 is empty
00000000000000000000000200000000 is empty
00000000000000000000000199993622 is empty
00000000000000000000000199807393 is empty
00000000000000000000000199647556 is empty
00000000000000000000000199660651 is empty
00000000000000000000000200000000 is empty
00000000000000000000000199710465 is empty
00000000000000000000000199999971 is empty
00000000000000000000000181578569 is empty
00000000000000000000000199999165 is empty
00000000000000000000000199743291 is empty
00000000000000000000000199999913 is empty
00000000000000000000000199948937 is empty
00000000000000000000000199999999 is empty
00000000000000000000000199631448 is empty
00000000000000000000000199866270 is empty
00000000000000000000000199999886 is empty
00000000000000000000000199661208 is empty
00000000000000000000000192770627 is empty
00000000000000000000000199999996 is empty
00000000000000000000000199999249 is empty
00000000000000000000000199959684 is empty
00000000000000000000000170814896 is empty
00000000000000000000000199999982 is empty
00000000000000000000000199876003 is empty
00000000000000000000000199500167 is empty
00000000000000000000000199999976 is empty
00000000000000000000000199999831 is empty
00000000000000000000000199999999 is empty
00000000000000000000000199492298 is empty
00000000000000000000000130578187 is empty
00000000000000000000000199571270 is empty
00000000000000000000000186406698 is empty
00000000000000000000000199952642 is empty
00000000000000000000000198114883 is empty
00000000000000000000000199869246 is empty
00000000000000000000000117967843 is empty
00000000000000000000000199997974 is empty
00000000000000000000000191078775 is empty
00000000000000000000000199999844 is empty
00000000000000000000000199999081 is empty
00000000000000000000000199999199 is empty
00000000000000000000000199994289 is empty
00000000000000000000000199500116 is empty
00000000000000000000000199999265 is empty
00000000000000000000000199999963 is empty
00000000000000000000000152872361 is empty
00000000000000000000000198880804 is empty
00000000000000000000000199999996 is empty
00000000000000000000000199999928 is empty
00000000000000000000000185603276 is empty
00000000000000000000000197014864 is empty
00000000000000000000000175434516 is empty
00000000000000000000000200000000 is empty
00000000000000000000000199999113 is empty
00000000000000000000000192332836 is empty
00000000000000000000000178023692 is empty
00000000000000000000000174452491 is empty
00000000000000000000000199925416 is empty
00000000000000000000000198528845 is empty
00000000000000000000000195752626 is empty
00000000000000000000000133341151 is empty
00000000000000000000000199997984 is empty
00000000000000000000000197992193 is empty
00000000000000000000000199999894 is empty
00000000000000000000000199999860 is empty
00000000000000000000000199999954 is empty
00000000000000000000000174188543 is empty
00000000000000000000000199999914 is empty
00000000000000000000000199999634 is empty
00000000000000000000000198286415 is empty
00000000000000000000000200000000 is empty
00000000000000000000000199997925 is empty
00000000000000000000000199999992 is empty
00000000000000000000000199950877 is empty
00000000000000000000000186189265 is empty
00000000000000000000000199999337 is empty
00000000000000000000000199984794 is empty
00000000000000000000000199999806 is empty
00000000000000000000000199999997 is empty
00000000000000000000000165289610 is empty
00000000000000000000000199993638 is empty
00000000000000000000000199999991 is empty
00000000000000000000000199999995 is empty
00000000000000000000000197796032 is empty
00000000000000000000000199999960 is empty
00000000000000000000000199999937 is empty
00000000000000000000000199999600 is empty
00000000000000000000000190499315 is empty
00000000000000000000000199985535 is empty
00000000000000000000000199998951 is empty
00000000000000000000000200000000 is empty
00000000000000000000000199981886 is empty
00000000000000000000000199146147 is empty
00000000000000000000000199999698 is empty
00000000000000000000000199999889 is empty
00000000000000000000000156344816 is empty
00000000000000000000000199893689 is empty
00000000000000000000000200000000 is empty
00000000000000000000000161891107 is empty
00000000000000000000000199229796 is empty
00000000000000000000000200000000 is empty
00000000000000000000000199984959 is empty
00000000000000000000000199999987 is empty
00000000000000000000000197768015 is empty
00000000000000000000000199997987 is empty
00000000000000000000000199999846 is empty
00000000000000000000000200000000 is empty
00000000000000000000000186414672 is empty
00000000000000000000000199999898 is empty
00000000000000000000000199605115 is empty
00000000000000000000000199999422 is empty
00000000000000000000000199999166 is empty
00000000000000000000000199991788 is empty
00000000000000000000000199819610 is empty
00000000000000000000000199999880 is empty
00000000000000000000000199999999 is empty
00000000000000000000000199999413 is empty
00000000000000000000000199975613 is empty
00000000000000000000000199999996 is empty
00000000000000000000000199999990 is empty
00000000000000000000000191684119 is empty
00000000000000000000000199999380 is empty
00000000000000000000000199988521 is empty
00000000000000000000000183228176 is empty
00000000000000000000000192605431 is empty
00000000000000000000000190570742 is empty
00000000000000000000000199998413 is empty
00000000000000000000000139276783 is empty
00000000000000000000000199558257 is empty
00000000000000000000000199999937 is empty
00000000000000000000000199999857 is empty
00000000000000000000000199999913 is empty
00000000000000000000000199995786 is empty
00000000000000000000000185813915 is empty
00000000000000000000000199865308 is empty
00000000000000000000000197811112 is empty
00000000000000000000000199999937 is empty
00000000000000000000000176894496 is empty
00000000000000000000000199981825 is empty
00000000000000000000000199654682 is empty
00000000000000000000000199999945 is empty
00000000000000000000000199987811 is empty
00000000000000000000000199862707 is empty
00000000000000000000000199950063 is empty
00000000000000000000000199900091 is empty
00000000000000000000000199738033 is empty
00000000000000000000000199999978 is empty
00000000000000000000000199865696 is empty
00000000000000000000000193342905 is empty
00000000000000000000000198731634 is empty
00000000000000000000000194414494 is empty
00000000000000000000000200000000 is empty
00000000000000000000000200000000 is empty
00000000000000000000000164388657 is empty
00000000000000000000000199999992 is empty
00000000000000000000000199999887 is empty
00000000000000000000000199999959 is empty
00000000000000000000000199999968 is empty
00000000000000000000000110044848 is empty
00000000000000000000000199991478 is empty
00000000000000000000000199999993 is empty
00000000000000000000000199999997 is empty
00000000000000000000000199999999 is empty
00000000000000000000000199990916 is empty
00000000000000000000000199849549 is empty
00000000000000000000000199999999 is empty
00000000000000000000000199999862 is empty
00000000000000000000000199999995 is empty
00000000000000000000000199999997 is empty
00000000000000000000000199585374 is empty
00000000000000000000000199999926 is empty
00000000000000000000000176120448 is empty
00000000000000000000000199998619 is empty
00000000000000000000000134569714 is empty
00000000000000000000000199999959 is empty
00000000000000000000000199999977 is empty
00000000000000000000000199999776 is empty
00000000000000000000000199999993 is empty
00000000000000000000000199999912 is empty
00000000000000000000000199985725 is empty
00000000000000000000000161659783 is empty
00000000000000000000000200000000 is empty
00000000000000000000000200000000 is empty
00000000000000000000000199999989 is empty
00000000000000000000000199998839 is empty
00000000000000000000000199910690 is empty
00000000000000000000000199999997 is empty
00000000000000000000000199999681 is empty
00000000000000000000000199967835 is empty
00000000000000000000000199902151 is empty
00000000000000000000000199980306 is empty
00000000000000000000000199958902 is empty
00000000000000000000000199999987 is empty
00000000000000000000000199997249 is empty
00000000000000000000000199975005 is empty
00000000000000000000000199995562 is empty
00000000000000000000000190371757 is empty
00000000000000000000000199996046 is empty
00000000000000000000000169679792 is empty
00000000000000000000000199683928 is empty
00000000000000000000000194050182 is empty
00000000000000000000000182381069 is empty
00000000000000000000000197119133 is empty
00000000000000000000000161868355 is empty
00000000000000000000000199995711 is empty
00000000000000000000000199999488 is empty
00000000000000000000000182734163 is empty
00000000000000000000000199999172 is empty
00000000000000000000000199999996 is empty
00000000000000000000000198244293 is empty
00000000000000000000000176393303 is empty
00000000000000000000000199996154 is empty
00000000000000000000000199822519 is empty
00000000000000000000000199376616 is empty
00000000000000000000000186039263 is empty
00000000000000000000000199999958 is empty
00000000000000000000000199984499 is empty
00000000000000000000000199999985 is empty
00000000000000000000000199998473 is empty
00000000000000000000000199997564 is empty
00000000000000000000000192722086 is empty
00000000000000000000000190341275 is empty
00000000000000000000000199936027 is empty
00000000000000000000000199986688 is empty
00000000000000000000000199998684 is empty
00000000000000000000000199998520 is empty
00000000000000000000000199999637 is empty
00000000000000000000000199999990 is empty
00000000000000000000000199595047 is empty
00000000000000000000000199999906 is empty
00000000000000000000000177205525 is empty
00000000000000000000000199999866 is empty
00000000000000000000000165702654 is empty
00000000000000000000000199966261 is empty
00000000000000000000000199995316 is empty
00000000000000000000000196396814 is empty
00000000000000000000000196619655 is empty
00000000000000000000000198464037 is empty
00000000000000000000000138541082 is empty
00000000000000000000000199999101 is empty
00000000000000000000000199999982 is empty
00000000000000000000000199995705 is empty
00000000000000000000000139415275 is empty
00000000000000000000000184583230 is empty
00000000000000000000000199922863 is empty
00000000000000000000000199998036 is empty
00000000000000000000000199999780 is empty
00000000000000000000000199999997 is empty
00000000000000000000000199992805 is empty
00000000000000000000000199801029 is empty
00000000000000000000000199997895 is empty
00000000000000000000000199999971 is empty
00000000000000000000000191073006 is empty
00000000000000000000000199999787 is empty
00000000000000000000000199924794 is empty
00000000000000000000000198193154 is empty
00000000000000000000000199963302 is empty
00000000000000000000000199999995 is empty
00000000000000000000000199925511 is empty
00000000000000000000000199999987 is empty
00000000000000000000000198525731 is empty
00000000000000000000000199984666 is empty
00000000000000000000000199999984 is empty
00000000000000000000000169562702 is empty
00000000000000000000000198976026 is empty
00000000000000000000000199999353 is empty
00000000000000000000000199999992 is empty
00000000000000000000000199939270 is empty
00000000000000000000000188642366 is empty
00000000000000000000000199999723 is empty
00000000000000000000000199945536 is empty
00000000000000000000000182968696 is empty
00000000000000000000000190751235 is empty
00000000000000000000000199999650 is empty
00000000000000000000000199933893 is empty
00000000000000000000000200000000 is empty
00000000000000000000000199999950 is empty
00000000000000000000000199485058 is empty
00000000000000000000000199999934 is empty
00000000000000000000000199999880 is empty
00000000000000000000000199997615 is empty
00000000000000000000000199970813 is empty
00000000000000000000000169220265 is empty
00000000000000000000000198843121 is empty
00000000000000000000000159231447 is empty
00000000000000000000000198001292 is empty
00000000000000000000000199919850 is empty
00000000000000000000000185844584 is empty
00000000000000000000000199977258 is empty
00000000000000000000000199999997 is empty
00000000000000000000000199993753 is empty
00000000000000000000000199999991 is empty
00000000000000000000000124906046 is empty
00000000000000000000000199999520 is empty
00000000000000000000000199999967 is empty
00000000000000000000000199786888 is empty
00000000000000000000000199998188 is empty
00000000000000000000000194364975 is empty
00000000000000000000000199999995 is empty
00000000000000000000000199651094 is empty
00000000000000000000000199999990 is empty
00000000000000000000000186419000 is empty
00000000000000000000000198541243 is empty
00000000000000000000000199999961 is empty
00000000000000000000000199956429 is empty
00000000000000000000000149075195 is empty
00000000000000000000000199992336 is empty
00000000000000000000000199863278 is empty
00000000000000000000000175429306 is empty
00000000000000000000000199978335 is empty
00000000000000000000000199996734 is empty
00000000000000000000000199575576 is empty
00000000000000000000000197791613 is empty
00000000000000000000000200000000 is empty
00000000000000000000000199983248 is empty
00000000000000000000000199987281 is empty
00000000000000000000000199998735 is empty
00000000000000000000000192260848 is empty
00000000000000000000000199999992 is empty
00000000000000000000000199409777 is empty
00000000000000000000000199997849 is empty
00000000000000000000000199999955 is empty
00000000000000000000000190454336 is empty
00000000000000000000000196354789 is empty
00000000000000000000000199999872 is empty
00000000000000000000000200000000 is empty
00000000000000000000000199965520 is empty
00000000000000000000000199999010 is empty
00000000000000000000000199992684 is empty
00000000000000000000000199997706 is empty
00000000000000000000000184917279 is empty
00000000000000000000000198220540 is empty
00000000000000000000000199998685 is empty
00000000000000000000000199999997 is empty
00000000000000000000000199999230 is empty
00000000000000000000000199999237 is empty
00000000000000000000000199632803 is empty
00000000000000000000000196298227 is empty
00000000000000000000000200000000 is empty
00000000000000000000000199997914 is empty
00000000000000000000000199969300 is empty
00000000000000000000000196928078 is empty
00000000000000000000000199999999 is empty
00000000000000000000000199993238 is empty
00000000000000000000000199994192 is empty
00000000000000000000000199999387 is empty
00000000000000000000000199999963 is empty
00000000000000000000000199999041 is empty
00000000000000000000000199806530 is empty
00000000000000000000000199989280 is empty
00000000000000000000000191775499 is empty
00000000000000000000000198919306 is empty
00000000000000000000000191445719 is empty
00000000000000000000000199999549 is empty
00000000000000000000000199926416 is empty
00000000000000000000000199201642 is empty
00000000000000000000000200000000 is empty
00000000000000000000000199999245 is empty
00000000000000000000000199611811 is empty
00000000000000000000000136926970 is empty
00000000000000000000000199993230 is empty
00000000000000000000000199999864 is empty
00000000000000000000000196181156 is empty
00000000000000000000000199999964 is empty
00000000000000000000000196883451 is empty
00000000000000000000000199922533 is empty
00000000000000000000000199999996 is empty
00000000000000000000000199999915 is empty
00000000000000000000000199825828 is empty
00000000000000000000000198123609 is empty
00000000000000000000000168426011 is empty
00000000000000000000000199999705 is empty
00000000000000000000000199999296 is empty
00000000000000000000000199482060 is empty
00000000000000000000000199998402 is empty
00000000000000000000000199986761 is empty
00000000000000000000000199999960 is empty
00000000000000000000000199994592 is empty
00000000000000000000000199992186 is empty
00000000000000000000000199999992 is empty
00000000000000000000000199999975 is empty
00000000000000000000000199999927 is empty
00000000000000000000000200000000 is empty
00000000000000000000000199998428 is empty
00000000000000000000000199999957 is empty
00000000000000000000000199970496 is empty
00000000000000000000000199999409 is empty
00000000000000000000000199882393 is empty
00000000000000000000000121576530 is empty
00000000000000000000000199999429 is empty
00000000000000000000000199999953 is empty
00000000000000000000000199999888 is empty
00000000000000000000000199997940 is empty
00000000000000000000000199999960 is empty
00000000000000000000000189754185 is empty
00000000000000000000000199987069 is empty
00000000000000000000000127075199 is empty
00000000000000000000000199999395 is empty
00000000000000000000000199965887 is empty
00000000000000000000000110623431 is empty
00000000000000000000000199925421 is empty
00000000000000000000000199992000 is empty
00000000000000000000000199942747 is empty
00000000000000000000000199998642 is empty
00000000000000000000000199999645 is empty
00000000000000000000000199898257 is empty
00000000000000000000000199994971 is empty
00000000000000000000000199999554 is empty
00000000000000000000000199999997 is empty
00000000000000000000000199999999 is empty
00000000000000000000000199994639 is empty
00000000000000000000000199999840 is empty
00000000000000000000000199999997 is empty
00000000000000000000000199999773 is empty
00000000000000000000000199855405 is empty
00000000000000000000000199999992 is empty
00000000000000000000000199999758 is empty
00000000000000000000000199964368 is empty
00000000000000000000000199998058 is empty
00000000000000000000000199982677 is empty
00000000000000000000000198360266 is empty
00000000000000000000000199536243 is empty
00000000000000000000000199435665 is empty
00000000000000000000000176858666 is empty
00000000000000000000000199238681 is empty
00000000000000000000000199999329 is empty
00000000000000000000000199985976 is empty
00000000000000000000000199945001 is empty
00000000000000000000000199353040 is empty
00000000000000000000000199999830 is empty
00000000000000000000000199838015 is empty
00000000000000000000000199683952 is empty
00000000000000000000000197832463 is empty
00000000000000000000000200000000 is empty
00000000000000000000000199999894 is empty
00000000000000000000000199999986 is empty
00000000000000000000000199777973 is empty
00000000000000000000000145753278 is empty
00000000000000000000000199998944 is empty
00000000000000000000000198666725 is empty
00000000000000000000000199999767 is empty
00000000000000000000000192326962 is empty
00000000000000000000000199895149 is empty
00000000000000000000000165523912 is empty
00000000000000000000000199624808 is empty
00000000000000000000000199999996 is empty
00000000000000000000000179139852 is empty
00000000000000000000000199999985 is empty
00000000000000000000000199999997 is empty
00000000000000000000000200000000 is empty
00000000000000000000000187979043 is empty
00000000000000000000000199996546 is empty
00000000000000000000000196851008 is empty
00000000000000000000000199999945 is empty
00000000000000000000000149067166 is empty
00000000000000000000000190033640 is empty
00000000000000000000000199996877 is empty
00000000000000000000000188883474 is empty
00000000000000000000000199991589 is empty
00000000000000000000000199999869 is empty
00000000000000000000000197096568 is empty
00000000000000000000000199999861 is empty
00000000000000000000000199999999 is empty
00000000000000000000000199461624 is empty
00000000000000000000000199998593 is empty
00000000000000000000000199999999 is empty
00000000000000000000000156464315 is empty
00000000000000000000000199360666 is empty
00000000000000000000000199999906 is empty
00000000000000000000000199993575 is empty
00000000000000000000000131831430 is empty
00000000000000000000000199997474 is empty
00000000000000000000000199994875 is empty
00000000000000000000000199999879 is empty
00000000000000000000000199999996 is empty
00000000000000000000000168666228 is empty
00000000000000000000000199753477 is empty
00000000000000000000000199988026 is empty
00000000000000000000000199999997 is empty
00000000000000000000000199891538 is empty
00000000000000000000000173147292 is empty
00000000000000000000000158107575 is empty
00000000000000000000000199998493 is empty
00000000000000000000000176992548 is empty
00000000000000000000000200000000 is empty
00000000000000000000000197472973 is empty
00000000000000000000000199991173 is empty
00000000000000000000000199999892 is empty
00000000000000000000000199999999 is empty
00000000000000000000000163812986 is empty
00000000000000000000000199993088 is empty
00000000000000000000000199999103 is empty
00000000000000000000000199018007 is empty
00000000000000000000000199999799 is empty
00000000000000000000000199997949 is empty
00000000000000000000000199999876 is empty
00000000000000000000000199976167 is empty
00000000000000000000000199999808 is empty
00000000000000000000000199998865 is empty
00000000000000000000000199999879 is empty
00000000000000000000000186653865 is empty
00000000000000000000000199999908 is empty
00000000000000000000000199962343 is empty
00000000000000000000000199999928 is empty
00000000000000000000000148610831 is empty
00000000000000000000000192617266 is empty
00000000000000000000000199999996 is empty
00000000000000000000000199999987 is empty
00000000000000000000000199987537 is empty
00000000000000000000000169428905 is empty
00000000000000000000000199999996 is empty
00000000000000000000000199999999 is empty
00000000000000000000000199999990 is empty
00000000000000000000000199999984 is empty
00000000000000000000000197717284 is empty
00000000000000000000000199999986 is empty
00000000000000000000000199999880 is empty
00000000000000000000000199839242 is empty
00000000000000000000000196631562 is empty
00000000000000000000000195147706 is empty
00000000000000000000000199999996 is empty
00000000000000000000000199999808 is empty
00000000000000000000000199999993 is empty
00000000000000000000000199893022 is empty
00000000000000000000000200000000 is empty
00000000000000000000000199999581 is empty
00000000000000000000000192265430 is empty
00000000000000000000000141640921 is empty
00000000000000000000000199994611 is empty
00000000000000000000000199999986 is empty
00000000000000000000000199999919 is empty
00000000000000000000000199877483 is empty
00000000000000000000000200000000 is empty
00000000000000000000000199965551 is empty
00000000000000000000000199999553 is empty
00000000000000000000000199531574 is empty
00000000000000000000000199626080 is empty
00000000000000000000000199903753 is empty
00000000000000000000000199991529 is empty
00000000000000000000000198373886 is empty
00000000000000000000000141348152 is empty
00000000000000000000000158435597 is empty
00000000000000000000000192296202 is empty
00000000000000000000000199949604 is empty
00000000000000000000000200000000 is empty
00000000000000000000000199985053 is empty
00000000000000000000000196367382 is empty
00000000000000000000000199977901 is empty
00000000000000000000000166097049 is empty
00000000000000000000000199995898 is empty
00000000000000000000000199997821 is empty
00000000000000000000000199967414 is empty
00000000000000000000000200000000 is empty
00000000000000000000000199998849 is empty
00000000000000000000000197542597 is empty
00000000000000000000000199733708 is empty
00000000000000000000000199999827 is empty
00000000000000000000000199219048 is empty
00000000000000000000000199999806 is empty
00000000000000000000000199486314 is empty
00000000000000000000000199996736 is empty
00000000000000000000000199999999 is empty
00000000000000000000000186230261 is empty
00000000000000000000000199999988 is empty
00000000000000000000000199999742 is empty
00000000000000000000000199999836 is empty
00000000000000000000000199999820 is empty
00000000000000000000000199999914 is empty
00000000000000000000000168148447 is empty
00000000000000000000000199999917 is empty
00000000000000000000000199999868 is empty
00000000000000000000000181337749 is empty
00000000000000000000000195076259 is empty
00000000000000000000000189034123 is empty
00000000000000000000000199999952 is empty
00000000000000000000000154059596 is empty
00000000000000000000000199986574 is empty
00000000000000000000000199999985 is empty
00000000000000000000000199734250 is empty
00000000000000000000000192975026 is empty
00000000000000000000000199999987 is empty
00000000000000000000000193630556 is empty
00000000000000000000000199999991 is empty
00000000000000000000000199986335 is empty
00000000000000000000000199935447 is empty
00000000000000000000000199984657 is empty
00000000000000000000000199896384 is empty
00000000000000000000000199999803 is empty
00000000000000000000000199988123 is empty
00000000000000000000000172278421 is empty
00000000000000000000000200000000 is empty
00000000000000000000000193936893 is empty
00000000000000000000000199999942 is empty
00000000000000000000000199871855 is empty
00000000000000000000000199994309 is empty
00000000000000000000000199989273 is empty
00000000000000000000000199905928 is empty
00000000000000000000000199404355 is empty
00000000000000000000000199995939 is empty
00000000000000000000000196588885 is empty
00000000000000000000000199998271 is empty
00000000000000000000000199997491 is empty
00000000000000000000000199990459 is empty
00000000000000000000000199999827 is empty
00000000000000000000000199991779 is empty
00000000000000000000000199998147 is empty
00000000000000000000000199995360 is empty
00000000000000000000000199099841 is empty
00000000000000000000000197458602 is empty
00000000000000000000000199999989 is empty
00000000000000000000000197080282 is empty
00000000000000000000000199999991 is empty
00000000000000000000000131992851 is empty
00000000000000000000000179257018 is empty
00000000000000000000000199869958 is empty
00000000000000000000000199999999 is empty
00000000000000000000000199999616 is empty
00000000000000000000000200000000 is empty
00000000000000000000000199593756 is empty
00000000000000000000000199993347 is empty
00000000000000000000000199999867 is empty
00000000000000000000000199993872 is empty
00000000000000000000000192336937 is empty
00000000000000000000000199999993 is empty
00000000000000000000000196773646 is empty
00000000000000000000000199839228 is empty
00000000000000000000000199994886 is empty
00000000000000000000000197364436 is empty
00000000000000000000000199999986 is empty
00000000000000000000000165949524 is empty
00000000000000000000000199996777 is empty
00000000000000000000000198121244 is empty
00000000000000000000000199909546 is empty
00000000000000000000000199943065 is empty
00000000000000000000000200000000 is empty
00000000000000000000000199999341 is empty
00000000000000000000000196332926 is empty
00000000000000000000000199187716 is empty
00000000000000000000000199975086 is empty
00000000000000000000000200000000 is empty
00000000000000000000000199999997 is empty
00000000000000000000000199998819 is empty
00000000000000000000000180290908 is empty
00000000000000000000000199373955 is empty
00000000000000000000000199981862 is empty
00000000000000000000000199999999 is empty
00000000000000000000000199999999 is empty
00000000000000000000000199999859 is empty
00000000000000000000000199654392 is empty
00000000000000000000000197422247 is empty
00000000000000000000000199999971 is empty
00000000000000000000000185999318 is empty
00000000000000000000000199999999 is empty
00000000000000000000000199945194 is empty
00000000000000000000000199999969 is empty
00000000000000000000000199999385 is empty
00000000000000000000000199999997 is empty
00000000000000000000000199784711 is empty
00000000000000000000000199984658 is empty
00000000000000000000000197218572 is empty
00000000000000000000000199996386 is empty
00000000000000000000000199873077 is empty
00000000000000000000000199999995 is empty
00000000000000000000000199558184 is empty
00000000000000000000000199958859 is empty
00000000000000000000000199997474 is empty
00000000000000000000000199994133 is empty
00000000000000000000000108516351 is empty
00000000000000000000000199999948 is empty
00000000000000000000000199953466 is empty
00000000000000000000000200000000 is empty
00000000000000000000000199989046 is empty
00000000000000000000000199999982 is empty
00000000000000000000000200000000 is empty
00000000000000000000000199999993 is empty
00000000000000000000000199868040 is empty
00000000000000000000000199999925 is empty
00000000000000000000000199970404 is empty
00000000000000000000000174537847 is empty
00000000000000000000000199026715 is empty
00000000000000000000000199178161 is empty
00000000000000000000000199999484 is empty
00000000000000000000000199913241 is empty
00000000000000000000000199982126 is empty
00000000000000000000000184409058 is empty
00000000000000000000000199892081 is empty
00000000000000000000000199985729 is empty
00000000000000000000000199969986 is empty
00000000000000000000000199999647 is empty
00000000000000000000000199999996 is empty
00000000000000000000000191024710 is empty
00000000000000000000000200000000 is empty
00000000000000000000000199991949 is empty
00000000000000000000000195655841 is empty
00000000000000000000000199998446 is empty
00000000000000000000000199999999 is empty
00000000000000000000000111076726 is empty
00000000000000000000000199999873 is empty
00000000000000000000000199999999 is empty
00000000000000000000000199997830 is empty
00000000000000000000000199074217 is empty
00000000000000000000000192642437 is empty
00000000000000000000000200000000 is empty
00000000000000000000000193780922 is empty
00000000000000000000000175658439 is empty
00000000000000000000000199999958 is empty
00000000000000000000000181398947 is empty
00000000000000000000000199999953 is empty
00000000000000000000000198709963 is empty
00000000000000000000000107865455 is empty
00000000000000000000000199999904 is empty
00000000000000000000000187937520 is empty
00000000000000000000000198914448 is empty
00000000000000000000000200000000 is empty
00000000000000000000000199999379 is empty
00000000000000000000000199999948 is empty
00000000000000000000000199912156 is empty
00000000000000000000000199884945 is empty
00000000000000000000000199986370 is empty
00000000000000000000000157861979 is empty
00000000000000000000000199999175 is empty
00000000000000000000000197354739 is empty
00000000000000000000000196514507 is empty
00000000000000000000000199972567 is empty
00000000000000000000000199999989 is empty
00000000000000000000000199980668 is empty
00000000000000000000000199999978 is empty
00000000000000000000000197117716 is empty
00000000000000000000000199794698 is empty
00000000000000000000000200000000 is empty
00000000000000000000000199999999 is empty
00000000000000000000000199993513 is empty
00000000000000000000000190331592 is empty
00000000000000000000000199999995 is empty
00000000000000000000000199998990 is empty
00000000000000000000000199998729 is empty
00000000000000000000000199999956 is empty
00000000000000000000000199999999 is empty
00000000000000000000000194572909 is empty
00000000000000000000000199999988 is empty
00000000000000000000000199841012 is empty
00000000000000000000000199999988 is empty
00000000000000000000000199999997 is empty
00000000000000000000000199999944 is empty
00000000000000000000000199990683 is empty
00000000000000000000000199989938 is empty
00000000000000000000000194014592 is empty
00000000000000000000000199950744 is empty
00000000000000000000000200000000 is empty
00000000000000000000000199997087 is empty
00000000000000000000000193585935 is empty
00000000000000000000000199999584 is empty
00000000000000000000000199992973 is empty
00000000000000000000000199969101 is empty
00000000000000000000000199999978 is empty
00000000000000000000000191777611 is empty
00000000000000000000000191296898 is empty
00000000000000000000000199998442 is empty
00000000000000000000000199984650 is empty
00000000000000000000000199999710 is empty
00000000000000000000000176880085 is empty
00000000000000000000000199999995 is empty
00000000000000000000000199192736 is empty
00000000000000000000000122801626 is empty
00000000000000000000000199999914 is empty
00000000000000000000000199999812 is empty
00000000000000000000000192752119 is empty
00000000000000000000000199999655 is empty
00000000000000000000000199999894 is empty
00000000000000000000000199999992 is empty
00000000000000000000000199999965 is empty
00000000000000000000000198718298 is empty
00000000000000000000000165704227 is empty
00000000000000000000000199959110 is empty
00000000000000000000000198212976 is empty
00000000000000000000000159266497 is empty
00000000000000000000000199986132 is empty
00000000000000000000000199999882 is empty
00000000000000000000000200000000 is empty
00000000000000000000000199999513 is empty
00000000000000000000000199999955 is empty
00000000000000000000000199999930 is empty
00000000000000000000000199999970 is empty
00000000000000000000000199999901 is empty
00000000000000000000000175188924 is empty
00000000000000000000000199999842 is empty
00000000000000000000000199978687 is empty
00000000000000000000000199999644 is empty
00000000000000000000000199999979 is empty
00000000000000000000000199889087 is empty
00000000000000000000000199357256 is empty
00000000000000000000000175740788 is empty
00000000000000000000000199967353 is empty
00000000000000000000000199481984 is empty
00000000000000000000000200000000 is empty
00000000000000000000000199943773 is empty
00000000000000000000000195577284 is empty
00000000000000000000000181393373 is empty
00000000000000000000000199999798 is empty
00000000000000000000000199999829 is empty
00000000000000000000000200000000 is empty
00000000000000000000000199989990 is empty
00000000000000000000000199999093 is empty
00000000000000000000000107977298 is empty
00000000000000000000000199996020 is empty
00000000000000000000000115423045 is empty
00000000000000000000000198355698 is empty
00000000000000000000000199996708 is empty
00000000000000000000000199756985 is empty
00000000000000000000000199999996 is empty
00000000000000000000000199999825 is empty
00000000000000000000000199999901 is empty
00000000000000000000000199996265 is empty
00000000000000000000000161275715 is empty
00000000000000000000000199999950 is empty
00000000000000000000000199999983 is empty
00000000000000000000000199998108 is empty
00000000000000000000000196206491 is empty
00000000000000000000000199765619 is empty
00000000000000000000000199966578 is empty
00000000000000000000000199985707 is empty
00000000000000000000000194812980 is empty
00000000000000000000000199999994 is empty
00000000000000000000000199999993 is empty
00000000000000000000000199997900 is empty
00000000000000000000000192883647 is empty
00000000000000000000000199999999 is empty
00000000000000000000000173777146 is empty
00000000000000000000000197485314 is empty
00000000000000000000000199999960 is empty
00000000000000000000000199991018 is empty
00000000000000000000000199990580 is empty
00000000000000000000000199999986 is empty
00000000000000000000000199999977 is empty
00000000000000000000000128423829 is empty
00000000000000000000000185431543 is empty
00000000000000000000000199998585 is empty
00000000000000000000000199999999 is empty
00000000000000000000000199999794 is empty
00000000000000000000000199999959 is empty
00000000000000000000000199916438 is empty
00000000000000000000000199999662 is empty
00000000000000000000000199999931 is empty
00000000000000000000000199999923 is empty
00000000000000000000000199979129 is empty
00000000000000000000000199999963 is empty
00000000000000000000000199996527 is empty
00000000000000000000000199994087 is empty
00000000000000000000000199999997 is empty
00000000000000000000000111403981 is empty
00000000000000000000000199945065 is empty
00000000000000000000000200000000 is empty
00000000000000000000000198857435 is empty
00000000000000000000000199604275 is empty
00000000000000000000000199934857 is empty
00000000000000000000000197589433 is empty
00000000000000000000000200000000 is empty
00000000000000000000000199997047 is empty
00000000000000000000000199999969 is empty
00000000000000000000000199999855 is empty
00000000000000000000000200000000 is empty
00000000000000000000000199996971 is empty
00000000000000000000000199998976 is empty
00000000000000000000000199998221 is empty
00000000000000000000000199616686 is empty
00000000000000000000000199980355 is empty
00000000000000000000000163292584 is empty
00000000000000000000000199524789 is empty
00000000000000000000000199999997 is empty
00000000000000000000000199999993 is empty
00000000000000000000000199920325 is empty
00000000000000000000000199999900 is empty
00000000000000000000000108166300 is empty
00000000000000000000000199879981 is empty
00000000000000000000000183271409 is empty
00000000000000000000000199992129 is empty
00000000000000000000000199999933 is empty
00000000000000000000000199989746 is empty
00000000000000000000000199999999 is empty
00000000000000000000000199999996 is empty
00000000000000000000000199930196 is empty
00000000000000000000000199999961 is empty
00000000000000000000000120553657 is empty
00000000000000000000000199518949 is empty
00000000000000000000000199988082 is empty
00000000000000000000000199998533 is empty
00000000000000000000000199999946 is empty
00000000000000000000000198107725 is empty
00000000000000000000000117633254 is empty
00000000000000000000000199995489 is empty
00000000000000000000000199996023 is empty
00000000000000000000000198522138 is empty
00000000000000000000000200000000 is empty
00000000000000000000000199999993 is empty
00000000000000000000000199999758 is empty
00000000000000000000000199588003 is empty
00000000000000000000000199999957 is empty
00000000000000000000000199999976 is empty
00000000000000000000000196008631 is empty
00000000000000000000000172659793 is empty
00000000000000000000000199999969 is empty
00000000000000000000000200000000 is empty
00000000000000000000000199990289 is empty
00000000000000000000000200000000 is empty
00000000000000000000000122178055 is empty
00000000000000000000000199999999 is empty
00000000000000000000000199973270 is empty
00000000000000000000000199988881 is empty
00000000000000000000000199968963 is empty
00000000000000000000000199994386 is empty
00000000000000000000000176569875 is empty
00000000000000000000000199999488 is empty
00000000000000000000000198857677 is empty
00000000000000000000000134736054 is empty
00000000000000000000000199998508 is empty
00000000000000000000000199553568 is empty
00000000000000000000000196585514 is empty
00000000000000000000000197826108 is empty
00000000000000000000000199999996 is empty
00000000000000000000000195643804 is empty
00000000000000000000000199998948 is empty
00000000000000000000000199868020 is empty
00000000000000000000000199998797 is empty
00000000000000000000000199999592 is empty
00000000000000000000000199794085 is empty
00000000000000000000000200000000 is empty
00000000000000000000000199999809 is empty
00000000000000000000000199999287 is empty
00000000000000000000000199999999 is empty
00000000000000000000000193563760 is empty
00000000000000000000000199999453 is empty
00000000000000000000000199995404 is empty
00000000000000000000000197363562 is empty
00000000000000000000000199796341 is empty
00000000000000000000000198726780 is empty
00000000000000000000000199999347 is empty
00000000000000000000000188120379 is empty
00000000000000000000000199999853 is empty
00000000000000000000000199996022 is empty
00000000000000000000000200000000 is empty
00000000000000000000000196036445 is empty
00000000000000000000000199049119 is empty
00000000000000000000000200000000 is empty
00000000000000000000000199999997 is empty
00000000000000000000000199658184 is empty
00000000000000000000000199999863 is empty
00000000000000000000000199999911 is empty
00000000000000000000000199924754 is empty
00000000000000000000000199999948 is empty
00000000000000000000000200000000 is empty
00000000000000000000000199999980 is empty
00000000000000000000000199999996 is empty
00000000000000000000000199999872 is empty
00000000000000000000000199999997 is empty
00000000000000000000000199987939 is empty
00000000000000000000000199997795 is empty
00000000000000000000000199992852 is empty
00000000000000000000000185520959 is empty
00000000000000000000000199831769 is empty
00000000000000000000000196824115 is empty
00000000000000000000000199464991 is empty
00000000000000000000000200000000 is empty
00000000000000000000000199979817 is empty
00000000000000000000000198561127 is empty
00000000000000000000000199999995 is empty
00000000000000000000000199999997 is empty
00000000000000000000000196426102 is empty
00000000000000000000000198431646 is empty
00000000000000000000000199999999 is empty
00000000000000000000000199998346 is empty
00000000000000000000000199999995 is empty
00000000000000000000000199593062 is empty
00000000000000000000000197832229 is empty
00000000000000000000000199999995 is empty
00000000000000000000000194737451 is empty
00000000000000000000000199998850 is empty
00000000000000000000000199999999 is empty
00000000000000000000000199999979 is empty
00000000000000000000000199999983 is empty
00000000000000000000000199999999 is empty
00000000000000000000000199999995 is empty
00000000000000000000000199999819 is empty
00000000000000000000000199985881 is empty
00000000000000000000000116234870 is empty
00000000000000000000000199988131 is empty
00000000000000000000000199999794 is empty
00000000000000000000000199999999 is empty
00000000000000000000000199946027 is empty
00000000000000000000000199996114 is empty
00000000000000000000000199999945 is empty
00000000000000000000000199999043 is empty
00000000000000000000000199999996 is empty
00000000000000000000000199999999 is empty
00000000000000000000000199999539 is empty
00000000000000000000000199999977 is empty
00000000000000000000000198671637 is empty
00000000000000000000000199914055 is empty
00000000000000000000000199999996 is empty
00000000000000000000000199972834 is empty
00000000000000000000000199731647 is empty
00000000000000000000000199999871 is empty
00000000000000000000000199999999 is empty
00000000000000000000000199994161 is empty
00000000000000000000000199999968 is empty
00000000000000000000000199999942 is empty
00000000000000000000000199506270 is empty
00000000000000000000000199999471 is empty
00000000000000000000000119142394 is empty
00000000000000000000000199999219 is empty
00000000000000000000000199999946 is empty
00000000000000000000000199496807 is empty
00000000000000000000000151970952 is empty
00000000000000000000000199997155 is empty
00000000000000000000000199865089 is empty
00000000000000000000000199999996 is empty
00000000000000000000000199999995 is empty
00000000000000000000000199999551 is empty
00000000000000000000000198703696 is empty
00000000000000000000000199999952 is empty
00000000000000000000000199999997 is empty
00000000000000000000000161828897 is empty
00000000000000000000000197941726 is empty
00000000000000000000000199703068 is empty
00000000000000000000000199999999 is empty
00000000000000000000000199964516 is empty
00000000000000000000000199999942 is empty
00000000000000000000000199999868 is empty
00000000000000000000000199999993 is empty
00000000000000000000000199978869 is empty
00000000000000000000000196949405 is empty
00000000000000000000000200000000 is empty
00000000000000000000000199965287 is empty
00000000000000000000000199999999 is empty
00000000000000000000000198805666 is empty
00000000000000000000000199999938 is empty
00000000000000000000000199999990 is empty
00000000000000000000000199980994 is empty
00000000000000000000000193396679 is empty
00000000000000000000000199998256 is empty
00000000000000000000000199998566 is empty
00000000000000000000000199999862 is empty
00000000000000000000000199999995 is empty
00000000000000000000000199997338 is empty
00000000000000000000000192233222 is empty
00000000000000000000000199996623 is empty
00000000000000000000000199946360 is empty
00000000000000000000000199996994 is empty
00000000000000000000000199994711 is empty
00000000000000000000000199998536 is empty
00000000000000000000000199095160 is empty
00000000000000000000000199973482 is empty
00000000000000000000000199999933 is empty
00000000000000000000000199983653 is empty
00000000000000000000000197524213 is empty
00000000000000000000000199848098 is empty
00000000000000000000000199499068 is empty
00000000000000000000000199999978 is empty
00000000000000000000000197369372 is empty
00000000000000000000000139986200 is empty
00000000000000000000000199995457 is empty
00000000000000000000000199998561 is empty
00000000000000000000000199938201 is empty
00000000000000000000000199999923 is empty
00000000000000000000000199729909 is empty
00000000000000000000000199887867 is empty
00000000000000000000000199997480 is empty
00000000000000000000000116067535 is empty
00000000000000000000000193340663 is empty
00000000000000000000000199997959 is empty
00000000000000000000000198974660 is empty
00000000000000000000000199999378 is empty
00000000000000000000000196251007 is empty
00000000000000000000000156377364 is empty
00000000000000000000000199971242 is empty
00000000000000000000000199997879 is empty
00000000000000000000000199999999 is empty
00000000000000000000000198937509 is empty
00000000000000000000000199999842 is empty
00000000000000000000000183937348 is empty
00000000000000000000000199784358 is empty
00000000000000000000000191834690 is empty
00000000000000000000000199101432 is empty
00000000000000000000000199999997 is empty
00000000000000000000000200000000 is empty
00000000000000000000000199990143 is empty
00000000000000000000000183251075 is empty
00000000000000000000000183845031 is empty
00000000000000000000000199451947 is empty
00000000000000000000000199999851 is empty
00000000000000000000000139431157 is empty
00000000000000000000000199999999 is empty
00000000000000000000000199965182 is empty
00000000000000000000000199998956 is empty
00000000000000000000000199914928 is empty
00000000000000000000000196433855 is empty
00000000000000000000000199992808 is empty
00000000000000000000000198283199 is empty
00000000000000000000000136425921 is empty
00000000000000000000000199999749 is empty
00000000000000000000000170850643 is empty
00000000000000000000000199999934 is empty
00000000000000000000000199644383 is empty
00000000000000000000000199997882 is empty
00000000000000000000000199278607 is empty
00000000000000000000000194384476 is empty
00000000000000000000000112258509 is empty
00000000000000000000000199997823 is empty
00000000000000000000000198990098 is empty
00000000000000000000000140846404 is empty
00000000000000000000000199999990 is empty
00000000000000000000000178608854 is empty
00000000000000000000000114582911 is empty
00000000000000000000000199999904 is empty
00000000000000000000000199995376 is empty
00000000000000000000000199999505 is empty
00000000000000000000000199999991 is empty
00000000000000000000000199999999 is empty
00000000000000000000000198781282 is empty
00000000000000000000000192945565 is empty
00000000000000000000000199999977 is empty
00000000000000000000000199999935 is empty
00000000000000000000000199999983 is empty
00000000000000000000000199994274 is empty
00000000000000000000000199955392 is empty
00000000000000000000000200000000 is empty
00000000000000000000000196812799 is empty
00000000000000000000000189131511 is empty
00000000000000000000000200000000 is empty
00000000000000000000000199987640 is empty
00000000000000000000000199967120 is empty
00000000000000000000000199278963 is empty
00000000000000000000000106927112 is empty
00000000000000000000000199841619 is empty
00000000000000000000000177694263 is empty
00000000000000000000000199999677 is empty
00000000000000000000000200000000 is empty
00000000000000000000000199999971 is empty
00000000000000000000000199999999 is empty
00000000000000000000000199923724 is empty
00000000000000000000000187189440 is empty
00000000000000000000000196764373 is empty
00000000000000000000000199883201 is empty
00000000000000000000000196352332 is empty
00000000000000000000000199890354 is empty
00000000000000000000000199999682 is empty
00000000000000000000000194609406 is empty
00000000000000000000000199991763 is empty
00000000000000000000000197695175 is empty
00000000000000000000000199999996 is empty
00000000000000000000000199468489 is empty
00000000000000000000000199999997 is empty
00000000000000000000000199999996 is empty
00000000000000000000000199997716 is empty
00000000000000000000000199988446 is empty
00000000000000000000000199993988 is empty
00000000000000000000000199996058 is empty
00000000000000000000000199057667 is empty
00000000000000000000000199999996 is empty
00000000000000000000000199994420 is empty
00000000000000000000000199994857 is empty
00000000000000000000000200000000 is empty
00000000000000000000000199270276 is empty
00000000000000000000000199999921 is empty
00000000000000000000000199998731 is empty
00000000000000000000000199999334 is empty
00000000000000000000000185234901 is empty
00000000000000000000000171309249 is empty
00000000000000000000000199999999 is empty
00000000000000000000000199999964 is empty
00000000000000000000000194853396 is empty
00000000000000000000000199999853 is empty
00000000000000000000000198767824 is empty
00000000000000000000000145345968 is empty
00000000000000000000000199996421 is empty
00000000000000000000000192646483 is empty
00000000000000000000000199999971 is empty
00000000000000000000000191227109 is empty
00000000000000000000000199939642 is empty
00000000000000000000000199942659 is empty
00000000000000000000000199877244 is empty
00000000000000000000000199982991 is empty
00000000000000000000000199894932 is empty
00000000000000000000000199999892 is empty
00000000000000000000000199410850 is empty
00000000000000000000000199999997 is empty
00000000000000000000000199999906 is empty
00000000000000000000000196643541 is empty
00000000000000000000000194178966 is empty
00000000000000000000000199999848 is empty
00000000000000000000000189953735 is empty
00000000000000000000000179562899 is empty
00000000000000000000000199984821 is empty
00000000000000000000000140283304 is empty
00000000000000000000000199999993 is empty
00000000000000000000000199530965 is empty
00000000000000000000000148999053 is empty
00000000000000000000000199997028 is empty
00000000000000000000000199999932 is empty
00000000000000000000000199999992 is empty
00000000000000000000000199999990 is empty
00000000000000000000000199999811 is empty
00000000000000000000000199962913 is empty
00000000000000000000000199545341 is empty
00000000000000000000000199999996 is empty
00000000000000000000000199999997 is empty
00000000000000000000000199999125 is empty
00000000000000000000000199999653 is empty
00000000000000000000000199905453 is empty
00000000000000000000000199999999 is empty
00000000000000000000000199981579 is empty
00000000000000000000000199999952 is empty
00000000000000000000000199982812 is empty
00000000000000000000000199905411 is empty
00000000000000000000000189255751 is empty
00000000000000000000000199995972 is empty
00000000000000000000000199999856 is empty
00000000000000000000000140248856 is empty
00000000000000000000000193981469 is empty
00000000000000000000000199999851 is empty
00000000000000000000000198440211 is empty
00000000000000000000000199999996 is empty
00000000000000000000000197640769 is empty
00000000000000000000000198465006 is empty
00000000000000000000000195307675 is empty
00000000000000000000000199880377 is empty
00000000000000000000000199999888 is empty
00000000000000000000000199999996 is empty
00000000000000000000000200000000 is empty
00000000000000000000000199998305 is empty
00000000000000000000000199999566 is empty
00000000000000000000000199998439 is empty
00000000000000000000000199999333 is empty
00000000000000000000000199999942 is empty
00000000000000000000000197612152 is empty
00000000000000000000000199999746 is empty
00000000000000000000000194948484 is empty
00000000000000000000000199453884 is empty
00000000000000000000000199999969 is empty
00000000000000000000000199994315 is empty
00000000000000000000000191953135 is empty
00000000000000000000000199999997 is empty
00000000000000000000000199999694 is empty
00000000000000000000000199905177 is empty
00000000000000000000000199999994 is empty
00000000000000000000000199994270 is empty
00000000000000000000000199999563 is empty
00000000000000000000000199999246 is empty
00000000000000000000000199990384 is empty
00000000000000000000000199874148 is empty
00000000000000000000000199999999 is empty
00000000000000000000000190035988 is empty
00000000000000000000000199999019 is empty
00000000000000000000000197750417 is empty
00000000000000000000000199994737 is empty
00000000000000000000000199995434 is empty
00000000000000000000000199999995 is empty
00000000000000000000000199954783 is empty
00000000000000000000000149133745 is empty
00000000000000000000000200000000 is empty
00000000000000000000000199999901 is empty
00000000000000000000000199999999 is empty
00000000000000000000000163931065 is empty
00000000000000000000000199853775 is empty
00000000000000000000000153572117 is empty
00000000000000000000000186708127 is empty
00000000000000000000000169661267 is empty
00000000000000000000000199999996 is empty
00000000000000000000000200000000 is empty
00000000000000000000000200000000 is empty
00000000000000000000000199982255 is empty
00000000000000000000000199943775 is empty
00000000000000000000000198742431 is empty
00000000000000000000000199910533 is empty
00000000000000000000000199999815 is empty
00000000000000000000000199997743 is empty
00000000000000000000000198870004 is empty
00000000000000000000000199992031 is empty
00000000000000000000000199978060 is empty
00000000000000000000000199963058 is empty
00000000000000000000000199996688 is empty
00000000000000000000000187053013 is empty
00000000000000000000000199999890 is empty
00000000000000000000000199999704 is empty
00000000000000000000000199999988 is empty
00000000000000000000000199967204 is empty
00000000000000000000000199931449 is empty
00000000000000000000000199999992 is empty
00000000000000000000000198700472 is empty
00000000000000000000000199987843 is empty
00000000000000000000000199750664 is empty
00000000000000000000000199986477 is empty
00000000000000000000000199999999 is empty
00000000000000000000000199957556 is empty
00000000000000000000000199999881 is empty
00000000000000000000000189557431 is empty
00000000000000000000000199639752 is empty
00000000000000000000000188771484 is empty
00000000000000000000000199999999 is empty
00000000000000000000000198820653 is empty
00000000000000000000000199999910 is empty
00000000000000000000000199998398 is empty
00000000000000000000000142000831 is empty
00000000000000000000000199868013 is empty
00000000000000000000000199999126 is empty
00000000000000000000000199999990 is empty
00000000000000000000000123723157 is empty
00000000000000000000000181787323 is empty
00000000000000000000000199821796 is empty
00000000000000000000000199999983 is empty
00000000000000000000000199975368 is empty
00000000000000000000000199946411 is empty
00000000000000000000000199978568 is empty
00000000000000000000000199999994 is empty
00000000000000000000000184694402 is empty
00000000000000000000000199995791 is empty
00000000000000000000000199999991 is empty
00000000000000000000000199708483 is empty
00000000000000000000000199999152 is empty
00000000000000000000000199813185 is empty
00000000000000000000000198386798 is empty
00000000000000000000000199998975 is empty
00000000000000000000000199999999 is empty
00000000000000000000000117036346 is empty
00000000000000000000000151964259 is empty
00000000000000000000000199915643 is empty
00000000000000000000000124887875 is empty
00000000000000000000000199799436 is empty
00000000000000000000000199992364 is empty
00000000000000000000000196878408 is empty
00000000000000000000000199974431 is empty
00000000000000000000000199999752 is empty
00000000000000000000000199661768 is empty
00000000000000000000000199980226 is empty
00000000000000000000000199999247 is empty
00000000000000000000000200000000 is empty
00000000000000000000000199999999 is empty
00000000000000000000000159575398 is empty
00000000000000000000000199940361 is empty
00000000000000000000000172207438 is empty
00000000000000000000000199999988 is empty
00000000000000000000000123487412 is empty
00000000000000000000000199999918 is empty
00000000000000000000000199801779 is empty
00000000000000000000000199997625 is empty
00000000000000000000000199999219 is empty
00000000000000000000000199990154 is empty
00000000000000000000000199999981 is empty
00000000000000000000000200000000 is empty
00000000000000000000000199988380 is empty
00000000000000000000000197043646 is empty
00000000000000000000000199999994 is empty
00000000000000000000000199996340 is empty
00000000000000000000000199999988 is empty
00000000000000000000000164840944 is empty
00000000000000000000000197882465 is empty
00000000000000000000000199961247 is empty
00000000000000000000000192364028 is empty
00000000000000000000000186410377 is empty
00000000000000000000000199999997 is empty
00000000000000000000000199999774 is empty
00000000000000000000000199999820 is empty
00000000000000000000000177853406 is empty
00000000000000000000000199999976 is empty
00000000000000000000000199308325 is empty
00000000000000000000000199999395 is empty
00000000000000000000000199998220 is empty
00000000000000000000000199995484 is empty
00000000000000000000000199829232 is empty
00000000000000000000000199999993 is empty
00000000000000000000000199999402 is empty
00000000000000000000000199973938 is empty
00000000000000000000000199999995 is empty
00000000000000000000000190329981 is empty
00000000000000000000000197334723 is empty
00000000000000000000000163907728 is empty
00000000000000000000000199862498 is empty
00000000000000000000000199999996 is empty
00000000000000000000000199999997 is empty
00000000000000000000000199999994 is empty
00000000000000000000000199998232 is empty
00000000000000000000000199974650 is empty
00000000000000000000000122008306 is empty
00000000000000000000000196127919 is empty
00000000000000000000000200000000 is empty
00000000000000000000000199129984 is empty
00000000000000000000000199999994 is empty
00000000000000000000000196331864 is empty
00000000000000000000000199999926 is empty
00000000000000000000000199999986 is empty
00000000000000000000000199999519 is empty
00000000000000000000000199988977 is empty
00000000000000000000000199998996 is empty
00000000000000000000000199991905 is empty
00000000000000000000000199999996 is empty
00000000000000000000000152032396 is empty
00000000000000000000000199996396 is empty
00000000000000000000000195802230 is empty
00000000000000000000000200000000 is empty
00000000000000000000000199892226 is empty
00000000000000000000000199999776 is empty
00000000000000000000000199999992 is empty
00000000000000000000000199998912 is empty
00000000000000000000000199999983 is empty
00000000000000000000000199999406 is empty
00000000000000000000000200000000 is empty
00000000000000000000000199998310 is empty
00000000000000000000000199888339 is empty
00000000000000000000000199373444 is empty
00000000000000000000000196835402 is empty
00000000000000000000000196805836 is empty
00000000000000000000000199999992 is empty
00000000000000000000000198501614 is empty
00000000000000000000000199180013 is empty
00000000000000000000000199276038 is empty
00000000000000000000000163729989 is empty
00000000000000000000000199999997 is empty
00000000000000000000000199999975 is empty
00000000000000000000000198556020 is empty
00000000000000000000000110008055 is empty
00000000000000000000000199841625 is empty
00000000000000000000000199999977 is empty
00000000000000000000000199799755 is empty
00000000000000000000000199999989 is empty
00000000000000000000000199705369 is empty
00000000000000000000000199324458 is empty
00000000000000000000000147629207 is empty
00000000000000000000000180775001 is empty
00000000000000000000000199999999 is empty
00000000000000000000000182334616 is empty
00000000000000000000000193732407 is empty
00000000000000000000000199999594 is empty
00000000000000000000000123865495 is empty
00000000000000000000000199992291 is empty
00000000000000000000000194228683 is empty
00000000000000000000000198844164 is empty
00000000000000000000000199999884 is empty
00000000000000000000000199999889 is empty
00000000000000000000000197535439 is empty
00000000000000000000000199999996 is empty
00000000000000000000000199464821 is empty
00000000000000000000000199999081 is empty
00000000000000000000000199998283 is empty
00000000000000000000000199808112 is empty
00000000000000000000000199800741 is empty
00000000000000000000000178962106 is empty
00000000000000000000000199999932 is empty
00000000000000000000000178904748 is empty
00000000000000000000000191270051 is empty
00000000000000000000000200000000 is empty
00000000000000000000000199999994 is empty
00000000000000000000000193167439 is empty
00000000000000000000000199999994 is empty
00000000000000000000000200000000 is empty
00000000000000000000000199997263 is empty
00000000000000000000000198622848 is empty
00000000000000000000000199999986 is empty
00000000000000000000000198684881 is empty
00000000000000000000000199999965 is empty
00000000000000000000000199998475 is empty
00000000000000000000000200000000 is empty
00000000000000000000000199997100 is empty
00000000000000000000000198129791 is empty
00000000000000000000000197577017 is empty
00000000000000000000000199955631 is empty
00000000000000000000000199996573 is empty
00000000000000000000000199987998 is empty
00000000000000000000000199962342 is empty
00000000000000000000000178515727 is empty
00000000000000000000000199999360 is empty
00000000000000000000000199882417 is empty
00000000000000000000000199844346 is empty
00000000000000000000000199999599 is empty
00000000000000000000000112634138 is empty
00000000000000000000000199999440 is empty
00000000000000000000000199998057 is empty
00000000000000000000000199999978 is empty
00000000000000000000000199900791 is empty
00000000000000000000000200000000 is empty
00000000000000000000000199995547 is empty
00000000000000000000000199965690 is empty
00000000000000000000000199986912 is empty
00000000000000000000000199535997 is empty
00000000000000000000000199999991 is empty
00000000000000000000000191866621 is empty
00000000000000000000000199999999 is empty
00000000000000000000000199965571 is empty
00000000000000000000000199999971 is empty
00000000000000000000000199999962 is empty
00000000000000000000000200000000 is empty
00000000000000000000000141030197 is empty
00000000000000000000000199999709 is empty
00000000000000000000000161287531 is empty
00000000000000000000000161839460 is empty
00000000000000000000000198338545 is empty
00000000000000000000000199999994 is empty
00000000000000000000000199995338 is empty
00000000000000000000000193996519 is empty
00000000000000000000000194821829 is empty
00000000000000000000000199999690 is empty
00000000000000000000000198896351 is empty
00000000000000000000000182149780 is empty
00000000000000000000000191693567 is empty
00000000000000000000000199999994 is empty
00000000000000000000000199999887 is empty
00000000000000000000000199968846 is empty
00000000000000000000000199999999 is empty
00000000000000000000000199962105 is empty
00000000000000000000000199999057 is empty
00000000000000000000000199999989 is empty
00000000000000000000000199901290 is empty
00000000000000000000000199999051 is empty
00000000000000000000000196963593 is empty
00000000000000000000000199999977 is empty
00000000000000000000000185984272 is empty
00000000000000000000000199999884 is empty
00000000000000000000000199913698 is empty
00000000000000000000000139331943 is empty
00000000000000000000000199999999 is empty
00000000000000000000000185761366 is empty
00000000000000000000000197173434 is empty
00000000000000000000000199992749 is empty
00000000000000000000000199989072 is empty
00000000000000000000000195922577 is empty
00000000000000000000000130659542 is empty
00000000000000000000000197844896 is empty
00000000000000000000000199999996 is empty
00000000000000000000000199999997 is empty
00000000000000000000000199999959 is empty
00000000000000000000000198892206 is empty
00000000000000000000000189632281 is empty
00000000000000000000000199940792 is empty
00000000000000000000000199997178 is empty
00000000000000000000000128240549 is empty
00000000000000000000000198206626 is empty
00000000000000000000000199999956 is empty
00000000000000000000000167614364 is empty
00000000000000000000000199998112 is empty
00000000000000000000000199999995 is empty
00000000000000000000000199999846 is empty
00000000000000000000000199335248 is empty
00000000000000000000000190142446 is empty
00000000000000000000000197550421 is empty
00000000000000000000000199999983 is empty
00000000000000000000000157725226 is empty
00000000000000000000000199887054 is empty
00000000000000000000000194513071 is empty
00000000000000000000000200000000 is empty
00000000000000000000000199978536 is empty
00000000000000000000000199983780 is empty
00000000000000000000000199871637 is empty
00000000000000000000000199972150 is empty
00000000000000000000000199942013 is empty
00000000000000000000000199998991 is empty
00000000000000000000000199987199 is empty
00000000000000000000000200000000 is empty
00000000000000000000000199991228 is empty
00000000000000000000000186961099 is empty
00000000000000000000000170339646 is empty
00000000000000000000000199999090 is empty
00000000000000000000000199999997 is empty
00000000000000000000000136940877 is empty
00000000000000000000000193448761 is empty
00000000000000000000000199999142 is empty
00000000000000000000000199028782 is empty
00000000000000000000000198935675 is empty
00000000000000000000000199757532 is empty
00000000000000000000000199998814 is empty
00000000000000000000000196715198 is empty
00000000000000000000000199999673 is empty
00000000000000000000000199999991 is empty
00000000000000000000000197486265 is empty
00000000000000000000000199905871 is empty
00000000000000000000000198621484 is empty
00000000000000000000000199999987 is empty
00000000000000000000000199999614 is empty
00000000000000000000000199911636 is empty
00000000000000000000000170110923 is empty
00000000000000000000000199999945 is empty
00000000000000000000000199989141 is empty
00000000000000000000000151285110 is empty
00000000000000000000000199999999 is empty
00000000000000000000000199999534 is empty
00000000000000000000000199999997 is empty
00000000000000000000000199999886 is empty
00000000000000000000000199999887 is empty
00000000000000000000000153431175 is empty
00000000000000000000000199999729 is empty
00000000000000000000000199998492 is empty
00000000000000000000000178718634 is empty
00000000000000000000000198530509 is empty
00000000000000000000000199999991 is empty
00000000000000000000000199118964 is empty
00000000000000000000000199999932 is empty
00000000000000000000000197084384 is empty
00000000000000000000000200000000 is empty
00000000000000000000000188560689 is empty
00000000000000000000000199851644 is empty
00000000000000000000000199999980 is empty
00000000000000000000000199999993 is empty
00000000000000000000000196279262 is empty
00000000000000000000000105510870 is empty
00000000000000000000000149300314 is empty
00000000000000000000000199999154 is empty
00000000000000000000000199999449 is empty
00000000000000000000000199996467 is empty
00000000000000000000000199999991 is empty
00000000000000000000000196968017 is empty
00000000000000000000000199999996 is empty
00000000000000000000000199999964 is empty
00000000000000000000000199998993 is empty
00000000000000000000000199949081 is empty
00000000000000000000000199999787 is empty
00000000000000000000000199999990 is empty
00000000000000000000000199939961 is empty
00000000000000000000000199999999 is empty
00000000000000000000000199999999 is empty
00000000000000000000000199999971 is empty
00000000000000000000000199983114 is empty
00000000000000000000000199999989 is empty
00000000000000000000000199999846 is empty
00000000000000000000000198515408 is empty
00000000000000000000000199991668 is empty
00000000000000000000000199999861 is empty
00000000000000000000000199996176 is empty
00000000000000000000000198105388 is empty
00000000000000000000000198923054 is empty
00000000000000000000000197386369 is empty
00000000000000000000000199999965 is empty
00000000000000000000000199988315 is empty
00000000000000000000000199999921 is empty
00000000000000000000000183788467 is empty
00000000000000000000000199820956 is empty
00000000000000000000000199999603 is empty
00000000000000000000000199999369 is empty
00000000000000000000000198060022 is empty
00000000000000000000000200000000 is empty
00000000000000000000000199944186 is empty
00000000000000000000000199999997 is empty
00000000000000000000000199998753 is empty
00000000000000000000000199999999 is empty
00000000000000000000000197803261 is empty
00000000000000000000000199999977 is empty
00000000000000000000000199923235 is empty
00000000000000000000000199989019 is empty
00000000000000000000000199569028 is empty
00000000000000000000000199979128 is empty
00000000000000000000000199659388 is empty
00000000000000000000000199999995 is empty
00000000000000000000000200000000 is empty
00000000000000000000000119164766 is empty
00000000000000000000000165594481 is empty
00000000000000000000000199999997 is empty
00000000000000000000000198376522 is empty
00000000000000000000000132680064 is empty
00000000000000000000000199892457 is empty
00000000000000000000000199999978 is empty
00000000000000000000000200000000 is empty
00000000000000000000000199018939 is empty
00000000000000000000000199925623 is empty
00000000000000000000000199964155 is empty
00000000000000000000000199667378 is empty
00000000000000000000000172080829 is empty
00000000000000000000000196205073 is empty
00000000000000000000000199999710 is empty
00000000000000000000000199991350 is empty
00000000000000000000000198574227 is empty
00000000000000000000000199973157 is empty
00000000000000000000000199992540 is empty
00000000000000000000000199999628 is empty
00000000000000000000000174056240 is empty
00000000000000000000000199992026 is empty
00000000000000000000000199980404 is empty
00000000000000000000000184416846 is empty
00000000000000000000000199999858 is empty
00000000000000000000000200000000 is empty
00000000000000000000000199585131 is empty
00000000000000000000000199999999 is empty
00000000000000000000000199999994 is empty
00000000000000000000000199999997 is empty
00000000000000000000000189148691 is empty
00000000000000000000000199993115 is empty
00000000000000000000000199805151 is empty
00000000000000000000000112843170 is empty
00000000000000000000000199999991 is empty
00000000000000000000000199986107 is empty
00000000000000000000000199999941 is empty
00000000000000000000000199999629 is empty
00000000000000000000000200000000 is empty
00000000000000000000000200000000 is empty
00000000000000000000000199999948 is empty
00000000000000000000000199997577 is empty
00000000000000000000000199650886 is empty
00000000000000000000000199997407 is empty
00000000000000000000000199999703 is empty
00000000000000000000000125182070 is empty
00000000000000000000000197584948 is empty
00000000000000000000000199995003 is empty
00000000000000000000000199985068 is empty
00000000000000000000000197828976 is empty
00000000000000000000000199999997 is empty
00000000000000000000000186742754 is empty
00000000000000000000000199962516 is empty
00000000000000000000000199412090 is empty
00000000000000000000000199593575 is empty
00000000000000000000000199527392 is empty
00000000000000000000000144209113 is empty
00000000000000000000000200000000 is empty
00000000000000000000000199991195 is empty
00000000000000000000000174815080 is empty
00000000000000000000000199999999 is empty
00000000000000000000000198830279 is empty
00000000000000000000000199997386 is empty
00000000000000000000000199843477 is empty
00000000000000000000000199812935 is empty
00000000000000000000000199264541 is empty
00000000000000000000000199999858 is empty
00000000000000000000000199999801 is empty
00000000000000000000000124930701 is empty
00000000000000000000000193574993 is empty
00000000000000000000000199999751 is empty
00000000000000000000000199954918 is empty
00000000000000000000000150958442 is empty
00000000000000000000000199999941 is empty
00000000000000000000000199999983 is empty
00000000000000000000000199999308 is empty
00000000000000000000000200000000 is empty
00000000000000000000000199820966 is empty
00000000000000000000000199999991 is empty
00000000000000000000000191942983 is empty
00000000000000000000000200000000 is empty
00000000000000000000000199993666 is empty
00000000000000000000000199487267 is empty
00000000000000000000000199990830 is empty
00000000000000000000000199850411 is empty
00000000000000000000000195099455 is empty
00000000000000000000000192099218 is empty
00000000000000000000000191348240 is empty
00000000000000000000000198551588 is empty
00000000000000000000000199997645 is empty
00000000000000000000000199999997 is empty
00000000000000000000000199947331 is empty
00000000000000000000000199996793 is empty
00000000000000000000000160265813 is empty
00000000000000000000000199999992 is empty
00000000000000000000000199980176 is empty
00000000000000000000000199999548 is empty
00000000000000000000000199999990 is empty
00000000000000000000000199993806 is empty
00000000000000000000000161742910 is empty
00000000000000000000000199967509 is empty
00000000000000000000000199999999 is empty
00000000000000000000000199999889 is empty
00000000000000000000000199999979 is empty
00000000000000000000000199999938 is empty
00000000000000000000000199990006 is empty
00000000000000000000000199792903 is empty
00000000000000000000000199989631 is empty
00000000000000000000000199907605 is empty
00000000000000000000000200000000 is empty
00000000000000000000000199999991 is empty
00000000000000000000000199999793 is empty
00000000000000000000000199999996 is empty
00000000000000000000000191846119 is empty
00000000000000000000000171314480 is empty
00000000000000000000000199999471 is empty
00000000000000000000000140512185 is empty
00000000000000000000000199999535 is empty
00000000000000000000000183563493 is empty
00000000000000000000000196337031 is empty
00000000000000000000000200000000 is empty
00000000000000000000000199999988 is empty
00000000000000000000000199978112 is empty
00000000000000000000000199361197 is empty
00000000000000000000000199999983 is empty
00000000000000000000000199999964 is empty
00000000000000000000000200000000 is empty
00000000000000000000000199999984 is empty
00000000000000000000000153133400 is empty
00000000000000000000000200000000 is empty
00000000000000000000000141512723 is empty
00000000000000000000000199912911 is empty
00000000000000000000000198962930 is empty
00000000000000000000000187835927 is empty
00000000000000000000000199999249 is empty
00000000000000000000000199996765 is empty
00000000000000000000000198095877 is empty
00000000000000000000000199999999 is empty
00000000000000000000000199924827 is empty
00000000000000000000000199952090 is empty
00000000000000000000000199998364 is empty
00000000000000000000000199999918 is empty
00000000000000000000000199504015 is empty
00000000000000000000000199999206 is empty
00000000000000000000000199891867 is empty
00000000000000000000000185618847 is empty
00000000000000000000000199999767 is empty
00000000000000000000000199951789 is empty
00000000000000000000000199999999 is empty
00000000000000000000000147079050 is empty
00000000000000000000000198058533 is empty
00000000000000000000000199999995 is empty
00000000000000000000000198505773 is empty
00000000000000000000000199999199 is empty
00000000000000000000000199507116 is empty
00000000000000000000000199987379 is empty
00000000000000000000000199999971 is empty
00000000000000000000000199988893 is empty
00000000000000000000000190717418 is empty
00000000000000000000000199968485 is empty
00000000000000000000000199999981 is empty
00000000000000000000000200000000 is empty
00000000000000000000000199911925 is empty
00000000000000000000000199183635 is empty
00000000000000000000000190031965 is empty
00000000000000000000000199999689 is empty
00000000000000000000000170305986 is empty
00000000000000000000000199096455 is empty
00000000000000000000000179512683 is empty
00000000000000000000000197019205 is empty
00000000000000000000000199999014 is empty
00000000000000000000000198953329 is empty
00000000000000000000000199999994 is empty
00000000000000000000000199999994 is empty
00000000000000000000000188958695 is empty
00000000000000000000000199971055 is empty
00000000000000000000000199973924 is empty
00000000000000000000000199999996 is empty
00000000000000000000000199999660 is empty
00000000000000000000000199999935 is empty
00000000000000000000000199999522 is empty
00000000000000000000000199999693 is empty
00000000000000000000000199999994 is empty
00000000000000000000000180702584 is empty
00000000000000000000000199999996 is empty
00000000000000000000000199997898 is empty
00000000000000000000000199942155 is empty
00000000000000000000000199999872 is empty
00000000000000000000000199998740 is empty
00000000000000000000000199623271 is empty
00000000000000000000000199962724 is empty
00000000000000000000000199999991 is empty
00000000000000000000000199978710 is empty
00000000000000000000000199979080 is empty
00000000000000000000000199987382 is empty
00000000000000000000000199132127 is empty
00000000000000000000000199999996 is empty
00000000000000000000000196802219 is empty
00000000000000000000000166823990 is empty
00000000000000000000000199958654 is empty
00000000000000000000000196818418 is empty
00000000000000000000000199988412 is empty
00000000000000000000000199931660 is empty
00000000000000000000000199856165 is empty
00000000000000000000000196615040 is empty
00000000000000000000000199977480 is empty
00000000000000000000000197941326 is empty
00000000000000000000000146094020 is empty
00000000000000000000000192040834 is empty
00000000000000000000000199998798 is empty
00000000000000000000000199979286 is empty
00000000000000000000000199999674 is empty
00000000000000000000000198407122 is empty
00000000000000000000000195283964 is empty
00000000000000000000000199999992 is empty
00000000000000000000000196904524 is empty
00000000000000000000000199999318 is empty
00000000000000000000000199021935 is empty
00000000000000000000000154947054 is empty
00000000000000000000000199989252 is empty
00000000000000000000000199997923 is empty
00000000000000000000000199999999 is empty
00000000000000000000000199977573 is empty
00000000000000000000000136620929 is empty
00000000000000000000000199842345 is empty
00000000000000000000000199999025 is empty
00000000000000000000000199999467 is empty
00000000000000000000000199999079 is empty
00000000000000000000000199999987 is empty
00000000000000000000000199990811 is empty
00000000000000000000000199999487 is empty
00000000000000000000000147688554 is empty
00000000000000000000000182267340 is empty
00000000000000000000000199237358 is empty
00000000000000000000000199999992 is empty
00000000000000000000000160914058 is empty
00000000000000000000000199993212 is empty
00000000000000000000000184458011 is empty
00000000000000000000000199993839 is empty
00000000000000000000000199999975 is empty
00000000000000000000000197040700 is empty
00000000000000000000000199999992 is empty
00000000000000000000000199974124 is empty
00000000000000000000000199984706 is empty
00000000000000000000000198351445 is empty
00000000000000000000000199830355 is empty
00000000000000000000000197974735 is empty
00000000000000000000000199994438 is empty
00000000000000000000000199999959 is empty
00000000000000000000000199967008 is empty
00000000000000000000000200000000 is empty
00000000000000000000000199994685 is empty
00000000000000000000000199999976 is empty
00000000000000000000000199998706 is empty
00000000000000000000000170895395 is empty
00000000000000000000000183423870 is empty
00000000000000000000000121369565 is empty
00000000000000000000000199999964 is empty
00000000000000000000000199999999 is empty
00000000000000000000000192347920 is empty
00000000000000000000000199999989 is empty
00000000000000000000000199904398 is empty
00000000000000000000000199848266 is empty
00000000000000000000000199999995 is empty
00000000000000000000000189392513 is empty
00000000000000000000000185104574 is empty
00000000000000000000000199999854 is empty
00000000000000000000000199999766 is empty
00000000000000000000000199999995 is empty
00000000000000000000000199423190 is empty
00000000000000000000000199999940 is empty
00000000000000000000000173410693 is empty
00000000000000000000000199999989 is empty
00000000000000000000000199999246 is empty
00000000000000000000000199988899 is empty
00000000000000000000000199999934 is empty
00000000000000000000000198905918 is empty
00000000000000000000000144282091 is empty
00000000000000000000000199998526 is empty
00000000000000000000000199999999 is empty
00000000000000000000000199998376 is empty
00000000000000000000000199999973 is empty
00000000000000000000000199982895 is empty
00000000000000000000000182153919 is empty
00000000000000000000000199292557 is empty
00000000000000000000000199999941 is empty
00000000000000000000000199851299 is empty
00000000000000000000000198921341 is empty
00000000000000000000000199999997 is empty
00000000000000000000000199999955 is empty
00000000000000000000000199741112 is empty
00000000000000000000000199995186 is empty
00000000000000000000000199999878 is empty
00000000000000000000000199999887 is empty
00000000000000000000000199996325 is empty
00000000000000000000000109201620 is empty
00000000000000000000000199989511 is empty
00000000000000000000000197420906 is empty
00000000000000000000000199999997 is empty
00000000000000000000000138605130 is empty
00000000000000000000000199999975 is empty
00000000000000000000000199999999 is empty
00000000000000000000000199920248 is empty
00000000000000000000000199999564 is empty
00000000000000000000000146906461 is empty
00000000000000000000000199999981 is empty
00000000000000000000000199999999 is empty
00000000000000000000000199999944 is empty
00000000000000000000000173279626 is empty
00000000000000000000000199982401 is empty
00000000000000000000000199999989 is empty
00000000000000000000000199997058 is empty
00000000000000000000000199999540 is empty
00000000000000000000000199998597 is empty
00000000000000000000000199999982 is empty
00000000000000000000000200000000 is empty
00000000000000000000000199999712 is empty
00000000000000000000000199983932 is empty
00000000000000000000000116584551 is empty
00000000000000000000000199930634 is empty
00000000000000000000000199999803 is empty
00000000000000000000000199996429 is empty
00000000000000000000000199945242 is empty
00000000000000000000000199996577 is empty
00000000000000000000000168328520 is empty
00000000000000000000000199999245 is empty
00000000000000000000000199999616 is empty
00000000000000000000000199999971 is empty
00000000000000000000000199999978 is empty
00000000000000000000000199999833 is empty
00000000000000000000000158206792 is empty
00000000000000000000000199982204 is empty
00000000000000000000000199920154 is empty
00000000000000000000000199940521 is empty
00000000000000000000000163447076 is empty
00000000000000000000000199998904 is empty
00000000000000000000000199999993 is empty
00000000000000000000000199999987 is empty
00000000000000000000000199999334 is empty
00000000000000000000000193774554 is empty
00000000000000000000000199999976 is empty
00000000000000000000000199998918 is empty
00000000000000000000000199999835 is empty
00000000000000000000000199999972 is empty
00000000000000000000000199999720 is empty
00000000000000000000000199999298 is empty
00000000000000000000000198298029 is empty
00000000000000000000000196959238 is empty
00000000000000000000000199723318 is empty
00000000000000000000000199250079 is empty
00000000000000000000000177759514 is empty
00000000000000000000000200000000 is empty
00000000000000000000000199999996 is empty
00000000000000000000000199996857 is empty
00000000000000000000000200000000 is empty
00000000000000000000000199999915 is empty
00000000000000000000000124881832 is empty
00000000000000000000000199999921 is empty
00000000000000000000000199999957 is empty
00000000000000000000000199942983 is empty
00000000000000000000000128124702 is empty
00000000000000000000000199999074 is empty
00000000000000000000000199998741 is empty
00000000000000000000000199787064 is empty
00000000000000000000000199998790 is empty
00000000000000000000000179633732 is empty
00000000000000000000000199980953 is empty
00000000000000000000000199999987 is empty
00000000000000000000000199999108 is empty
00000000000000000000000199350270 is empty
00000000000000000000000199971116 is empty
00000000000000000000000199859823 is empty
00000000000000000000000199999985 is empty
00000000000000000000000198390695 is empty
00000000000000000000000199999986 is empty
00000000000000000000000199981874 is empty
00000000000000000000000199999658 is empty
00000000000000000000000199999999 is empty
00000000000000000000000199999839 is empty
00000000000000000000000197922295 is empty
00000000000000000000000199918238 is empty
00000000000000000000000199999996 is empty
00000000000000000000000199997394 is empty
00000000000000000000000199896576 is empty
00000000000000000000000199761000 is empty
00000000000000000000000199973015 is empty
00000000000000000000000193492893 is empty
00000000000000000000000199999362 is empty
00000000000000000000000199980522 is empty
00000000000000000000000184411632 is empty
00000000000000000000000199897234 is empty
00000000000000000000000199999995 is empty
00000000000000000000000200000000 is empty
00000000000000000000000199996894 is empty
00000000000000000000000197065165 is empty
00000000000000000000000199909727 is empty
00000000000000000000000200000000 is empty
00000000000000000000000199890262 is empty
00000000000000000000000199883800 is empty
00000000000000000000000199999039 is empty
00000000000000000000000200000000 is empty
00000000000000000000000199998444 is empty
00000000000000000000000199999993 is empty
00000000000000000000000199768621 is empty
00000000000000000000000199988833 is empty
00000000000000000000000199999740 is empty
00000000000000000000000199999966 is empty
00000000000000000000000199999919 is empty
00000000000000000000000199868206 is empty
00000000000000000000000187278675 is empty
00000000000000000000000199140908 is empty
00000000000000000000000199992680 is empty
00000000000000000000000199999992 is empty
00000000000000000000000197072790 is empty
00000000000000000000000200000000 is empty
00000000000000000000000199810476 is empty
00000000000000000000000199999996 is empty
00000000000000000000000191358396 is empty
00000000000000000000000199999236 is empty
00000000000000000000000198273131 is empty
00000000000000000000000199496584 is empty
00000000000000000000000197237612 is empty
00000000000000000000000199473105 is empty
00000000000000000000000170311115 is empty
00000000000000000000000199999994 is empty
00000000000000000000000199999984 is empty
00000000000000000000000199948081 is empty
00000000000000000000000199999980 is empty
00000000000000000000000199999951 is empty
00000000000000000000000199999985 is empty
00000000000000000000000199999913 is empty
00000000000000000000000199999674 is empty
00000000000000000000000171649652 is empty
00000000000000000000000199999992 is empty
00000000000000000000000199999984 is empty
00000000000000000000000199999839 is empty
00000000000000000000000199999786 is empty
00000000000000000000000199999988 is empty
00000000000000000000000197439300 is empty
00000000000000000000000196217252 is empty
00000000000000000000000198021670 is empty
00000000000000000000000199999981 is empty
00000000000000000000000199999999 is empty
00000000000000000000000183355964 is empty
00000000000000000000000195418578 is empty
00000000000000000000000198925418 is empty
00000000000000000000000199999187 is empty
00000000000000000000000199999829 is empty
00000000000000000000000199993615 is empty
00000000000000000000000199999262 is empty
00000000000000000000000199999972 is empty
00000000000000000000000199999999 is empty
00000000000000000000000199992452 is empty
00000000000000000000000199587240 is empty
00000000000000000000000199999999 is empty
00000000000000000000000199990971 is empty
00000000000000000000000200000000 is empty
00000000000000000000000199803885 is empty
00000000000000000000000199999992 is empty
00000000000000000000000197517743 is empty
00000000000000000000000199999983 is empty
00000000000000000000000199999959 is empty
00000000000000000000000199975578 is empty
00000000000000000000000199999995 is empty
00000000000000000000000199999984 is empty
00000000000000000000000199975152 is empty
00000000000000000000000199990088 is empty
00000000000000000000000198611578 is empty
00000000000000000000000199999972 is empty
00000000000000000000000181705954 is empty
00000000000000000000000199999991 is empty
00000000000000000000000192377167 is empty
00000000000000000000000181317093 is empty
00000000000000000000000199999997 is empty
00000000000000000000000199970254 is empty
00000000000000000000000199994847 is empty
00000000000000000000000199860664 is empty
00000000000000000000000199999997 is empty
00000000000000000000000197353277 is empty
00000000000000000000000199999744 is empty
00000000000000000000000125310768 is empty
00000000000000000000000199537243 is empty
00000000000000000000000199998664 is empty
00000000000000000000000199993998 is empty
00000000000000000000000199995478 is empty
00000000000000000000000199999995 is empty
00000000000000000000000199999937 is empty
00000000000000000000000200000000 is empty
00000000000000000000000199316698 is empty
00000000000000000000000184064351 is empty
00000000000000000000000195773499 is empty
00000000000000000000000199999570 is empty
00000000000000000000000114012845 is empty
00000000000000000000000199620938 is empty
00000000000000000000000156872452 is empty
00000000000000000000000194668923 is empty
00000000000000000000000199925884 is empty
00000000000000000000000199789678 is empty
00000000000000000000000199999876 is empty
00000000000000000000000199999999 is empty
00000000000000000000000199999967 is empty
00000000000000000000000199999996 is empty
00000000000000000000000199999912 is empty
00000000000000000000000199999993 is empty
00000000000000000000000199890980 is empty
00000000000000000000000182287208 is empty
00000000000000000000000199998256 is empty
00000000000000000000000199586946 is empty
00000000000000000000000177782442 is empty
00000000000000000000000194351974 is empty
00000000000000000000000199985170 is empty
00000000000000000000000199982884 is empty
00000000000000000000000200000000 is empty
00000000000000000000000199999800 is empty
00000000000000000000000199784208 is empty
00000000000000000000000199998761 is empty
00000000000000000000000199999997 is empty
00000000000000000000000199947930 is empty
00000000000000000000000199999566 is empty
00000000000000000000000199999981 is empty
00000000000000000000000197825900 is empty
00000000000000000000000199998600 is empty
00000000000000000000000199988685 is empty
00000000000000000000000199929283 is empty
00000000000000000000000199999987 is empty
00000000000000000000000198165468 is empty
00000000000000000000000199999739 is empty
00000000000000000000000199999770 is empty
00000000000000000000000197791484 is empty
00000000000000000000000141472730 is empty
00000000000000000000000199677037 is empty
00000000000000000000000199966267 is empty
00000000000000000000000137414310 is empty
00000000000000000000000128996690 is empty
00000000000000000000000150653551 is empty
00000000000000000000000166112684 is empty
00000000000000000000000199525078 is empty
00000000000000000000000199990356 is empty
00000000000000000000000136708382 is empty
00000000000000000000000200000000 is empty
00000000000000000000000200000000 is empty
00000000000000000000000192129120 is empty
00000000000000000000000199905781 is empty
00000000000000000000000133301529 is empty
00000000000000000000000199999999 is empty
00000000000000000000000199999994 is empty
00000000000000000000000195308236 is empty
00000000000000000000000199969232 is empty
00000000000000000000000199999978 is empty
00000000000000000000000199552247 is empty
00000000000000000000000199998947 is empty
00000000000000000000000199850002 is empty
00000000000000000000000198760873 is empty
00000000000000000000000199830656 is empty
00000000000000000000000199999981 is empty
00000000000000000000000200000000 is empty
00000000000000000000000199999997 is empty
00000000000000000000000199537706 is empty
00000000000000000000000168171094 is empty
00000000000000000000000188959732 is empty
00000000000000000000000199971712 is empty
00000000000000000000000199999730 is empty
00000000000000000000000199998990 is empty
00000000000000000000000198394795 is empty
00000000000000000000000199999942 is empty
00000000000000000000000199999447 is empty
00000000000000000000000199981006 is empty
00000000000000000000000199777113 is empty
00000000000000000000000199997142 is empty
00000000000000000000000199993722 is empty
00000000000000000000000199999996 is empty
00000000000000000000000199164657 is empty
00000000000000000000000191230348 is empty
00000000000000000000000199999923 is empty
00000000000000000000000199999999 is empty
00000000000000000000000199953667 is empty
00000000000000000000000199936771 is empty
00000000000000000000000199999992 is empty
00000000000000000000000199999858 is empty
00000000000000000000000186317811 is empty
00000000000000000000000177901064 is empty
00000000000000000000000199606121 is empty
00000000000000000000000197373597 is empty
00000000000000000000000199993086 is empty
00000000000000000000000199981059 is empty
00000000000000000000000199998589 is empty
00000000000000000000000199999997 is empty
00000000000000000000000200000000 is empty
00000000000000000000000199999913 is empty
00000000000000000000000176334239 is empty
00000000000000000000000199957623 is empty
00000000000000000000000199999771 is empty
00000000000000000000000199999667 is empty
00000000000000000000000173948037 is empty
00000000000000000000000192657124 is empty
00000000000000000000000199999900 is empty
00000000000000000000000196636865 is empty
00000000000000000000000200000000 is empty
00000000000000000000000199999999 is empty
00000000000000000000000199999937 is empty
00000000000000000000000199992282 is empty
00000000000000000000000199976281 is empty
00000000000000000000000163438384 is empty
00000000000000000000000199725881 is empty
00000000000000000000000200000000 is empty
00000000000000000000000196791913 is empty
00000000000000000000000199209390 is empty
00000000000000000000000199743062 is empty
00000000000000000000000147639818 is empty
00000000000000000000000199999994 is empty
00000000000000000000000200000000 is empty
00000000000000000000000200000000 is empty
00000000000000000000000199999992 is empty
00000000000000000000000199999933 is empty
00000000000000000000000187938299 is empty
00000000000000000000000199994678 is empty
00000000000000000000000199988114 is empty
00000000000000000000000164204662 is empty
00000000000000000000000173035850 is empty
00000000000000000000000196576678 is empty
00000000000000000000000197794564 is empty
00000000000000000000000199916268 is empty
00000000000000000000000199997242 is empty
00000000000000000000000199988368 is empty
00000000000000000000000199048970 is empty
00000000000000000000000199995241 is empty
00000000000000000000000198798068 is empty
00000000000000000000000199758294 is empty
00000000000000000000000159233987 is empty
00000000000000000000000199804019 is empty
00000000000000000000000199999977 is empty
00000000000000000000000199430483 is empty
00000000000000000000000200000000 is empty
00000000000000000000000199999953 is empty
00000000000000000000000199749795 is empty
00000000000000000000000199796532 is empty
00000000000000000000000194930177 is empty
00000000000000000000000180584475 is empty
00000000000000000000000199994375 is empty
00000000000000000000000198144594 is empty
00000000000000000000000199999456 is empty
00000000000000000000000199999916 is empty
00000000000000000000000199646302 is empty
00000000000000000000000199784784 is empty
00000000000000000000000194033728 is empty
00000000000000000000000199997428 is empty
00000000000000000000000199999995 is empty
00000000000000000000000199999986 is empty
00000000000000000000000199872742 is empty
00000000000000000000000199999668 is empty
00000000000000000000000199999995 is empty
00000000000000000000000199989510 is empty
00000000000000000000000199999887 is empty
00000000000000000000000195787875 is empty
00000000000000000000000199999997 is empty
00000000000000000000000199999996 is empty
00000000000000000000000199919142 is empty
00000000000000000000000199999990 is empty
00000000000000000000000199877134 is empty
00000000000000000000000199999997 is empty
00000000000000000000000199586540 is empty
00000000000000000000000199999001 is empty
00000000000000000000000199990183 is empty
00000000000000000000000199784177 is empty
00000000000000000000000200000000 is empty
00000000000000000000000199995305 is empty
00000000000000000000000199998663 is empty
00000000000000000000000199997822 is empty
00000000000000000000000199617924 is empty
00000000000000000000000199833190 is empty
00000000000000000000000199953254 is empty
00000000000000000000000199997426 is empty
00000000000000000000000199761692 is empty
00000000000000000000000200000000 is empty
00000000000000000000000199999955 is empty
00000000000000000000000199999734 is empty
00000000000000000000000199999839 is empty
00000000000000000000000199999758 is empty
00000000000000000000000200000000 is empty
00000000000000000000000199999999 is empty
00000000000000000000000199999991 is empty
00000000000000000000000199997031 is empty
00000000000000000000000199913602 is empty
00000000000000000000000198577427 is empty
00000000000000000000000199999949 is empty
00000000000000000000000175179915 is empty
00000000000000000000000186484499 is empty
00000000000000000000000198328163 is empty
00000000000000000000000109630730 is empty
00000000000000000000000198155593 is empty
00000000000000000000000199999993 is empty
00000000000000000000000191151549 is empty
00000000000000000000000199999910 is empty
00000000000000000000000197302342 is empty
00000000000000000000000199193728 is empty
00000000000000000000000199999781 is empty
00000000000000000000000199999969 is empty
00000000000000000000000199962198 is empty
00000000000000000000000199801283 is empty
00000000000000000000000185619154 is empty
00000000000000000000000181801560 is empty
00000000000000000000000185300331 is empty
00000000000000000000000199999033 is empty
00000000000000000000000199997170 is empty
00000000000000000000000199999604 is empty
00000000000000000000000199999999 is empty
00000000000000000000000199999964 is empty
00000000000000000000000179558360 is empty
00000000000000000000000134949995 is empty
00000000000000000000000199999673 is empty
00000000000000000000000199997236 is empty
00000000000000000000000199999768 is empty
00000000000000000000000184030124 is empty
00000000000000000000000200000000 is empty
00000000000000000000000195769110 is empty
00000000000000000000000199986319 is empty
00000000000000000000000199863743 is empty
00000000000000000000000199967938 is empty
00000000000000000000000199999336 is empty
00000000000000000000000199990083 is empty
00000000000000000000000199999996 is empty
00000000000000000000000175812266 is empty
00000000000000000000000199999995 is empty
00000000000000000000000199999996 is empty
00000000000000000000000199993705 is empty
00000000000000000000000199895462 is empty
00000000000000000000000200000000 is empty
00000000000000000000000199999659 is empty
00000000000000000000000199999827 is empty
00000000000000000000000199696264 is empty
00000000000000000000000199999916 is empty
00000000000000000000000199996338 is empty
00000000000000000000000199809626 is empty
00000000000000000000000185527057 is empty
00000000000000000000000183186711 is empty
00000000000000000000000199963283 is empty
00000000000000000000000199999863 is empty
00000000000000000000000199999960 is empty
00000000000000000000000199998444 is empty
00000000000000000000000135250088 is empty
00000000000000000000000199999985 is empty
00000000000000000000000199999997 is empty
00000000000000000000000199899723 is empty
00000000000000000000000199999999 is empty
00000000000000000000000192205217 is empty
00000000000000000000000199155882 is empty
00000000000000000000000199999980 is empty
00000000000000000000000199840504 is empty
00000000000000000000000191295888 is empty
00000000000000000000000183843066 is empty
00000000000000000000000199975093 is empty
00000000000000000000000192978136 is empty
00000000000000000000000199999971 is empty
00000000000000000000000199968623 is empty
00000000000000000000000199819605 is empty
00000000000000000000000182922499 is empty
00000000000000000000000199939305 is empty
00000000000000000000000199999991 is empty
00000000000000000000000168534402 is empty
00000000000000000000000199999814 is empty
00000000000000000000000193033219 is empty
00000000000000000000000199996536 is empty
00000000000000000000000199999956 is empty
00000000000000000000000199999451 is empty
00000000000000000000000199798024 is empty
00000000000000000000000198828183 is empty
00000000000000000000000199999814 is empty
00000000000000000000000199999651 is empty
00000000000000000000000196214452 is empty
00000000000000000000000199999994 is empty
00000000000000000000000199876487 is empty
00000000000000000000000199988524 is empty
00000000000000000000000196105707 is empty
00000000000000000000000199999992 is empty
00000000000000000000000199999983 is empty
00000000000000000000000199999814 is empty
00000000000000000000000199912267 is empty
00000000000000000000000184477307 is empty
00000000000000000000000198962324 is empty
00000000000000000000000199999916 is empty
00000000000000000000000196721509 is empty
00000000000000000000000199828254 is empty
00000000000000000000000199999913 is empty
00000000000000000000000199999999 is empty
00000000000000000000000199999970 is empty
00000000000000000000000199989032 is empty
00000000000000000000000198443198 is empty
00000000000000000000000199985795 is empty
00000000000000000000000178905157 is empty
00000000000000000000000198441167 is empty
00000000000000000000000199870870 is empty
00000000000000000000000199999927 is empty
00000000000000000000000199351856 is empty
00000000000000000000000199999993 is empty
00000000000000000000000194247227 is empty
00000000000000000000000199905693 is empty
00000000000000000000000199998727 is empty
00000000000000000000000191477521 is empty
00000000000000000000000199999865 is empty
00000000000000000000000199999833 is empty
00000000000000000000000160526256 is empty
00000000000000000000000199994859 is empty
00000000000000000000000199998936 is empty
00000000000000000000000199999999 is empty
00000000000000000000000199064807 is empty
00000000000000000000000199939023 is empty
00000000000000000000000194197117 is empty
00000000000000000000000199999983 is empty
00000000000000000000000199999986 is empty
00000000000000000000000199967033 is empty
00000000000000000000000199999990 is empty
00000000000000000000000107108948 is empty
00000000000000000000000199925392 is empty
00000000000000000000000199976814 is empty
00000000000000000000000199910721 is empty
00000000000000000000000199954539 is empty
00000000000000000000000199999873 is empty
00000000000000000000000199999371 is empty
00000000000000000000000199999760 is empty
00000000000000000000000199892021 is empty
00000000000000000000000199999901 is empty
00000000000000000000000199610989 is empty
00000000000000000000000199996108 is empty
00000000000000000000000192318614 is empty
00000000000000000000000199920520 is empty
00000000000000000000000194802030 is empty
00000000000000000000000199992761 is empty
00000000000000000000000200000000 is empty
00000000000000000000000199999518 is empty
00000000000000000000000191080651 is empty
00000000000000000000000199997857 is empty
00000000000000000000000198556670 is empty
00000000000000000000000199994735 is empty
00000000000000000000000199972166 is empty
00000000000000000000000199995665 is empty
00000000000000000000000179244974 is empty
00000000000000000000000199998413 is empty
00000000000000000000000199973551 is empty
00000000000000000000000199998452 is empty
00000000000000000000000199999977 is empty
00000000000000000000000165648091 is empty
00000000000000000000000199756460 is empty
00000000000000000000000199992922 is empty
00000000000000000000000196751775 is empty
00000000000000000000000199398921 is empty
00000000000000000000000199999175 is empty
00000000000000000000000127752084 is empty
00000000000000000000000199952045 is empty
00000000000000000000000199999995 is empty
00000000000000000000000193582101 is empty
00000000000000000000000199928833 is empty
00000000000000000000000199999999 is empty
00000000000000000000000199997306 is empty
00000000000000000000000197714134 is empty
00000000000000000000000181750819 is empty
00000000000000000000000199994861 is empty
00000000000000000000000145699488 is empty
00000000000000000000000199999860 is empty
00000000000000000000000199999993 is empty
00000000000000000000000200000000 is empty
00000000000000000000000191270265 is empty
00000000000000000000000199999711 is empty
00000000000000000000000200000000 is empty
00000000000000000000000199722992 is empty
00000000000000000000000199937303 is empty
00000000000000000000000199963818 is empty
00000000000000000000000200000000 is empty
00000000000000000000000199999945 is empty
00000000000000000000000199999695 is empty
00000000000000000000000199944101 is empty
00000000000000000000000199855384 is empty
00000000000000000000000199999629 is empty
00000000000000000000000196999488 is empty
00000000000000000000000199999969 is empty
00000000000000000000000199922649 is empty
00000000000000000000000199999782 is empty
00000000000000000000000169073707 is empty
00000000000000000000000144734354 is empty
00000000000000000000000199996150 is empty
00000000000000000000000199677940 is empty
00000000000000000000000199838219 is empty
00000000000000000000000199999961 is empty
00000000000000000000000199999991 is empty
00000000000000000000000199676258 is empty
00000000000000000000000199999868 is empty
00000000000000000000000199981151 is empty
00000000000000000000000199803669 is empty
00000000000000000000000192941168 is empty
00000000000000000000000182125404 is empty
00000000000000000000000199672064 is empty
00000000000000000000000113971898 is empty
00000000000000000000000199979784 is empty
00000000000000000000000199999876 is empty
00000000000000000000000198880153 is empty
00000000000000000000000199999923 is empty
00000000000000000000000199883803 is empty
00000000000000000000000200000000 is empty
00000000000000000000000199678327 is empty
00000000000000000000000199870141 is empty
00000000000000000000000197670619 is empty
00000000000000000000000199999120 is empty
00000000000000000000000199999955 is empty
00000000000000000000000170249267 is empty
00000000000000000000000180828369 is empty
00000000000000000000000199999917 is empty
00000000000000000000000199999938 is empty
00000000000000000000000199998817 is empty
00000000000000000000000199999492 is empty
00000000000000000000000165110311 is empty
00000000000000000000000199992040 is empty
00000000000000000000000200000000 is empty
00000000000000000000000193828093 is empty
00000000000000000000000199999674 is empty
00000000000000000000000199999984 is empty
00000000000000000000000199999988 is empty
00000000000000000000000170586178 is empty
00000000000000000000000199682434 is empty
00000000000000000000000199999734 is empty
00000000000000000000000199989645 is empty
00000000000000000000000199950194 is empty
00000000000000000000000199940322 is empty
00000000000000000000000199999970 is empty
00000000000000000000000199875125 is empty
00000000000000000000000199999999 is empty
00000000000000000000000199263910 is empty
00000000000000000000000199999990 is empty
00000000000000000000000199999489 is empty
00000000000000000000000120701117 is empty
00000000000000000000000199998452 is empty
00000000000000000000000199472945 is empty
00000000000000000000000199998974 is empty
00000000000000000000000153162024 is empty
00000000000000000000000199996363 is empty
00000000000000000000000199999841 is empty
00000000000000000000000199813996 is empty
00000000000000000000000199999659 is empty
00000000000000000000000199862905 is empty
00000000000000000000000199356251 is empty
00000000000000000000000191981514 is empty
00000000000000000000000199908462 is empty
00000000000000000000000199988086 is empty
00000000000000000000000200000000 is empty
00000000000000000000000199934917 is empty
00000000000000000000000199938286 is empty
00000000000000000000000199999749 is empty
00000000000000000000000199998184 is empty
00000000000000000000000199999965 is empty
00000000000000000000000199999970 is empty
00000000000000000000000199999970 is empty
00000000000000000000000199999997 is empty
00000000000000000000000200000000 is empty
00000000000000000000000143544448 is empty
00000000000000000000000198372854 is empty
00000000000000000000000199865484 is empty
00000000000000000000000199989305 is empty
00000000000000000000000199999959 is empty
00000000000000000000000199872341 is empty
00000000000000000000000199999389 is empty
00000000000000000000000170480780 is empty
00000000000000000000000193260786 is empty
00000000000000000000000150740805 is empty
00000000000000000000000199999170 is empty
00000000000000000000000199999732 is empty
00000000000000000000000192460990 is empty
00000000000000000000000199999999 is empty
00000000000000000000000185290379 is empty
00000000000000000000000199858106 is empty
00000000000000000000000199999990 is empty
00000000000000000000000173667273 is empty
00000000000000000000000199483096 is empty
00000000000000000000000198259168 is empty
00000000000000000000000199994453 is empty
00000000000000000000000199997002 is empty
00000000000000000000000199999904 is empty
00000000000000000000000199999783 is empty
00000000000000000000000196536710 is empty
00000000000000000000000199999922 is empty
00000000000000000000000199361739 is empty
00000000000000000000000199983438 is empty
00000000000000000000000199703058 is empty
00000000000000000000000199999641 is empty
00000000000000000000000199989625 is empty
00000000000000000000000199999564 is empty
00000000000000000000000200000000 is empty
00000000000000000000000199999943 is empty
00000000000000000000000199999531 is empty
00000000000000000000000199996982 is empty
00000000000000000000000199997338 is empty
00000000000000000000000199997505 is empty
00000000000000000000000198885438 is empty
00000000000000000000000199999993 is empty
00000000000000000000000199998960 is empty
00000000000000000000000199999993 is empty
00000000000000000000000199136791 is empty
00000000000000000000000199999827 is empty
00000000000000000000000199785720 is empty
00000000000000000000000199998784 is empty
00000000000000000000000199999989 is empty
00000000000000000000000199976876 is empty
00000000000000000000000199999992 is empty
00000000000000000000000162903122 is empty
00000000000000000000000199999954 is empty
00000000000000000000000131820748 is empty
00000000000000000000000199999810 is empty
00000000000000000000000199999995 is empty
00000000000000000000000198419207 is empty
00000000000000000000000199999255 is empty
00000000000000000000000199992511 is empty
00000000000000000000000199999991 is empty
00000000000000000000000200000000 is empty
00000000000000000000000147229694 is empty
00000000000000000000000198428771 is empty
00000000000000000000000199999741 is empty
00000000000000000000000198068309 is empty
00000000000000000000000199999995 is empty
00000000000000000000000199999969 is empty
00000000000000000000000189840974 is empty
00000000000000000000000199999081 is empty
00000000000000000000000199999196 is empty
00000000000000000000000199998355 is empty
00000000000000000000000199168676 is empty
00000000000000000000000199999996 is empty
00000000000000000000000199976322 is empty
00000000000000000000000199999980 is empty
00000000000000000000000199999989 is empty
00000000000000000000000200000000 is empty
00000000000000000000000199979665 is empty
00000000000000000000000199875186 is empty
00000000000000000000000199999882 is empty
00000000000000000000000199999995 is empty
00000000000000000000000200000000 is empty
00000000000000000000000200000000 is empty
00000000000000000000000199998828 is empty
00000000000000000000000199999992 is empty
00000000000000000000000199999812 is empty
00000000000000000000000199741572 is empty
00000000000000000000000193795653 is empty
00000000000000000000000195562953 is empty
00000000000000000000000199733179 is empty
00000000000000000000000199999727 is empty
00000000000000000000000199972162 is empty
00000000000000000000000199779645 is empty
00000000000000000000000165785731 is empty
00000000000000000000000199999595 is empty
00000000000000000000000165060493 is empty
00000000000000000000000199999753 is empty
00000000000000000000000199994335 is empty
00000000000000000000000199999988 is empty
00000000000000000000000199999987 is empty
00000000000000000000000199669624 is empty
00000000000000000000000190840884 is empty
00000000000000000000000199552525 is empty
00000000000000000000000200000000 is empty
00000000000000000000000199998427 is empty
00000000000000000000000199687987 is empty
00000000000000000000000199995887 is empty
00000000000000000000000199999976 is empty
00000000000000000000000200000000 is empty
00000000000000000000000174974269 is empty
00000000000000000000000199999997 is empty
00000000000000000000000199943887 is empty
00000000000000000000000199808821 is empty
00000000000000000000000199919493 is empty
00000000000000000000000112620755 is empty
00000000000000000000000194585038 is empty
00000000000000000000000199999824 is empty
00000000000000000000000199999997 is empty
00000000000000000000000200000000 is empty
00000000000000000000000199833306 is empty
00000000000000000000000196049949 is empty
00000000000000000000000199999090 is empty
00000000000000000000000199997841 is empty
00000000000000000000000199924885 is empty
00000000000000000000000199999928 is empty
00000000000000000000000115570799 is empty
00000000000000000000000187884216 is empty
00000000000000000000000199995021 is empty
00000000000000000000000199982530 is empty
00000000000000000000000199987489 is empty
00000000000000000000000199999990 is empty
00000000000000000000000199998553 is empty
00000000000000000000000199924593 is empty
00000000000000000000000199999989 is empty
00000000000000000000000199999999 is empty
00000000000000000000000199999765 is empty
00000000000000000000000199644371 is empty
00000000000000000000000199999996 is empty
00000000000000000000000199997100 is empty
00000000000000000000000199998112 is empty
00000000000000000000000197477306 is empty
00000000000000000000000200000000 is empty
00000000000000000000000199366541 is empty
00000000000000000000000199995564 is empty
00000000000000000000000198058280 is empty
00000000000000000000000199933893 is empty
00000000000000000000000198889234 is empty
00000000000000000000000195335373 is empty
00000000000000000000000200000000 is empty
00000000000000000000000199999811 is empty
00000000000000000000000199879182 is empty
00000000000000000000000199999673 is empty
00000000000000000000000141194279 is empty
00000000000000000000000182784758 is empty
00000000000000000000000199570893 is empty
00000000000000000000000199999437 is empty
00000000000000000000000199902148 is empty
00000000000000000000000199999963 is empty
00000000000000000000000199935343 is empty
00000000000000000000000198146883 is empty
00000000000000000000000188799787 is empty
00000000000000000000000199919714 is empty
00000000000000000000000199969947 is empty
00000000000000000000000177224774 is empty
00000000000000000000000199999979 is empty
00000000000000000000000199566399 is empty
00000000000000000000000199999823 is empty
00000000000000000000000199508199 is empty
00000000000000000000000199989118 is empty
00000000000000000000000198732275 is empty
00000000000000000000000199999997 is empty
00000000000000000000000199994203 is empty
00000000000000000000000198657754 is empty
00000000000000000000000199999984 is empty
00000000000000000000000199920211 is empty
00000000000000000000000199999990 is empty
00000000000000000000000199999620 is empty
00000000000000000000000199998332 is empty
00000000000000000000000196628916 is empty
00000000000000000000000199997800 is empty
00000000000000000000000199999986 is empty
00000000000000000000000199997166 is empty
00000000000000000000000199229396 is empty
00000000000000000000000199790552 is empty
00000000000000000000000199948599 is empty
00000000000000000000000200000000 is empty
00000000000000000000000137775068 is empty
00000000000000000000000200000000 is empty
00000000000000000000000191101881 is empty
00000000000000000000000199848032 is empty
00000000000000000000000199999870 is empty
00000000000000000000000200000000 is empty
00000000000000000000000199999985 is empty
00000000000000000000000199999994 is empty
00000000000000000000000199266365 is empty
00000000000000000000000199999995 is empty
00000000000000000000000199948063 is empty
00000000000000000000000199999997 is empty
00000000000000000000000199999847 is empty
00000000000000000000000199698266 is empty
00000000000000000000000199999922 is empty
00000000000000000000000123656934 is empty
00000000000000000000000199999741 is empty
00000000000000000000000199999736 is empty
00000000000000000000000199999997 is empty
00000000000000000000000199999995 is empty
00000000000000000000000199994089 is empty
00000000000000000000000198319280 is empty
00000000000000000000000157932692 is empty
00000000000000000000000199999988 is empty
00000000000000000000000197960635 is empty
00000000000000000000000199999943 is empty
00000000000000000000000199998347 is empty
00000000000000000000000199999999 is empty
00000000000000000000000199992894 is empty
00000000000000000000000163755111 is empty
00000000000000000000000175477831 is empty
00000000000000000000000199765164 is empty
00000000000000000000000199831608 is empty
00000000000000000000000198727749 is empty
00000000000000000000000199999169 is empty
00000000000000000000000199999822 is empty
00000000000000000000000199966300 is empty
00000000000000000000000199999948 is empty
00000000000000000000000192490564 is empty
00000000000000000000000197805264 is empty
00000000000000000000000171479860 is empty
00000000000000000000000199999292 is empty
00000000000000000000000167842193 is empty
00000000000000000000000199999803 is empty
00000000000000000000000148076612 is empty
00000000000000000000000196352933 is empty
00000000000000000000000199999297 is empty
00000000000000000000000199644796 is empty
00000000000000000000000199796649 is empty
00000000000000000000000199999999 is empty
00000000000000000000000199999904 is empty
00000000000000000000000200000000 is empty
00000000000000000000000199998607 is empty
00000000000000000000000196663261 is empty
00000000000000000000000199999969 is empty
00000000000000000000000186939054 is empty
00000000000000000000000184781917 is empty
00000000000000000000000200000000 is empty
00000000000000000000000199954611 is empty
00000000000000000000000199999967 is empty
00000000000000000000000199999796 is empty
00000000000000000000000199080208 is empty
00000000000000000000000199983901 is empty
00000000000000000000000199609778 is empty
00000000000000000000000154564899 is empty
00000000000000000000000199999915 is empty
00000000000000000000000153143458 is empty
00000000000000000000000173565086 is empty
00000000000000000000000200000000 is empty
00000000000000000000000199948152 is empty
00000000000000000000000197902200 is empty
00000000000000000000000199986188 is empty
00000000000000000000000197473656 is empty
00000000000000000000000199984213 is empty
00000000000000000000000199774979 is empty
00000000000000000000000199999995 is empty
00000000000000000000000199144138 is empty
00000000000000000000000199999921 is empty
00000000000000000000000199799650 is empty
00000000000000000000000199999672 is empty
00000000000000000000000199999926 is empty
00000000000000000000000199863263 is empty
00000000000000000000000199999877 is empty
00000000000000000000000199999997 is empty
00000000000000000000000199940779 is empty
00000000000000000000000199998914 is empty
00000000000000000000000143230052 is empty
00000000000000000000000195040825 is empty
00000000000000000000000199919012 is empty
00000000000000000000000199999997 is empty
00000000000000000000000199986044 is empty
00000000000000000000000199998917 is empty
00000000000000000000000191145133 is empty
00000000000000000000000199469997 is empty
00000000000000000000000198235449 is empty
00000000000000000000000199999973 is empty
00000000000000000000000199979473 is empty
00000000000000000000000199979743 is empty
00000000000000000000000199999811 is empty
00000000000000000000000199939587 is empty
00000000000000000000000198100751 is empty
00000000000000000000000199999885 is empty
00000000000000000000000199753279 is empty
00000000000000000000000199988537 is empty
00000000000000000000000199958881 is empty
00000000000000000000000126414647 is empty
00000000000000000000000199740518 is empty
00000000000000000000000199993645 is empty
00000000000000000000000200000000 is empty
00000000000000000000000199092271 is empty
00000000000000000000000199991325 is empty
00000000000000000000000199889512 is empty
00000000000000000000000199093961 is empty
00000000000000000000000198505855 is empty
00000000000000000000000199999584 is empty
00000000000000000000000199999959 is empty
00000000000000000000000199710424 is empty
00000000000000000000000190568358 is empty
00000000000000000000000192715121 is empty
00000000000000000000000199985962 is empty
00000000000000000000000199979296 is empty
00000000000000000000000199999965 is empty
00000000000000000000000200000000 is empty
00000000000000000000000194331085 is empty
00000000000000000000000199994137 is empty
00000000000000000000000188720506 is empty
00000000000000000000000198481740 is empty
00000000000000000000000199961893 is empty
00000000000000000000000199778398 is empty
00000000000000000000000173201607 is empty
00000000000000000000000200000000 is empty
00000000000000000000000199983600 is empty
00000000000000000000000195597295 is empty
00000000000000000000000199999986 is empty
00000000000000000000000199998962 is empty
00000000000000000000000199999600 is empty
00000000000000000000000199999938 is empty
00000000000000000000000164078165 is empty
00000000000000000000000199999104 is empty
00000000000000000000000200000000 is empty
00000000000000000000000199990426 is empty
00000000000000000000000199896340 is empty
00000000000000000000000199998697 is empty
00000000000000000000000199982281 is empty
00000000000000000000000146928089 is empty
00000000000000000000000199999999 is empty
00000000000000000000000199998729 is empty
00000000000000000000000114836693 is empty
00000000000000000000000199981695 is empty
00000000000000000000000199999415 is empty
00000000000000000000000199999792 is empty
00000000000000000000000199998760 is empty
00000000000000000000000198817789 is empty
00000000000000000000000186805947 is empty
00000000000000000000000199992745 is empty
00000000000000000000000199914291 is empty
00000000000000000000000160646503 is empty
00000000000000000000000199995722 is empty
00000000000000000000000199997214 is empty
00000000000000000000000199991678 is empty
00000000000000000000000199939528 is empty
00000000000000000000000199996512 is empty
00000000000000000000000200000000 is empty
00000000000000000000000199381582 is empty
00000000000000000000000198618856 is empty
00000000000000000000000195290204 is empty
00000000000000000000000195922358 is empty
00000000000000000000000199994090 is empty
00000000000000000000000199997567 is empty
00000000000000000000000199999800 is empty
00000000000000000000000199768890 is empty
00000000000000000000000199999783 is empty
00000000000000000000000199997088 is empty
00000000000000000000000199999997 is empty
00000000000000000000000199998025 is empty
00000000000000000000000199534108 is empty
00000000000000000000000199999792 is empty
00000000000000000000000188771269 is empty
00000000000000000000000199999985 is empty
00000000000000000000000198972910 is empty
00000000000000000000000194561160 is empty
00000000000000000000000198988136 is empty
00000000000000000000000199997608 is empty
00000000000000000000000199999997 is empty
00000000000000000000000182814592 is empty
00000000000000000000000199998973 is empty
00000000000000000000000195759215 is empty
00000000000000000000000199994008 is empty
00000000000000000000000200000000 is empty
00000000000000000000000199999882 is empty
00000000000000000000000199729112 is empty
00000000000000000000000199999744 is empty
00000000000000000000000199999881 is empty
00000000000000000000000199999987 is empty
00000000000000000000000199999920 is empty
00000000000000000000000199998840 is empty
00000000000000000000000199799572 is empty
00000000000000000000000200000000 is empty
00000000000000000000000199970594 is empty
00000000000000000000000199989450 is empty
00000000000000000000000199897179 is empty
00000000000000000000000199999990 is empty
00000000000000000000000199999804 is empty
00000000000000000000000199999595 is empty
00000000000000000000000199997848 is empty
00000000000000000000000199999996 is empty
00000000000000000000000199999990 is empty
00000000000000000000000199988637 is empty
00000000000000000000000126331218 is empty
00000000000000000000000199999617 is empty
00000000000000000000000199983642 is empty
00000000000000000000000197416919 is empty
00000000000000000000000195771917 is empty
00000000000000000000000199999982 is empty
00000000000000000000000181220023 is empty
00000000000000000000000199980413 is empty
00000000000000000000000199999316 is empty
00000000000000000000000199999993 is empty
00000000000000000000000199999997 is empty
00000000000000000000000199988045 is empty
00000000000000000000000199999133 is empty
00000000000000000000000199999992 is empty
00000000000000000000000199983023 is empty
00000000000000000000000199945487 is empty
00000000000000000000000199851754 is empty
00000000000000000000000198183278 is empty
00000000000000000000000199544559 is empty
00000000000000000000000199635665 is empty
00000000000000000000000199999997 is empty
00000000000000000000000199787458 is empty
00000000000000000000000162453955 is empty
00000000000000000000000199999997 is empty
00000000000000000000000199801567 is empty
00000000000000000000000199921828 is empty
00000000000000000000000198808397 is empty
00000000000000000000000199998330 is empty
00000000000000000000000199999959 is empty
00000000000000000000000199691212 is empty
00000000000000000000000199442555 is empty
00000000000000000000000200000000 is empty
00000000000000000000000200000000 is empty
00000000000000000000000199999796 is empty
00000000000000000000000199260318 is empty
00000000000000000000000199999948 is empty
00000000000000000000000199999975 is empty
00000000000000000000000199892681 is empty
00000000000000000000000199039067 is empty
00000000000000000000000199999743 is empty
00000000000000000000000199999946 is empty
00000000000000000000000199999911 is empty
00000000000000000000000199996783 is empty
00000000000000000000000180582475 is empty
00000000000000000000000199910683 is empty
00000000000000000000000199970204 is empty
00000000000000000000000199999454 is empty
00000000000000000000000200000000 is empty
00000000000000000000000199999995 is empty
00000000000000000000000199255926 is empty
00000000000000000000000200000000 is empty
00000000000000000000000199998396 is empty
00000000000000000000000199999995 is empty
00000000000000000000000199999999 is empty
00000000000000000000000157495074 is empty
00000000000000000000000174295988 is empty
00000000000000000000000199999993 is empty
00000000000000000000000173935429 is empty
00000000000000000000000199923404 is empty
00000000000000000000000199998542 is empty
00000000000000000000000199999988 is empty
00000000000000000000000199999965 is empty
00000000000000000000000199580434 is empty
00000000000000000000000199999999 is empty
00000000000000000000000199999975 is empty
00000000000000000000000199997469 is empty
00000000000000000000000199998511 is empty
00000000000000000000000199992101 is empty
00000000000000000000000199988654 is empty
00000000000000000000000198788216 is empty
00000000000000000000000199969414 is empty
00000000000000000000000199999983 is empty
00000000000000000000000199999864 is empty
00000000000000000000000198848388 is empty
00000000000000000000000199195443 is empty
00000000000000000000000199943845 is empty
00000000000000000000000187087605 is empty
00000000000000000000000199999996 is empty
00000000000000000000000199999854 is empty
00000000000000000000000199999985 is empty
00000000000000000000000199999149 is empty
00000000000000000000000177958039 is empty
00000000000000000000000196538810 is empty
00000000000000000000000199998695 is empty
00000000000000000000000199988497 is empty
00000000000000000000000199995373 is empty
00000000000000000000000199964603 is empty
00000000000000000000000194701166 is empty
00000000000000000000000172355243 is empty
00000000000000000000000182364241 is empty
00000000000000000000000199999999 is empty
00000000000000000000000198908083 is empty
00000000000000000000000199713559 is empty
00000000000000000000000199999784 is empty
00000000000000000000000199999517 is empty
00000000000000000000000199999984 is empty
00000000000000000000000199999976 is empty
00000000000000000000000199616202 is empty
00000000000000000000000189111116 is empty
00000000000000000000000184230108 is empty
00000000000000000000000197598184 is empty
00000000000000000000000199999996 is empty
00000000000000000000000199999999 is empty
00000000000000000000000199996711 is empty
00000000000000000000000199999875 is empty
00000000000000000000000199837647 is empty
00000000000000000000000199999813 is empty
00000000000000000000000199999996 is empty
00000000000000000000000197234196 is empty
00000000000000000000000182915717 is empty
00000000000000000000000199997344 is empty
00000000000000000000000199998537 is empty
00000000000000000000000199975015 is empty
00000000000000000000000152047136 is empty
00000000000000000000000199733345 is empty
00000000000000000000000173455148 is empty
00000000000000000000000199999997 is empty
00000000000000000000000200000000 is empty
00000000000000000000000181089555 is empty
00000000000000000000000199969111 is empty
00000000000000000000000193244988 is empty
00000000000000000000000199999828 is empty
00000000000000000000000133414083 is empty
00000000000000000000000187183060 is empty
00000000000000000000000199905260 is empty
00000000000000000000000195801507 is empty
00000000000000000000000158695614 is empty
00000000000000000000000199999987 is empty
00000000000000000000000199999987 is empty
00000000000000000000000199133631 is empty
00000000000000000000000199830025 is empty
00000000000000000000000199999815 is empty
00000000000000000000000199996210 is empty
00000000000000000000000146298456 is empty
00000000000000000000000199437565 is empty
00000000000000000000000146180083 is empty
00000000000000000000000199999997 is empty
00000000000000000000000199999921 is empty
00000000000000000000000199858412 is empty
00000000000000000000000199999993 is empty
00000000000000000000000199870005 is empty
00000000000000000000000199999129 is empty
00000000000000000000000199999533 is empty
00000000000000000000000200000000 is empty
00000000000000000000000199998750 is empty
00000000000000000000000199999768 is empty
00000000000000000000000199992936 is empty
00000000000000000000000199799487 is empty
00000000000000000000000195812153 is empty
00000000000000000000000199966385 is empty
00000000000000000000000199997705 is empty
00000000000000000000000199999448 is empty
00000000000000000000000168847492 is empty
00000000000000000000000191877919 is empty
00000000000000000000000193170985 is empty
00000000000000000000000199503674 is empty
00000000000000000000000199017400 is empty
00000000000000000000000199999992 is empty
00000000000000000000000199999589 is empty
00000000000000000000000186710626 is empty
00000000000000000000000199998072 is empty
00000000000000000000000199985393 is empty
00000000000000000000000199999997 is empty
00000000000000000000000199999982 is empty
00000000000000000000000199999951 is empty
00000000000000000000000199999984 is empty
00000000000000000000000199995649 is empty
00000000000000000000000142531042 is empty
00000000000000000000000199999589 is empty
00000000000000000000000199115113 is empty
00000000000000000000000199857653 is empty
00000000000000000000000200000000 is empty
00000000000000000000000199999922 is empty
00000000000000000000000199996407 is empty
00000000000000000000000199996477 is empty
00000000000000000000000192499245 is empty
00000000000000000000000199963357 is empty
00000000000000000000000199995283 is empty
00000000000000000000000157355530 is empty
00000000000000000000000148282282 is empty
00000000000000000000000199866696 is empty
00000000000000000000000189376577 is empty
00000000000000000000000199986192 is empty
00000000000000000000000199999997 is empty
00000000000000000000000185182060 is empty
00000000000000000000000186870291 is empty
00000000000000000000000191813646 is empty
00000000000000000000000199690443 is empty
00000000000000000000000200000000 is empty
00000000000000000000000199999964 is empty
00000000000000000000000199999809 is empty
00000000000000000000000199814558 is empty
00000000000000000000000199986884 is empty
00000000000000000000000199998589 is empty
00000000000000000000000161079372 is empty
00000000000000000000000199999339 is empty
00000000000000000000000190555333 is empty
00000000000000000000000177200516 is empty
00000000000000000000000192501864 is empty
00000000000000000000000199846615 is empty
00000000000000000000000199999944 is empty
00000000000000000000000171413430 is empty
00000000000000000000000199999755 is empty
00000000000000000000000200000000 is empty
00000000000000000000000199992077 is empty
00000000000000000000000197130940 is empty
00000000000000000000000155884490 is empty
00000000000000000000000186544336 is empty
00000000000000000000000194580128 is empty
00000000000000000000000197173893 is empty
00000000000000000000000141389967 is empty
00000000000000000000000199999996 is empty
00000000000000000000000169453580 is empty
00000000000000000000000199986545 is empty
00000000000000000000000199999867 is empty
00000000000000000000000199999999 is empty
00000000000000000000000199903587 is empty
00000000000000000000000199710670 is empty
00000000000000000000000199999871 is empty
00000000000000000000000199999979 is empty
00000000000000000000000199999959 is empty
00000000000000000000000199991036 is empty
00000000000000000000000199566971 is empty
00000000000000000000000198366133 is empty
00000000000000000000000199969057 is empty
00000000000000000000000199995552 is empty
00000000000000000000000199963696 is empty
00000000000000000000000198931584 is empty
00000000000000000000000199998924 is empty
00000000000000000000000181302296 is empty
00000000000000000000000199925870 is empty
00000000000000000000000198004004 is empty
00000000000000000000000199738693 is empty
00000000000000000000000199807238 is empty
00000000000000000000000199999871 is empty
00000000000000000000000199770401 is empty
00000000000000000000000199816059 is empty
00000000000000000000000199999893 is empty
00000000000000000000000171475599 is empty
00000000000000000000000196727975 is empty
00000000000000000000000199999941 is empty
00000000000000000000000173509185 is empty
00000000000000000000000199994151 is empty
00000000000000000000000199601018 is empty
00000000000000000000000199983600 is empty
00000000000000000000000199899315 is empty
00000000000000000000000199999931 is empty
00000000000000000000000199991650 is empty
00000000000000000000000199986391 is empty
00000000000000000000000199909014 is empty
00000000000000000000000178311164 is empty
00000000000000000000000199999994 is empty
00000000000000000000000199959968 is empty
00000000000000000000000199999980 is empty
00000000000000000000000196337300 is empty
00000000000000000000000157787028 is empty
00000000000000000000000199576453 is empty
00000000000000000000000170623247 is empty
00000000000000000000000199999996 is empty
00000000000000000000000180176822 is empty
00000000000000000000000199999990 is empty
00000000000000000000000199901725 is empty
00000000000000000000000199990304 is empty
00000000000000000000000199999885 is empty
00000000000000000000000184384228 is empty
00000000000000000000000199248375 is empty
00000000000000000000000199236518 is empty
00000000000000000000000199999965 is empty
00000000000000000000000199985978 is empty
00000000000000000000000199999991 is empty
00000000000000000000000199999437 is empty
00000000000000000000000200000000 is empty
00000000000000000000000196010970 is empty
00000000000000000000000199999968 is empty
00000000000000000000000199999965 is empty
00000000000000000000000199999640 is empty
00000000000000000000000198366646 is empty
00000000000000000000000125735365 is empty
00000000000000000000000144373746 is empty
00000000000000000000000199999981 is empty
00000000000000000000000199999945 is empty
00000000000000000000000199999902 is empty
00000000000000000000000186862659 is empty
00000000000000000000000109712435 is empty
00000000000000000000000199999870 is empty
00000000000000000000000199999999 is empty
00000000000000000000000199999973 is empty
00000000000000000000000198489232 is empty
00000000000000000000000196147331 is empty
00000000000000000000000199796942 is empty
00000000000000000000000199999809 is empty
00000000000000000000000200000000 is empty
00000000000000000000000199995406 is empty
00000000000000000000000199934584 is empty
00000000000000000000000200000000 is empty
00000000000000000000000195461295 is empty
00000000000000000000000199999958 is empty
00000000000000000000000199998232 is empty
00000000000000000000000180188641 is empty
00000000000000000000000199999999 is empty
00000000000000000000000189768311 is empty
00000000000000000000000186052589 is empty
00000000000000000000000199999890 is empty
00000000000000000000000196688231 is empty
00000000000000000000000193483843 is empty
00000000000000000000000199998571 is empty
00000000000000000000000189440004 is empty
00000000000000000000000199994457 is empty
00000000000000000000000196852457 is empty
00000000000000000000000199999903 is empty
00000000000000000000000186400003 is empty
00000000000000000000000199998024 is empty
00000000000000000000000199999997 is empty
00000000000000000000000199860429 is empty
00000000000000000000000197810280 is empty
00000000000000000000000199999858 is empty
00000000000000000000000197495885 is empty
00000000000000000000000199941194 is empty
00000000000000000000000196453159 is empty
00000000000000000000000199785725 is empty
00000000000000000000000199098100 is empty
00000000000000000000000173000930 is empty
00000000000000000000000189149960 is empty
00000000000000000000000199987689 is empty
00000000000000000000000199879827 is empty
00000000000000000000000199999606 is empty
00000000000000000000000199969849 is empty
00000000000000000000000199999954 is empty
00000000000000000000000199987304 is empty
00000000000000000000000199052220 is empty
00000000000000000000000199964938 is empty
00000000000000000000000199999983 is empty
00000000000000000000000199999999 is empty
00000000000000000000000161122290 is empty
00000000000000000000000199999996 is empty
00000000000000000000000199999814 is empty
00000000000000000000000200000000 is empty
00000000000000000000000199962279 is empty
00000000000000000000000199999963 is empty
00000000000000000000000199982097 is empty
00000000000000000000000197916053 is empty
00000000000000000000000197722282 is empty
00000000000000000000000199945848 is empty
00000000000000000000000199999900 is empty
00000000000000000000000199855922 is empty
00000000000000000000000199867525 is empty
00000000000000000000000199999980 is empty
00000000000000000000000199999997 is empty
00000000000000000000000191625989 is empty
00000000000000000000000110175528 is empty
00000000000000000000000196255726 is empty
00000000000000000000000199995359 is empty
00000000000000000000000137588723 is empty
00000000000000000000000199999984 is empty
00000000000000000000000199062144 is empty
00000000000000000000000199956407 is empty
00000000000000000000000195195642 is empty
00000000000000000000000199943897 is empty
00000000000000000000000199998121 is empty
00000000000000000000000183035869 is empty
00000000000000000000000199999992 is empty
00000000000000000000000199877482 is empty
00000000000000000000000143801320 is empty
00000000000000000000000197878149 is empty
00000000000000000000000199914187 is empty
00000000000000000000000199999985 is empty
00000000000000000000000199997149 is empty
00000000000000000000000199999994 is empty
00000000000000000000000199986436 is empty
00000000000000000000000200000000 is empty
00000000000000000000000199596255 is empty
00000000000000000000000199960213 is empty
00000000000000000000000196233874 is empty
00000000000000000000000157370177 is empty
00000000000000000000000200000000 is empty
00000000000000000000000199985300 is empty
00000000000000000000000199999999 is empty
00000000000000000000000198151053 is empty
00000000000000000000000193566179 is empty
00000000000000000000000199971252 is empty
00000000000000000000000199999163 is empty
00000000000000000000000199996334 is empty
00000000000000000000000199999999 is empty
00000000000000000000000199999962 is empty
00000000000000000000000199458457 is empty
00000000000000000000000199999441 is empty
00000000000000000000000125522995 is empty
00000000000000000000000199999619 is empty
00000000000000000000000199999638 is empty
00000000000000000000000200000000 is empty
00000000000000000000000192592321 is empty
00000000000000000000000199999916 is empty
00000000000000000000000199052508 is empty
00000000000000000000000171148237 is empty
00000000000000000000000199977158 is empty
00000000000000000000000199970513 is empty
00000000000000000000000167960663 is empty
00000000000000000000000199999985 is empty
00000000000000000000000199946584 is empty
00000000000000000000000192896322 is empty
00000000000000000000000199994296 is empty
00000000000000000000000199999999 is empty
00000000000000000000000191661716 is empty
00000000000000000000000199999996 is empty
00000000000000000000000199996158 is empty
00000000000000000000000199997808 is empty
00000000000000000000000139355136 is empty
00000000000000000000000161703038 is empty
00000000000000000000000199954338 is empty
00000000000000000000000199999606 is empty
00000000000000000000000199998841 is empty
00000000000000000000000199999451 is empty
00000000000000000000000199996854 is empty
00000000000000000000000199997232 is empty
00000000000000000000000181552443 is empty
00000000000000000000000199848661 is empty
00000000000000000000000199999370 is empty
00000000000000000000000199999944 is empty
00000000000000000000000199907928 is empty
00000000000000000000000199999516 is empty
00000000000000000000000199998510 is empty
00000000000000000000000200000000 is empty
00000000000000000000000199791970 is empty
00000000000000000000000198948461 is empty
00000000000000000000000199076126 is empty
00000000000000000000000198738014 is empty
00000000000000000000000199999955 is empty
00000000000000000000000199999982 is empty
00000000000000000000000199296709 is empty
00000000000000000000000120109573 is empty
00000000000000000000000199987237 is empty
00000000000000000000000199975884 is empty
00000000000000000000000199734219 is empty
00000000000000000000000199999996 is empty
00000000000000000000000196146908 is empty
00000000000000000000000200000000 is empty
00000000000000000000000199967150 is empty
00000000000000000000000129742731 is empty
00000000000000000000000151386940 is empty
00000000000000000000000199999999 is empty
00000000000000000000000192813145 is empty
00000000000000000000000200000000 is empty
00000000000000000000000199999999 is empty
00000000000000000000000199999996 is empty
00000000000000000000000199999382 is empty
00000000000000000000000199999935 is empty
00000000000000000000000199187453 is empty
00000000000000000000000199998002 is empty
00000000000000000000000199078470 is empty
00000000000000000000000199999999 is empty
00000000000000000000000199904669 is empty
00000000000000000000000199198652 is empty
00000000000000000000000199650612 is empty
00000000000000000000000197941326 is empty
00000000000000000000000199997792 is empty
00000000000000000000000199948549 is empty
00000000000000000000000199999979 is empty
00000000000000000000000200000000 is empty
00000000000000000000000199999999 is empty
00000000000000000000000150261919 is empty
00000000000000000000000199999334 is empty
00000000000000000000000175279133 is empty
00000000000000000000000199994247 is empty
00000000000000000000000199967203 is empty
00000000000000000000000181814833 is empty
00000000000000000000000189410123 is empty
00000000000000000000000199999239 is empty
00000000000000000000000137813660 is empty
00000000000000000000000199860759 is empty
00000000000000000000000199982432 is empty
00000000000000000000000128638026 is empty
00000000000000000000000190725050 is empty
00000000000000000000000199902321 is empty
00000000000000000000000199999996 is empty
00000000000000000000000199979541 is empty
00000000000000000000000199996818 is empty
00000000000000000000000199999981 is empty
00000000000000000000000199580989 is empty
00000000000000000000000184137747 is empty
00000000000000000000000199999585 is empty
00000000000000000000000199133265 is empty
00000000000000000000000199996123 is empty
00000000000000000000000199998952 is empty
00000000000000000000000199999859 is empty
00000000000000000000000199992936 is empty
00000000000000000000000199130378 is empty
00000000000000000000000199998748 is empty
00000000000000000000000199537011 is empty
00000000000000000000000199999989 is empty
00000000000000000000000199773134 is empty
00000000000000000000000199999845 is empty
00000000000000000000000199988294 is empty
00000000000000000000000199999997 is empty
00000000000000000000000200000000 is empty
00000000000000000000000198286730 is empty
00000000000000000000000199999951 is empty
00000000000000000000000199999979 is empty
00000000000000000000000199996268 is empty
00000000000000000000000156953100 is empty
00000000000000000000000189272823 is empty
00000000000000000000000143517071 is empty
00000000000000000000000199999920 is empty
00000000000000000000000199998780 is empty
00000000000000000000000133897817 is empty
00000000000000000000000193294077 is empty
00000000000000000000000199999994 is empty
00000000000000000000000199998170 is empty
00000000000000000000000198538180 is empty
00000000000000000000000199810611 is empty
00000000000000000000000199666409 is empty
00000000000000000000000199999991 is empty
00000000000000000000000199938469 is empty
00000000000000000000000199995411 is empty
00000000000000000000000200000000 is empty
00000000000000000000000199999970 is empty
00000000000000000000000108196614 is empty
00000000000000000000000198931103 is empty
00000000000000000000000199999999 is empty
00000000000000000000000128297119 is empty
00000000000000000000000199336180 is empty
00000000000000000000000199798427 is empty
00000000000000000000000199999946 is empty
00000000000000000000000198439315 is empty
00000000000000000000000199999633 is empty
00000000000000000000000199982371 is empty
00000000000000000000000199999966 is empty
00000000000000000000000199945910 is empty
00000000000000000000000199826464 is empty
00000000000000000000000200000000 is empty
00000000000000000000000199993081 is empty
00000000000000000000000199986016 is empty
00000000000000000000000199999491 is empty
00000000000000000000000191793063 is empty
00000000000000000000000199999877 is empty
00000000000000000000000198191779 is empty
00000000000000000000000199997012 is empty
00000000000000000000000163835429 is empty
00000000000000000000000198630408 is empty
00000000000000000000000199999805 is empty
00000000000000000000000199999996 is empty
00000000000000000000000199723576 is empty
00000000000000000000000199999661 is empty
00000000000000000000000199999947 is empty
00000000000000000000000199999997 is empty
00000000000000000000000199999849 is empty
00000000000000000000000199145281 is empty
00000000000000000000000199999990 is empty
00000000000000000000000199999252 is empty
00000000000000000000000199985060 is empty
00000000000000000000000199999746 is empty
00000000000000000000000199330234 is empty
00000000000000000000000199996039 is empty
00000000000000000000000198939586 is empty
00000000000000000000000199967466 is empty
00000000000000000000000199999132 is empty
00000000000000000000000199998002 is empty
00000000000000000000000199999983 is empty
00000000000000000000000199999954 is empty
00000000000000000000000199167014 is empty
00000000000000000000000199999996 is empty
00000000000000000000000199489605 is empty
00000000000000000000000195759754 is empty
00000000000000000000000198525760 is empty
00000000000000000000000199561921 is empty
00000000000000000000000199651204 is empty
00000000000000000000000199993410 is empty
00000000000000000000000120697952 is empty
00000000000000000000000199999951 is empty
00000000000000000000000193085674 is empty
00000000000000000000000199960430 is empty
00000000000000000000000199477905 is empty
00000000000000000000000200000000 is empty
00000000000000000000000199999646 is empty
00000000000000000000000197152801 is empty
00000000000000000000000199712950 is empty
00000000000000000000000199897672 is empty
00000000000000000000000187001782 is empty
00000000000000000000000199991261 is empty
00000000000000000000000199989463 is empty
00000000000000000000000199999999 is empty
00000000000000000000000199853792 is empty
00000000000000000000000199999926 is empty
00000000000000000000000199999995 is empty
00000000000000000000000199999999 is empty
00000000000000000000000199999972 is empty
00000000000000000000000199999934 is empty
00000000000000000000000199986378 is empty
00000000000000000000000199988487 is empty
00000000000000000000000199979129 is empty
00000000000000000000000197851258 is empty
00000000000000000000000199730341 is empty
00000000000000000000000187714475 is empty
00000000000000000000000199943297 is empty
00000000000000000000000199984215 is empty
00000000000000000000000199999997 is empty
00000000000000000000000199999997 is empty
00000000000000000000000199998214 is empty
00000000000000000000000200000000 is empty
00000000000000000000000199999996 is empty
00000000000000000000000197855766 is empty
00000000000000000000000199849891 is empty
00000000000000000000000199999985 is empty
00000000000000000000000199999566 is empty
00000000000000000000000199999738 is empty
00000000000000000000000199981908 is empty
00000000000000000000000199993835 is empty
00000000000000000000000193133343 is empty
00000000000000000000000186112059 is empty
00000000000000000000000132520226 is empty
00000000000000000000000199998937 is empty
00000000000000000000000199999919 is empty
00000000000000000000000199999871 is empty
00000000000000000000000191783430 is empty
00000000000000000000000182882182 is empty
00000000000000000000000199999997 is empty
00000000000000000000000199913022 is empty
00000000000000000000000188095445 is empty
00000000000000000000000197896732 is empty
00000000000000000000000197749204 is empty
00000000000000000000000200000000 is empty
00000000000000000000000200000000 is empty
00000000000000000000000199999844 is empty
00000000000000000000000199998511 is empty
00000000000000000000000199999718 is empty
00000000000000000000000188836240 is empty
00000000000000000000000199999999 is empty
00000000000000000000000199999187 is empty
00000000000000000000000199995798 is empty
00000000000000000000000199999856 is empty
00000000000000000000000199999964 is empty
00000000000000000000000189134562 is empty
00000000000000000000000199713017 is empty
00000000000000000000000199999857 is empty
00000000000000000000000199579071 is empty
00000000000000000000000122043615 is empty
00000000000000000000000199999973 is empty
00000000000000000000000199999920 is empty
00000000000000000000000199999993 is empty
00000000000000000000000187264453 is empty
00000000000000000000000199463846 is empty
00000000000000000000000199999923 is empty
00000000000000000000000199999983 is empty
00000000000000000000000199542822 is empty
00000000000000000000000199999987 is empty
00000000000000000000000198348010 is empty
00000000000000000000000118464954 is empty
00000000000000000000000199999852 is empty
00000000000000000000000193767801 is empty
00000000000000000000000199908958 is empty
00000000000000000000000199999185 is empty
00000000000000000000000200000000 is empty
00000000000000000000000199968991 is empty
00000000000000000000000199999625 is empty
00000000000000000000000197944467 is empty
00000000000000000000000192135136 is empty
00000000000000000000000199999992 is empty
00000000000000000000000199997794 is empty
00000000000000000000000199999754 is empty
00000000000000000000000190314334 is empty
00000000000000000000000199995373 is empty
00000000000000000000000199955764 is empty
00000000000000000000000199497823 is empty
00000000000000000000000199219257 is empty
00000000000000000000000196098319 is empty
00000000000000000000000199999999 is empty
00000000000000000000000199999999 is empty
00000000000000000000000199999700 is empty
00000000000000000000000199999962 is empty
00000000000000000000000190190762 is empty
00000000000000000000000175342789 is empty
00000000000000000000000199989902 is empty
00000000000000000000000199861552 is empty
00000000000000000000000199308991 is empty
00000000000000000000000199999926 is empty
00000000000000000000000199999349 is empty
00000000000000000000000187376623 is empty
00000000000000000000000199999939 is empty
00000000000000000000000199999922 is empty
00000000000000000000000199999958 is empty
00000000000000000000000199994923 is empty
00000000000000000000000199999431 is empty
00000000000000000000000199984004 is empty
00000000000000000000000199999764 is empty
00000000000000000000000199999987 is empty
00000000000000000000000199997532 is empty
00000000000000000000000196754468 is empty
00000000000000000000000199994594 is empty
00000000000000000000000199999830 is empty
00000000000000000000000199994601 is empty
00000000000000000000000199165501 is empty
00000000000000000000000199996088 is empty
00000000000000000000000199999433 is empty
00000000000000000000000199988612 is empty
00000000000000000000000199999684 is empty
00000000000000000000000197935102 is empty
00000000000000000000000199992590 is empty
00000000000000000000000199988124 is empty
00000000000000000000000199762388 is empty
00000000000000000000000199998388 is empty
00000000000000000000000199999971 is empty
00000000000000000000000199998613 is empty
00000000000000000000000157734499 is empty
00000000000000000000000198485781 is empty
00000000000000000000000199999951 is empty
00000000000000000000000199999961 is empty
00000000000000000000000175602612 is empty
00000000000000000000000199999997 is empty
00000000000000000000000130139101 is empty
00000000000000000000000118018749 is empty
00000000000000000000000200000000 is empty
00000000000000000000000199999999 is empty
00000000000000000000000199998189 is empty
00000000000000000000000194894754 is empty
00000000000000000000000199999999 is empty
00000000000000000000000199999901 is empty
00000000000000000000000199994529 is empty
00000000000000000000000199738451 is empty
00000000000000000000000199999782 is empty
00000000000000000000000199996143 is empty
00000000000000000000000199909122 is empty
00000000000000000000000183824688 is empty
00000000000000000000000199996887 is empty
00000000000000000000000182401251 is empty
00000000000000000000000198406416 is empty
00000000000000000000000199995184 is empty
00000000000000000000000199857275 is empty
00000000000000000000000200000000 is empty
00000000000000000000000199999999 is empty
00000000000000000000000199898750 is empty
00000000000000000000000199999999 is empty
00000000000000000000000199999999 is empty
00000000000000000000000199999715 is empty
00000000000000000000000199999970 is empty
00000000000000000000000199998507 is empty
00000000000000000000000199997535 is empty
00000000000000000000000199997486 is empty
00000000000000000000000199999969 is empty
00000000000000000000000155366846 is empty
00000000000000000000000160293757 is empty
00000000000000000000000191555164 is empty
00000000000000000000000199998577 is empty
00000000000000000000000199999999 is empty
00000000000000000000000199999027 is empty
00000000000000000000000192308735 is empty
00000000000000000000000200000000 is empty
00000000000000000000000199999588 is empty
00000000000000000000000199972958 is empty
00000000000000000000000199999996 is empty
00000000000000000000000199999172 is empty
00000000000000000000000199999224 is empty
00000000000000000000000177418598 is empty
00000000000000000000000192187401 is empty
00000000000000000000000113969739 is empty
00000000000000000000000199999399 is empty
00000000000000000000000200000000 is empty
00000000000000000000000199954402 is empty
00000000000000000000000199997387 is empty
00000000000000000000000187069799 is empty
00000000000000000000000199997837 is empty
00000000000000000000000199979342 is empty
00000000000000000000000127929101 is empty
00000000000000000000000199999639 is empty
00000000000000000000000199999869 is empty
00000000000000000000000199990987 is empty
00000000000000000000000199999940 is empty
00000000000000000000000120525011 is empty
00000000000000000000000199996213 is empty
00000000000000000000000199777087 is empty
00000000000000000000000199999984 is empty
00000000000000000000000199997122 is empty
00000000000000000000000199999938 is empty
00000000000000000000000199999938 is empty
00000000000000000000000200000000 is empty
00000000000000000000000199999313 is empty
00000000000000000000000146931058 is empty
00000000000000000000000191209575 is empty
00000000000000000000000149334924 is empty
00000000000000000000000199526432 is empty
00000000000000000000000200000000 is empty
00000000000000000000000199896510 is empty
00000000000000000000000199945749 is empty
00000000000000000000000199590541 is empty
00000000000000000000000199999973 is empty
00000000000000000000000199999879 is empty
00000000000000000000000199231316 is empty
00000000000000000000000199595586 is empty
00000000000000000000000199931183 is empty
00000000000000000000000171816437 is empty
00000000000000000000000199999995 is empty
00000000000000000000000199999881 is empty
00000000000000000000000199995415 is empty
00000000000000000000000187055560 is empty
00000000000000000000000198185259 is empty
00000000000000000000000170881579 is empty
00000000000000000000000199999994 is empty
00000000000000000000000199959537 is empty
00000000000000000000000199999476 is empty
00000000000000000000000199999969 is empty
00000000000000000000000198622457 is empty
00000000000000000000000197870310 is empty
00000000000000000000000199824938 is empty
00000000000000000000000190258497 is empty
00000000000000000000000199999824 is empty
00000000000000000000000199999997 is empty
00000000000000000000000199999905 is empty
00000000000000000000000199997277 is empty
00000000000000000000000199999854 is empty
00000000000000000000000199999996 is empty
00000000000000000000000198460245 is empty
00000000000000000000000199619026 is empty
00000000000000000000000198637207 is empty
00000000000000000000000199999848 is empty
00000000000000000000000199999995 is empty
00000000000000000000000199998415 is empty
00000000000000000000000199999996 is empty
00000000000000000000000199965260 is empty
00000000000000000000000199999546 is empty
00000000000000000000000198986833 is empty
00000000000000000000000184007164 is empty
00000000000000000000000199999997 is empty
00000000000000000000000197978081 is empty
00000000000000000000000199999927 is empty
00000000000000000000000199999969 is empty
00000000000000000000000199999265 is empty
00000000000000000000000108554135 is empty
00000000000000000000000199999711 is empty
00000000000000000000000199999980 is empty
00000000000000000000000199985562 is empty
00000000000000000000000199990768 is empty
00000000000000000000000199285432 is empty
00000000000000000000000200000000 is empty
00000000000000000000000199951789 is empty
00000000000000000000000199999460 is empty
00000000000000000000000199998134 is empty
00000000000000000000000199087757 is empty
00000000000000000000000199999935 is empty
00000000000000000000000199999093 is empty
00000000000000000000000199586339 is empty
00000000000000000000000199999923 is empty
00000000000000000000000198878319 is empty
00000000000000000000000196670954 is empty
00000000000000000000000199996625 is empty
00000000000000000000000200000000 is empty
00000000000000000000000199999997 is empty
00000000000000000000000200000000 is empty
00000000000000000000000199997717 is empty
00000000000000000000000199887038 is empty
00000000000000000000000199999992 is empty
00000000000000000000000199999990 is empty
00000000000000000000000199627324 is empty
00000000000000000000000199810244 is empty
00000000000000000000000199998346 is empty
00000000000000000000000199986212 is empty
00000000000000000000000199999888 is empty
00000000000000000000000199999989 is empty
00000000000000000000000195144376 is empty
00000000000000000000000199999997 is empty
00000000000000000000000199999928 is empty
00000000000000000000000184642772 is empty
00000000000000000000000190023913 is empty
00000000000000000000000199999867 is empty
00000000000000000000000199961872 is empty
00000000000000000000000194697985 is empty
00000000000000000000000199993510 is empty
00000000000000000000000197105655 is empty
00000000000000000000000199997640 is empty
00000000000000000000000199999844 is empty
00000000000000000000000199999994 is empty
00000000000000000000000199940657 is empty
00000000000000000000000199997724 is empty
00000000000000000000000199998110 is empty
00000000000000000000000198547329 is empty
00000000000000000000000200000000 is empty
00000000000000000000000198930554 is empty
00000000000000000000000199989783 is empty
00000000000000000000000197813278 is empty
00000000000000000000000199997478 is empty
00000000000000000000000198725251 is empty
00000000000000000000000199999958 is empty
00000000000000000000000199999997 is empty
00000000000000000000000198852600 is empty
00000000000000000000000199999750 is empty
00000000000000000000000199999974 is empty
00000000000000000000000199999656 is empty
00000000000000000000000199999964 is empty
00000000000000000000000199933047 is empty
00000000000000000000000199815562 is empty
00000000000000000000000199906444 is empty
00000000000000000000000199999994 is empty
00000000000000000000000199996446 is empty
00000000000000000000000199992375 is empty
00000000000000000000000199979757 is empty
00000000000000000000000199999747 is empty
00000000000000000000000199993769 is empty
00000000000000000000000199999918 is empty
00000000000000000000000199051820 is empty
00000000000000000000000192729774 is empty
00000000000000000000000199212400 is empty
00000000000000000000000199999994 is empty
00000000000000000000000136506047 is empty
00000000000000000000000182741931 is empty
00000000000000000000000199998081 is empty
00000000000000000000000199942662 is empty
00000000000000000000000199918492 is empty
00000000000000000000000198649719 is empty
00000000000000000000000199999536 is empty
00000000000000000000000200000000 is empty
00000000000000000000000199430396 is empty
00000000000000000000000143813359 is empty
00000000000000000000000198504727 is empty
00000000000000000000000199963244 is empty
00000000000000000000000199905030 is empty
00000000000000000000000199999881 is empty
00000000000000000000000200000000 is empty
00000000000000000000000199770154 is empty
00000000000000000000000199999355 is empty
00000000000000000000000199996899 is empty
00000000000000000000000199999993 is empty
00000000000000000000000199999695 is empty
00000000000000000000000199999999 is empty
00000000000000000000000186454437 is empty
00000000000000000000000199999217 is empty
00000000000000000000000199999992 is empty
00000000000000000000000114489938 is empty
00000000000000000000000200000000 is empty
00000000000000000000000199999987 is empty
00000000000000000000000199890179 is empty
00000000000000000000000185630120 is empty
00000000000000000000000181471865 is empty
00000000000000000000000199999936 is empty
00000000000000000000000167231903 is empty
00000000000000000000000199971520 is empty
00000000000000000000000199999999 is empty
00000000000000000000000199993453 is empty
00000000000000000000000200000000 is empty
00000000000000000000000199680796 is empty
00000000000000000000000199973730 is empty
00000000000000000000000199999997 is empty
00000000000000000000000199885843 is empty
00000000000000000000000199373939 is empty
00000000000000000000000199999930 is empty
00000000000000000000000197381308 is empty
00000000000000000000000199979858 is empty
00000000000000000000000127686168 is empty
00000000000000000000000199921260 is empty
00000000000000000000000169289505 is empty
00000000000000000000000199924841 is empty
00000000000000000000000199655348 is empty
00000000000000000000000199977171 is empty
00000000000000000000000152900033 is empty
00000000000000000000000154174984 is empty
00000000000000000000000199998035 is empty
00000000000000000000000199999984 is empty
00000000000000000000000197600173 is empty
00000000000000000000000199996950 is empty
00000000000000000000000196757503 is empty
00000000000000000000000197683988 is empty
00000000000000000000000199999994 is empty
00000000000000000000000199989725 is empty
00000000000000000000000199546516 is empty
00000000000000000000000200000000 is empty
00000000000000000000000164034187 is empty
00000000000000000000000199999999 is empty
00000000000000000000000200000000 is empty
00000000000000000000000199558142 is empty
00000000000000000000000199999991 is empty
00000000000000000000000199999956 is empty
00000000000000000000000199357970 is empty
00000000000000000000000186853660 is empty
00000000000000000000000199999996 is empty
00000000000000000000000199787413 is empty
00000000000000000000000199999951 is empty
00000000000000000000000199999997 is empty
00000000000000000000000199999948 is empty
00000000000000000000000199999941 is empty
00000000000000000000000199999893 is empty
00000000000000000000000197534562 is empty
00000000000000000000000199999295 is empty
00000000000000000000000200000000 is empty
00000000000000000000000187007614 is empty
00000000000000000000000200000000 is empty
00000000000000000000000199533692 is empty
00000000000000000000000199999677 is empty
00000000000000000000000134728319 is empty
00000000000000000000000199976440 is empty
00000000000000000000000199965485 is empty
00000000000000000000000161066104 is empty
00000000000000000000000199999936 is empty
00000000000000000000000117631312 is empty
00000000000000000000000199913644 is empty
00000000000000000000000199735518 is empty
00000000000000000000000199943700 is empty
00000000000000000000000199966147 is empty
00000000000000000000000190941309 is empty
00000000000000000000000199999970 is empty
00000000000000000000000199759075 is empty
00000000000000000000000199652179 is empty
00000000000000000000000199955577 is empty
00000000000000000000000199999371 is empty
00000000000000000000000199998831 is empty
00000000000000000000000199999996 is empty
00000000000000000000000195958405 is empty
00000000000000000000000197802005 is empty
00000000000000000000000199980751 is empty
00000000000000000000000193956638 is empty
00000000000000000000000193910345 is empty
00000000000000000000000199147820 is empty
00000000000000000000000199999827 is empty
00000000000000000000000198978458 is empty
00000000000000000000000199973966 is empty
00000000000000000000000197375317 is empty
00000000000000000000000199657490 is empty
00000000000000000000000199999829 is empty
00000000000000000000000199999967 is empty
00000000000000000000000199999993 is empty
00000000000000000000000199974581 is empty
00000000000000000000000169793791 is empty
00000000000000000000000199546650 is empty
00000000000000000000000176836505 is empty
00000000000000000000000199727061 is empty
00000000000000000000000199996383 is empty
00000000000000000000000199730740 is empty
00000000000000000000000199988852 is empty
00000000000000000000000199999996 is empty
00000000000000000000000199253356 is empty
00000000000000000000000199998332 is empty
00000000000000000000000199999446 is empty
00000000000000000000000199999621 is empty
00000000000000000000000199995759 is empty
00000000000000000000000199999997 is empty
00000000000000000000000123013049 is empty
00000000000000000000000199999976 is empty
00000000000000000000000199995171 is empty
00000000000000000000000199932504 is empty
00000000000000000000000195952037 is empty
00000000000000000000000177878305 is empty
00000000000000000000000199997632 is empty
00000000000000000000000199998853 is empty
00000000000000000000000199999999 is empty
00000000000000000000000199227252 is empty
00000000000000000000000199991700 is empty
00000000000000000000000196107782 is empty
00000000000000000000000199999341 is empty
00000000000000000000000199999317 is empty
00000000000000000000000197148695 is empty
00000000000000000000000188298372 is empty
00000000000000000000000199728166 is empty
00000000000000000000000199990123 is empty
00000000000000000000000199999997 is empty
00000000000000000000000199785812 is empty
00000000000000000000000199999996 is empty
00000000000000000000000197863628 is empty
00000000000000000000000199999968 is empty
00000000000000000000000164652307 is empty
00000000000000000000000198688040 is empty
00000000000000000000000200000000 is empty
00000000000000000000000199999980 is empty
00000000000000000000000189991467 is empty
00000000000000000000000200000000 is empty
00000000000000000000000199997019 is empty
00000000000000000000000199999969 is empty
00000000000000000000000199802509 is empty
00000000000000000000000198558097 is empty
00000000000000000000000199805210 is empty
00000000000000000000000147733396 is empty
00000000000000000000000199633396 is empty
00000000000000000000000199999999 is empty
00000000000000000000000199762186 is empty
00000000000000000000000199861035 is empty
00000000000000000000000199999988 is empty
00000000000000000000000155081375 is empty
00000000000000000000000196254587 is empty
00000000000000000000000199587619 is empty
00000000000000000000000199999999 is empty
00000000000000000000000199999988 is empty
00000000000000000000000199995828 is empty
00000000000000000000000197442150 is empty
00000000000000000000000199985529 is empty
00000000000000000000000199907762 is empty
00000000000000000000000199999834 is empty
00000000000000000000000200000000 is empty
00000000000000000000000200000000 is empty
00000000000000000000000199983787 is empty
00000000000000000000000199492340 is empty
00000000000000000000000197121661 is empty
00000000000000000000000199996988 is empty
00000000000000000000000173508682 is empty
00000000000000000000000174557541 is empty
00000000000000000000000199998966 is empty
00000000000000000000000199995989 is empty
00000000000000000000000199995679 is empty
00000000000000000000000199998042 is empty
00000000000000000000000199999995 is empty
00000000000000000000000194509337 is empty
00000000000000000000000199999997 is empty
00000000000000000000000199913189 is empty
00000000000000000000000199992186 is empty
00000000000000000000000199982362 is empty
00000000000000000000000115985962 is empty
00000000000000000000000199790017 is empty
00000000000000000000000199778126 is empty
00000000000000000000000199999990 is empty
00000000000000000000000199883568 is empty
00000000000000000000000199291025 is empty
00000000000000000000000189629146 is empty
00000000000000000000000200000000 is empty
00000000000000000000000199809567 is empty
00000000000000000000000199859845 is empty
00000000000000000000000199997927 is empty
00000000000000000000000199999997 is empty
00000000000000000000000161030030 is empty
00000000000000000000000185695985 is empty
00000000000000000000000199344386 is empty
00000000000000000000000199325973 is empty
00000000000000000000000199999280 is empty
00000000000000000000000199999942 is empty
00000000000000000000000199999948 is empty
00000000000000000000000199999993 is empty
00000000000000000000000197582655 is empty
00000000000000000000000198990679 is empty
00000000000000000000000199999993 is empty
00000000000000000000000200000000 is empty
00000000000000000000000199998387 is empty
00000000000000000000000200000000 is empty
00000000000000000000000199999928 is empty
00000000000000000000000199971676 is empty
00000000000000000000000199965223 is empty
00000000000000000000000199999474 is empty
00000000000000000000000199999810 is empty
00000000000000000000000199948646 is empty
00000000000000000000000150200967 is empty
00000000000000000000000199824490 is empty
00000000000000000000000199998763 is empty
00000000000000000000000199999994 is empty
00000000000000000000000195691351 is empty
00000000000000000000000195576298 is empty
00000000000000000000000200000000 is empty
00000000000000000000000199999969 is empty
00000000000000000000000199813058 is empty
00000000000000000000000199575390 is empty
00000000000000000000000199999583 is empty
00000000000000000000000199999859 is empty
00000000000000000000000199958836 is empty
00000000000000000000000199999970 is empty
00000000000000000000000199452759 is empty
00000000000000000000000199790952 is empty
00000000000000000000000199999526 is empty
00000000000000000000000199948720 is empty
00000000000000000000000200000000 is empty
00000000000000000000000199998575 is empty
00000000000000000000000179545285 is empty
00000000000000000000000199942713 is empty
00000000000000000000000199997317 is empty
00000000000000000000000199998558 is empty
00000000000000000000000199941620 is empty
00000000000000000000000199999486 is empty
00000000000000000000000199960675 is empty
00000000000000000000000199986533 is empty
00000000000000000000000199985833 is empty
00000000000000000000000199999990 is empty
00000000000000000000000200000000 is empty
00000000000000000000000198800822 is empty
00000000000000000000000199993754 is empty
00000000000000000000000198794930 is empty
00000000000000000000000199999331 is empty
00000000000000000000000199517406 is empty
00000000000000000000000199999953 is empty
00000000000000000000000118169073 is empty
00000000000000000000000199999949 is empty
00000000000000000000000200000000 is empty
00000000000000000000000199981381 is empty
00000000000000000000000193888897 is empty
00000000000000000000000150700026 is empty
00000000000000000000000199564496 is empty
00000000000000000000000199988839 is empty
00000000000000000000000199998317 is empty
00000000000000000000000199987348 is empty
00000000000000000000000199346622 is empty
00000000000000000000000199999367 is empty
00000000000000000000000199433941 is empty
00000000000000000000000200000000 is empty
00000000000000000000000197844505 is empty
00000000000000000000000199999190 is empty
00000000000000000000000199999165 is empty
00000000000000000000000199999997 is empty
00000000000000000000000199457082 is empty
00000000000000000000000199999959 is empty
00000000000000000000000200000000 is empty
00000000000000000000000199211902 is empty
00000000000000000000000199999992 is empty
00000000000000000000000199996581 is empty
00000000000000000000000199947756 is empty
00000000000000000000000199999969 is empty
00000000000000000000000199999991 is empty
00000000000000000000000200000000 is empty
00000000000000000000000199999742 is empty
00000000000000000000000199999751 is empty
00000000000000000000000199999884 is empty
00000000000000000000000199999711 is empty
00000000000000000000000199999997 is empty
00000000000000000000000195486606 is empty
00000000000000000000000199915338 is empty
00000000000000000000000109609338 is empty
00000000000000000000000199992013 is empty
00000000000000000000000199999438 is empty
00000000000000000000000192566575 is empty
00000000000000000000000199992605 is empty
00000000000000000000000199999799 is empty
00000000000000000000000198205922 is empty
00000000000000000000000199965200 is empty
00000000000000000000000199999999 is empty
00000000000000000000000199999894 is empty
00000000000000000000000146698555 is empty
00000000000000000000000199787242 is empty
00000000000000000000000199546384 is empty
00000000000000000000000199996367 is empty
00000000000000000000000193139182 is empty
00000000000000000000000199999577 is empty
00000000000000000000000196220021 is empty
00000000000000000000000166905260 is empty
00000000000000000000000153288607 is empty
00000000000000000000000199892058 is empty
00000000000000000000000199838090 is empty
00000000000000000000000199999879 is empty
00000000000000000000000199932175 is empty
00000000000000000000000199999940 is empty
00000000000000000000000199999961 is empty
00000000000000000000000152642701 is empty
00000000000000000000000199624968 is empty
00000000000000000000000199999999 is empty
00000000000000000000000199963287 is empty
00000000000000000000000199775583 is empty
00000000000000000000000199818473 is empty
00000000000000000000000199896596 is empty
00000000000000000000000199979097 is empty
00000000000000000000000200000000 is empty
00000000000000000000000199999967 is empty
00000000000000000000000198449751 is empty
00000000000000000000000199993629 is empty
00000000000000000000000145538780 is empty
00000000000000000000000199999997 is empty
00000000000000000000000188370089 is empty
00000000000000000000000199999100 is empty
00000000000000000000000189382123 is empty
00000000000000000000000170872134 is empty
00000000000000000000000195343420 is empty
00000000000000000000000199989929 is empty
00000000000000000000000199923355 is empty
00000000000000000000000193243309 is empty
00000000000000000000000189128451 is empty
00000000000000000000000199999999 is empty
00000000000000000000000199522330 is empty
00000000000000000000000199999975 is empty
00000000000000000000000199177853 is empty
00000000000000000000000199499130 is empty
00000000000000000000000199998555 is empty
00000000000000000000000200000000 is empty
00000000000000000000000200000000 is empty
00000000000000000000000199998969 is empty
00000000000000000000000199998939 is empty
00000000000000000000000156721172 is empty
00000000000000000000000199999995 is empty
00000000000000000000000199999982 is empty
00000000000000000000000199390890 is empty
00000000000000000000000199999995 is empty
00000000000000000000000199999999 is empty
00000000000000000000000159070627 is empty
00000000000000000000000199997337 is empty
00000000000000000000000199999996 is empty
00000000000000000000000199999962 is empty
00000000000000000000000199998682 is empty
00000000000000000000000198677782 is empty
00000000000000000000000200000000 is empty
00000000000000000000000199998820 is empty
00000000000000000000000199999924 is empty
00000000000000000000000199999999 is empty
00000000000000000000000199582618 is empty
00000000000000000000000199997908 is empty
00000000000000000000000192391094 is empty
00000000000000000000000127323778 is empty
00000000000000000000000199999977 is empty
00000000000000000000000199902276 is empty
00000000000000000000000191624875 is empty
00000000000000000000000198143287 is empty
00000000000000000000000199999999 is empty
00000000000000000000000113809033 is empty
00000000000000000000000149994796 is empty
00000000000000000000000190163272 is empty
00000000000000000000000192611977 is empty
00000000000000000000000199932291 is empty
00000000000000000000000199999857 is empty
00000000000000000000000199999023 is empty
00000000000000000000000199999954 is empty
00000000000000000000000184235288 is empty
00000000000000000000000199584819 is empty
00000000000000000000000199576107 is empty
00000000000000000000000199999968 is empty
00000000000000000000000199998817 is empty
00000000000000000000000198323922 is empty
00000000000000000000000199992657 is empty
00000000000000000000000199999999 is empty
00000000000000000000000199157937 is empty
00000000000000000000000163898288 is empty
00000000000000000000000199977972 is empty
00000000000000000000000196020855 is empty
00000000000000000000000199935071 is empty
00000000000000000000000176643718 is empty
00000000000000000000000199999902 is empty
00000000000000000000000199910656 is empty
00000000000000000000000199998282 is empty
00000000000000000000000200000000 is empty
00000000000000000000000198149711 is empty
00000000000000000000000109603523 is empty
00000000000000000000000199679617 is empty
00000000000000000000000199999031 is empty
00000000000000000000000198022807 is empty
00000000000000000000000136613626 is empty
00000000000000000000000199999971 is empty
00000000000000000000000199995296 is empty
00000000000000000000000199793353 is empty
00000000000000000000000198866750 is empty
00000000000000000000000199851139 is empty
00000000000000000000000199659646 is empty
00000000000000000000000199999999 is empty
00000000000000000000000199999657 is empty
00000000000000000000000199999997 is empty
00000000000000000000000199999980 is empty
00000000000000000000000199999999 is empty
00000000000000000000000200000000 is empty
00000000000000000000000198662117 is empty
00000000000000000000000199999519 is empty
00000000000000000000000199999863 is empty
00000000000000000000000199999936 is empty
00000000000000000000000199999468 is empty
00000000000000000000000199994037 is empty
00000000000000000000000199874112 is empty
00000000000000000000000199999971 is empty
00000000000000000000000199996740 is empty
00000000000000000000000172184981 is empty
00000000000000000000000112494553 is empty
00000000000000000000000199999966 is empty
00000000000000000000000199461286 is empty
00000000000000000000000199996592 is empty
00000000000000000000000199999955 is empty
00000000000000000000000199995890 is empty
00000000000000000000000199999056 is empty
00000000000000000000000199999991 is empty
00000000000000000000000199998608 is empty
00000000000000000000000199998395 is empty
00000000000000000000000199996925 is empty
00000000000000000000000199852318 is empty
00000000000000000000000200000000 is empty
00000000000000000000000199999924 is empty
00000000000000000000000199966849 is empty
00000000000000000000000199997544 is empty
00000000000000000000000199999919 is empty
00000000000000000000000199999999 is empty
00000000000000000000000199172770 is empty
00000000000000000000000199092434 is empty
00000000000000000000000199999965 is empty
00000000000000000000000199999470 is empty
00000000000000000000000199999997 is empty
00000000000000000000000199999240 is empty
00000000000000000000000199928103 is empty
00000000000000000000000166544531 is empty
00000000000000000000000199950211 is empty
00000000000000000000000199462654 is empty
00000000000000000000000199988607 is empty
00000000000000000000000199999999 is empty
00000000000000000000000199969398 is empty
00000000000000000000000168979741 is empty
00000000000000000000000199999991 is empty
00000000000000000000000200000000 is empty
00000000000000000000000199546908 is empty
00000000000000000000000199999915 is empty
00000000000000000000000139914762 is empty
00000000000000000000000110243224 is empty
00000000000000000000000199999052 is empty
00000000000000000000000199999413 is empty
00000000000000000000000199999887 is empty
00000000000000000000000184501711 is empty
00000000000000000000000199998003 is empty
00000000000000000000000199999985 is empty
00000000000000000000000199979337 is empty
00000000000000000000000199910387 is empty
00000000000000000000000199980656 is empty
00000000000000000000000194841058 is empty
00000000000000000000000199999723 is empty
00000000000000000000000199996989 is empty
00000000000000000000000199999986 is empty
00000000000000000000000199954167 is empty
00000000000000000000000154678964 is empty
00000000000000000000000196927435 is empty
00000000000000000000000193818504 is empty
00000000000000000000000197226350 is empty
00000000000000000000000199999894 is empty
00000000000000000000000199997456 is empty
00000000000000000000000187801832 is empty
00000000000000000000000199523537 is empty
00000000000000000000000199911668 is empty
00000000000000000000000199999974 is empty
00000000000000000000000199976992 is empty
00000000000000000000000199115869 is empty
00000000000000000000000199892565 is empty
00000000000000000000000199999999 is empty
00000000000000000000000167690246 is empty
00000000000000000000000199998184 is empty
00000000000000000000000199980231 is empty
00000000000000000000000199885160 is empty
00000000000000000000000120893879 is empty
00000000000000000000000199997784 is empty
00000000000000000000000199999982 is empty
00000000000000000000000176678912 is empty
00000000000000000000000199999043 is empty
00000000000000000000000199784127 is empty
00000000000000000000000199674388 is empty
00000000000000000000000199999936 is empty
00000000000000000000000198514786 is empty
00000000000000000000000199999997 is empty
00000000000000000000000192886571 is empty
00000000000000000000000199831450 is empty
00000000000000000000000199999977 is empty
00000000000000000000000192096324 is empty
00000000000000000000000199999999 is empty
00000000000000000000000199841144 is empty
00000000000000000000000198094134 is empty
00000000000000000000000199999974 is empty
00000000000000000000000171907641 is empty
00000000000000000000000198890982 is empty
00000000000000000000000199999999 is empty
00000000000000000000000199938686 is empty
00000000000000000000000197933615 is empty
00000000000000000000000199687803 is empty
00000000000000000000000199999986 is empty
00000000000000000000000199999969 is empty
00000000000000000000000199999983 is empty
00000000000000000000000199999581 is empty
00000000000000000000000199999997 is empty
00000000000000000000000199997179 is empty
00000000000000000000000199999997 is empty
00000000000000000000000199988971 is empty
00000000000000000000000199642114 is empty
00000000000000000000000199979748 is empty
00000000000000000000000199999941 is empty
00000000000000000000000136387275 is empty
00000000000000000000000199938070 is empty
00000000000000000000000199999904 is empty
00000000000000000000000198842398 is empty
00000000000000000000000199999996 is empty
00000000000000000000000199999953 is empty
00000000000000000000000199999958 is empty
00000000000000000000000194724946 is empty
00000000000000000000000199999473 is empty
00000000000000000000000199999817 is empty
00000000000000000000000199999992 is empty
00000000000000000000000199995156 is empty
00000000000000000000000200000000 is empty
00000000000000000000000198720628 is empty
00000000000000000000000199999941 is empty
00000000000000000000000199980681 is empty
00000000000000000000000199999979 is empty
00000000000000000000000199997330 is empty
00000000000000000000000199991894 is empty
00000000000000000000000199999997 is empty
00000000000000000000000164888898 is empty
00000000000000000000000199960101 is empty
00000000000000000000000196294381 is empty
00000000000000000000000166767086 is empty
00000000000000000000000199999984 is empty
00000000000000000000000199856228 is empty
00000000000000000000000199995908 is empty
00000000000000000000000199999154 is empty
00000000000000000000000199787694 is empty
00000000000000000000000198579261 is empty
00000000000000000000000199908678 is empty
00000000000000000000000197049322 is empty
00000000000000000000000200000000 is empty
00000000000000000000000198739000 is empty
00000000000000000000000199999954 is empty
00000000000000000000000199963069 is empty
00000000000000000000000199999932 is empty
00000000000000000000000199999999 is empty
00000000000000000000000199999932 is empty
00000000000000000000000160183830 is empty
00000000000000000000000199994420 is empty
00000000000000000000000181110065 is empty
00000000000000000000000199998767 is empty
00000000000000000000000194013936 is empty
00000000000000000000000198758884 is empty
00000000000000000000000199999404 is empty
00000000000000000000000199999754 is empty
00000000000000000000000196223943 is empty
00000000000000000000000199964778 is empty
00000000000000000000000199988428 is empty
00000000000000000000000200000000 is empty
00000000000000000000000199994199 is empty
00000000000000000000000199929793 is empty
00000000000000000000000166189219 is empty
00000000000000000000000198195272 is empty
00000000000000000000000199999943 is empty
00000000000000000000000198216784 is empty
00000000000000000000000199999447 is empty
00000000000000000000000199592441 is empty
00000000000000000000000200000000 is empty
00000000000000000000000199989357 is empty
00000000000000000000000199986615 is empty
00000000000000000000000187172740 is empty
00000000000000000000000199998101 is empty
00000000000000000000000200000000 is empty
00000000000000000000000199996100 is empty
00000000000000000000000199729566 is empty
00000000000000000000000199999966 is empty
00000000000000000000000199961739 is empty
00000000000000000000000200000000 is empty
00000000000000000000000199927516 is empty
00000000000000000000000199997594 is empty
00000000000000000000000199669037 is empty
00000000000000000000000199595118 is empty
00000000000000000000000199999995 is empty
00000000000000000000000199822393 is empty
00000000000000000000000199809633 is empty
00000000000000000000000199962264 is empty
00000000000000000000000199999994 is empty
00000000000000000000000199999996 is empty
00000000000000000000000199999995 is empty
00000000000000000000000200000000 is empty
00000000000000000000000198651594 is empty
00000000000000000000000199994646 is empty
00000000000000000000000163865561 is empty
00000000000000000000000199439115 is empty
00000000000000000000000199210998 is empty
00000000000000000000000199578621 is empty
00000000000000000000000199993073 is empty
00000000000000000000000199998286 is empty
00000000000000000000000199983354 is empty
00000000000000000000000199999609 is empty
00000000000000000000000199561943 is empty
00000000000000000000000199991095 is empty
00000000000000000000000199676660 is empty
00000000000000000000000199981565 is empty
00000000000000000000000190076626 is empty
00000000000000000000000199996400 is empty
00000000000000000000000199998717 is empty
00000000000000000000000166715166 is empty
00000000000000000000000198186458 is empty
00000000000000000000000199999975 is empty
00000000000000000000000193505933 is empty
00000000000000000000000118520140 is empty
00000000000000000000000199994679 is empty
00000000000000000000000199989971 is empty
00000000000000000000000199999995 is empty
00000000000000000000000199989945 is empty
00000000000000000000000199999996 is empty
00000000000000000000000199983723 is empty
00000000000000000000000199999999 is empty
00000000000000000000000199999988 is empty
00000000000000000000000199999972 is empty
00000000000000000000000199999011 is empty
00000000000000000000000197892960 is empty
00000000000000000000000200000000 is empty
00000000000000000000000199999975 is empty
00000000000000000000000199999989 is empty
00000000000000000000000188261935 is empty
00000000000000000000000199635537 is empty
00000000000000000000000196716263 is empty
00000000000000000000000199999124 is empty
00000000000000000000000189389360 is empty
00000000000000000000000188968643 is empty
00000000000000000000000199999406 is empty
00000000000000000000000162510769 is empty
00000000000000000000000200000000 is empty
00000000000000000000000199999724 is empty
00000000000000000000000198428653 is empty
00000000000000000000000199999928 is empty
00000000000000000000000199999914 is empty
00000000000000000000000199998977 is empty
00000000000000000000000199610767 is empty
00000000000000000000000199999667 is empty
00000000000000000000000199844444 is empty
00000000000000000000000199985866 is empty
00000000000000000000000199995429 is empty
00000000000000000000000199996628 is empty
00000000000000000000000198654551 is empty
00000000000000000000000199984497 is empty
00000000000000000000000199999657 is empty
00000000000000000000000199967605 is empty
00000000000000000000000199980411 is empty
00000000000000000000000199928126 is empty
00000000000000000000000199987111 is empty
00000000000000000000000199992343 is empty
00000000000000000000000199999919 is empty
00000000000000000000000199987147 is empty
00000000000000000000000157934226 is empty
00000000000000000000000199997763 is empty
00000000000000000000000199974000 is empty
00000000000000000000000194714486 is empty
00000000000000000000000199998356 is empty
00000000000000000000000199993702 is empty
00000000000000000000000199999973 is empty
00000000000000000000000199974588 is empty
00000000000000000000000196961262 is empty
00000000000000000000000192442034 is empty
00000000000000000000000199544430 is empty
00000000000000000000000200000000 is empty
00000000000000000000000164904189 is empty
00000000000000000000000176344231 is empty
00000000000000000000000200000000 is empty
00000000000000000000000199937461 is empty
00000000000000000000000199997220 is empty
00000000000000000000000199800074 is empty
00000000000000000000000199997979 is empty
00000000000000000000000162086308 is empty
00000000000000000000000199999792 is empty
00000000000000000000000198669314 is empty
00000000000000000000000199999999 is empty
00000000000000000000000199999837 is empty
00000000000000000000000148614544 is empty
00000000000000000000000199999996 is empty
00000000000000000000000199185494 is empty
00000000000000000000000199999943 is empty
00000000000000000000000199964771 is empty
00000000000000000000000186640494 is empty
00000000000000000000000199999970 is empty
00000000000000000000000199999351 is empty
00000000000000000000000199999982 is empty
00000000000000000000000194493963 is empty
00000000000000000000000199999899 is empty
00000000000000000000000199999894 is empty
00000000000000000000000199999994 is empty
00000000000000000000000199999999 is empty
00000000000000000000000193042798 is empty
00000000000000000000000199948480 is empty
00000000000000000000000199997848 is empty
00000000000000000000000199999997 is empty
00000000000000000000000199462637 is empty
00000000000000000000000199999999 is empty
00000000000000000000000199999986 is empty
00000000000000000000000199984365 is empty
00000000000000000000000199794012 is empty
00000000000000000000000199999999 is empty
00000000000000000000000199999793 is empty
00000000000000000000000199999246 is empty
00000000000000000000000195899201 is empty
00000000000000000000000199915519 is empty
00000000000000000000000198294034 is empty
00000000000000000000000199972270 is empty
00000000000000000000000199996714 is empty
00000000000000000000000199987997 is empty
00000000000000000000000198158244 is empty
00000000000000000000000199999938 is empty
00000000000000000000000199999999 is empty
00000000000000000000000199999979 is empty
00000000000000000000000199999833 is empty
00000000000000000000000180947617 is empty
00000000000000000000000199906211 is empty
00000000000000000000000199999190 is empty
00000000000000000000000199997519 is empty
00000000000000000000000199308339 is empty
00000000000000000000000199995795 is empty
00000000000000000000000199999921 is empty
00000000000000000000000172458655 is empty
00000000000000000000000200000000 is empty
00000000000000000000000199981947 is empty
00000000000000000000000199999484 is empty
00000000000000000000000191051463 is empty
00000000000000000000000199467202 is empty
00000000000000000000000199999994 is empty
00000000000000000000000199999982 is empty
00000000000000000000000170134861 is empty
00000000000000000000000200000000 is empty
00000000000000000000000199988567 is empty
00000000000000000000000191606779 is empty
00000000000000000000000198517346 is empty
00000000000000000000000199999654 is empty
00000000000000000000000199999996 is empty
00000000000000000000000199999993 is empty
00000000000000000000000200000000 is empty
00000000000000000000000199999995 is empty
00000000000000000000000199579474 is empty
00000000000000000000000199999733 is empty
00000000000000000000000199999796 is empty
00000000000000000000000199999995 is empty
00000000000000000000000198457192 is empty
00000000000000000000000197853165 is empty
00000000000000000000000192752846 is empty
00000000000000000000000199991374 is empty
00000000000000000000000197070050 is empty
00000000000000000000000188432465 is empty
00000000000000000000000199999539 is empty
00000000000000000000000199999988 is empty
00000000000000000000000199999990 is empty
00000000000000000000000199989674 is empty
00000000000000000000000199999968 is empty
00000000000000000000000199999963 is empty
00000000000000000000000172152099 is empty
00000000000000000000000199585901 is empty
00000000000000000000000200000000 is empty
00000000000000000000000199994077 is empty
00000000000000000000000198987718 is empty
00000000000000000000000199823179 is empty
00000000000000000000000199999853 is empty
00000000000000000000000199999641 is empty
00000000000000000000000199997924 is empty
00000000000000000000000199999197 is empty
00000000000000000000000199997735 is empty
00000000000000000000000199982889 is empty
00000000000000000000000199999540 is empty
00000000000000000000000199488715 is empty
00000000000000000000000199999986 is empty
00000000000000000000000199688441 is empty
00000000000000000000000199999971 is empty
00000000000000000000000187245591 is empty
00000000000000000000000198099869 is empty
00000000000000000000000198001525 is empty
00000000000000000000000199358145 is empty
00000000000000000000000199997848 is empty
00000000000000000000000199901898 is empty
00000000000000000000000199982860 is empty
00000000000000000000000199999993 is empty
00000000000000000000000199999986 is empty
00000000000000000000000196221526 is empty
00000000000000000000000165574374 is empty
00000000000000000000000199038091 is empty
00000000000000000000000176853484 is empty
00000000000000000000000199999932 is empty
00000000000000000000000199795836 is empty
00000000000000000000000199999311 is empty
00000000000000000000000199998718 is empty
00000000000000000000000127992532 is empty
00000000000000000000000199999992 is empty
00000000000000000000000199996347 is empty
00000000000000000000000199999985 is empty
00000000000000000000000199999994 is empty
00000000000000000000000198481801 is empty
00000000000000000000000173669879 is empty
00000000000000000000000199811282 is empty
00000000000000000000000200000000 is empty
00000000000000000000000199990266 is empty
00000000000000000000000199999896 is empty
00000000000000000000000199993353 is empty
00000000000000000000000199696228 is empty
00000000000000000000000196870381 is empty
00000000000000000000000199333746 is empty
00000000000000000000000199934926 is empty
00000000000000000000000194759991 is empty
00000000000000000000000199999894 is empty
00000000000000000000000176106159 is empty
00000000000000000000000199999988 is empty
00000000000000000000000199753063 is empty
00000000000000000000000200000000 is empty
00000000000000000000000200000000 is empty
00000000000000000000000199972424 is empty
00000000000000000000000198764483 is empty
00000000000000000000000199999997 is empty
00000000000000000000000199995205 is empty
00000000000000000000000199998128 is empty
00000000000000000000000199941499 is empty
00000000000000000000000148399421 is empty
00000000000000000000000199999675 is empty
00000000000000000000000199967738 is empty
00000000000000000000000199999972 is empty
00000000000000000000000166362045 is empty
00000000000000000000000194532227 is empty
00000000000000000000000199999983 is empty
00000000000000000000000199942562 is empty
00000000000000000000000199996515 is empty
00000000000000000000000199982103 is empty
00000000000000000000000199999213 is empty
00000000000000000000000188099230 is empty
00000000000000000000000199954820 is empty
00000000000000000000000199607010 is empty
00000000000000000000000199860929 is empty
00000000000000000000000199993900 is empty
00000000000000000000000199997123 is empty
00000000000000000000000170380785 is empty
00000000000000000000000196529428 is empty
00000000000000000000000198850818 is empty
00000000000000000000000199998542 is empty
00000000000000000000000189283455 is empty
00000000000000000000000199993816 is empty
00000000000000000000000199048947 is empty
00000000000000000000000186764517 is empty
00000000000000000000000199999813 is empty
00000000000000000000000199999938 is empty
00000000000000000000000199898827 is empty
00000000000000000000000198781003 is empty
00000000000000000000000184847739 is empty
00000000000000000000000200000000 is empty
00000000000000000000000199758378 is empty
00000000000000000000000170660195 is empty
00000000000000000000000181412265 is empty
00000000000000000000000199920114 is empty
00000000000000000000000161515144 is empty
00000000000000000000000199183806 is empty
00000000000000000000000175291666 is empty
00000000000000000000000199999735 is empty
00000000000000000000000199438829 is empty
00000000000000000000000164971103 is empty
00000000000000000000000199414839 is empty
00000000000000000000000199883949 is empty
00000000000000000000000199999849 is empty
00000000000000000000000199957256 is empty
00000000000000000000000188834275 is empty
00000000000000000000000129255440 is empty
00000000000000000000000199999915 is empty
00000000000000000000000199997874 is empty
00000000000000000000000199842399 is empty
00000000000000000000000199999990 is empty
00000000000000000000000199908438 is empty
00000000000000000000000199778052 is empty
00000000000000000000000190779090 is empty
00000000000000000000000199999978 is empty
00000000000000000000000199999995 is empty
00000000000000000000000197847371 is empty
00000000000000000000000199997331 is empty
00000000000000000000000199537455 is empty
00000000000000000000000199999141 is empty
00000000000000000000000199563623 is empty
00000000000000000000000139665643 is empty
00000000000000000000000199991619 is empty
00000000000000000000000199999999 is empty
00000000000000000000000199999969 is empty
00000000000000000000000199996613 is empty
00000000000000000000000189214617 is empty
00000000000000000000000199999986 is empty
00000000000000000000000195855827 is empty
00000000000000000000000149906770 is empty
00000000000000000000000199272593 is empty
00000000000000000000000111094539 is empty
00000000000000000000000199994740 is empty
00000000000000000000000199999997 is empty
00000000000000000000000199999996 is empty
00000000000000000000000196003504 is empty
00000000000000000000000199999514 is empty
00000000000000000000000198532071 is empty
00000000000000000000000197072218 is empty
00000000000000000000000189105345 is empty
00000000000000000000000199983647 is empty
00000000000000000000000199999993 is empty
00000000000000000000000199787910 is empty
00000000000000000000000199168103 is empty
00000000000000000000000199999502 is empty
00000000000000000000000199999989 is empty
00000000000000000000000127649238 is empty
00000000000000000000000195302777 is empty
00000000000000000000000199614970 is empty
00000000000000000000000199235500 is empty
00000000000000000000000162660522 is empty
00000000000000000000000199999991 is empty
00000000000000000000000199988518 is empty
00000000000000000000000199999813 is empty
00000000000000000000000199999733 is empty
00000000000000000000000199999795 is empty
00000000000000000000000199999733 is empty
00000000000000000000000199998471 is empty
00000000000000000000000177929456 is empty
00000000000000000000000199999768 is empty
00000000000000000000000181734369 is empty
00000000000000000000000117517026 is empty
00000000000000000000000199996809 is empty
00000000000000000000000199999623 is empty
00000000000000000000000194317924 is empty
00000000000000000000000199998634 is empty
00000000000000000000000199999756 is empty
00000000000000000000000199999984 is empty
00000000000000000000000199999997 is empty
00000000000000000000000199999507 is empty
00000000000000000000000199999977 is empty
00000000000000000000000199991879 is empty
00000000000000000000000199999996 is empty
00000000000000000000000198021009 is empty
00000000000000000000000199999999 is empty
00000000000000000000000199974449 is empty
00000000000000000000000197610774 is empty
00000000000000000000000198627791 is empty
00000000000000000000000196854913 is empty
00000000000000000000000199516791 is empty
00000000000000000000000199993387 is empty
00000000000000000000000199983284 is empty
00000000000000000000000199999997 is empty
00000000000000000000000199999660 is empty
00000000000000000000000199441099 is empty
00000000000000000000000199999953 is empty
00000000000000000000000199395400 is empty
00000000000000000000000199831760 is empty
00000000000000000000000199986557 is empty
00000000000000000000000200000000 is empty
00000000000000000000000199998229 is empty
00000000000000000000000199999948 is empty
00000000000000000000000199994269 is empty
00000000000000000000000199997575 is empty
00000000000000000000000154820048 is empty
00000000000000000000000199994403 is empty
00000000000000000000000199496372 is empty
00000000000000000000000160441934 is empty
00000000000000000000000199999961 is empty
00000000000000000000000199999997 is empty
00000000000000000000000179150970 is empty
00000000000000000000000199999635 is empty
00000000000000000000000199999262 is empty
00000000000000000000000199999354 is empty
00000000000000000000000198748587 is empty
00000000000000000000000199999879 is empty
00000000000000000000000199999707 is empty
00000000000000000000000200000000 is empty
00000000000000000000000190431951 is empty
00000000000000000000000199999823 is empty
00000000000000000000000199957242 is empty
00000000000000000000000199999979 is empty
00000000000000000000000195099477 is empty
00000000000000000000000198382647 is empty
00000000000000000000000155559306 is empty
00000000000000000000000199999999 is empty
00000000000000000000000199999975 is empty
00000000000000000000000199998266 is empty
00000000000000000000000199648204 is empty
00000000000000000000000195826948 is empty
00000000000000000000000197434455 is empty
00000000000000000000000199999966 is empty
00000000000000000000000199996694 is empty
00000000000000000000000199999997 is empty
00000000000000000000000199993718 is empty
00000000000000000000000199997560 is empty
00000000000000000000000110222635 is empty
00000000000000000000000199999722 is empty
00000000000000000000000193102186 is empty
00000000000000000000000187279432 is empty
00000000000000000000000185111010 is empty
00000000000000000000000199997544 is empty
00000000000000000000000163027980 is empty
00000000000000000000000184357178 is empty
00000000000000000000000199999866 is empty
00000000000000000000000199946898 is empty
00000000000000000000000199999825 is empty
00000000000000000000000200000000 is empty
00000000000000000000000199998121 is empty
00000000000000000000000138044471 is empty
00000000000000000000000199998898 is empty
00000000000000000000000199999757 is empty
00000000000000000000000135203941 is empty
00000000000000000000000199914827 is empty
00000000000000000000000199815876 is empty
00000000000000000000000200000000 is empty
00000000000000000000000199999999 is empty
00000000000000000000000199999903 is empty
00000000000000000000000181244377 is empty
00000000000000000000000199999813 is empty
00000000000000000000000174708349 is empty
00000000000000000000000199999936 is empty
00000000000000000000000199999996 is empty
00000000000000000000000199999963 is empty
00000000000000000000000198094927 is empty
00000000000000000000000196094031 is empty
00000000000000000000000199999985 is empty
00000000000000000000000199999991 is empty
00000000000000000000000199961812 is empty
00000000000000000000000199037066 is empty
00000000000000000000000199990646 is empty
00000000000000000000000199999963 is empty
00000000000000000000000199999964 is empty
00000000000000000000000199999163 is empty
00000000000000000000000145717863 is empty
00000000000000000000000199999994 is empty
00000000000000000000000194661169 is empty
00000000000000000000000199999980 is empty
00000000000000000000000190279801 is empty
00000000000000000000000199950524 is empty
00000000000000000000000199942664 is empty
00000000000000000000000199999803 is empty
00000000000000000000000199999964 is empty
00000000000000000000000199999993 is empty
00000000000000000000000199998707 is empty
00000000000000000000000199999877 is empty
00000000000000000000000199998992 is empty
00000000000000000000000199986415 is empty
00000000000000000000000199999995 is empty
00000000000000000000000198779565 is empty
00000000000000000000000199999994 is empty
00000000000000000000000200000000 is empty
00000000000000000000000199999996 is empty
00000000000000000000000199999377 is empty
00000000000000000000000199537824 is empty
00000000000000000000000199647617 is empty
00000000000000000000000199999915 is empty
00000000000000000000000168414967 is empty
00000000000000000000000200000000 is empty
00000000000000000000000198809652 is empty
00000000000000000000000199999979 is empty
00000000000000000000000199993874 is empty
00000000000000000000000199992396 is empty
00000000000000000000000199994390 is empty
00000000000000000000000199999970 is empty
00000000000000000000000199999999 is empty
00000000000000000000000200000000 is empty
00000000000000000000000193796727 is empty
00000000000000000000000197233572 is empty
00000000000000000000000199995318 is empty
00000000000000000000000199999999 is empty
00000000000000000000000199987859 is empty
00000000000000000000000199999999 is empty
00000000000000000000000199999167 is empty
00000000000000000000000199988039 is empty
00000000000000000000000199796667 is empty
00000000000000000000000199060415 is empty
00000000000000000000000199999993 is empty
00000000000000000000000199965675 is empty
00000000000000000000000200000000 is empty
00000000000000000000000199997335 is empty
00000000000000000000000199999953 is empty
00000000000000000000000199999963 is empty
00000000000000000000000199420602 is empty
00000000000000000000000199999957 is empty
00000000000000000000000199998044 is empty
00000000000000000000000196978354 is empty
00000000000000000000000199999866 is empty
00000000000000000000000199999992 is empty
00000000000000000000000183986221 is empty
00000000000000000000000199870267 is empty
00000000000000000000000199999999 is empty
00000000000000000000000196099652 is empty
00000000000000000000000199999539 is empty
00000000000000000000000199999997 is empty
00000000000000000000000199999738 is empty
00000000000000000000000199999943 is empty
00000000000000000000000199999976 is empty
00000000000000000000000198403586 is empty
00000000000000000000000199995315 is empty
00000000000000000000000199999978 is empty
00000000000000000000000199999709 is empty
00000000000000000000000196174631 is empty
00000000000000000000000199999797 is empty
00000000000000000000000131616646 is empty
00000000000000000000000199583913 is empty
00000000000000000000000199999999 is empty
00000000000000000000000198993200 is empty
00000000000000000000000199999945 is empty
00000000000000000000000199990795 is empty
00000000000000000000000199999996 is empty
00000000000000000000000199997268 is empty
00000000000000000000000199999999 is empty
00000000000000000000000199068721 is empty
00000000000000000000000199984385 is empty
00000000000000000000000199999779 is empty
00000000000000000000000199999999 is empty
00000000000000000000000179093667 is empty
00000000000000000000000199944280 is empty
00000000000000000000000199999987 is empty
00000000000000000000000172781022 is empty
00000000000000000000000199999964 is empty
00000000000000000000000199999595 is empty
00000000000000000000000197226962 is empty
00000000000000000000000178871509 is empty
00000000000000000000000196728857 is empty
00000000000000000000000199999993 is empty
00000000000000000000000199999923 is empty
00000000000000000000000199913800 is empty
00000000000000000000000199918387 is empty
00000000000000000000000199999443 is empty
00000000000000000000000199991364 is empty
00000000000000000000000196165919 is empty
00000000000000000000000199950683 is empty
00000000000000000000000200000000 is empty
00000000000000000000000194271842 is empty
00000000000000000000000187184476 is empty
00000000000000000000000199999969 is empty
00000000000000000000000199969329 is empty
00000000000000000000000199086451 is empty
00000000000000000000000199663135 is empty
00000000000000000000000199994118 is empty
00000000000000000000000199999985 is empty
00000000000000000000000199999038 is empty
00000000000000000000000199999997 is empty
00000000000000000000000200000000 is empty
00000000000000000000000199999985 is empty
00000000000000000000000199886538 is empty
00000000000000000000000199936829 is empty
00000000000000000000000199996474 is empty
00000000000000000000000165793316 is empty
00000000000000000000000200000000 is empty
00000000000000000000000199999907 is empty
00000000000000000000000199999984 is empty
00000000000000000000000199999976 is empty
00000000000000000000000189308609 is empty
00000000000000000000000199999758 is empty
00000000000000000000000199999981 is empty
00000000000000000000000168360382 is empty
00000000000000000000000199985425 is empty
00000000000000000000000199785104 is empty
00000000000000000000000199978790 is empty
00000000000000000000000199991490 is empty
00000000000000000000000199999962 is empty
00000000000000000000000199999405 is empty
00000000000000000000000199999994 is empty
00000000000000000000000199968467 is empty
00000000000000000000000200000000 is empty
00000000000000000000000199999985 is empty
00000000000000000000000200000000 is empty
00000000000000000000000199999979 is empty
00000000000000000000000199995723 is empty
00000000000000000000000199998658 is empty
00000000000000000000000199999965 is empty
00000000000000000000000199999901 is empty
00000000000000000000000194320689 is empty
00000000000000000000000199524190 is empty
00000000000000000000000108772072 is empty
00000000000000000000000198171203 is empty
00000000000000000000000199999741 is empty
00000000000000000000000199996819 is empty
00000000000000000000000199999999 is empty
00000000000000000000000169220555 is empty
00000000000000000000000199999766 is empty
00000000000000000000000199999638 is empty
00000000000000000000000199999465 is empty
00000000000000000000000199896947 is empty
00000000000000000000000199999779 is empty
00000000000000000000000199968514 is empty
00000000000000000000000199950124 is empty
00000000000000000000000199993028 is empty
00000000000000000000000200000000 is empty
00000000000000000000000198255263 is empty
00000000000000000000000181582168 is empty
00000000000000000000000199095283 is empty
00000000000000000000000199796435 is empty
00000000000000000000000199798997 is empty
00000000000000000000000199988301 is empty
00000000000000000000000159318116 is empty
00000000000000000000000199999887 is empty
00000000000000000000000199881888 is empty
00000000000000000000000192954455 is empty
00000000000000000000000200000000 is empty
00000000000000000000000199958964 is empty
00000000000000000000000199998025 is empty
00000000000000000000000199999989 is empty
00000000000000000000000198212614 is empty
00000000000000000000000156950528 is empty
00000000000000000000000197468768 is empty
00000000000000000000000199999999 is empty
00000000000000000000000172791529 is empty
00000000000000000000000150678714 is empty
00000000000000000000000199187838 is empty
00000000000000000000000199993344 is empty
00000000000000000000000199779281 is empty
00000000000000000000000177827007 is empty
00000000000000000000000199979708 is empty
00000000000000000000000199913258 is empty
00000000000000000000000199994176 is empty
00000000000000000000000199999983 is empty
00000000000000000000000199314876 is empty
00000000000000000000000198943051 is empty
00000000000000000000000199946441 is empty
00000000000000000000000160978427 is empty
00000000000000000000000199963192 is empty
00000000000000000000000197522847 is empty
00000000000000000000000199999210 is empty
00000000000000000000000199999967 is empty
00000000000000000000000195876016 is empty
00000000000000000000000199932457 is empty
00000000000000000000000200000000 is empty
00000000000000000000000199999723 is empty
00000000000000000000000199999997 is empty
00000000000000000000000131470723 is empty
00000000000000000000000199230201 is empty
00000000000000000000000196340766 is empty
00000000000000000000000200000000 is empty
00000000000000000000000198759391 is empty
00000000000000000000000199793291 is empty
00000000000000000000000199999945 is empty
00000000000000000000000199997124 is empty
00000000000000000000000199999972 is empty
00000000000000000000000200000000 is empty
00000000000000000000000177785864 is empty
00000000000000000000000199536541 is empty
00000000000000000000000200000000 is empty
00000000000000000000000195596149 is empty
00000000000000000000000199998625 is empty
00000000000000000000000199999997 is empty
00000000000000000000000199761418 is empty
00000000000000000000000199770756 is empty
00000000000000000000000200000000 is empty
00000000000000000000000196030978 is empty
00000000000000000000000199999999 is empty
00000000000000000000000200000000 is empty
00000000000000000000000198565788 is empty
00000000000000000000000136832053 is empty
00000000000000000000000199999750 is empty
00000000000000000000000199998894 is empty
00000000000000000000000199999996 is empty
00000000000000000000000199999844 is empty
00000000000000000000000172659263 is empty
00000000000000000000000193410718 is empty
00000000000000000000000199999783 is empty
00000000000000000000000199999938 is empty
00000000000000000000000188069725 is empty
00000000000000000000000199478670 is empty
00000000000000000000000199999479 is empty
00000000000000000000000199987888 is empty
00000000000000000000000107123540 is empty
00000000000000000000000170604342 is empty
00000000000000000000000199294669 is empty
00000000000000000000000199999993 is empty
00000000000000000000000200000000 is empty
00000000000000000000000199953463 is empty
00000000000000000000000199999681 is empty
00000000000000000000000199999993 is empty
00000000000000000000000199999990 is empty
00000000000000000000000199168266 is empty
00000000000000000000000122839457 is empty
00000000000000000000000199992934 is empty
00000000000000000000000143989178 is empty
00000000000000000000000199995064 is empty
00000000000000000000000199999976 is empty
00000000000000000000000199978878 is empty
00000000000000000000000199998381 is empty
00000000000000000000000199996339 is empty
00000000000000000000000155530786 is empty
00000000000000000000000120905122 is empty
00000000000000000000000197732606 is empty
00000000000000000000000199946930 is empty
00000000000000000000000199760995 is empty
00000000000000000000000199980407 is empty
00000000000000000000000197877566 is empty
00000000000000000000000199999139 is empty
00000000000000000000000199998917 is empty
00000000000000000000000137626609 is empty
00000000000000000000000200000000 is empty
00000000000000000000000199999982 is empty
00000000000000000000000199999958 is empty
00000000000000000000000199999917 is empty
00000000000000000000000198855376 is empty
00000000000000000000000199999897 is empty
00000000000000000000000199999482 is empty
00000000000000000000000193979341 is empty
00000000000000000000000193466769 is empty
00000000000000000000000199997246 is empty
00000000000000000000000199242007 is empty
00000000000000000000000138206590 is empty
00000000000000000000000199999975 is empty
00000000000000000000000137517210 is empty
00000000000000000000000199999986 is empty
00000000000000000000000199999710 is empty
00000000000000000000000199999979 is empty
00000000000000000000000194874063 is empty
00000000000000000000000199999987 is empty
00000000000000000000000174234633 is empty
00000000000000000000000200000000 is empty
00000000000000000000000199999881 is empty
00000000000000000000000199863007 is empty
00000000000000000000000198514376 is empty
00000000000000000000000158894811 is empty
00000000000000000000000199470481 is empty
00000000000000000000000199980266 is empty
00000000000000000000000196180089 is empty
00000000000000000000000199985874 is empty
00000000000000000000000199980976 is empty
00000000000000000000000199999995 is empty
00000000000000000000000199996570 is empty
00000000000000000000000189728478 is empty
00000000000000000000000190133371 is empty
00000000000000000000000199999975 is empty
00000000000000000000000199995688 is empty
00000000000000000000000199886108 is empty
00000000000000000000000199105250 is empty
00000000000000000000000199999997 is empty
00000000000000000000000199996796 is empty
00000000000000000000000199998804 is empty
00000000000000000000000199824528 is empty
00000000000000000000000199999995 is empty
00000000000000000000000199975963 is empty
00000000000000000000000199998281 is empty
00000000000000000000000199998519 is empty
00000000000000000000000199966935 is empty
00000000000000000000000197976192 is empty
00000000000000000000000199999996 is empty
00000000000000000000000199999915 is empty
00000000000000000000000199999993 is empty
00000000000000000000000198648490 is empty
00000000000000000000000199999818 is empty
00000000000000000000000199998919 is empty
00000000000000000000000199999988 is empty
00000000000000000000000198134376 is empty
00000000000000000000000199040608 is empty
00000000000000000000000199999784 is empty
00000000000000000000000199999890 is empty
00000000000000000000000196366095 is empty
00000000000000000000000199999996 is empty
00000000000000000000000199997307 is empty
00000000000000000000000195530199 is empty
00000000000000000000000200000000 is empty
00000000000000000000000186813608 is empty
00000000000000000000000199548551 is empty
00000000000000000000000199999995 is empty
00000000000000000000000199999997 is empty
00000000000000000000000186384169 is empty
00000000000000000000000194234239 is empty
00000000000000000000000199994214 is empty
00000000000000000000000199937894 is empty
00000000000000000000000200000000 is empty
00000000000000000000000199999967 is empty
00000000000000000000000199999930 is empty
00000000000000000000000199999914 is empty
00000000000000000000000129761116 is empty
00000000000000000000000199996557 is empty
00000000000000000000000199884267 is empty
00000000000000000000000199999993 is empty
00000000000000000000000199999995 is empty
00000000000000000000000199999804 is empty
00000000000000000000000195056099 is empty
00000000000000000000000199999999 is empty
00000000000000000000000175806785 is empty
00000000000000000000000199999992 is empty
00000000000000000000000199976560 is empty
00000000000000000000000200000000 is empty
00000000000000000000000199456016 is empty
00000000000000000000000199999971 is empty
00000000000000000000000140394165 is empty
00000000000000000000000199999897 is empty
00000000000000000000000199999901 is empty
00000000000000000000000199999996 is empty
00000000000000000000000198861870 is empty
00000000000000000000000199999996 is empty
00000000000000000000000185080884 is empty
00000000000000000000000199995556 is empty
00000000000000000000000199999681 is empty
00000000000000000000000199760364 is empty
00000000000000000000000199999993 is empty
00000000000000000000000199999997 is empty
00000000000000000000000161346349 is empty
00000000000000000000000199927329 is empty
00000000000000000000000198012007 is empty
00000000000000000000000195390159 is empty
00000000000000000000000199999996 is empty
00000000000000000000000198422804 is empty
00000000000000000000000199848006 is empty
00000000000000000000000186926627 is empty
00000000000000000000000199822881 is empty
00000000000000000000000199999533 is empty
00000000000000000000000197268162 is empty
00000000000000000000000199400002 is empty
00000000000000000000000199998840 is empty
00000000000000000000000199999999 is empty
00000000000000000000000160395131 is empty
00000000000000000000000199509466 is empty
00000000000000000000000185221014 is empty
00000000000000000000000199999808 is empty
00000000000000000000000199996199 is empty
00000000000000000000000199971979 is empty
00000000000000000000000199999634 is empty
00000000000000000000000199907987 is empty
00000000000000000000000199999992 is empty
00000000000000000000000199999996 is empty
00000000000000000000000199999515 is empty
00000000000000000000000199999985 is empty
00000000000000000000000171416024 is empty
00000000000000000000000199961155 is empty
00000000000000000000000198677977 is empty
00000000000000000000000199997405 is empty
00000000000000000000000199999992 is empty
00000000000000000000000199997524 is empty
00000000000000000000000199999999 is empty
00000000000000000000000199999848 is empty
00000000000000000000000199999907 is empty
00000000000000000000000199966375 is empty
00000000000000000000000199998838 is empty
00000000000000000000000199714949 is empty
00000000000000000000000196568873 is empty
00000000000000000000000199998589 is empty
00000000000000000000000199998849 is empty
00000000000000000000000180247371 is empty
00000000000000000000000194198143 is empty
00000000000000000000000188400068 is empty
00000000000000000000000199710797 is empty
00000000000000000000000199988787 is empty
00000000000000000000000199995411 is empty
00000000000000000000000199999934 is empty
00000000000000000000000199973824 is empty
00000000000000000000000199999883 is empty
00000000000000000000000199988488 is empty
00000000000000000000000199999992 is empty
00000000000000000000000174426519 is empty
00000000000000000000000118539998 is empty
00000000000000000000000199999933 is empty
00000000000000000000000199996189 is empty
00000000000000000000000199981513 is empty
00000000000000000000000193530840 is empty
00000000000000000000000124993878 is empty
00000000000000000000000173668811 is empty
00000000000000000000000199999996 is empty
00000000000000000000000199992485 is empty
00000000000000000000000199999688 is empty
00000000000000000000000199993152 is empty
00000000000000000000000199997743 is empty
00000000000000000000000198394376 is empty
00000000000000000000000186866921 is empty
00000000000000000000000199999787 is empty
00000000000000000000000175291027 is empty
00000000000000000000000199999996 is empty
00000000000000000000000197512113 is empty
00000000000000000000000197938299 is empty
00000000000000000000000199558586 is empty
00000000000000000000000199999979 is empty
00000000000000000000000199973953 is empty
00000000000000000000000199999734 is empty
00000000000000000000000199996930 is empty
00000000000000000000000200000000 is empty
00000000000000000000000199999997 is empty
00000000000000000000000198240401 is empty
00000000000000000000000199999997 is empty
00000000000000000000000199999989 is empty
00000000000000000000000196213786 is empty
00000000000000000000000199991010 is empty
00000000000000000000000199999996 is empty
00000000000000000000000199692186 is empty
00000000000000000000000199770918 is empty
00000000000000000000000199999951 is empty
00000000000000000000000199997283 is empty
00000000000000000000000199999908 is empty
00000000000000000000000199999883 is empty
00000000000000000000000199998445 is empty
00000000000000000000000199995305 is empty
00000000000000000000000190646403 is empty
00000000000000000000000199996294 is empty
00000000000000000000000199618103 is empty
00000000000000000000000199999996 is empty
00000000000000000000000199999915 is empty
00000000000000000000000199630587 is empty
00000000000000000000000119028782 is empty
00000000000000000000000199999992 is empty
00000000000000000000000199999984 is empty
00000000000000000000000133737939 is empty
00000000000000000000000199869400 is empty
00000000000000000000000187303932 is empty
00000000000000000000000199795318 is empty
00000000000000000000000196672299 is empty
00000000000000000000000199781616 is empty
00000000000000000000000200000000 is empty
00000000000000000000000172569374 is empty
00000000000000000000000200000000 is empty
00000000000000000000000199968723 is empty
00000000000000000000000199954328 is empty
00000000000000000000000199999943 is empty
00000000000000000000000199942844 is empty
00000000000000000000000199999972 is empty
00000000000000000000000193882849 is empty
00000000000000000000000199999900 is empty
00000000000000000000000199999995 is empty
00000000000000000000000199970999 is empty
00000000000000000000000164185812 is empty
00000000000000000000000199999993 is empty
00000000000000000000000199813622 is empty
00000000000000000000000199976930 is empty
00000000000000000000000199999016 is empty
00000000000000000000000199999977 is empty
00000000000000000000000199994090 is empty
00000000000000000000000197809893 is empty
00000000000000000000000199975680 is empty
00000000000000000000000162179549 is empty
00000000000000000000000199999935 is empty
00000000000000000000000197082890 is empty
00000000000000000000000197150130 is empty
00000000000000000000000158434772 is empty
00000000000000000000000199999993 is empty
00000000000000000000000199999997 is empty
00000000000000000000000199999917 is empty
00000000000000000000000199999990 is empty
00000000000000000000000199999963 is empty
00000000000000000000000199999997 is empty
00000000000000000000000199999989 is empty
00000000000000000000000182074602 is empty
00000000000000000000000199999856 is empty
00000000000000000000000199999994 is empty
00000000000000000000000199967756 is empty
00000000000000000000000199949556 is empty
00000000000000000000000199998809 is empty
00000000000000000000000199982054 is empty
00000000000000000000000199999995 is empty
00000000000000000000000199999384 is empty
00000000000000000000000182540890 is empty
00000000000000000000000199999994 is empty
00000000000000000000000199999683 is empty
00000000000000000000000199998791 is empty
00000000000000000000000199950031 is empty
00000000000000000000000199998216 is empty
00000000000000000000000185708504 is empty
00000000000000000000000199186427 is empty
00000000000000000000000199999974 is empty
00000000000000000000000199999996 is empty
00000000000000000000000199999709 is empty
00000000000000000000000199995441 is empty
00000000000000000000000199999095 is empty
00000000000000000000000193496299 is empty
00000000000000000000000199999875 is empty
00000000000000000000000199999317 is empty
00000000000000000000000199999608 is empty
00000000000000000000000199996002 is empty
00000000000000000000000199998340 is empty
00000000000000000000000199980066 is empty
00000000000000000000000199992582 is empty
00000000000000000000000199999990 is empty
00000000000000000000000172948929 is empty
00000000000000000000000199992721 is empty
00000000000000000000000199999993 is empty
00000000000000000000000198945550 is empty
00000000000000000000000199999684 is empty
00000000000000000000000199999980 is empty
00000000000000000000000120957179 is empty
00000000000000000000000199991047 is empty
00000000000000000000000199999863 is empty
00000000000000000000000199999994 is empty
00000000000000000000000199996082 is empty
00000000000000000000000199844023 is empty
00000000000000000000000200000000 is empty
00000000000000000000000195801850 is empty
00000000000000000000000192066848 is empty
00000000000000000000000199973400 is empty
00000000000000000000000199999967 is empty
00000000000000000000000199998131 is empty
00000000000000000000000186718375 is empty
00000000000000000000000185714980 is empty
00000000000000000000000199998374 is empty
00000000000000000000000199997518 is empty
00000000000000000000000197940016 is empty
00000000000000000000000199999192 is empty
00000000000000000000000176600988 is empty
00000000000000000000000199999919 is empty
00000000000000000000000165057568 is empty
00000000000000000000000199445634 is empty
00000000000000000000000199998649 is empty
00000000000000000000000192845645 is empty
00000000000000000000000200000000 is empty
00000000000000000000000199990525 is empty
00000000000000000000000199940252 is empty
00000000000000000000000199980816 is empty
00000000000000000000000199999844 is empty
00000000000000000000000199857516 is empty
00000000000000000000000190107990 is empty
00000000000000000000000199929730 is empty
00000000000000000000000199997486 is empty
00000000000000000000000199999983 is empty
00000000000000000000000199999994 is empty
00000000000000000000000197402825 is empty
00000000000000000000000199994146 is empty
00000000000000000000000199999996 is empty
00000000000000000000000199883668 is empty
00000000000000000000000200000000 is empty
00000000000000000000000199999803 is empty
00000000000000000000000199999997 is empty
00000000000000000000000199998984 is empty
00000000000000000000000199998391 is empty
00000000000000000000000199999933 is empty
00000000000000000000000199999977 is empty
00000000000000000000000198060814 is empty
00000000000000000000000199981041 is empty
00000000000000000000000199990144 is empty
00000000000000000000000199999997 is empty
00000000000000000000000199999988 is empty
00000000000000000000000199995648 is empty
00000000000000000000000199919867 is empty
00000000000000000000000199999989 is empty
00000000000000000000000199999984 is empty
00000000000000000000000199999962 is empty
00000000000000000000000199973636 is empty
00000000000000000000000200000000 is empty
00000000000000000000000199915254 is empty
00000000000000000000000199999994 is empty
00000000000000000000000178035362 is empty
00000000000000000000000199950837 is empty
00000000000000000000000192425667 is empty
00000000000000000000000199962954 is empty
00000000000000000000000199998869 is empty
00000000000000000000000199999995 is empty
00000000000000000000000199310023 is empty
00000000000000000000000199999852 is empty
00000000000000000000000147162045 is empty
00000000000000000000000147563123 is empty
00000000000000000000000199998928 is empty
00000000000000000000000196218923 is empty
00000000000000000000000198861660 is empty
00000000000000000000000128094811 is empty
00000000000000000000000199999578 is empty
00000000000000000000000199938717 is empty
00000000000000000000000200000000 is empty
00000000000000000000000199999616 is empty
00000000000000000000000199991904 is empty
00000000000000000000000199999990 is empty
00000000000000000000000199999989 is empty
00000000000000000000000199332592 is empty
00000000000000000000000200000000 is empty
00000000000000000000000199999993 is empty
00000000000000000000000199397486 is empty
00000000000000000000000199892187 is empty
00000000000000000000000199485296 is empty
00000000000000000000000194135290 is empty
00000000000000000000000189578262 is empty
00000000000000000000000199999854 is empty
00000000000000000000000199999267 is empty
00000000000000000000000199998949 is empty
00000000000000000000000199995809 is empty
00000000000000000000000199999995 is empty
00000000000000000000000199169653 is empty
00000000000000000000000199229561 is empty
00000000000000000000000196636177 is empty
00000000000000000000000199813563 is empty
00000000000000000000000196819914 is empty
00000000000000000000000199857081 is empty
00000000000000000000000176216537 is empty
00000000000000000000000199999985 is empty
00000000000000000000000199264679 is empty
00000000000000000000000199999586 is empty
00000000000000000000000199989157 is empty
00000000000000000000000199999999 is empty
00000000000000000000000199605797 is empty
00000000000000000000000200000000 is empty
00000000000000000000000198440030 is empty
00000000000000000000000199999995 is empty
00000000000000000000000199844438 is empty
00000000000000000000000176210467 is empty
00000000000000000000000199999915 is empty
00000000000000000000000199999989 is empty
00000000000000000000000199999996 is empty
00000000000000000000000114688451 is empty
00000000000000000000000199950223 is empty
00000000000000000000000199999939 is empty
00000000000000000000000199950955 is empty
00000000000000000000000199999097 is empty
00000000000000000000000199999981 is empty
00000000000000000000000199918507 is empty
00000000000000000000000160259526 is empty
00000000000000000000000199674496 is empty
00000000000000000000000199999508 is empty
00000000000000000000000199967489 is empty
00000000000000000000000199999946 is empty
00000000000000000000000199997049 is empty
00000000000000000000000200000000 is empty
00000000000000000000000199999903 is empty
00000000000000000000000199999811 is empty
00000000000000000000000199996962 is empty
00000000000000000000000199998854 is empty
00000000000000000000000199607565 is empty
00000000000000000000000195652891 is empty
00000000000000000000000199993703 is empty
00000000000000000000000199997860 is empty
00000000000000000000000198029018 is empty
00000000000000000000000194085323 is empty
00000000000000000000000199999218 is empty
00000000000000000000000199999997 is empty
00000000000000000000000199995631 is empty
00000000000000000000000199985846 is empty
00000000000000000000000199997824 is empty
00000000000000000000000199782012 is empty
00000000000000000000000199999997 is empty
00000000000000000000000199999947 is empty
00000000000000000000000199987552 is empty
00000000000000000000000200000000 is empty
00000000000000000000000198978348 is empty
00000000000000000000000200000000 is empty
00000000000000000000000199997849 is empty
00000000000000000000000199999983 is empty
00000000000000000000000199650147 is empty
00000000000000000000000199942025 is empty
00000000000000000000000199999830 is empty
00000000000000000000000199999993 is empty
00000000000000000000000182241545 is empty
00000000000000000000000199999995 is empty
00000000000000000000000199999989 is empty
00000000000000000000000200000000 is empty
00000000000000000000000199999991 is empty
00000000000000000000000199999996 is empty
00000000000000000000000199994211 is empty
00000000000000000000000199985572 is empty
00000000000000000000000199992153 is empty
00000000000000000000000199999994 is empty
00000000000000000000000181056864 is empty
00000000000000000000000199957797 is empty
00000000000000000000000199999762 is empty
00000000000000000000000199994902 is empty
00000000000000000000000199999991 is empty
00000000000000000000000180103509 is empty
00000000000000000000000199999983 is empty
00000000000000000000000199999958 is empty
00000000000000000000000199999994 is empty
00000000000000000000000199417235 is empty
00000000000000000000000198555568 is empty
00000000000000000000000199990470 is empty
00000000000000000000000197372072 is empty
00000000000000000000000199999984 is empty
00000000000000000000000199999996 is empty
00000000000000000000000199321074 is empty
00000000000000000000000178152720 is empty
00000000000000000000000199510199 is empty
00000000000000000000000199999284 is empty
00000000000000000000000198083692 is empty
00000000000000000000000199001180 is empty
00000000000000000000000199840142 is empty
00000000000000000000000200000000 is empty
00000000000000000000000183365338 is empty
00000000000000000000000199997816 is empty
00000000000000000000000199997279 is empty
00000000000000000000000199999167 is empty
00000000000000000000000200000000 is empty
00000000000000000000000199982044 is empty
00000000000000000000000199997622 is empty
00000000000000000000000199996372 is empty
00000000000000000000000192801566 is empty
00000000000000000000000119475115 is empty
00000000000000000000000199997593 is empty
00000000000000000000000199904802 is empty
00000000000000000000000199998873 is empty
00000000000000000000000199449254 is empty
00000000000000000000000197553711 is empty
00000000000000000000000199981174 is empty
00000000000000000000000197584209 is empty
00000000000000000000000191611698 is empty
00000000000000000000000199999999 is empty
00000000000000000000000199999629 is empty
00000000000000000000000173464123 is empty
00000000000000000000000199999938 is empty
00000000000000000000000198983258 is empty
00000000000000000000000197556110 is empty
00000000000000000000000199173548 is empty
00000000000000000000000199945028 is empty
00000000000000000000000200000000 is empty
00000000000000000000000198614967 is empty
00000000000000000000000199948769 is empty
00000000000000000000000199859748 is empty
00000000000000000000000195639715 is empty
00000000000000000000000199994068 is empty
00000000000000000000000199999992 is empty
00000000000000000000000189173791 is empty
00000000000000000000000110217295 is empty
00000000000000000000000199999994 is empty
00000000000000000000000200000000 is empty
00000000000000000000000199999632 is empty
00000000000000000000000199999367 is empty
00000000000000000000000198484342 is empty
00000000000000000000000199999990 is empty
00000000000000000000000199997675 is empty
00000000000000000000000199980629 is empty
00000000000000000000000199082452 is empty
00000000000000000000000149431417 is empty
00000000000000000000000170918220 is empty
00000000000000000000000199696306 is empty
00000000000000000000000200000000 is empty
00000000000000000000000199999925 is empty
00000000000000000000000199996790 is empty
00000000000000000000000199999951 is empty
00000000000000000000000172154229 is empty
00000000000000000000000144126220 is empty
00000000000000000000000199999304 is empty
00000000000000000000000199998373 is empty
00000000000000000000000199998622 is empty
00000000000000000000000199999670 is empty
00000000000000000000000199999312 is empty
00000000000000000000000191016647 is empty
00000000000000000000000196657971 is empty
00000000000000000000000198548931 is empty
00000000000000000000000199760804 is empty
00000000000000000000000199994892 is empty
00000000000000000000000199939602 is empty
00000000000000000000000117207252 is empty
00000000000000000000000199998638 is empty
00000000000000000000000199999999 is empty
00000000000000000000000198209232 is empty
00000000000000000000000199999663 is empty
00000000000000000000000199999971 is empty
00000000000000000000000195192563 is empty
00000000000000000000000156505321 is empty
00000000000000000000000199827867 is empty
00000000000000000000000115195204 is empty
00000000000000000000000199987301 is empty
00000000000000000000000199999789 is empty
00000000000000000000000199967014 is empty
00000000000000000000000199923689 is empty
00000000000000000000000199999963 is empty
00000000000000000000000199905899 is empty
00000000000000000000000199999789 is empty
00000000000000000000000199999794 is empty
00000000000000000000000199999996 is empty
00000000000000000000000199996919 is empty
00000000000000000000000200000000 is empty
00000000000000000000000188866687 is empty
00000000000000000000000199999989 is empty
00000000000000000000000200000000 is empty
00000000000000000000000199999991 is empty
00000000000000000000000199999992 is empty
00000000000000000000000199680500 is empty
00000000000000000000000200000000 is empty
00000000000000000000000199999997 is empty
00000000000000000000000199966239 is empty
00000000000000000000000199999954 is empty
00000000000000000000000199717367 is empty
00000000000000000000000199894348 is empty
00000000000000000000000199999122 is empty
00000000000000000000000199998983 is empty
00000000000000000000000199999886 is empty
00000000000000000000000112178208 is empty
00000000000000000000000199995293 is empty
00000000000000000000000199399297 is empty
00000000000000000000000187018761 is empty
00000000000000000000000199999588 is empty
00000000000000000000000199999993 is empty
00000000000000000000000199999405 is empty
00000000000000000000000177844622 is empty
00000000000000000000000199999999 is empty
00000000000000000000000155578677 is empty
00000000000000000000000199999578 is empty
00000000000000000000000199995155 is empty
00000000000000000000000199999811 is empty
00000000000000000000000197093008 is empty
00000000000000000000000199999995 is empty
00000000000000000000000199999452 is empty
00000000000000000000000199500591 is empty
00000000000000000000000199997121 is empty
00000000000000000000000199998413 is empty
00000000000000000000000190727235 is empty
00000000000000000000000199999992 is empty
00000000000000000000000199998307 is empty
00000000000000000000000199612193 is empty
00000000000000000000000199997444 is empty
00000000000000000000000199999994 is empty
00000000000000000000000199999991 is empty
00000000000000000000000199999917 is empty
00000000000000000000000199488407 is empty
00000000000000000000000199999049 is empty
00000000000000000000000199999376 is empty
00000000000000000000000199551115 is empty
00000000000000000000000199893249 is empty
00000000000000000000000199999642 is empty
00000000000000000000000199988660 is empty
00000000000000000000000199910027 is empty
00000000000000000000000199999851 is empty
00000000000000000000000199999747 is empty
00000000000000000000000199997685 is empty
00000000000000000000000199999990 is empty
00000000000000000000000199999923 is empty
00000000000000000000000199999773 is empty
00000000000000000000000199999977 is empty
00000000000000000000000199984411 is empty
00000000000000000000000199916950 is empty
00000000000000000000000199999999 is empty
00000000000000000000000199999972 is empty
00000000000000000000000199999989 is empty
00000000000000000000000199982955 is empty
00000000000000000000000199994665 is empty
00000000000000000000000107381474 is empty
00000000000000000000000199999997 is empty
00000000000000000000000199999996 is empty
00000000000000000000000198416342 is empty
00000000000000000000000199976948 is empty
00000000000000000000000199999996 is empty
00000000000000000000000199642538 is empty
00000000000000000000000199993810 is empty
00000000000000000000000199990359 is empty
00000000000000000000000199999896 is empty
00000000000000000000000199999969 is empty
00000000000000000000000198392130 is empty
00000000000000000000000199118741 is empty
00000000000000000000000199999917 is empty
00000000000000000000000185612108 is empty
00000000000000000000000199753621 is empty
00000000000000000000000199998135 is empty
00000000000000000000000199676401 is empty
00000000000000000000000199998152 is empty
00000000000000000000000199999995 is empty
00000000000000000000000199991195 is empty
00000000000000000000000199963276 is empty
00000000000000000000000199999995 is empty
00000000000000000000000199999944 is empty
00000000000000000000000199973851 is empty
00000000000000000000000199937462 is empty
00000000000000000000000186906664 is empty
00000000000000000000000200000000 is empty
00000000000000000000000199999923 is empty
00000000000000000000000199999999 is empty
00000000000000000000000199999699 is empty
00000000000000000000000199853154 is empty
00000000000000000000000176106045 is empty
00000000000000000000000199999988 is empty
00000000000000000000000199999971 is empty
00000000000000000000000199970492 is empty
00000000000000000000000196429880 is empty
00000000000000000000000199999808 is empty
00000000000000000000000200000000 is empty
00000000000000000000000199999856 is empty
00000000000000000000000199996553 is empty
00000000000000000000000199592362 is empty
00000000000000000000000199611585 is empty
00000000000000000000000199999997 is empty
00000000000000000000000199215171 is empty
00000000000000000000000199999994 is empty
00000000000000000000000199999999 is empty
00000000000000000000000192064262 is empty
00000000000000000000000199980623 is empty
00000000000000000000000198473179 is empty
00000000000000000000000199999933 is empty
00000000000000000000000199999855 is empty
00000000000000000000000199589038 is empty
00000000000000000000000105651631 is empty
00000000000000000000000170433413 is empty
00000000000000000000000199500709 is empty
00000000000000000000000192625887 is empty
00000000000000000000000199900502 is empty
00000000000000000000000199999693 is empty
00000000000000000000000199999452 is empty
00000000000000000000000199998206 is empty
00000000000000000000000165429070 is empty
00000000000000000000000199862507 is empty
00000000000000000000000199999999 is empty
00000000000000000000000196375141 is empty
00000000000000000000000199989295 is empty
00000000000000000000000199998005 is empty
00000000000000000000000199999025 is empty
00000000000000000000000199976446 is empty
00000000000000000000000199999575 is empty
00000000000000000000000199844130 is empty
00000000000000000000000198572298 is empty
00000000000000000000000199999777 is empty
00000000000000000000000199990893 is empty
00000000000000000000000198339318 is empty
00000000000000000000000154916859 is empty
00000000000000000000000199937862 is empty
00000000000000000000000199997704 is empty
00000000000000000000000199999415 is empty
00000000000000000000000199999940 is empty
00000000000000000000000199893053 is empty
00000000000000000000000133053992 is empty
00000000000000000000000111703285 is empty
00000000000000000000000122739923 is empty
00000000000000000000000145075353 is empty
00000000000000000000000186166997 is empty
00000000000000000000000199999965 is empty
00000000000000000000000199999842 is empty
00000000000000000000000199999578 is empty
00000000000000000000000195936627 is empty
00000000000000000000000200000000 is empty
00000000000000000000000199999997 is empty
00000000000000000000000199965756 is empty
00000000000000000000000196081948 is empty
00000000000000000000000199999999 is empty
00000000000000000000000180174739 is empty
00000000000000000000000199999536 is empty
00000000000000000000000199999749 is empty
00000000000000000000000199779932 is empty
00000000000000000000000199130748 is empty
00000000000000000000000147815146 is empty
00000000000000000000000199924007 is empty
00000000000000000000000199968202 is empty
00000000000000000000000199994009 is empty
00000000000000000000000199899912 is empty
00000000000000000000000199990366 is empty
00000000000000000000000199999999 is empty
00000000000000000000000199582813 is empty
00000000000000000000000199999798 is empty
00000000000000000000000183372464 is empty
00000000000000000000000199999960 is empty
00000000000000000000000198711492 is empty
00000000000000000000000199999993 is empty
00000000000000000000000196019652 is empty
00000000000000000000000199492931 is empty
00000000000000000000000199999996 is empty
00000000000000000000000186461701 is empty
00000000000000000000000196946810 is empty
00000000000000000000000200000000 is empty
00000000000000000000000197570674 is empty
00000000000000000000000187082116 is empty
00000000000000000000000199999710 is empty
00000000000000000000000111916419 is empty
00000000000000000000000165774580 is empty
00000000000000000000000199995433 is empty
00000000000000000000000199994166 is empty
00000000000000000000000179132490 is empty
00000000000000000000000199999618 is empty
00000000000000000000000199704045 is empty
00000000000000000000000199976696 is empty
00000000000000000000000199998988 is empty
00000000000000000000000199999854 is empty
00000000000000000000000199996960 is empty
00000000000000000000000153105187 is empty
00000000000000000000000199999770 is empty
00000000000000000000000199989331 is empty
00000000000000000000000199997226 is empty
00000000000000000000000169755000 is empty
00000000000000000000000197914192 is empty
00000000000000000000000199999999 is empty
00000000000000000000000199669697 is empty
00000000000000000000000199997650 is empty
00000000000000000000000199452851 is empty
00000000000000000000000199998571 is empty
00000000000000000000000199938776 is empty
00000000000000000000000166101799 is empty
00000000000000000000000151014031 is empty
00000000000000000000000142257233 is empty
00000000000000000000000199999956 is empty
00000000000000000000000196626102 is empty
00000000000000000000000198827038 is empty
00000000000000000000000199995978 is empty
00000000000000000000000199964387 is empty
00000000000000000000000199929664 is empty
00000000000000000000000199996819 is empty
00000000000000000000000168975300 is empty
00000000000000000000000199999927 is empty
00000000000000000000000199619642 is empty
00000000000000000000000199999990 is empty
00000000000000000000000199999996 is empty
00000000000000000000000199999727 is empty
00000000000000000000000198755650 is empty
00000000000000000000000199999567 is empty
00000000000000000000000199999880 is empty
00000000000000000000000199999806 is empty
00000000000000000000000166275047 is empty
00000000000000000000000199999973 is empty
00000000000000000000000199999044 is empty
00000000000000000000000199998324 is empty
00000000000000000000000199999991 is empty
00000000000000000000000199999535 is empty
00000000000000000000000198939225 is empty
00000000000000000000000196798914 is empty
00000000000000000000000195588051 is empty
00000000000000000000000197589815 is empty
00000000000000000000000199999996 is empty
00000000000000000000000195149203 is empty
00000000000000000000000199986700 is empty
00000000000000000000000199999285 is empty
00000000000000000000000199513418 is empty
00000000000000000000000175318888 is empty
00000000000000000000000198662765 is empty
00000000000000000000000199999997 is empty
00000000000000000000000199999951 is empty
00000000000000000000000199822560 is empty
00000000000000000000000106819931 is empty
00000000000000000000000199999743 is empty
00000000000000000000000199999844 is empty
00000000000000000000000198022848 is empty
00000000000000000000000199999984 is empty
00000000000000000000000199984359 is empty
00000000000000000000000199999994 is empty
00000000000000000000000199198745 is empty
00000000000000000000000200000000 is empty
00000000000000000000000199999992 is empty
00000000000000000000000199954677 is empty
00000000000000000000000198296142 is empty
00000000000000000000000199990551 is empty
00000000000000000000000199999966 is empty
00000000000000000000000149997488 is empty
00000000000000000000000199999941 is empty
00000000000000000000000199999994 is empty
00000000000000000000000199890912 is empty
00000000000000000000000199572844 is empty
00000000000000000000000199999895 is empty
00000000000000000000000199999892 is empty
00000000000000000000000193344708 is empty
00000000000000000000000187314075 is empty
00000000000000000000000199999994 is empty
00000000000000000000000199824110 is empty
00000000000000000000000169381357 is empty
00000000000000000000000199989943 is empty
00000000000000000000000199999993 is empty
00000000000000000000000195890332 is empty
00000000000000000000000199999752 is empty
00000000000000000000000198824173 is empty
00000000000000000000000199811913 is empty
00000000000000000000000199999329 is empty
00000000000000000000000199999995 is empty
00000000000000000000000199998567 is empty
00000000000000000000000135412602 is empty
00000000000000000000000190018984 is empty
00000000000000000000000199999986 is empty
00000000000000000000000199963946 is empty
00000000000000000000000199951852 is empty
00000000000000000000000199341424 is empty
00000000000000000000000199999994 is empty
00000000000000000000000199986296 is empty
00000000000000000000000188408071 is empty
00000000000000000000000197071555 is empty
00000000000000000000000160571166 is empty
00000000000000000000000199999999 is empty
00000000000000000000000144150971 is empty
00000000000000000000000199998622 is empty
00000000000000000000000199916844 is empty
00000000000000000000000191005191 is empty
00000000000000000000000199999957 is empty
00000000000000000000000195143283 is empty
00000000000000000000000199996011 is empty
00000000000000000000000199998137 is empty
00000000000000000000000199985594 is empty
00000000000000000000000199990136 is empty
00000000000000000000000199953202 is empty
00000000000000000000000199999995 is empty
00000000000000000000000199999754 is empty
00000000000000000000000200000000 is empty
00000000000000000000000198709951 is empty
00000000000000000000000200000000 is empty
00000000000000000000000199026895 is empty
00000000000000000000000200000000 is empty
00000000000000000000000199086937 is empty
00000000000000000000000199992352 is empty
00000000000000000000000199977345 is empty
00000000000000000000000200000000 is empty
00000000000000000000000198907109 is empty
00000000000000000000000194881440 is empty
00000000000000000000000199473781 is empty
00000000000000000000000199998291 is empty
00000000000000000000000191283189 is empty
00000000000000000000000199969786 is empty
00000000000000000000000199999973 is empty
00000000000000000000000199959959 is empty
00000000000000000000000199999856 is empty
00000000000000000000000199272806 is empty
00000000000000000000000199999997 is empty
00000000000000000000000197755620 is empty
00000000000000000000000185676407 is empty
00000000000000000000000199999999 is empty
00000000000000000000000199999030 is empty
00000000000000000000000199989825 is empty
00000000000000000000000199574519 is empty
00000000000000000000000199858217 is empty
00000000000000000000000171375608 is empty
00000000000000000000000199999990 is empty
00000000000000000000000199145174 is empty
00000000000000000000000199999952 is empty
00000000000000000000000199958371 is empty
00000000000000000000000199999993 is empty
00000000000000000000000152900761 is empty
00000000000000000000000199180196 is empty
00000000000000000000000196397710 is empty
00000000000000000000000199802181 is empty
00000000000000000000000199999433 is empty
00000000000000000000000199368566 is empty
00000000000000000000000199999994 is empty
00000000000000000000000199999988 is empty
00000000000000000000000191689039 is empty
00000000000000000000000199967146 is empty
00000000000000000000000199831573 is empty
00000000000000000000000199999836 is empty
00000000000000000000000175345611 is empty
00000000000000000000000195812029 is empty
00000000000000000000000197241770 is empty
00000000000000000000000193245728 is empty
00000000000000000000000195278675 is empty
00000000000000000000000200000000 is empty
00000000000000000000000196450206 is empty
00000000000000000000000190850485 is empty
00000000000000000000000199999946 is empty
00000000000000000000000199320936 is empty
00000000000000000000000199999695 is empty
00000000000000000000000199918518 is empty
00000000000000000000000177992438 is empty
00000000000000000000000177372686 is empty
00000000000000000000000199999999 is empty
00000000000000000000000199997943 is empty
00000000000000000000000199999952 is empty
00000000000000000000000199353227 is empty
00000000000000000000000199999215 is empty
00000000000000000000000199999986 is empty
00000000000000000000000199999934 is empty
00000000000000000000000199999997 is empty
00000000000000000000000199998659 is empty
00000000000000000000000189345361 is empty
00000000000000000000000199845437 is empty
00000000000000000000000195079040 is empty
00000000000000000000000199972674 is empty
00000000000000000000000199999995 is empty
00000000000000000000000199957943 is empty
00000000000000000000000186543445 is empty
00000000000000000000000199992709 is empty
00000000000000000000000192845765 is empty
00000000000000000000000199813650 is empty
00000000000000000000000199994737 is empty
00000000000000000000000199999995 is empty
00000000000000000000000199914970 is empty
00000000000000000000000199928537 is empty
00000000000000000000000199999999 is empty
00000000000000000000000199999991 is empty
00000000000000000000000199976490 is empty
00000000000000000000000170196646 is empty
00000000000000000000000197450390 is empty
00000000000000000000000199699961 is empty
00000000000000000000000199435945 is empty
00000000000000000000000197003899 is empty
00000000000000000000000199980549 is empty
00000000000000000000000199999910 is empty
00000000000000000000000199989622 is empty
00000000000000000000000199999980 is empty
00000000000000000000000194947897 is empty
00000000000000000000000199999991 is empty
00000000000000000000000199999918 is empty
00000000000000000000000199872987 is empty
00000000000000000000000198760646 is empty
00000000000000000000000199987172 is empty
00000000000000000000000199962952 is empty
00000000000000000000000199997874 is empty
00000000000000000000000199999993 is empty
00000000000000000000000199998886 is empty
00000000000000000000000199994064 is empty
00000000000000000000000199997892 is empty
00000000000000000000000199999987 is empty
00000000000000000000000199805971 is empty
00000000000000000000000198679738 is empty
00000000000000000000000169715663 is empty
00000000000000000000000199999997 is empty
00000000000000000000000199999874 is empty
00000000000000000000000178214782 is empty
00000000000000000000000200000000 is empty
00000000000000000000000199998983 is empty
00000000000000000000000199999997 is empty
00000000000000000000000190592975 is empty
00000000000000000000000199999986 is empty
00000000000000000000000199999969 is empty
00000000000000000000000188270029 is empty
00000000000000000000000199999894 is empty
00000000000000000000000195145352 is empty
00000000000000000000000174965953 is empty
00000000000000000000000199997391 is empty
00000000000000000000000197182955 is empty
00000000000000000000000199999999 is empty
00000000000000000000000198316542 is empty
00000000000000000000000199741092 is empty
00000000000000000000000110965430 is empty
00000000000000000000000199999994 is empty
00000000000000000000000196439000 is empty
00000000000000000000000199775613 is empty
00000000000000000000000199456161 is empty
00000000000000000000000199994667 is empty
00000000000000000000000120851494 is empty
00000000000000000000000198443741 is empty
00000000000000000000000199999486 is empty
00000000000000000000000199234602 is empty
00000000000000000000000199990181 is empty
00000000000000000000000199893598 is empty
00000000000000000000000199999997 is empty
00000000000000000000000130113670 is empty
00000000000000000000000200000000 is empty
00000000000000000000000199876048 is empty
00000000000000000000000161240407 is empty
00000000000000000000000199960852 is empty
00000000000000000000000199999973 is empty
00000000000000000000000158440941 is empty
00000000000000000000000200000000 is empty
00000000000000000000000199999751 is empty
00000000000000000000000197189312 is empty
00000000000000000000000199999996 is empty
00000000000000000000000198369097 is empty
00000000000000000000000199934157 is empty
00000000000000000000000199999997 is empty
00000000000000000000000184036769 is empty
00000000000000000000000199694205 is empty
00000000000000000000000136240877 is empty
00000000000000000000000199999946 is empty
00000000000000000000000199991522 is empty
00000000000000000000000199995695 is empty
00000000000000000000000199963441 is empty
00000000000000000000000181684132 is empty
00000000000000000000000200000000 is empty
00000000000000000000000111881401 is empty
00000000000000000000000199999776 is empty
00000000000000000000000199999973 is empty
00000000000000000000000199995867 is empty
00000000000000000000000199998113 is empty
00000000000000000000000199999911 is empty
00000000000000000000000188948031 is empty
00000000000000000000000199998148 is empty
00000000000000000000000199999995 is empty
00000000000000000000000198173573 is empty
00000000000000000000000199998789 is empty
00000000000000000000000198397071 is empty
00000000000000000000000199892907 is empty
00000000000000000000000199999884 is empty
00000000000000000000000172643786 is empty
00000000000000000000000199998979 is empty
00000000000000000000000199922825 is empty
00000000000000000000000199999539 is empty
00000000000000000000000106850437 is empty
00000000000000000000000199999461 is empty
00000000000000000000000197843056 is empty
00000000000000000000000199921556 is empty
00000000000000000000000200000000 is empty
00000000000000000000000199999986 is empty
00000000000000000000000199999968 is empty
00000000000000000000000199999570 is empty
00000000000000000000000199999967 is empty
00000000000000000000000200000000 is empty
00000000000000000000000199737299 is empty
00000000000000000000000199998728 is empty
00000000000000000000000199997016 is empty
00000000000000000000000199999490 is empty
00000000000000000000000199856643 is empty
00000000000000000000000199998792 is empty
00000000000000000000000199953180 is empty
00000000000000000000000199861764 is empty
00000000000000000000000193496154 is empty
00000000000000000000000199999997 is empty
00000000000000000000000199999825 is empty
00000000000000000000000199999585 is empty
00000000000000000000000199933390 is empty
00000000000000000000000199646832 is empty
00000000000000000000000199920912 is empty
00000000000000000000000198753607 is empty
00000000000000000000000199992234 is empty
00000000000000000000000199963392 is empty
00000000000000000000000199999995 is empty
00000000000000000000000199993520 is empty
00000000000000000000000199999993 is empty
00000000000000000000000199952183 is empty
00000000000000000000000199801233 is empty
00000000000000000000000199999996 is empty
00000000000000000000000199998998 is empty
00000000000000000000000199994909 is empty
00000000000000000000000199999995 is empty
00000000000000000000000199960538 is empty
00000000000000000000000199999529 is empty
00000000000000000000000199992158 is empty
00000000000000000000000199999995 is empty
00000000000000000000000199998268 is empty
00000000000000000000000199999976 is empty
00000000000000000000000199999134 is empty
00000000000000000000000200000000 is empty
00000000000000000000000199384489 is empty
00000000000000000000000121057182 is empty
00000000000000000000000199999995 is empty
00000000000000000000000200000000 is empty
00000000000000000000000195010343 is empty
00000000000000000000000188320683 is empty
00000000000000000000000200000000 is empty
00000000000000000000000176095604 is empty
00000000000000000000000199999851 is empty
00000000000000000000000199840236 is empty
00000000000000000000000199650966 is empty
00000000000000000000000199999995 is empty
00000000000000000000000199450860 is empty
00000000000000000000000199999201 is empty
00000000000000000000000199970141 is empty
00000000000000000000000199999970 is empty
00000000000000000000000198508946 is empty
00000000000000000000000199999904 is empty
00000000000000000000000199999991 is empty
00000000000000000000000179354960 is empty
00000000000000000000000199999966 is empty
00000000000000000000000199962415 is empty
00000000000000000000000199988661 is empty
00000000000000000000000199100410 is empty
00000000000000000000000200000000 is empty
00000000000000000000000174867584 is empty
00000000000000000000000199990642 is empty
00000000000000000000000199999947 is empty
00000000000000000000000199995816 is empty
00000000000000000000000199999416 is empty
00000000000000000000000194932430 is empty
00000000000000000000000199977244 is empty
00000000000000000000000199998912 is empty
00000000000000000000000199999890 is empty
00000000000000000000000180531431 is empty
00000000000000000000000154381545 is empty
00000000000000000000000200000000 is empty
00000000000000000000000199999987 is empty
00000000000000000000000196725298 is empty
00000000000000000000000199813877 is empty
00000000000000000000000199999735 is empty
00000000000000000000000199999930 is empty
00000000000000000000000165899169 is empty
00000000000000000000000199999560 is empty
00000000000000000000000199999958 is empty
00000000000000000000000195988277 is empty
00000000000000000000000199018180 is empty
00000000000000000000000199999978 is empty
00000000000000000000000199999877 is empty
00000000000000000000000199999996 is empty
00000000000000000000000199997794 is empty
00000000000000000000000199999959 is empty
00000000000000000000000199999999 is empty
00000000000000000000000179696759 is empty
00000000000000000000000199999861 is empty
00000000000000000000000199999997 is empty
00000000000000000000000199999842 is empty
00000000000000000000000194881287 is empty
00000000000000000000000200000000 is empty
00000000000000000000000199999997 is empty
00000000000000000000000198911495 is empty
00000000000000000000000199999993 is empty
00000000000000000000000199605283 is empty
00000000000000000000000174560318 is empty
00000000000000000000000199999996 is empty
00000000000000000000000199986499 is empty
00000000000000000000000199999996 is empty
00000000000000000000000199999981 is empty
00000000000000000000000199998738 is empty
00000000000000000000000199999894 is empty
00000000000000000000000199999997 is empty
00000000000000000000000199993765 is empty
00000000000000000000000199000049 is empty
00000000000000000000000198241867 is empty
00000000000000000000000199999657 is empty
00000000000000000000000118257914 is empty
00000000000000000000000199317590 is empty
00000000000000000000000199479110 is empty
00000000000000000000000175622094 is empty
00000000000000000000000199999700 is empty
00000000000000000000000199999991 is empty
00000000000000000000000199999995 is empty
00000000000000000000000198710096 is empty
00000000000000000000000199964703 is empty
00000000000000000000000126468088 is empty
00000000000000000000000188366010 is empty
00000000000000000000000199999990 is empty
00000000000000000000000199993626 is empty
00000000000000000000000199923766 is empty
00000000000000000000000154678793 is empty
00000000000000000000000196416633 is empty
00000000000000000000000199999997 is empty
00000000000000000000000199999512 is empty
00000000000000000000000199784105 is empty
00000000000000000000000199866660 is empty
00000000000000000000000161184002 is empty
00000000000000000000000151553050 is empty
00000000000000000000000199999975 is empty
00000000000000000000000199921343 is empty
00000000000000000000000199932732 is empty
00000000000000000000000152248414 is empty
00000000000000000000000199995037 is empty
00000000000000000000000199999830 is empty
00000000000000000000000199841607 is empty
00000000000000000000000199751357 is empty
00000000000000000000000199969823 is empty
00000000000000000000000199239579 is empty
00000000000000000000000199942025 is empty
00000000000000000000000199978100 is empty
00000000000000000000000199990668 is empty
00000000000000000000000199999994 is empty
00000000000000000000000199997106 is empty
00000000000000000000000195782876 is empty
00000000000000000000000199999994 is empty
00000000000000000000000160673464 is empty
00000000000000000000000199984109 is empty
00000000000000000000000199432610 is empty
00000000000000000000000199999497 is empty
00000000000000000000000199521725 is empty
00000000000000000000000199978200 is empty
00000000000000000000000159170639 is empty
00000000000000000000000199794774 is empty
00000000000000000000000199999851 is empty
00000000000000000000000199901207 is empty
00000000000000000000000175086039 is empty
00000000000000000000000199965697 is empty
00000000000000000000000199999990 is empty
00000000000000000000000199999937 is empty
00000000000000000000000200000000 is empty
00000000000000000000000199999877 is empty
00000000000000000000000196105686 is empty
00000000000000000000000199999995 is empty
00000000000000000000000200000000 is empty
00000000000000000000000199997476 is empty
00000000000000000000000199999415 is empty
00000000000000000000000199999987 is empty
00000000000000000000000199976406 is empty
00000000000000000000000199999873 is empty
00000000000000000000000190331934 is empty
00000000000000000000000199999714 is empty
00000000000000000000000199856469 is empty
00000000000000000000000194604209 is empty
00000000000000000000000197310287 is empty
00000000000000000000000199941540 is empty
00000000000000000000000199999999 is empty
00000000000000000000000199999999 is empty
00000000000000000000000159399091 is empty
00000000000000000000000198513735 is empty
00000000000000000000000199999709 is empty
00000000000000000000000199982751 is empty
00000000000000000000000199999017 is empty
00000000000000000000000199999997 is empty
00000000000000000000000199999984 is empty
00000000000000000000000200000000 is empty
00000000000000000000000199986348 is empty
00000000000000000000000199003555 is empty
00000000000000000000000199999788 is empty
00000000000000000000000199997452 is empty
00000000000000000000000199979843 is empty
00000000000000000000000198126920 is empty
00000000000000000000000198550523 is empty
00000000000000000000000199999970 is empty
00000000000000000000000199999399 is empty
00000000000000000000000199998274 is empty
00000000000000000000000179028425 is empty
00000000000000000000000199997510 is empty
00000000000000000000000199998966 is empty
00000000000000000000000197192470 is empty
00000000000000000000000199965886 is empty
00000000000000000000000199999851 is empty
00000000000000000000000199999003 is empty
00000000000000000000000199967055 is empty
00000000000000000000000199999361 is empty
00000000000000000000000199937316 is empty
00000000000000000000000189124964 is empty
00000000000000000000000195101410 is empty
00000000000000000000000199999454 is empty
00000000000000000000000199263306 is empty
00000000000000000000000140407602 is empty
00000000000000000000000199999986 is empty
00000000000000000000000198183050 is empty
00000000000000000000000199999996 is empty
00000000000000000000000154001667 is empty
00000000000000000000000199653161 is empty
00000000000000000000000197460783 is empty
00000000000000000000000200000000 is empty
00000000000000000000000199466610 is empty
00000000000000000000000199999992 is empty
00000000000000000000000199999232 is empty
00000000000000000000000199824232 is empty
00000000000000000000000200000000 is empty
00000000000000000000000199998106 is empty
00000000000000000000000199984396 is empty
00000000000000000000000199999528 is empty
00000000000000000000000199733779 is empty
00000000000000000000000199999873 is empty
00000000000000000000000199999997 is empty
00000000000000000000000199999776 is empty
00000000000000000000000195673145 is empty
00000000000000000000000198949645 is empty
00000000000000000000000199999931 is empty
00000000000000000000000199170361 is empty
00000000000000000000000199230062 is empty
00000000000000000000000199998085 is empty
00000000000000000000000199944150 is empty
00000000000000000000000139997872 is empty
00000000000000000000000191815677 is empty
00000000000000000000000196813386 is empty
00000000000000000000000199998343 is empty
00000000000000000000000195399056 is empty
00000000000000000000000199997391 is empty
00000000000000000000000176195093 is empty
00000000000000000000000199999935 is empty
00000000000000000000000199988413 is empty
00000000000000000000000199999996 is empty
00000000000000000000000199906473 is empty
00000000000000000000000197837753 is empty
00000000000000000000000199999865 is empty
00000000000000000000000199923958 is empty
00000000000000000000000162444914 is empty
00000000000000000000000199993875 is empty
00000000000000000000000199139006 is empty
00000000000000000000000199908321 is empty
00000000000000000000000199999994 is empty
00000000000000000000000199342642 is empty
00000000000000000000000199999837 is empty
00000000000000000000000199981891 is empty
00000000000000000000000178446808 is empty
00000000000000000000000199999997 is empty
00000000000000000000000199999761 is empty
00000000000000000000000199943403 is empty
00000000000000000000000200000000 is empty
00000000000000000000000176391472 is empty
00000000000000000000000197131059 is empty
00000000000000000000000199999973 is empty
00000000000000000000000199989112 is empty
00000000000000000000000199968939 is empty
00000000000000000000000199999962 is empty
00000000000000000000000199999994 is empty
00000000000000000000000197992930 is empty
00000000000000000000000189736715 is empty
00000000000000000000000199575073 is empty
00000000000000000000000189768386 is empty
00000000000000000000000199999978 is empty
00000000000000000000000183570115 is empty
00000000000000000000000199999997 is empty
00000000000000000000000199996806 is empty
00000000000000000000000199999885 is empty
00000000000000000000000199998042 is empty
00000000000000000000000199987918 is empty
00000000000000000000000198565346 is empty
00000000000000000000000199999924 is empty
00000000000000000000000199983962 is empty
00000000000000000000000196327552 is empty
00000000000000000000000199993453 is empty
00000000000000000000000199022788 is empty
00000000000000000000000199995810 is empty
00000000000000000000000199994882 is empty
00000000000000000000000199999984 is empty
00000000000000000000000199992274 is empty
00000000000000000000000169380213 is empty
00000000000000000000000199911507 is empty
00000000000000000000000199992828 is empty
00000000000000000000000195470729 is empty
00000000000000000000000199999995 is empty
00000000000000000000000199999978 is empty
00000000000000000000000198785245 is empty
00000000000000000000000200000000 is empty
00000000000000000000000150702051 is empty
00000000000000000000000199999982 is empty
00000000000000000000000199999995 is empty
00000000000000000000000199999997 is empty
00000000000000000000000199998837 is empty
00000000000000000000000199455778 is empty
00000000000000000000000196537515 is empty
00000000000000000000000200000000 is empty
00000000000000000000000199999749 is empty
00000000000000000000000199994146 is empty
00000000000000000000000199356539 is empty
00000000000000000000000200000000 is empty
00000000000000000000000199999727 is empty
00000000000000000000000199999997 is empty
00000000000000000000000199999896 is empty
00000000000000000000000199999839 is empty
00000000000000000000000199386174 is empty
00000000000000000000000199942097 is empty
00000000000000000000000164938583 is empty
00000000000000000000000199988960 is empty
00000000000000000000000199998745 is empty
00000000000000000000000199999983 is empty
00000000000000000000000199983273 is empty
00000000000000000000000193605951 is empty
00000000000000000000000199996439 is empty
00000000000000000000000199834801 is empty
00000000000000000000000198855695 is empty
00000000000000000000000199999937 is empty
00000000000000000000000199781058 is empty
00000000000000000000000144990735 is empty
00000000000000000000000192742851 is empty
00000000000000000000000147274123 is empty
00000000000000000000000199999999 is empty
00000000000000000000000199995348 is empty
00000000000000000000000199645660 is empty
00000000000000000000000199999940 is empty
00000000000000000000000199994870 is empty
00000000000000000000000200000000 is empty
00000000000000000000000199999481 is empty
00000000000000000000000199999778 is empty
00000000000000000000000199997549 is empty
00000000000000000000000164290227 is empty
00000000000000000000000199976123 is empty
00000000000000000000000199027751 is empty
00000000000000000000000199999999 is empty
00000000000000000000000195036744 is empty
00000000000000000000000193360403 is empty
00000000000000000000000199999587 is empty
00000000000000000000000198005021 is empty
00000000000000000000000199999999 is empty
00000000000000000000000199388405 is empty
00000000000000000000000199929231 is empty
00000000000000000000000199996057 is empty
00000000000000000000000199999943 is empty
00000000000000000000000199999928 is empty
00000000000000000000000199999980 is empty
00000000000000000000000199995353 is empty
00000000000000000000000198850524 is empty
00000000000000000000000178775029 is empty
00000000000000000000000199985102 is empty
00000000000000000000000199999993 is empty
00000000000000000000000199999473 is empty
00000000000000000000000113133438 is empty
00000000000000000000000199937064 is empty
00000000000000000000000199759971 is empty
00000000000000000000000199999983 is empty
00000000000000000000000199999873 is empty
00000000000000000000000199999991 is empty
00000000000000000000000199999869 is empty
00000000000000000000000199260288 is empty
00000000000000000000000199999225 is empty
00000000000000000000000199999096 is empty
00000000000000000000000199887140 is empty
00000000000000000000000199971892 is empty
00000000000000000000000194146149 is empty
00000000000000000000000199989580 is empty
00000000000000000000000199855316 is empty
00000000000000000000000170767980 is empty
00000000000000000000000199991865 is empty
00000000000000000000000173147806 is empty
00000000000000000000000198963035 is empty
00000000000000000000000199999999 is empty
00000000000000000000000192456888 is empty
00000000000000000000000187296176 is empty
00000000000000000000000199999475 is empty
00000000000000000000000199335977 is empty
00000000000000000000000199999970 is empty
00000000000000000000000199998959 is empty
00000000000000000000000198148557 is empty
00000000000000000000000199991781 is empty
00000000000000000000000199964237 is empty
00000000000000000000000197102671 is empty
00000000000000000000000197527893 is empty
00000000000000000000000193415514 is empty
00000000000000000000000199999676 is empty
00000000000000000000000199921542 is empty
00000000000000000000000199988434 is empty
00000000000000000000000198480605 is empty
00000000000000000000000199999946 is empty
00000000000000000000000199980372 is empty
00000000000000000000000199999989 is empty
00000000000000000000000199999636 is empty
00000000000000000000000199999949 is empty
00000000000000000000000158909502 is empty
00000000000000000000000199999999 is empty
00000000000000000000000199999937 is empty
00000000000000000000000199998443 is empty
00000000000000000000000199999328 is empty
00000000000000000000000200000000 is empty
00000000000000000000000199999996 is empty
00000000000000000000000199988881 is empty
00000000000000000000000200000000 is empty
00000000000000000000000199999996 is empty
00000000000000000000000199979559 is empty
00000000000000000000000197084627 is empty
00000000000000000000000200000000 is empty
00000000000000000000000198880806 is empty
00000000000000000000000199972766 is empty
00000000000000000000000199999985 is empty
00000000000000000000000199999698 is empty
00000000000000000000000188401644 is empty
00000000000000000000000199950812 is empty
00000000000000000000000199999309 is empty
00000000000000000000000199999999 is empty
00000000000000000000000199318814 is empty
00000000000000000000000200000000 is empty
00000000000000000000000188297148 is empty
00000000000000000000000197857045 is empty
00000000000000000000000199996210 is empty
00000000000000000000000199999525 is empty
00000000000000000000000199999994 is empty
00000000000000000000000192156655 is empty
00000000000000000000000183407309 is empty
00000000000000000000000199999956 is empty
00000000000000000000000198642693 is empty
00000000000000000000000199969668 is empty
00000000000000000000000199999997 is empty
00000000000000000000000199995366 is empty
00000000000000000000000181168948 is empty
00000000000000000000000199997306 is empty
00000000000000000000000199999822 is empty
00000000000000000000000198227330 is empty
00000000000000000000000199999988 is empty
00000000000000000000000200000000 is empty
00000000000000000000000199999993 is empty
00000000000000000000000199999609 is empty
00000000000000000000000199999886 is empty
00000000000000000000000142358369 is empty
00000000000000000000000198653159 is empty
00000000000000000000000199999753 is empty
00000000000000000000000199999964 is empty
00000000000000000000000199999879 is empty
00000000000000000000000192973480 is empty
00000000000000000000000199765348 is empty
00000000000000000000000198495728 is empty
00000000000000000000000199999994 is empty
00000000000000000000000199999993 is empty
00000000000000000000000200000000 is empty
00000000000000000000000199999939 is empty
00000000000000000000000198521341 is empty
00000000000000000000000199999924 is empty
00000000000000000000000187320681 is empty
00000000000000000000000185208039 is empty
00000000000000000000000199991080 is empty
00000000000000000000000198259013 is empty
00000000000000000000000199862673 is empty
00000000000000000000000106975545 is empty
00000000000000000000000199999994 is empty
00000000000000000000000199997889 is empty
00000000000000000000000199999999 is empty
00000000000000000000000199999845 is empty
00000000000000000000000199999995 is empty
00000000000000000000000199999891 is empty
00000000000000000000000199997502 is empty
00000000000000000000000199999996 is empty
00000000000000000000000199993834 is empty
00000000000000000000000199985348 is empty
00000000000000000000000188740573 is empty
00000000000000000000000199584076 is empty
00000000000000000000000199999843 is empty
00000000000000000000000197048415 is empty
00000000000000000000000197644860 is empty
00000000000000000000000199999990 is empty
00000000000000000000000199999811 is empty
00000000000000000000000122775122 is empty
00000000000000000000000199971923 is empty
00000000000000000000000199999532 is empty
00000000000000000000000199163632 is empty
00000000000000000000000129009395 is empty
00000000000000000000000197508318 is empty
00000000000000000000000199999825 is empty
00000000000000000000000199996121 is empty
00000000000000000000000199999967 is empty
00000000000000000000000194751085 is empty
00000000000000000000000200000000 is empty
00000000000000000000000198116983 is empty
00000000000000000000000199976736 is empty
00000000000000000000000200000000 is empty
00000000000000000000000199996065 is empty
00000000000000000000000199999722 is empty
00000000000000000000000199993182 is empty
00000000000000000000000199999994 is empty
00000000000000000000000199999716 is empty
00000000000000000000000199912094 is empty
00000000000000000000000192679255 is empty
00000000000000000000000199999985 is empty
00000000000000000000000199999714 is empty
00000000000000000000000200000000 is empty
00000000000000000000000199999996 is empty
00000000000000000000000199999996 is empty
00000000000000000000000199999840 is empty
00000000000000000000000199999997 is empty
00000000000000000000000199994953 is empty
00000000000000000000000199999805 is empty
00000000000000000000000199798866 is empty
00000000000000000000000199441902 is empty
00000000000000000000000200000000 is empty
00000000000000000000000199968961 is empty
00000000000000000000000199999960 is empty
00000000000000000000000198956953 is empty
00000000000000000000000199999918 is empty
00000000000000000000000199995449 is empty
00000000000000000000000199913710 is empty
00000000000000000000000199999999 is empty
00000000000000000000000199995552 is empty
00000000000000000000000199995503 is empty
00000000000000000000000162353129 is empty
00000000000000000000000199989442 is empty
00000000000000000000000159702576 is empty
00000000000000000000000199977923 is empty
00000000000000000000000199999962 is empty
00000000000000000000000199999232 is empty
00000000000000000000000199999999 is empty
00000000000000000000000199502630 is empty
00000000000000000000000200000000 is empty
00000000000000000000000199971825 is empty
00000000000000000000000133370751 is empty
00000000000000000000000200000000 is empty
00000000000000000000000199999707 is empty
00000000000000000000000199997805 is empty
00000000000000000000000199999975 is empty
00000000000000000000000183649750 is empty
00000000000000000000000199999995 is empty
00000000000000000000000199959685 is empty
00000000000000000000000199763461 is empty
00000000000000000000000199999999 is empty
00000000000000000000000199904875 is empty
00000000000000000000000199999997 is empty
00000000000000000000000200000000 is empty
00000000000000000000000194448591 is empty
00000000000000000000000190136576 is empty
00000000000000000000000175622970 is empty
00000000000000000000000198347869 is empty
00000000000000000000000171079051 is empty
00000000000000000000000199999743 is empty
00000000000000000000000199996129 is empty
00000000000000000000000199998131 is empty
00000000000000000000000185931588 is empty
00000000000000000000000199972160 is empty
00000000000000000000000185288397 is empty
00000000000000000000000199464975 is empty
00000000000000000000000180191018 is empty
00000000000000000000000199999994 is empty
00000000000000000000000199999952 is empty
00000000000000000000000199997472 is empty
00000000000000000000000199108915 is empty
00000000000000000000000199984213 is empty
00000000000000000000000182798996 is empty
00000000000000000000000199999526 is empty
00000000000000000000000199999911 is empty
00000000000000000000000199814122 is empty
00000000000000000000000199967954 is empty
00000000000000000000000199999996 is empty
00000000000000000000000199999999 is empty
00000000000000000000000199999628 is empty
00000000000000000000000199999861 is empty
00000000000000000000000199901319 is empty
00000000000000000000000199989653 is empty
00000000000000000000000198941303 is empty
00000000000000000000000116773670 is empty
00000000000000000000000199999932 is empty
00000000000000000000000199985721 is empty
00000000000000000000000194621571 is empty
00000000000000000000000199722965 is empty
00000000000000000000000199449921 is empty
00000000000000000000000199998212 is empty
00000000000000000000000199991414 is empty
00000000000000000000000184208859 is empty
00000000000000000000000199656511 is empty
00000000000000000000000199649384 is empty
00000000000000000000000199999999 is empty
00000000000000000000000198775754 is empty
00000000000000000000000199999609 is empty
00000000000000000000000199999996 is empty
00000000000000000000000164827026 is empty
00000000000000000000000199999999 is empty
00000000000000000000000199999996 is empty
00000000000000000000000199999980 is empty
00000000000000000000000197590962 is empty
00000000000000000000000197488881 is empty
00000000000000000000000199998940 is empty
00000000000000000000000199922910 is empty
00000000000000000000000199999997 is empty
00000000000000000000000185548945 is empty
00000000000000000000000132395381 is empty
00000000000000000000000199859272 is empty
00000000000000000000000199996929 is empty
00000000000000000000000199885324 is empty
00000000000000000000000199969811 is empty
00000000000000000000000199997311 is empty
00000000000000000000000149480235 is empty
00000000000000000000000199880255 is empty
00000000000000000000000199769737 is empty
00000000000000000000000199988004 is empty
00000000000000000000000199827206 is empty
00000000000000000000000199999655 is empty
00000000000000000000000199999990 is empty
00000000000000000000000187140949 is empty
00000000000000000000000199999980 is empty
00000000000000000000000199999904 is empty
00000000000000000000000199999016 is empty
00000000000000000000000138362355 is empty
00000000000000000000000162516739 is empty
00000000000000000000000199999986 is empty
00000000000000000000000199986886 is empty
00000000000000000000000162553015 is empty
00000000000000000000000199985574 is empty
00000000000000000000000199999997 is empty
00000000000000000000000199999999 is empty
00000000000000000000000199999895 is empty
00000000000000000000000199999977 is empty
00000000000000000000000199999995 is empty
00000000000000000000000199999951 is empty
00000000000000000000000199999988 is empty
00000000000000000000000199993126 is empty
00000000000000000000000199986049 is empty
00000000000000000000000199972385 is empty
00000000000000000000000114716745 is empty
00000000000000000000000165082810 is empty
00000000000000000000000199883899 is empty
00000000000000000000000199254298 is empty
00000000000000000000000191116697 is empty
00000000000000000000000199992914 is empty
00000000000000000000000199999999 is empty
00000000000000000000000199999620 is empty
00000000000000000000000199998375 is empty
00000000000000000000000199905209 is empty
00000000000000000000000199999827 is empty
00000000000000000000000197618728 is empty
00000000000000000000000200000000 is empty
00000000000000000000000199999899 is empty
00000000000000000000000199936707 is empty
00000000000000000000000199998298 is empty
00000000000000000000000199999993 is empty
00000000000000000000000182312666 is empty
00000000000000000000000184543761 is empty
00000000000000000000000199999991 is empty
00000000000000000000000199999996 is empty
00000000000000000000000199999988 is empty
00000000000000000000000199999879 is empty
00000000000000000000000199998519 is empty
00000000000000000000000199999943 is empty
00000000000000000000000199998924 is empty
00000000000000000000000199793977 is empty
00000000000000000000000195439308 is empty
00000000000000000000000199999999 is empty
00000000000000000000000199971693 is empty
00000000000000000000000199999988 is empty
00000000000000000000000199999532 is empty
00000000000000000000000199999989 is empty
00000000000000000000000153914177 is empty
00000000000000000000000199983067 is empty
00000000000000000000000199840453 is empty
00000000000000000000000199991975 is empty
00000000000000000000000199882650 is empty
00000000000000000000000199549791 is empty
00000000000000000000000199999029 is empty
00000000000000000000000199999966 is empty
00000000000000000000000200000000 is empty
00000000000000000000000199998949 is empty
00000000000000000000000199996194 is empty
00000000000000000000000199364758 is empty
00000000000000000000000194325336 is empty
00000000000000000000000199945304 is empty
00000000000000000000000199880470 is empty
00000000000000000000000199999847 is empty
00000000000000000000000199571994 is empty
00000000000000000000000199741209 is empty
00000000000000000000000199917108 is empty
00000000000000000000000197873000 is empty
00000000000000000000000193124287 is empty
00000000000000000000000132576485 is empty
00000000000000000000000199999999 is empty
00000000000000000000000164170968 is empty
00000000000000000000000151947548 is empty
00000000000000000000000199999993 is empty
00000000000000000000000197348878 is empty
00000000000000000000000189645675 is empty
00000000000000000000000199821675 is empty
00000000000000000000000193176865 is empty
00000000000000000000000199999183 is empty
00000000000000000000000199996998 is empty
00000000000000000000000199999301 is empty
00000000000000000000000199999999 is empty
00000000000000000000000190348035 is empty
00000000000000000000000199999795 is empty
00000000000000000000000198707734 is empty
00000000000000000000000198861610 is empty
00000000000000000000000199397348 is empty
00000000000000000000000199998485 is empty
00000000000000000000000199990323 is empty
00000000000000000000000199999979 is empty
00000000000000000000000199999946 is empty
00000000000000000000000199999938 is empty
00000000000000000000000199704424 is empty
00000000000000000000000199819601 is empty
00000000000000000000000199642725 is empty
00000000000000000000000199587282 is empty
00000000000000000000000199999990 is empty
00000000000000000000000200000000 is empty
00000000000000000000000199984404 is empty
00000000000000000000000198724624 is empty
00000000000000000000000116552345 is empty
00000000000000000000000139830026 is empty
00000000000000000000000199999993 is empty
00000000000000000000000199999952 is empty
00000000000000000000000199998806 is empty
00000000000000000000000199692464 is empty
00000000000000000000000199999972 is empty
00000000000000000000000199999997 is empty
00000000000000000000000199999986 is empty
00000000000000000000000194944913 is empty
00000000000000000000000199849552 is empty
00000000000000000000000191660740 is empty
00000000000000000000000199999993 is empty
00000000000000000000000199296452 is empty
00000000000000000000000199991641 is empty
00000000000000000000000199999983 is empty
00000000000000000000000199854369 is empty
00000000000000000000000195164814 is empty
00000000000000000000000199999895 is empty
00000000000000000000000199998487 is empty
00000000000000000000000199999993 is empty
00000000000000000000000199999866 is empty
00000000000000000000000199999975 is empty
00000000000000000000000199138343 is empty
00000000000000000000000199999999 is empty
00000000000000000000000191917856 is empty
00000000000000000000000199998274 is empty
00000000000000000000000199999408 is empty
00000000000000000000000199314800 is empty
00000000000000000000000133008046 is empty
00000000000000000000000199375797 is empty
00000000000000000000000167636794 is empty
00000000000000000000000199999206 is empty
00000000000000000000000199996678 is empty
00000000000000000000000199999999 is empty
00000000000000000000000199999242 is empty
00000000000000000000000200000000 is empty
00000000000000000000000194736526 is empty
00000000000000000000000199969317 is empty
00000000000000000000000199964900 is empty
00000000000000000000000199958081 is empty
00000000000000000000000199399420 is empty
00000000000000000000000199609368 is empty
00000000000000000000000199985831 is empty
00000000000000000000000200000000 is empty
00000000000000000000000199949412 is empty
00000000000000000000000199999171 is empty
00000000000000000000000199999988 is empty
00000000000000000000000199999997 is empty
00000000000000000000000199993957 is empty
00000000000000000000000199979933 is empty
00000000000000000000000199999978 is empty
00000000000000000000000199995376 is empty
00000000000000000000000198980920 is empty
00000000000000000000000199996410 is empty
00000000000000000000000199999348 is empty
00000000000000000000000199350710 is empty
00000000000000000000000199931147 is empty
00000000000000000000000199255058 is empty
00000000000000000000000197770829 is empty
00000000000000000000000199999984 is empty
00000000000000000000000199896435 is empty
00000000000000000000000199020872 is empty
00000000000000000000000200000000 is empty
00000000000000000000000130069283 is empty
00000000000000000000000199999989 is empty
00000000000000000000000191029200 is empty
00000000000000000000000106304453 is empty
00000000000000000000000199982815 is empty
00000000000000000000000199921408 is empty
00000000000000000000000177711464 is empty
00000000000000000000000199191958 is empty
00000000000000000000000199999898 is empty
00000000000000000000000199999889 is empty
00000000000000000000000189233158 is empty
00000000000000000000000199999529 is empty
00000000000000000000000199624817 is empty
00000000000000000000000199999951 is empty
00000000000000000000000199212018 is empty
00000000000000000000000198707847 is empty
00000000000000000000000199999671 is empty
00000000000000000000000196458453 is empty
00000000000000000000000199999102 is empty
00000000000000000000000199999967 is empty
00000000000000000000000199999374 is empty
00000000000000000000000194789075 is empty
00000000000000000000000199999817 is empty
00000000000000000000000199999995 is empty
00000000000000000000000144812006 is empty
00000000000000000000000199997890 is empty
00000000000000000000000199794302 is empty
00000000000000000000000199999985 is empty
00000000000000000000000198212451 is empty
00000000000000000000000199979061 is empty
00000000000000000000000153208445 is empty
00000000000000000000000199999887 is empty
00000000000000000000000199999905 is empty
00000000000000000000000199997633 is empty
00000000000000000000000199999419 is empty
00000000000000000000000199908492 is empty
00000000000000000000000194949438 is empty
00000000000000000000000199820712 is empty
00000000000000000000000141097753 is empty
00000000000000000000000182652687 is empty
00000000000000000000000188743334 is empty
00000000000000000000000199827475 is empty
00000000000000000000000199755027 is empty
00000000000000000000000199999242 is empty
00000000000000000000000199999981 is empty
00000000000000000000000199899859 is empty
00000000000000000000000198836185 is empty
00000000000000000000000199996995 is empty
00000000000000000000000169924092 is empty
00000000000000000000000199995564 is empty
00000000000000000000000194726813 is empty
00000000000000000000000199973177 is empty
00000000000000000000000199396653 is empty
00000000000000000000000199999997 is empty
00000000000000000000000161966743 is empty
00000000000000000000000199227784 is empty
00000000000000000000000199959569 is empty
00000000000000000000000199879965 is empty
00000000000000000000000199997655 is empty
00000000000000000000000199999997 is empty
00000000000000000000000199986166 is empty
00000000000000000000000199999519 is empty
00000000000000000000000199999610 is empty
00000000000000000000000199999986 is empty
00000000000000000000000199998973 is empty
00000000000000000000000199999994 is empty
00000000000000000000000181904913 is empty
00000000000000000000000185474266 is empty
00000000000000000000000199999370 is empty
00000000000000000000000200000000 is empty
00000000000000000000000195344665 is empty
00000000000000000000000199999997 is empty
00000000000000000000000199999978 is empty
00000000000000000000000197655962 is empty
00000000000000000000000199999999 is empty
00000000000000000000000199974530 is empty
00000000000000000000000129995771 is empty
00000000000000000000000200000000 is empty
00000000000000000000000199993991 is empty
00000000000000000000000199605154 is empty
00000000000000000000000182365757 is empty
00000000000000000000000199503820 is empty
00000000000000000000000199728769 is empty
00000000000000000000000199998682 is empty
00000000000000000000000199995404 is empty
00000000000000000000000154822519 is empty
00000000000000000000000198403097 is empty
00000000000000000000000196764975 is empty
00000000000000000000000195731739 is empty
00000000000000000000000199999988 is empty
00000000000000000000000199999992 is empty
00000000000000000000000199999996 is empty
00000000000000000000000195152275 is empty
00000000000000000000000199999997 is empty
00000000000000000000000200000000 is empty
00000000000000000000000199883054 is empty
00000000000000000000000199995238 is empty
00000000000000000000000199999949 is empty
00000000000000000000000199997626 is empty
00000000000000000000000199999053 is empty
00000000000000000000000199999912 is empty
00000000000000000000000199994083 is empty
00000000000000000000000199996382 is empty
00000000000000000000000199991700 is empty
00000000000000000000000199999994 is empty
00000000000000000000000198766897 is empty
00000000000000000000000199992871 is empty
00000000000000000000000199999843 is empty
00000000000000000000000199996962 is empty
00000000000000000000000199999971 is empty
00000000000000000000000197690489 is empty
00000000000000000000000199999997 is empty
00000000000000000000000128018352 is empty
00000000000000000000000165203065 is empty
00000000000000000000000199992501 is empty
00000000000000000000000199999324 is empty
00000000000000000000000199999952 is empty
00000000000000000000000144688672 is empty
00000000000000000000000198591745 is empty
00000000000000000000000172766989 is empty
00000000000000000000000154611016 is empty
00000000000000000000000199998799 is empty
00000000000000000000000198706752 is empty
00000000000000000000000199999259 is empty
00000000000000000000000186171134 is empty
00000000000000000000000199935211 is empty
00000000000000000000000199988828 is empty
00000000000000000000000199999954 is empty
00000000000000000000000185409193 is empty
00000000000000000000000199984024 is empty
00000000000000000000000197615016 is empty
00000000000000000000000199978738 is empty
00000000000000000000000194779198 is empty
00000000000000000000000139442380 is empty
00000000000000000000000199999935 is empty
00000000000000000000000199999093 is empty
00000000000000000000000199999946 is empty
00000000000000000000000106399096 is empty
00000000000000000000000199999989 is empty
00000000000000000000000199528182 is empty
00000000000000000000000190471259 is empty
00000000000000000000000199988038 is empty
00000000000000000000000181690034 is empty
00000000000000000000000199999990 is empty
00000000000000000000000199858712 is empty
00000000000000000000000199895766 is empty
00000000000000000000000199999941 is empty
00000000000000000000000199855819 is empty
00000000000000000000000199862190 is empty
00000000000000000000000130808375 is empty
00000000000000000000000199716286 is empty
00000000000000000000000199776813 is empty
00000000000000000000000199963738 is empty
00000000000000000000000199999977 is empty
00000000000000000000000199664299 is empty
00000000000000000000000199999990 is empty
00000000000000000000000199999995 is empty
00000000000000000000000197829935 is empty
00000000000000000000000145723818 is empty
00000000000000000000000199999990 is empty
00000000000000000000000199999975 is empty
00000000000000000000000199203785 is empty
00000000000000000000000199893530 is empty
00000000000000000000000199880049 is empty
00000000000000000000000199999645 is empty
00000000000000000000000199918912 is empty
00000000000000000000000199575593 is empty
00000000000000000000000199999996 is empty
00000000000000000000000199917500 is empty
00000000000000000000000199999702 is empty
00000000000000000000000199999985 is empty
00000000000000000000000199869113 is empty
00000000000000000000000198026462 is empty
00000000000000000000000199999670 is empty
00000000000000000000000199989034 is empty
00000000000000000000000200000000 is empty
00000000000000000000000199790416 is empty
00000000000000000000000199999573 is empty
00000000000000000000000199999994 is empty
00000000000000000000000191382190 is empty
00000000000000000000000132384342 is empty
00000000000000000000000200000000 is empty
00000000000000000000000199999984 is empty
00000000000000000000000199999994 is empty
00000000000000000000000199999533 is empty
00000000000000000000000199456841 is empty
00000000000000000000000169589523 is empty
00000000000000000000000199999987 is empty
00000000000000000000000199998811 is empty
00000000000000000000000199999597 is empty
00000000000000000000000195901775 is empty
00000000000000000000000199565781 is empty
00000000000000000000000194344509 is empty
00000000000000000000000198349249 is empty
00000000000000000000000199796786 is empty
00000000000000000000000193313372 is empty
00000000000000000000000199999889 is empty
00000000000000000000000150881819 is empty
00000000000000000000000196502091 is empty
00000000000000000000000174652580 is empty
00000000000000000000000193376313 is empty
00000000000000000000000198474620 is empty
00000000000000000000000199999799 is empty
00000000000000000000000166002355 is empty
00000000000000000000000199999728 is empty
00000000000000000000000199999979 is empty
00000000000000000000000199999999 is empty
00000000000000000000000199998530 is empty
00000000000000000000000185493086 is empty
00000000000000000000000200000000 is empty
00000000000000000000000199999942 is empty
00000000000000000000000192244877 is empty
00000000000000000000000199935284 is empty
00000000000000000000000199141796 is empty
00000000000000000000000199998809 is empty
00000000000000000000000197670864 is empty
00000000000000000000000199999850 is empty
00000000000000000000000199584360 is empty
00000000000000000000000199999539 is empty
00000000000000000000000198996208 is empty
00000000000000000000000197911167 is empty
00000000000000000000000199921430 is empty
00000000000000000000000199999992 is empty
00000000000000000000000199992572 is empty
00000000000000000000000199616126 is empty
00000000000000000000000199946321 is empty
00000000000000000000000199999994 is empty
00000000000000000000000199999591 is empty
00000000000000000000000199714516 is empty
00000000000000000000000163887214 is empty
00000000000000000000000199988364 is empty
00000000000000000000000199999926 is empty
00000000000000000000000138736754 is empty
00000000000000000000000199998042 is empty
00000000000000000000000199999982 is empty
00000000000000000000000199999997 is empty
00000000000000000000000199703171 is empty
00000000000000000000000199988696 is empty
00000000000000000000000199439217 is empty
00000000000000000000000199995874 is empty
00000000000000000000000199978694 is empty
00000000000000000000000199999960 is empty
00000000000000000000000199999919 is empty
00000000000000000000000199999847 is empty
00000000000000000000000199999865 is empty
00000000000000000000000199999971 is empty
00000000000000000000000200000000 is empty
00000000000000000000000199968024 is empty
00000000000000000000000197687190 is empty
00000000000000000000000197314951 is empty
00000000000000000000000199988890 is empty
00000000000000000000000199999867 is empty
00000000000000000000000199999580 is empty
00000000000000000000000199983020 is empty
00000000000000000000000199999996 is empty
00000000000000000000000199285235 is empty
00000000000000000000000199977523 is empty
00000000000000000000000199999744 is empty
00000000000000000000000199999991 is empty
00000000000000000000000199229222 is empty
00000000000000000000000199999947 is empty
00000000000000000000000199999902 is empty
00000000000000000000000188834064 is empty
00000000000000000000000199999948 is empty
00000000000000000000000136275800 is empty
00000000000000000000000199870674 is empty
00000000000000000000000199999886 is empty
00000000000000000000000199980516 is empty
00000000000000000000000199999990 is empty
00000000000000000000000199276412 is empty
00000000000000000000000195515079 is empty
00000000000000000000000199999984 is empty
00000000000000000000000200000000 is empty
00000000000000000000000191467070 is empty
00000000000000000000000199999944 is empty
00000000000000000000000190624650 is empty
00000000000000000000000197751223 is empty
00000000000000000000000199999661 is empty
00000000000000000000000199897157 is empty
00000000000000000000000199999473 is empty
00000000000000000000000199999999 is empty
00000000000000000000000199999996 is empty
00000000000000000000000199999642 is empty
00000000000000000000000199999982 is empty
00000000000000000000000164903085 is empty
00000000000000000000000199999999 is empty
00000000000000000000000199999999 is empty
00000000000000000000000199999040 is empty
00000000000000000000000199873921 is empty
00000000000000000000000146321651 is empty
00000000000000000000000199999288 is empty
00000000000000000000000199953837 is empty
00000000000000000000000199999980 is empty
00000000000000000000000170365870 is empty
00000000000000000000000189533352 is empty
00000000000000000000000194176800 is empty
00000000000000000000000199999822 is empty
00000000000000000000000199990543 is empty
00000000000000000000000200000000 is empty
00000000000000000000000190907017 is empty
00000000000000000000000199999992 is empty
00000000000000000000000198554284 is empty
00000000000000000000000182504860 is empty
00000000000000000000000199999996 is empty
00000000000000000000000199999696 is empty
00000000000000000000000199128140 is empty
00000000000000000000000169070569 is empty
00000000000000000000000197707576 is empty
00000000000000000000000199999333 is empty
00000000000000000000000199983135 is empty
00000000000000000000000199999935 is empty
00000000000000000000000197838277 is empty
00000000000000000000000195478639 is empty
00000000000000000000000199933015 is empty
00000000000000000000000199949760 is empty
00000000000000000000000199945141 is empty
00000000000000000000000199999924 is empty
00000000000000000000000199999997 is empty
00000000000000000000000199999982 is empty
00000000000000000000000199982352 is empty
00000000000000000000000199999969 is empty
00000000000000000000000199964953 is empty
00000000000000000000000199999992 is empty
00000000000000000000000199901494 is empty
00000000000000000000000199996504 is empty
00000000000000000000000199999919 is empty
00000000000000000000000199999883 is empty
00000000000000000000000199999726 is empty
00000000000000000000000199987971 is empty
00000000000000000000000199539150 is empty
00000000000000000000000199999996 is empty
00000000000000000000000199982386 is empty
00000000000000000000000199991572 is empty
00000000000000000000000199365052 is empty
00000000000000000000000199111976 is empty
00000000000000000000000198720322 is empty
00000000000000000000000191487365 is empty
00000000000000000000000199996519 is empty
00000000000000000000000199999946 is empty
00000000000000000000000199999958 is empty
00000000000000000000000199999994 is empty
00000000000000000000000128798757 is empty
00000000000000000000000195347771 is empty
00000000000000000000000199847061 is empty
00000000000000000000000199999791 is empty
00000000000000000000000199786796 is empty
00000000000000000000000199999993 is empty
00000000000000000000000199972438 is empty
00000000000000000000000195053467 is empty
00000000000000000000000198318899 is empty
00000000000000000000000199999942 is empty
00000000000000000000000196467893 is empty
00000000000000000000000199999552 is empty
00000000000000000000000199999997 is empty
00000000000000000000000199996170 is empty
00000000000000000000000185068177 is empty
00000000000000000000000199999904 is empty
00000000000000000000000199989236 is empty
00000000000000000000000199999319 is empty
00000000000000000000000199183759 is empty
00000000000000000000000199999982 is empty
00000000000000000000000199946487 is empty
00000000000000000000000199999997 is empty
00000000000000000000000199244431 is empty
00000000000000000000000199999592 is empty
00000000000000000000000199999990 is empty
00000000000000000000000180730014 is empty
00000000000000000000000199995587 is empty
00000000000000000000000199987438 is empty
00000000000000000000000199994538 is empty
00000000000000000000000200000000 is empty
00000000000000000000000199912230 is empty
00000000000000000000000199908084 is empty
00000000000000000000000197341865 is empty
00000000000000000000000199967096 is empty
00000000000000000000000199999997 is empty
00000000000000000000000193228546 is empty
00000000000000000000000199999992 is empty
00000000000000000000000158819556 is empty
00000000000000000000000196900719 is empty
00000000000000000000000147932926 is empty
00000000000000000000000197169971 is empty
00000000000000000000000199999127 is empty
00000000000000000000000198948393 is empty
00000000000000000000000199999896 is empty
00000000000000000000000199886093 is empty
00000000000000000000000199999984 is empty
00000000000000000000000199999997 is empty
00000000000000000000000199999872 is empty
00000000000000000000000199997599 is empty
00000000000000000000000199917421 is empty
00000000000000000000000199998785 is empty
00000000000000000000000199999461 is empty
00000000000000000000000199810582 is empty
00000000000000000000000167969779 is empty
00000000000000000000000193287860 is empty
00000000000000000000000199999378 is empty
00000000000000000000000199998239 is empty
00000000000000000000000199999452 is empty
00000000000000000000000195219240 is empty
00000000000000000000000199999979 is empty
00000000000000000000000199989190 is empty
00000000000000000000000133803545 is empty
00000000000000000000000117734061 is empty
00000000000000000000000199999995 is empty
00000000000000000000000200000000 is empty
00000000000000000000000199979981 is empty
00000000000000000000000199998884 is empty
00000000000000000000000199076561 is empty
00000000000000000000000199999860 is empty
00000000000000000000000199999953 is empty
00000000000000000000000199999703 is empty
00000000000000000000000179687860 is empty
00000000000000000000000199999993 is empty
00000000000000000000000199994833 is empty
00000000000000000000000199880093 is empty
00000000000000000000000199998998 is empty
00000000000000000000000199955751 is empty
00000000000000000000000194171359 is empty
00000000000000000000000167791600 is empty
00000000000000000000000199413485 is empty
00000000000000000000000197702208 is empty
00000000000000000000000199999968 is empty
00000000000000000000000197536386 is empty
00000000000000000000000199999993 is empty
00000000000000000000000199991862 is empty
00000000000000000000000199943308 is empty
00000000000000000000000199963646 is empty
00000000000000000000000199995475 is empty
00000000000000000000000199625345 is empty
00000000000000000000000199999997 is empty
00000000000000000000000113066727 is empty
00000000000000000000000200000000 is empty
00000000000000000000000199968006 is empty
00000000000000000000000197010272 is empty
00000000000000000000000199999805 is empty
00000000000000000000000199537114 is empty
00000000000000000000000200000000 is empty
00000000000000000000000156347938 is empty
00000000000000000000000200000000 is empty
00000000000000000000000199990542 is empty
00000000000000000000000178682919 is empty
00000000000000000000000199762011 is empty
00000000000000000000000199993285 is empty
00000000000000000000000199964617 is empty
00000000000000000000000173058213 is empty
00000000000000000000000197831172 is empty
00000000000000000000000200000000 is empty
00000000000000000000000195139305 is empty
00000000000000000000000172629137 is empty
00000000000000000000000199999983 is empty
00000000000000000000000158399057 is empty
00000000000000000000000194542030 is empty
00000000000000000000000200000000 is empty
00000000000000000000000199999950 is empty
00000000000000000000000199999992 is empty
00000000000000000000000198409745 is empty
00000000000000000000000199991050 is empty
00000000000000000000000199999999 is empty
00000000000000000000000200000000 is empty
00000000000000000000000199999076 is empty
00000000000000000000000198056520 is empty
00000000000000000000000199408362 is empty
00000000000000000000000199735916 is empty
00000000000000000000000199999970 is empty
00000000000000000000000199999601 is empty
00000000000000000000000199999980 is empty
00000000000000000000000199999997 is empty
00000000000000000000000199987280 is empty
00000000000000000000000200000000 is empty
00000000000000000000000190927717 is empty
00000000000000000000000199981366 is empty
00000000000000000000000199999981 is empty
00000000000000000000000199999988 is empty
00000000000000000000000199999444 is empty
00000000000000000000000199997082 is empty
00000000000000000000000194691837 is empty
00000000000000000000000199999679 is empty
00000000000000000000000192157366 is empty
00000000000000000000000149047404 is empty
00000000000000000000000199986874 is empty
00000000000000000000000199999939 is empty
00000000000000000000000146699918 is empty
00000000000000000000000199999810 is empty
00000000000000000000000199760322 is empty
00000000000000000000000199925424 is empty
00000000000000000000000199999994 is empty
00000000000000000000000199933226 is empty
00000000000000000000000199999897 is empty
00000000000000000000000127834584 is empty
00000000000000000000000189182818 is empty
00000000000000000000000199999962 is empty
00000000000000000000000199527999 is empty
00000000000000000000000193529221 is empty
00000000000000000000000188803350 is empty
00000000000000000000000196583454 is empty
00000000000000000000000192905533 is empty
00000000000000000000000199999991 is empty
00000000000000000000000199830546 is empty
00000000000000000000000199846542 is empty
00000000000000000000000199999255 is empty
00000000000000000000000199999887 is empty
00000000000000000000000117829752 is empty
00000000000000000000000199999999 is empty
00000000000000000000000199436109 is empty
00000000000000000000000199999984 is empty
00000000000000000000000199442390 is empty
00000000000000000000000199942460 is empty
00000000000000000000000199999865 is empty
00000000000000000000000197846509 is empty
00000000000000000000000199979243 is empty
00000000000000000000000199999804 is empty
00000000000000000000000168626639 is empty
00000000000000000000000168976373 is empty
00000000000000000000000178803812 is empty
00000000000000000000000199296441 is empty
00000000000000000000000192592943 is empty
00000000000000000000000108589811 is empty
00000000000000000000000199997615 is empty
00000000000000000000000199381111 is empty
00000000000000000000000163685758 is empty
00000000000000000000000199999945 is empty
00000000000000000000000199410022 is empty
00000000000000000000000193251935 is empty
00000000000000000000000199999971 is empty
00000000000000000000000197405980 is empty
00000000000000000000000199999549 is empty
00000000000000000000000199913166 is empty
00000000000000000000000196558477 is empty
00000000000000000000000199999978 is empty
00000000000000000000000200000000 is empty
00000000000000000000000199957849 is empty
00000000000000000000000199999786 is empty
00000000000000000000000199999818 is empty
00000000000000000000000199999997 is empty
00000000000000000000000199999915 is empty
00000000000000000000000198813859 is empty
00000000000000000000000199832169 is empty
00000000000000000000000199990059 is empty
00000000000000000000000199920238 is empty
00000000000000000000000199999999 is empty
00000000000000000000000199999538 is empty
00000000000000000000000199373450 is empty
00000000000000000000000197533155 is empty
00000000000000000000000199998350 is empty
00000000000000000000000199998929 is empty
00000000000000000000000199998527 is empty
00000000000000000000000199999862 is empty
00000000000000000000000199999996 is empty
00000000000000000000000196112373 is empty
00000000000000000000000199808336 is empty
00000000000000000000000193721793 is empty
00000000000000000000000199256944 is empty
00000000000000000000000200000000 is empty
00000000000000000000000199999882 is empty
00000000000000000000000199998513 is empty
00000000000000000000000199999980 is empty
00000000000000000000000199997732 is empty
00000000000000000000000199992341 is empty
00000000000000000000000199999946 is empty
00000000000000000000000199990097 is empty
00000000000000000000000199999937 is empty
00000000000000000000000199999999 is empty
00000000000000000000000199919255 is empty
00000000000000000000000199999996 is empty
00000000000000000000000199404738 is empty
00000000000000000000000199998044 is empty
00000000000000000000000199998530 is empty
00000000000000000000000199999990 is empty
00000000000000000000000199999060 is empty
00000000000000000000000198188702 is empty
00000000000000000000000199999716 is empty
00000000000000000000000198332071 is empty
00000000000000000000000197730032 is empty
00000000000000000000000199999999 is empty
00000000000000000000000199999992 is empty
00000000000000000000000199991746 is empty
00000000000000000000000199829957 is empty
00000000000000000000000199995401 is empty
00000000000000000000000200000000 is empty
00000000000000000000000199999898 is empty
00000000000000000000000200000000 is empty
00000000000000000000000198672789 is empty
00000000000000000000000199987528 is empty
00000000000000000000000200000000 is empty
00000000000000000000000180881826 is empty
00000000000000000000000182405141 is empty
00000000000000000000000199952543 is empty
00000000000000000000000199274343 is empty
00000000000000000000000199999820 is empty
00000000000000000000000196485562 is empty
00000000000000000000000135357727 is empty
00000000000000000000000199960955 is empty
00000000000000000000000199998559 is empty
00000000000000000000000197989248 is empty
00000000000000000000000199999964 is empty
00000000000000000000000169561439 is empty
00000000000000000000000199999941 is empty
00000000000000000000000197995910 is empty
00000000000000000000000199560050 is empty
00000000000000000000000199898304 is empty
00000000000000000000000192332651 is empty
00000000000000000000000199994386 is empty
00000000000000000000000199897752 is empty
00000000000000000000000196321170 is empty
00000000000000000000000199999994 is empty
00000000000000000000000199999816 is empty
00000000000000000000000199875508 is empty
00000000000000000000000109694273 is empty
00000000000000000000000188851240 is empty
00000000000000000000000199970318 is empty
00000000000000000000000198342096 is empty
00000000000000000000000199981674 is empty
00000000000000000000000130133397 is empty
00000000000000000000000199999606 is empty
00000000000000000000000199507895 is empty
00000000000000000000000199997659 is empty
00000000000000000000000199993323 is empty
00000000000000000000000199999958 is empty
00000000000000000000000199762444 is empty
00000000000000000000000187483754 is empty
00000000000000000000000196207875 is empty
00000000000000000000000199999527 is empty
00000000000000000000000199999992 is empty
00000000000000000000000199999909 is empty
00000000000000000000000191180179 is empty
00000000000000000000000199974424 is empty
00000000000000000000000199975816 is empty
00000000000000000000000198166053 is empty
00000000000000000000000199465941 is empty
00000000000000000000000199999893 is empty
00000000000000000000000199982747 is empty
00000000000000000000000199999890 is empty
00000000000000000000000197210639 is empty
00000000000000000000000199949518 is empty
00000000000000000000000200000000 is empty
00000000000000000000000199999985 is empty
00000000000000000000000199883716 is empty
00000000000000000000000199999790 is empty
00000000000000000000000199999996 is empty
00000000000000000000000199990552 is empty
00000000000000000000000199999197 is empty
00000000000000000000000199999953 is empty
00000000000000000000000199999969 is empty
00000000000000000000000199999630 is empty
00000000000000000000000111288419 is empty
00000000000000000000000199861464 is empty
00000000000000000000000199532116 is empty
00000000000000000000000199895208 is empty
00000000000000000000000199711961 is empty
00000000000000000000000199989960 is empty
00000000000000000000000199683126 is empty
00000000000000000000000199994030 is empty
00000000000000000000000199786938 is empty
00000000000000000000000192042644 is empty
00000000000000000000000199999991 is empty
00000000000000000000000199703008 is empty
00000000000000000000000199061483 is empty
00000000000000000000000189657971 is empty
00000000000000000000000199999621 is empty
00000000000000000000000199932310 is empty
00000000000000000000000199942527 is empty
00000000000000000000000199998758 is empty
00000000000000000000000198750053 is empty
00000000000000000000000199808532 is empty
00000000000000000000000197432312 is empty
00000000000000000000000197300664 is empty
00000000000000000000000151163432 is empty
00000000000000000000000199999996 is empty
00000000000000000000000199302229 is empty
00000000000000000000000199999966 is empty
00000000000000000000000199999997 is empty
00000000000000000000000186204629 is empty
00000000000000000000000199999999 is empty
00000000000000000000000199999755 is empty
00000000000000000000000199999995 is empty
00000000000000000000000199999950 is empty
00000000000000000000000199999997 is empty
00000000000000000000000199999986 is empty
00000000000000000000000184290704 is empty
00000000000000000000000199999985 is empty
00000000000000000000000199999968 is empty
00000000000000000000000199999701 is empty
00000000000000000000000199999996 is empty
00000000000000000000000199337478 is empty
00000000000000000000000199731387 is empty
00000000000000000000000197654460 is empty
00000000000000000000000199982626 is empty
00000000000000000000000185905683 is empty
00000000000000000000000199999999 is empty
00000000000000000000000199746163 is empty
00000000000000000000000199999252 is empty
00000000000000000000000199993078 is empty
00000000000000000000000199847563 is empty
00000000000000000000000199999859 is empty
00000000000000000000000164143071 is empty
00000000000000000000000200000000 is empty
00000000000000000000000199932109 is empty
00000000000000000000000200000000 is empty
00000000000000000000000199790663 is empty
00000000000000000000000200000000 is empty
00000000000000000000000199999949 is empty
00000000000000000000000199999458 is empty
00000000000000000000000169770921 is empty
00000000000000000000000199999989 is empty
00000000000000000000000199999915 is empty
00000000000000000000000159354977 is empty
00000000000000000000000194977839 is empty
00000000000000000000000199735265 is empty
00000000000000000000000199999825 is empty
00000000000000000000000188323939 is empty
00000000000000000000000199556259 is empty
00000000000000000000000199990224 is empty
00000000000000000000000197772619 is empty
00000000000000000000000199999804 is empty
00000000000000000000000199929970 is empty
00000000000000000000000197005932 is empty
00000000000000000000000196883386 is empty
00000000000000000000000198863963 is empty
00000000000000000000000199990339 is empty
00000000000000000000000190288716 is empty
00000000000000000000000199939272 is empty
00000000000000000000000196919023 is empty
00000000000000000000000199938274 is empty
00000000000000000000000134678542 is empty
00000000000000000000000199999810 is empty
00000000000000000000000199852622 is empty
00000000000000000000000199999751 is empty
00000000000000000000000199999996 is empty
00000000000000000000000199997010 is empty
00000000000000000000000199866002 is empty
00000000000000000000000199999968 is empty
00000000000000000000000199998268 is empty
00000000000000000000000191532406 is empty
00000000000000000000000192879543 is empty
00000000000000000000000199999991 is empty
00000000000000000000000199999449 is empty
00000000000000000000000194607948 is empty
00000000000000000000000199999912 is empty
00000000000000000000000192357829 is empty
00000000000000000000000200000000 is empty
00000000000000000000000199956458 is empty
00000000000000000000000199938107 is empty
00000000000000000000000199998630 is empty
00000000000000000000000199967220 is empty
00000000000000000000000146577358 is empty
00000000000000000000000199999997 is empty
00000000000000000000000199953063 is empty
00000000000000000000000199999988 is empty
00000000000000000000000199715704 is empty
00000000000000000000000199961183 is empty
00000000000000000000000199974827 is empty
00000000000000000000000199999999 is empty
00000000000000000000000199895849 is empty
00000000000000000000000199997152 is empty
00000000000000000000000199999997 is empty
00000000000000000000000194380212 is empty
00000000000000000000000199999731 is empty
00000000000000000000000199999245 is empty
00000000000000000000000198715558 is empty
00000000000000000000000199642333 is empty
00000000000000000000000113633795 is empty
00000000000000000000000199994799 is empty
00000000000000000000000195859523 is empty
00000000000000000000000200000000 is empty
00000000000000000000000199999716 is empty
00000000000000000000000190816734 is empty
00000000000000000000000199999782 is empty
00000000000000000000000199999963 is empty
00000000000000000000000199993003 is empty
00000000000000000000000190426322 is empty
00000000000000000000000184783884 is empty
00000000000000000000000199999974 is empty
00000000000000000000000199989761 is empty
00000000000000000000000192927144 is empty
00000000000000000000000198155071 is empty
00000000000000000000000194599362 is empty
00000000000000000000000199999997 is empty
00000000000000000000000200000000 is empty
00000000000000000000000199999994 is empty
00000000000000000000000199348083 is empty
00000000000000000000000198028006 is empty
00000000000000000000000199999696 is empty
00000000000000000000000199999951 is empty
00000000000000000000000192787011 is empty
00000000000000000000000199999985 is empty
00000000000000000000000199999990 is empty
00000000000000000000000199999981 is empty
00000000000000000000000200000000 is empty
00000000000000000000000197904752 is empty
00000000000000000000000199959331 is empty
00000000000000000000000199999910 is empty
00000000000000000000000199999784 is empty
00000000000000000000000199990430 is empty
00000000000000000000000199999828 is empty
00000000000000000000000199999457 is empty
00000000000000000000000199999995 is empty
00000000000000000000000199959370 is empty
00000000000000000000000194408231 is empty
00000000000000000000000199992924 is empty
00000000000000000000000181564616 is empty
00000000000000000000000199999997 is empty
00000000000000000000000199999997 is empty
00000000000000000000000199096140 is empty
00000000000000000000000199114267 is empty
00000000000000000000000199999922 is empty
00000000000000000000000199990533 is empty
00000000000000000000000199963892 is empty
00000000000000000000000199999981 is empty
00000000000000000000000199999884 is empty
00000000000000000000000199999840 is empty
00000000000000000000000199998262 is empty
00000000000000000000000199981732 is empty
00000000000000000000000199960961 is empty
00000000000000000000000199999991 is empty
00000000000000000000000199963161 is empty
00000000000000000000000199999999 is empty
00000000000000000000000199872721 is empty
00000000000000000000000160922652 is empty
00000000000000000000000184958021 is empty
00000000000000000000000197510242 is empty
00000000000000000000000198499678 is empty
00000000000000000000000199999994 is empty
00000000000000000000000199130881 is empty
00000000000000000000000197412937 is empty
00000000000000000000000199999871 is empty
00000000000000000000000159218872 is empty
00000000000000000000000117306351 is empty
00000000000000000000000199999915 is empty
00000000000000000000000199984518 is empty
00000000000000000000000199999800 is empty
00000000000000000000000199999999 is empty
00000000000000000000000199999997 is empty
00000000000000000000000187513291 is empty
00000000000000000000000174141696 is empty
00000000000000000000000199989465 is empty
00000000000000000000000199999993 is empty
00000000000000000000000198674900 is empty
00000000000000000000000198643011 is empty
00000000000000000000000199999938 is empty
00000000000000000000000171909644 is empty
00000000000000000000000199996202 is empty
00000000000000000000000199996692 is empty
00000000000000000000000199999474 is empty
00000000000000000000000199993065 is empty
00000000000000000000000149701481 is empty
00000000000000000000000199999995 is empty
00000000000000000000000199967854 is empty
00000000000000000000000199998087 is empty
00000000000000000000000147445248 is empty
00000000000000000000000199999994 is empty
00000000000000000000000199999997 is empty
00000000000000000000000199993258 is empty
00000000000000000000000199999389 is empty
00000000000000000000000199999948 is empty
00000000000000000000000199999997 is empty
00000000000000000000000199999824 is empty
00000000000000000000000199999418 is empty
00000000000000000000000199990038 is empty
00000000000000000000000199822459 is empty
00000000000000000000000199999947 is empty
00000000000000000000000199789742 is empty
00000000000000000000000199883614 is empty
00000000000000000000000188928874 is empty
00000000000000000000000199999908 is empty
00000000000000000000000199993700 is empty
00000000000000000000000199993715 is empty
00000000000000000000000199999708 is empty
00000000000000000000000199999996 is empty
00000000000000000000000199999982 is empty
00000000000000000000000199972624 is empty
00000000000000000000000198594269 is empty
00000000000000000000000200000000 is empty
00000000000000000000000199957433 is empty
00000000000000000000000198530080 is empty
00000000000000000000000199999989 is empty
00000000000000000000000199705244 is empty
00000000000000000000000200000000 is empty
00000000000000000000000182287585 is empty
00000000000000000000000199999937 is empty
00000000000000000000000175411421 is empty
00000000000000000000000199859380 is empty
00000000000000000000000199695302 is empty
00000000000000000000000135895168 is empty
00000000000000000000000199981932 is empty
00000000000000000000000199950115 is empty
00000000000000000000000182367140 is empty
00000000000000000000000199879276 is empty
00000000000000000000000199999990 is empty
00000000000000000000000199998566 is empty
00000000000000000000000199975867 is empty
00000000000000000000000197811584 is empty
00000000000000000000000199419601 is empty
00000000000000000000000199997353 is empty
00000000000000000000000199999941 is empty
00000000000000000000000199999988 is empty
00000000000000000000000199999977 is empty
00000000000000000000000199999694 is empty
00000000000000000000000199805798 is empty
00000000000000000000000199995846 is empty
00000000000000000000000199999997 is empty
00000000000000000000000137053829 is empty
00000000000000000000000187984241 is empty
00000000000000000000000199915007 is empty
00000000000000000000000199998959 is empty
00000000000000000000000199999427 is empty
00000000000000000000000156072073 is empty
00000000000000000000000199999974 is empty
00000000000000000000000199986084 is empty
00000000000000000000000191627202 is empty
00000000000000000000000191763044 is empty
00000000000000000000000199072321 is empty
00000000000000000000000198562295 is empty
00000000000000000000000199999944 is empty
00000000000000000000000200000000 is empty
00000000000000000000000199989264 is empty
00000000000000000000000199999992 is empty
00000000000000000000000199999995 is empty
00000000000000000000000199999956 is empty
00000000000000000000000138912508 is empty
00000000000000000000000199999712 is empty
00000000000000000000000199999993 is empty
00000000000000000000000199999990 is empty
00000000000000000000000194638559 is empty
00000000000000000000000199993170 is empty
00000000000000000000000196190669 is empty
00000000000000000000000197309269 is empty
00000000000000000000000199989635 is empty
00000000000000000000000199999965 is empty
00000000000000000000000131634976 is empty
00000000000000000000000199672056 is empty
00000000000000000000000199999999 is empty
00000000000000000000000199811415 is empty
00000000000000000000000196628038 is empty
00000000000000000000000199995070 is empty
00000000000000000000000199999570 is empty
00000000000000000000000199994905 is empty
00000000000000000000000199999965 is empty
00000000000000000000000190013106 is empty
00000000000000000000000199930009 is empty
00000000000000000000000199993309 is empty
00000000000000000000000199943328 is empty
00000000000000000000000193918981 is empty
00000000000000000000000199999909 is empty
00000000000000000000000199999992 is empty
00000000000000000000000199999802 is empty
00000000000000000000000199999552 is empty
00000000000000000000000199999996 is empty
00000000000000000000000199247277 is empty
00000000000000000000000199637948 is empty
00000000000000000000000200000000 is empty
00000000000000000000000199999997 is empty
00000000000000000000000199997582 is empty
00000000000000000000000199999997 is empty
00000000000000000000000199991646 is empty
00000000000000000000000200000000 is empty
00000000000000000000000200000000 is empty
00000000000000000000000199934284 is empty
00000000000000000000000199999703 is empty
00000000000000000000000195826016 is empty
00000000000000000000000199026075 is empty
00000000000000000000000199999777 is empty
00000000000000000000000197390929 is empty
00000000000000000000000199948780 is empty
00000000000000000000000196970753 is empty
00000000000000000000000199999944 is empty
00000000000000000000000195886659 is empty
00000000000000000000000198752162 is empty
00000000000000000000000199998030 is empty
00000000000000000000000198578131 is empty
00000000000000000000000199999800 is empty
00000000000000000000000200000000 is empty
00000000000000000000000199949094 is empty
00000000000000000000000199999447 is empty
00000000000000000000000181461769 is empty
00000000000000000000000199999999 is empty
00000000000000000000000199999469 is empty
00000000000000000000000193876570 is empty
00000000000000000000000199999996 is empty
00000000000000000000000199999945 is empty
00000000000000000000000196954729 is empty
00000000000000000000000200000000 is empty
00000000000000000000000199991859 is empty
00000000000000000000000191473243 is empty
00000000000000000000000199999017 is empty
00000000000000000000000199999997 is empty
00000000000000000000000199999978 is empty
00000000000000000000000199996810 is empty
00000000000000000000000199941045 is empty
00000000000000000000000196580010 is empty
00000000000000000000000194948143 is empty
00000000000000000000000199999997 is empty
00000000000000000000000199999975 is empty
00000000000000000000000199999287 is empty
00000000000000000000000199997329 is empty
00000000000000000000000199994626 is empty
00000000000000000000000189940551 is empty
00000000000000000000000198629239 is empty
00000000000000000000000199999995 is empty
00000000000000000000000199991934 is empty
00000000000000000000000132025165 is empty
00000000000000000000000200000000 is empty
00000000000000000000000190609512 is empty
00000000000000000000000199999999 is empty
00000000000000000000000199995486 is empty
00000000000000000000000199999985 is empty
00000000000000000000000199999383 is empty
00000000000000000000000198249600 is empty
00000000000000000000000199805532 is empty
00000000000000000000000199965366 is empty
00000000000000000000000118011095 is empty
00000000000000000000000199859891 is empty
00000000000000000000000199838200 is empty
00000000000000000000000197842971 is empty
00000000000000000000000199413877 is empty
00000000000000000000000199999997 is empty
00000000000000000000000199994760 is empty
00000000000000000000000199999967 is empty
00000000000000000000000186351661 is empty
00000000000000000000000199999910 is empty
00000000000000000000000174790305 is empty
00000000000000000000000199999999 is empty
00000000000000000000000199999997 is empty
00000000000000000000000193944492 is empty
00000000000000000000000116615946 is empty
00000000000000000000000199999757 is empty
00000000000000000000000199999997 is empty
00000000000000000000000199999823 is empty
00000000000000000000000199944930 is empty
00000000000000000000000199999996 is empty
00000000000000000000000199999793 is empty
00000000000000000000000174871197 is empty
00000000000000000000000199992420 is empty
00000000000000000000000199992084 is empty
00000000000000000000000199865796 is empty
00000000000000000000000199999573 is empty
00000000000000000000000199999964 is empty
00000000000000000000000200000000 is empty
00000000000000000000000166099820 is empty
00000000000000000000000199999996 is empty
00000000000000000000000198990722 is empty
00000000000000000000000175951188 is empty
00000000000000000000000196158559 is empty
00000000000000000000000199999953 is empty
00000000000000000000000199999997 is empty
00000000000000000000000199996610 is empty
00000000000000000000000181744741 is empty
00000000000000000000000199999765 is empty
00000000000000000000000199999949 is empty
00000000000000000000000200000000 is empty
00000000000000000000000199803652 is empty
00000000000000000000000199999787 is empty
00000000000000000000000199999731 is empty
00000000000000000000000190930353 is empty
00000000000000000000000199513499 is empty
00000000000000000000000199999931 is empty
00000000000000000000000199999988 is empty
00000000000000000000000199998735 is empty
00000000000000000000000199998720 is empty
00000000000000000000000168868986 is empty
00000000000000000000000199999995 is empty
00000000000000000000000199259189 is empty
00000000000000000000000199999903 is empty
00000000000000000000000199999988 is empty
00000000000000000000000199999505 is empty
00000000000000000000000199997717 is empty
00000000000000000000000181839106 is empty
00000000000000000000000116597829 is empty
00000000000000000000000200000000 is empty
00000000000000000000000199999294 is empty
00000000000000000000000199999893 is empty
00000000000000000000000149737264 is empty
00000000000000000000000199965147 is empty
00000000000000000000000105781798 is empty
00000000000000000000000199999496 is empty
00000000000000000000000199845870 is empty
00000000000000000000000168267624 is empty
00000000000000000000000199999788 is empty
00000000000000000000000199999994 is empty
00000000000000000000000199999980 is empty
00000000000000000000000199999985 is empty
00000000000000000000000199994299 is empty
00000000000000000000000199992027 is empty
00000000000000000000000145504468 is empty
00000000000000000000000199999935 is empty
00000000000000000000000124243143 is empty
00000000000000000000000199999911 is empty
00000000000000000000000199996784 is empty
00000000000000000000000199999999 is empty
00000000000000000000000199998410 is empty
00000000000000000000000199999934 is empty
00000000000000000000000199999848 is empty
00000000000000000000000199552257 is empty
00000000000000000000000199999429 is empty
00000000000000000000000199999777 is empty
00000000000000000000000199506260 is empty
00000000000000000000000199974904 is empty
00000000000000000000000199322946 is empty
00000000000000000000000199889012 is empty
00000000000000000000000199999977 is empty
00000000000000000000000199698596 is empty
00000000000000000000000198604082 is empty
00000000000000000000000191710053 is empty
00000000000000000000000199996764 is empty
00000000000000000000000199999885 is empty
00000000000000000000000199971532 is empty
00000000000000000000000199999996 is empty
00000000000000000000000190258188 is empty
00000000000000000000000199999999 is empty
00000000000000000000000199994992 is empty
00000000000000000000000199961773 is empty
00000000000000000000000199618473 is empty
00000000000000000000000199934589 is empty
00000000000000000000000199953835 is empty
00000000000000000000000199999996 is empty
00000000000000000000000198924311 is empty
00000000000000000000000182230970 is empty
00000000000000000000000199923899 is empty
00000000000000000000000199999881 is empty
00000000000000000000000199999992 is empty
00000000000000000000000200000000 is empty
00000000000000000000000199852697 is empty
00000000000000000000000199999979 is empty
00000000000000000000000199959459 is empty
00000000000000000000000199999330 is empty
00000000000000000000000196561092 is empty
00000000000000000000000199996066 is empty
00000000000000000000000199958548 is empty
00000000000000000000000199997083 is empty
00000000000000000000000183116060 is empty
00000000000000000000000199825515 is empty
00000000000000000000000162310764 is empty
00000000000000000000000199999888 is empty
00000000000000000000000199999997 is empty
00000000000000000000000199999819 is empty
00000000000000000000000199999999 is empty
00000000000000000000000199800477 is empty
00000000000000000000000199998332 is empty
00000000000000000000000199911196 is empty
00000000000000000000000199997947 is empty
00000000000000000000000177752499 is empty
00000000000000000000000199999412 is empty
00000000000000000000000196186786 is empty
00000000000000000000000199997972 is empty
00000000000000000000000199563874 is empty
00000000000000000000000195855234 is empty
00000000000000000000000196701028 is empty
00000000000000000000000179412343 is empty
00000000000000000000000199783968 is empty
00000000000000000000000199999596 is empty
00000000000000000000000199999999 is empty
00000000000000000000000199997120 is empty
00000000000000000000000199999991 is empty
00000000000000000000000199999961 is empty
00000000000000000000000199999989 is empty
00000000000000000000000199999964 is empty
00000000000000000000000199998497 is empty
00000000000000000000000170343577 is empty
00000000000000000000000199813851 is empty
00000000000000000000000196703389 is empty
00000000000000000000000171679305 is empty
00000000000000000000000199999997 is empty
00000000000000000000000199999996 is empty
00000000000000000000000194182629 is empty
00000000000000000000000198952158 is empty
00000000000000000000000172372355 is empty
00000000000000000000000199992110 is empty
00000000000000000000000199960109 is empty
00000000000000000000000175070479 is empty
00000000000000000000000195995842 is empty
00000000000000000000000199999971 is empty
00000000000000000000000199999497 is empty
00000000000000000000000199998691 is empty
00000000000000000000000199472324 is empty
00000000000000000000000199901179 is empty
00000000000000000000000199999908 is empty
00000000000000000000000194815391 is empty
00000000000000000000000199941540 is empty
00000000000000000000000199996640 is empty
00000000000000000000000173338154 is empty
00000000000000000000000196768582 is empty
00000000000000000000000198493267 is empty
00000000000000000000000199999925 is empty
00000000000000000000000199999815 is empty
00000000000000000000000182021196 is empty
00000000000000000000000199998361 is empty
00000000000000000000000199999999 is empty
00000000000000000000000199995050 is empty
00000000000000000000000199995357 is empty
00000000000000000000000199886278 is empty
00000000000000000000000158590126 is empty
00000000000000000000000199999843 is empty
00000000000000000000000200000000 is empty
00000000000000000000000199999909 is empty
00000000000000000000000199997457 is empty
00000000000000000000000131817796 is empty
00000000000000000000000199997120 is empty
00000000000000000000000199999872 is empty
00000000000000000000000199919548 is empty
00000000000000000000000198529314 is empty
00000000000000000000000199999912 is empty
00000000000000000000000199997626 is empty
00000000000000000000000169168734 is empty
00000000000000000000000199980643 is empty
00000000000000000000000168326267 is empty
00000000000000000000000199999554 is empty
00000000000000000000000199999048 is empty
00000000000000000000000199999921 is empty
00000000000000000000000199443563 is empty
00000000000000000000000199999569 is empty
00000000000000000000000199999623 is empty
00000000000000000000000199679871 is empty
00000000000000000000000189210337 is empty
00000000000000000000000199996031 is empty
00000000000000000000000106464281 is empty
00000000000000000000000199997516 is empty
00000000000000000000000199991910 is empty
00000000000000000000000197667747 is empty
00000000000000000000000200000000 is empty
00000000000000000000000199797897 is empty
00000000000000000000000199989260 is empty
00000000000000000000000199951682 is empty
00000000000000000000000200000000 is empty
00000000000000000000000199998109 is empty
00000000000000000000000199992669 is empty
00000000000000000000000199779860 is empty
00000000000000000000000199999964 is empty
00000000000000000000000199983553 is empty
00000000000000000000000199998892 is empty
00000000000000000000000111857217 is empty
00000000000000000000000196745988 is empty
00000000000000000000000172891635 is empty
00000000000000000000000199999984 is empty
00000000000000000000000199997314 is empty
00000000000000000000000140088572 is empty
00000000000000000000000199999999 is empty
00000000000000000000000199999997 is empty
00000000000000000000000196288446 is empty
00000000000000000000000199834921 is empty
00000000000000000000000199999626 is empty
00000000000000000000000199997240 is empty
00000000000000000000000199482608 is empty
00000000000000000000000199999390 is empty
00000000000000000000000199995629 is empty
00000000000000000000000199999987 is empty
00000000000000000000000199460222 is empty
00000000000000000000000194279585 is empty
00000000000000000000000199995166 is empty
00000000000000000000000199999518 is empty
00000000000000000000000195913515 is empty
00000000000000000000000199994237 is empty
00000000000000000000000199999876 is empty
00000000000000000000000200000000 is empty
00000000000000000000000170331816 is empty
00000000000000000000000199999999 is empty
00000000000000000000000195864781 is empty
00000000000000000000000199992481 is empty
00000000000000000000000199673395 is empty
00000000000000000000000199145844 is empty
00000000000000000000000199997835 is empty
00000000000000000000000199999999 is empty
00000000000000000000000199804614 is empty
00000000000000000000000199999989 is empty
00000000000000000000000184546664 is empty
00000000000000000000000188201079 is empty
00000000000000000000000198209412 is empty
00000000000000000000000176100719 is empty
00000000000000000000000199999275 is empty
00000000000000000000000199988228 is empty
00000000000000000000000199978415 is empty
00000000000000000000000199895374 is empty
00000000000000000000000199683400 is empty
00000000000000000000000199999931 is empty
00000000000000000000000199999671 is empty
00000000000000000000000199999970 is empty
00000000000000000000000199999973 is empty
00000000000000000000000199999997 is empty
00000000000000000000000184714858 is empty
00000000000000000000000197847206 is empty
00000000000000000000000150744107 is empty
00000000000000000000000199998348 is empty
00000000000000000000000199976772 is empty
00000000000000000000000199991009 is empty
00000000000000000000000199285133 is empty
00000000000000000000000160145999 is empty
00000000000000000000000177383562 is empty
00000000000000000000000199999994 is empty
00000000000000000000000199997650 is empty
00000000000000000000000199995807 is empty
00000000000000000000000197246209 is empty
00000000000000000000000199978222 is empty
00000000000000000000000198626560 is empty
00000000000000000000000199994698 is empty
00000000000000000000000200000000 is empty
00000000000000000000000189282699 is empty
00000000000000000000000199995807 is empty
00000000000000000000000200000000 is empty
00000000000000000000000199845485 is empty
00000000000000000000000199891130 is empty
00000000000000000000000199984879 is empty
00000000000000000000000199444051 is empty
00000000000000000000000199999958 is empty
00000000000000000000000199502419 is empty
00000000000000000000000198915700 is empty
00000000000000000000000181428913 is empty
00000000000000000000000199893760 is empty
00000000000000000000000199988818 is empty
00000000000000000000000189808685 is empty
00000000000000000000000199999994 is empty
00000000000000000000000195177925 is empty
00000000000000000000000199213755 is empty
00000000000000000000000197808912 is empty
00000000000000000000000199999983 is empty
00000000000000000000000199892976 is empty
00000000000000000000000199954127 is empty
00000000000000000000000199863962 is empty
00000000000000000000000199996510 is empty
00000000000000000000000199999997 is empty
00000000000000000000000189913018 is empty
00000000000000000000000199999995 is empty
00000000000000000000000199783806 is empty
00000000000000000000000199968244 is empty
00000000000000000000000199999995 is empty
00000000000000000000000199999441 is empty
00000000000000000000000199999890 is empty
00000000000000000000000199997146 is empty
00000000000000000000000199999965 is empty
00000000000000000000000195785668 is empty
00000000000000000000000198701817 is empty
00000000000000000000000199738243 is empty
00000000000000000000000195425969 is empty
00000000000000000000000199999999 is empty
00000000000000000000000143372237 is empty
00000000000000000000000199993350 is empty
00000000000000000000000199999040 is empty
00000000000000000000000199998093 is empty
00000000000000000000000199999428 is empty
00000000000000000000000199999957 is empty
00000000000000000000000199998802 is empty
00000000000000000000000116440830 is empty
00000000000000000000000199985571 is empty
00000000000000000000000157256376 is empty
00000000000000000000000199999990 is empty
00000000000000000000000199998895 is empty
00000000000000000000000199999999 is empty
00000000000000000000000199989459 is empty
00000000000000000000000161202470 is empty
00000000000000000000000199998907 is empty
00000000000000000000000199938797 is empty
00000000000000000000000199236416 is empty
00000000000000000000000199390708 is empty
00000000000000000000000199999981 is empty
00000000000000000000000199999954 is empty
00000000000000000000000107381112 is empty
00000000000000000000000199083631 is empty
00000000000000000000000199967381 is empty
00000000000000000000000199494300 is empty
00000000000000000000000199990266 is empty
00000000000000000000000199999994 is empty
00000000000000000000000199998238 is empty
00000000000000000000000199586612 is empty
00000000000000000000000194604818 is empty
00000000000000000000000200000000 is empty
00000000000000000000000199999371 is empty
00000000000000000000000199764929 is empty
00000000000000000000000199999986 is empty
00000000000000000000000199999652 is empty
00000000000000000000000172938174 is empty
00000000000000000000000197226875 is empty
00000000000000000000000199968143 is empty
00000000000000000000000199073326 is empty
00000000000000000000000193968961 is empty
00000000000000000000000171521136 is empty
00000000000000000000000199984723 is empty
00000000000000000000000199997892 is empty
00000000000000000000000198568630 is empty
00000000000000000000000199998712 is empty
00000000000000000000000197769650 is empty
00000000000000000000000199999997 is empty
00000000000000000000000197823015 is empty
00000000000000000000000200000000 is empty
00000000000000000000000175040269 is empty
00000000000000000000000199999943 is empty
00000000000000000000000199999967 is empty
00000000000000000000000106833040 is empty
00000000000000000000000179461560 is empty
00000000000000000000000200000000 is empty
00000000000000000000000199971453 is empty
00000000000000000000000181013291 is empty
00000000000000000000000199955393 is empty
00000000000000000000000199999995 is empty
00000000000000000000000199999103 is empty
00000000000000000000000199987494 is empty
00000000000000000000000199992929 is empty
00000000000000000000000200000000 is empty
00000000000000000000000199999711 is empty
00000000000000000000000199999994 is empty
00000000000000000000000199853545 is empty
00000000000000000000000199999488 is empty
00000000000000000000000199461265 is empty
00000000000000000000000192426398 is empty
00000000000000000000000199994553 is empty
00000000000000000000000199999933 is empty
00000000000000000000000128131551 is empty
00000000000000000000000199989742 is empty
00000000000000000000000199999966 is empty
00000000000000000000000199999969 is empty
00000000000000000000000199317144 is empty
00000000000000000000000199755629 is empty
00000000000000000000000199994298 is empty
00000000000000000000000196846235 is empty
00000000000000000000000199999999 is empty
00000000000000000000000199995915 is empty
00000000000000000000000199944984 is empty
00000000000000000000000199999561 is empty
00000000000000000000000199837968 is empty
00000000000000000000000199983822 is empty
00000000000000000000000199592038 is empty
00000000000000000000000176347838 is empty
00000000000000000000000199999946 is empty
00000000000000000000000199997419 is empty
00000000000000000000000199999981 is empty
00000000000000000000000199836269 is empty
00000000000000000000000199999999 is empty
00000000000000000000000199999988 is empty
00000000000000000000000199985637 is empty
00000000000000000000000199966995 is empty
00000000000000000000000191295484 is empty
00000000000000000000000200000000 is empty
00000000000000000000000195081088 is empty
00000000000000000000000199831611 is empty
00000000000000000000000147249900 is empty
00000000000000000000000199999857 is empty
00000000000000000000000199997398 is empty
00000000000000000000000199999995 is empty
00000000000000000000000199999936 is empty
00000000000000000000000199205671 is empty
00000000000000000000000199999840 is empty
00000000000000000000000199988052 is empty
00000000000000000000000199999982 is empty
00000000000000000000000190732639 is empty
00000000000000000000000199999781 is empty
00000000000000000000000199999916 is empty
00000000000000000000000199999996 is empty
00000000000000000000000199998063 is empty
00000000000000000000000200000000 is empty
00000000000000000000000200000000 is empty
00000000000000000000000199989138 is empty
00000000000000000000000199999208 is empty
00000000000000000000000199344079 is empty
00000000000000000000000199999728 is empty
00000000000000000000000198511067 is empty
00000000000000000000000199997768 is empty
00000000000000000000000199958995 is empty
00000000000000000000000200000000 is empty
00000000000000000000000199998392 is empty
00000000000000000000000196852268 is empty
00000000000000000000000199991471 is empty
00000000000000000000000199999700 is empty
00000000000000000000000154674471 is empty
00000000000000000000000199860856 is empty
00000000000000000000000199999988 is empty
00000000000000000000000199312929 is empty
00000000000000000000000199999997 is empty
00000000000000000000000187681206 is empty
00000000000000000000000199999997 is empty
00000000000000000000000199042236 is empty
00000000000000000000000199999995 is empty
00000000000000000000000199988163 is empty
00000000000000000000000172994459 is empty
00000000000000000000000199999852 is empty
00000000000000000000000199633489 is empty
00000000000000000000000199995211 is empty
00000000000000000000000199999086 is empty
00000000000000000000000199999963 is empty
00000000000000000000000200000000 is empty
00000000000000000000000199999973 is empty
00000000000000000000000199992214 is empty
00000000000000000000000199999226 is empty
00000000000000000000000199999484 is empty
00000000000000000000000197899136 is empty
00000000000000000000000193922887 is empty
00000000000000000000000199977835 is empty
00000000000000000000000199999927 is empty
00000000000000000000000200000000 is empty
00000000000000000000000153805977 is empty
00000000000000000000000199682647 is empty
00000000000000000000000199953936 is empty
00000000000000000000000199797632 is empty
00000000000000000000000199999983 is empty
00000000000000000000000199726485 is empty
00000000000000000000000199875864 is empty
00000000000000000000000199999968 is empty
00000000000000000000000199999993 is empty
00000000000000000000000199999927 is empty
00000000000000000000000199999928 is empty
00000000000000000000000199999980 is empty
00000000000000000000000199999776 is empty
00000000000000000000000200000000 is empty
00000000000000000000000129149294 is empty
00000000000000000000000198515013 is empty
00000000000000000000000184198136 is empty
00000000000000000000000199877925 is empty
00000000000000000000000199679145 is empty
00000000000000000000000199992818 is empty
00000000000000000000000134146617 is empty
00000000000000000000000199693680 is empty
00000000000000000000000199999556 is empty
00000000000000000000000199999878 is empty
00000000000000000000000199087689 is empty
00000000000000000000000199706908 is empty
00000000000000000000000199999696 is empty
00000000000000000000000197376417 is empty
00000000000000000000000194434876 is empty
00000000000000000000000199998576 is empty
00000000000000000000000200000000 is empty
00000000000000000000000199999981 is empty
00000000000000000000000199995945 is empty
00000000000000000000000199880308 is empty
00000000000000000000000199999923 is empty
00000000000000000000000199999911 is empty
00000000000000000000000199910154 is empty
00000000000000000000000199999572 is empty
00000000000000000000000199776775 is empty
00000000000000000000000199999375 is empty
00000000000000000000000199866811 is empty
00000000000000000000000199999973 is empty
00000000000000000000000152707231 is empty
00000000000000000000000199999985 is empty
00000000000000000000000168003758 is empty
00000000000000000000000199545489 is empty
00000000000000000000000199999902 is empty
00000000000000000000000199996661 is empty
00000000000000000000000199141876 is empty
00000000000000000000000199999882 is empty
00000000000000000000000200000000 is empty
00000000000000000000000199999999 is empty
00000000000000000000000199999999 is empty
00000000000000000000000199999979 is empty
00000000000000000000000199999948 is empty
00000000000000000000000199999771 is empty
00000000000000000000000199962656 is empty
00000000000000000000000199652052 is empty
00000000000000000000000199988829 is empty
00000000000000000000000199999995 is empty
00000000000000000000000156581059 is empty
00000000000000000000000199987894 is empty
00000000000000000000000199999994 is empty
00000000000000000000000199997704 is empty
00000000000000000000000199996687 is empty
00000000000000000000000199999997 is empty
00000000000000000000000186955456 is empty
00000000000000000000000199986146 is empty
00000000000000000000000191371902 is empty
00000000000000000000000171513932 is empty
00000000000000000000000199866737 is empty
00000000000000000000000146121605 is empty
00000000000000000000000197244904 is empty
00000000000000000000000199856785 is empty
00000000000000000000000199709325 is empty
00000000000000000000000199999198 is empty
00000000000000000000000199952511 is empty
00000000000000000000000199274839 is empty
00000000000000000000000199892440 is empty
00000000000000000000000199918995 is empty
00000000000000000000000199997558 is empty
00000000000000000000000196667002 is empty
00000000000000000000000199995835 is empty
00000000000000000000000199087180 is empty
00000000000000000000000199980469 is empty
00000000000000000000000200000000 is empty
00000000000000000000000179169364 is empty
00000000000000000000000199989436 is empty
00000000000000000000000199992669 is empty
00000000000000000000000199999391 is empty
00000000000000000000000199999984 is empty
00000000000000000000000187648181 is empty
00000000000000000000000199999919 is empty
00000000000000000000000199881194 is empty
00000000000000000000000198290562 is empty
00000000000000000000000199999878 is empty
00000000000000000000000199826447 is empty
00000000000000000000000199999996 is empty
00000000000000000000000199758718 is empty
00000000000000000000000199217486 is empty
00000000000000000000000199999989 is empty
00000000000000000000000199999929 is empty
00000000000000000000000199993137 is empty
00000000000000000000000199946079 is empty
00000000000000000000000199833776 is empty
00000000000000000000000199999898 is empty
00000000000000000000000198299028 is empty
00000000000000000000000199342797 is empty
00000000000000000000000199999963 is empty
00000000000000000000000199999813 is empty
00000000000000000000000185242410 is empty
00000000000000000000000199999627 is empty
00000000000000000000000200000000 is empty
00000000000000000000000191528624 is empty
00000000000000000000000199992167 is empty
00000000000000000000000199998682 is empty
00000000000000000000000189565289 is empty
00000000000000000000000126189328 is empty
00000000000000000000000199999955 is empty
00000000000000000000000199378934 is empty
00000000000000000000000198777801 is empty
00000000000000000000000200000000 is empty
00000000000000000000000199999953 is empty
00000000000000000000000199988604 is empty
00000000000000000000000199811638 is empty
00000000000000000000000200000000 is empty
00000000000000000000000199999996 is empty
00000000000000000000000199997922 is empty
00000000000000000000000199999984 is empty
00000000000000000000000199999907 is empty
00000000000000000000000199434456 is empty
00000000000000000000000165573136 is empty
00000000000000000000000196758157 is empty
00000000000000000000000190029208 is empty
00000000000000000000000199999962 is empty
00000000000000000000000191647517 is empty
00000000000000000000000199999901 is empty
00000000000000000000000199998944 is empty
00000000000000000000000200000000 is empty
00000000000000000000000199999824 is empty
00000000000000000000000198451504 is empty
00000000000000000000000199267065 is empty
00000000000000000000000199984316 is empty
00000000000000000000000196642823 is empty
00000000000000000000000199997522 is empty
00000000000000000000000199999993 is empty
00000000000000000000000162320508 is empty
00000000000000000000000199996762 is empty
00000000000000000000000199992626 is empty
00000000000000000000000199999999 is empty
00000000000000000000000199999691 is empty
00000000000000000000000199999996 is empty
00000000000000000000000199993510 is empty
00000000000000000000000199997593 is empty
00000000000000000000000183152484 is empty
00000000000000000000000199998844 is empty
00000000000000000000000199983902 is empty
00000000000000000000000199999973 is empty
00000000000000000000000199996530 is empty
00000000000000000000000189106609 is empty
00000000000000000000000199990620 is empty
00000000000000000000000198931771 is empty
00000000000000000000000199999960 is empty
00000000000000000000000199999999 is empty
00000000000000000000000199635239 is empty
00000000000000000000000199999966 is empty
00000000000000000000000199999996 is empty
00000000000000000000000199999982 is empty
00000000000000000000000199887019 is empty
00000000000000000000000193131949 is empty
00000000000000000000000199998141 is empty
00000000000000000000000199994259 is empty
00000000000000000000000199850502 is empty
00000000000000000000000197606798 is empty
00000000000000000000000188276051 is empty
00000000000000000000000199999999 is empty
00000000000000000000000199999990 is empty
00000000000000000000000199988390 is empty
00000000000000000000000200000000 is empty
00000000000000000000000199999717 is empty
00000000000000000000000185207630 is empty
00000000000000000000000199999992 is empty
00000000000000000000000199982407 is empty
00000000000000000000000188782062 is empty
00000000000000000000000199999869 is empty
00000000000000000000000199986181 is empty
00000000000000000000000199802980 is empty
00000000000000000000000199999895 is empty
00000000000000000000000198672422 is empty
00000000000000000000000200000000 is empty
00000000000000000000000199107729 is empty
00000000000000000000000199800793 is empty
00000000000000000000000199935742 is empty
00000000000000000000000198646039 is empty
00000000000000000000000199999904 is empty
00000000000000000000000199999979 is empty
00000000000000000000000199999999 is empty
00000000000000000000000199992406 is empty
00000000000000000000000197611958 is empty
00000000000000000000000199985812 is empty
00000000000000000000000199989825 is empty
00000000000000000000000199999978 is empty
00000000000000000000000199835400 is empty
00000000000000000000000199999272 is empty
00000000000000000000000198679212 is empty
00000000000000000000000157681846 is empty
00000000000000000000000197146037 is empty
00000000000000000000000199999991 is empty
00000000000000000000000175832331 is empty
00000000000000000000000199999867 is empty
00000000000000000000000199999689 is empty
00000000000000000000000199988539 is empty
00000000000000000000000199434522 is empty
00000000000000000000000173147464 is empty
00000000000000000000000154626894 is empty
00000000000000000000000199372072 is empty
00000000000000000000000197758743 is empty
00000000000000000000000199999805 is empty
00000000000000000000000199997078 is empty
00000000000000000000000199982346 is empty
00000000000000000000000199984618 is empty
00000000000000000000000199995236 is empty
00000000000000000000000199999982 is empty
00000000000000000000000199630966 is empty
00000000000000000000000199021522 is empty
00000000000000000000000199967141 is empty
00000000000000000000000198790249 is empty
00000000000000000000000199999938 is empty
00000000000000000000000179160844 is empty
00000000000000000000000199435783 is empty
00000000000000000000000150670646 is empty
00000000000000000000000190112162 is empty
00000000000000000000000198496582 is empty
00000000000000000000000199531363 is empty
00000000000000000000000199999908 is empty
00000000000000000000000199999759 is empty
00000000000000000000000199999997 is empty
00000000000000000000000192883076 is empty
00000000000000000000000199324969 is empty
00000000000000000000000199999976 is empty
00000000000000000000000199999287 is empty
00000000000000000000000199995218 is empty
00000000000000000000000199999990 is empty
00000000000000000000000199999969 is empty
00000000000000000000000199992587 is empty
00000000000000000000000199999988 is empty
00000000000000000000000199999985 is empty
00000000000000000000000199999955 is empty
00000000000000000000000199999997 is empty
00000000000000000000000191883745 is empty
00000000000000000000000197320695 is empty
00000000000000000000000199988493 is empty
00000000000000000000000199999785 is empty
00000000000000000000000174641246 is empty
00000000000000000000000199999942 is empty
00000000000000000000000199911722 is empty
00000000000000000000000199935573 is empty
00000000000000000000000199999445 is empty
00000000000000000000000199857866 is empty
00000000000000000000000199963774 is empty
00000000000000000000000199999972 is empty
00000000000000000000000199999935 is empty
00000000000000000000000196932809 is empty
00000000000000000000000199998371 is empty
00000000000000000000000197985168 is empty
00000000000000000000000199999986 is empty
00000000000000000000000156879492 is empty
00000000000000000000000107521933 is empty
00000000000000000000000199999969 is empty
00000000000000000000000199998357 is empty
00000000000000000000000199630428 is empty
00000000000000000000000199999984 is empty
00000000000000000000000199996588 is empty
00000000000000000000000166528068 is empty
00000000000000000000000199999996 is empty
00000000000000000000000199999994 is empty
00000000000000000000000199999978 is empty
00000000000000000000000199999893 is empty
00000000000000000000000196769989 is empty
00000000000000000000000199995693 is empty
00000000000000000000000199745503 is empty
00000000000000000000000181256215 is empty
00000000000000000000000199945128 is empty
00000000000000000000000199999993 is empty
00000000000000000000000199999999 is empty
00000000000000000000000180927589 is empty
00000000000000000000000199999992 is empty
00000000000000000000000199900968 is empty
00000000000000000000000200000000 is empty
00000000000000000000000199956901 is empty
00000000000000000000000109307113 is empty
00000000000000000000000199992867 is empty
00000000000000000000000197634758 is empty
00000000000000000000000183662681 is empty
00000000000000000000000140887963 is empty
00000000000000000000000199846964 is empty
00000000000000000000000199998700 is empty
00000000000000000000000200000000 is empty
00000000000000000000000199999644 is empty
00000000000000000000000199999993 is empty
00000000000000000000000199837535 is empty
00000000000000000000000199999997 is empty
00000000000000000000000199999817 is empty
00000000000000000000000178247591 is empty
00000000000000000000000199966600 is empty
00000000000000000000000199999996 is empty
00000000000000000000000148502280 is empty
00000000000000000000000140629649 is empty
00000000000000000000000198981068 is empty
00000000000000000000000199991692 is empty
00000000000000000000000191607423 is empty
00000000000000000000000199977317 is empty
00000000000000000000000199999266 is empty
00000000000000000000000199999993 is empty
00000000000000000000000199999995 is empty
00000000000000000000000199945645 is empty
00000000000000000000000199216339 is empty
00000000000000000000000197077033 is empty
00000000000000000000000199990479 is empty
00000000000000000000000199999386 is empty
00000000000000000000000199999964 is empty
00000000000000000000000199999838 is empty
00000000000000000000000188558527 is empty
00000000000000000000000200000000 is empty
00000000000000000000000200000000 is empty
00000000000000000000000199999077 is empty
00000000000000000000000199999997 is empty
00000000000000000000000191529809 is empty
00000000000000000000000199999650 is empty
00000000000000000000000198527652 is empty
00000000000000000000000133696075 is empty
00000000000000000000000199999975 is empty
00000000000000000000000186019417 is empty
00000000000000000000000199973360 is empty
00000000000000000000000200000000 is empty
00000000000000000000000199999901 is empty
00000000000000000000000199999901 is empty
00000000000000000000000199999993 is empty
00000000000000000000000199973914 is empty
00000000000000000000000199999963 is empty
00000000000000000000000199999351 is empty
00000000000000000000000172297942 is empty
00000000000000000000000199933686 is empty
00000000000000000000000199999015 is empty
00000000000000000000000199999288 is empty
00000000000000000000000199999741 is empty
00000000000000000000000195985815 is empty
00000000000000000000000199999968 is empty
00000000000000000000000199967360 is empty
00000000000000000000000195711432 is empty
00000000000000000000000145830861 is empty
00000000000000000000000199981252 is empty
00000000000000000000000199998980 is empty
00000000000000000000000159242351 is empty
00000000000000000000000199995994 is empty
00000000000000000000000199964820 is empty
00000000000000000000000199980854 is empty
00000000000000000000000199999997 is empty
00000000000000000000000198430820 is empty
00000000000000000000000199997858 is empty
00000000000000000000000199999248 is empty
00000000000000000000000176902868 is empty
00000000000000000000000199999953 is empty
00000000000000000000000199999995 is empty
00000000000000000000000199999992 is empty
00000000000000000000000112476459 is empty
00000000000000000000000194597064 is empty
00000000000000000000000199999995 is empty
00000000000000000000000199999980 is empty
00000000000000000000000177851257 is empty
00000000000000000000000198134979 is empty
00000000000000000000000199999990 is empty
00000000000000000000000199999939 is empty
00000000000000000000000178906171 is empty
00000000000000000000000199999040 is empty
00000000000000000000000195943032 is empty
00000000000000000000000199909310 is empty
00000000000000000000000198519168 is empty
00000000000000000000000164265391 is empty
00000000000000000000000199931149 is empty
00000000000000000000000199999999 is empty
00000000000000000000000187392652 is empty
00000000000000000000000199999997 is empty
00000000000000000000000200000000 is empty
00000000000000000000000199999319 is empty
00000000000000000000000199999999 is empty
00000000000000000000000199850892 is empty
00000000000000000000000199836606 is empty
00000000000000000000000199216954 is empty
00000000000000000000000198959035 is empty
00000000000000000000000200000000 is empty
00000000000000000000000197251290 is empty
00000000000000000000000199989229 is empty
00000000000000000000000199927053 is empty
00000000000000000000000199956244 is empty
00000000000000000000000199999977 is empty
00000000000000000000000192370588 is empty
00000000000000000000000199991061 is empty
00000000000000000000000199997776 is empty
00000000000000000000000198974452 is empty
00000000000000000000000132963141 is empty
00000000000000000000000199999991 is empty
00000000000000000000000199908783 is empty
00000000000000000000000199999991 is empty
00000000000000000000000198726457 is empty
00000000000000000000000199368950 is empty
00000000000000000000000149684163 is empty
00000000000000000000000197356576 is empty
00000000000000000000000199922121 is empty
00000000000000000000000199999977 is empty
00000000000000000000000199997458 is empty
00000000000000000000000199999996 is empty
00000000000000000000000199454897 is empty
00000000000000000000000199999996 is empty
00000000000000000000000199996461 is empty
00000000000000000000000190288389 is empty
00000000000000000000000199999902 is empty
00000000000000000000000150821602 is empty
00000000000000000000000199999583 is empty
00000000000000000000000198843661 is empty
00000000000000000000000199999925 is empty
00000000000000000000000199999989 is empty
00000000000000000000000196392055 is empty
00000000000000000000000199792099 is empty
00000000000000000000000199999003 is empty
00000000000000000000000199816090 is empty
00000000000000000000000198272607 is empty
00000000000000000000000195879412 is empty
00000000000000000000000199924499 is empty
00000000000000000000000199946374 is empty
00000000000000000000000197215815 is empty
00000000000000000000000127549113 is empty
00000000000000000000000199783798 is empty
00000000000000000000000199451522 is empty
00000000000000000000000199999991 is empty
00000000000000000000000199999995 is empty
00000000000000000000000198295084 is empty
00000000000000000000000199999997 is empty
00000000000000000000000200000000 is empty
00000000000000000000000157590296 is empty
00000000000000000000000199999637 is empty
00000000000000000000000196282726 is empty
00000000000000000000000199995421 is empty
00000000000000000000000198169519 is empty
00000000000000000000000199999918 is empty
00000000000000000000000199917964 is empty
00000000000000000000000199999996 is empty
00000000000000000000000200000000 is empty
00000000000000000000000199989451 is empty
00000000000000000000000198686218 is empty
00000000000000000000000192018096 is empty
00000000000000000000000199984595 is empty
00000000000000000000000199999993 is empty
00000000000000000000000199994742 is empty
00000000000000000000000199997978 is empty
00000000000000000000000197962597 is empty
00000000000000000000000178644164 is empty
00000000000000000000000199999742 is empty
00000000000000000000000199999446 is empty
00000000000000000000000199924644 is empty
00000000000000000000000199659220 is empty
00000000000000000000000187136891 is empty
00000000000000000000000196577341 is empty
00000000000000000000000198947815 is empty
00000000000000000000000199999979 is empty
00000000000000000000000130610417 is empty
00000000000000000000000200000000 is empty
00000000000000000000000151592494 is empty
00000000000000000000000198937566 is empty
00000000000000000000000199999986 is empty
00000000000000000000000200000000 is empty
00000000000000000000000199996808 is empty
00000000000000000000000199999995 is empty
00000000000000000000000116817587 is empty
00000000000000000000000199412731 is empty
00000000000000000000000199999944 is empty
00000000000000000000000199998968 is empty
00000000000000000000000152566768 is empty
00000000000000000000000199999887 is empty
00000000000000000000000198279253 is empty
00000000000000000000000199991506 is empty
00000000000000000000000198834034 is empty
00000000000000000000000199994361 is empty
00000000000000000000000199472549 is empty
00000000000000000000000199989078 is empty
00000000000000000000000199999989 is empty
00000000000000000000000199999959 is empty
00000000000000000000000181165605 is empty
00000000000000000000000162769921 is empty
00000000000000000000000199999323 is empty
00000000000000000000000199999471 is empty
00000000000000000000000199674785 is empty
00000000000000000000000199999790 is empty
00000000000000000000000199996658 is empty
00000000000000000000000199999971 is empty
00000000000000000000000199999633 is empty
00000000000000000000000199994889 is empty
00000000000000000000000199999997 is empty
00000000000000000000000199789999 is empty
00000000000000000000000192398146 is empty
00000000000000000000000199999901 is empty
00000000000000000000000199626236 is empty
00000000000000000000000186062774 is empty
00000000000000000000000199999987 is empty
00000000000000000000000199993833 is empty
00000000000000000000000195675473 is empty
00000000000000000000000199999907 is empty
00000000000000000000000155145745 is empty
00000000000000000000000199996362 is empty
00000000000000000000000199910168 is empty
00000000000000000000000199975030 is empty
00000000000000000000000183924968 is empty
00000000000000000000000199837835 is empty
00000000000000000000000198922060 is empty
00000000000000000000000199999951 is empty
00000000000000000000000199982152 is empty
00000000000000000000000197702049 is empty
00000000000000000000000199989438 is empty
00000000000000000000000199251988 is empty
00000000000000000000000199989459 is empty
00000000000000000000000199918680 is empty
00000000000000000000000199967376 is empty
00000000000000000000000181710701 is empty
00000000000000000000000166754417 is empty
00000000000000000000000199999993 is empty
00000000000000000000000118480563 is empty
00000000000000000000000199547971 is empty
00000000000000000000000197854748 is empty
00000000000000000000000199395704 is empty
00000000000000000000000199999996 is empty
00000000000000000000000180041337 is empty
00000000000000000000000199996882 is empty
00000000000000000000000199999267 is empty
00000000000000000000000140129840 is empty
00000000000000000000000199999904 is empty
00000000000000000000000199999469 is empty
00000000000000000000000199714564 is empty
00000000000000000000000199999943 is empty
00000000000000000000000199998747 is empty
00000000000000000000000193992829 is empty
00000000000000000000000200000000 is empty
00000000000000000000000199999991 is empty
00000000000000000000000150450879 is empty
00000000000000000000000105616135 is empty
00000000000000000000000194270787 is empty
00000000000000000000000199999999 is empty
00000000000000000000000199999306 is empty
00000000000000000000000199999981 is empty
00000000000000000000000200000000 is empty
00000000000000000000000199999696 is empty
00000000000000000000000200000000 is empty
00000000000000000000000199999078 is empty
00000000000000000000000197563119 is empty
00000000000000000000000110113072 is empty
00000000000000000000000184402628 is empty
00000000000000000000000199999333 is empty
00000000000000000000000159566826 is empty
00000000000000000000000183299710 is empty
00000000000000000000000199999848 is empty
00000000000000000000000199999792 is empty
00000000000000000000000199965326 is empty
00000000000000000000000175731768 is empty
00000000000000000000000199999664 is empty
00000000000000000000000199984235 is empty
00000000000000000000000199999805 is empty
00000000000000000000000149823747 is empty
00000000000000000000000199998854 is empty
00000000000000000000000195136397 is empty
00000000000000000000000129418540 is empty
00000000000000000000000194249402 is empty
00000000000000000000000192167436 is empty
00000000000000000000000199999860 is empty
00000000000000000000000199880440 is empty
00000000000000000000000199977970 is empty
00000000000000000000000199999989 is empty
00000000000000000000000191001938 is empty
00000000000000000000000199999647 is empty
00000000000000000000000199971639 is empty
00000000000000000000000199538111 is empty
00000000000000000000000199747130 is empty
00000000000000000000000199999980 is empty
00000000000000000000000133853910 is empty
00000000000000000000000200000000 is empty
00000000000000000000000198291630 is empty
00000000000000000000000199718086 is empty
00000000000000000000000199965993 is empty
00000000000000000000000199963845 is empty
00000000000000000000000199999981 is empty
00000000000000000000000190778989 is empty
00000000000000000000000199999915 is empty
00000000000000000000000158625838 is empty
00000000000000000000000180042980 is empty
00000000000000000000000189388234 is empty
00000000000000000000000183237895 is empty
00000000000000000000000199999953 is empty
00000000000000000000000199999999 is empty
00000000000000000000000199999957 is empty
00000000000000000000000199615934 is empty
00000000000000000000000106285377 is empty
00000000000000000000000199999988 is empty
00000000000000000000000199999861 is empty
00000000000000000000000199992734 is empty
00000000000000000000000199998160 is empty
00000000000000000000000199992585 is empty
00000000000000000000000199999961 is empty
00000000000000000000000154174021 is empty
00000000000000000000000199916445 is empty
00000000000000000000000199999999 is empty
00000000000000000000000198269638 is empty
00000000000000000000000199998318 is empty
00000000000000000000000199999621 is empty
00000000000000000000000199999999 is empty
00000000000000000000000114467742 is empty
00000000000000000000000199913569 is empty
00000000000000000000000199999899 is empty
00000000000000000000000199999696 is empty
00000000000000000000000199999990 is empty
00000000000000000000000199490567 is empty
00000000000000000000000199999243 is empty
00000000000000000000000198953517 is empty
00000000000000000000000190510765 is empty
00000000000000000000000199999985 is empty
00000000000000000000000199999224 is empty
00000000000000000000000198658876 is empty
00000000000000000000000197630193 is empty
00000000000000000000000199999955 is empty
00000000000000000000000199547930 is empty
00000000000000000000000123298142 is empty
00000000000000000000000199987319 is empty
00000000000000000000000200000000 is empty
00000000000000000000000199999960 is empty
00000000000000000000000199993687 is empty
00000000000000000000000199931160 is empty
00000000000000000000000199665879 is empty
00000000000000000000000199855637 is empty
00000000000000000000000199967004 is empty
00000000000000000000000200000000 is empty
00000000000000000000000181755840 is empty
00000000000000000000000198824276 is empty
00000000000000000000000199998676 is empty
00000000000000000000000199999986 is empty
00000000000000000000000199998770 is empty
00000000000000000000000200000000 is empty
00000000000000000000000199590111 is empty
00000000000000000000000199999996 is empty
00000000000000000000000199999525 is empty
00000000000000000000000199999983 is empty
00000000000000000000000199997080 is empty
00000000000000000000000199999847 is empty
00000000000000000000000196975348 is empty
00000000000000000000000199999992 is empty
00000000000000000000000140467259 is empty
00000000000000000000000197568615 is empty
00000000000000000000000133390361 is empty
00000000000000000000000199999660 is empty
00000000000000000000000198792584 is empty
00000000000000000000000199931987 is empty
00000000000000000000000199998983 is empty
00000000000000000000000199999909 is empty
00000000000000000000000199999982 is empty
00000000000000000000000199994765 is empty
00000000000000000000000199996330 is empty
00000000000000000000000199929588 is empty
00000000000000000000000199999702 is empty
00000000000000000000000199645415 is empty
00000000000000000000000199999626 is empty
00000000000000000000000199788849 is empty
00000000000000000000000199999642 is empty
00000000000000000000000199998865 is empty
00000000000000000000000199999942 is empty
00000000000000000000000182374032 is empty
00000000000000000000000199683423 is empty
00000000000000000000000192162642 is empty
00000000000000000000000199999999 is empty
00000000000000000000000194940814 is empty
00000000000000000000000199999991 is empty
00000000000000000000000199996109 is empty
00000000000000000000000199943336 is empty
00000000000000000000000199999935 is empty
00000000000000000000000199951684 is empty
00000000000000000000000199999469 is empty
00000000000000000000000199899973 is empty
00000000000000000000000199998390 is empty
00000000000000000000000199999994 is empty
  Read Throughput:  49930.99 records/sec
  Current Memory:   5668.02 MB
  Peak Memory:      5889.70 MB
  Memory Per Record: 29.72 bytes

========== Testing at data scale: 1,000,000,000 ==========
Writing 800000000 incremental records (keys: 200000001-1000000000, total: 1000000000)
write base data version: 200100, memory: 5943349248 bytes (5668.02 MB)
write base data version: 200200, memory: 5943349248 bytes (5668.02 MB)
write base data version: 200300, memory: 5943349248 bytes (5668.02 MB)
write base data version: 200400, memory: 5943349248 bytes (5668.02 MB)
write base data version: 200500, memory: 5943349248 bytes (5668.02 MB)
write base data version: 200600, memory: 5943439360 bytes (5668.11 MB)
write base data version: 200700, memory: 5943439360 bytes (5668.11 MB)
write base data version: 200800, memory: 5943439360 bytes (5668.11 MB)
write base data version: 200900, memory: 5943439360 bytes (5668.11 MB)
write base data version: 201000, memory: 5943439360 bytes (5668.11 MB)
write base data version: 201100, memory: 5943439360 bytes (5668.11 MB)
write base data version: 201200, memory: 5943439360 bytes (5668.11 MB)
write base data version: 201300, memory: 5943439360 bytes (5668.11 MB)
write base data version: 201400, memory: 5943439360 bytes (5668.11 MB)
write base data version: 201500, memory: 5943439360 bytes (5668.11 MB)
write base data version: 201600, memory: 5943439360 bytes (5668.11 MB)
write base data version: 201700, memory: 5943439360 bytes (5668.11 MB)
write base data version: 201800, memory: 5943439360 bytes (5668.11 MB)
write base data version: 201900, memory: 5943439360 bytes (5668.11 MB)
write base data version: 202000, memory: 5943439360 bytes (5668.11 MB)
write base data version: 202100, memory: 5943439360 bytes (5668.11 MB)
write base data version: 202200, memory: 5943439360 bytes (5668.11 MB)
write base data version: 202300, memory: 5943439360 bytes (5668.11 MB)
write base data version: 202400, memory: 5943439360 bytes (5668.11 MB)
write base data version: 202500, memory: 5943439360 bytes (5668.11 MB)
write base data version: 202600, memory: 5943439360 bytes (5668.11 MB)
write base data version: 202700, memory: 5943439360 bytes (5668.11 MB)
write base data version: 202800, memory: 5943439360 bytes (5668.11 MB)
write base data version: 202900, memory: 5943439360 bytes (5668.11 MB)
write base data version: 203000, memory: 5943439360 bytes (5668.11 MB)
write base data version: 203100, memory: 5943439360 bytes (5668.11 MB)
write base data version: 203200, memory: 5943439360 bytes (5668.11 MB)
write base data version: 203300, memory: 5943439360 bytes (5668.11 MB)
write base data version: 203400, memory: 5943439360 bytes (5668.11 MB)
write base data version: 203500, memory: 5943439360 bytes (5668.11 MB)
write base data version: 203600, memory: 5943439360 bytes (5668.11 MB)
write base data version: 203700, memory: 5943439360 bytes (5668.11 MB)
write base data version: 203800, memory: 5943439360 bytes (5668.11 MB)
write base data version: 203900, memory: 5943439360 bytes (5668.11 MB)
write base data version: 204000, memory: 5943439360 bytes (5668.11 MB)
write base data version: 204100, memory: 5943439360 bytes (5668.11 MB)
write base data version: 204200, memory: 5943439360 bytes (5668.11 MB)
write base data version: 204300, memory: 5943439360 bytes (5668.11 MB)
write base data version: 204400, memory: 5943439360 bytes (5668.11 MB)
write base data version: 204500, memory: 5943439360 bytes (5668.11 MB)
write base data version: 204600, memory: 5943439360 bytes (5668.11 MB)
write base data version: 204700, memory: 5943439360 bytes (5668.11 MB)
write base data version: 204800, memory: 5943439360 bytes (5668.11 MB)
write base data version: 204900, memory: 5943439360 bytes (5668.11 MB)
write base data version: 205000, memory: 5943439360 bytes (5668.11 MB)
write base data version: 205100, memory: 5943439360 bytes (5668.11 MB)
write base data version: 205200, memory: 5943439360 bytes (5668.11 MB)
write base data version: 205300, memory: 5943439360 bytes (5668.11 MB)
write base data version: 205400, memory: 5943439360 bytes (5668.11 MB)
write base data version: 205500, memory: 5943439360 bytes (5668.11 MB)
write base data version: 205600, memory: 5943439360 bytes (5668.11 MB)
write base data version: 205700, memory: 5943439360 bytes (5668.11 MB)
write base data version: 205800, memory: 5943439360 bytes (5668.11 MB)
write base data version: 205900, memory: 5943439360 bytes (5668.11 MB)
write base data version: 206000, memory: 5943439360 bytes (5668.11 MB)
write base data version: 206100, memory: 5943439360 bytes (5668.11 MB)
write base data version: 206200, memory: 5943439360 bytes (5668.11 MB)
write base data version: 206300, memory: 5943439360 bytes (5668.11 MB)
write base data version: 206400, memory: 5943439360 bytes (5668.11 MB)
write base data version: 206500, memory: 5943439360 bytes (5668.11 MB)
write base data version: 206600, memory: 5943439360 bytes (5668.11 MB)
write base data version: 206700, memory: 5943439360 bytes (5668.11 MB)
write base data version: 206800, memory: 5943439360 bytes (5668.11 MB)
write base data version: 206900, memory: 5943439360 bytes (5668.11 MB)
write base data version: 207000, memory: 5943439360 bytes (5668.11 MB)
write base data version: 207100, memory: 5943439360 bytes (5668.11 MB)
write base data version: 207200, memory: 5943439360 bytes (5668.11 MB)
write base data version: 207300, memory: 5943439360 bytes (5668.11 MB)
write base data version: 207400, memory: 5943439360 bytes (5668.11 MB)
write base data version: 207500, memory: 5943439360 bytes (5668.11 MB)
write base data version: 207600, memory: 5943439360 bytes (5668.11 MB)
write base data version: 207700, memory: 5943439360 bytes (5668.11 MB)
write base data version: 207800, memory: 5943439360 bytes (5668.11 MB)
write base data version: 207900, memory: 5943439360 bytes (5668.11 MB)
write base data version: 208000, memory: 5943439360 bytes (5668.11 MB)
write base data version: 208100, memory: 5943439360 bytes (5668.11 MB)
write base data version: 208200, memory: 5943439360 bytes (5668.11 MB)
write base data version: 208300, memory: 5943439360 bytes (5668.11 MB)
write base data version: 208400, memory: 5943439360 bytes (5668.11 MB)
write base data version: 208500, memory: 5943439360 bytes (5668.11 MB)
write base data version: 208600, memory: 5943439360 bytes (5668.11 MB)
write base data version: 208700, memory: 5943439360 bytes (5668.11 MB)
write base data version: 208800, memory: 5943439360 bytes (5668.11 MB)
write base data version: 208900, memory: 5943439360 bytes (5668.11 MB)
write base data version: 209000, memory: 5943439360 bytes (5668.11 MB)
write base data version: 209100, memory: 5943439360 bytes (5668.11 MB)
write base data version: 209200, memory: 5943439360 bytes (5668.11 MB)
write base data version: 209300, memory: 5943439360 bytes (5668.11 MB)
write base data version: 209400, memory: 5943439360 bytes (5668.11 MB)
write base data version: 209500, memory: 5943439360 bytes (5668.11 MB)
write base data version: 209600, memory: 5943439360 bytes (5668.11 MB)
write base data version: 209700, memory: 5943439360 bytes (5668.11 MB)
write base data version: 209800, memory: 5943439360 bytes (5668.11 MB)
write base data version: 209900, memory: 5943439360 bytes (5668.11 MB)
write base data version: 210000, memory: 5943439360 bytes (5668.11 MB)
write base data version: 210100, memory: 5943439360 bytes (5668.11 MB)
write base data version: 210200, memory: 5943439360 bytes (5668.11 MB)
write base data version: 210300, memory: 5943439360 bytes (5668.11 MB)
write base data version: 210400, memory: 5943439360 bytes (5668.11 MB)
write base data version: 210500, memory: 5943439360 bytes (5668.11 MB)
write base data version: 210600, memory: 5943439360 bytes (5668.11 MB)
write base data version: 210700, memory: 5943439360 bytes (5668.11 MB)
write base data version: 210800, memory: 5943439360 bytes (5668.11 MB)
write base data version: 210900, memory: 5943439360 bytes (5668.11 MB)
write base data version: 211000, memory: 5943439360 bytes (5668.11 MB)
write base data version: 211100, memory: 5943439360 bytes (5668.11 MB)
write base data version: 211200, memory: 5943439360 bytes (5668.11 MB)
write base data version: 211300, memory: 5943439360 bytes (5668.11 MB)
write base data version: 211400, memory: 5943439360 bytes (5668.11 MB)
write base data version: 211500, memory: 5943439360 bytes (5668.11 MB)
write base data version: 211600, memory: 5943439360 bytes (5668.11 MB)
write base data version: 211700, memory: 5943439360 bytes (5668.11 MB)
write base data version: 211800, memory: 5943439360 bytes (5668.11 MB)
write base data version: 211900, memory: 5943439360 bytes (5668.11 MB)
write base data version: 212000, memory: 5943439360 bytes (5668.11 MB)
write base data version: 212100, memory: 5943439360 bytes (5668.11 MB)
write base data version: 212200, memory: 5943439360 bytes (5668.11 MB)
write base data version: 212300, memory: 5943439360 bytes (5668.11 MB)
write base data version: 212400, memory: 5943439360 bytes (5668.11 MB)
write base data version: 212500, memory: 5943439360 bytes (5668.11 MB)
write base data version: 212600, memory: 5943439360 bytes (5668.11 MB)
write base data version: 212700, memory: 5943439360 bytes (5668.11 MB)
write base data version: 212800, memory: 5943439360 bytes (5668.11 MB)
write base data version: 212900, memory: 5943439360 bytes (5668.11 MB)
write base data version: 213000, memory: 5943439360 bytes (5668.11 MB)
write base data version: 213100, memory: 5943439360 bytes (5668.11 MB)
write base data version: 213200, memory: 5943439360 bytes (5668.11 MB)
write base data version: 213300, memory: 5943439360 bytes (5668.11 MB)
write base data version: 213400, memory: 5943439360 bytes (5668.11 MB)
write base data version: 213500, memory: 5943439360 bytes (5668.11 MB)
write base data version: 213600, memory: 5943439360 bytes (5668.11 MB)
write base data version: 213700, memory: 5943439360 bytes (5668.11 MB)
write base data version: 213800, memory: 5943439360 bytes (5668.11 MB)
write base data version: 213900, memory: 5943439360 bytes (5668.11 MB)
write base data version: 214000, memory: 5943439360 bytes (5668.11 MB)
write base data version: 214100, memory: 5943439360 bytes (5668.11 MB)
write base data version: 214200, memory: 5943439360 bytes (5668.11 MB)
write base data version: 214300, memory: 5943439360 bytes (5668.11 MB)
write base data version: 214400, memory: 5943439360 bytes (5668.11 MB)
write base data version: 214500, memory: 5943439360 bytes (5668.11 MB)
write base data version: 214600, memory: 5943439360 bytes (5668.11 MB)
write base data version: 214700, memory: 5943439360 bytes (5668.11 MB)
write base data version: 214800, memory: 5943439360 bytes (5668.11 MB)
write base data version: 214900, memory: 5943439360 bytes (5668.11 MB)
write base data version: 215000, memory: 5943439360 bytes (5668.11 MB)
write base data version: 215100, memory: 5943439360 bytes (5668.11 MB)
write base data version: 215200, memory: 5943439360 bytes (5668.11 MB)
write base data version: 215300, memory: 5943439360 bytes (5668.11 MB)
write base data version: 215400, memory: 5943439360 bytes (5668.11 MB)
write base data version: 215500, memory: 5943439360 bytes (5668.11 MB)
write base data version: 215600, memory: 5943439360 bytes (5668.11 MB)
write base data version: 215700, memory: 5943439360 bytes (5668.11 MB)
write base data version: 215800, memory: 5943439360 bytes (5668.11 MB)
write base data version: 215900, memory: 5943439360 bytes (5668.11 MB)
write base data version: 216000, memory: 5943439360 bytes (5668.11 MB)
write base data version: 216100, memory: 5943439360 bytes (5668.11 MB)
write base data version: 216200, memory: 5943439360 bytes (5668.11 MB)
write base data version: 216300, memory: 5943439360 bytes (5668.11 MB)
write base data version: 216400, memory: 5943439360 bytes (5668.11 MB)
write base data version: 216500, memory: 5943439360 bytes (5668.11 MB)
write base data version: 216600, memory: 5950033920 bytes (5674.39 MB)
write base data version: 216700, memory: 5950943232 bytes (5675.26 MB)
write base data version: 216800, memory: 5950943232 bytes (5675.26 MB)
write base data version: 216900, memory: 5950943232 bytes (5675.26 MB)
write base data version: 217000, memory: 5950943232 bytes (5675.26 MB)
write base data version: 217100, memory: 5950943232 bytes (5675.26 MB)
write base data version: 217200, memory: 5950943232 bytes (5675.26 MB)
write base data version: 217300, memory: 5950943232 bytes (5675.26 MB)
write base data version: 217400, memory: 5950943232 bytes (5675.26 MB)
write base data version: 217500, memory: 5950943232 bytes (5675.26 MB)
write base data version: 217600, memory: 5950943232 bytes (5675.26 MB)
write base data version: 217700, memory: 5950943232 bytes (5675.26 MB)
write base data version: 217800, memory: 5950943232 bytes (5675.26 MB)
write base data version: 217900, memory: 5950943232 bytes (5675.26 MB)
write base data version: 218000, memory: 5950943232 bytes (5675.26 MB)
write base data version: 218100, memory: 5950943232 bytes (5675.26 MB)
write base data version: 218200, memory: 5950943232 bytes (5675.26 MB)
write base data version: 218300, memory: 5950943232 bytes (5675.26 MB)
write base data version: 218400, memory: 5951578112 bytes (5675.87 MB)
write base data version: 218500, memory: 5951578112 bytes (5675.87 MB)
write base data version: 218600, memory: 5951578112 bytes (5675.87 MB)
write base data version: 218700, memory: 5951578112 bytes (5675.87 MB)
write base data version: 218800, memory: 5951578112 bytes (5675.87 MB)
write base data version: 218900, memory: 5951578112 bytes (5675.87 MB)
write base data version: 219000, memory: 5951578112 bytes (5675.87 MB)
write base data version: 219100, memory: 5951578112 bytes (5675.87 MB)
write base data version: 219200, memory: 5951578112 bytes (5675.87 MB)
write base data version: 219300, memory: 5951578112 bytes (5675.87 MB)
write base data version: 219400, memory: 5951578112 bytes (5675.87 MB)
write base data version: 219500, memory: 5951578112 bytes (5675.87 MB)
write base data version: 219600, memory: 5951578112 bytes (5675.87 MB)
write base data version: 219700, memory: 5951578112 bytes (5675.87 MB)
write base data version: 219800, memory: 5951578112 bytes (5675.87 MB)
write base data version: 219900, memory: 5951578112 bytes (5675.87 MB)
write base data version: 220000, memory: 5951578112 bytes (5675.87 MB)
write base data version: 220100, memory: 5951578112 bytes (5675.87 MB)
write base data version: 220200, memory: 5951578112 bytes (5675.87 MB)
write base data version: 220300, memory: 5951578112 bytes (5675.87 MB)
write base data version: 220400, memory: 5951578112 bytes (5675.87 MB)
write base data version: 220500, memory: 5951578112 bytes (5675.87 MB)
write base data version: 220600, memory: 5951578112 bytes (5675.87 MB)
write base data version: 220700, memory: 5951578112 bytes (5675.87 MB)
write base data version: 220800, memory: 5951578112 bytes (5675.87 MB)
write base data version: 220900, memory: 5951578112 bytes (5675.87 MB)
write base data version: 221000, memory: 5951578112 bytes (5675.87 MB)
write base data version: 221100, memory: 5951578112 bytes (5675.87 MB)
write base data version: 221200, memory: 5951578112 bytes (5675.87 MB)
write base data version: 221300, memory: 5951578112 bytes (5675.87 MB)
write base data version: 221400, memory: 5951578112 bytes (5675.87 MB)
write base data version: 221500, memory: 5951578112 bytes (5675.87 MB)
write base data version: 221600, memory: 5951578112 bytes (5675.87 MB)
write base data version: 221700, memory: 5951578112 bytes (5675.87 MB)
write base data version: 221800, memory: 5951578112 bytes (5675.87 MB)
write base data version: 221900, memory: 5951578112 bytes (5675.87 MB)
write base data version: 222000, memory: 5951578112 bytes (5675.87 MB)
write base data version: 222100, memory: 5951578112 bytes (5675.87 MB)
write base data version: 222200, memory: 5951578112 bytes (5675.87 MB)
write base data version: 222300, memory: 5951578112 bytes (5675.87 MB)
write base data version: 222400, memory: 5951578112 bytes (5675.87 MB)
write base data version: 222500, memory: 5951578112 bytes (5675.87 MB)
write base data version: 222600, memory: 5951578112 bytes (5675.87 MB)
write base data version: 222700, memory: 5951578112 bytes (5675.87 MB)
write base data version: 222800, memory: 5951578112 bytes (5675.87 MB)
write base data version: 222900, memory: 5951578112 bytes (5675.87 MB)
write base data version: 223000, memory: 5951578112 bytes (5675.87 MB)
write base data version: 223100, memory: 5951578112 bytes (5675.87 MB)
write base data version: 223200, memory: 5951578112 bytes (5675.87 MB)
write base data version: 223300, memory: 5951578112 bytes (5675.87 MB)
write base data version: 223400, memory: 5951578112 bytes (5675.87 MB)
write base data version: 223500, memory: 5951578112 bytes (5675.87 MB)
write base data version: 223600, memory: 5951578112 bytes (5675.87 MB)
write base data version: 223700, memory: 5951578112 bytes (5675.87 MB)
write base data version: 223800, memory: 5951578112 bytes (5675.87 MB)
write base data version: 223900, memory: 5951578112 bytes (5675.87 MB)
write base data version: 224000, memory: 5951578112 bytes (5675.87 MB)
write base data version: 224100, memory: 5951578112 bytes (5675.87 MB)
write base data version: 224200, memory: 5951578112 bytes (5675.87 MB)
write base data version: 224300, memory: 5951578112 bytes (5675.87 MB)
write base data version: 224400, memory: 5951578112 bytes (5675.87 MB)
write base data version: 224500, memory: 5951578112 bytes (5675.87 MB)
write base data version: 224600, memory: 5951578112 bytes (5675.87 MB)
write base data version: 224700, memory: 5951578112 bytes (5675.87 MB)
write base data version: 224800, memory: 5951578112 bytes (5675.87 MB)
write base data version: 224900, memory: 5951578112 bytes (5675.87 MB)
write base data version: 225000, memory: 5951578112 bytes (5675.87 MB)
write base data version: 225100, memory: 5951578112 bytes (5675.87 MB)
write base data version: 225200, memory: 5951578112 bytes (5675.87 MB)
write base data version: 225300, memory: 5951578112 bytes (5675.87 MB)
write base data version: 225400, memory: 5951578112 bytes (5675.87 MB)
write base data version: 225500, memory: 5951578112 bytes (5675.87 MB)
write base data version: 225600, memory: 5951578112 bytes (5675.87 MB)
write base data version: 225700, memory: 5951578112 bytes (5675.87 MB)
write base data version: 225800, memory: 5951578112 bytes (5675.87 MB)
write base data version: 225900, memory: 5951578112 bytes (5675.87 MB)
write base data version: 226000, memory: 5951578112 bytes (5675.87 MB)
write base data version: 226100, memory: 5951578112 bytes (5675.87 MB)
write base data version: 226200, memory: 5951578112 bytes (5675.87 MB)
write base data version: 226300, memory: 5951578112 bytes (5675.87 MB)
write base data version: 226400, memory: 5951578112 bytes (5675.87 MB)
write base data version: 226500, memory: 5951578112 bytes (5675.87 MB)
write base data version: 226600, memory: 5951578112 bytes (5675.87 MB)
write base data version: 226700, memory: 5951578112 bytes (5675.87 MB)
write base data version: 226800, memory: 5951578112 bytes (5675.87 MB)
write base data version: 226900, memory: 5951578112 bytes (5675.87 MB)
write base data version: 227000, memory: 5951578112 bytes (5675.87 MB)
write base data version: 227100, memory: 5951578112 bytes (5675.87 MB)
write base data version: 227200, memory: 5951578112 bytes (5675.87 MB)
write base data version: 227300, memory: 5951578112 bytes (5675.87 MB)
write base data version: 227400, memory: 5951578112 bytes (5675.87 MB)
write base data version: 227500, memory: 5951578112 bytes (5675.87 MB)
write base data version: 227600, memory: 5951578112 bytes (5675.87 MB)
write base data version: 227700, memory: 5951578112 bytes (5675.87 MB)
write base data version: 227800, memory: 5951578112 bytes (5675.87 MB)
write base data version: 227900, memory: 5951578112 bytes (5675.87 MB)
write base data version: 228000, memory: 5951578112 bytes (5675.87 MB)
write base data version: 228100, memory: 5951578112 bytes (5675.87 MB)
write base data version: 228200, memory: 5951578112 bytes (5675.87 MB)
write base data version: 228300, memory: 5951578112 bytes (5675.87 MB)
write base data version: 228400, memory: 5951578112 bytes (5675.87 MB)
write base data version: 228500, memory: 5951578112 bytes (5675.87 MB)
write base data version: 228600, memory: 5951578112 bytes (5675.87 MB)
write base data version: 228700, memory: 5951578112 bytes (5675.87 MB)
write base data version: 228800, memory: 5951578112 bytes (5675.87 MB)
write base data version: 228900, memory: 5951578112 bytes (5675.87 MB)
write base data version: 229000, memory: 5951578112 bytes (5675.87 MB)
write base data version: 229100, memory: 5951578112 bytes (5675.87 MB)
write base data version: 229200, memory: 5951578112 bytes (5675.87 MB)
write base data version: 229300, memory: 5951578112 bytes (5675.87 MB)
write base data version: 229400, memory: 5951578112 bytes (5675.87 MB)
write base data version: 229500, memory: 5951578112 bytes (5675.87 MB)
write base data version: 229600, memory: 5951578112 bytes (5675.87 MB)
write base data version: 229700, memory: 5951578112 bytes (5675.87 MB)
write base data version: 229800, memory: 5951578112 bytes (5675.87 MB)
write base data version: 229900, memory: 5951578112 bytes (5675.87 MB)
write base data version: 230000, memory: 5951578112 bytes (5675.87 MB)
write base data version: 230100, memory: 5951578112 bytes (5675.87 MB)
write base data version: 230200, memory: 5951578112 bytes (5675.87 MB)
write base data version: 230300, memory: 5951578112 bytes (5675.87 MB)
write base data version: 230400, memory: 5951578112 bytes (5675.87 MB)
write base data version: 230500, memory: 5951578112 bytes (5675.87 MB)
write base data version: 230600, memory: 5951578112 bytes (5675.87 MB)
write base data version: 230700, memory: 5951578112 bytes (5675.87 MB)
write base data version: 230800, memory: 5951578112 bytes (5675.87 MB)
write base data version: 230900, memory: 5951578112 bytes (5675.87 MB)
write base data version: 231000, memory: 5951578112 bytes (5675.87 MB)
write base data version: 231100, memory: 5951578112 bytes (5675.87 MB)
write base data version: 231200, memory: 5951578112 bytes (5675.87 MB)
write base data version: 231300, memory: 5951578112 bytes (5675.87 MB)
write base data version: 231400, memory: 5951578112 bytes (5675.87 MB)
write base data version: 231500, memory: 5951578112 bytes (5675.87 MB)
write base data version: 231600, memory: 5951578112 bytes (5675.87 MB)
write base data version: 231700, memory: 5951578112 bytes (5675.87 MB)
write base data version: 231800, memory: 5951578112 bytes (5675.87 MB)
write base data version: 231900, memory: 5951578112 bytes (5675.87 MB)
write base data version: 232000, memory: 5951578112 bytes (5675.87 MB)
write base data version: 232100, memory: 5951578112 bytes (5675.87 MB)
write base data version: 232200, memory: 5951578112 bytes (5675.87 MB)
write base data version: 232300, memory: 5951578112 bytes (5675.87 MB)
write base data version: 232400, memory: 5951578112 bytes (5675.87 MB)
write base data version: 232500, memory: 5951578112 bytes (5675.87 MB)
write base data version: 232600, memory: 5951578112 bytes (5675.87 MB)
write base data version: 232700, memory: 5951578112 bytes (5675.87 MB)
write base data version: 232800, memory: 5951578112 bytes (5675.87 MB)
write base data version: 232900, memory: 5951578112 bytes (5675.87 MB)
write base data version: 233000, memory: 5951578112 bytes (5675.87 MB)
write base data version: 233100, memory: 5951578112 bytes (5675.87 MB)
write base data version: 233200, memory: 5951578112 bytes (5675.87 MB)
write base data version: 233300, memory: 5951578112 bytes (5675.87 MB)
write base data version: 233400, memory: 5951578112 bytes (5675.87 MB)
write base data version: 233500, memory: 5951578112 bytes (5675.87 MB)
write base data version: 233600, memory: 5951578112 bytes (5675.87 MB)
write base data version: 233700, memory: 5951578112 bytes (5675.87 MB)
write base data version: 233800, memory: 5951578112 bytes (5675.87 MB)
write base data version: 233900, memory: 5951578112 bytes (5675.87 MB)
write base data version: 234000, memory: 5951578112 bytes (5675.87 MB)
write base data version: 234100, memory: 5951578112 bytes (5675.87 MB)
write base data version: 234200, memory: 5951578112 bytes (5675.87 MB)
write base data version: 234300, memory: 5951578112 bytes (5675.87 MB)
write base data version: 234400, memory: 5951578112 bytes (5675.87 MB)
write base data version: 234500, memory: 5951578112 bytes (5675.87 MB)
write base data version: 234600, memory: 5951578112 bytes (5675.87 MB)
write base data version: 234700, memory: 5951578112 bytes (5675.87 MB)
write base data version: 234800, memory: 5951578112 bytes (5675.87 MB)
write base data version: 234900, memory: 5951578112 bytes (5675.87 MB)
write base data version: 235000, memory: 5951578112 bytes (5675.87 MB)
write base data version: 235100, memory: 5951578112 bytes (5675.87 MB)
write base data version: 235200, memory: 5951578112 bytes (5675.87 MB)
write base data version: 235300, memory: 5951578112 bytes (5675.87 MB)
write base data version: 235400, memory: 5951578112 bytes (5675.87 MB)
write base data version: 235500, memory: 5951578112 bytes (5675.87 MB)
write base data version: 235600, memory: 5951578112 bytes (5675.87 MB)
write base data version: 235700, memory: 5951578112 bytes (5675.87 MB)
write base data version: 235800, memory: 5951578112 bytes (5675.87 MB)
write base data version: 235900, memory: 5951578112 bytes (5675.87 MB)
write base data version: 236000, memory: 5951578112 bytes (5675.87 MB)
write base data version: 236100, memory: 5951578112 bytes (5675.87 MB)
write base data version: 236200, memory: 5951578112 bytes (5675.87 MB)
write base data version: 236300, memory: 5951578112 bytes (5675.87 MB)
write base data version: 236400, memory: 5951578112 bytes (5675.87 MB)
write base data version: 236500, memory: 5951578112 bytes (5675.87 MB)
write base data version: 236600, memory: 5951578112 bytes (5675.87 MB)
write base data version: 236700, memory: 5951578112 bytes (5675.87 MB)
write base data version: 236800, memory: 5951578112 bytes (5675.87 MB)
write base data version: 236900, memory: 5951578112 bytes (5675.87 MB)
write base data version: 237000, memory: 5951578112 bytes (5675.87 MB)
write base data version: 237100, memory: 5951578112 bytes (5675.87 MB)
write base data version: 237200, memory: 5951578112 bytes (5675.87 MB)
write base data version: 237300, memory: 5951578112 bytes (5675.87 MB)
write base data version: 237400, memory: 5951578112 bytes (5675.87 MB)
write base data version: 237500, memory: 5951578112 bytes (5675.87 MB)
write base data version: 237600, memory: 5951578112 bytes (5675.87 MB)
write base data version: 237700, memory: 5951578112 bytes (5675.87 MB)
write base data version: 237800, memory: 5951578112 bytes (5675.87 MB)
write base data version: 237900, memory: 5951578112 bytes (5675.87 MB)
write base data version: 238000, memory: 5951578112 bytes (5675.87 MB)
write base data version: 238100, memory: 5951578112 bytes (5675.87 MB)
write base data version: 238200, memory: 5951578112 bytes (5675.87 MB)
write base data version: 238300, memory: 5951578112 bytes (5675.87 MB)
write base data version: 238400, memory: 5951578112 bytes (5675.87 MB)
write base data version: 238500, memory: 5951578112 bytes (5675.87 MB)
write base data version: 238600, memory: 5951578112 bytes (5675.87 MB)
write base data version: 238700, memory: 5951578112 bytes (5675.87 MB)
write base data version: 238800, memory: 5951578112 bytes (5675.87 MB)
write base data version: 238900, memory: 5951578112 bytes (5675.87 MB)
write base data version: 239000, memory: 5951578112 bytes (5675.87 MB)
write base data version: 239100, memory: 5951578112 bytes (5675.87 MB)
write base data version: 239200, memory: 5951578112 bytes (5675.87 MB)
write base data version: 239300, memory: 5951578112 bytes (5675.87 MB)
write base data version: 239400, memory: 5951578112 bytes (5675.87 MB)
write base data version: 239500, memory: 5951578112 bytes (5675.87 MB)
write base data version: 239600, memory: 5951578112 bytes (5675.87 MB)
write base data version: 239700, memory: 5951578112 bytes (5675.87 MB)
write base data version: 239800, memory: 5951578112 bytes (5675.87 MB)
write base data version: 239900, memory: 5951578112 bytes (5675.87 MB)
write base data version: 240000, memory: 5951578112 bytes (5675.87 MB)
write base data version: 240100, memory: 5951578112 bytes (5675.87 MB)
write base data version: 240200, memory: 5951578112 bytes (5675.87 MB)
write base data version: 240300, memory: 5951578112 bytes (5675.87 MB)
write base data version: 240400, memory: 5951578112 bytes (5675.87 MB)
write base data version: 240500, memory: 5951578112 bytes (5675.87 MB)
write base data version: 240600, memory: 5951578112 bytes (5675.87 MB)
write base data version: 240700, memory: 5951578112 bytes (5675.87 MB)
write base data version: 240800, memory: 5951578112 bytes (5675.87 MB)
write base data version: 240900, memory: 5951578112 bytes (5675.87 MB)
write base data version: 241000, memory: 5951578112 bytes (5675.87 MB)
write base data version: 241100, memory: 5951578112 bytes (5675.87 MB)
write base data version: 241200, memory: 5951578112 bytes (5675.87 MB)
write base data version: 241300, memory: 5951578112 bytes (5675.87 MB)
write base data version: 241400, memory: 5951578112 bytes (5675.87 MB)
write base data version: 241500, memory: 5951578112 bytes (5675.87 MB)
write base data version: 241600, memory: 5951578112 bytes (5675.87 MB)
write base data version: 241700, memory: 5951578112 bytes (5675.87 MB)
write base data version: 241800, memory: 5951578112 bytes (5675.87 MB)
write base data version: 241900, memory: 5951578112 bytes (5675.87 MB)
write base data version: 242000, memory: 5951578112 bytes (5675.87 MB)
write base data version: 242100, memory: 5951578112 bytes (5675.87 MB)
write base data version: 242200, memory: 5951578112 bytes (5675.87 MB)
write base data version: 242300, memory: 5951578112 bytes (5675.87 MB)
write base data version: 242400, memory: 5951578112 bytes (5675.87 MB)
write base data version: 242500, memory: 5951578112 bytes (5675.87 MB)
write base data version: 242600, memory: 5951578112 bytes (5675.87 MB)
write base data version: 242700, memory: 5951578112 bytes (5675.87 MB)
write base data version: 242800, memory: 5951578112 bytes (5675.87 MB)
write base data version: 242900, memory: 5951578112 bytes (5675.87 MB)
write base data version: 243000, memory: 5951578112 bytes (5675.87 MB)
write base data version: 243100, memory: 5951578112 bytes (5675.87 MB)
write base data version: 243200, memory: 5951578112 bytes (5675.87 MB)
write base data version: 243300, memory: 5951578112 bytes (5675.87 MB)
write base data version: 243400, memory: 5951578112 bytes (5675.87 MB)
write base data version: 243500, memory: 5951578112 bytes (5675.87 MB)
write base data version: 243600, memory: 5951578112 bytes (5675.87 MB)
write base data version: 243700, memory: 5951578112 bytes (5675.87 MB)
write base data version: 243800, memory: 5951578112 bytes (5675.87 MB)
write base data version: 243900, memory: 5951578112 bytes (5675.87 MB)
write base data version: 244000, memory: 5951578112 bytes (5675.87 MB)
write base data version: 244100, memory: 5951578112 bytes (5675.87 MB)
write base data version: 244200, memory: 5951578112 bytes (5675.87 MB)
write base data version: 244300, memory: 5951578112 bytes (5675.87 MB)
write base data version: 244400, memory: 5951578112 bytes (5675.87 MB)
write base data version: 244500, memory: 5951578112 bytes (5675.87 MB)
write base data version: 244600, memory: 5951578112 bytes (5675.87 MB)
write base data version: 244700, memory: 5951578112 bytes (5675.87 MB)
write base data version: 244800, memory: 5951578112 bytes (5675.87 MB)
write base data version: 244900, memory: 5951578112 bytes (5675.87 MB)
write base data version: 245000, memory: 5951578112 bytes (5675.87 MB)
write base data version: 245100, memory: 5951578112 bytes (5675.87 MB)
write base data version: 245200, memory: 5951578112 bytes (5675.87 MB)
write base data version: 245300, memory: 5951578112 bytes (5675.87 MB)
write base data version: 245400, memory: 5951578112 bytes (5675.87 MB)
write base data version: 245500, memory: 5951578112 bytes (5675.87 MB)
write base data version: 245600, memory: 5951578112 bytes (5675.87 MB)
write base data version: 245700, memory: 5951578112 bytes (5675.87 MB)
write base data version: 245800, memory: 5951578112 bytes (5675.87 MB)
write base data version: 245900, memory: 5951578112 bytes (5675.87 MB)
write base data version: 246000, memory: 5951578112 bytes (5675.87 MB)
write base data version: 246100, memory: 5951578112 bytes (5675.87 MB)
write base data version: 246200, memory: 5951578112 bytes (5675.87 MB)
write base data version: 246300, memory: 5951578112 bytes (5675.87 MB)
write base data version: 246400, memory: 5951578112 bytes (5675.87 MB)
write base data version: 246500, memory: 5951578112 bytes (5675.87 MB)
write base data version: 246600, memory: 5951578112 bytes (5675.87 MB)
write base data version: 246700, memory: 5951578112 bytes (5675.87 MB)
write base data version: 246800, memory: 5951578112 bytes (5675.87 MB)
write base data version: 246900, memory: 5951578112 bytes (5675.87 MB)
write base data version: 247000, memory: 5951578112 bytes (5675.87 MB)
write base data version: 247100, memory: 5951578112 bytes (5675.87 MB)
write base data version: 247200, memory: 5951578112 bytes (5675.87 MB)
write base data version: 247300, memory: 5951578112 bytes (5675.87 MB)
write base data version: 247400, memory: 5951578112 bytes (5675.87 MB)
write base data version: 247500, memory: 5951578112 bytes (5675.87 MB)
write base data version: 247600, memory: 5951578112 bytes (5675.87 MB)
write base data version: 247700, memory: 5951578112 bytes (5675.87 MB)
write base data version: 247800, memory: 5951578112 bytes (5675.87 MB)
write base data version: 247900, memory: 5951578112 bytes (5675.87 MB)
write base data version: 248000, memory: 5951578112 bytes (5675.87 MB)
write base data version: 248100, memory: 5951578112 bytes (5675.87 MB)
write base data version: 248200, memory: 5951578112 bytes (5675.87 MB)
write base data version: 248300, memory: 5951578112 bytes (5675.87 MB)
write base data version: 248400, memory: 5951578112 bytes (5675.87 MB)
write base data version: 248500, memory: 5951578112 bytes (5675.87 MB)
write base data version: 248600, memory: 5951578112 bytes (5675.87 MB)
write base data version: 248700, memory: 5951578112 bytes (5675.87 MB)
write base data version: 248800, memory: 5951578112 bytes (5675.87 MB)
write base data version: 248900, memory: 5951578112 bytes (5675.87 MB)
write base data version: 249000, memory: 5951578112 bytes (5675.87 MB)
write base data version: 249100, memory: 5951578112 bytes (5675.87 MB)
write base data version: 249200, memory: 5951578112 bytes (5675.87 MB)
write base data version: 249300, memory: 5951578112 bytes (5675.87 MB)
write base data version: 249400, memory: 5951578112 bytes (5675.87 MB)
write base data version: 249500, memory: 5951578112 bytes (5675.87 MB)
write base data version: 249600, memory: 5951578112 bytes (5675.87 MB)
write base data version: 249700, memory: 5951578112 bytes (5675.87 MB)
write base data version: 249800, memory: 5951578112 bytes (5675.87 MB)
write base data version: 249900, memory: 5951578112 bytes (5675.87 MB)
write base data version: 250000, memory: 5951578112 bytes (5675.87 MB)
write base data version: 250100, memory: 5951578112 bytes (5675.87 MB)
write base data version: 250200, memory: 5951578112 bytes (5675.87 MB)
write base data version: 250300, memory: 5951578112 bytes (5675.87 MB)
write base data version: 250400, memory: 5951578112 bytes (5675.87 MB)
write base data version: 250500, memory: 5951578112 bytes (5675.87 MB)
write base data version: 250600, memory: 5951578112 bytes (5675.87 MB)
write base data version: 250700, memory: 5951578112 bytes (5675.87 MB)
write base data version: 250800, memory: 5951578112 bytes (5675.87 MB)
write base data version: 250900, memory: 5951578112 bytes (5675.87 MB)
write base data version: 251000, memory: 5951578112 bytes (5675.87 MB)
write base data version: 251100, memory: 5951578112 bytes (5675.87 MB)
write base data version: 251200, memory: 5951578112 bytes (5675.87 MB)
write base data version: 251300, memory: 5951578112 bytes (5675.87 MB)
write base data version: 251400, memory: 5951578112 bytes (5675.87 MB)
write base data version: 251500, memory: 5951578112 bytes (5675.87 MB)
write base data version: 251600, memory: 5951578112 bytes (5675.87 MB)
write base data version: 251700, memory: 5951578112 bytes (5675.87 MB)
write base data version: 251800, memory: 5951578112 bytes (5675.87 MB)
write base data version: 251900, memory: 5951578112 bytes (5675.87 MB)
write base data version: 252000, memory: 5951578112 bytes (5675.87 MB)
write base data version: 252100, memory: 5951578112 bytes (5675.87 MB)
write base data version: 252200, memory: 5951578112 bytes (5675.87 MB)
write base data version: 252300, memory: 5951578112 bytes (5675.87 MB)
write base data version: 252400, memory: 5951578112 bytes (5675.87 MB)
write base data version: 252500, memory: 5951578112 bytes (5675.87 MB)
write base data version: 252600, memory: 5951578112 bytes (5675.87 MB)
write base data version: 252700, memory: 5951578112 bytes (5675.87 MB)
write base data version: 252800, memory: 5951578112 bytes (5675.87 MB)
write base data version: 252900, memory: 5951578112 bytes (5675.87 MB)
write base data version: 253000, memory: 5951578112 bytes (5675.87 MB)
write base data version: 253100, memory: 5951578112 bytes (5675.87 MB)
write base data version: 253200, memory: 5951578112 bytes (5675.87 MB)
write base data version: 253300, memory: 5951578112 bytes (5675.87 MB)
write base data version: 253400, memory: 5951578112 bytes (5675.87 MB)
write base data version: 253500, memory: 5951578112 bytes (5675.87 MB)
write base data version: 253600, memory: 5951578112 bytes (5675.87 MB)
write base data version: 253700, memory: 5951578112 bytes (5675.87 MB)
write base data version: 253800, memory: 5951578112 bytes (5675.87 MB)
write base data version: 253900, memory: 5951578112 bytes (5675.87 MB)
write base data version: 254000, memory: 5951578112 bytes (5675.87 MB)
write base data version: 254100, memory: 5951578112 bytes (5675.87 MB)
write base data version: 254200, memory: 5951578112 bytes (5675.87 MB)
write base data version: 254300, memory: 5951578112 bytes (5675.87 MB)
write base data version: 254400, memory: 5951578112 bytes (5675.87 MB)
write base data version: 254500, memory: 5951578112 bytes (5675.87 MB)
write base data version: 254600, memory: 5951578112 bytes (5675.87 MB)
write base data version: 254700, memory: 5951578112 bytes (5675.87 MB)
write base data version: 254800, memory: 5951578112 bytes (5675.87 MB)
write base data version: 254900, memory: 5951578112 bytes (5675.87 MB)
write base data version: 255000, memory: 5951578112 bytes (5675.87 MB)
write base data version: 255100, memory: 5951578112 bytes (5675.87 MB)
write base data version: 255200, memory: 5951578112 bytes (5675.87 MB)
write base data version: 255300, memory: 5951578112 bytes (5675.87 MB)
write base data version: 255400, memory: 5951578112 bytes (5675.87 MB)
write base data version: 255500, memory: 5951578112 bytes (5675.87 MB)
write base data version: 255600, memory: 5951578112 bytes (5675.87 MB)
write base data version: 255700, memory: 5951578112 bytes (5675.87 MB)
write base data version: 255800, memory: 5951578112 bytes (5675.87 MB)
write base data version: 255900, memory: 5951578112 bytes (5675.87 MB)
write base data version: 256000, memory: 5951578112 bytes (5675.87 MB)
write base data version: 256100, memory: 5951578112 bytes (5675.87 MB)
write base data version: 256200, memory: 5951578112 bytes (5675.87 MB)
write base data version: 256300, memory: 5951578112 bytes (5675.87 MB)
write base data version: 256400, memory: 5951578112 bytes (5675.87 MB)
write base data version: 256500, memory: 5951578112 bytes (5675.87 MB)
write base data version: 256600, memory: 5951578112 bytes (5675.87 MB)
write base data version: 256700, memory: 5951578112 bytes (5675.87 MB)
write base data version: 256800, memory: 5951578112 bytes (5675.87 MB)
write base data version: 256900, memory: 5951578112 bytes (5675.87 MB)
write base data version: 257000, memory: 5951578112 bytes (5675.87 MB)
write base data version: 257100, memory: 5951578112 bytes (5675.87 MB)
write base data version: 257200, memory: 5951578112 bytes (5675.87 MB)
write base data version: 257300, memory: 5951578112 bytes (5675.87 MB)
write base data version: 257400, memory: 5951578112 bytes (5675.87 MB)
write base data version: 257500, memory: 5951578112 bytes (5675.87 MB)
write base data version: 257600, memory: 5951578112 bytes (5675.87 MB)
write base data version: 257700, memory: 5951578112 bytes (5675.87 MB)
write base data version: 257800, memory: 5951578112 bytes (5675.87 MB)
write base data version: 257900, memory: 5951578112 bytes (5675.87 MB)
write base data version: 258000, memory: 5951578112 bytes (5675.87 MB)
write base data version: 258100, memory: 5951578112 bytes (5675.87 MB)
write base data version: 258200, memory: 5951578112 bytes (5675.87 MB)
write base data version: 258300, memory: 5951578112 bytes (5675.87 MB)
write base data version: 258400, memory: 5951578112 bytes (5675.87 MB)
write base data version: 258500, memory: 5951578112 bytes (5675.87 MB)
write base data version: 258600, memory: 5951578112 bytes (5675.87 MB)
write base data version: 258700, memory: 5951578112 bytes (5675.87 MB)
write base data version: 258800, memory: 5951578112 bytes (5675.87 MB)
write base data version: 258900, memory: 5951578112 bytes (5675.87 MB)
write base data version: 259000, memory: 5951578112 bytes (5675.87 MB)
write base data version: 259100, memory: 5951578112 bytes (5675.87 MB)
write base data version: 259200, memory: 5951578112 bytes (5675.87 MB)
write base data version: 259300, memory: 5951578112 bytes (5675.87 MB)
write base data version: 259400, memory: 5951578112 bytes (5675.87 MB)
write base data version: 259500, memory: 5951578112 bytes (5675.87 MB)
write base data version: 259600, memory: 5951578112 bytes (5675.87 MB)
write base data version: 259700, memory: 5951578112 bytes (5675.87 MB)
write base data version: 259800, memory: 5951578112 bytes (5675.87 MB)
write base data version: 259900, memory: 5951578112 bytes (5675.87 MB)
write base data version: 260000, memory: 5951578112 bytes (5675.87 MB)
write base data version: 260100, memory: 5951578112 bytes (5675.87 MB)
write base data version: 260200, memory: 5951578112 bytes (5675.87 MB)
write base data version: 260300, memory: 5951578112 bytes (5675.87 MB)
write base data version: 260400, memory: 5951578112 bytes (5675.87 MB)
write base data version: 260500, memory: 5951578112 bytes (5675.87 MB)
write base data version: 260600, memory: 5951578112 bytes (5675.87 MB)
write base data version: 260700, memory: 5951578112 bytes (5675.87 MB)
write base data version: 260800, memory: 5951578112 bytes (5675.87 MB)
write base data version: 260900, memory: 5951578112 bytes (5675.87 MB)
write base data version: 261000, memory: 5951578112 bytes (5675.87 MB)
write base data version: 261100, memory: 5951578112 bytes (5675.87 MB)
write base data version: 261200, memory: 5951578112 bytes (5675.87 MB)
write base data version: 261300, memory: 5951578112 bytes (5675.87 MB)
write base data version: 261400, memory: 5951578112 bytes (5675.87 MB)
write base data version: 261500, memory: 5951578112 bytes (5675.87 MB)
write base data version: 261600, memory: 5951578112 bytes (5675.87 MB)
write base data version: 261700, memory: 5951578112 bytes (5675.87 MB)
write base data version: 261800, memory: 5951578112 bytes (5675.87 MB)
write base data version: 261900, memory: 5951578112 bytes (5675.87 MB)
write base data version: 262000, memory: 5951578112 bytes (5675.87 MB)
write base data version: 262100, memory: 5951578112 bytes (5675.87 MB)
write base data version: 262200, memory: 5951578112 bytes (5675.87 MB)
write base data version: 262300, memory: 5951578112 bytes (5675.87 MB)
write base data version: 262400, memory: 5951578112 bytes (5675.87 MB)
write base data version: 262500, memory: 5951578112 bytes (5675.87 MB)
write base data version: 262600, memory: 5951578112 bytes (5675.87 MB)
write base data version: 262700, memory: 5951578112 bytes (5675.87 MB)
write base data version: 262800, memory: 5951578112 bytes (5675.87 MB)
write base data version: 262900, memory: 5951578112 bytes (5675.87 MB)
write base data version: 263000, memory: 5951578112 bytes (5675.87 MB)
write base data version: 263100, memory: 5951578112 bytes (5675.87 MB)
write base data version: 263200, memory: 5951578112 bytes (5675.87 MB)
write base data version: 263300, memory: 5951578112 bytes (5675.87 MB)
write base data version: 263400, memory: 5951578112 bytes (5675.87 MB)
write base data version: 263500, memory: 5951578112 bytes (5675.87 MB)
write base data version: 263600, memory: 5951578112 bytes (5675.87 MB)
write base data version: 263700, memory: 5951578112 bytes (5675.87 MB)
write base data version: 263800, memory: 5951578112 bytes (5675.87 MB)
write base data version: 263900, memory: 5951578112 bytes (5675.87 MB)
write base data version: 264000, memory: 5951578112 bytes (5675.87 MB)
write base data version: 264100, memory: 5951578112 bytes (5675.87 MB)
write base data version: 264200, memory: 5951578112 bytes (5675.87 MB)
write base data version: 264300, memory: 5951578112 bytes (5675.87 MB)
write base data version: 264400, memory: 5951578112 bytes (5675.87 MB)
write base data version: 264500, memory: 5951578112 bytes (5675.87 MB)
write base data version: 264600, memory: 5951578112 bytes (5675.87 MB)
write base data version: 264700, memory: 5951578112 bytes (5675.87 MB)
write base data version: 264800, memory: 5951578112 bytes (5675.87 MB)
write base data version: 264900, memory: 5951578112 bytes (5675.87 MB)
write base data version: 265000, memory: 5951578112 bytes (5675.87 MB)
write base data version: 265100, memory: 5951578112 bytes (5675.87 MB)
write base data version: 265200, memory: 5951578112 bytes (5675.87 MB)
write base data version: 265300, memory: 5951578112 bytes (5675.87 MB)
write base data version: 265400, memory: 5951578112 bytes (5675.87 MB)
write base data version: 265500, memory: 5951578112 bytes (5675.87 MB)
write base data version: 265600, memory: 5951578112 bytes (5675.87 MB)
write base data version: 265700, memory: 5951578112 bytes (5675.87 MB)
write base data version: 265800, memory: 5951578112 bytes (5675.87 MB)
write base data version: 265900, memory: 5951578112 bytes (5675.87 MB)
write base data version: 266000, memory: 5951578112 bytes (5675.87 MB)
write base data version: 266100, memory: 5951578112 bytes (5675.87 MB)
write base data version: 266200, memory: 5951578112 bytes (5675.87 MB)
write base data version: 266300, memory: 5951578112 bytes (5675.87 MB)
write base data version: 266400, memory: 5951578112 bytes (5675.87 MB)
write base data version: 266500, memory: 5951578112 bytes (5675.87 MB)
write base data version: 266600, memory: 5951578112 bytes (5675.87 MB)
write base data version: 266700, memory: 5951578112 bytes (5675.87 MB)
write base data version: 266800, memory: 5951578112 bytes (5675.87 MB)
write base data version: 266900, memory: 5951578112 bytes (5675.87 MB)
write base data version: 267000, memory: 5951578112 bytes (5675.87 MB)
write base data version: 267100, memory: 5951578112 bytes (5675.87 MB)
write base data version: 267200, memory: 5951578112 bytes (5675.87 MB)
write base data version: 267300, memory: 5951578112 bytes (5675.87 MB)
write base data version: 267400, memory: 5951578112 bytes (5675.87 MB)
write base data version: 267500, memory: 5951578112 bytes (5675.87 MB)
write base data version: 267600, memory: 5951578112 bytes (5675.87 MB)
write base data version: 267700, memory: 5951578112 bytes (5675.87 MB)
write base data version: 267800, memory: 5951578112 bytes (5675.87 MB)
write base data version: 267900, memory: 5951578112 bytes (5675.87 MB)
write base data version: 268000, memory: 5951578112 bytes (5675.87 MB)
write base data version: 268100, memory: 5951578112 bytes (5675.87 MB)
write base data version: 268200, memory: 5951578112 bytes (5675.87 MB)
write base data version: 268300, memory: 5951578112 bytes (5675.87 MB)
write base data version: 268400, memory: 5951578112 bytes (5675.87 MB)
write base data version: 268500, memory: 5951578112 bytes (5675.87 MB)
write base data version: 268600, memory: 5951578112 bytes (5675.87 MB)
write base data version: 268700, memory: 5951578112 bytes (5675.87 MB)
write base data version: 268800, memory: 5951578112 bytes (5675.87 MB)
write base data version: 268900, memory: 5951578112 bytes (5675.87 MB)
write base data version: 269000, memory: 5951578112 bytes (5675.87 MB)
write base data version: 269100, memory: 5951578112 bytes (5675.87 MB)
write base data version: 269200, memory: 5951578112 bytes (5675.87 MB)
write base data version: 269300, memory: 5951578112 bytes (5675.87 MB)
write base data version: 269400, memory: 5951578112 bytes (5675.87 MB)
write base data version: 269500, memory: 5951578112 bytes (5675.87 MB)
write base data version: 269600, memory: 5951578112 bytes (5675.87 MB)
write base data version: 269700, memory: 5951578112 bytes (5675.87 MB)
write base data version: 269800, memory: 5951578112 bytes (5675.87 MB)
write base data version: 269900, memory: 5951578112 bytes (5675.87 MB)
write base data version: 270000, memory: 5951578112 bytes (5675.87 MB)
write base data version: 270100, memory: 5951578112 bytes (5675.87 MB)
write base data version: 270200, memory: 5951578112 bytes (5675.87 MB)
write base data version: 270300, memory: 5951578112 bytes (5675.87 MB)
write base data version: 270400, memory: 5951578112 bytes (5675.87 MB)
write base data version: 270500, memory: 5951578112 bytes (5675.87 MB)
write base data version: 270600, memory: 5951578112 bytes (5675.87 MB)
write base data version: 270700, memory: 5951578112 bytes (5675.87 MB)
write base data version: 270800, memory: 5951578112 bytes (5675.87 MB)
write base data version: 270900, memory: 5951578112 bytes (5675.87 MB)
write base data version: 271000, memory: 5951578112 bytes (5675.87 MB)
write base data version: 271100, memory: 5951578112 bytes (5675.87 MB)
write base data version: 271200, memory: 5951578112 bytes (5675.87 MB)
write base data version: 271300, memory: 5951578112 bytes (5675.87 MB)
write base data version: 271400, memory: 5951578112 bytes (5675.87 MB)
write base data version: 271500, memory: 5951578112 bytes (5675.87 MB)
write base data version: 271600, memory: 5951578112 bytes (5675.87 MB)
write base data version: 271700, memory: 5951578112 bytes (5675.87 MB)
write base data version: 271800, memory: 5951578112 bytes (5675.87 MB)
write base data version: 271900, memory: 5951578112 bytes (5675.87 MB)
write base data version: 272000, memory: 5951578112 bytes (5675.87 MB)
write base data version: 272100, memory: 5951578112 bytes (5675.87 MB)
write base data version: 272200, memory: 5951578112 bytes (5675.87 MB)
write base data version: 272300, memory: 5951578112 bytes (5675.87 MB)
write base data version: 272400, memory: 5951578112 bytes (5675.87 MB)
write base data version: 272500, memory: 5951578112 bytes (5675.87 MB)
write base data version: 272600, memory: 5951578112 bytes (5675.87 MB)
write base data version: 272700, memory: 5951578112 bytes (5675.87 MB)
write base data version: 272800, memory: 5951578112 bytes (5675.87 MB)
write base data version: 272900, memory: 5951578112 bytes (5675.87 MB)
write base data version: 273000, memory: 5951578112 bytes (5675.87 MB)
write base data version: 273100, memory: 5951578112 bytes (5675.87 MB)
write base data version: 273200, memory: 5951578112 bytes (5675.87 MB)
write base data version: 273300, memory: 5951578112 bytes (5675.87 MB)
write base data version: 273400, memory: 5951578112 bytes (5675.87 MB)
write base data version: 273500, memory: 5951578112 bytes (5675.87 MB)
write base data version: 273600, memory: 5951578112 bytes (5675.87 MB)
write base data version: 273700, memory: 5951578112 bytes (5675.87 MB)
write base data version: 273800, memory: 5951578112 bytes (5675.87 MB)
write base data version: 273900, memory: 5951578112 bytes (5675.87 MB)
write base data version: 274000, memory: 5951578112 bytes (5675.87 MB)
write base data version: 274100, memory: 5951578112 bytes (5675.87 MB)
write base data version: 274200, memory: 5951578112 bytes (5675.87 MB)
write base data version: 274300, memory: 5951578112 bytes (5675.87 MB)
write base data version: 274400, memory: 5951578112 bytes (5675.87 MB)
write base data version: 274500, memory: 5951578112 bytes (5675.87 MB)
write base data version: 274600, memory: 5951578112 bytes (5675.87 MB)
write base data version: 274700, memory: 5951578112 bytes (5675.87 MB)
write base data version: 274800, memory: 5951578112 bytes (5675.87 MB)
write base data version: 274900, memory: 5951578112 bytes (5675.87 MB)
write base data version: 275000, memory: 5951578112 bytes (5675.87 MB)
write base data version: 275100, memory: 5951578112 bytes (5675.87 MB)
write base data version: 275200, memory: 5951578112 bytes (5675.87 MB)
write base data version: 275300, memory: 5951578112 bytes (5675.87 MB)
write base data version: 275400, memory: 5951578112 bytes (5675.87 MB)
write base data version: 275500, memory: 5951578112 bytes (5675.87 MB)
write base data version: 275600, memory: 5951578112 bytes (5675.87 MB)
write base data version: 275700, memory: 5951578112 bytes (5675.87 MB)
write base data version: 275800, memory: 5951578112 bytes (5675.87 MB)
write base data version: 275900, memory: 5951578112 bytes (5675.87 MB)
write base data version: 276000, memory: 5951578112 bytes (5675.87 MB)
write base data version: 276100, memory: 5951578112 bytes (5675.87 MB)
write base data version: 276200, memory: 5951578112 bytes (5675.87 MB)
write base data version: 276300, memory: 5951578112 bytes (5675.87 MB)
write base data version: 276400, memory: 5951578112 bytes (5675.87 MB)
write base data version: 276500, memory: 5951578112 bytes (5675.87 MB)
write base data version: 276600, memory: 5951578112 bytes (5675.87 MB)
write base data version: 276700, memory: 5951578112 bytes (5675.87 MB)
write base data version: 276800, memory: 5951578112 bytes (5675.87 MB)
write base data version: 276900, memory: 5951578112 bytes (5675.87 MB)
write base data version: 277000, memory: 5951578112 bytes (5675.87 MB)
write base data version: 277100, memory: 5951578112 bytes (5675.87 MB)
write base data version: 277200, memory: 5951578112 bytes (5675.87 MB)
write base data version: 277300, memory: 5951578112 bytes (5675.87 MB)
write base data version: 277400, memory: 5951578112 bytes (5675.87 MB)
write base data version: 277500, memory: 5951578112 bytes (5675.87 MB)
write base data version: 277600, memory: 5951578112 bytes (5675.87 MB)
write base data version: 277700, memory: 5951578112 bytes (5675.87 MB)
write base data version: 277800, memory: 5951578112 bytes (5675.87 MB)
write base data version: 277900, memory: 5951578112 bytes (5675.87 MB)
write base data version: 278000, memory: 5951578112 bytes (5675.87 MB)
write base data version: 278100, memory: 5951578112 bytes (5675.87 MB)
write base data version: 278200, memory: 5951578112 bytes (5675.87 MB)
write base data version: 278300, memory: 5951578112 bytes (5675.87 MB)
write base data version: 278400, memory: 5951578112 bytes (5675.87 MB)
write base data version: 278500, memory: 5951578112 bytes (5675.87 MB)
write base data version: 278600, memory: 5951578112 bytes (5675.87 MB)
write base data version: 278700, memory: 5951578112 bytes (5675.87 MB)
write base data version: 278800, memory: 5951578112 bytes (5675.87 MB)
write base data version: 278900, memory: 5951578112 bytes (5675.87 MB)
write base data version: 279000, memory: 5951578112 bytes (5675.87 MB)
write base data version: 279100, memory: 5951578112 bytes (5675.87 MB)
write base data version: 279200, memory: 5951578112 bytes (5675.87 MB)
write base data version: 279300, memory: 5951578112 bytes (5675.87 MB)
write base data version: 279400, memory: 5951578112 bytes (5675.87 MB)
write base data version: 279500, memory: 5951578112 bytes (5675.87 MB)
write base data version: 279600, memory: 5951578112 bytes (5675.87 MB)
write base data version: 279700, memory: 5951578112 bytes (5675.87 MB)
write base data version: 279800, memory: 5951578112 bytes (5675.87 MB)
write base data version: 279900, memory: 5951578112 bytes (5675.87 MB)
write base data version: 280000, memory: 5951578112 bytes (5675.87 MB)
write base data version: 280100, memory: 5951578112 bytes (5675.87 MB)
write base data version: 280200, memory: 5951578112 bytes (5675.87 MB)
write base data version: 280300, memory: 5951578112 bytes (5675.87 MB)
write base data version: 280400, memory: 5951578112 bytes (5675.87 MB)
write base data version: 280500, memory: 5951578112 bytes (5675.87 MB)
write base data version: 280600, memory: 5951578112 bytes (5675.87 MB)
write base data version: 280700, memory: 5951578112 bytes (5675.87 MB)
write base data version: 280800, memory: 5951578112 bytes (5675.87 MB)
write base data version: 280900, memory: 5951578112 bytes (5675.87 MB)
write base data version: 281000, memory: 5951578112 bytes (5675.87 MB)
write base data version: 281100, memory: 5951578112 bytes (5675.87 MB)
write base data version: 281200, memory: 5951578112 bytes (5675.87 MB)
write base data version: 281300, memory: 5951578112 bytes (5675.87 MB)
write base data version: 281400, memory: 5951578112 bytes (5675.87 MB)
write base data version: 281500, memory: 5951578112 bytes (5675.87 MB)
write base data version: 281600, memory: 5951578112 bytes (5675.87 MB)
write base data version: 281700, memory: 5951578112 bytes (5675.87 MB)
write base data version: 281800, memory: 5951578112 bytes (5675.87 MB)
write base data version: 281900, memory: 5951578112 bytes (5675.87 MB)
write base data version: 282000, memory: 5951578112 bytes (5675.87 MB)
write base data version: 282100, memory: 5951578112 bytes (5675.87 MB)
write base data version: 282200, memory: 5951578112 bytes (5675.87 MB)
write base data version: 282300, memory: 5951578112 bytes (5675.87 MB)
write base data version: 282400, memory: 5951578112 bytes (5675.87 MB)
write base data version: 282500, memory: 5951578112 bytes (5675.87 MB)
write base data version: 282600, memory: 5951578112 bytes (5675.87 MB)
write base data version: 282700, memory: 5951578112 bytes (5675.87 MB)
write base data version: 282800, memory: 5951578112 bytes (5675.87 MB)
write base data version: 282900, memory: 5951578112 bytes (5675.87 MB)
write base data version: 283000, memory: 5951578112 bytes (5675.87 MB)
write base data version: 283100, memory: 5951578112 bytes (5675.87 MB)
write base data version: 283200, memory: 5951578112 bytes (5675.87 MB)
write base data version: 283300, memory: 5951578112 bytes (5675.87 MB)
write base data version: 283400, memory: 5951578112 bytes (5675.87 MB)
write base data version: 283500, memory: 5951578112 bytes (5675.87 MB)
write base data version: 283600, memory: 5951578112 bytes (5675.87 MB)
write base data version: 283700, memory: 5951578112 bytes (5675.87 MB)
write base data version: 283800, memory: 5951578112 bytes (5675.87 MB)
write base data version: 283900, memory: 5951578112 bytes (5675.87 MB)
write base data version: 284000, memory: 5951578112 bytes (5675.87 MB)
write base data version: 284100, memory: 5951578112 bytes (5675.87 MB)
write base data version: 284200, memory: 5951578112 bytes (5675.87 MB)
write base data version: 284300, memory: 5951578112 bytes (5675.87 MB)
write base data version: 284400, memory: 5951578112 bytes (5675.87 MB)
write base data version: 284500, memory: 5951578112 bytes (5675.87 MB)
write base data version: 284600, memory: 5951578112 bytes (5675.87 MB)
write base data version: 284700, memory: 5951578112 bytes (5675.87 MB)
write base data version: 284800, memory: 5951578112 bytes (5675.87 MB)
write base data version: 284900, memory: 5951578112 bytes (5675.87 MB)
write base data version: 285000, memory: 5951578112 bytes (5675.87 MB)
write base data version: 285100, memory: 5951578112 bytes (5675.87 MB)
write base data version: 285200, memory: 5951578112 bytes (5675.87 MB)
write base data version: 285300, memory: 5951578112 bytes (5675.87 MB)
write base data version: 285400, memory: 5951578112 bytes (5675.87 MB)
write base data version: 285500, memory: 5951578112 bytes (5675.87 MB)
write base data version: 285600, memory: 5951578112 bytes (5675.87 MB)
write base data version: 285700, memory: 5951578112 bytes (5675.87 MB)
write base data version: 285800, memory: 5951578112 bytes (5675.87 MB)
write base data version: 285900, memory: 5951578112 bytes (5675.87 MB)
write base data version: 286000, memory: 5951578112 bytes (5675.87 MB)
write base data version: 286100, memory: 5951578112 bytes (5675.87 MB)
write base data version: 286200, memory: 5951578112 bytes (5675.87 MB)
write base data version: 286300, memory: 5951578112 bytes (5675.87 MB)
write base data version: 286400, memory: 5951578112 bytes (5675.87 MB)
write base data version: 286500, memory: 5951578112 bytes (5675.87 MB)
write base data version: 286600, memory: 5951578112 bytes (5675.87 MB)
write base data version: 286700, memory: 5951578112 bytes (5675.87 MB)
write base data version: 286800, memory: 5951578112 bytes (5675.87 MB)
write base data version: 286900, memory: 5951578112 bytes (5675.87 MB)
write base data version: 287000, memory: 5951578112 bytes (5675.87 MB)
write base data version: 287100, memory: 5951578112 bytes (5675.87 MB)
write base data version: 287200, memory: 5951578112 bytes (5675.87 MB)
write base data version: 287300, memory: 5951578112 bytes (5675.87 MB)
write base data version: 287400, memory: 5951578112 bytes (5675.87 MB)
write base data version: 287500, memory: 5951578112 bytes (5675.87 MB)
write base data version: 287600, memory: 5951578112 bytes (5675.87 MB)
write base data version: 287700, memory: 5951578112 bytes (5675.87 MB)
write base data version: 287800, memory: 5951578112 bytes (5675.87 MB)
write base data version: 287900, memory: 5951578112 bytes (5675.87 MB)
write base data version: 288000, memory: 5951578112 bytes (5675.87 MB)
write base data version: 288100, memory: 5951578112 bytes (5675.87 MB)
write base data version: 288200, memory: 5951578112 bytes (5675.87 MB)
write base data version: 288300, memory: 5951578112 bytes (5675.87 MB)
write base data version: 288400, memory: 5951578112 bytes (5675.87 MB)
write base data version: 288500, memory: 5951578112 bytes (5675.87 MB)
write base data version: 288600, memory: 5951578112 bytes (5675.87 MB)
write base data version: 288700, memory: 5951578112 bytes (5675.87 MB)
write base data version: 288800, memory: 5951578112 bytes (5675.87 MB)
write base data version: 288900, memory: 5951578112 bytes (5675.87 MB)
write base data version: 289000, memory: 5951578112 bytes (5675.87 MB)
write base data version: 289100, memory: 5951578112 bytes (5675.87 MB)
write base data version: 289200, memory: 5951578112 bytes (5675.87 MB)
write base data version: 289300, memory: 5951578112 bytes (5675.87 MB)
write base data version: 289400, memory: 5951578112 bytes (5675.87 MB)
write base data version: 289500, memory: 5951578112 bytes (5675.87 MB)
write base data version: 289600, memory: 5951578112 bytes (5675.87 MB)
write base data version: 289700, memory: 5951578112 bytes (5675.87 MB)
write base data version: 289800, memory: 5951578112 bytes (5675.87 MB)
write base data version: 289900, memory: 5951578112 bytes (5675.87 MB)
write base data version: 290000, memory: 5951578112 bytes (5675.87 MB)
write base data version: 290100, memory: 5951578112 bytes (5675.87 MB)
write base data version: 290200, memory: 5951578112 bytes (5675.87 MB)
write base data version: 290300, memory: 5951578112 bytes (5675.87 MB)
write base data version: 290400, memory: 5951578112 bytes (5675.87 MB)
write base data version: 290500, memory: 5951578112 bytes (5675.87 MB)
write base data version: 290600, memory: 5951578112 bytes (5675.87 MB)
write base data version: 290700, memory: 5951578112 bytes (5675.87 MB)
write base data version: 290800, memory: 5951578112 bytes (5675.87 MB)
write base data version: 290900, memory: 5951578112 bytes (5675.87 MB)
write base data version: 291000, memory: 5951578112 bytes (5675.87 MB)
write base data version: 291100, memory: 5951578112 bytes (5675.87 MB)
write base data version: 291200, memory: 5951578112 bytes (5675.87 MB)
write base data version: 291300, memory: 5951578112 bytes (5675.87 MB)
write base data version: 291400, memory: 5951578112 bytes (5675.87 MB)
write base data version: 291500, memory: 5951578112 bytes (5675.87 MB)
write base data version: 291600, memory: 5951578112 bytes (5675.87 MB)
write base data version: 291700, memory: 5951578112 bytes (5675.87 MB)
write base data version: 291800, memory: 5951578112 bytes (5675.87 MB)
write base data version: 291900, memory: 5951578112 bytes (5675.87 MB)
write base data version: 292000, memory: 5951578112 bytes (5675.87 MB)
write base data version: 292100, memory: 5951578112 bytes (5675.87 MB)
write base data version: 292200, memory: 5951578112 bytes (5675.87 MB)
write base data version: 292300, memory: 5951578112 bytes (5675.87 MB)
write base data version: 292400, memory: 5951578112 bytes (5675.87 MB)
write base data version: 292500, memory: 5951578112 bytes (5675.87 MB)
write base data version: 292600, memory: 5951578112 bytes (5675.87 MB)
write base data version: 292700, memory: 5951578112 bytes (5675.87 MB)
write base data version: 292800, memory: 5951578112 bytes (5675.87 MB)
write base data version: 292900, memory: 5951578112 bytes (5675.87 MB)
write base data version: 293000, memory: 5951578112 bytes (5675.87 MB)
write base data version: 293100, memory: 5951578112 bytes (5675.87 MB)
write base data version: 293200, memory: 5951578112 bytes (5675.87 MB)
write base data version: 293300, memory: 5951578112 bytes (5675.87 MB)
write base data version: 293400, memory: 5951578112 bytes (5675.87 MB)
write base data version: 293500, memory: 5951578112 bytes (5675.87 MB)
write base data version: 293600, memory: 5951578112 bytes (5675.87 MB)
write base data version: 293700, memory: 5951578112 bytes (5675.87 MB)
write base data version: 293800, memory: 5951578112 bytes (5675.87 MB)
write base data version: 293900, memory: 5951578112 bytes (5675.87 MB)
write base data version: 294000, memory: 5951578112 bytes (5675.87 MB)
write base data version: 294100, memory: 5951578112 bytes (5675.87 MB)
write base data version: 294200, memory: 5951578112 bytes (5675.87 MB)
write base data version: 294300, memory: 5951578112 bytes (5675.87 MB)
write base data version: 294400, memory: 5951578112 bytes (5675.87 MB)
write base data version: 294500, memory: 5951578112 bytes (5675.87 MB)
write base data version: 294600, memory: 5951578112 bytes (5675.87 MB)
write base data version: 294700, memory: 5951578112 bytes (5675.87 MB)
write base data version: 294800, memory: 5951578112 bytes (5675.87 MB)
write base data version: 294900, memory: 5951578112 bytes (5675.87 MB)
write base data version: 295000, memory: 5951578112 bytes (5675.87 MB)
write base data version: 295100, memory: 5951578112 bytes (5675.87 MB)
write base data version: 295200, memory: 5951578112 bytes (5675.87 MB)
write base data version: 295300, memory: 5951578112 bytes (5675.87 MB)
write base data version: 295400, memory: 5951578112 bytes (5675.87 MB)
write base data version: 295500, memory: 5951578112 bytes (5675.87 MB)
write base data version: 295600, memory: 5951578112 bytes (5675.87 MB)
write base data version: 295700, memory: 5951578112 bytes (5675.87 MB)
write base data version: 295800, memory: 5951578112 bytes (5675.87 MB)
write base data version: 295900, memory: 5951578112 bytes (5675.87 MB)
write base data version: 296000, memory: 5951578112 bytes (5675.87 MB)
write base data version: 296100, memory: 5951578112 bytes (5675.87 MB)
write base data version: 296200, memory: 5951578112 bytes (5675.87 MB)
write base data version: 296300, memory: 5951578112 bytes (5675.87 MB)
write base data version: 296400, memory: 5951578112 bytes (5675.87 MB)
write base data version: 296500, memory: 5951578112 bytes (5675.87 MB)
write base data version: 296600, memory: 5951578112 bytes (5675.87 MB)
write base data version: 296700, memory: 5951578112 bytes (5675.87 MB)
write base data version: 296800, memory: 5951578112 bytes (5675.87 MB)
write base data version: 296900, memory: 5951578112 bytes (5675.87 MB)
write base data version: 297000, memory: 5951578112 bytes (5675.87 MB)
write base data version: 297100, memory: 5951578112 bytes (5675.87 MB)
write base data version: 297200, memory: 5951578112 bytes (5675.87 MB)
write base data version: 297300, memory: 5951578112 bytes (5675.87 MB)
write base data version: 297400, memory: 5951578112 bytes (5675.87 MB)
write base data version: 297500, memory: 5951578112 bytes (5675.87 MB)
write base data version: 297600, memory: 5951578112 bytes (5675.87 MB)
write base data version: 297700, memory: 5951578112 bytes (5675.87 MB)
write base data version: 297800, memory: 5951578112 bytes (5675.87 MB)
write base data version: 297900, memory: 5951578112 bytes (5675.87 MB)
write base data version: 298000, memory: 5951578112 bytes (5675.87 MB)
write base data version: 298100, memory: 5951578112 bytes (5675.87 MB)
write base data version: 298200, memory: 5951578112 bytes (5675.87 MB)
write base data version: 298300, memory: 5951578112 bytes (5675.87 MB)
write base data version: 298400, memory: 5951578112 bytes (5675.87 MB)
write base data version: 298500, memory: 5951578112 bytes (5675.87 MB)
write base data version: 298600, memory: 5951578112 bytes (5675.87 MB)
write base data version: 298700, memory: 5951578112 bytes (5675.87 MB)
write base data version: 298800, memory: 5951578112 bytes (5675.87 MB)
write base data version: 298900, memory: 5951578112 bytes (5675.87 MB)
write base data version: 299000, memory: 5951578112 bytes (5675.87 MB)
write base data version: 299100, memory: 5951578112 bytes (5675.87 MB)
write base data version: 299200, memory: 5951578112 bytes (5675.87 MB)
write base data version: 299300, memory: 5951578112 bytes (5675.87 MB)
write base data version: 299400, memory: 5951578112 bytes (5675.87 MB)
write base data version: 299500, memory: 5951578112 bytes (5675.87 MB)
write base data version: 299600, memory: 5951578112 bytes (5675.87 MB)
write base data version: 299700, memory: 5951578112 bytes (5675.87 MB)
write base data version: 299800, memory: 5951578112 bytes (5675.87 MB)
write base data version: 299900, memory: 5951578112 bytes (5675.87 MB)
write base data version: 300000, memory: 5951578112 bytes (5675.87 MB)
write base data version: 300100, memory: 5951578112 bytes (5675.87 MB)
write base data version: 300200, memory: 5951578112 bytes (5675.87 MB)
write base data version: 300300, memory: 5951578112 bytes (5675.87 MB)
write base data version: 300400, memory: 5951578112 bytes (5675.87 MB)
write base data version: 300500, memory: 5951578112 bytes (5675.87 MB)
write base data version: 300600, memory: 5951578112 bytes (5675.87 MB)
write base data version: 300700, memory: 5951578112 bytes (5675.87 MB)
write base data version: 300800, memory: 5951578112 bytes (5675.87 MB)
write base data version: 300900, memory: 5951578112 bytes (5675.87 MB)
write base data version: 301000, memory: 5951578112 bytes (5675.87 MB)
write base data version: 301100, memory: 5951578112 bytes (5675.87 MB)
write base data version: 301200, memory: 5951578112 bytes (5675.87 MB)
write base data version: 301300, memory: 5951578112 bytes (5675.87 MB)
write base data version: 301400, memory: 5951578112 bytes (5675.87 MB)
write base data version: 301500, memory: 5951578112 bytes (5675.87 MB)
write base data version: 301600, memory: 5951578112 bytes (5675.87 MB)
write base data version: 301700, memory: 5951578112 bytes (5675.87 MB)
write base data version: 301800, memory: 5951578112 bytes (5675.87 MB)
write base data version: 301900, memory: 5951578112 bytes (5675.87 MB)
write base data version: 302000, memory: 5951578112 bytes (5675.87 MB)
write base data version: 302100, memory: 5951578112 bytes (5675.87 MB)
write base data version: 302200, memory: 5951578112 bytes (5675.87 MB)
write base data version: 302300, memory: 5951578112 bytes (5675.87 MB)
write base data version: 302400, memory: 5951578112 bytes (5675.87 MB)
write base data version: 302500, memory: 5951578112 bytes (5675.87 MB)
write base data version: 302600, memory: 5951578112 bytes (5675.87 MB)
write base data version: 302700, memory: 5951578112 bytes (5675.87 MB)
write base data version: 302800, memory: 5951578112 bytes (5675.87 MB)
write base data version: 302900, memory: 5951578112 bytes (5675.87 MB)
write base data version: 303000, memory: 5951578112 bytes (5675.87 MB)
write base data version: 303100, memory: 5951578112 bytes (5675.87 MB)
write base data version: 303200, memory: 5951578112 bytes (5675.87 MB)
write base data version: 303300, memory: 5951578112 bytes (5675.87 MB)
write base data version: 303400, memory: 5951578112 bytes (5675.87 MB)
write base data version: 303500, memory: 5951578112 bytes (5675.87 MB)
write base data version: 303600, memory: 5951578112 bytes (5675.87 MB)
write base data version: 303700, memory: 5951578112 bytes (5675.87 MB)
write base data version: 303800, memory: 5951578112 bytes (5675.87 MB)
write base data version: 303900, memory: 5951578112 bytes (5675.87 MB)
write base data version: 304000, memory: 5951578112 bytes (5675.87 MB)
write base data version: 304100, memory: 5951578112 bytes (5675.87 MB)
write base data version: 304200, memory: 5951578112 bytes (5675.87 MB)
write base data version: 304300, memory: 5951578112 bytes (5675.87 MB)
write base data version: 304400, memory: 5951578112 bytes (5675.87 MB)
write base data version: 304500, memory: 5951578112 bytes (5675.87 MB)
write base data version: 304600, memory: 5951578112 bytes (5675.87 MB)
write base data version: 304700, memory: 5951578112 bytes (5675.87 MB)
write base data version: 304800, memory: 5951578112 bytes (5675.87 MB)
write base data version: 304900, memory: 5951578112 bytes (5675.87 MB)
write base data version: 305000, memory: 5951578112 bytes (5675.87 MB)
write base data version: 305100, memory: 5951578112 bytes (5675.87 MB)
write base data version: 305200, memory: 5951578112 bytes (5675.87 MB)
write base data version: 305300, memory: 5951578112 bytes (5675.87 MB)
write base data version: 305400, memory: 5951578112 bytes (5675.87 MB)
write base data version: 305500, memory: 5951578112 bytes (5675.87 MB)
write base data version: 305600, memory: 5951578112 bytes (5675.87 MB)
write base data version: 305700, memory: 5951578112 bytes (5675.87 MB)
write base data version: 305800, memory: 5951578112 bytes (5675.87 MB)
write base data version: 305900, memory: 5951578112 bytes (5675.87 MB)
write base data version: 306000, memory: 5951578112 bytes (5675.87 MB)
write base data version: 306100, memory: 5951578112 bytes (5675.87 MB)
write base data version: 306200, memory: 5951578112 bytes (5675.87 MB)
write base data version: 306300, memory: 5951578112 bytes (5675.87 MB)
write base data version: 306400, memory: 5951578112 bytes (5675.87 MB)
write base data version: 306500, memory: 5951578112 bytes (5675.87 MB)
write base data version: 306600, memory: 5951578112 bytes (5675.87 MB)
write base data version: 306700, memory: 5951578112 bytes (5675.87 MB)
write base data version: 306800, memory: 5951578112 bytes (5675.87 MB)
write base data version: 306900, memory: 5951578112 bytes (5675.87 MB)
write base data version: 307000, memory: 5951578112 bytes (5675.87 MB)
write base data version: 307100, memory: 5951578112 bytes (5675.87 MB)
write base data version: 307200, memory: 5951578112 bytes (5675.87 MB)
write base data version: 307300, memory: 5951578112 bytes (5675.87 MB)
write base data version: 307400, memory: 5951578112 bytes (5675.87 MB)
write base data version: 307500, memory: 5951578112 bytes (5675.87 MB)
write base data version: 307600, memory: 5951578112 bytes (5675.87 MB)
write base data version: 307700, memory: 5951578112 bytes (5675.87 MB)
write base data version: 307800, memory: 5951578112 bytes (5675.87 MB)
write base data version: 307900, memory: 5951578112 bytes (5675.87 MB)
write base data version: 308000, memory: 5951578112 bytes (5675.87 MB)
write base data version: 308100, memory: 5951578112 bytes (5675.87 MB)
write base data version: 308200, memory: 5951578112 bytes (5675.87 MB)
write base data version: 308300, memory: 5951578112 bytes (5675.87 MB)
write base data version: 308400, memory: 5951578112 bytes (5675.87 MB)
write base data version: 308500, memory: 5951578112 bytes (5675.87 MB)
write base data version: 308600, memory: 5951578112 bytes (5675.87 MB)
write base data version: 308700, memory: 5951578112 bytes (5675.87 MB)
write base data version: 308800, memory: 5951578112 bytes (5675.87 MB)
write base data version: 308900, memory: 5951578112 bytes (5675.87 MB)
write base data version: 309000, memory: 5951578112 bytes (5675.87 MB)
write base data version: 309100, memory: 5951578112 bytes (5675.87 MB)
write base data version: 309200, memory: 5951578112 bytes (5675.87 MB)
write base data version: 309300, memory: 5951578112 bytes (5675.87 MB)
write base data version: 309400, memory: 5951578112 bytes (5675.87 MB)
write base data version: 309500, memory: 5951578112 bytes (5675.87 MB)
write base data version: 309600, memory: 5951578112 bytes (5675.87 MB)
write base data version: 309700, memory: 5951578112 bytes (5675.87 MB)
write base data version: 309800, memory: 5951578112 bytes (5675.87 MB)
write base data version: 309900, memory: 5951578112 bytes (5675.87 MB)
write base data version: 310000, memory: 5951578112 bytes (5675.87 MB)
write base data version: 310100, memory: 5951578112 bytes (5675.87 MB)
write base data version: 310200, memory: 5951578112 bytes (5675.87 MB)
write base data version: 310300, memory: 5951578112 bytes (5675.87 MB)
write base data version: 310400, memory: 5951578112 bytes (5675.87 MB)
write base data version: 310500, memory: 5951578112 bytes (5675.87 MB)
write base data version: 310600, memory: 5951578112 bytes (5675.87 MB)
write base data version: 310700, memory: 5951578112 bytes (5675.87 MB)
write base data version: 310800, memory: 5951578112 bytes (5675.87 MB)
write base data version: 310900, memory: 5951578112 bytes (5675.87 MB)
write base data version: 311000, memory: 5951578112 bytes (5675.87 MB)
write base data version: 311100, memory: 5951578112 bytes (5675.87 MB)
write base data version: 311200, memory: 5951578112 bytes (5675.87 MB)
write base data version: 311300, memory: 5951578112 bytes (5675.87 MB)
write base data version: 311400, memory: 5951578112 bytes (5675.87 MB)
write base data version: 311500, memory: 5951578112 bytes (5675.87 MB)
write base data version: 311600, memory: 5951578112 bytes (5675.87 MB)
write base data version: 311700, memory: 5951578112 bytes (5675.87 MB)
write base data version: 311800, memory: 5951602688 bytes (5675.89 MB)
write base data version: 311900, memory: 5951602688 bytes (5675.89 MB)
write base data version: 312000, memory: 5951602688 bytes (5675.89 MB)
write base data version: 312100, memory: 5951762432 bytes (5676.04 MB)
write base data version: 312200, memory: 5951762432 bytes (5676.04 MB)
write base data version: 312300, memory: 5951950848 bytes (5676.22 MB)
write base data version: 312400, memory: 5952212992 bytes (5676.47 MB)
write base data version: 312500, memory: 5952458752 bytes (5676.71 MB)
write base data version: 312600, memory: 5952458752 bytes (5676.71 MB)
write base data version: 312700, memory: 5952458752 bytes (5676.71 MB)
write base data version: 312800, memory: 5952458752 bytes (5676.71 MB)
write base data version: 312900, memory: 5952458752 bytes (5676.71 MB)
write base data version: 313000, memory: 5952458752 bytes (5676.71 MB)
write base data version: 313100, memory: 5952458752 bytes (5676.71 MB)
write base data version: 313200, memory: 5952638976 bytes (5676.88 MB)
write base data version: 313300, memory: 5952638976 bytes (5676.88 MB)
write base data version: 313400, memory: 5952638976 bytes (5676.88 MB)
write base data version: 313500, memory: 5952638976 bytes (5676.88 MB)
write base data version: 313600, memory: 5953048576 bytes (5677.27 MB)
write base data version: 313700, memory: 5953048576 bytes (5677.27 MB)
write base data version: 313800, memory: 5953048576 bytes (5677.27 MB)
write base data version: 313900, memory: 5953101824 bytes (5677.32 MB)
write base data version: 314000, memory: 5953220608 bytes (5677.43 MB)
write base data version: 314100, memory: 5953220608 bytes (5677.43 MB)
write base data version: 314200, memory: 5953220608 bytes (5677.43 MB)
write base data version: 314300, memory: 5953220608 bytes (5677.43 MB)
write base data version: 314400, memory: 5953220608 bytes (5677.43 MB)
write base data version: 314500, memory: 5953220608 bytes (5677.43 MB)
write base data version: 314600, memory: 5953220608 bytes (5677.43 MB)
write base data version: 314700, memory: 5953220608 bytes (5677.43 MB)
write base data version: 314800, memory: 5953220608 bytes (5677.43 MB)
write base data version: 314900, memory: 5953220608 bytes (5677.43 MB)
write base data version: 315000, memory: 5953220608 bytes (5677.43 MB)
write base data version: 315100, memory: 5953220608 bytes (5677.43 MB)
write base data version: 315200, memory: 5953220608 bytes (5677.43 MB)
write base data version: 315300, memory: 5953220608 bytes (5677.43 MB)
write base data version: 315400, memory: 5953273856 bytes (5677.48 MB)
write base data version: 315500, memory: 5953273856 bytes (5677.48 MB)
write base data version: 315600, memory: 5953388544 bytes (5677.59 MB)
write base data version: 315700, memory: 5953495040 bytes (5677.70 MB)
write base data version: 315800, memory: 5953495040 bytes (5677.70 MB)
write base data version: 315900, memory: 5953495040 bytes (5677.70 MB)
write base data version: 316000, memory: 5953589248 bytes (5677.79 MB)
write base data version: 316100, memory: 5953589248 bytes (5677.79 MB)
write base data version: 316200, memory: 5953589248 bytes (5677.79 MB)
write base data version: 316300, memory: 5953622016 bytes (5677.82 MB)
write base data version: 316400, memory: 5953732608 bytes (5677.92 MB)
write base data version: 316500, memory: 5953732608 bytes (5677.92 MB)
write base data version: 316600, memory: 5953732608 bytes (5677.92 MB)
write base data version: 316700, memory: 5953732608 bytes (5677.92 MB)
write base data version: 316800, memory: 5953732608 bytes (5677.92 MB)
write base data version: 316900, memory: 5953744896 bytes (5677.93 MB)
write base data version: 317000, memory: 5953904640 bytes (5678.09 MB)
write base data version: 317100, memory: 5954277376 bytes (5678.44 MB)
write base data version: 317200, memory: 5954408448 bytes (5678.57 MB)
write base data version: 317300, memory: 5954408448 bytes (5678.57 MB)
write base data version: 317400, memory: 5954408448 bytes (5678.57 MB)
write base data version: 317500, memory: 5954408448 bytes (5678.57 MB)
write base data version: 317600, memory: 5954408448 bytes (5678.57 MB)
write base data version: 317700, memory: 5954408448 bytes (5678.57 MB)
write base data version: 317800, memory: 5954408448 bytes (5678.57 MB)
write base data version: 317900, memory: 5954408448 bytes (5678.57 MB)
write base data version: 318000, memory: 5954408448 bytes (5678.57 MB)
write base data version: 318100, memory: 5954859008 bytes (5679.00 MB)
write base data version: 318200, memory: 5955092480 bytes (5679.22 MB)
write base data version: 318300, memory: 5955092480 bytes (5679.22 MB)
write base data version: 318400, memory: 5955387392 bytes (5679.50 MB)
write base data version: 318500, memory: 5955387392 bytes (5679.50 MB)
write base data version: 318600, memory: 5955387392 bytes (5679.50 MB)
write base data version: 318700, memory: 5955387392 bytes (5679.50 MB)
write base data version: 318800, memory: 5955387392 bytes (5679.50 MB)
write base data version: 318900, memory: 5955387392 bytes (5679.50 MB)
write base data version: 319000, memory: 5955387392 bytes (5679.50 MB)
write base data version: 319100, memory: 5955387392 bytes (5679.50 MB)
write base data version: 319200, memory: 5955387392 bytes (5679.50 MB)
write base data version: 319300, memory: 5955387392 bytes (5679.50 MB)
write base data version: 319400, memory: 5955387392 bytes (5679.50 MB)
write base data version: 319500, memory: 5955387392 bytes (5679.50 MB)
write base data version: 319600, memory: 5955387392 bytes (5679.50 MB)
write base data version: 319700, memory: 5955895296 bytes (5679.98 MB)
write base data version: 319800, memory: 5955895296 bytes (5679.98 MB)
write base data version: 319900, memory: 5955895296 bytes (5679.98 MB)
write base data version: 320000, memory: 5955977216 bytes (5680.06 MB)
write base data version: 320100, memory: 5955977216 bytes (5680.06 MB)
write base data version: 320200, memory: 5955977216 bytes (5680.06 MB)
write base data version: 320300, memory: 5955977216 bytes (5680.06 MB)
write base data version: 320400, memory: 5955977216 bytes (5680.06 MB)
write base data version: 320500, memory: 5955977216 bytes (5680.06 MB)
write base data version: 320600, memory: 5955977216 bytes (5680.06 MB)
write base data version: 320700, memory: 5955977216 bytes (5680.06 MB)
write base data version: 320800, memory: 5955977216 bytes (5680.06 MB)
write base data version: 320900, memory: 5955977216 bytes (5680.06 MB)
write base data version: 321000, memory: 5955977216 bytes (5680.06 MB)
write base data version: 321100, memory: 5956009984 bytes (5680.09 MB)
write base data version: 321200, memory: 5956075520 bytes (5680.16 MB)
write base data version: 321300, memory: 5956075520 bytes (5680.16 MB)
write base data version: 321400, memory: 5956108288 bytes (5680.19 MB)
write base data version: 321500, memory: 5956136960 bytes (5680.21 MB)
write base data version: 321600, memory: 5956136960 bytes (5680.21 MB)
write base data version: 321700, memory: 5956202496 bytes (5680.28 MB)
write base data version: 321800, memory: 5956268032 bytes (5680.34 MB)
write base data version: 321900, memory: 5956603904 bytes (5680.66 MB)
write base data version: 322000, memory: 5956603904 bytes (5680.66 MB)
write base data version: 322100, memory: 5956677632 bytes (5680.73 MB)
write base data version: 322200, memory: 5956677632 bytes (5680.73 MB)
write base data version: 322300, memory: 5956677632 bytes (5680.73 MB)
write base data version: 322400, memory: 5956677632 bytes (5680.73 MB)
write base data version: 322500, memory: 5956677632 bytes (5680.73 MB)
write base data version: 322600, memory: 5956677632 bytes (5680.73 MB)
write base data version: 322700, memory: 5956677632 bytes (5680.73 MB)
write base data version: 322800, memory: 5956677632 bytes (5680.73 MB)
write base data version: 322900, memory: 5956677632 bytes (5680.73 MB)
write base data version: 323000, memory: 5957513216 bytes (5681.53 MB)
write base data version: 323100, memory: 5957513216 bytes (5681.53 MB)
write base data version: 323200, memory: 5957513216 bytes (5681.53 MB)
write base data version: 323300, memory: 5957513216 bytes (5681.53 MB)
write base data version: 323400, memory: 5957513216 bytes (5681.53 MB)
write base data version: 323500, memory: 5957513216 bytes (5681.53 MB)
write base data version: 323600, memory: 5957513216 bytes (5681.53 MB)
write base data version: 323700, memory: 5957513216 bytes (5681.53 MB)
write base data version: 323800, memory: 5957513216 bytes (5681.53 MB)
write base data version: 323900, memory: 5957513216 bytes (5681.53 MB)
write base data version: 324000, memory: 5957513216 bytes (5681.53 MB)
write base data version: 324100, memory: 5957513216 bytes (5681.53 MB)
write base data version: 324200, memory: 5957513216 bytes (5681.53 MB)
write base data version: 324300, memory: 5957513216 bytes (5681.53 MB)
write base data version: 324400, memory: 5957513216 bytes (5681.53 MB)
write base data version: 324500, memory: 5957513216 bytes (5681.53 MB)
write base data version: 324600, memory: 5957513216 bytes (5681.53 MB)
write base data version: 324700, memory: 5957554176 bytes (5681.57 MB)
write base data version: 324800, memory: 5957554176 bytes (5681.57 MB)
write base data version: 324900, memory: 5957554176 bytes (5681.57 MB)
write base data version: 325000, memory: 5957554176 bytes (5681.57 MB)
write base data version: 325100, memory: 5957554176 bytes (5681.57 MB)
write base data version: 325200, memory: 5957554176 bytes (5681.57 MB)
write base data version: 325300, memory: 5957586944 bytes (5681.60 MB)
write base data version: 325400, memory: 5957677056 bytes (5681.68 MB)
write base data version: 325500, memory: 5957726208 bytes (5681.73 MB)
write base data version: 325600, memory: 5957955584 bytes (5681.95 MB)
write base data version: 325700, memory: 5958352896 bytes (5682.33 MB)
write base data version: 325800, memory: 5958352896 bytes (5682.33 MB)
write base data version: 325900, memory: 5958385664 bytes (5682.36 MB)
write base data version: 326000, memory: 5958385664 bytes (5682.36 MB)
write base data version: 326100, memory: 5958385664 bytes (5682.36 MB)
write base data version: 326200, memory: 5958639616 bytes (5682.60 MB)
write base data version: 326300, memory: 5958639616 bytes (5682.60 MB)
write base data version: 326400, memory: 5958639616 bytes (5682.60 MB)
write base data version: 326500, memory: 5958926336 bytes (5682.88 MB)
write base data version: 326600, memory: 5958926336 bytes (5682.88 MB)
write base data version: 326700, memory: 5958926336 bytes (5682.88 MB)
write base data version: 326800, memory: 5958926336 bytes (5682.88 MB)
write base data version: 326900, memory: 5958926336 bytes (5682.88 MB)
write base data version: 327000, memory: 5958926336 bytes (5682.88 MB)
write base data version: 327100, memory: 5958926336 bytes (5682.88 MB)
write base data version: 327200, memory: 5958926336 bytes (5682.88 MB)
write base data version: 327300, memory: 5958926336 bytes (5682.88 MB)
write base data version: 327400, memory: 5958926336 bytes (5682.88 MB)
write base data version: 327500, memory: 5958926336 bytes (5682.88 MB)
write base data version: 327600, memory: 5958959104 bytes (5682.91 MB)
write base data version: 327700, memory: 5958991872 bytes (5682.94 MB)
write base data version: 327800, memory: 5959053312 bytes (5683.00 MB)
write base data version: 327900, memory: 5959086080 bytes (5683.03 MB)
write base data version: 328000, memory: 5959479296 bytes (5683.40 MB)
write base data version: 328100, memory: 5959602176 bytes (5683.52 MB)
write base data version: 328200, memory: 5959602176 bytes (5683.52 MB)
write base data version: 328300, memory: 5959602176 bytes (5683.52 MB)
write base data version: 328400, memory: 5959602176 bytes (5683.52 MB)
write base data version: 328500, memory: 5959602176 bytes (5683.52 MB)
write base data version: 328600, memory: 5959602176 bytes (5683.52 MB)
write base data version: 328700, memory: 5959602176 bytes (5683.52 MB)
write base data version: 328800, memory: 5959602176 bytes (5683.52 MB)
write base data version: 328900, memory: 5959602176 bytes (5683.52 MB)
write base data version: 329000, memory: 5959630848 bytes (5683.55 MB)
write base data version: 329100, memory: 5959684096 bytes (5683.60 MB)
write base data version: 329200, memory: 5959696384 bytes (5683.61 MB)
write base data version: 329300, memory: 5959696384 bytes (5683.61 MB)
write base data version: 329400, memory: 5959761920 bytes (5683.67 MB)
write base data version: 329500, memory: 5959794688 bytes (5683.70 MB)
write base data version: 329600, memory: 5959823360 bytes (5683.73 MB)
write base data version: 329700, memory: 5960105984 bytes (5684.00 MB)
write base data version: 329800, memory: 5960445952 bytes (5684.32 MB)
write base data version: 329900, memory: 5960445952 bytes (5684.32 MB)
write base data version: 330000, memory: 5960445952 bytes (5684.32 MB)
write base data version: 330100, memory: 5960445952 bytes (5684.32 MB)
write base data version: 330200, memory: 5960658944 bytes (5684.53 MB)
write base data version: 330300, memory: 5960658944 bytes (5684.53 MB)
write base data version: 330400, memory: 5960658944 bytes (5684.53 MB)
write base data version: 330500, memory: 5960658944 bytes (5684.53 MB)
write base data version: 330600, memory: 5960658944 bytes (5684.53 MB)
write base data version: 330700, memory: 5960658944 bytes (5684.53 MB)
write base data version: 330800, memory: 5960658944 bytes (5684.53 MB)
write base data version: 330900, memory: 5960658944 bytes (5684.53 MB)
write base data version: 331000, memory: 5960658944 bytes (5684.53 MB)
write base data version: 331100, memory: 5960658944 bytes (5684.53 MB)
write base data version: 331200, memory: 5960658944 bytes (5684.53 MB)
write base data version: 331300, memory: 5960720384 bytes (5684.59 MB)
write base data version: 331400, memory: 5960720384 bytes (5684.59 MB)
write base data version: 331500, memory: 5960720384 bytes (5684.59 MB)
write base data version: 331600, memory: 5960720384 bytes (5684.59 MB)
write base data version: 331700, memory: 5960818688 bytes (5684.68 MB)
write base data version: 331800, memory: 5960912896 bytes (5684.77 MB)
write base data version: 331900, memory: 5960945664 bytes (5684.80 MB)
write base data version: 332000, memory: 5961011200 bytes (5684.86 MB)
write base data version: 332100, memory: 5961043968 bytes (5684.89 MB)
write base data version: 332200, memory: 5961138176 bytes (5684.98 MB)
write base data version: 332300, memory: 5961138176 bytes (5684.98 MB)
write base data version: 332400, memory: 5961170944 bytes (5685.02 MB)
write base data version: 332500, memory: 5961220096 bytes (5685.06 MB)
write base data version: 332600, memory: 5961822208 bytes (5685.64 MB)
write base data version: 332700, memory: 5961822208 bytes (5685.64 MB)
write base data version: 332800, memory: 5961822208 bytes (5685.64 MB)
write base data version: 332900, memory: 5961822208 bytes (5685.64 MB)
write base data version: 333000, memory: 5961822208 bytes (5685.64 MB)
write base data version: 333100, memory: 5961822208 bytes (5685.64 MB)
write base data version: 333200, memory: 5961822208 bytes (5685.64 MB)
write base data version: 333300, memory: 5962244096 bytes (5686.04 MB)
write base data version: 333400, memory: 5962244096 bytes (5686.04 MB)
write base data version: 333500, memory: 5962244096 bytes (5686.04 MB)
write base data version: 333600, memory: 5962244096 bytes (5686.04 MB)
write base data version: 333700, memory: 5962244096 bytes (5686.04 MB)
write base data version: 333800, memory: 5962244096 bytes (5686.04 MB)
write base data version: 333900, memory: 5962244096 bytes (5686.04 MB)
write base data version: 334000, memory: 5962244096 bytes (5686.04 MB)
write base data version: 334100, memory: 5962244096 bytes (5686.04 MB)
write base data version: 334200, memory: 5962244096 bytes (5686.04 MB)
write base data version: 334300, memory: 5962526720 bytes (5686.31 MB)
write base data version: 334400, memory: 5962620928 bytes (5686.40 MB)
write base data version: 334500, memory: 5962620928 bytes (5686.40 MB)
write base data version: 334600, memory: 5962620928 bytes (5686.40 MB)
write base data version: 334700, memory: 5962678272 bytes (5686.45 MB)
write base data version: 334800, memory: 5962678272 bytes (5686.45 MB)
write base data version: 334900, memory: 5962678272 bytes (5686.45 MB)
write base data version: 335000, memory: 5962678272 bytes (5686.45 MB)
write base data version: 335100, memory: 5962678272 bytes (5686.45 MB)
write base data version: 335200, memory: 5962678272 bytes (5686.45 MB)
write base data version: 335300, memory: 5962678272 bytes (5686.45 MB)
write base data version: 335400, memory: 5962678272 bytes (5686.45 MB)
write base data version: 335500, memory: 5962678272 bytes (5686.45 MB)
write base data version: 335600, memory: 5962678272 bytes (5686.45 MB)
write base data version: 335700, memory: 5962678272 bytes (5686.45 MB)
write base data version: 335800, memory: 5962719232 bytes (5686.49 MB)
write base data version: 335900, memory: 5963042816 bytes (5686.80 MB)
write base data version: 336000, memory: 5963042816 bytes (5686.80 MB)
write base data version: 336100, memory: 5963042816 bytes (5686.80 MB)
write base data version: 336200, memory: 5963042816 bytes (5686.80 MB)
write base data version: 336300, memory: 5963472896 bytes (5687.21 MB)
write base data version: 336400, memory: 5963472896 bytes (5687.21 MB)
write base data version: 336500, memory: 5963472896 bytes (5687.21 MB)
write base data version: 336600, memory: 5963472896 bytes (5687.21 MB)
write base data version: 336700, memory: 5963472896 bytes (5687.21 MB)
write base data version: 336800, memory: 5963472896 bytes (5687.21 MB)
write base data version: 336900, memory: 5963681792 bytes (5687.41 MB)
write base data version: 337000, memory: 5963681792 bytes (5687.41 MB)
write base data version: 337100, memory: 5963681792 bytes (5687.41 MB)
write base data version: 337200, memory: 5963681792 bytes (5687.41 MB)
write base data version: 337300, memory: 5963681792 bytes (5687.41 MB)
write base data version: 337400, memory: 5963681792 bytes (5687.41 MB)
write base data version: 337500, memory: 5963681792 bytes (5687.41 MB)
write base data version: 337600, memory: 5963681792 bytes (5687.41 MB)
write base data version: 337700, memory: 5963812864 bytes (5687.54 MB)
write base data version: 337800, memory: 5963812864 bytes (5687.54 MB)
write base data version: 337900, memory: 5963812864 bytes (5687.54 MB)
write base data version: 338000, memory: 5963812864 bytes (5687.54 MB)
write base data version: 338100, memory: 5963812864 bytes (5687.54 MB)
write base data version: 338200, memory: 5964435456 bytes (5688.13 MB)
write base data version: 338300, memory: 5964435456 bytes (5688.13 MB)
write base data version: 338400, memory: 5964435456 bytes (5688.13 MB)
write base data version: 338500, memory: 5964435456 bytes (5688.13 MB)
write base data version: 338600, memory: 5964435456 bytes (5688.13 MB)
write base data version: 338700, memory: 5964435456 bytes (5688.13 MB)
write base data version: 338800, memory: 5964435456 bytes (5688.13 MB)
write base data version: 338900, memory: 5964435456 bytes (5688.13 MB)
write base data version: 339000, memory: 5964435456 bytes (5688.13 MB)
write base data version: 339100, memory: 5964886016 bytes (5688.56 MB)
write base data version: 339200, memory: 5964984320 bytes (5688.65 MB)
write base data version: 339300, memory: 5964984320 bytes (5688.65 MB)
write base data version: 339400, memory: 5964984320 bytes (5688.65 MB)
write base data version: 339500, memory: 5964984320 bytes (5688.65 MB)
write base data version: 339600, memory: 5964984320 bytes (5688.65 MB)
write base data version: 339700, memory: 5964984320 bytes (5688.65 MB)
write base data version: 339800, memory: 5964984320 bytes (5688.65 MB)
write base data version: 339900, memory: 5964984320 bytes (5688.65 MB)
write base data version: 340000, memory: 5964984320 bytes (5688.65 MB)
write base data version: 340100, memory: 5964984320 bytes (5688.65 MB)
write base data version: 340200, memory: 5964984320 bytes (5688.65 MB)
write base data version: 340300, memory: 5964984320 bytes (5688.65 MB)
write base data version: 340400, memory: 5965017088 bytes (5688.68 MB)
write base data version: 340500, memory: 5965156352 bytes (5688.82 MB)
write base data version: 340600, memory: 5965156352 bytes (5688.82 MB)
write base data version: 340700, memory: 5965156352 bytes (5688.82 MB)
write base data version: 340800, memory: 5965156352 bytes (5688.82 MB)
write base data version: 340900, memory: 5965156352 bytes (5688.82 MB)
write base data version: 341000, memory: 5965156352 bytes (5688.82 MB)
write base data version: 341100, memory: 5965156352 bytes (5688.82 MB)
write base data version: 341200, memory: 5965185024 bytes (5688.84 MB)
write base data version: 341300, memory: 5965250560 bytes (5688.91 MB)
write base data version: 341400, memory: 5966061568 bytes (5689.68 MB)
write base data version: 341500, memory: 5966061568 bytes (5689.68 MB)
write base data version: 341600, memory: 5966061568 bytes (5689.68 MB)
write base data version: 341700, memory: 5966061568 bytes (5689.68 MB)
write base data version: 341800, memory: 5966061568 bytes (5689.68 MB)
write base data version: 341900, memory: 5966061568 bytes (5689.68 MB)
write base data version: 342000, memory: 5966061568 bytes (5689.68 MB)
write base data version: 342100, memory: 5966061568 bytes (5689.68 MB)
write base data version: 342200, memory: 5966061568 bytes (5689.68 MB)
write base data version: 342300, memory: 5966061568 bytes (5689.68 MB)
write base data version: 342400, memory: 5966061568 bytes (5689.68 MB)
write base data version: 342500, memory: 5966061568 bytes (5689.68 MB)
write base data version: 342600, memory: 5966061568 bytes (5689.68 MB)
write base data version: 342700, memory: 5966061568 bytes (5689.68 MB)
write base data version: 342800, memory: 5966061568 bytes (5689.68 MB)
write base data version: 342900, memory: 5966061568 bytes (5689.68 MB)
write base data version: 343000, memory: 5966667776 bytes (5690.26 MB)
write base data version: 343100, memory: 5966721024 bytes (5690.31 MB)
write base data version: 343200, memory: 5966721024 bytes (5690.31 MB)
write base data version: 343300, memory: 5966721024 bytes (5690.31 MB)
write base data version: 343400, memory: 5966721024 bytes (5690.31 MB)
write base data version: 343500, memory: 5966721024 bytes (5690.31 MB)
write base data version: 343600, memory: 5966721024 bytes (5690.31 MB)
write base data version: 343700, memory: 5966721024 bytes (5690.31 MB)
write base data version: 343800, memory: 5966721024 bytes (5690.31 MB)
write base data version: 343900, memory: 5966721024 bytes (5690.31 MB)
write base data version: 344000, memory: 5966721024 bytes (5690.31 MB)
write base data version: 344100, memory: 5966721024 bytes (5690.31 MB)
write base data version: 344200, memory: 5966721024 bytes (5690.31 MB)
write base data version: 344300, memory: 5966721024 bytes (5690.31 MB)
write base data version: 344400, memory: 5966721024 bytes (5690.31 MB)
write base data version: 344500, memory: 5966753792 bytes (5690.34 MB)
write base data version: 344600, memory: 5966786560 bytes (5690.37 MB)
write base data version: 344700, memory: 5966786560 bytes (5690.37 MB)
write base data version: 344800, memory: 5966880768 bytes (5690.46 MB)
write base data version: 344900, memory: 5966946304 bytes (5690.52 MB)
write base data version: 345000, memory: 5967044608 bytes (5690.62 MB)
write base data version: 345100, memory: 5967044608 bytes (5690.62 MB)
write base data version: 345200, memory: 5967044608 bytes (5690.62 MB)
write base data version: 345300, memory: 5967056896 bytes (5690.63 MB)
write base data version: 345400, memory: 5967159296 bytes (5690.73 MB)
write base data version: 345500, memory: 5967327232 bytes (5690.89 MB)
write base data version: 345600, memory: 5967458304 bytes (5691.01 MB)
write base data version: 345700, memory: 5967958016 bytes (5691.49 MB)
write base data version: 345800, memory: 5967958016 bytes (5691.49 MB)
write base data version: 345900, memory: 5967958016 bytes (5691.49 MB)
write base data version: 346000, memory: 5967958016 bytes (5691.49 MB)
write base data version: 346100, memory: 5967958016 bytes (5691.49 MB)
write base data version: 346200, memory: 5967958016 bytes (5691.49 MB)
write base data version: 346300, memory: 5967958016 bytes (5691.49 MB)
write base data version: 346400, memory: 5967958016 bytes (5691.49 MB)
write base data version: 346500, memory: 5967958016 bytes (5691.49 MB)
write base data version: 346600, memory: 5967958016 bytes (5691.49 MB)
write base data version: 346700, memory: 5967958016 bytes (5691.49 MB)
write base data version: 346800, memory: 5967958016 bytes (5691.49 MB)
write base data version: 346900, memory: 5967958016 bytes (5691.49 MB)
write base data version: 347000, memory: 5968465920 bytes (5691.97 MB)
write base data version: 347100, memory: 5968465920 bytes (5691.97 MB)
write base data version: 347200, memory: 5968465920 bytes (5691.97 MB)
write base data version: 347300, memory: 5968592896 bytes (5692.09 MB)
write base data version: 347400, memory: 5968592896 bytes (5692.09 MB)
write base data version: 347500, memory: 5968592896 bytes (5692.09 MB)
write base data version: 347600, memory: 5968592896 bytes (5692.09 MB)
write base data version: 347700, memory: 5968592896 bytes (5692.09 MB)
write base data version: 347800, memory: 5968592896 bytes (5692.09 MB)
write base data version: 347900, memory: 5968592896 bytes (5692.09 MB)
write base data version: 348000, memory: 5968592896 bytes (5692.09 MB)
write base data version: 348100, memory: 5968592896 bytes (5692.09 MB)
write base data version: 348200, memory: 5968592896 bytes (5692.09 MB)
write base data version: 348300, memory: 5968592896 bytes (5692.09 MB)
write base data version: 348400, memory: 5968592896 bytes (5692.09 MB)
write base data version: 348500, memory: 5968592896 bytes (5692.09 MB)
write base data version: 348600, memory: 5968621568 bytes (5692.12 MB)
write base data version: 348700, memory: 5968621568 bytes (5692.12 MB)
write base data version: 348800, memory: 5968621568 bytes (5692.12 MB)
write base data version: 348900, memory: 5968695296 bytes (5692.19 MB)
write base data version: 349000, memory: 5968764928 bytes (5692.26 MB)
write base data version: 349100, memory: 5968764928 bytes (5692.26 MB)
write base data version: 349200, memory: 5968764928 bytes (5692.26 MB)
write base data version: 349300, memory: 5968764928 bytes (5692.26 MB)
write base data version: 349400, memory: 5968764928 bytes (5692.26 MB)
write base data version: 349500, memory: 5968764928 bytes (5692.26 MB)
write base data version: 349600, memory: 5968834560 bytes (5692.32 MB)
write base data version: 349700, memory: 5968834560 bytes (5692.32 MB)
write base data version: 349800, memory: 5969059840 bytes (5692.54 MB)
write base data version: 349900, memory: 5969338368 bytes (5692.80 MB)
write base data version: 350000, memory: 5969338368 bytes (5692.80 MB)
write base data version: 350100, memory: 5969338368 bytes (5692.80 MB)
write base data version: 350200, memory: 5969506304 bytes (5692.96 MB)
write base data version: 350300, memory: 5969506304 bytes (5692.96 MB)
write base data version: 350400, memory: 5969633280 bytes (5693.09 MB)
write base data version: 350500, memory: 5969633280 bytes (5693.09 MB)
write base data version: 350600, memory: 5969633280 bytes (5693.09 MB)
write base data version: 350700, memory: 5969633280 bytes (5693.09 MB)
write base data version: 350800, memory: 5969649664 bytes (5693.10 MB)
write base data version: 350900, memory: 5969674240 bytes (5693.12 MB)
write base data version: 351000, memory: 5969674240 bytes (5693.12 MB)
write base data version: 351100, memory: 5969772544 bytes (5693.22 MB)
write base data version: 351200, memory: 5970190336 bytes (5693.62 MB)
write base data version: 351300, memory: 5970190336 bytes (5693.62 MB)
write base data version: 351400, memory: 5970190336 bytes (5693.62 MB)
write base data version: 351500, memory: 5970190336 bytes (5693.62 MB)
write base data version: 351600, memory: 5970190336 bytes (5693.62 MB)
write base data version: 351700, memory: 5970190336 bytes (5693.62 MB)
write base data version: 351800, memory: 5970190336 bytes (5693.62 MB)
write base data version: 351900, memory: 5970190336 bytes (5693.62 MB)
write base data version: 352000, memory: 5970198528 bytes (5693.62 MB)
write base data version: 352100, memory: 5970325504 bytes (5693.75 MB)
write base data version: 352200, memory: 5970325504 bytes (5693.75 MB)
write base data version: 352300, memory: 5970358272 bytes (5693.78 MB)
write base data version: 352400, memory: 5970391040 bytes (5693.81 MB)
write base data version: 352500, memory: 5970452480 bytes (5693.87 MB)
write base data version: 352600, memory: 5970452480 bytes (5693.87 MB)
write base data version: 352700, memory: 5970518016 bytes (5693.93 MB)
write base data version: 352800, memory: 5970640896 bytes (5694.05 MB)
write base data version: 352900, memory: 5970685952 bytes (5694.09 MB)
write base data version: 353000, memory: 5970780160 bytes (5694.18 MB)
write base data version: 353100, memory: 5970780160 bytes (5694.18 MB)
write base data version: 353200, memory: 5971390464 bytes (5694.76 MB)
write base data version: 353300, memory: 5971390464 bytes (5694.76 MB)
write base data version: 353400, memory: 5971390464 bytes (5694.76 MB)
write base data version: 353500, memory: 5971390464 bytes (5694.76 MB)
write base data version: 353600, memory: 5971390464 bytes (5694.76 MB)
write base data version: 353700, memory: 5971390464 bytes (5694.76 MB)
write base data version: 353800, memory: 5971390464 bytes (5694.76 MB)
write base data version: 353900, memory: 5971390464 bytes (5694.76 MB)
write base data version: 354000, memory: 5971390464 bytes (5694.76 MB)
write base data version: 354100, memory: 5971390464 bytes (5694.76 MB)
write base data version: 354200, memory: 5971390464 bytes (5694.76 MB)
write base data version: 354300, memory: 5971390464 bytes (5694.76 MB)
write base data version: 354400, memory: 5971390464 bytes (5694.76 MB)
write base data version: 354500, memory: 5971419136 bytes (5694.79 MB)
write base data version: 354600, memory: 5971767296 bytes (5695.12 MB)
write base data version: 354700, memory: 5971767296 bytes (5695.12 MB)
write base data version: 354800, memory: 5971767296 bytes (5695.12 MB)
write base data version: 354900, memory: 5971767296 bytes (5695.12 MB)
write base data version: 355000, memory: 5971767296 bytes (5695.12 MB)
write base data version: 355100, memory: 5971767296 bytes (5695.12 MB)
write base data version: 355200, memory: 5971775488 bytes (5695.13 MB)
write base data version: 355300, memory: 5971804160 bytes (5695.16 MB)
write base data version: 355400, memory: 5971804160 bytes (5695.16 MB)
write base data version: 355500, memory: 5971804160 bytes (5695.16 MB)
write base data version: 355600, memory: 5972258816 bytes (5695.59 MB)
write base data version: 355700, memory: 5972258816 bytes (5695.59 MB)
write base data version: 355800, memory: 5972463616 bytes (5695.79 MB)
write base data version: 355900, memory: 5972463616 bytes (5695.79 MB)
write base data version: 356000, memory: 5972463616 bytes (5695.79 MB)
write base data version: 356100, memory: 5972463616 bytes (5695.79 MB)
write base data version: 356200, memory: 5972463616 bytes (5695.79 MB)
write base data version: 356300, memory: 5972463616 bytes (5695.79 MB)
write base data version: 356400, memory: 5972590592 bytes (5695.91 MB)
write base data version: 356500, memory: 5972590592 bytes (5695.91 MB)
write base data version: 356600, memory: 5972590592 bytes (5695.91 MB)
write base data version: 356700, memory: 5972590592 bytes (5695.91 MB)
write base data version: 356800, memory: 5972590592 bytes (5695.91 MB)
write base data version: 356900, memory: 5972590592 bytes (5695.91 MB)
write base data version: 357000, memory: 5972590592 bytes (5695.91 MB)
write base data version: 357100, memory: 5972590592 bytes (5695.91 MB)
write base data version: 357200, memory: 5973082112 bytes (5696.38 MB)
write base data version: 357300, memory: 5973082112 bytes (5696.38 MB)
write base data version: 357400, memory: 5973082112 bytes (5696.38 MB)
write base data version: 357500, memory: 5973082112 bytes (5696.38 MB)
write base data version: 357600, memory: 5973082112 bytes (5696.38 MB)
write base data version: 357700, memory: 5973082112 bytes (5696.38 MB)
write base data version: 357800, memory: 5973082112 bytes (5696.38 MB)
write base data version: 357900, memory: 5973082112 bytes (5696.38 MB)
write base data version: 358000, memory: 5973082112 bytes (5696.38 MB)
write base data version: 358100, memory: 5973114880 bytes (5696.41 MB)
write base data version: 358200, memory: 5973123072 bytes (5696.41 MB)
write base data version: 358300, memory: 5973155840 bytes (5696.45 MB)
write base data version: 358400, memory: 5973188608 bytes (5696.48 MB)
write base data version: 358500, memory: 5973188608 bytes (5696.48 MB)
write base data version: 358600, memory: 5973188608 bytes (5696.48 MB)
write base data version: 358700, memory: 5973270528 bytes (5696.55 MB)
write base data version: 358800, memory: 5973270528 bytes (5696.55 MB)
write base data version: 358900, memory: 5973270528 bytes (5696.55 MB)
write base data version: 359000, memory: 5973270528 bytes (5696.55 MB)
write base data version: 359100, memory: 5973270528 bytes (5696.55 MB)
write base data version: 359200, memory: 5973336064 bytes (5696.62 MB)
write base data version: 359300, memory: 5973336064 bytes (5696.62 MB)
write base data version: 359400, memory: 5973336064 bytes (5696.62 MB)
write base data version: 359500, memory: 5973336064 bytes (5696.62 MB)
write base data version: 359600, memory: 5973590016 bytes (5696.86 MB)
write base data version: 359700, memory: 5973590016 bytes (5696.86 MB)
write base data version: 359800, memory: 5973590016 bytes (5696.86 MB)
write base data version: 359900, memory: 5973716992 bytes (5696.98 MB)
write base data version: 360000, memory: 5973872640 bytes (5697.13 MB)
write base data version: 360100, memory: 5973884928 bytes (5697.14 MB)
write base data version: 360200, memory: 5973995520 bytes (5697.25 MB)
write base data version: 360300, memory: 5973995520 bytes (5697.25 MB)
write base data version: 360400, memory: 5974011904 bytes (5697.26 MB)
write base data version: 360500, memory: 5974179840 bytes (5697.42 MB)
write base data version: 360600, memory: 5974204416 bytes (5697.45 MB)
write base data version: 360700, memory: 5974204416 bytes (5697.45 MB)
write base data version: 360800, memory: 5974204416 bytes (5697.45 MB)
write base data version: 360900, memory: 5974204416 bytes (5697.45 MB)
write base data version: 361000, memory: 5974204416 bytes (5697.45 MB)
write base data version: 361100, memory: 5974237184 bytes (5697.48 MB)
write base data version: 361200, memory: 5974245376 bytes (5697.48 MB)
write base data version: 361300, memory: 5974245376 bytes (5697.48 MB)
write base data version: 361400, memory: 5974269952 bytes (5697.51 MB)
write base data version: 361500, memory: 5974269952 bytes (5697.51 MB)
write base data version: 361600, memory: 5974360064 bytes (5697.59 MB)
write base data version: 361700, memory: 5974360064 bytes (5697.59 MB)
write base data version: 361800, memory: 5974360064 bytes (5697.59 MB)
write base data version: 361900, memory: 5974544384 bytes (5697.77 MB)
write base data version: 362000, memory: 5974552576 bytes (5697.78 MB)
write base data version: 362100, memory: 5974552576 bytes (5697.78 MB)
write base data version: 362200, memory: 5974552576 bytes (5697.78 MB)
write base data version: 362300, memory: 5975011328 bytes (5698.21 MB)
write base data version: 362400, memory: 5975011328 bytes (5698.21 MB)
write base data version: 362500, memory: 5975011328 bytes (5698.21 MB)
write base data version: 362600, memory: 5975011328 bytes (5698.21 MB)
write base data version: 362700, memory: 5975080960 bytes (5698.28 MB)
write base data version: 362800, memory: 5975080960 bytes (5698.28 MB)
write base data version: 362900, memory: 5975080960 bytes (5698.28 MB)
write base data version: 363000, memory: 5975080960 bytes (5698.28 MB)
write base data version: 363100, memory: 5975080960 bytes (5698.28 MB)
write base data version: 363200, memory: 5975080960 bytes (5698.28 MB)
write base data version: 363300, memory: 5975080960 bytes (5698.28 MB)
write base data version: 363400, memory: 5975113728 bytes (5698.31 MB)
write base data version: 363500, memory: 5975146496 bytes (5698.34 MB)
write base data version: 363600, memory: 5975261184 bytes (5698.45 MB)
write base data version: 363700, memory: 5975261184 bytes (5698.45 MB)
write base data version: 363800, memory: 5975724032 bytes (5698.89 MB)
write base data version: 363900, memory: 5975724032 bytes (5698.89 MB)
write base data version: 364000, memory: 5975724032 bytes (5698.89 MB)
write base data version: 364100, memory: 5975724032 bytes (5698.89 MB)
write base data version: 364200, memory: 5975724032 bytes (5698.89 MB)
write base data version: 364300, memory: 5975724032 bytes (5698.89 MB)
write base data version: 364400, memory: 5975724032 bytes (5698.89 MB)
write base data version: 364500, memory: 5975724032 bytes (5698.89 MB)
write base data version: 364600, memory: 5975769088 bytes (5698.94 MB)
write base data version: 364700, memory: 5975859200 bytes (5699.02 MB)
write base data version: 364800, memory: 5975859200 bytes (5699.02 MB)
write base data version: 364900, memory: 5975859200 bytes (5699.02 MB)
write base data version: 365000, memory: 5976190976 bytes (5699.34 MB)
write base data version: 365100, memory: 5976190976 bytes (5699.34 MB)
write base data version: 365200, memory: 5976412160 bytes (5699.55 MB)
write base data version: 365300, memory: 5976412160 bytes (5699.55 MB)
write base data version: 365400, memory: 5976412160 bytes (5699.55 MB)
write base data version: 365500, memory: 5976465408 bytes (5699.60 MB)
write base data version: 365600, memory: 5976465408 bytes (5699.60 MB)
write base data version: 365700, memory: 5976465408 bytes (5699.60 MB)
write base data version: 365800, memory: 5976612864 bytes (5699.74 MB)
write base data version: 365900, memory: 5976821760 bytes (5699.94 MB)
write base data version: 366000, memory: 5976821760 bytes (5699.94 MB)
write base data version: 366100, memory: 5976821760 bytes (5699.94 MB)
write base data version: 366200, memory: 5976821760 bytes (5699.94 MB)
write base data version: 366300, memory: 5976911872 bytes (5700.03 MB)
write base data version: 366400, memory: 5976911872 bytes (5700.03 MB)
write base data version: 366500, memory: 5976911872 bytes (5700.03 MB)
write base data version: 366600, memory: 5976977408 bytes (5700.09 MB)
write base data version: 366700, memory: 5977042944 bytes (5700.15 MB)
write base data version: 366800, memory: 5977071616 bytes (5700.18 MB)
write base data version: 366900, memory: 5977137152 bytes (5700.24 MB)
write base data version: 367000, memory: 5977137152 bytes (5700.24 MB)
write base data version: 367100, memory: 5977137152 bytes (5700.24 MB)
write base data version: 367200, memory: 5977305088 bytes (5700.40 MB)
write base data version: 367300, memory: 5977337856 bytes (5700.43 MB)
write base data version: 367400, memory: 5977337856 bytes (5700.43 MB)
write base data version: 367500, memory: 5977337856 bytes (5700.43 MB)
write base data version: 367600, memory: 5977964544 bytes (5701.03 MB)
write base data version: 367700, memory: 5977964544 bytes (5701.03 MB)
write base data version: 367800, memory: 5977964544 bytes (5701.03 MB)
write base data version: 367900, memory: 5977964544 bytes (5701.03 MB)
write base data version: 368000, memory: 5977964544 bytes (5701.03 MB)
write base data version: 368100, memory: 5977964544 bytes (5701.03 MB)
write base data version: 368200, memory: 5977964544 bytes (5701.03 MB)
write base data version: 368300, memory: 5977964544 bytes (5701.03 MB)
write base data version: 368400, memory: 5977964544 bytes (5701.03 MB)
write base data version: 368500, memory: 5977964544 bytes (5701.03 MB)
write base data version: 368600, memory: 5977964544 bytes (5701.03 MB)
write base data version: 368700, memory: 5977993216 bytes (5701.06 MB)
write base data version: 368800, memory: 5978025984 bytes (5701.09 MB)
write base data version: 368900, memory: 5978025984 bytes (5701.09 MB)
write base data version: 369000, memory: 5978124288 bytes (5701.18 MB)
write base data version: 369100, memory: 5978218496 bytes (5701.27 MB)
write base data version: 369200, memory: 5978251264 bytes (5701.30 MB)
write base data version: 369300, memory: 5978251264 bytes (5701.30 MB)
write base data version: 369400, memory: 5978284032 bytes (5701.34 MB)
write base data version: 369500, memory: 5978738688 bytes (5701.77 MB)
write base data version: 369600, memory: 5978750976 bytes (5701.78 MB)
write base data version: 369700, memory: 5979086848 bytes (5702.10 MB)
write base data version: 369800, memory: 5979086848 bytes (5702.10 MB)
write base data version: 369900, memory: 5979086848 bytes (5702.10 MB)
write base data version: 370000, memory: 5979086848 bytes (5702.10 MB)
write base data version: 370100, memory: 5979086848 bytes (5702.10 MB)
write base data version: 370200, memory: 5979086848 bytes (5702.10 MB)
write base data version: 370300, memory: 5979086848 bytes (5702.10 MB)
write base data version: 370400, memory: 5979086848 bytes (5702.10 MB)
write base data version: 370500, memory: 5979086848 bytes (5702.10 MB)
write base data version: 370600, memory: 5979086848 bytes (5702.10 MB)
write base data version: 370700, memory: 5979086848 bytes (5702.10 MB)
write base data version: 370800, memory: 5979254784 bytes (5702.26 MB)
write base data version: 370900, memory: 5979254784 bytes (5702.26 MB)
write base data version: 371000, memory: 5979254784 bytes (5702.26 MB)
write base data version: 371100, memory: 5979254784 bytes (5702.26 MB)
write base data version: 371200, memory: 5979430912 bytes (5702.43 MB)
write base data version: 371300, memory: 5979430912 bytes (5702.43 MB)
write base data version: 371400, memory: 5979430912 bytes (5702.43 MB)
write base data version: 371500, memory: 5979430912 bytes (5702.43 MB)
write base data version: 371600, memory: 5979430912 bytes (5702.43 MB)
write base data version: 371700, memory: 5979430912 bytes (5702.43 MB)
write base data version: 371800, memory: 5979430912 bytes (5702.43 MB)
write base data version: 371900, memory: 5979447296 bytes (5702.45 MB)
write base data version: 372000, memory: 5979578368 bytes (5702.57 MB)
write base data version: 372100, memory: 5979578368 bytes (5702.57 MB)
write base data version: 372200, memory: 5979639808 bytes (5702.63 MB)
write base data version: 372300, memory: 5979639808 bytes (5702.63 MB)
write base data version: 372400, memory: 5979738112 bytes (5702.72 MB)
write base data version: 372500, memory: 5980106752 bytes (5703.07 MB)
write base data version: 372600, memory: 5980106752 bytes (5703.07 MB)
write base data version: 372700, memory: 5980106752 bytes (5703.07 MB)
write base data version: 372800, memory: 5980106752 bytes (5703.07 MB)
write base data version: 372900, memory: 5980106752 bytes (5703.07 MB)
write base data version: 373000, memory: 5980106752 bytes (5703.07 MB)
write base data version: 373100, memory: 5980106752 bytes (5703.07 MB)
write base data version: 373200, memory: 5980106752 bytes (5703.07 MB)
write base data version: 373300, memory: 5980139520 bytes (5703.11 MB)
write base data version: 373400, memory: 5980139520 bytes (5703.11 MB)
write base data version: 373500, memory: 5980172288 bytes (5703.14 MB)
write base data version: 373600, memory: 5980172288 bytes (5703.14 MB)
write base data version: 373700, memory: 5980233728 bytes (5703.20 MB)
write base data version: 373800, memory: 5980233728 bytes (5703.20 MB)
write base data version: 373900, memory: 5980233728 bytes (5703.20 MB)
write base data version: 374000, memory: 5980233728 bytes (5703.20 MB)
write base data version: 374100, memory: 5980401664 bytes (5703.36 MB)
write base data version: 374200, memory: 5980401664 bytes (5703.36 MB)
write base data version: 374300, memory: 5980401664 bytes (5703.36 MB)
write base data version: 374400, memory: 5980401664 bytes (5703.36 MB)
write base data version: 374500, memory: 5980401664 bytes (5703.36 MB)
write base data version: 374600, memory: 5980725248 bytes (5703.66 MB)
write base data version: 374700, memory: 5980753920 bytes (5703.69 MB)
write base data version: 374800, memory: 5980753920 bytes (5703.69 MB)
write base data version: 374900, memory: 5980839936 bytes (5703.77 MB)
write base data version: 375000, memory: 5980839936 bytes (5703.77 MB)
write base data version: 375100, memory: 5980839936 bytes (5703.77 MB)
write base data version: 375200, memory: 5980839936 bytes (5703.77 MB)
write base data version: 375300, memory: 5980839936 bytes (5703.77 MB)
write base data version: 375400, memory: 5980839936 bytes (5703.77 MB)
write base data version: 375500, memory: 5980839936 bytes (5703.77 MB)
write base data version: 375600, memory: 5980839936 bytes (5703.77 MB)
write base data version: 375700, memory: 5980839936 bytes (5703.77 MB)
write base data version: 375800, memory: 5980930048 bytes (5703.86 MB)
write base data version: 375900, memory: 5981360128 bytes (5704.27 MB)
write base data version: 376000, memory: 5981360128 bytes (5704.27 MB)
write base data version: 376100, memory: 5981360128 bytes (5704.27 MB)
write base data version: 376200, memory: 5981487104 bytes (5704.39 MB)
write base data version: 376300, memory: 5981511680 bytes (5704.41 MB)
write base data version: 376400, memory: 5981532160 bytes (5704.43 MB)
write base data version: 376500, memory: 5981597696 bytes (5704.50 MB)
write base data version: 376600, memory: 5981773824 bytes (5704.66 MB)
write base data version: 376700, memory: 5981794304 bytes (5704.68 MB)
write base data version: 376800, memory: 5981794304 bytes (5704.68 MB)
write base data version: 376900, memory: 5981794304 bytes (5704.68 MB)
write base data version: 377000, memory: 5981794304 bytes (5704.68 MB)
write base data version: 377100, memory: 5981794304 bytes (5704.68 MB)
write base data version: 377200, memory: 5981794304 bytes (5704.68 MB)
write base data version: 377300, memory: 5981794304 bytes (5704.68 MB)
write base data version: 377400, memory: 5982044160 bytes (5704.92 MB)
write base data version: 377500, memory: 5982044160 bytes (5704.92 MB)
write base data version: 377600, memory: 5982044160 bytes (5704.92 MB)
write base data version: 377700, memory: 5982044160 bytes (5704.92 MB)
write base data version: 377800, memory: 5982416896 bytes (5705.28 MB)
write base data version: 377900, memory: 5982875648 bytes (5705.71 MB)
write base data version: 378000, memory: 5982875648 bytes (5705.71 MB)
write base data version: 378100, memory: 5982875648 bytes (5705.71 MB)
write base data version: 378200, memory: 5982875648 bytes (5705.71 MB)
write base data version: 378300, memory: 5982875648 bytes (5705.71 MB)
write base data version: 378400, memory: 5982875648 bytes (5705.71 MB)
write base data version: 378500, memory: 5982875648 bytes (5705.71 MB)
write base data version: 378600, memory: 5982875648 bytes (5705.71 MB)
write base data version: 378700, memory: 5982875648 bytes (5705.71 MB)
write base data version: 378800, memory: 5982875648 bytes (5705.71 MB)
write base data version: 378900, memory: 6001029120 bytes (5723.03 MB)
write base data version: 379000, memory: 6017478656 bytes (5738.71 MB)
write base data version: 379100, memory: 6022586368 bytes (5743.59 MB)
write base data version: 379200, memory: 6024437760 bytes (5745.35 MB)
write base data version: 379300, memory: 6024437760 bytes (5745.35 MB)
write base data version: 379400, memory: 6024437760 bytes (5745.35 MB)
write base data version: 379500, memory: 6024437760 bytes (5745.35 MB)
write base data version: 379600, memory: 6024437760 bytes (5745.35 MB)
write base data version: 379700, memory: 6024437760 bytes (5745.35 MB)
write base data version: 379800, memory: 6024437760 bytes (5745.35 MB)
write base data version: 379900, memory: 6024437760 bytes (5745.35 MB)
write base data version: 380000, memory: 6024437760 bytes (5745.35 MB)
write base data version: 380100, memory: 6024437760 bytes (5745.35 MB)
write base data version: 380200, memory: 6024437760 bytes (5745.35 MB)
write base data version: 380300, memory: 6024437760 bytes (5745.35 MB)
write base data version: 380400, memory: 6024437760 bytes (5745.35 MB)
write base data version: 380500, memory: 6024437760 bytes (5745.35 MB)
write base data version: 380600, memory: 6024437760 bytes (5745.35 MB)
write base data version: 380700, memory: 6024437760 bytes (5745.35 MB)
write base data version: 380800, memory: 6024437760 bytes (5745.35 MB)
write base data version: 380900, memory: 6024437760 bytes (5745.35 MB)
write base data version: 381000, memory: 6024437760 bytes (5745.35 MB)
write base data version: 381100, memory: 6024437760 bytes (5745.35 MB)
write base data version: 381200, memory: 6024437760 bytes (5745.35 MB)
write base data version: 381300, memory: 6024437760 bytes (5745.35 MB)
write base data version: 381400, memory: 6024437760 bytes (5745.35 MB)
write base data version: 381500, memory: 6024437760 bytes (5745.35 MB)
write base data version: 381600, memory: 6024437760 bytes (5745.35 MB)
write base data version: 381700, memory: 6024437760 bytes (5745.35 MB)
write base data version: 381800, memory: 6024437760 bytes (5745.35 MB)
write base data version: 381900, memory: 6024437760 bytes (5745.35 MB)
write base data version: 382000, memory: 6024437760 bytes (5745.35 MB)
write base data version: 382100, memory: 6024437760 bytes (5745.35 MB)
write base data version: 382200, memory: 6024437760 bytes (5745.35 MB)
write base data version: 382300, memory: 6024437760 bytes (5745.35 MB)
write base data version: 382400, memory: 6024437760 bytes (5745.35 MB)
write base data version: 382500, memory: 6024437760 bytes (5745.35 MB)
write base data version: 382600, memory: 6024437760 bytes (5745.35 MB)
write base data version: 382700, memory: 6024437760 bytes (5745.35 MB)
write base data version: 382800, memory: 6024437760 bytes (5745.35 MB)
write base data version: 382900, memory: 6024437760 bytes (5745.35 MB)
write base data version: 383000, memory: 6024437760 bytes (5745.35 MB)
write base data version: 383100, memory: 6024437760 bytes (5745.35 MB)
write base data version: 383200, memory: 6024437760 bytes (5745.35 MB)
write base data version: 383300, memory: 6024437760 bytes (5745.35 MB)
write base data version: 383400, memory: 6024437760 bytes (5745.35 MB)
write base data version: 383500, memory: 6024437760 bytes (5745.35 MB)
write base data version: 383600, memory: 6024437760 bytes (5745.35 MB)
write base data version: 383700, memory: 6024437760 bytes (5745.35 MB)
write base data version: 383800, memory: 6024437760 bytes (5745.35 MB)
write base data version: 383900, memory: 6024437760 bytes (5745.35 MB)
write base data version: 384000, memory: 6024437760 bytes (5745.35 MB)
write base data version: 384100, memory: 6024437760 bytes (5745.35 MB)
write base data version: 384200, memory: 6024437760 bytes (5745.35 MB)
write base data version: 384300, memory: 6024437760 bytes (5745.35 MB)
write base data version: 384400, memory: 6024437760 bytes (5745.35 MB)
write base data version: 384500, memory: 6024437760 bytes (5745.35 MB)
write base data version: 384600, memory: 6024437760 bytes (5745.35 MB)
write base data version: 384700, memory: 6024437760 bytes (5745.35 MB)
write base data version: 384800, memory: 6024437760 bytes (5745.35 MB)
write base data version: 384900, memory: 6024437760 bytes (5745.35 MB)
write base data version: 385000, memory: 6024437760 bytes (5745.35 MB)
write base data version: 385100, memory: 6024437760 bytes (5745.35 MB)
write base data version: 385200, memory: 6024437760 bytes (5745.35 MB)
write base data version: 385300, memory: 6024437760 bytes (5745.35 MB)
write base data version: 385400, memory: 6024437760 bytes (5745.35 MB)
write base data version: 385500, memory: 6024437760 bytes (5745.35 MB)
write base data version: 385600, memory: 6024437760 bytes (5745.35 MB)
write base data version: 385700, memory: 6024437760 bytes (5745.35 MB)
write base data version: 385800, memory: 6024437760 bytes (5745.35 MB)
write base data version: 385900, memory: 6024437760 bytes (5745.35 MB)
write base data version: 386000, memory: 6024437760 bytes (5745.35 MB)
write base data version: 386100, memory: 6024437760 bytes (5745.35 MB)
write base data version: 386200, memory: 6024437760 bytes (5745.35 MB)
write base data version: 386300, memory: 6024437760 bytes (5745.35 MB)
write base data version: 386400, memory: 6024437760 bytes (5745.35 MB)
write base data version: 386500, memory: 6024437760 bytes (5745.35 MB)
write base data version: 386600, memory: 6024437760 bytes (5745.35 MB)
write base data version: 386700, memory: 6024437760 bytes (5745.35 MB)
write base data version: 386800, memory: 6024437760 bytes (5745.35 MB)
write base data version: 386900, memory: 6024437760 bytes (5745.35 MB)
write base data version: 387000, memory: 6024437760 bytes (5745.35 MB)
write base data version: 387100, memory: 6024437760 bytes (5745.35 MB)
write base data version: 387200, memory: 6024437760 bytes (5745.35 MB)
write base data version: 387300, memory: 6024437760 bytes (5745.35 MB)
write base data version: 387400, memory: 6024437760 bytes (5745.35 MB)
write base data version: 387500, memory: 6024437760 bytes (5745.35 MB)
write base data version: 387600, memory: 6024437760 bytes (5745.35 MB)
write base data version: 387700, memory: 6024437760 bytes (5745.35 MB)
write base data version: 387800, memory: 6024437760 bytes (5745.35 MB)
write base data version: 387900, memory: 6024437760 bytes (5745.35 MB)
write base data version: 388000, memory: 6024437760 bytes (5745.35 MB)
write base data version: 388100, memory: 6024437760 bytes (5745.35 MB)
write base data version: 388200, memory: 6024437760 bytes (5745.35 MB)
write base data version: 388300, memory: 6024437760 bytes (5745.35 MB)
write base data version: 388400, memory: 6024437760 bytes (5745.35 MB)
write base data version: 388500, memory: 6024437760 bytes (5745.35 MB)
write base data version: 388600, memory: 6024437760 bytes (5745.35 MB)
write base data version: 388700, memory: 6024437760 bytes (5745.35 MB)
write base data version: 388800, memory: 6024437760 bytes (5745.35 MB)
write base data version: 388900, memory: 6024437760 bytes (5745.35 MB)
write base data version: 389000, memory: 6024437760 bytes (5745.35 MB)
write base data version: 389100, memory: 6024437760 bytes (5745.35 MB)
write base data version: 389200, memory: 6024437760 bytes (5745.35 MB)
write base data version: 389300, memory: 6024437760 bytes (5745.35 MB)
write base data version: 389400, memory: 6024437760 bytes (5745.35 MB)
write base data version: 389500, memory: 6024437760 bytes (5745.35 MB)
write base data version: 389600, memory: 6024437760 bytes (5745.35 MB)
write base data version: 389700, memory: 6024437760 bytes (5745.35 MB)
write base data version: 389800, memory: 6024437760 bytes (5745.35 MB)
write base data version: 389900, memory: 6024437760 bytes (5745.35 MB)
write base data version: 390000, memory: 6024437760 bytes (5745.35 MB)
write base data version: 390100, memory: 6024437760 bytes (5745.35 MB)
write base data version: 390200, memory: 6024437760 bytes (5745.35 MB)
write base data version: 390300, memory: 6024437760 bytes (5745.35 MB)
write base data version: 390400, memory: 6024437760 bytes (5745.35 MB)
write base data version: 390500, memory: 6024437760 bytes (5745.35 MB)
write base data version: 390600, memory: 6024437760 bytes (5745.35 MB)
write base data version: 390700, memory: 6024437760 bytes (5745.35 MB)
write base data version: 390800, memory: 6024437760 bytes (5745.35 MB)
write base data version: 390900, memory: 6024437760 bytes (5745.35 MB)
write base data version: 391000, memory: 6024437760 bytes (5745.35 MB)
write base data version: 391100, memory: 6024437760 bytes (5745.35 MB)
write base data version: 391200, memory: 6024437760 bytes (5745.35 MB)
write base data version: 391300, memory: 6024437760 bytes (5745.35 MB)
write base data version: 391400, memory: 6024437760 bytes (5745.35 MB)
write base data version: 391500, memory: 6024437760 bytes (5745.35 MB)
write base data version: 391600, memory: 6024437760 bytes (5745.35 MB)
write base data version: 391700, memory: 6024437760 bytes (5745.35 MB)
write base data version: 391800, memory: 6024437760 bytes (5745.35 MB)
write base data version: 391900, memory: 6024437760 bytes (5745.35 MB)
write base data version: 392000, memory: 6024437760 bytes (5745.35 MB)
write base data version: 392100, memory: 6024437760 bytes (5745.35 MB)
write base data version: 392200, memory: 6024437760 bytes (5745.35 MB)
write base data version: 392300, memory: 6024437760 bytes (5745.35 MB)
write base data version: 392400, memory: 6024437760 bytes (5745.35 MB)
write base data version: 392500, memory: 6024437760 bytes (5745.35 MB)
write base data version: 392600, memory: 6024437760 bytes (5745.35 MB)
write base data version: 392700, memory: 6024437760 bytes (5745.35 MB)
write base data version: 392800, memory: 6024437760 bytes (5745.35 MB)
write base data version: 392900, memory: 6024437760 bytes (5745.35 MB)
write base data version: 393000, memory: 6024437760 bytes (5745.35 MB)
write base data version: 393100, memory: 6024437760 bytes (5745.35 MB)
write base data version: 393200, memory: 6024437760 bytes (5745.35 MB)
write base data version: 393300, memory: 6024437760 bytes (5745.35 MB)
write base data version: 393400, memory: 6024437760 bytes (5745.35 MB)
write base data version: 393500, memory: 6024437760 bytes (5745.35 MB)
write base data version: 393600, memory: 6024437760 bytes (5745.35 MB)
write base data version: 393700, memory: 6024437760 bytes (5745.35 MB)
write base data version: 393800, memory: 6024437760 bytes (5745.35 MB)
write base data version: 393900, memory: 6024437760 bytes (5745.35 MB)
write base data version: 394000, memory: 6024437760 bytes (5745.35 MB)
write base data version: 394100, memory: 6024437760 bytes (5745.35 MB)
write base data version: 394200, memory: 6024437760 bytes (5745.35 MB)
write base data version: 394300, memory: 6024437760 bytes (5745.35 MB)
write base data version: 394400, memory: 6024437760 bytes (5745.35 MB)
write base data version: 394500, memory: 6024437760 bytes (5745.35 MB)
write base data version: 394600, memory: 6024437760 bytes (5745.35 MB)
write base data version: 394700, memory: 6024437760 bytes (5745.35 MB)
write base data version: 394800, memory: 6024437760 bytes (5745.35 MB)
write base data version: 394900, memory: 6024437760 bytes (5745.35 MB)
write base data version: 395000, memory: 6024437760 bytes (5745.35 MB)
write base data version: 395100, memory: 6024437760 bytes (5745.35 MB)
write base data version: 395200, memory: 6024437760 bytes (5745.35 MB)
write base data version: 395300, memory: 6024437760 bytes (5745.35 MB)
write base data version: 395400, memory: 6024437760 bytes (5745.35 MB)
write base data version: 395500, memory: 6024437760 bytes (5745.35 MB)
write base data version: 395600, memory: 6024437760 bytes (5745.35 MB)
write base data version: 395700, memory: 6024437760 bytes (5745.35 MB)
write base data version: 395800, memory: 6024437760 bytes (5745.35 MB)
write base data version: 395900, memory: 6024437760 bytes (5745.35 MB)
write base data version: 396000, memory: 6024437760 bytes (5745.35 MB)
write base data version: 396100, memory: 6024437760 bytes (5745.35 MB)
write base data version: 396200, memory: 6024437760 bytes (5745.35 MB)
write base data version: 396300, memory: 6024437760 bytes (5745.35 MB)
write base data version: 396400, memory: 6024437760 bytes (5745.35 MB)
write base data version: 396500, memory: 6024437760 bytes (5745.35 MB)
write base data version: 396600, memory: 6024437760 bytes (5745.35 MB)
write base data version: 396700, memory: 6024437760 bytes (5745.35 MB)
write base data version: 396800, memory: 6024437760 bytes (5745.35 MB)
write base data version: 396900, memory: 6024437760 bytes (5745.35 MB)
write base data version: 397000, memory: 6024437760 bytes (5745.35 MB)
write base data version: 397100, memory: 6024437760 bytes (5745.35 MB)
write base data version: 397200, memory: 6024437760 bytes (5745.35 MB)
write base data version: 397300, memory: 6024437760 bytes (5745.35 MB)
write base data version: 397400, memory: 6024437760 bytes (5745.35 MB)
write base data version: 397500, memory: 6024437760 bytes (5745.35 MB)
write base data version: 397600, memory: 6024437760 bytes (5745.35 MB)
write base data version: 397700, memory: 6024437760 bytes (5745.35 MB)
write base data version: 397800, memory: 6024437760 bytes (5745.35 MB)
write base data version: 397900, memory: 6024437760 bytes (5745.35 MB)
write base data version: 398000, memory: 6024437760 bytes (5745.35 MB)
write base data version: 398100, memory: 6024437760 bytes (5745.35 MB)
write base data version: 398200, memory: 6024437760 bytes (5745.35 MB)
write base data version: 398300, memory: 6024437760 bytes (5745.35 MB)
write base data version: 398400, memory: 6024437760 bytes (5745.35 MB)
write base data version: 398500, memory: 6024437760 bytes (5745.35 MB)
write base data version: 398600, memory: 6024437760 bytes (5745.35 MB)
write base data version: 398700, memory: 6024437760 bytes (5745.35 MB)
write base data version: 398800, memory: 6024437760 bytes (5745.35 MB)
write base data version: 398900, memory: 6024437760 bytes (5745.35 MB)
write base data version: 399000, memory: 6024437760 bytes (5745.35 MB)
write base data version: 399100, memory: 6024437760 bytes (5745.35 MB)
write base data version: 399200, memory: 6024437760 bytes (5745.35 MB)
write base data version: 399300, memory: 6024437760 bytes (5745.35 MB)
write base data version: 399400, memory: 6024437760 bytes (5745.35 MB)
write base data version: 399500, memory: 6024437760 bytes (5745.35 MB)
write base data version: 399600, memory: 6024437760 bytes (5745.35 MB)
write base data version: 399700, memory: 6024437760 bytes (5745.35 MB)
write base data version: 399800, memory: 6024437760 bytes (5745.35 MB)
write base data version: 399900, memory: 6024437760 bytes (5745.35 MB)
write base data version: 400000, memory: 6024437760 bytes (5745.35 MB)
write base data version: 400100, memory: 6024437760 bytes (5745.35 MB)
write base data version: 400200, memory: 6024437760 bytes (5745.35 MB)
write base data version: 400300, memory: 6024437760 bytes (5745.35 MB)
write base data version: 400400, memory: 6024437760 bytes (5745.35 MB)
write base data version: 400500, memory: 6024437760 bytes (5745.35 MB)
write base data version: 400600, memory: 6024437760 bytes (5745.35 MB)
write base data version: 400700, memory: 6024437760 bytes (5745.35 MB)
write base data version: 400800, memory: 6024437760 bytes (5745.35 MB)
write base data version: 400900, memory: 6024437760 bytes (5745.35 MB)
write base data version: 401000, memory: 6024437760 bytes (5745.35 MB)
write base data version: 401100, memory: 6024437760 bytes (5745.35 MB)
write base data version: 401200, memory: 6024437760 bytes (5745.35 MB)
write base data version: 401300, memory: 6024437760 bytes (5745.35 MB)
write base data version: 401400, memory: 6024437760 bytes (5745.35 MB)
write base data version: 401500, memory: 6024437760 bytes (5745.35 MB)
write base data version: 401600, memory: 6024437760 bytes (5745.35 MB)
write base data version: 401700, memory: 6024437760 bytes (5745.35 MB)
write base data version: 401800, memory: 6024437760 bytes (5745.35 MB)
write base data version: 401900, memory: 6024437760 bytes (5745.35 MB)
write base data version: 402000, memory: 6024437760 bytes (5745.35 MB)
write base data version: 402100, memory: 6024437760 bytes (5745.35 MB)
write base data version: 402200, memory: 6024437760 bytes (5745.35 MB)
write base data version: 402300, memory: 6024437760 bytes (5745.35 MB)
write base data version: 402400, memory: 6024437760 bytes (5745.35 MB)
write base data version: 402500, memory: 6024437760 bytes (5745.35 MB)
write base data version: 402600, memory: 6024437760 bytes (5745.35 MB)
write base data version: 402700, memory: 6024437760 bytes (5745.35 MB)
write base data version: 402800, memory: 6024437760 bytes (5745.35 MB)
write base data version: 402900, memory: 6024437760 bytes (5745.35 MB)
write base data version: 403000, memory: 6024437760 bytes (5745.35 MB)
write base data version: 403100, memory: 6024437760 bytes (5745.35 MB)
write base data version: 403200, memory: 6024437760 bytes (5745.35 MB)
write base data version: 403300, memory: 6024437760 bytes (5745.35 MB)
write base data version: 403400, memory: 6024437760 bytes (5745.35 MB)
write base data version: 403500, memory: 6024437760 bytes (5745.35 MB)
write base data version: 403600, memory: 6024437760 bytes (5745.35 MB)
write base data version: 403700, memory: 6024437760 bytes (5745.35 MB)
write base data version: 403800, memory: 6024437760 bytes (5745.35 MB)
write base data version: 403900, memory: 6024437760 bytes (5745.35 MB)
write base data version: 404000, memory: 6024437760 bytes (5745.35 MB)
write base data version: 404100, memory: 6024437760 bytes (5745.35 MB)
write base data version: 404200, memory: 6024437760 bytes (5745.35 MB)
write base data version: 404300, memory: 6024437760 bytes (5745.35 MB)
write base data version: 404400, memory: 6024437760 bytes (5745.35 MB)
write base data version: 404500, memory: 6024437760 bytes (5745.35 MB)
write base data version: 404600, memory: 6024437760 bytes (5745.35 MB)
write base data version: 404700, memory: 6024437760 bytes (5745.35 MB)
write base data version: 404800, memory: 6024437760 bytes (5745.35 MB)
write base data version: 404900, memory: 6024437760 bytes (5745.35 MB)
write base data version: 405000, memory: 6024437760 bytes (5745.35 MB)
write base data version: 405100, memory: 6024437760 bytes (5745.35 MB)
write base data version: 405200, memory: 6024437760 bytes (5745.35 MB)
write base data version: 405300, memory: 6024437760 bytes (5745.35 MB)
write base data version: 405400, memory: 6024437760 bytes (5745.35 MB)
write base data version: 405500, memory: 6024437760 bytes (5745.35 MB)
write base data version: 405600, memory: 6024437760 bytes (5745.35 MB)
write base data version: 405700, memory: 6024437760 bytes (5745.35 MB)
write base data version: 405800, memory: 6024437760 bytes (5745.35 MB)
write base data version: 405900, memory: 6024437760 bytes (5745.35 MB)
write base data version: 406000, memory: 6024437760 bytes (5745.35 MB)
write base data version: 406100, memory: 6024437760 bytes (5745.35 MB)
write base data version: 406200, memory: 6024437760 bytes (5745.35 MB)
write base data version: 406300, memory: 6024437760 bytes (5745.35 MB)
write base data version: 406400, memory: 6024437760 bytes (5745.35 MB)
write base data version: 406500, memory: 6024437760 bytes (5745.35 MB)
write base data version: 406600, memory: 6024437760 bytes (5745.35 MB)
write base data version: 406700, memory: 6024437760 bytes (5745.35 MB)
write base data version: 406800, memory: 6024437760 bytes (5745.35 MB)
write base data version: 406900, memory: 6024437760 bytes (5745.35 MB)
write base data version: 407000, memory: 6024437760 bytes (5745.35 MB)
write base data version: 407100, memory: 6024437760 bytes (5745.35 MB)
write base data version: 407200, memory: 6024437760 bytes (5745.35 MB)
write base data version: 407300, memory: 6024437760 bytes (5745.35 MB)
write base data version: 407400, memory: 6024437760 bytes (5745.35 MB)
write base data version: 407500, memory: 6024437760 bytes (5745.35 MB)
write base data version: 407600, memory: 6024437760 bytes (5745.35 MB)
write base data version: 407700, memory: 6024437760 bytes (5745.35 MB)
write base data version: 407800, memory: 6024437760 bytes (5745.35 MB)
write base data version: 407900, memory: 6024437760 bytes (5745.35 MB)
write base data version: 408000, memory: 6024437760 bytes (5745.35 MB)
write base data version: 408100, memory: 6024437760 bytes (5745.35 MB)
write base data version: 408200, memory: 6024437760 bytes (5745.35 MB)
write base data version: 408300, memory: 6024437760 bytes (5745.35 MB)
write base data version: 408400, memory: 6024437760 bytes (5745.35 MB)
write base data version: 408500, memory: 6024437760 bytes (5745.35 MB)
write base data version: 408600, memory: 6024437760 bytes (5745.35 MB)
write base data version: 408700, memory: 6024437760 bytes (5745.35 MB)
write base data version: 408800, memory: 6024437760 bytes (5745.35 MB)
write base data version: 408900, memory: 6024437760 bytes (5745.35 MB)
write base data version: 409000, memory: 6024437760 bytes (5745.35 MB)
write base data version: 409100, memory: 6024437760 bytes (5745.35 MB)
write base data version: 409200, memory: 6024437760 bytes (5745.35 MB)
write base data version: 409300, memory: 6024437760 bytes (5745.35 MB)
write base data version: 409400, memory: 6024437760 bytes (5745.35 MB)
write base data version: 409500, memory: 6024437760 bytes (5745.35 MB)
write base data version: 409600, memory: 6024437760 bytes (5745.35 MB)
write base data version: 409700, memory: 6024437760 bytes (5745.35 MB)
write base data version: 409800, memory: 6024437760 bytes (5745.35 MB)
write base data version: 409900, memory: 6024437760 bytes (5745.35 MB)
write base data version: 410000, memory: 6024437760 bytes (5745.35 MB)
write base data version: 410100, memory: 6024437760 bytes (5745.35 MB)
write base data version: 410200, memory: 6024437760 bytes (5745.35 MB)
write base data version: 410300, memory: 6024437760 bytes (5745.35 MB)
write base data version: 410400, memory: 6024437760 bytes (5745.35 MB)
write base data version: 410500, memory: 6024437760 bytes (5745.35 MB)
write base data version: 410600, memory: 6024437760 bytes (5745.35 MB)
write base data version: 410700, memory: 6024437760 bytes (5745.35 MB)
write base data version: 410800, memory: 6024437760 bytes (5745.35 MB)
write base data version: 410900, memory: 6024437760 bytes (5745.35 MB)
write base data version: 411000, memory: 6024437760 bytes (5745.35 MB)
write base data version: 411100, memory: 6024437760 bytes (5745.35 MB)
write base data version: 411200, memory: 6024437760 bytes (5745.35 MB)
write base data version: 411300, memory: 6024437760 bytes (5745.35 MB)
write base data version: 411400, memory: 6024437760 bytes (5745.35 MB)
write base data version: 411500, memory: 6024437760 bytes (5745.35 MB)
write base data version: 411600, memory: 6024437760 bytes (5745.35 MB)
write base data version: 411700, memory: 6024437760 bytes (5745.35 MB)
write base data version: 411800, memory: 6024437760 bytes (5745.35 MB)
write base data version: 411900, memory: 6024437760 bytes (5745.35 MB)
write base data version: 412000, memory: 6024437760 bytes (5745.35 MB)
write base data version: 412100, memory: 6024437760 bytes (5745.35 MB)
write base data version: 412200, memory: 6024437760 bytes (5745.35 MB)
write base data version: 412300, memory: 6024437760 bytes (5745.35 MB)
write base data version: 412400, memory: 6024437760 bytes (5745.35 MB)
write base data version: 412500, memory: 6024437760 bytes (5745.35 MB)
write base data version: 412600, memory: 6024437760 bytes (5745.35 MB)
write base data version: 412700, memory: 6024437760 bytes (5745.35 MB)
write base data version: 412800, memory: 6024437760 bytes (5745.35 MB)
write base data version: 412900, memory: 6024437760 bytes (5745.35 MB)
write base data version: 413000, memory: 6024437760 bytes (5745.35 MB)
write base data version: 413100, memory: 6024437760 bytes (5745.35 MB)
write base data version: 413200, memory: 6024437760 bytes (5745.35 MB)
write base data version: 413300, memory: 6024437760 bytes (5745.35 MB)
write base data version: 413400, memory: 6024437760 bytes (5745.35 MB)
write base data version: 413500, memory: 6024437760 bytes (5745.35 MB)
write base data version: 413600, memory: 6024437760 bytes (5745.35 MB)
write base data version: 413700, memory: 6024437760 bytes (5745.35 MB)
write base data version: 413800, memory: 6024437760 bytes (5745.35 MB)
write base data version: 413900, memory: 6024437760 bytes (5745.35 MB)
write base data version: 414000, memory: 6024437760 bytes (5745.35 MB)
write base data version: 414100, memory: 6024437760 bytes (5745.35 MB)
write base data version: 414200, memory: 6024437760 bytes (5745.35 MB)
write base data version: 414300, memory: 6024437760 bytes (5745.35 MB)
write base data version: 414400, memory: 6024437760 bytes (5745.35 MB)
write base data version: 414500, memory: 6024437760 bytes (5745.35 MB)
write base data version: 414600, memory: 6024437760 bytes (5745.35 MB)
write base data version: 414700, memory: 6024437760 bytes (5745.35 MB)
write base data version: 414800, memory: 6024437760 bytes (5745.35 MB)
write base data version: 414900, memory: 6024437760 bytes (5745.35 MB)
write base data version: 415000, memory: 6024437760 bytes (5745.35 MB)
write base data version: 415100, memory: 6024437760 bytes (5745.35 MB)
write base data version: 415200, memory: 6024437760 bytes (5745.35 MB)
write base data version: 415300, memory: 6024437760 bytes (5745.35 MB)
write base data version: 415400, memory: 6024437760 bytes (5745.35 MB)
write base data version: 415500, memory: 6024437760 bytes (5745.35 MB)
write base data version: 415600, memory: 6024437760 bytes (5745.35 MB)
write base data version: 415700, memory: 6024437760 bytes (5745.35 MB)
write base data version: 415800, memory: 6024437760 bytes (5745.35 MB)
write base data version: 415900, memory: 6024437760 bytes (5745.35 MB)
write base data version: 416000, memory: 6024437760 bytes (5745.35 MB)
write base data version: 416100, memory: 6024437760 bytes (5745.35 MB)
write base data version: 416200, memory: 6024437760 bytes (5745.35 MB)
write base data version: 416300, memory: 6024437760 bytes (5745.35 MB)
write base data version: 416400, memory: 6024437760 bytes (5745.35 MB)
write base data version: 416500, memory: 6024437760 bytes (5745.35 MB)
write base data version: 416600, memory: 6024437760 bytes (5745.35 MB)
write base data version: 416700, memory: 6024437760 bytes (5745.35 MB)
write base data version: 416800, memory: 6024437760 bytes (5745.35 MB)
write base data version: 416900, memory: 6024437760 bytes (5745.35 MB)
write base data version: 417000, memory: 6024437760 bytes (5745.35 MB)
write base data version: 417100, memory: 6024437760 bytes (5745.35 MB)
write base data version: 417200, memory: 6024437760 bytes (5745.35 MB)
write base data version: 417300, memory: 6024437760 bytes (5745.35 MB)
write base data version: 417400, memory: 6024437760 bytes (5745.35 MB)
write base data version: 417500, memory: 6024437760 bytes (5745.35 MB)
write base data version: 417600, memory: 6024437760 bytes (5745.35 MB)
write base data version: 417700, memory: 6024437760 bytes (5745.35 MB)
write base data version: 417800, memory: 6024437760 bytes (5745.35 MB)
write base data version: 417900, memory: 6024437760 bytes (5745.35 MB)
write base data version: 418000, memory: 6024437760 bytes (5745.35 MB)
write base data version: 418100, memory: 6024437760 bytes (5745.35 MB)
write base data version: 418200, memory: 6024437760 bytes (5745.35 MB)
write base data version: 418300, memory: 6024437760 bytes (5745.35 MB)
write base data version: 418400, memory: 6024437760 bytes (5745.35 MB)
write base data version: 418500, memory: 6024437760 bytes (5745.35 MB)
write base data version: 418600, memory: 6024437760 bytes (5745.35 MB)
write base data version: 418700, memory: 6024437760 bytes (5745.35 MB)
write base data version: 418800, memory: 6024437760 bytes (5745.35 MB)
write base data version: 418900, memory: 6024437760 bytes (5745.35 MB)
write base data version: 419000, memory: 6024437760 bytes (5745.35 MB)
write base data version: 419100, memory: 6024437760 bytes (5745.35 MB)
write base data version: 419200, memory: 6024437760 bytes (5745.35 MB)
write base data version: 419300, memory: 6024437760 bytes (5745.35 MB)
write base data version: 419400, memory: 6024437760 bytes (5745.35 MB)
write base data version: 419500, memory: 6024437760 bytes (5745.35 MB)
write base data version: 419600, memory: 6024437760 bytes (5745.35 MB)
write base data version: 419700, memory: 6024437760 bytes (5745.35 MB)
write base data version: 419800, memory: 6024437760 bytes (5745.35 MB)
write base data version: 419900, memory: 6024437760 bytes (5745.35 MB)
write base data version: 420000, memory: 6024437760 bytes (5745.35 MB)
write base data version: 420100, memory: 6024437760 bytes (5745.35 MB)
write base data version: 420200, memory: 6024437760 bytes (5745.35 MB)
write base data version: 420300, memory: 6024437760 bytes (5745.35 MB)
write base data version: 420400, memory: 6024437760 bytes (5745.35 MB)
write base data version: 420500, memory: 6024437760 bytes (5745.35 MB)
write base data version: 420600, memory: 6024437760 bytes (5745.35 MB)
write base data version: 420700, memory: 6024437760 bytes (5745.35 MB)
write base data version: 420800, memory: 6024437760 bytes (5745.35 MB)
write base data version: 420900, memory: 6024437760 bytes (5745.35 MB)
write base data version: 421000, memory: 6024437760 bytes (5745.35 MB)
write base data version: 421100, memory: 6024437760 bytes (5745.35 MB)
write base data version: 421200, memory: 6024437760 bytes (5745.35 MB)
write base data version: 421300, memory: 6024437760 bytes (5745.35 MB)
write base data version: 421400, memory: 6024437760 bytes (5745.35 MB)
write base data version: 421500, memory: 6024437760 bytes (5745.35 MB)
write base data version: 421600, memory: 6024437760 bytes (5745.35 MB)
write base data version: 421700, memory: 6024437760 bytes (5745.35 MB)
write base data version: 421800, memory: 6024437760 bytes (5745.35 MB)
write base data version: 421900, memory: 6024437760 bytes (5745.35 MB)
write base data version: 422000, memory: 6024437760 bytes (5745.35 MB)
write base data version: 422100, memory: 6024437760 bytes (5745.35 MB)
write base data version: 422200, memory: 6024437760 bytes (5745.35 MB)
write base data version: 422300, memory: 6024437760 bytes (5745.35 MB)
write base data version: 422400, memory: 6024437760 bytes (5745.35 MB)
write base data version: 422500, memory: 6024437760 bytes (5745.35 MB)
write base data version: 422600, memory: 6024437760 bytes (5745.35 MB)
write base data version: 422700, memory: 6024437760 bytes (5745.35 MB)
write base data version: 422800, memory: 6024437760 bytes (5745.35 MB)
write base data version: 422900, memory: 6024437760 bytes (5745.35 MB)
write base data version: 423000, memory: 6024437760 bytes (5745.35 MB)
write base data version: 423100, memory: 6024437760 bytes (5745.35 MB)
write base data version: 423200, memory: 6024437760 bytes (5745.35 MB)
write base data version: 423300, memory: 6024437760 bytes (5745.35 MB)
write base data version: 423400, memory: 6024437760 bytes (5745.35 MB)
write base data version: 423500, memory: 6024437760 bytes (5745.35 MB)
write base data version: 423600, memory: 6024437760 bytes (5745.35 MB)
write base data version: 423700, memory: 6024437760 bytes (5745.35 MB)
write base data version: 423800, memory: 6024437760 bytes (5745.35 MB)
write base data version: 423900, memory: 6024437760 bytes (5745.35 MB)
write base data version: 424000, memory: 6024437760 bytes (5745.35 MB)
write base data version: 424100, memory: 6024437760 bytes (5745.35 MB)
write base data version: 424200, memory: 6024437760 bytes (5745.35 MB)
write base data version: 424300, memory: 6024437760 bytes (5745.35 MB)
write base data version: 424400, memory: 6024437760 bytes (5745.35 MB)
write base data version: 424500, memory: 6024437760 bytes (5745.35 MB)
write base data version: 424600, memory: 6024437760 bytes (5745.35 MB)
write base data version: 424700, memory: 6024437760 bytes (5745.35 MB)
write base data version: 424800, memory: 6024437760 bytes (5745.35 MB)
write base data version: 424900, memory: 6024437760 bytes (5745.35 MB)
write base data version: 425000, memory: 6024437760 bytes (5745.35 MB)
write base data version: 425100, memory: 6024437760 bytes (5745.35 MB)
write base data version: 425200, memory: 6024437760 bytes (5745.35 MB)
write base data version: 425300, memory: 6024437760 bytes (5745.35 MB)
write base data version: 425400, memory: 6024437760 bytes (5745.35 MB)
write base data version: 425500, memory: 6024437760 bytes (5745.35 MB)
write base data version: 425600, memory: 6024437760 bytes (5745.35 MB)
write base data version: 425700, memory: 6024437760 bytes (5745.35 MB)
write base data version: 425800, memory: 6024437760 bytes (5745.35 MB)
write base data version: 425900, memory: 6024437760 bytes (5745.35 MB)
write base data version: 426000, memory: 6024437760 bytes (5745.35 MB)
write base data version: 426100, memory: 6024437760 bytes (5745.35 MB)
write base data version: 426200, memory: 6024437760 bytes (5745.35 MB)
write base data version: 426300, memory: 6024437760 bytes (5745.35 MB)
write base data version: 426400, memory: 6024437760 bytes (5745.35 MB)
write base data version: 426500, memory: 6024437760 bytes (5745.35 MB)
write base data version: 426600, memory: 6024437760 bytes (5745.35 MB)
write base data version: 426700, memory: 6024437760 bytes (5745.35 MB)
write base data version: 426800, memory: 6024437760 bytes (5745.35 MB)
write base data version: 426900, memory: 6024437760 bytes (5745.35 MB)
write base data version: 427000, memory: 6024437760 bytes (5745.35 MB)
write base data version: 427100, memory: 6024437760 bytes (5745.35 MB)
write base data version: 427200, memory: 6024437760 bytes (5745.35 MB)
write base data version: 427300, memory: 6024437760 bytes (5745.35 MB)
write base data version: 427400, memory: 6024437760 bytes (5745.35 MB)
write base data version: 427500, memory: 6024437760 bytes (5745.35 MB)
write base data version: 427600, memory: 6024437760 bytes (5745.35 MB)
write base data version: 427700, memory: 6024437760 bytes (5745.35 MB)
write base data version: 427800, memory: 6024437760 bytes (5745.35 MB)
write base data version: 427900, memory: 6024437760 bytes (5745.35 MB)
write base data version: 428000, memory: 6024437760 bytes (5745.35 MB)
write base data version: 428100, memory: 6024437760 bytes (5745.35 MB)
write base data version: 428200, memory: 6024437760 bytes (5745.35 MB)
write base data version: 428300, memory: 6024437760 bytes (5745.35 MB)
write base data version: 428400, memory: 6024437760 bytes (5745.35 MB)
write base data version: 428500, memory: 6024437760 bytes (5745.35 MB)
write base data version: 428600, memory: 6024437760 bytes (5745.35 MB)
write base data version: 428700, memory: 6024437760 bytes (5745.35 MB)
write base data version: 428800, memory: 6024437760 bytes (5745.35 MB)
write base data version: 428900, memory: 6024437760 bytes (5745.35 MB)
write base data version: 429000, memory: 6024437760 bytes (5745.35 MB)
write base data version: 429100, memory: 6024437760 bytes (5745.35 MB)
write base data version: 429200, memory: 6024437760 bytes (5745.35 MB)
write base data version: 429300, memory: 6024437760 bytes (5745.35 MB)
write base data version: 429400, memory: 6024437760 bytes (5745.35 MB)
write base data version: 429500, memory: 6024437760 bytes (5745.35 MB)
write base data version: 429600, memory: 6024437760 bytes (5745.35 MB)
write base data version: 429700, memory: 6024437760 bytes (5745.35 MB)
write base data version: 429800, memory: 6024437760 bytes (5745.35 MB)
write base data version: 429900, memory: 6024437760 bytes (5745.35 MB)
write base data version: 430000, memory: 6024437760 bytes (5745.35 MB)
write base data version: 430100, memory: 6024437760 bytes (5745.35 MB)
write base data version: 430200, memory: 6024437760 bytes (5745.35 MB)
write base data version: 430300, memory: 6024437760 bytes (5745.35 MB)
write base data version: 430400, memory: 6024437760 bytes (5745.35 MB)
write base data version: 430500, memory: 6024437760 bytes (5745.35 MB)
write base data version: 430600, memory: 6024437760 bytes (5745.35 MB)
write base data version: 430700, memory: 6024437760 bytes (5745.35 MB)
write base data version: 430800, memory: 6024437760 bytes (5745.35 MB)
write base data version: 430900, memory: 6024437760 bytes (5745.35 MB)
write base data version: 431000, memory: 6024437760 bytes (5745.35 MB)
write base data version: 431100, memory: 6024437760 bytes (5745.35 MB)
write base data version: 431200, memory: 6024437760 bytes (5745.35 MB)
write base data version: 431300, memory: 6024437760 bytes (5745.35 MB)
write base data version: 431400, memory: 6024437760 bytes (5745.35 MB)
write base data version: 431500, memory: 6024437760 bytes (5745.35 MB)
write base data version: 431600, memory: 6024437760 bytes (5745.35 MB)
write base data version: 431700, memory: 6024437760 bytes (5745.35 MB)
write base data version: 431800, memory: 6024437760 bytes (5745.35 MB)
write base data version: 431900, memory: 6024437760 bytes (5745.35 MB)
write base data version: 432000, memory: 6024437760 bytes (5745.35 MB)
write base data version: 432100, memory: 6024437760 bytes (5745.35 MB)
write base data version: 432200, memory: 6024437760 bytes (5745.35 MB)
write base data version: 432300, memory: 6024437760 bytes (5745.35 MB)
write base data version: 432400, memory: 6024437760 bytes (5745.35 MB)
write base data version: 432500, memory: 6024437760 bytes (5745.35 MB)
write base data version: 432600, memory: 6024437760 bytes (5745.35 MB)
write base data version: 432700, memory: 6024437760 bytes (5745.35 MB)
write base data version: 432800, memory: 6024437760 bytes (5745.35 MB)
write base data version: 432900, memory: 6024437760 bytes (5745.35 MB)
write base data version: 433000, memory: 6024437760 bytes (5745.35 MB)
write base data version: 433100, memory: 6024437760 bytes (5745.35 MB)
write base data version: 433200, memory: 6024437760 bytes (5745.35 MB)
write base data version: 433300, memory: 6024437760 bytes (5745.35 MB)
write base data version: 433400, memory: 6024437760 bytes (5745.35 MB)
write base data version: 433500, memory: 6024437760 bytes (5745.35 MB)
write base data version: 433600, memory: 6024437760 bytes (5745.35 MB)
write base data version: 433700, memory: 6024437760 bytes (5745.35 MB)
write base data version: 433800, memory: 6024437760 bytes (5745.35 MB)
write base data version: 433900, memory: 6024437760 bytes (5745.35 MB)
write base data version: 434000, memory: 6024437760 bytes (5745.35 MB)
write base data version: 434100, memory: 6024437760 bytes (5745.35 MB)
write base data version: 434200, memory: 6024437760 bytes (5745.35 MB)
write base data version: 434300, memory: 6024437760 bytes (5745.35 MB)
write base data version: 434400, memory: 6024437760 bytes (5745.35 MB)
write base data version: 434500, memory: 6024437760 bytes (5745.35 MB)
write base data version: 434600, memory: 6024437760 bytes (5745.35 MB)
write base data version: 434700, memory: 6024437760 bytes (5745.35 MB)
write base data version: 434800, memory: 6024437760 bytes (5745.35 MB)
write base data version: 434900, memory: 6024437760 bytes (5745.35 MB)
write base data version: 435000, memory: 6024437760 bytes (5745.35 MB)
write base data version: 435100, memory: 6024437760 bytes (5745.35 MB)
write base data version: 435200, memory: 6024437760 bytes (5745.35 MB)
write base data version: 435300, memory: 6024437760 bytes (5745.35 MB)
write base data version: 435400, memory: 6024437760 bytes (5745.35 MB)
write base data version: 435500, memory: 6024437760 bytes (5745.35 MB)
write base data version: 435600, memory: 6024437760 bytes (5745.35 MB)
write base data version: 435700, memory: 6024437760 bytes (5745.35 MB)
write base data version: 435800, memory: 6024437760 bytes (5745.35 MB)
write base data version: 435900, memory: 6024437760 bytes (5745.35 MB)
write base data version: 436000, memory: 6024437760 bytes (5745.35 MB)
write base data version: 436100, memory: 6024437760 bytes (5745.35 MB)
write base data version: 436200, memory: 6024437760 bytes (5745.35 MB)
write base data version: 436300, memory: 6024437760 bytes (5745.35 MB)
write base data version: 436400, memory: 6024437760 bytes (5745.35 MB)
write base data version: 436500, memory: 6024437760 bytes (5745.35 MB)
write base data version: 436600, memory: 6024437760 bytes (5745.35 MB)
write base data version: 436700, memory: 6024437760 bytes (5745.35 MB)
write base data version: 436800, memory: 6024437760 bytes (5745.35 MB)
write base data version: 436900, memory: 6024437760 bytes (5745.35 MB)
write base data version: 437000, memory: 6024437760 bytes (5745.35 MB)
write base data version: 437100, memory: 6024437760 bytes (5745.35 MB)
write base data version: 437200, memory: 6024437760 bytes (5745.35 MB)
write base data version: 437300, memory: 6024437760 bytes (5745.35 MB)
write base data version: 437400, memory: 6024437760 bytes (5745.35 MB)
write base data version: 437500, memory: 6024437760 bytes (5745.35 MB)
write base data version: 437600, memory: 6024437760 bytes (5745.35 MB)
write base data version: 437700, memory: 6024437760 bytes (5745.35 MB)
write base data version: 437800, memory: 6024437760 bytes (5745.35 MB)
write base data version: 437900, memory: 6024437760 bytes (5745.35 MB)
write base data version: 438000, memory: 6024437760 bytes (5745.35 MB)
write base data version: 438100, memory: 6024437760 bytes (5745.35 MB)
write base data version: 438200, memory: 6024437760 bytes (5745.35 MB)
write base data version: 438300, memory: 6024437760 bytes (5745.35 MB)
write base data version: 438400, memory: 6024437760 bytes (5745.35 MB)
write base data version: 438500, memory: 6024437760 bytes (5745.35 MB)
write base data version: 438600, memory: 6024437760 bytes (5745.35 MB)
write base data version: 438700, memory: 6024437760 bytes (5745.35 MB)
write base data version: 438800, memory: 6024437760 bytes (5745.35 MB)
write base data version: 438900, memory: 6024437760 bytes (5745.35 MB)
write base data version: 439000, memory: 6024437760 bytes (5745.35 MB)
write base data version: 439100, memory: 6024437760 bytes (5745.35 MB)
write base data version: 439200, memory: 6024437760 bytes (5745.35 MB)
write base data version: 439300, memory: 6024437760 bytes (5745.35 MB)
write base data version: 439400, memory: 6024437760 bytes (5745.35 MB)
write base data version: 439500, memory: 6024437760 bytes (5745.35 MB)
write base data version: 439600, memory: 6024437760 bytes (5745.35 MB)
write base data version: 439700, memory: 6024437760 bytes (5745.35 MB)
write base data version: 439800, memory: 6024437760 bytes (5745.35 MB)
write base data version: 439900, memory: 6024437760 bytes (5745.35 MB)
write base data version: 440000, memory: 6024437760 bytes (5745.35 MB)
write base data version: 440100, memory: 6024437760 bytes (5745.35 MB)
write base data version: 440200, memory: 6024437760 bytes (5745.35 MB)
write base data version: 440300, memory: 6024437760 bytes (5745.35 MB)
write base data version: 440400, memory: 6024437760 bytes (5745.35 MB)
write base data version: 440500, memory: 6024437760 bytes (5745.35 MB)
write base data version: 440600, memory: 6024437760 bytes (5745.35 MB)
write base data version: 440700, memory: 6024437760 bytes (5745.35 MB)
write base data version: 440800, memory: 6024437760 bytes (5745.35 MB)
write base data version: 440900, memory: 6024437760 bytes (5745.35 MB)
write base data version: 441000, memory: 6024437760 bytes (5745.35 MB)
write base data version: 441100, memory: 6024437760 bytes (5745.35 MB)
write base data version: 441200, memory: 6024437760 bytes (5745.35 MB)
write base data version: 441300, memory: 6024437760 bytes (5745.35 MB)
write base data version: 441400, memory: 6024437760 bytes (5745.35 MB)
write base data version: 441500, memory: 6024437760 bytes (5745.35 MB)
write base data version: 441600, memory: 6024437760 bytes (5745.35 MB)
write base data version: 441700, memory: 6024437760 bytes (5745.35 MB)
write base data version: 441800, memory: 6024437760 bytes (5745.35 MB)
write base data version: 441900, memory: 6024437760 bytes (5745.35 MB)
write base data version: 442000, memory: 6024437760 bytes (5745.35 MB)
write base data version: 442100, memory: 6024437760 bytes (5745.35 MB)
write base data version: 442200, memory: 6024437760 bytes (5745.35 MB)
write base data version: 442300, memory: 6024437760 bytes (5745.35 MB)
write base data version: 442400, memory: 6024437760 bytes (5745.35 MB)
write base data version: 442500, memory: 6024437760 bytes (5745.35 MB)
write base data version: 442600, memory: 6024437760 bytes (5745.35 MB)
write base data version: 442700, memory: 6024437760 bytes (5745.35 MB)
write base data version: 442800, memory: 6024437760 bytes (5745.35 MB)
write base data version: 442900, memory: 6024437760 bytes (5745.35 MB)
write base data version: 443000, memory: 6024437760 bytes (5745.35 MB)
write base data version: 443100, memory: 6024437760 bytes (5745.35 MB)
write base data version: 443200, memory: 6024437760 bytes (5745.35 MB)
write base data version: 443300, memory: 6024437760 bytes (5745.35 MB)
write base data version: 443400, memory: 6024437760 bytes (5745.35 MB)
write base data version: 443500, memory: 6024437760 bytes (5745.35 MB)
write base data version: 443600, memory: 6024437760 bytes (5745.35 MB)
write base data version: 443700, memory: 6024437760 bytes (5745.35 MB)
write base data version: 443800, memory: 6024437760 bytes (5745.35 MB)
write base data version: 443900, memory: 6024437760 bytes (5745.35 MB)
write base data version: 444000, memory: 6024437760 bytes (5745.35 MB)
write base data version: 444100, memory: 6024437760 bytes (5745.35 MB)
write base data version: 444200, memory: 6024437760 bytes (5745.35 MB)
write base data version: 444300, memory: 6024437760 bytes (5745.35 MB)
write base data version: 444400, memory: 6024437760 bytes (5745.35 MB)
write base data version: 444500, memory: 6024437760 bytes (5745.35 MB)
write base data version: 444600, memory: 6024437760 bytes (5745.35 MB)
write base data version: 444700, memory: 6024437760 bytes (5745.35 MB)
write base data version: 444800, memory: 6024437760 bytes (5745.35 MB)
write base data version: 444900, memory: 6024437760 bytes (5745.35 MB)
write base data version: 445000, memory: 6024437760 bytes (5745.35 MB)
write base data version: 445100, memory: 6024437760 bytes (5745.35 MB)
write base data version: 445200, memory: 6024437760 bytes (5745.35 MB)
write base data version: 445300, memory: 6024437760 bytes (5745.35 MB)
write base data version: 445400, memory: 6024437760 bytes (5745.35 MB)
write base data version: 445500, memory: 6024437760 bytes (5745.35 MB)
write base data version: 445600, memory: 6024437760 bytes (5745.35 MB)
write base data version: 445700, memory: 6024437760 bytes (5745.35 MB)
write base data version: 445800, memory: 6024437760 bytes (5745.35 MB)
write base data version: 445900, memory: 6024437760 bytes (5745.35 MB)
write base data version: 446000, memory: 6024437760 bytes (5745.35 MB)
write base data version: 446100, memory: 6024437760 bytes (5745.35 MB)
write base data version: 446200, memory: 6024437760 bytes (5745.35 MB)
write base data version: 446300, memory: 6024437760 bytes (5745.35 MB)
write base data version: 446400, memory: 6024437760 bytes (5745.35 MB)
write base data version: 446500, memory: 6024437760 bytes (5745.35 MB)
write base data version: 446600, memory: 6024437760 bytes (5745.35 MB)
write base data version: 446700, memory: 6024437760 bytes (5745.35 MB)
write base data version: 446800, memory: 6024437760 bytes (5745.35 MB)
write base data version: 446900, memory: 6024437760 bytes (5745.35 MB)
write base data version: 447000, memory: 6024437760 bytes (5745.35 MB)
write base data version: 447100, memory: 6024437760 bytes (5745.35 MB)
write base data version: 447200, memory: 6024437760 bytes (5745.35 MB)
write base data version: 447300, memory: 6024437760 bytes (5745.35 MB)
write base data version: 447400, memory: 6024437760 bytes (5745.35 MB)
write base data version: 447500, memory: 6024437760 bytes (5745.35 MB)
write base data version: 447600, memory: 6024437760 bytes (5745.35 MB)
write base data version: 447700, memory: 6024437760 bytes (5745.35 MB)
write base data version: 447800, memory: 6024437760 bytes (5745.35 MB)
write base data version: 447900, memory: 6024437760 bytes (5745.35 MB)
write base data version: 448000, memory: 6024437760 bytes (5745.35 MB)
write base data version: 448100, memory: 6024437760 bytes (5745.35 MB)
write base data version: 448200, memory: 6024437760 bytes (5745.35 MB)
write base data version: 448300, memory: 6024437760 bytes (5745.35 MB)
write base data version: 448400, memory: 6024437760 bytes (5745.35 MB)
write base data version: 448500, memory: 6024437760 bytes (5745.35 MB)
write base data version: 448600, memory: 6024437760 bytes (5745.35 MB)
write base data version: 448700, memory: 6024437760 bytes (5745.35 MB)
write base data version: 448800, memory: 6024437760 bytes (5745.35 MB)
write base data version: 448900, memory: 6024437760 bytes (5745.35 MB)
write base data version: 449000, memory: 6024437760 bytes (5745.35 MB)
write base data version: 449100, memory: 6024437760 bytes (5745.35 MB)
write base data version: 449200, memory: 6024437760 bytes (5745.35 MB)
write base data version: 449300, memory: 6024437760 bytes (5745.35 MB)
write base data version: 449400, memory: 6024437760 bytes (5745.35 MB)
write base data version: 449500, memory: 6024437760 bytes (5745.35 MB)
write base data version: 449600, memory: 6024437760 bytes (5745.35 MB)
write base data version: 449700, memory: 6024437760 bytes (5745.35 MB)
write base data version: 449800, memory: 6024437760 bytes (5745.35 MB)
write base data version: 449900, memory: 6024437760 bytes (5745.35 MB)
write base data version: 450000, memory: 6024437760 bytes (5745.35 MB)
write base data version: 450100, memory: 6024437760 bytes (5745.35 MB)
write base data version: 450200, memory: 6024437760 bytes (5745.35 MB)
write base data version: 450300, memory: 6024437760 bytes (5745.35 MB)
write base data version: 450400, memory: 6024437760 bytes (5745.35 MB)
write base data version: 450500, memory: 6024437760 bytes (5745.35 MB)
write base data version: 450600, memory: 6024437760 bytes (5745.35 MB)
write base data version: 450700, memory: 6024437760 bytes (5745.35 MB)
write base data version: 450800, memory: 6024437760 bytes (5745.35 MB)
write base data version: 450900, memory: 6024437760 bytes (5745.35 MB)
write base data version: 451000, memory: 6024437760 bytes (5745.35 MB)
write base data version: 451100, memory: 6024437760 bytes (5745.35 MB)
write base data version: 451200, memory: 6024437760 bytes (5745.35 MB)
write base data version: 451300, memory: 6024437760 bytes (5745.35 MB)
write base data version: 451400, memory: 6024437760 bytes (5745.35 MB)
write base data version: 451500, memory: 6024437760 bytes (5745.35 MB)
write base data version: 451600, memory: 6024437760 bytes (5745.35 MB)
write base data version: 451700, memory: 6024437760 bytes (5745.35 MB)
write base data version: 451800, memory: 6024437760 bytes (5745.35 MB)
write base data version: 451900, memory: 6024437760 bytes (5745.35 MB)
write base data version: 452000, memory: 6024437760 bytes (5745.35 MB)
write base data version: 452100, memory: 6024437760 bytes (5745.35 MB)
write base data version: 452200, memory: 6024437760 bytes (5745.35 MB)
write base data version: 452300, memory: 6024437760 bytes (5745.35 MB)
write base data version: 452400, memory: 6024437760 bytes (5745.35 MB)
write base data version: 452500, memory: 6024437760 bytes (5745.35 MB)
write base data version: 452600, memory: 6024437760 bytes (5745.35 MB)
write base data version: 452700, memory: 6024437760 bytes (5745.35 MB)
write base data version: 452800, memory: 6024437760 bytes (5745.35 MB)
write base data version: 452900, memory: 6024437760 bytes (5745.35 MB)
write base data version: 453000, memory: 6024437760 bytes (5745.35 MB)
write base data version: 453100, memory: 6024437760 bytes (5745.35 MB)
write base data version: 453200, memory: 6024437760 bytes (5745.35 MB)
write base data version: 453300, memory: 6024437760 bytes (5745.35 MB)
write base data version: 453400, memory: 6024437760 bytes (5745.35 MB)
write base data version: 453500, memory: 6024437760 bytes (5745.35 MB)
write base data version: 453600, memory: 6024437760 bytes (5745.35 MB)
write base data version: 453700, memory: 6024437760 bytes (5745.35 MB)
write base data version: 453800, memory: 6024437760 bytes (5745.35 MB)
write base data version: 453900, memory: 6024437760 bytes (5745.35 MB)
write base data version: 454000, memory: 6024437760 bytes (5745.35 MB)
write base data version: 454100, memory: 6024437760 bytes (5745.35 MB)
write base data version: 454200, memory: 6024437760 bytes (5745.35 MB)
write base data version: 454300, memory: 6024437760 bytes (5745.35 MB)
write base data version: 454400, memory: 6024437760 bytes (5745.35 MB)
write base data version: 454500, memory: 6024437760 bytes (5745.35 MB)
write base data version: 454600, memory: 6024437760 bytes (5745.35 MB)
write base data version: 454700, memory: 6046724096 bytes (5766.61 MB)
write base data version: 454800, memory: 6055231488 bytes (5774.72 MB)
write base data version: 454900, memory: 6055231488 bytes (5774.72 MB)
write base data version: 455000, memory: 6055264256 bytes (5774.75 MB)
write base data version: 455100, memory: 6055264256 bytes (5774.75 MB)
write base data version: 455200, memory: 6055264256 bytes (5774.75 MB)
write base data version: 455300, memory: 6055264256 bytes (5774.75 MB)
write base data version: 455400, memory: 6055264256 bytes (5774.75 MB)
write base data version: 455500, memory: 6055264256 bytes (5774.75 MB)
write base data version: 455600, memory: 6055264256 bytes (5774.75 MB)
write base data version: 455700, memory: 6055264256 bytes (5774.75 MB)
write base data version: 455800, memory: 6055264256 bytes (5774.75 MB)
write base data version: 455900, memory: 6055264256 bytes (5774.75 MB)
write base data version: 456000, memory: 6055264256 bytes (5774.75 MB)
write base data version: 456100, memory: 6055264256 bytes (5774.75 MB)
write base data version: 456200, memory: 6055264256 bytes (5774.75 MB)
write base data version: 456300, memory: 6055264256 bytes (5774.75 MB)
write base data version: 456400, memory: 6055264256 bytes (5774.75 MB)
write base data version: 456500, memory: 6055264256 bytes (5774.75 MB)
write base data version: 456600, memory: 6055264256 bytes (5774.75 MB)
write base data version: 456700, memory: 6055264256 bytes (5774.75 MB)
write base data version: 456800, memory: 6055264256 bytes (5774.75 MB)
write base data version: 456900, memory: 6055264256 bytes (5774.75 MB)
write base data version: 457000, memory: 6055264256 bytes (5774.75 MB)
write base data version: 457100, memory: 6055264256 bytes (5774.75 MB)
write base data version: 457200, memory: 6055264256 bytes (5774.75 MB)
write base data version: 457300, memory: 6055264256 bytes (5774.75 MB)
write base data version: 457400, memory: 6055264256 bytes (5774.75 MB)
write base data version: 457500, memory: 6055264256 bytes (5774.75 MB)
write base data version: 457600, memory: 6055264256 bytes (5774.75 MB)
write base data version: 457700, memory: 6055264256 bytes (5774.75 MB)
write base data version: 457800, memory: 6055264256 bytes (5774.75 MB)
write base data version: 457900, memory: 6055264256 bytes (5774.75 MB)
write base data version: 458000, memory: 6055264256 bytes (5774.75 MB)
write base data version: 458100, memory: 6055264256 bytes (5774.75 MB)
write base data version: 458200, memory: 6055264256 bytes (5774.75 MB)
write base data version: 458300, memory: 6055264256 bytes (5774.75 MB)
write base data version: 458400, memory: 6055264256 bytes (5774.75 MB)
write base data version: 458500, memory: 6055264256 bytes (5774.75 MB)
write base data version: 458600, memory: 6055264256 bytes (5774.75 MB)
write base data version: 458700, memory: 6055264256 bytes (5774.75 MB)
write base data version: 458800, memory: 6055264256 bytes (5774.75 MB)
write base data version: 458900, memory: 6055264256 bytes (5774.75 MB)
write base data version: 459000, memory: 6055264256 bytes (5774.75 MB)
write base data version: 459100, memory: 6055264256 bytes (5774.75 MB)
write base data version: 459200, memory: 6055264256 bytes (5774.75 MB)
write base data version: 459300, memory: 6055264256 bytes (5774.75 MB)
write base data version: 459400, memory: 6055264256 bytes (5774.75 MB)
write base data version: 459500, memory: 6055264256 bytes (5774.75 MB)
write base data version: 459600, memory: 6055264256 bytes (5774.75 MB)
write base data version: 459700, memory: 6055264256 bytes (5774.75 MB)
write base data version: 459800, memory: 6055264256 bytes (5774.75 MB)
write base data version: 459900, memory: 6055264256 bytes (5774.75 MB)
write base data version: 460000, memory: 6055264256 bytes (5774.75 MB)
write base data version: 460100, memory: 6055264256 bytes (5774.75 MB)
write base data version: 460200, memory: 6055264256 bytes (5774.75 MB)
write base data version: 460300, memory: 6055264256 bytes (5774.75 MB)
write base data version: 460400, memory: 6055264256 bytes (5774.75 MB)
write base data version: 460500, memory: 6055264256 bytes (5774.75 MB)
write base data version: 460600, memory: 6055264256 bytes (5774.75 MB)
write base data version: 460700, memory: 6055264256 bytes (5774.75 MB)
write base data version: 460800, memory: 6055264256 bytes (5774.75 MB)
write base data version: 460900, memory: 6055264256 bytes (5774.75 MB)
write base data version: 461000, memory: 6055264256 bytes (5774.75 MB)
write base data version: 461100, memory: 6055264256 bytes (5774.75 MB)
write base data version: 461200, memory: 6055264256 bytes (5774.75 MB)
write base data version: 461300, memory: 6055264256 bytes (5774.75 MB)
write base data version: 461400, memory: 6055264256 bytes (5774.75 MB)
write base data version: 461500, memory: 6055264256 bytes (5774.75 MB)
write base data version: 461600, memory: 6055264256 bytes (5774.75 MB)
write base data version: 461700, memory: 6055264256 bytes (5774.75 MB)
write base data version: 461800, memory: 6055264256 bytes (5774.75 MB)
write base data version: 461900, memory: 6055264256 bytes (5774.75 MB)
write base data version: 462000, memory: 6055264256 bytes (5774.75 MB)
write base data version: 462100, memory: 6055264256 bytes (5774.75 MB)
write base data version: 462200, memory: 6055264256 bytes (5774.75 MB)
write base data version: 462300, memory: 6055264256 bytes (5774.75 MB)
write base data version: 462400, memory: 6055264256 bytes (5774.75 MB)
write base data version: 462500, memory: 6055264256 bytes (5774.75 MB)
write base data version: 462600, memory: 6055264256 bytes (5774.75 MB)
write base data version: 462700, memory: 6055264256 bytes (5774.75 MB)
write base data version: 462800, memory: 6055264256 bytes (5774.75 MB)
write base data version: 462900, memory: 6055264256 bytes (5774.75 MB)
write base data version: 463000, memory: 6055264256 bytes (5774.75 MB)
write base data version: 463100, memory: 6055264256 bytes (5774.75 MB)
write base data version: 463200, memory: 6055264256 bytes (5774.75 MB)
write base data version: 463300, memory: 6055264256 bytes (5774.75 MB)
write base data version: 463400, memory: 6055264256 bytes (5774.75 MB)
write base data version: 463500, memory: 6055264256 bytes (5774.75 MB)
write base data version: 463600, memory: 6055264256 bytes (5774.75 MB)
write base data version: 463700, memory: 6055264256 bytes (5774.75 MB)
write base data version: 463800, memory: 6055264256 bytes (5774.75 MB)
write base data version: 463900, memory: 6055264256 bytes (5774.75 MB)
write base data version: 464000, memory: 6055264256 bytes (5774.75 MB)
write base data version: 464100, memory: 6055264256 bytes (5774.75 MB)
write base data version: 464200, memory: 6055264256 bytes (5774.75 MB)
write base data version: 464300, memory: 6055264256 bytes (5774.75 MB)
write base data version: 464400, memory: 6055264256 bytes (5774.75 MB)
write base data version: 464500, memory: 6055264256 bytes (5774.75 MB)
write base data version: 464600, memory: 6055264256 bytes (5774.75 MB)
write base data version: 464700, memory: 6055264256 bytes (5774.75 MB)
write base data version: 464800, memory: 6055264256 bytes (5774.75 MB)
write base data version: 464900, memory: 6055264256 bytes (5774.75 MB)
write base data version: 465000, memory: 6055264256 bytes (5774.75 MB)
write base data version: 465100, memory: 6055264256 bytes (5774.75 MB)
write base data version: 465200, memory: 6055264256 bytes (5774.75 MB)
write base data version: 465300, memory: 6055264256 bytes (5774.75 MB)
write base data version: 465400, memory: 6055264256 bytes (5774.75 MB)
write base data version: 465500, memory: 6055264256 bytes (5774.75 MB)
write base data version: 465600, memory: 6055264256 bytes (5774.75 MB)
write base data version: 465700, memory: 6055264256 bytes (5774.75 MB)
write base data version: 465800, memory: 6055264256 bytes (5774.75 MB)
write base data version: 465900, memory: 6055264256 bytes (5774.75 MB)
write base data version: 466000, memory: 6055264256 bytes (5774.75 MB)
write base data version: 466100, memory: 6055264256 bytes (5774.75 MB)
write base data version: 466200, memory: 6055264256 bytes (5774.75 MB)
write base data version: 466300, memory: 6055264256 bytes (5774.75 MB)
write base data version: 466400, memory: 6055264256 bytes (5774.75 MB)
write base data version: 466500, memory: 6055264256 bytes (5774.75 MB)
write base data version: 466600, memory: 6055264256 bytes (5774.75 MB)
write base data version: 466700, memory: 6055264256 bytes (5774.75 MB)
write base data version: 466800, memory: 6055264256 bytes (5774.75 MB)
write base data version: 466900, memory: 6055264256 bytes (5774.75 MB)
write base data version: 467000, memory: 6055264256 bytes (5774.75 MB)
write base data version: 467100, memory: 6055264256 bytes (5774.75 MB)
write base data version: 467200, memory: 6055264256 bytes (5774.75 MB)
write base data version: 467300, memory: 6055264256 bytes (5774.75 MB)
write base data version: 467400, memory: 6055264256 bytes (5774.75 MB)
write base data version: 467500, memory: 6055264256 bytes (5774.75 MB)
write base data version: 467600, memory: 6055264256 bytes (5774.75 MB)
write base data version: 467700, memory: 6055264256 bytes (5774.75 MB)
write base data version: 467800, memory: 6055264256 bytes (5774.75 MB)
write base data version: 467900, memory: 6055264256 bytes (5774.75 MB)
write base data version: 468000, memory: 6055264256 bytes (5774.75 MB)
write base data version: 468100, memory: 6055264256 bytes (5774.75 MB)
write base data version: 468200, memory: 6055264256 bytes (5774.75 MB)
write base data version: 468300, memory: 6055264256 bytes (5774.75 MB)
write base data version: 468400, memory: 6055264256 bytes (5774.75 MB)
write base data version: 468500, memory: 6055264256 bytes (5774.75 MB)
write base data version: 468600, memory: 6055264256 bytes (5774.75 MB)
write base data version: 468700, memory: 6055264256 bytes (5774.75 MB)
write base data version: 468800, memory: 6055264256 bytes (5774.75 MB)
write base data version: 468900, memory: 6055264256 bytes (5774.75 MB)
write base data version: 469000, memory: 6055264256 bytes (5774.75 MB)
write base data version: 469100, memory: 6055264256 bytes (5774.75 MB)
write base data version: 469200, memory: 6055264256 bytes (5774.75 MB)
write base data version: 469300, memory: 6055264256 bytes (5774.75 MB)
write base data version: 469400, memory: 6055264256 bytes (5774.75 MB)
write base data version: 469500, memory: 6055264256 bytes (5774.75 MB)
write base data version: 469600, memory: 6055264256 bytes (5774.75 MB)
write base data version: 469700, memory: 6055264256 bytes (5774.75 MB)
write base data version: 469800, memory: 6055264256 bytes (5774.75 MB)
write base data version: 469900, memory: 6055264256 bytes (5774.75 MB)
write base data version: 470000, memory: 6055264256 bytes (5774.75 MB)
write base data version: 470100, memory: 6055264256 bytes (5774.75 MB)
write base data version: 470200, memory: 6055264256 bytes (5774.75 MB)
write base data version: 470300, memory: 6055264256 bytes (5774.75 MB)
write base data version: 470400, memory: 6055264256 bytes (5774.75 MB)
write base data version: 470500, memory: 6055264256 bytes (5774.75 MB)
write base data version: 470600, memory: 6055264256 bytes (5774.75 MB)
write base data version: 470700, memory: 6055264256 bytes (5774.75 MB)
write base data version: 470800, memory: 6055264256 bytes (5774.75 MB)
write base data version: 470900, memory: 6055264256 bytes (5774.75 MB)
write base data version: 471000, memory: 6055264256 bytes (5774.75 MB)
write base data version: 471100, memory: 6055264256 bytes (5774.75 MB)
write base data version: 471200, memory: 6055264256 bytes (5774.75 MB)
write base data version: 471300, memory: 6055264256 bytes (5774.75 MB)
write base data version: 471400, memory: 6055264256 bytes (5774.75 MB)
write base data version: 471500, memory: 6055264256 bytes (5774.75 MB)
write base data version: 471600, memory: 6055264256 bytes (5774.75 MB)
write base data version: 471700, memory: 6055264256 bytes (5774.75 MB)
write base data version: 471800, memory: 6055264256 bytes (5774.75 MB)
write base data version: 471900, memory: 6055264256 bytes (5774.75 MB)
write base data version: 472000, memory: 6055264256 bytes (5774.75 MB)
write base data version: 472100, memory: 6055264256 bytes (5774.75 MB)
write base data version: 472200, memory: 6055264256 bytes (5774.75 MB)
write base data version: 472300, memory: 6055264256 bytes (5774.75 MB)
write base data version: 472400, memory: 6055264256 bytes (5774.75 MB)
write base data version: 472500, memory: 6055264256 bytes (5774.75 MB)
write base data version: 472600, memory: 6055264256 bytes (5774.75 MB)
write base data version: 472700, memory: 6055264256 bytes (5774.75 MB)
write base data version: 472800, memory: 6055264256 bytes (5774.75 MB)
write base data version: 472900, memory: 6055264256 bytes (5774.75 MB)
write base data version: 473000, memory: 6055264256 bytes (5774.75 MB)
write base data version: 473100, memory: 6055264256 bytes (5774.75 MB)
write base data version: 473200, memory: 6055264256 bytes (5774.75 MB)
write base data version: 473300, memory: 6055264256 bytes (5774.75 MB)
write base data version: 473400, memory: 6055264256 bytes (5774.75 MB)
write base data version: 473500, memory: 6055264256 bytes (5774.75 MB)
write base data version: 473600, memory: 6055264256 bytes (5774.75 MB)
write base data version: 473700, memory: 6055264256 bytes (5774.75 MB)
write base data version: 473800, memory: 6055264256 bytes (5774.75 MB)
write base data version: 473900, memory: 6055264256 bytes (5774.75 MB)
write base data version: 474000, memory: 6055264256 bytes (5774.75 MB)
write base data version: 474100, memory: 6055264256 bytes (5774.75 MB)
write base data version: 474200, memory: 6055264256 bytes (5774.75 MB)
write base data version: 474300, memory: 6055264256 bytes (5774.75 MB)
write base data version: 474400, memory: 6055264256 bytes (5774.75 MB)
write base data version: 474500, memory: 6055264256 bytes (5774.75 MB)
write base data version: 474600, memory: 6055264256 bytes (5774.75 MB)
write base data version: 474700, memory: 6055264256 bytes (5774.75 MB)
write base data version: 474800, memory: 6055264256 bytes (5774.75 MB)
write base data version: 474900, memory: 6055264256 bytes (5774.75 MB)
write base data version: 475000, memory: 6055264256 bytes (5774.75 MB)
write base data version: 475100, memory: 6055264256 bytes (5774.75 MB)
write base data version: 475200, memory: 6055264256 bytes (5774.75 MB)
write base data version: 475300, memory: 6055264256 bytes (5774.75 MB)
write base data version: 475400, memory: 6055264256 bytes (5774.75 MB)
write base data version: 475500, memory: 6055264256 bytes (5774.75 MB)
write base data version: 475600, memory: 6055264256 bytes (5774.75 MB)
write base data version: 475700, memory: 6055264256 bytes (5774.75 MB)
write base data version: 475800, memory: 6055264256 bytes (5774.75 MB)
write base data version: 475900, memory: 6055264256 bytes (5774.75 MB)
write base data version: 476000, memory: 6055264256 bytes (5774.75 MB)
write base data version: 476100, memory: 6055264256 bytes (5774.75 MB)
write base data version: 476200, memory: 6055264256 bytes (5774.75 MB)
write base data version: 476300, memory: 6055264256 bytes (5774.75 MB)
write base data version: 476400, memory: 6055264256 bytes (5774.75 MB)
write base data version: 476500, memory: 6055264256 bytes (5774.75 MB)
write base data version: 476600, memory: 6055264256 bytes (5774.75 MB)
write base data version: 476700, memory: 6055264256 bytes (5774.75 MB)
write base data version: 476800, memory: 6055264256 bytes (5774.75 MB)
write base data version: 476900, memory: 6055264256 bytes (5774.75 MB)
write base data version: 477000, memory: 6055264256 bytes (5774.75 MB)
write base data version: 477100, memory: 6055264256 bytes (5774.75 MB)
write base data version: 477200, memory: 6055264256 bytes (5774.75 MB)
write base data version: 477300, memory: 6055264256 bytes (5774.75 MB)
write base data version: 477400, memory: 6055264256 bytes (5774.75 MB)
write base data version: 477500, memory: 6055264256 bytes (5774.75 MB)
write base data version: 477600, memory: 6055264256 bytes (5774.75 MB)
write base data version: 477700, memory: 6055264256 bytes (5774.75 MB)
write base data version: 477800, memory: 6055264256 bytes (5774.75 MB)
write base data version: 477900, memory: 6055264256 bytes (5774.75 MB)
write base data version: 478000, memory: 6055264256 bytes (5774.75 MB)
write base data version: 478100, memory: 6055264256 bytes (5774.75 MB)
write base data version: 478200, memory: 6055264256 bytes (5774.75 MB)
write base data version: 478300, memory: 6055264256 bytes (5774.75 MB)
write base data version: 478400, memory: 6055264256 bytes (5774.75 MB)
write base data version: 478500, memory: 6055264256 bytes (5774.75 MB)
write base data version: 478600, memory: 6055264256 bytes (5774.75 MB)
write base data version: 478700, memory: 6055264256 bytes (5774.75 MB)
write base data version: 478800, memory: 6055264256 bytes (5774.75 MB)
write base data version: 478900, memory: 6055264256 bytes (5774.75 MB)
write base data version: 479000, memory: 6055264256 bytes (5774.75 MB)
write base data version: 479100, memory: 6055264256 bytes (5774.75 MB)
write base data version: 479200, memory: 6055264256 bytes (5774.75 MB)
write base data version: 479300, memory: 6055264256 bytes (5774.75 MB)
write base data version: 479400, memory: 6055264256 bytes (5774.75 MB)
write base data version: 479500, memory: 6055264256 bytes (5774.75 MB)
write base data version: 479600, memory: 6055264256 bytes (5774.75 MB)
write base data version: 479700, memory: 6055264256 bytes (5774.75 MB)
write base data version: 479800, memory: 6055264256 bytes (5774.75 MB)
write base data version: 479900, memory: 6055264256 bytes (5774.75 MB)
write base data version: 480000, memory: 6055264256 bytes (5774.75 MB)
write base data version: 480100, memory: 6055264256 bytes (5774.75 MB)
write base data version: 480200, memory: 6055264256 bytes (5774.75 MB)
write base data version: 480300, memory: 6055264256 bytes (5774.75 MB)
write base data version: 480400, memory: 6055264256 bytes (5774.75 MB)
write base data version: 480500, memory: 6055264256 bytes (5774.75 MB)
write base data version: 480600, memory: 6055264256 bytes (5774.75 MB)
write base data version: 480700, memory: 6055264256 bytes (5774.75 MB)
write base data version: 480800, memory: 6055264256 bytes (5774.75 MB)
write base data version: 480900, memory: 6055264256 bytes (5774.75 MB)
write base data version: 481000, memory: 6055264256 bytes (5774.75 MB)
write base data version: 481100, memory: 6055264256 bytes (5774.75 MB)
write base data version: 481200, memory: 6055264256 bytes (5774.75 MB)
write base data version: 481300, memory: 6055264256 bytes (5774.75 MB)
write base data version: 481400, memory: 6055264256 bytes (5774.75 MB)
write base data version: 481500, memory: 6055264256 bytes (5774.75 MB)
write base data version: 481600, memory: 6055264256 bytes (5774.75 MB)
write base data version: 481700, memory: 6055264256 bytes (5774.75 MB)
write base data version: 481800, memory: 6055264256 bytes (5774.75 MB)
write base data version: 481900, memory: 6055264256 bytes (5774.75 MB)
write base data version: 482000, memory: 6055264256 bytes (5774.75 MB)
write base data version: 482100, memory: 6055264256 bytes (5774.75 MB)
write base data version: 482200, memory: 6055264256 bytes (5774.75 MB)
write base data version: 482300, memory: 6055264256 bytes (5774.75 MB)
write base data version: 482400, memory: 6055264256 bytes (5774.75 MB)
write base data version: 482500, memory: 6055264256 bytes (5774.75 MB)
write base data version: 482600, memory: 6055264256 bytes (5774.75 MB)
write base data version: 482700, memory: 6055264256 bytes (5774.75 MB)
write base data version: 482800, memory: 6055264256 bytes (5774.75 MB)
write base data version: 482900, memory: 6055264256 bytes (5774.75 MB)
write base data version: 483000, memory: 6055264256 bytes (5774.75 MB)
write base data version: 483100, memory: 6055264256 bytes (5774.75 MB)
write base data version: 483200, memory: 6055264256 bytes (5774.75 MB)
write base data version: 483300, memory: 6055264256 bytes (5774.75 MB)
write base data version: 483400, memory: 6055264256 bytes (5774.75 MB)
write base data version: 483500, memory: 6055264256 bytes (5774.75 MB)
write base data version: 483600, memory: 6055264256 bytes (5774.75 MB)
write base data version: 483700, memory: 6055264256 bytes (5774.75 MB)
write base data version: 483800, memory: 6055264256 bytes (5774.75 MB)
write base data version: 483900, memory: 6055264256 bytes (5774.75 MB)
write base data version: 484000, memory: 6055264256 bytes (5774.75 MB)
write base data version: 484100, memory: 6055264256 bytes (5774.75 MB)
write base data version: 484200, memory: 6055264256 bytes (5774.75 MB)
write base data version: 484300, memory: 6055264256 bytes (5774.75 MB)
write base data version: 484400, memory: 6055264256 bytes (5774.75 MB)
write base data version: 484500, memory: 6055264256 bytes (5774.75 MB)
write base data version: 484600, memory: 6055264256 bytes (5774.75 MB)
write base data version: 484700, memory: 6055264256 bytes (5774.75 MB)
write base data version: 484800, memory: 6055264256 bytes (5774.75 MB)
write base data version: 484900, memory: 6055264256 bytes (5774.75 MB)
write base data version: 485000, memory: 6055264256 bytes (5774.75 MB)
write base data version: 485100, memory: 6055264256 bytes (5774.75 MB)
write base data version: 485200, memory: 6055264256 bytes (5774.75 MB)
write base data version: 485300, memory: 6055264256 bytes (5774.75 MB)
write base data version: 485400, memory: 6055264256 bytes (5774.75 MB)
write base data version: 485500, memory: 6055264256 bytes (5774.75 MB)
write base data version: 485600, memory: 6055264256 bytes (5774.75 MB)
write base data version: 485700, memory: 6055264256 bytes (5774.75 MB)
write base data version: 485800, memory: 6055264256 bytes (5774.75 MB)
write base data version: 485900, memory: 6055264256 bytes (5774.75 MB)
write base data version: 486000, memory: 6055264256 bytes (5774.75 MB)
write base data version: 486100, memory: 6055264256 bytes (5774.75 MB)
write base data version: 486200, memory: 6055264256 bytes (5774.75 MB)
write base data version: 486300, memory: 6055264256 bytes (5774.75 MB)
write base data version: 486400, memory: 6055264256 bytes (5774.75 MB)
write base data version: 486500, memory: 6055264256 bytes (5774.75 MB)
write base data version: 486600, memory: 6055264256 bytes (5774.75 MB)
write base data version: 486700, memory: 6055264256 bytes (5774.75 MB)
write base data version: 486800, memory: 6055264256 bytes (5774.75 MB)
write base data version: 486900, memory: 6055264256 bytes (5774.75 MB)
write base data version: 487000, memory: 6055264256 bytes (5774.75 MB)
write base data version: 487100, memory: 6055264256 bytes (5774.75 MB)
write base data version: 487200, memory: 6055264256 bytes (5774.75 MB)
write base data version: 487300, memory: 6055264256 bytes (5774.75 MB)
write base data version: 487400, memory: 6055264256 bytes (5774.75 MB)
write base data version: 487500, memory: 6055264256 bytes (5774.75 MB)
write base data version: 487600, memory: 6055264256 bytes (5774.75 MB)
write base data version: 487700, memory: 6055264256 bytes (5774.75 MB)
write base data version: 487800, memory: 6055264256 bytes (5774.75 MB)
write base data version: 487900, memory: 6055264256 bytes (5774.75 MB)
write base data version: 488000, memory: 6055264256 bytes (5774.75 MB)
write base data version: 488100, memory: 6055264256 bytes (5774.75 MB)
write base data version: 488200, memory: 6055264256 bytes (5774.75 MB)
write base data version: 488300, memory: 6055264256 bytes (5774.75 MB)
write base data version: 488400, memory: 6055264256 bytes (5774.75 MB)
write base data version: 488500, memory: 6055264256 bytes (5774.75 MB)
write base data version: 488600, memory: 6055264256 bytes (5774.75 MB)
write base data version: 488700, memory: 6055264256 bytes (5774.75 MB)
write base data version: 488800, memory: 6055264256 bytes (5774.75 MB)
write base data version: 488900, memory: 6055264256 bytes (5774.75 MB)
write base data version: 489000, memory: 6055264256 bytes (5774.75 MB)
write base data version: 489100, memory: 6055264256 bytes (5774.75 MB)
write base data version: 489200, memory: 6055264256 bytes (5774.75 MB)
write base data version: 489300, memory: 6055264256 bytes (5774.75 MB)
write base data version: 489400, memory: 6055264256 bytes (5774.75 MB)
write base data version: 489500, memory: 6055264256 bytes (5774.75 MB)
write base data version: 489600, memory: 6055264256 bytes (5774.75 MB)
write base data version: 489700, memory: 6055264256 bytes (5774.75 MB)
write base data version: 489800, memory: 6055264256 bytes (5774.75 MB)
write base data version: 489900, memory: 6055264256 bytes (5774.75 MB)
write base data version: 490000, memory: 6055264256 bytes (5774.75 MB)
write base data version: 490100, memory: 6055264256 bytes (5774.75 MB)
write base data version: 490200, memory: 6055264256 bytes (5774.75 MB)
write base data version: 490300, memory: 6055264256 bytes (5774.75 MB)
write base data version: 490400, memory: 6055264256 bytes (5774.75 MB)
write base data version: 490500, memory: 6055264256 bytes (5774.75 MB)
write base data version: 490600, memory: 6055264256 bytes (5774.75 MB)
write base data version: 490700, memory: 6055264256 bytes (5774.75 MB)
write base data version: 490800, memory: 6055264256 bytes (5774.75 MB)
write base data version: 490900, memory: 6055264256 bytes (5774.75 MB)
write base data version: 491000, memory: 6055264256 bytes (5774.75 MB)
write base data version: 491100, memory: 6055264256 bytes (5774.75 MB)
write base data version: 491200, memory: 6055264256 bytes (5774.75 MB)
write base data version: 491300, memory: 6055264256 bytes (5774.75 MB)
write base data version: 491400, memory: 6055264256 bytes (5774.75 MB)
write base data version: 491500, memory: 6055264256 bytes (5774.75 MB)
write base data version: 491600, memory: 6055264256 bytes (5774.75 MB)
write base data version: 491700, memory: 6055264256 bytes (5774.75 MB)
write base data version: 491800, memory: 6055264256 bytes (5774.75 MB)
write base data version: 491900, memory: 6055264256 bytes (5774.75 MB)
write base data version: 492000, memory: 6055264256 bytes (5774.75 MB)
write base data version: 492100, memory: 6055264256 bytes (5774.75 MB)
write base data version: 492200, memory: 6055264256 bytes (5774.75 MB)
write base data version: 492300, memory: 6055264256 bytes (5774.75 MB)
write base data version: 492400, memory: 6055264256 bytes (5774.75 MB)
write base data version: 492500, memory: 6055264256 bytes (5774.75 MB)
write base data version: 492600, memory: 6055264256 bytes (5774.75 MB)
write base data version: 492700, memory: 6055264256 bytes (5774.75 MB)
write base data version: 492800, memory: 6055264256 bytes (5774.75 MB)
write base data version: 492900, memory: 6055264256 bytes (5774.75 MB)
write base data version: 493000, memory: 6055264256 bytes (5774.75 MB)
write base data version: 493100, memory: 6055264256 bytes (5774.75 MB)
write base data version: 493200, memory: 6055264256 bytes (5774.75 MB)
write base data version: 493300, memory: 6055264256 bytes (5774.75 MB)
write base data version: 493400, memory: 6055264256 bytes (5774.75 MB)
write base data version: 493500, memory: 6055264256 bytes (5774.75 MB)
write base data version: 493600, memory: 6055264256 bytes (5774.75 MB)
write base data version: 493700, memory: 6055264256 bytes (5774.75 MB)
write base data version: 493800, memory: 6055264256 bytes (5774.75 MB)
write base data version: 493900, memory: 6055264256 bytes (5774.75 MB)
write base data version: 494000, memory: 6055264256 bytes (5774.75 MB)
write base data version: 494100, memory: 6055264256 bytes (5774.75 MB)
write base data version: 494200, memory: 6055264256 bytes (5774.75 MB)
write base data version: 494300, memory: 6055264256 bytes (5774.75 MB)
write base data version: 494400, memory: 6055264256 bytes (5774.75 MB)
write base data version: 494500, memory: 6055264256 bytes (5774.75 MB)
write base data version: 494600, memory: 6055264256 bytes (5774.75 MB)
write base data version: 494700, memory: 6055264256 bytes (5774.75 MB)
write base data version: 494800, memory: 6055264256 bytes (5774.75 MB)
write base data version: 494900, memory: 6055264256 bytes (5774.75 MB)
write base data version: 495000, memory: 6055264256 bytes (5774.75 MB)
write base data version: 495100, memory: 6055264256 bytes (5774.75 MB)
write base data version: 495200, memory: 6055264256 bytes (5774.75 MB)
write base data version: 495300, memory: 6055264256 bytes (5774.75 MB)
write base data version: 495400, memory: 6055264256 bytes (5774.75 MB)
write base data version: 495500, memory: 6055264256 bytes (5774.75 MB)
write base data version: 495600, memory: 6055264256 bytes (5774.75 MB)
write base data version: 495700, memory: 6055264256 bytes (5774.75 MB)
write base data version: 495800, memory: 6055264256 bytes (5774.75 MB)
write base data version: 495900, memory: 6055264256 bytes (5774.75 MB)
write base data version: 496000, memory: 6055264256 bytes (5774.75 MB)
write base data version: 496100, memory: 6055264256 bytes (5774.75 MB)
write base data version: 496200, memory: 6055264256 bytes (5774.75 MB)
write base data version: 496300, memory: 6055264256 bytes (5774.75 MB)
write base data version: 496400, memory: 6055264256 bytes (5774.75 MB)
write base data version: 496500, memory: 6055264256 bytes (5774.75 MB)
write base data version: 496600, memory: 6055264256 bytes (5774.75 MB)
write base data version: 496700, memory: 6055264256 bytes (5774.75 MB)
write base data version: 496800, memory: 6055264256 bytes (5774.75 MB)
write base data version: 496900, memory: 6055264256 bytes (5774.75 MB)
write base data version: 497000, memory: 6055264256 bytes (5774.75 MB)
write base data version: 497100, memory: 6055264256 bytes (5774.75 MB)
write base data version: 497200, memory: 6055264256 bytes (5774.75 MB)
write base data version: 497300, memory: 6055264256 bytes (5774.75 MB)
write base data version: 497400, memory: 6055264256 bytes (5774.75 MB)
write base data version: 497500, memory: 6055264256 bytes (5774.75 MB)
write base data version: 497600, memory: 6055264256 bytes (5774.75 MB)
write base data version: 497700, memory: 6055264256 bytes (5774.75 MB)
write base data version: 497800, memory: 6055264256 bytes (5774.75 MB)
write base data version: 497900, memory: 6055264256 bytes (5774.75 MB)
write base data version: 498000, memory: 6055264256 bytes (5774.75 MB)
write base data version: 498100, memory: 6055264256 bytes (5774.75 MB)
write base data version: 498200, memory: 6055264256 bytes (5774.75 MB)
write base data version: 498300, memory: 6055264256 bytes (5774.75 MB)
write base data version: 498400, memory: 6055264256 bytes (5774.75 MB)
write base data version: 498500, memory: 6055264256 bytes (5774.75 MB)
write base data version: 498600, memory: 6055264256 bytes (5774.75 MB)
write base data version: 498700, memory: 6055264256 bytes (5774.75 MB)
write base data version: 498800, memory: 6055264256 bytes (5774.75 MB)
write base data version: 498900, memory: 6055264256 bytes (5774.75 MB)
write base data version: 499000, memory: 6055264256 bytes (5774.75 MB)
write base data version: 499100, memory: 6055264256 bytes (5774.75 MB)
write base data version: 499200, memory: 6055264256 bytes (5774.75 MB)
write base data version: 499300, memory: 6055264256 bytes (5774.75 MB)
write base data version: 499400, memory: 6055264256 bytes (5774.75 MB)
write base data version: 499500, memory: 6055264256 bytes (5774.75 MB)
write base data version: 499600, memory: 6055264256 bytes (5774.75 MB)
write base data version: 499700, memory: 6055264256 bytes (5774.75 MB)
write base data version: 499800, memory: 6055264256 bytes (5774.75 MB)
write base data version: 499900, memory: 6055264256 bytes (5774.75 MB)
write base data version: 500000, memory: 6055264256 bytes (5774.75 MB)
write base data version: 500100, memory: 6055264256 bytes (5774.75 MB)
write base data version: 500200, memory: 6055264256 bytes (5774.75 MB)
write base data version: 500300, memory: 6055264256 bytes (5774.75 MB)
write base data version: 500400, memory: 6055264256 bytes (5774.75 MB)
write base data version: 500500, memory: 6055264256 bytes (5774.75 MB)
write base data version: 500600, memory: 6055264256 bytes (5774.75 MB)
write base data version: 500700, memory: 6055264256 bytes (5774.75 MB)
write base data version: 500800, memory: 6055264256 bytes (5774.75 MB)
write base data version: 500900, memory: 6055264256 bytes (5774.75 MB)
write base data version: 501000, memory: 6055264256 bytes (5774.75 MB)
write base data version: 501100, memory: 6055264256 bytes (5774.75 MB)
write base data version: 501200, memory: 6055264256 bytes (5774.75 MB)
write base data version: 501300, memory: 6055264256 bytes (5774.75 MB)
write base data version: 501400, memory: 6055264256 bytes (5774.75 MB)
write base data version: 501500, memory: 6055264256 bytes (5774.75 MB)
write base data version: 501600, memory: 6055264256 bytes (5774.75 MB)
write base data version: 501700, memory: 6055264256 bytes (5774.75 MB)
write base data version: 501800, memory: 6055264256 bytes (5774.75 MB)
write base data version: 501900, memory: 6055264256 bytes (5774.75 MB)
write base data version: 502000, memory: 6055264256 bytes (5774.75 MB)
write base data version: 502100, memory: 6055264256 bytes (5774.75 MB)
write base data version: 502200, memory: 6055264256 bytes (5774.75 MB)
write base data version: 502300, memory: 6055264256 bytes (5774.75 MB)
write base data version: 502400, memory: 6055264256 bytes (5774.75 MB)
write base data version: 502500, memory: 6055264256 bytes (5774.75 MB)
write base data version: 502600, memory: 6055264256 bytes (5774.75 MB)
write base data version: 502700, memory: 6055264256 bytes (5774.75 MB)
write base data version: 502800, memory: 6055264256 bytes (5774.75 MB)
write base data version: 502900, memory: 6055264256 bytes (5774.75 MB)
write base data version: 503000, memory: 6055264256 bytes (5774.75 MB)
write base data version: 503100, memory: 6055264256 bytes (5774.75 MB)
write base data version: 503200, memory: 6055264256 bytes (5774.75 MB)
write base data version: 503300, memory: 6055264256 bytes (5774.75 MB)
write base data version: 503400, memory: 6055264256 bytes (5774.75 MB)
write base data version: 503500, memory: 6055264256 bytes (5774.75 MB)
write base data version: 503600, memory: 6055264256 bytes (5774.75 MB)
write base data version: 503700, memory: 6055264256 bytes (5774.75 MB)
write base data version: 503800, memory: 6055264256 bytes (5774.75 MB)
write base data version: 503900, memory: 6055264256 bytes (5774.75 MB)
write base data version: 504000, memory: 6055264256 bytes (5774.75 MB)
write base data version: 504100, memory: 6055264256 bytes (5774.75 MB)
write base data version: 504200, memory: 6055264256 bytes (5774.75 MB)
write base data version: 504300, memory: 6055264256 bytes (5774.75 MB)
write base data version: 504400, memory: 6055264256 bytes (5774.75 MB)
write base data version: 504500, memory: 6055264256 bytes (5774.75 MB)
write base data version: 504600, memory: 6055264256 bytes (5774.75 MB)
write base data version: 504700, memory: 6055264256 bytes (5774.75 MB)
write base data version: 504800, memory: 6055264256 bytes (5774.75 MB)
write base data version: 504900, memory: 6055264256 bytes (5774.75 MB)
write base data version: 505000, memory: 6055264256 bytes (5774.75 MB)
write base data version: 505100, memory: 6055264256 bytes (5774.75 MB)
write base data version: 505200, memory: 6055264256 bytes (5774.75 MB)
write base data version: 505300, memory: 6055264256 bytes (5774.75 MB)
write base data version: 505400, memory: 6055264256 bytes (5774.75 MB)
write base data version: 505500, memory: 6055264256 bytes (5774.75 MB)
write base data version: 505600, memory: 6055264256 bytes (5774.75 MB)
write base data version: 505700, memory: 6055264256 bytes (5774.75 MB)
write base data version: 505800, memory: 6055264256 bytes (5774.75 MB)
write base data version: 505900, memory: 6055264256 bytes (5774.75 MB)
write base data version: 506000, memory: 6064074752 bytes (5783.15 MB)
write base data version: 506100, memory: 6064226304 bytes (5783.30 MB)
write base data version: 506200, memory: 6064226304 bytes (5783.30 MB)
write base data version: 506300, memory: 6064226304 bytes (5783.30 MB)
write base data version: 506400, memory: 6064226304 bytes (5783.30 MB)
write base data version: 506500, memory: 6064226304 bytes (5783.30 MB)
write base data version: 506600, memory: 6064226304 bytes (5783.30 MB)
write base data version: 506700, memory: 6064226304 bytes (5783.30 MB)
write base data version: 506800, memory: 6064226304 bytes (5783.30 MB)
write base data version: 506900, memory: 6064226304 bytes (5783.30 MB)
write base data version: 507000, memory: 6064226304 bytes (5783.30 MB)
write base data version: 507100, memory: 6064226304 bytes (5783.30 MB)
write base data version: 507200, memory: 6064226304 bytes (5783.30 MB)
write base data version: 507300, memory: 6064226304 bytes (5783.30 MB)
write base data version: 507400, memory: 6064226304 bytes (5783.30 MB)
write base data version: 507500, memory: 6064226304 bytes (5783.30 MB)
write base data version: 507600, memory: 6064226304 bytes (5783.30 MB)
write base data version: 507700, memory: 6064226304 bytes (5783.30 MB)
write base data version: 507800, memory: 6064226304 bytes (5783.30 MB)
write base data version: 507900, memory: 6064226304 bytes (5783.30 MB)
write base data version: 508000, memory: 6064226304 bytes (5783.30 MB)
write base data version: 508100, memory: 6064226304 bytes (5783.30 MB)
write base data version: 508200, memory: 6064226304 bytes (5783.30 MB)
write base data version: 508300, memory: 6064226304 bytes (5783.30 MB)
write base data version: 508400, memory: 6064226304 bytes (5783.30 MB)
write base data version: 508500, memory: 6064226304 bytes (5783.30 MB)
write base data version: 508600, memory: 6064226304 bytes (5783.30 MB)
write base data version: 508700, memory: 6064226304 bytes (5783.30 MB)
write base data version: 508800, memory: 6064226304 bytes (5783.30 MB)
write base data version: 508900, memory: 6064226304 bytes (5783.30 MB)
write base data version: 509000, memory: 6064226304 bytes (5783.30 MB)
write base data version: 509100, memory: 6064226304 bytes (5783.30 MB)
write base data version: 509200, memory: 6064226304 bytes (5783.30 MB)
write base data version: 509300, memory: 6064226304 bytes (5783.30 MB)
write base data version: 509400, memory: 6064226304 bytes (5783.30 MB)
write base data version: 509500, memory: 6064226304 bytes (5783.30 MB)
write base data version: 509600, memory: 6064226304 bytes (5783.30 MB)
write base data version: 509700, memory: 6064226304 bytes (5783.30 MB)
write base data version: 509800, memory: 6064226304 bytes (5783.30 MB)
write base data version: 509900, memory: 6064226304 bytes (5783.30 MB)
write base data version: 510000, memory: 6064226304 bytes (5783.30 MB)
write base data version: 510100, memory: 6064226304 bytes (5783.30 MB)
write base data version: 510200, memory: 6064226304 bytes (5783.30 MB)
write base data version: 510300, memory: 6064226304 bytes (5783.30 MB)
write base data version: 510400, memory: 6064226304 bytes (5783.30 MB)
write base data version: 510500, memory: 6064226304 bytes (5783.30 MB)
write base data version: 510600, memory: 6064226304 bytes (5783.30 MB)
write base data version: 510700, memory: 6064226304 bytes (5783.30 MB)
write base data version: 510800, memory: 6064226304 bytes (5783.30 MB)
write base data version: 510900, memory: 6064226304 bytes (5783.30 MB)
write base data version: 511000, memory: 6064226304 bytes (5783.30 MB)
write base data version: 511100, memory: 6064226304 bytes (5783.30 MB)
write base data version: 511200, memory: 6064226304 bytes (5783.30 MB)
write base data version: 511300, memory: 6064226304 bytes (5783.30 MB)
write base data version: 511400, memory: 6064226304 bytes (5783.30 MB)
write base data version: 511500, memory: 6064226304 bytes (5783.30 MB)
write base data version: 511600, memory: 6064226304 bytes (5783.30 MB)
write base data version: 511700, memory: 6064226304 bytes (5783.30 MB)
write base data version: 511800, memory: 6064226304 bytes (5783.30 MB)
write base data version: 511900, memory: 6064226304 bytes (5783.30 MB)
write base data version: 512000, memory: 6064226304 bytes (5783.30 MB)
write base data version: 512100, memory: 6064226304 bytes (5783.30 MB)
write base data version: 512200, memory: 6064226304 bytes (5783.30 MB)
write base data version: 512300, memory: 6064226304 bytes (5783.30 MB)
write base data version: 512400, memory: 6064226304 bytes (5783.30 MB)
write base data version: 512500, memory: 6064226304 bytes (5783.30 MB)
write base data version: 512600, memory: 6064226304 bytes (5783.30 MB)
write base data version: 512700, memory: 6064226304 bytes (5783.30 MB)
write base data version: 512800, memory: 6064226304 bytes (5783.30 MB)
write base data version: 512900, memory: 6064226304 bytes (5783.30 MB)
write base data version: 513000, memory: 6064226304 bytes (5783.30 MB)
write base data version: 513100, memory: 6064226304 bytes (5783.30 MB)
write base data version: 513200, memory: 6064226304 bytes (5783.30 MB)
write base data version: 513300, memory: 6064226304 bytes (5783.30 MB)
write base data version: 513400, memory: 6064226304 bytes (5783.30 MB)
write base data version: 513500, memory: 6064226304 bytes (5783.30 MB)
write base data version: 513600, memory: 6064226304 bytes (5783.30 MB)
write base data version: 513700, memory: 6064226304 bytes (5783.30 MB)
write base data version: 513800, memory: 6064226304 bytes (5783.30 MB)
write base data version: 513900, memory: 6064226304 bytes (5783.30 MB)
write base data version: 514000, memory: 6064226304 bytes (5783.30 MB)
write base data version: 514100, memory: 6064226304 bytes (5783.30 MB)
write base data version: 514200, memory: 6064226304 bytes (5783.30 MB)
write base data version: 514300, memory: 6064226304 bytes (5783.30 MB)
write base data version: 514400, memory: 6064226304 bytes (5783.30 MB)
write base data version: 514500, memory: 6064226304 bytes (5783.30 MB)
write base data version: 514600, memory: 6064226304 bytes (5783.30 MB)
write base data version: 514700, memory: 6064226304 bytes (5783.30 MB)
write base data version: 514800, memory: 6064226304 bytes (5783.30 MB)
write base data version: 514900, memory: 6064226304 bytes (5783.30 MB)
write base data version: 515000, memory: 6064226304 bytes (5783.30 MB)
write base data version: 515100, memory: 6064226304 bytes (5783.30 MB)
write base data version: 515200, memory: 6064226304 bytes (5783.30 MB)
write base data version: 515300, memory: 6064226304 bytes (5783.30 MB)
write base data version: 515400, memory: 6064226304 bytes (5783.30 MB)
write base data version: 515500, memory: 6064226304 bytes (5783.30 MB)
write base data version: 515600, memory: 6064226304 bytes (5783.30 MB)
write base data version: 515700, memory: 6064226304 bytes (5783.30 MB)
write base data version: 515800, memory: 6064226304 bytes (5783.30 MB)
write base data version: 515900, memory: 6064226304 bytes (5783.30 MB)
write base data version: 516000, memory: 6064226304 bytes (5783.30 MB)
write base data version: 516100, memory: 6064226304 bytes (5783.30 MB)
write base data version: 516200, memory: 6064226304 bytes (5783.30 MB)
write base data version: 516300, memory: 6064226304 bytes (5783.30 MB)
write base data version: 516400, memory: 6064226304 bytes (5783.30 MB)
write base data version: 516500, memory: 6064226304 bytes (5783.30 MB)
write base data version: 516600, memory: 6064226304 bytes (5783.30 MB)
write base data version: 516700, memory: 6064226304 bytes (5783.30 MB)
write base data version: 516800, memory: 6064226304 bytes (5783.30 MB)
write base data version: 516900, memory: 6064226304 bytes (5783.30 MB)
write base data version: 517000, memory: 6064226304 bytes (5783.30 MB)
write base data version: 517100, memory: 6064226304 bytes (5783.30 MB)
write base data version: 517200, memory: 6064226304 bytes (5783.30 MB)
write base data version: 517300, memory: 6064226304 bytes (5783.30 MB)
write base data version: 517400, memory: 6064226304 bytes (5783.30 MB)
write base data version: 517500, memory: 6064226304 bytes (5783.30 MB)
write base data version: 517600, memory: 6064226304 bytes (5783.30 MB)
write base data version: 517700, memory: 6064226304 bytes (5783.30 MB)
write base data version: 517800, memory: 6064226304 bytes (5783.30 MB)
write base data version: 517900, memory: 6064226304 bytes (5783.30 MB)
write base data version: 518000, memory: 6064226304 bytes (5783.30 MB)
write base data version: 518100, memory: 6064226304 bytes (5783.30 MB)
write base data version: 518200, memory: 6064226304 bytes (5783.30 MB)
write base data version: 518300, memory: 6064226304 bytes (5783.30 MB)
write base data version: 518400, memory: 6064226304 bytes (5783.30 MB)
write base data version: 518500, memory: 6064226304 bytes (5783.30 MB)
write base data version: 518600, memory: 6064226304 bytes (5783.30 MB)
write base data version: 518700, memory: 6064226304 bytes (5783.30 MB)
write base data version: 518800, memory: 6064226304 bytes (5783.30 MB)
write base data version: 518900, memory: 6064226304 bytes (5783.30 MB)
write base data version: 519000, memory: 6064226304 bytes (5783.30 MB)
write base data version: 519100, memory: 6064226304 bytes (5783.30 MB)
write base data version: 519200, memory: 6064226304 bytes (5783.30 MB)
write base data version: 519300, memory: 6064226304 bytes (5783.30 MB)
write base data version: 519400, memory: 6064226304 bytes (5783.30 MB)
write base data version: 519500, memory: 6064226304 bytes (5783.30 MB)
write base data version: 519600, memory: 6064226304 bytes (5783.30 MB)
write base data version: 519700, memory: 6064226304 bytes (5783.30 MB)
write base data version: 519800, memory: 6064226304 bytes (5783.30 MB)
write base data version: 519900, memory: 6064226304 bytes (5783.30 MB)
write base data version: 520000, memory: 6064226304 bytes (5783.30 MB)
write base data version: 520100, memory: 6064226304 bytes (5783.30 MB)
write base data version: 520200, memory: 6064226304 bytes (5783.30 MB)
write base data version: 520300, memory: 6064226304 bytes (5783.30 MB)
write base data version: 520400, memory: 6064226304 bytes (5783.30 MB)
write base data version: 520500, memory: 6064226304 bytes (5783.30 MB)
write base data version: 520600, memory: 6064226304 bytes (5783.30 MB)
write base data version: 520700, memory: 6064226304 bytes (5783.30 MB)
write base data version: 520800, memory: 6064226304 bytes (5783.30 MB)
write base data version: 520900, memory: 6064226304 bytes (5783.30 MB)
write base data version: 521000, memory: 6064226304 bytes (5783.30 MB)
write base data version: 521100, memory: 6064226304 bytes (5783.30 MB)
write base data version: 521200, memory: 6064226304 bytes (5783.30 MB)
write base data version: 521300, memory: 6064226304 bytes (5783.30 MB)
write base data version: 521400, memory: 6064226304 bytes (5783.30 MB)
write base data version: 521500, memory: 6064226304 bytes (5783.30 MB)
write base data version: 521600, memory: 6064226304 bytes (5783.30 MB)
write base data version: 521700, memory: 6064226304 bytes (5783.30 MB)
write base data version: 521800, memory: 6064226304 bytes (5783.30 MB)
write base data version: 521900, memory: 6064226304 bytes (5783.30 MB)
write base data version: 522000, memory: 6064226304 bytes (5783.30 MB)
write base data version: 522100, memory: 6064226304 bytes (5783.30 MB)
write base data version: 522200, memory: 6064226304 bytes (5783.30 MB)
write base data version: 522300, memory: 6064226304 bytes (5783.30 MB)
write base data version: 522400, memory: 6064226304 bytes (5783.30 MB)
write base data version: 522500, memory: 6064226304 bytes (5783.30 MB)
write base data version: 522600, memory: 6064226304 bytes (5783.30 MB)
write base data version: 522700, memory: 6064226304 bytes (5783.30 MB)
write base data version: 522800, memory: 6064226304 bytes (5783.30 MB)
write base data version: 522900, memory: 6064226304 bytes (5783.30 MB)
write base data version: 523000, memory: 6064226304 bytes (5783.30 MB)
write base data version: 523100, memory: 6064226304 bytes (5783.30 MB)
write base data version: 523200, memory: 6064226304 bytes (5783.30 MB)
write base data version: 523300, memory: 6064226304 bytes (5783.30 MB)
write base data version: 523400, memory: 6064226304 bytes (5783.30 MB)
write base data version: 523500, memory: 6064226304 bytes (5783.30 MB)
write base data version: 523600, memory: 6064226304 bytes (5783.30 MB)
write base data version: 523700, memory: 6064226304 bytes (5783.30 MB)
write base data version: 523800, memory: 6064226304 bytes (5783.30 MB)
write base data version: 523900, memory: 6064226304 bytes (5783.30 MB)
write base data version: 524000, memory: 6064226304 bytes (5783.30 MB)
write base data version: 524100, memory: 6064226304 bytes (5783.30 MB)
write base data version: 524200, memory: 6064226304 bytes (5783.30 MB)
write base data version: 524300, memory: 6064226304 bytes (5783.30 MB)
write base data version: 524400, memory: 6064226304 bytes (5783.30 MB)
write base data version: 524500, memory: 6064226304 bytes (5783.30 MB)
write base data version: 524600, memory: 6064226304 bytes (5783.30 MB)
write base data version: 524700, memory: 6064226304 bytes (5783.30 MB)
write base data version: 524800, memory: 6064226304 bytes (5783.30 MB)
write base data version: 524900, memory: 6064226304 bytes (5783.30 MB)
write base data version: 525000, memory: 6064226304 bytes (5783.30 MB)
write base data version: 525100, memory: 6064226304 bytes (5783.30 MB)
write base data version: 525200, memory: 6064226304 bytes (5783.30 MB)
write base data version: 525300, memory: 6064226304 bytes (5783.30 MB)
write base data version: 525400, memory: 6064226304 bytes (5783.30 MB)
write base data version: 525500, memory: 6064226304 bytes (5783.30 MB)
write base data version: 525600, memory: 6064226304 bytes (5783.30 MB)
write base data version: 525700, memory: 6064226304 bytes (5783.30 MB)
write base data version: 525800, memory: 6064226304 bytes (5783.30 MB)
write base data version: 525900, memory: 6064226304 bytes (5783.30 MB)
write base data version: 526000, memory: 6064226304 bytes (5783.30 MB)
write base data version: 526100, memory: 6064226304 bytes (5783.30 MB)
write base data version: 526200, memory: 6064226304 bytes (5783.30 MB)
write base data version: 526300, memory: 6064226304 bytes (5783.30 MB)
write base data version: 526400, memory: 6064226304 bytes (5783.30 MB)
write base data version: 526500, memory: 6064226304 bytes (5783.30 MB)
write base data version: 526600, memory: 6064226304 bytes (5783.30 MB)
write base data version: 526700, memory: 6064226304 bytes (5783.30 MB)
write base data version: 526800, memory: 6064226304 bytes (5783.30 MB)
write base data version: 526900, memory: 6064226304 bytes (5783.30 MB)
write base data version: 527000, memory: 6064226304 bytes (5783.30 MB)
write base data version: 527100, memory: 6064226304 bytes (5783.30 MB)
write base data version: 527200, memory: 6064226304 bytes (5783.30 MB)
write base data version: 527300, memory: 6064226304 bytes (5783.30 MB)
write base data version: 527400, memory: 6064226304 bytes (5783.30 MB)
write base data version: 527500, memory: 6064226304 bytes (5783.30 MB)
write base data version: 527600, memory: 6064226304 bytes (5783.30 MB)
write base data version: 527700, memory: 6064226304 bytes (5783.30 MB)
write base data version: 527800, memory: 6064226304 bytes (5783.30 MB)
write base data version: 527900, memory: 6064226304 bytes (5783.30 MB)
write base data version: 528000, memory: 6064226304 bytes (5783.30 MB)
write base data version: 528100, memory: 6064226304 bytes (5783.30 MB)
write base data version: 528200, memory: 6064226304 bytes (5783.30 MB)
write base data version: 528300, memory: 6064226304 bytes (5783.30 MB)
write base data version: 528400, memory: 6064226304 bytes (5783.30 MB)
write base data version: 528500, memory: 6064226304 bytes (5783.30 MB)
write base data version: 528600, memory: 6064226304 bytes (5783.30 MB)
write base data version: 528700, memory: 6064226304 bytes (5783.30 MB)
write base data version: 528800, memory: 6064226304 bytes (5783.30 MB)
write base data version: 528900, memory: 6064226304 bytes (5783.30 MB)
write base data version: 529000, memory: 6064226304 bytes (5783.30 MB)
write base data version: 529100, memory: 6064226304 bytes (5783.30 MB)
write base data version: 529200, memory: 6064226304 bytes (5783.30 MB)
write base data version: 529300, memory: 6064226304 bytes (5783.30 MB)
write base data version: 529400, memory: 6064226304 bytes (5783.30 MB)
write base data version: 529500, memory: 6064226304 bytes (5783.30 MB)
write base data version: 529600, memory: 6064226304 bytes (5783.30 MB)
write base data version: 529700, memory: 6064226304 bytes (5783.30 MB)
write base data version: 529800, memory: 6064226304 bytes (5783.30 MB)
write base data version: 529900, memory: 6064226304 bytes (5783.30 MB)
write base data version: 530000, memory: 6064226304 bytes (5783.30 MB)
write base data version: 530100, memory: 6064226304 bytes (5783.30 MB)
write base data version: 530200, memory: 6064226304 bytes (5783.30 MB)
write base data version: 530300, memory: 6064226304 bytes (5783.30 MB)
write base data version: 530400, memory: 6064226304 bytes (5783.30 MB)
write base data version: 530500, memory: 6064226304 bytes (5783.30 MB)
write base data version: 530600, memory: 6064226304 bytes (5783.30 MB)
write base data version: 530700, memory: 6064226304 bytes (5783.30 MB)
write base data version: 530800, memory: 6064226304 bytes (5783.30 MB)
write base data version: 530900, memory: 6064226304 bytes (5783.30 MB)
write base data version: 531000, memory: 6064226304 bytes (5783.30 MB)
write base data version: 531100, memory: 6064226304 bytes (5783.30 MB)
write base data version: 531200, memory: 6064226304 bytes (5783.30 MB)
write base data version: 531300, memory: 6064226304 bytes (5783.30 MB)
write base data version: 531400, memory: 6064226304 bytes (5783.30 MB)
write base data version: 531500, memory: 6064226304 bytes (5783.30 MB)
write base data version: 531600, memory: 6064226304 bytes (5783.30 MB)
write base data version: 531700, memory: 6064226304 bytes (5783.30 MB)
write base data version: 531800, memory: 6064226304 bytes (5783.30 MB)
write base data version: 531900, memory: 6064226304 bytes (5783.30 MB)
write base data version: 532000, memory: 6064226304 bytes (5783.30 MB)
write base data version: 532100, memory: 6064226304 bytes (5783.30 MB)
write base data version: 532200, memory: 6064226304 bytes (5783.30 MB)
write base data version: 532300, memory: 6064226304 bytes (5783.30 MB)
write base data version: 532400, memory: 6064226304 bytes (5783.30 MB)
write base data version: 532500, memory: 6064226304 bytes (5783.30 MB)
write base data version: 532600, memory: 6064226304 bytes (5783.30 MB)
write base data version: 532700, memory: 6064226304 bytes (5783.30 MB)
write base data version: 532800, memory: 6064226304 bytes (5783.30 MB)
write base data version: 532900, memory: 6064226304 bytes (5783.30 MB)
write base data version: 533000, memory: 6064226304 bytes (5783.30 MB)
write base data version: 533100, memory: 6064226304 bytes (5783.30 MB)
write base data version: 533200, memory: 6064226304 bytes (5783.30 MB)
write base data version: 533300, memory: 6064226304 bytes (5783.30 MB)
write base data version: 533400, memory: 6064226304 bytes (5783.30 MB)
write base data version: 533500, memory: 6064226304 bytes (5783.30 MB)
write base data version: 533600, memory: 6064226304 bytes (5783.30 MB)
write base data version: 533700, memory: 6064226304 bytes (5783.30 MB)
write base data version: 533800, memory: 6064226304 bytes (5783.30 MB)
write base data version: 533900, memory: 6064226304 bytes (5783.30 MB)
write base data version: 534000, memory: 6064226304 bytes (5783.30 MB)
write base data version: 534100, memory: 6064226304 bytes (5783.30 MB)
write base data version: 534200, memory: 6064226304 bytes (5783.30 MB)
write base data version: 534300, memory: 6064226304 bytes (5783.30 MB)
write base data version: 534400, memory: 6064226304 bytes (5783.30 MB)
write base data version: 534500, memory: 6064226304 bytes (5783.30 MB)
write base data version: 534600, memory: 6064226304 bytes (5783.30 MB)
write base data version: 534700, memory: 6064226304 bytes (5783.30 MB)
write base data version: 534800, memory: 6064226304 bytes (5783.30 MB)
write base data version: 534900, memory: 6064226304 bytes (5783.30 MB)
write base data version: 535000, memory: 6064226304 bytes (5783.30 MB)
write base data version: 535100, memory: 6064226304 bytes (5783.30 MB)
write base data version: 535200, memory: 6064226304 bytes (5783.30 MB)
write base data version: 535300, memory: 6064226304 bytes (5783.30 MB)
write base data version: 535400, memory: 6064226304 bytes (5783.30 MB)
write base data version: 535500, memory: 6064226304 bytes (5783.30 MB)
write base data version: 535600, memory: 6064226304 bytes (5783.30 MB)
write base data version: 535700, memory: 6064226304 bytes (5783.30 MB)
write base data version: 535800, memory: 6064226304 bytes (5783.30 MB)
write base data version: 535900, memory: 6064226304 bytes (5783.30 MB)
write base data version: 536000, memory: 6064226304 bytes (5783.30 MB)
write base data version: 536100, memory: 6064226304 bytes (5783.30 MB)
write base data version: 536200, memory: 6064226304 bytes (5783.30 MB)
write base data version: 536300, memory: 6064226304 bytes (5783.30 MB)
write base data version: 536400, memory: 6064226304 bytes (5783.30 MB)
write base data version: 536500, memory: 6064226304 bytes (5783.30 MB)
write base data version: 536600, memory: 6064226304 bytes (5783.30 MB)
write base data version: 536700, memory: 6064226304 bytes (5783.30 MB)
write base data version: 536800, memory: 6064226304 bytes (5783.30 MB)
write base data version: 536900, memory: 6064226304 bytes (5783.30 MB)
write base data version: 537000, memory: 6064226304 bytes (5783.30 MB)
write base data version: 537100, memory: 6064226304 bytes (5783.30 MB)
write base data version: 537200, memory: 6064226304 bytes (5783.30 MB)
write base data version: 537300, memory: 6064226304 bytes (5783.30 MB)
write base data version: 537400, memory: 6064226304 bytes (5783.30 MB)
write base data version: 537500, memory: 6064226304 bytes (5783.30 MB)
write base data version: 537600, memory: 6064226304 bytes (5783.30 MB)
write base data version: 537700, memory: 6064226304 bytes (5783.30 MB)
write base data version: 537800, memory: 6064226304 bytes (5783.30 MB)
write base data version: 537900, memory: 6064226304 bytes (5783.30 MB)
write base data version: 538000, memory: 6064226304 bytes (5783.30 MB)
write base data version: 538100, memory: 6064226304 bytes (5783.30 MB)
write base data version: 538200, memory: 6064226304 bytes (5783.30 MB)
write base data version: 538300, memory: 6064226304 bytes (5783.30 MB)
write base data version: 538400, memory: 6064226304 bytes (5783.30 MB)
write base data version: 538500, memory: 6064226304 bytes (5783.30 MB)
write base data version: 538600, memory: 6064226304 bytes (5783.30 MB)
write base data version: 538700, memory: 6064226304 bytes (5783.30 MB)
write base data version: 538800, memory: 6064226304 bytes (5783.30 MB)
write base data version: 538900, memory: 6064226304 bytes (5783.30 MB)
write base data version: 539000, memory: 6064226304 bytes (5783.30 MB)
write base data version: 539100, memory: 6064226304 bytes (5783.30 MB)
write base data version: 539200, memory: 6064226304 bytes (5783.30 MB)
write base data version: 539300, memory: 6064226304 bytes (5783.30 MB)
write base data version: 539400, memory: 6064226304 bytes (5783.30 MB)
write base data version: 539500, memory: 6064226304 bytes (5783.30 MB)
write base data version: 539600, memory: 6064226304 bytes (5783.30 MB)
write base data version: 539700, memory: 6064226304 bytes (5783.30 MB)
write base data version: 539800, memory: 6064226304 bytes (5783.30 MB)
write base data version: 539900, memory: 6064226304 bytes (5783.30 MB)
write base data version: 540000, memory: 6064226304 bytes (5783.30 MB)
write base data version: 540100, memory: 6064226304 bytes (5783.30 MB)
write base data version: 540200, memory: 6064226304 bytes (5783.30 MB)
write base data version: 540300, memory: 6064226304 bytes (5783.30 MB)
write base data version: 540400, memory: 6064226304 bytes (5783.30 MB)
write base data version: 540500, memory: 6064226304 bytes (5783.30 MB)
write base data version: 540600, memory: 6064226304 bytes (5783.30 MB)
write base data version: 540700, memory: 6064226304 bytes (5783.30 MB)
write base data version: 540800, memory: 6064226304 bytes (5783.30 MB)
write base data version: 540900, memory: 6064226304 bytes (5783.30 MB)
write base data version: 541000, memory: 6064226304 bytes (5783.30 MB)
write base data version: 541100, memory: 6064226304 bytes (5783.30 MB)
write base data version: 541200, memory: 6064226304 bytes (5783.30 MB)
write base data version: 541300, memory: 6064226304 bytes (5783.30 MB)
write base data version: 541400, memory: 6064226304 bytes (5783.30 MB)
write base data version: 541500, memory: 6064226304 bytes (5783.30 MB)
write base data version: 541600, memory: 6064226304 bytes (5783.30 MB)
write base data version: 541700, memory: 6064226304 bytes (5783.30 MB)
write base data version: 541800, memory: 6064226304 bytes (5783.30 MB)
write base data version: 541900, memory: 6064226304 bytes (5783.30 MB)
write base data version: 542000, memory: 6064226304 bytes (5783.30 MB)
write base data version: 542100, memory: 6064226304 bytes (5783.30 MB)
write base data version: 542200, memory: 6064226304 bytes (5783.30 MB)
write base data version: 542300, memory: 6064226304 bytes (5783.30 MB)
write base data version: 542400, memory: 6064226304 bytes (5783.30 MB)
write base data version: 542500, memory: 6064226304 bytes (5783.30 MB)
write base data version: 542600, memory: 6064226304 bytes (5783.30 MB)
write base data version: 542700, memory: 6064226304 bytes (5783.30 MB)
write base data version: 542800, memory: 6064226304 bytes (5783.30 MB)
write base data version: 542900, memory: 6064226304 bytes (5783.30 MB)
write base data version: 543000, memory: 6064226304 bytes (5783.30 MB)
write base data version: 543100, memory: 6064226304 bytes (5783.30 MB)
write base data version: 543200, memory: 6064226304 bytes (5783.30 MB)
write base data version: 543300, memory: 6064226304 bytes (5783.30 MB)
write base data version: 543400, memory: 6064226304 bytes (5783.30 MB)
write base data version: 543500, memory: 6064226304 bytes (5783.30 MB)
write base data version: 543600, memory: 6064226304 bytes (5783.30 MB)
write base data version: 543700, memory: 6064226304 bytes (5783.30 MB)
write base data version: 543800, memory: 6064226304 bytes (5783.30 MB)
write base data version: 543900, memory: 6064226304 bytes (5783.30 MB)
write base data version: 544000, memory: 6064226304 bytes (5783.30 MB)
write base data version: 544100, memory: 6064226304 bytes (5783.30 MB)
write base data version: 544200, memory: 6064226304 bytes (5783.30 MB)
write base data version: 544300, memory: 6064226304 bytes (5783.30 MB)
write base data version: 544400, memory: 6064226304 bytes (5783.30 MB)
write base data version: 544500, memory: 6064226304 bytes (5783.30 MB)
write base data version: 544600, memory: 6064226304 bytes (5783.30 MB)
write base data version: 544700, memory: 6064226304 bytes (5783.30 MB)
write base data version: 544800, memory: 6064226304 bytes (5783.30 MB)
write base data version: 544900, memory: 6064226304 bytes (5783.30 MB)
write base data version: 545000, memory: 6064226304 bytes (5783.30 MB)
write base data version: 545100, memory: 6064226304 bytes (5783.30 MB)
write base data version: 545200, memory: 6064226304 bytes (5783.30 MB)
write base data version: 545300, memory: 6064226304 bytes (5783.30 MB)
write base data version: 545400, memory: 6064226304 bytes (5783.30 MB)
write base data version: 545500, memory: 6064226304 bytes (5783.30 MB)
write base data version: 545600, memory: 6064226304 bytes (5783.30 MB)
write base data version: 545700, memory: 6064226304 bytes (5783.30 MB)
write base data version: 545800, memory: 6064226304 bytes (5783.30 MB)
write base data version: 545900, memory: 6064226304 bytes (5783.30 MB)
write base data version: 546000, memory: 6064226304 bytes (5783.30 MB)
write base data version: 546100, memory: 6064226304 bytes (5783.30 MB)
write base data version: 546200, memory: 6064226304 bytes (5783.30 MB)
write base data version: 546300, memory: 6064226304 bytes (5783.30 MB)
write base data version: 546400, memory: 6064226304 bytes (5783.30 MB)
write base data version: 546500, memory: 6064226304 bytes (5783.30 MB)
write base data version: 546600, memory: 6064226304 bytes (5783.30 MB)
write base data version: 546700, memory: 6064226304 bytes (5783.30 MB)
write base data version: 546800, memory: 6064226304 bytes (5783.30 MB)
write base data version: 546900, memory: 6064226304 bytes (5783.30 MB)
write base data version: 547000, memory: 6064226304 bytes (5783.30 MB)
write base data version: 547100, memory: 6064226304 bytes (5783.30 MB)
write base data version: 547200, memory: 6064226304 bytes (5783.30 MB)
write base data version: 547300, memory: 6064226304 bytes (5783.30 MB)
write base data version: 547400, memory: 6064226304 bytes (5783.30 MB)
write base data version: 547500, memory: 6064226304 bytes (5783.30 MB)
write base data version: 547600, memory: 6064226304 bytes (5783.30 MB)
write base data version: 547700, memory: 6064226304 bytes (5783.30 MB)
write base data version: 547800, memory: 6064226304 bytes (5783.30 MB)
write base data version: 547900, memory: 6064226304 bytes (5783.30 MB)
write base data version: 548000, memory: 6064226304 bytes (5783.30 MB)
write base data version: 548100, memory: 6064226304 bytes (5783.30 MB)
write base data version: 548200, memory: 6064226304 bytes (5783.30 MB)
write base data version: 548300, memory: 6064226304 bytes (5783.30 MB)
write base data version: 548400, memory: 6064226304 bytes (5783.30 MB)
write base data version: 548500, memory: 6064226304 bytes (5783.30 MB)
write base data version: 548600, memory: 6064226304 bytes (5783.30 MB)
write base data version: 548700, memory: 6064226304 bytes (5783.30 MB)
write base data version: 548800, memory: 6064226304 bytes (5783.30 MB)
write base data version: 548900, memory: 6064226304 bytes (5783.30 MB)
write base data version: 549000, memory: 6064226304 bytes (5783.30 MB)
write base data version: 549100, memory: 6064226304 bytes (5783.30 MB)
write base data version: 549200, memory: 6064226304 bytes (5783.30 MB)
write base data version: 549300, memory: 6064226304 bytes (5783.30 MB)
write base data version: 549400, memory: 6064226304 bytes (5783.30 MB)
write base data version: 549500, memory: 6064226304 bytes (5783.30 MB)
write base data version: 549600, memory: 6064226304 bytes (5783.30 MB)
write base data version: 549700, memory: 6064226304 bytes (5783.30 MB)
write base data version: 549800, memory: 6064226304 bytes (5783.30 MB)
write base data version: 549900, memory: 6064226304 bytes (5783.30 MB)
write base data version: 550000, memory: 6064226304 bytes (5783.30 MB)
write base data version: 550100, memory: 6064226304 bytes (5783.30 MB)
write base data version: 550200, memory: 6064226304 bytes (5783.30 MB)
write base data version: 550300, memory: 6064226304 bytes (5783.30 MB)
write base data version: 550400, memory: 6064226304 bytes (5783.30 MB)
write base data version: 550500, memory: 6064226304 bytes (5783.30 MB)
write base data version: 550600, memory: 6064226304 bytes (5783.30 MB)
write base data version: 550700, memory: 6064226304 bytes (5783.30 MB)
write base data version: 550800, memory: 6064226304 bytes (5783.30 MB)
write base data version: 550900, memory: 6064226304 bytes (5783.30 MB)
write base data version: 551000, memory: 6064226304 bytes (5783.30 MB)
write base data version: 551100, memory: 6064226304 bytes (5783.30 MB)
write base data version: 551200, memory: 6064226304 bytes (5783.30 MB)
write base data version: 551300, memory: 6064226304 bytes (5783.30 MB)
write base data version: 551400, memory: 6064226304 bytes (5783.30 MB)
write base data version: 551500, memory: 6064226304 bytes (5783.30 MB)
write base data version: 551600, memory: 6064226304 bytes (5783.30 MB)
write base data version: 551700, memory: 6064226304 bytes (5783.30 MB)
write base data version: 551800, memory: 6064226304 bytes (5783.30 MB)
write base data version: 551900, memory: 6064226304 bytes (5783.30 MB)
write base data version: 552000, memory: 6064226304 bytes (5783.30 MB)
write base data version: 552100, memory: 6064226304 bytes (5783.30 MB)
write base data version: 552200, memory: 6064226304 bytes (5783.30 MB)
write base data version: 552300, memory: 6064226304 bytes (5783.30 MB)
write base data version: 552400, memory: 6064226304 bytes (5783.30 MB)
write base data version: 552500, memory: 6064226304 bytes (5783.30 MB)
write base data version: 552600, memory: 6064226304 bytes (5783.30 MB)
write base data version: 552700, memory: 6064226304 bytes (5783.30 MB)
write base data version: 552800, memory: 6064226304 bytes (5783.30 MB)
write base data version: 552900, memory: 6064226304 bytes (5783.30 MB)
write base data version: 553000, memory: 6064226304 bytes (5783.30 MB)
write base data version: 553100, memory: 6064226304 bytes (5783.30 MB)
write base data version: 553200, memory: 6064226304 bytes (5783.30 MB)
write base data version: 553300, memory: 6064226304 bytes (5783.30 MB)
write base data version: 553400, memory: 6064226304 bytes (5783.30 MB)
write base data version: 553500, memory: 6064226304 bytes (5783.30 MB)
write base data version: 553600, memory: 6064226304 bytes (5783.30 MB)
write base data version: 553700, memory: 6064226304 bytes (5783.30 MB)
write base data version: 553800, memory: 6064226304 bytes (5783.30 MB)
write base data version: 553900, memory: 6064226304 bytes (5783.30 MB)
write base data version: 554000, memory: 6064226304 bytes (5783.30 MB)
write base data version: 554100, memory: 6064226304 bytes (5783.30 MB)
write base data version: 554200, memory: 6064226304 bytes (5783.30 MB)
write base data version: 554300, memory: 6064226304 bytes (5783.30 MB)
write base data version: 554400, memory: 6064226304 bytes (5783.30 MB)
write base data version: 554500, memory: 6064226304 bytes (5783.30 MB)
write base data version: 554600, memory: 6064226304 bytes (5783.30 MB)
write base data version: 554700, memory: 6064226304 bytes (5783.30 MB)
write base data version: 554800, memory: 6064226304 bytes (5783.30 MB)
write base data version: 554900, memory: 6064226304 bytes (5783.30 MB)
write base data version: 555000, memory: 6064226304 bytes (5783.30 MB)
write base data version: 555100, memory: 6064226304 bytes (5783.30 MB)
write base data version: 555200, memory: 6064226304 bytes (5783.30 MB)
write base data version: 555300, memory: 6064226304 bytes (5783.30 MB)
write base data version: 555400, memory: 6064226304 bytes (5783.30 MB)
write base data version: 555500, memory: 6064226304 bytes (5783.30 MB)
write base data version: 555600, memory: 6064226304 bytes (5783.30 MB)
write base data version: 555700, memory: 6064504832 bytes (5783.56 MB)
write base data version: 555800, memory: 6064627712 bytes (5783.68 MB)
write base data version: 555900, memory: 6064627712 bytes (5783.68 MB)
write base data version: 556000, memory: 6064627712 bytes (5783.68 MB)
write base data version: 556100, memory: 6064627712 bytes (5783.68 MB)
write base data version: 556200, memory: 6064627712 bytes (5783.68 MB)
write base data version: 556300, memory: 6064627712 bytes (5783.68 MB)
write base data version: 556400, memory: 6064627712 bytes (5783.68 MB)
write base data version: 556500, memory: 6065135616 bytes (5784.16 MB)
write base data version: 556600, memory: 6065135616 bytes (5784.16 MB)
write base data version: 556700, memory: 6065135616 bytes (5784.16 MB)
write base data version: 556800, memory: 6065135616 bytes (5784.16 MB)
write base data version: 556900, memory: 6065135616 bytes (5784.16 MB)
write base data version: 557000, memory: 6065135616 bytes (5784.16 MB)
write base data version: 557100, memory: 6065135616 bytes (5784.16 MB)
write base data version: 557200, memory: 6065135616 bytes (5784.16 MB)
write base data version: 557300, memory: 6065135616 bytes (5784.16 MB)
write base data version: 557400, memory: 6065135616 bytes (5784.16 MB)
write base data version: 557500, memory: 6065135616 bytes (5784.16 MB)
write base data version: 557600, memory: 6065135616 bytes (5784.16 MB)
write base data version: 557700, memory: 6065385472 bytes (5784.40 MB)
write base data version: 557800, memory: 6065385472 bytes (5784.40 MB)
write base data version: 557900, memory: 6065385472 bytes (5784.40 MB)
write base data version: 558000, memory: 6065385472 bytes (5784.40 MB)
write base data version: 558100, memory: 6065385472 bytes (5784.40 MB)
write base data version: 558200, memory: 6065385472 bytes (5784.40 MB)
write base data version: 558300, memory: 6065389568 bytes (5784.41 MB)
write base data version: 558400, memory: 6065401856 bytes (5784.42 MB)
write base data version: 558500, memory: 6065467392 bytes (5784.48 MB)
write base data version: 558600, memory: 6065500160 bytes (5784.51 MB)
write base data version: 558700, memory: 6065553408 bytes (5784.56 MB)
write base data version: 558800, memory: 6065614848 bytes (5784.62 MB)
write base data version: 558900, memory: 6065614848 bytes (5784.62 MB)
write base data version: 559000, memory: 6065647616 bytes (5784.65 MB)
write base data version: 559100, memory: 6065803264 bytes (5784.80 MB)
write base data version: 559200, memory: 6065803264 bytes (5784.80 MB)
write base data version: 559300, memory: 6065823744 bytes (5784.82 MB)
write base data version: 559400, memory: 6065852416 bytes (5784.85 MB)
write base data version: 559500, memory: 6065852416 bytes (5784.85 MB)
write base data version: 559600, memory: 6065917952 bytes (5784.91 MB)
write base data version: 559700, memory: 6065917952 bytes (5784.91 MB)
write base data version: 559800, memory: 6065983488 bytes (5784.97 MB)
write base data version: 559900, memory: 6066855936 bytes (5785.80 MB)
write base data version: 560000, memory: 6066855936 bytes (5785.80 MB)
write base data version: 560100, memory: 6066855936 bytes (5785.80 MB)
write base data version: 560200, memory: 6066855936 bytes (5785.80 MB)
write base data version: 560300, memory: 6066855936 bytes (5785.80 MB)
write base data version: 560400, memory: 6066855936 bytes (5785.80 MB)
write base data version: 560500, memory: 6066855936 bytes (5785.80 MB)
write base data version: 560600, memory: 6066855936 bytes (5785.80 MB)
write base data version: 560700, memory: 6066855936 bytes (5785.80 MB)
write base data version: 560800, memory: 6066855936 bytes (5785.80 MB)
write base data version: 560900, memory: 6066855936 bytes (5785.80 MB)
write base data version: 561000, memory: 6066855936 bytes (5785.80 MB)
write base data version: 561100, memory: 6066855936 bytes (5785.80 MB)
write base data version: 561200, memory: 6066855936 bytes (5785.80 MB)
write base data version: 561300, memory: 6066855936 bytes (5785.80 MB)
write base data version: 561400, memory: 6066855936 bytes (5785.80 MB)
write base data version: 561500, memory: 6066888704 bytes (5785.84 MB)
write base data version: 561600, memory: 6066921472 bytes (5785.87 MB)
write base data version: 561700, memory: 6066982912 bytes (5785.93 MB)
write base data version: 561800, memory: 6067048448 bytes (5785.99 MB)
write base data version: 561900, memory: 6067265536 bytes (5786.20 MB)
write base data version: 562000, memory: 6067265536 bytes (5786.20 MB)
write base data version: 562100, memory: 6067265536 bytes (5786.20 MB)
write base data version: 562200, memory: 6067265536 bytes (5786.20 MB)
write base data version: 562300, memory: 6067265536 bytes (5786.20 MB)
write base data version: 562400, memory: 6067265536 bytes (5786.20 MB)
write base data version: 562500, memory: 6067265536 bytes (5786.20 MB)
write base data version: 562600, memory: 6067265536 bytes (5786.20 MB)
write base data version: 562700, memory: 6067343360 bytes (5786.27 MB)
write base data version: 562800, memory: 6067343360 bytes (5786.27 MB)
write base data version: 562900, memory: 6067408896 bytes (5786.33 MB)
write base data version: 563000, memory: 6067535872 bytes (5786.45 MB)
write base data version: 563100, memory: 6067634176 bytes (5786.55 MB)
write base data version: 563200, memory: 6067634176 bytes (5786.55 MB)
write base data version: 563300, memory: 6067634176 bytes (5786.55 MB)
write base data version: 563400, memory: 6067662848 bytes (5786.57 MB)
write base data version: 563500, memory: 6067662848 bytes (5786.57 MB)
write base data version: 563600, memory: 6067662848 bytes (5786.57 MB)
write base data version: 563700, memory: 6067662848 bytes (5786.57 MB)
write base data version: 563800, memory: 6067773440 bytes (5786.68 MB)
write base data version: 563900, memory: 6067900416 bytes (5786.80 MB)
write base data version: 564000, memory: 6067900416 bytes (5786.80 MB)
write base data version: 564100, memory: 6068056064 bytes (5786.95 MB)
write base data version: 564200, memory: 6068056064 bytes (5786.95 MB)
write base data version: 564300, memory: 6068056064 bytes (5786.95 MB)
write base data version: 564400, memory: 6068056064 bytes (5786.95 MB)
write base data version: 564500, memory: 6068056064 bytes (5786.95 MB)
write base data version: 564600, memory: 6068248576 bytes (5787.13 MB)
write base data version: 564700, memory: 6068264960 bytes (5787.15 MB)
write base data version: 564800, memory: 6068264960 bytes (5787.15 MB)
write base data version: 564900, memory: 6068264960 bytes (5787.15 MB)
write base data version: 565000, memory: 6068264960 bytes (5787.15 MB)
write base data version: 565100, memory: 6068264960 bytes (5787.15 MB)
write base data version: 565200, memory: 6068264960 bytes (5787.15 MB)
write base data version: 565300, memory: 6068264960 bytes (5787.15 MB)
write base data version: 565400, memory: 6068412416 bytes (5787.29 MB)
write base data version: 565500, memory: 6068412416 bytes (5787.29 MB)
write base data version: 565600, memory: 6068412416 bytes (5787.29 MB)
write base data version: 565700, memory: 6068412416 bytes (5787.29 MB)
write base data version: 565800, memory: 6068436992 bytes (5787.31 MB)
write base data version: 565900, memory: 6068633600 bytes (5787.50 MB)
write base data version: 566000, memory: 6068944896 bytes (5787.80 MB)
write base data version: 566100, memory: 6068948992 bytes (5787.80 MB)
write base data version: 566200, memory: 6069006336 bytes (5787.86 MB)
write base data version: 566300, memory: 6069071872 bytes (5787.92 MB)
write base data version: 566400, memory: 6069071872 bytes (5787.92 MB)
write base data version: 566500, memory: 6069071872 bytes (5787.92 MB)
write base data version: 566600, memory: 6069071872 bytes (5787.92 MB)
write base data version: 566700, memory: 6069157888 bytes (5788.00 MB)
write base data version: 566800, memory: 6069538816 bytes (5788.36 MB)
write base data version: 566900, memory: 6069538816 bytes (5788.36 MB)
write base data version: 567000, memory: 6069538816 bytes (5788.36 MB)
write base data version: 567100, memory: 6069538816 bytes (5788.36 MB)
write base data version: 567200, memory: 6069538816 bytes (5788.36 MB)
write base data version: 567300, memory: 6069538816 bytes (5788.36 MB)
write base data version: 567400, memory: 6069538816 bytes (5788.36 MB)
write base data version: 567500, memory: 6069538816 bytes (5788.36 MB)
write base data version: 567600, memory: 6069538816 bytes (5788.36 MB)
write base data version: 567700, memory: 6069538816 bytes (5788.36 MB)
write base data version: 567800, memory: 6069772288 bytes (5788.59 MB)
write base data version: 567900, memory: 6069805056 bytes (5788.62 MB)
write base data version: 568000, memory: 6070448128 bytes (5789.23 MB)
write base data version: 568100, memory: 6070448128 bytes (5789.23 MB)
write base data version: 568200, memory: 6070448128 bytes (5789.23 MB)
write base data version: 568300, memory: 6070448128 bytes (5789.23 MB)
write base data version: 568400, memory: 6070448128 bytes (5789.23 MB)
write base data version: 568500, memory: 6070575104 bytes (5789.35 MB)
write base data version: 568600, memory: 6070575104 bytes (5789.35 MB)
write base data version: 568700, memory: 6070575104 bytes (5789.35 MB)
write base data version: 568800, memory: 6070575104 bytes (5789.35 MB)
write base data version: 568900, memory: 6070575104 bytes (5789.35 MB)
write base data version: 569000, memory: 6070575104 bytes (5789.35 MB)
write base data version: 569100, memory: 6070575104 bytes (5789.35 MB)
write base data version: 569200, memory: 6070575104 bytes (5789.35 MB)
write base data version: 569300, memory: 6070575104 bytes (5789.35 MB)
write base data version: 569400, memory: 6070575104 bytes (5789.35 MB)
write base data version: 569500, memory: 6070607872 bytes (5789.38 MB)
write base data version: 569600, memory: 6071029760 bytes (5789.79 MB)
write base data version: 569700, memory: 6071029760 bytes (5789.79 MB)
write base data version: 569800, memory: 6071029760 bytes (5789.79 MB)
write base data version: 569900, memory: 6071029760 bytes (5789.79 MB)
write base data version: 570000, memory: 6071029760 bytes (5789.79 MB)
write base data version: 570100, memory: 6071029760 bytes (5789.79 MB)
write base data version: 570200, memory: 6071029760 bytes (5789.79 MB)
write base data version: 570300, memory: 6071029760 bytes (5789.79 MB)
write base data version: 570400, memory: 6071255040 bytes (5790.00 MB)
write base data version: 570500, memory: 6071304192 bytes (5790.05 MB)
write base data version: 570600, memory: 6071304192 bytes (5790.05 MB)
write base data version: 570700, memory: 6071304192 bytes (5790.05 MB)
write base data version: 570800, memory: 6071304192 bytes (5790.05 MB)
write base data version: 570900, memory: 6071304192 bytes (5790.05 MB)
write base data version: 571000, memory: 6071304192 bytes (5790.05 MB)
write base data version: 571100, memory: 6071304192 bytes (5790.05 MB)
write base data version: 571200, memory: 6071304192 bytes (5790.05 MB)
write base data version: 571300, memory: 6071357440 bytes (5790.10 MB)
write base data version: 571400, memory: 6071357440 bytes (5790.10 MB)
write base data version: 571500, memory: 6071369728 bytes (5790.11 MB)
write base data version: 571600, memory: 6071369728 bytes (5790.11 MB)
write base data version: 571700, memory: 6071554048 bytes (5790.29 MB)
write base data version: 571800, memory: 6071554048 bytes (5790.29 MB)
write base data version: 571900, memory: 6071603200 bytes (5790.33 MB)
write base data version: 572000, memory: 6071603200 bytes (5790.33 MB)
write base data version: 572100, memory: 6071603200 bytes (5790.33 MB)
write base data version: 572200, memory: 6071603200 bytes (5790.33 MB)
write base data version: 572300, memory: 6071603200 bytes (5790.33 MB)
write base data version: 572400, memory: 6071603200 bytes (5790.33 MB)
write base data version: 572500, memory: 6071603200 bytes (5790.33 MB)
write base data version: 572600, memory: 6071721984 bytes (5790.45 MB)
write base data version: 572700, memory: 6071721984 bytes (5790.45 MB)
write base data version: 572800, memory: 6071820288 bytes (5790.54 MB)
write base data version: 572900, memory: 6072152064 bytes (5790.86 MB)
write base data version: 573000, memory: 6072152064 bytes (5790.86 MB)
write base data version: 573100, memory: 6072188928 bytes (5790.89 MB)
write base data version: 573200, memory: 6072205312 bytes (5790.91 MB)
write base data version: 573300, memory: 6072205312 bytes (5790.91 MB)
write base data version: 573400, memory: 6072590336 bytes (5791.27 MB)
write base data version: 573500, memory: 6072590336 bytes (5791.27 MB)
write base data version: 573600, memory: 6072590336 bytes (5791.27 MB)
write base data version: 573700, memory: 6072610816 bytes (5791.29 MB)
write base data version: 573800, memory: 6072610816 bytes (5791.29 MB)
write base data version: 573900, memory: 6072610816 bytes (5791.29 MB)
write base data version: 574000, memory: 6072610816 bytes (5791.29 MB)
write base data version: 574100, memory: 6072705024 bytes (5791.38 MB)
write base data version: 574200, memory: 6072705024 bytes (5791.38 MB)
write base data version: 574300, memory: 6072827904 bytes (5791.50 MB)
write base data version: 574400, memory: 6072827904 bytes (5791.50 MB)
write base data version: 574500, memory: 6072827904 bytes (5791.50 MB)
write base data version: 574600, memory: 6072889344 bytes (5791.56 MB)
write base data version: 574700, memory: 6072889344 bytes (5791.56 MB)
write base data version: 574800, memory: 6072954880 bytes (5791.62 MB)
write base data version: 574900, memory: 6073114624 bytes (5791.77 MB)
write base data version: 575000, memory: 6073114624 bytes (5791.77 MB)
write base data version: 575100, memory: 6073176064 bytes (5791.83 MB)
write base data version: 575200, memory: 6073176064 bytes (5791.83 MB)
write base data version: 575300, memory: 6073176064 bytes (5791.83 MB)
write base data version: 575400, memory: 6073176064 bytes (5791.83 MB)
write base data version: 575500, memory: 6073274368 bytes (5791.93 MB)
write base data version: 575600, memory: 6073274368 bytes (5791.93 MB)
write base data version: 575700, memory: 6073282560 bytes (5791.93 MB)
write base data version: 575800, memory: 6073466880 bytes (5792.11 MB)
write base data version: 575900, memory: 6073466880 bytes (5792.11 MB)
write base data version: 576000, memory: 6073528320 bytes (5792.17 MB)
write base data version: 576100, memory: 6073536512 bytes (5792.18 MB)
write base data version: 576200, memory: 6073536512 bytes (5792.18 MB)
write base data version: 576300, memory: 6073638912 bytes (5792.27 MB)
write base data version: 576400, memory: 6073638912 bytes (5792.27 MB)
write base data version: 576500, memory: 6073741312 bytes (5792.37 MB)
write base data version: 576600, memory: 6073741312 bytes (5792.37 MB)
write base data version: 576700, memory: 6073741312 bytes (5792.37 MB)
write base data version: 576800, memory: 6073741312 bytes (5792.37 MB)
write base data version: 576900, memory: 6073741312 bytes (5792.37 MB)
write base data version: 577000, memory: 6073835520 bytes (5792.46 MB)
write base data version: 577100, memory: 6073835520 bytes (5792.46 MB)
write base data version: 577200, memory: 6074134528 bytes (5792.75 MB)
write base data version: 577300, memory: 6074134528 bytes (5792.75 MB)
write base data version: 577400, memory: 6074494976 bytes (5793.09 MB)
write base data version: 577500, memory: 6074494976 bytes (5793.09 MB)
write base data version: 577600, memory: 6074494976 bytes (5793.09 MB)
write base data version: 577700, memory: 6074724352 bytes (5793.31 MB)
write base data version: 577800, memory: 6074892288 bytes (5793.47 MB)
write base data version: 577900, memory: 6074892288 bytes (5793.47 MB)
write base data version: 578000, memory: 6074892288 bytes (5793.47 MB)
write base data version: 578100, memory: 6074892288 bytes (5793.47 MB)
write base data version: 578200, memory: 6074892288 bytes (5793.47 MB)
write base data version: 578300, memory: 6074892288 bytes (5793.47 MB)
write base data version: 578400, memory: 6074892288 bytes (5793.47 MB)
write base data version: 578500, memory: 6074892288 bytes (5793.47 MB)
write base data version: 578600, memory: 6074892288 bytes (5793.47 MB)
write base data version: 578700, memory: 6074892288 bytes (5793.47 MB)
write base data version: 578800, memory: 6074892288 bytes (5793.47 MB)
write base data version: 578900, memory: 6074978304 bytes (5793.55 MB)
write base data version: 579000, memory: 6074978304 bytes (5793.55 MB)
write base data version: 579100, memory: 6074978304 bytes (5793.55 MB)
write base data version: 579200, memory: 6075047936 bytes (5793.62 MB)
write base data version: 579300, memory: 6075199488 bytes (5793.76 MB)
write base data version: 579400, memory: 6075199488 bytes (5793.76 MB)
write base data version: 579500, memory: 6075199488 bytes (5793.76 MB)
write base data version: 579600, memory: 6075199488 bytes (5793.76 MB)
write base data version: 579700, memory: 6075199488 bytes (5793.76 MB)
write base data version: 579800, memory: 6075269120 bytes (5793.83 MB)
write base data version: 579900, memory: 6075269120 bytes (5793.83 MB)
write base data version: 580000, memory: 6075453440 bytes (5794.00 MB)
write base data version: 580100, memory: 6075453440 bytes (5794.00 MB)
write base data version: 580200, memory: 6075453440 bytes (5794.00 MB)
write base data version: 580300, memory: 6075633664 bytes (5794.18 MB)
write base data version: 580400, memory: 6075633664 bytes (5794.18 MB)
write base data version: 580500, memory: 6075633664 bytes (5794.18 MB)
write base data version: 580600, memory: 6075633664 bytes (5794.18 MB)
write base data version: 580700, memory: 6075633664 bytes (5794.18 MB)
write base data version: 580800, memory: 6075633664 bytes (5794.18 MB)
write base data version: 580900, memory: 6075633664 bytes (5794.18 MB)
write base data version: 581000, memory: 6075633664 bytes (5794.18 MB)
write base data version: 581100, memory: 6075633664 bytes (5794.18 MB)
write base data version: 581200, memory: 6075764736 bytes (5794.30 MB)
write base data version: 581300, memory: 6075863040 bytes (5794.39 MB)
write base data version: 581400, memory: 6075863040 bytes (5794.39 MB)
write base data version: 581500, memory: 6076141568 bytes (5794.66 MB)
write base data version: 581600, memory: 6076141568 bytes (5794.66 MB)
write base data version: 581700, memory: 6076141568 bytes (5794.66 MB)
write base data version: 581800, memory: 6076141568 bytes (5794.66 MB)
write base data version: 581900, memory: 6076141568 bytes (5794.66 MB)
write base data version: 582000, memory: 6076141568 bytes (5794.66 MB)
write base data version: 582100, memory: 6076141568 bytes (5794.66 MB)
write base data version: 582200, memory: 6076141568 bytes (5794.66 MB)
write base data version: 582300, memory: 6076211200 bytes (5794.73 MB)
write base data version: 582400, memory: 6076428288 bytes (5794.93 MB)
write base data version: 582500, memory: 6076428288 bytes (5794.93 MB)
write base data version: 582600, memory: 6076551168 bytes (5795.05 MB)
write base data version: 582700, memory: 6076551168 bytes (5795.05 MB)
write base data version: 582800, memory: 6076551168 bytes (5795.05 MB)
write base data version: 582900, memory: 6076551168 bytes (5795.05 MB)
write base data version: 583000, memory: 6076846080 bytes (5795.33 MB)
write base data version: 583100, memory: 6076846080 bytes (5795.33 MB)
write base data version: 583200, memory: 6076846080 bytes (5795.33 MB)
write base data version: 583300, memory: 6076846080 bytes (5795.33 MB)
write base data version: 583400, memory: 6076932096 bytes (5795.41 MB)
write base data version: 583500, memory: 6076932096 bytes (5795.41 MB)
write base data version: 583600, memory: 6076932096 bytes (5795.41 MB)
write base data version: 583700, memory: 6076932096 bytes (5795.41 MB)
write base data version: 583800, memory: 6076997632 bytes (5795.48 MB)
write base data version: 583900, memory: 6077779968 bytes (5796.22 MB)
write base data version: 584000, memory: 6077779968 bytes (5796.22 MB)
write base data version: 584100, memory: 6077779968 bytes (5796.22 MB)
write base data version: 584200, memory: 6077779968 bytes (5796.22 MB)
write base data version: 584300, memory: 6077779968 bytes (5796.22 MB)
write base data version: 584400, memory: 6077779968 bytes (5796.22 MB)
write base data version: 584500, memory: 6077779968 bytes (5796.22 MB)
write base data version: 584600, memory: 6077779968 bytes (5796.22 MB)
write base data version: 584700, memory: 6077779968 bytes (5796.22 MB)
write base data version: 584800, memory: 6077779968 bytes (5796.22 MB)
write base data version: 584900, memory: 6077870080 bytes (5796.31 MB)
write base data version: 585000, memory: 6077870080 bytes (5796.31 MB)
write base data version: 585100, memory: 6077870080 bytes (5796.31 MB)
write base data version: 585200, memory: 6077923328 bytes (5796.36 MB)
write base data version: 585300, memory: 6077943808 bytes (5796.38 MB)
write base data version: 585400, memory: 6077943808 bytes (5796.38 MB)
write base data version: 585500, memory: 6078435328 bytes (5796.85 MB)
write base data version: 585600, memory: 6078443520 bytes (5796.86 MB)
write base data version: 585700, memory: 6078443520 bytes (5796.86 MB)
write base data version: 585800, memory: 6078443520 bytes (5796.86 MB)
write base data version: 585900, memory: 6078443520 bytes (5796.86 MB)
write base data version: 586000, memory: 6078443520 bytes (5796.86 MB)
write base data version: 586100, memory: 6078443520 bytes (5796.86 MB)
write base data version: 586200, memory: 6078443520 bytes (5796.86 MB)
write base data version: 586300, memory: 6078443520 bytes (5796.86 MB)
write base data version: 586400, memory: 6078443520 bytes (5796.86 MB)
write base data version: 586500, memory: 6078443520 bytes (5796.86 MB)
write base data version: 586600, memory: 6078443520 bytes (5796.86 MB)
write base data version: 586700, memory: 6078476288 bytes (5796.89 MB)
write base data version: 586800, memory: 6078476288 bytes (5796.89 MB)
write base data version: 586900, memory: 6078476288 bytes (5796.89 MB)
write base data version: 587000, memory: 6078476288 bytes (5796.89 MB)
write base data version: 587100, memory: 6078627840 bytes (5797.03 MB)
write base data version: 587200, memory: 6078672896 bytes (5797.07 MB)
write base data version: 587300, memory: 6078672896 bytes (5797.07 MB)
write base data version: 587400, memory: 6078701568 bytes (5797.10 MB)
write base data version: 587500, memory: 6078734336 bytes (5797.13 MB)
write base data version: 587600, memory: 6078734336 bytes (5797.13 MB)
write base data version: 587700, memory: 6078828544 bytes (5797.22 MB)
write base data version: 587800, memory: 6078951424 bytes (5797.34 MB)
write base data version: 587900, memory: 6079078400 bytes (5797.46 MB)
write base data version: 588000, memory: 6079078400 bytes (5797.46 MB)
write base data version: 588100, memory: 6079078400 bytes (5797.46 MB)
write base data version: 588200, memory: 6079111168 bytes (5797.49 MB)
write base data version: 588300, memory: 6079172608 bytes (5797.55 MB)
write base data version: 588400, memory: 6079524864 bytes (5797.89 MB)
write base data version: 588500, memory: 6079524864 bytes (5797.89 MB)
write base data version: 588600, memory: 6079524864 bytes (5797.89 MB)
write base data version: 588700, memory: 6079524864 bytes (5797.89 MB)
write base data version: 588800, memory: 6079524864 bytes (5797.89 MB)
write base data version: 588900, memory: 6079524864 bytes (5797.89 MB)
write base data version: 589000, memory: 6079524864 bytes (5797.89 MB)
write base data version: 589100, memory: 6079524864 bytes (5797.89 MB)
write base data version: 589200, memory: 6079524864 bytes (5797.89 MB)
write base data version: 589300, memory: 6079524864 bytes (5797.89 MB)
write base data version: 589400, memory: 6079524864 bytes (5797.89 MB)
write base data version: 589500, memory: 6080077824 bytes (5798.41 MB)
write base data version: 589600, memory: 6080208896 bytes (5798.54 MB)
write base data version: 589700, memory: 6080208896 bytes (5798.54 MB)
write base data version: 589800, memory: 6080208896 bytes (5798.54 MB)
write base data version: 589900, memory: 6080208896 bytes (5798.54 MB)
write base data version: 590000, memory: 6080208896 bytes (5798.54 MB)
write base data version: 590100, memory: 6080208896 bytes (5798.54 MB)
write base data version: 590200, memory: 6080208896 bytes (5798.54 MB)
write base data version: 590300, memory: 6080208896 bytes (5798.54 MB)
write base data version: 590400, memory: 6080208896 bytes (5798.54 MB)
write base data version: 590500, memory: 6080208896 bytes (5798.54 MB)
write base data version: 590600, memory: 6080393216 bytes (5798.71 MB)
write base data version: 590700, memory: 6080462848 bytes (5798.78 MB)
write base data version: 590800, memory: 6080462848 bytes (5798.78 MB)
write base data version: 590900, memory: 6080462848 bytes (5798.78 MB)
write base data version: 591000, memory: 6080462848 bytes (5798.78 MB)
write base data version: 591100, memory: 6080462848 bytes (5798.78 MB)
write base data version: 591200, memory: 6080462848 bytes (5798.78 MB)
write base data version: 591300, memory: 6080569344 bytes (5798.88 MB)
write base data version: 591400, memory: 6080569344 bytes (5798.88 MB)
write base data version: 591500, memory: 6080569344 bytes (5798.88 MB)
write base data version: 591600, memory: 6080671744 bytes (5798.98 MB)
write base data version: 591700, memory: 6080671744 bytes (5798.98 MB)
write base data version: 591800, memory: 6081044480 bytes (5799.34 MB)
write base data version: 591900, memory: 6081191936 bytes (5799.48 MB)
write base data version: 592000, memory: 6081191936 bytes (5799.48 MB)
write base data version: 592100, memory: 6081191936 bytes (5799.48 MB)
write base data version: 592200, memory: 6081191936 bytes (5799.48 MB)
write base data version: 592300, memory: 6081339392 bytes (5799.62 MB)
write base data version: 592400, memory: 6081339392 bytes (5799.62 MB)
write base data version: 592500, memory: 6081339392 bytes (5799.62 MB)
write base data version: 592600, memory: 6081339392 bytes (5799.62 MB)
write base data version: 592700, memory: 6081507328 bytes (5799.78 MB)
write base data version: 592800, memory: 6081507328 bytes (5799.78 MB)
write base data version: 592900, memory: 6081507328 bytes (5799.78 MB)
write base data version: 593000, memory: 6081507328 bytes (5799.78 MB)
write base data version: 593100, memory: 6081507328 bytes (5799.78 MB)
write base data version: 593200, memory: 6081507328 bytes (5799.78 MB)
write base data version: 593300, memory: 6081507328 bytes (5799.78 MB)
write base data version: 593400, memory: 6081507328 bytes (5799.78 MB)
write base data version: 593500, memory: 6081507328 bytes (5799.78 MB)
write base data version: 593600, memory: 6081507328 bytes (5799.78 MB)
write base data version: 593700, memory: 6081650688 bytes (5799.91 MB)
write base data version: 593800, memory: 6081650688 bytes (5799.91 MB)
write base data version: 593900, memory: 6081650688 bytes (5799.91 MB)
write base data version: 594000, memory: 6081650688 bytes (5799.91 MB)
write base data version: 594100, memory: 6081650688 bytes (5799.91 MB)
write base data version: 594200, memory: 6081650688 bytes (5799.91 MB)
write base data version: 594300, memory: 6081761280 bytes (5800.02 MB)
write base data version: 594400, memory: 6081773568 bytes (5800.03 MB)
write base data version: 594500, memory: 6081773568 bytes (5800.03 MB)
write base data version: 594600, memory: 6081773568 bytes (5800.03 MB)
write base data version: 594700, memory: 6082207744 bytes (5800.45 MB)
write base data version: 594800, memory: 6082207744 bytes (5800.45 MB)
write base data version: 594900, memory: 6082207744 bytes (5800.45 MB)
write base data version: 595000, memory: 6082207744 bytes (5800.45 MB)
write base data version: 595100, memory: 6082207744 bytes (5800.45 MB)
write base data version: 595200, memory: 6082207744 bytes (5800.45 MB)
write base data version: 595300, memory: 6082215936 bytes (5800.45 MB)
write base data version: 595400, memory: 6082215936 bytes (5800.45 MB)
write base data version: 595500, memory: 6082215936 bytes (5800.45 MB)
write base data version: 595600, memory: 6082244608 bytes (5800.48 MB)
write base data version: 595700, memory: 6082244608 bytes (5800.48 MB)
write base data version: 595800, memory: 6082244608 bytes (5800.48 MB)
write base data version: 595900, memory: 6082318336 bytes (5800.55 MB)
write base data version: 596000, memory: 6082433024 bytes (5800.66 MB)
write base data version: 596100, memory: 6082752512 bytes (5800.96 MB)
write base data version: 596200, memory: 6082887680 bytes (5801.09 MB)
write base data version: 596300, memory: 6082887680 bytes (5801.09 MB)
write base data version: 596400, memory: 6082887680 bytes (5801.09 MB)
write base data version: 596500, memory: 6082887680 bytes (5801.09 MB)
write base data version: 596600, memory: 6082887680 bytes (5801.09 MB)
write base data version: 596700, memory: 6082887680 bytes (5801.09 MB)
write base data version: 596800, memory: 6082973696 bytes (5801.18 MB)
write base data version: 596900, memory: 6083104768 bytes (5801.30 MB)
write base data version: 597000, memory: 6083104768 bytes (5801.30 MB)
write base data version: 597100, memory: 6083117056 bytes (5801.31 MB)
write base data version: 597200, memory: 6083776512 bytes (5801.94 MB)
write base data version: 597300, memory: 6083776512 bytes (5801.94 MB)
write base data version: 597400, memory: 6083776512 bytes (5801.94 MB)
write base data version: 597500, memory: 6083776512 bytes (5801.94 MB)
write base data version: 597600, memory: 6083776512 bytes (5801.94 MB)
write base data version: 597700, memory: 6083776512 bytes (5801.94 MB)
write base data version: 597800, memory: 6083776512 bytes (5801.94 MB)
write base data version: 597900, memory: 6083776512 bytes (5801.94 MB)
write base data version: 598000, memory: 6083776512 bytes (5801.94 MB)
write base data version: 598100, memory: 6083776512 bytes (5801.94 MB)
write base data version: 598200, memory: 6083776512 bytes (5801.94 MB)
write base data version: 598300, memory: 6083776512 bytes (5801.94 MB)
write base data version: 598400, memory: 6084210688 bytes (5802.36 MB)
write base data version: 598500, memory: 6084210688 bytes (5802.36 MB)
write base data version: 598600, memory: 6084210688 bytes (5802.36 MB)
write base data version: 598700, memory: 6084210688 bytes (5802.36 MB)
write base data version: 598800, memory: 6084210688 bytes (5802.36 MB)
write base data version: 598900, memory: 6084210688 bytes (5802.36 MB)
write base data version: 599000, memory: 6084210688 bytes (5802.36 MB)
write base data version: 599100, memory: 6084210688 bytes (5802.36 MB)
write base data version: 599200, memory: 6084276224 bytes (5802.42 MB)
write base data version: 599300, memory: 6084276224 bytes (5802.42 MB)
write base data version: 599400, memory: 6084276224 bytes (5802.42 MB)
write base data version: 599500, memory: 6084276224 bytes (5802.42 MB)
write base data version: 599600, memory: 6084276224 bytes (5802.42 MB)
write base data version: 599700, memory: 6084472832 bytes (5802.61 MB)
write base data version: 599800, memory: 6084657152 bytes (5802.78 MB)
write base data version: 599900, memory: 6084816896 bytes (5802.93 MB)
write base data version: 600000, memory: 6084816896 bytes (5802.93 MB)
write base data version: 600100, memory: 6084816896 bytes (5802.93 MB)
write base data version: 600200, memory: 6084816896 bytes (5802.93 MB)
write base data version: 600300, memory: 6084816896 bytes (5802.93 MB)
write base data version: 600400, memory: 6084816896 bytes (5802.93 MB)
write base data version: 600500, memory: 6084816896 bytes (5802.93 MB)
write base data version: 600600, memory: 6084816896 bytes (5802.93 MB)
write base data version: 600700, memory: 6084816896 bytes (5802.93 MB)
write base data version: 600800, memory: 6084947968 bytes (5803.06 MB)
write base data version: 600900, memory: 6084947968 bytes (5803.06 MB)
write base data version: 601000, memory: 6084947968 bytes (5803.06 MB)
write base data version: 601100, memory: 6084947968 bytes (5803.06 MB)
write base data version: 601200, memory: 6084947968 bytes (5803.06 MB)
write base data version: 601300, memory: 6084947968 bytes (5803.06 MB)
write base data version: 601400, memory: 6085160960 bytes (5803.26 MB)
write base data version: 601500, memory: 6085263360 bytes (5803.36 MB)
write base data version: 601600, memory: 6085263360 bytes (5803.36 MB)
write base data version: 601700, memory: 6085341184 bytes (5803.43 MB)
write base data version: 601800, memory: 6085341184 bytes (5803.43 MB)
write base data version: 601900, memory: 6085341184 bytes (5803.43 MB)
write base data version: 602000, memory: 6085341184 bytes (5803.43 MB)
write base data version: 602100, memory: 6085926912 bytes (5803.99 MB)
write base data version: 602200, memory: 6085926912 bytes (5803.99 MB)
write base data version: 602300, memory: 6085926912 bytes (5803.99 MB)
write base data version: 602400, memory: 6085926912 bytes (5803.99 MB)
write base data version: 602500, memory: 6085926912 bytes (5803.99 MB)
write base data version: 602600, memory: 6085926912 bytes (5803.99 MB)
write base data version: 602700, memory: 6085926912 bytes (5803.99 MB)
write base data version: 602800, memory: 6085926912 bytes (5803.99 MB)
write base data version: 602900, memory: 6085926912 bytes (5803.99 MB)
write base data version: 603000, memory: 6085955584 bytes (5804.02 MB)
write base data version: 603100, memory: 6085955584 bytes (5804.02 MB)
write base data version: 603200, memory: 6085955584 bytes (5804.02 MB)
write base data version: 603300, memory: 6086041600 bytes (5804.10 MB)
write base data version: 603400, memory: 6086041600 bytes (5804.10 MB)
write base data version: 603500, memory: 6086131712 bytes (5804.19 MB)
write base data version: 603600, memory: 6086238208 bytes (5804.29 MB)
write base data version: 603700, memory: 6086238208 bytes (5804.29 MB)
write base data version: 603800, memory: 6086238208 bytes (5804.29 MB)
write base data version: 603900, memory: 6086238208 bytes (5804.29 MB)
write base data version: 604000, memory: 6086238208 bytes (5804.29 MB)
write base data version: 604100, memory: 6086291456 bytes (5804.34 MB)
write base data version: 604200, memory: 6086422528 bytes (5804.46 MB)
write base data version: 604300, memory: 6086422528 bytes (5804.46 MB)
write base data version: 604400, memory: 6086422528 bytes (5804.46 MB)
write base data version: 604500, memory: 6086430720 bytes (5804.47 MB)
write base data version: 604600, memory: 6086430720 bytes (5804.47 MB)
write base data version: 604700, memory: 6086488064 bytes (5804.53 MB)
write base data version: 604800, memory: 6086512640 bytes (5804.55 MB)
write base data version: 604900, memory: 6086512640 bytes (5804.55 MB)
write base data version: 605000, memory: 6086602752 bytes (5804.64 MB)
write base data version: 605100, memory: 6086602752 bytes (5804.64 MB)
write base data version: 605200, memory: 6086717440 bytes (5804.75 MB)
write base data version: 605300, memory: 6087016448 bytes (5805.03 MB)
write base data version: 605400, memory: 6087016448 bytes (5805.03 MB)
write base data version: 605500, memory: 6087016448 bytes (5805.03 MB)
write base data version: 605600, memory: 6087016448 bytes (5805.03 MB)
write base data version: 605700, memory: 6087225344 bytes (5805.23 MB)
write base data version: 605800, memory: 6087225344 bytes (5805.23 MB)
write base data version: 605900, memory: 6087225344 bytes (5805.23 MB)
write base data version: 606000, memory: 6087225344 bytes (5805.23 MB)
write base data version: 606100, memory: 6087479296 bytes (5805.47 MB)
write base data version: 606200, memory: 6087479296 bytes (5805.47 MB)
write base data version: 606300, memory: 6087479296 bytes (5805.47 MB)
write base data version: 606400, memory: 6087479296 bytes (5805.47 MB)
write base data version: 606500, memory: 6087479296 bytes (5805.47 MB)
write base data version: 606600, memory: 6087479296 bytes (5805.47 MB)
write base data version: 606700, memory: 6087479296 bytes (5805.47 MB)
write base data version: 606800, memory: 6087548928 bytes (5805.54 MB)
write base data version: 606900, memory: 6087548928 bytes (5805.54 MB)
write base data version: 607000, memory: 6087577600 bytes (5805.57 MB)
write base data version: 607100, memory: 6087630848 bytes (5805.62 MB)
write base data version: 607200, memory: 6087880704 bytes (5805.86 MB)
write base data version: 607300, memory: 6087880704 bytes (5805.86 MB)
write base data version: 607400, memory: 6087880704 bytes (5805.86 MB)
write base data version: 607500, memory: 6087880704 bytes (5805.86 MB)
write base data version: 607600, memory: 6087880704 bytes (5805.86 MB)
write base data version: 607700, memory: 6087905280 bytes (5805.88 MB)
write base data version: 607800, memory: 6088200192 bytes (5806.16 MB)
write base data version: 607900, memory: 6088200192 bytes (5806.16 MB)
write base data version: 608000, memory: 6088298496 bytes (5806.25 MB)
write base data version: 608100, memory: 6088298496 bytes (5806.25 MB)
write base data version: 608200, memory: 6088314880 bytes (5806.27 MB)
write base data version: 608300, memory: 6088314880 bytes (5806.27 MB)
write base data version: 608400, memory: 6088314880 bytes (5806.27 MB)
write base data version: 608500, memory: 6088396800 bytes (5806.35 MB)
write base data version: 608600, memory: 6088396800 bytes (5806.35 MB)
write base data version: 608700, memory: 6088396800 bytes (5806.35 MB)
write base data version: 608800, memory: 6088650752 bytes (5806.59 MB)
write base data version: 608900, memory: 6088736768 bytes (5806.67 MB)
write base data version: 609000, memory: 6088736768 bytes (5806.67 MB)
write base data version: 609100, memory: 6088736768 bytes (5806.67 MB)
write base data version: 609200, memory: 6088794112 bytes (5806.73 MB)
write base data version: 609300, memory: 6089326592 bytes (5807.23 MB)
write base data version: 609400, memory: 6089326592 bytes (5807.23 MB)
write base data version: 609500, memory: 6089326592 bytes (5807.23 MB)
write base data version: 609600, memory: 6089330688 bytes (5807.24 MB)
write base data version: 609700, memory: 6089330688 bytes (5807.24 MB)
write base data version: 609800, memory: 6089330688 bytes (5807.24 MB)
write base data version: 609900, memory: 6089330688 bytes (5807.24 MB)
write base data version: 610000, memory: 6089355264 bytes (5807.26 MB)
write base data version: 610100, memory: 6089355264 bytes (5807.26 MB)
write base data version: 610200, memory: 6089760768 bytes (5807.65 MB)
write base data version: 610300, memory: 6089760768 bytes (5807.65 MB)
write base data version: 610400, memory: 6089805824 bytes (5807.69 MB)
write base data version: 610500, memory: 6089805824 bytes (5807.69 MB)
write base data version: 610600, memory: 6089805824 bytes (5807.69 MB)
write base data version: 610700, memory: 6089805824 bytes (5807.69 MB)
write base data version: 610800, memory: 6089805824 bytes (5807.69 MB)
write base data version: 610900, memory: 6089805824 bytes (5807.69 MB)
write base data version: 611000, memory: 6089805824 bytes (5807.69 MB)
write base data version: 611100, memory: 6089805824 bytes (5807.69 MB)
write base data version: 611200, memory: 6089805824 bytes (5807.69 MB)
write base data version: 611300, memory: 6089805824 bytes (5807.69 MB)
write base data version: 611400, memory: 6089805824 bytes (5807.69 MB)
write base data version: 611500, memory: 6089805824 bytes (5807.69 MB)
write base data version: 611600, memory: 6089805824 bytes (5807.69 MB)
write base data version: 611700, memory: 6089805824 bytes (5807.69 MB)
write base data version: 611800, memory: 6089805824 bytes (5807.69 MB)
write base data version: 611900, memory: 6090039296 bytes (5807.91 MB)
write base data version: 612000, memory: 6090039296 bytes (5807.91 MB)
write base data version: 612100, memory: 6090039296 bytes (5807.91 MB)
write base data version: 612200, memory: 6090039296 bytes (5807.91 MB)
write base data version: 612300, memory: 6090039296 bytes (5807.91 MB)
write base data version: 612400, memory: 6090039296 bytes (5807.91 MB)
write base data version: 612500, memory: 6090039296 bytes (5807.91 MB)
write base data version: 612600, memory: 6090170368 bytes (5808.04 MB)
write base data version: 612700, memory: 6090170368 bytes (5808.04 MB)
write base data version: 612800, memory: 6090227712 bytes (5808.09 MB)
write base data version: 612900, memory: 6090502144 bytes (5808.36 MB)
write base data version: 613000, memory: 6090502144 bytes (5808.36 MB)
write base data version: 613100, memory: 6090502144 bytes (5808.36 MB)
write base data version: 613200, memory: 6090637312 bytes (5808.48 MB)
write base data version: 613300, memory: 6090637312 bytes (5808.48 MB)
write base data version: 613400, memory: 6090637312 bytes (5808.48 MB)
write base data version: 613500, memory: 6090858496 bytes (5808.70 MB)
write base data version: 613600, memory: 6090858496 bytes (5808.70 MB)
write base data version: 613700, memory: 6090858496 bytes (5808.70 MB)
write base data version: 613800, memory: 6090858496 bytes (5808.70 MB)
write base data version: 613900, memory: 6090940416 bytes (5808.77 MB)
write base data version: 614000, memory: 6090940416 bytes (5808.77 MB)
write base data version: 614100, memory: 6090940416 bytes (5808.77 MB)
write base data version: 614200, memory: 6090940416 bytes (5808.77 MB)
write base data version: 614300, memory: 6090940416 bytes (5808.77 MB)
write base data version: 614400, memory: 6090940416 bytes (5808.77 MB)
write base data version: 614500, memory: 6090940416 bytes (5808.77 MB)
write base data version: 614600, memory: 6091206656 bytes (5809.03 MB)
write base data version: 614700, memory: 6091448320 bytes (5809.26 MB)
write base data version: 614800, memory: 6091583488 bytes (5809.39 MB)
write base data version: 614900, memory: 6091583488 bytes (5809.39 MB)
write base data version: 615000, memory: 6091640832 bytes (5809.44 MB)
write base data version: 615100, memory: 6091640832 bytes (5809.44 MB)
write base data version: 615200, memory: 6091640832 bytes (5809.44 MB)
write base data version: 615300, memory: 6091640832 bytes (5809.44 MB)
write base data version: 615400, memory: 6091640832 bytes (5809.44 MB)
write base data version: 615500, memory: 6091640832 bytes (5809.44 MB)
write base data version: 615600, memory: 6091640832 bytes (5809.44 MB)
write base data version: 615700, memory: 6091640832 bytes (5809.44 MB)
write base data version: 615800, memory: 6091640832 bytes (5809.44 MB)
write base data version: 615900, memory: 6091857920 bytes (5809.65 MB)
write base data version: 616000, memory: 6091894784 bytes (5809.68 MB)
write base data version: 616100, memory: 6091894784 bytes (5809.68 MB)
write base data version: 616200, memory: 6091894784 bytes (5809.68 MB)
write base data version: 616300, memory: 6091894784 bytes (5809.68 MB)
write base data version: 616400, memory: 6092124160 bytes (5809.90 MB)
write base data version: 616500, memory: 6092124160 bytes (5809.90 MB)
write base data version: 616600, memory: 6092148736 bytes (5809.93 MB)
write base data version: 616700, memory: 6092148736 bytes (5809.93 MB)
write base data version: 616800, memory: 6092148736 bytes (5809.93 MB)
write base data version: 616900, memory: 6092148736 bytes (5809.93 MB)
write base data version: 617000, memory: 6092148736 bytes (5809.93 MB)
write base data version: 617100, memory: 6092148736 bytes (5809.93 MB)
write base data version: 617200, memory: 6092529664 bytes (5810.29 MB)
write base data version: 617300, memory: 6093205504 bytes (5810.93 MB)
write base data version: 617400, memory: 6093205504 bytes (5810.93 MB)
write base data version: 617500, memory: 6093205504 bytes (5810.93 MB)
write base data version: 617600, memory: 6093205504 bytes (5810.93 MB)
write base data version: 617700, memory: 6093205504 bytes (5810.93 MB)
write base data version: 617800, memory: 6093205504 bytes (5810.93 MB)
write base data version: 617900, memory: 6093205504 bytes (5810.93 MB)
write base data version: 618000, memory: 6093205504 bytes (5810.93 MB)
write base data version: 618100, memory: 6093205504 bytes (5810.93 MB)
write base data version: 618200, memory: 6093205504 bytes (5810.93 MB)
write base data version: 618300, memory: 6093205504 bytes (5810.93 MB)
write base data version: 618400, memory: 6093205504 bytes (5810.93 MB)
write base data version: 618500, memory: 6093205504 bytes (5810.93 MB)
write base data version: 618600, memory: 6093205504 bytes (5810.93 MB)
write base data version: 618700, memory: 6093361152 bytes (5811.08 MB)
write base data version: 618800, memory: 6093524992 bytes (5811.24 MB)
write base data version: 618900, memory: 6093524992 bytes (5811.24 MB)
write base data version: 619000, memory: 6093524992 bytes (5811.24 MB)
write base data version: 619100, memory: 6093524992 bytes (5811.24 MB)
write base data version: 619200, memory: 6093524992 bytes (5811.24 MB)
write base data version: 619300, memory: 6093524992 bytes (5811.24 MB)
write base data version: 619400, memory: 6093524992 bytes (5811.24 MB)
write base data version: 619500, memory: 6093524992 bytes (5811.24 MB)
write base data version: 619600, memory: 6093524992 bytes (5811.24 MB)
write base data version: 619700, memory: 6093524992 bytes (5811.24 MB)
write base data version: 619800, memory: 6093627392 bytes (5811.34 MB)
write base data version: 619900, memory: 6093627392 bytes (5811.34 MB)
write base data version: 620000, memory: 6093627392 bytes (5811.34 MB)
write base data version: 620100, memory: 6093627392 bytes (5811.34 MB)
write base data version: 620200, memory: 6093631488 bytes (5811.34 MB)
write base data version: 620300, memory: 6093651968 bytes (5811.36 MB)
write base data version: 620400, memory: 6093651968 bytes (5811.36 MB)
write base data version: 620500, memory: 6093787136 bytes (5811.49 MB)
write base data version: 620600, memory: 6093787136 bytes (5811.49 MB)
write base data version: 620700, memory: 6093860864 bytes (5811.56 MB)
write base data version: 620800, memory: 6093860864 bytes (5811.56 MB)
write base data version: 620900, memory: 6093987840 bytes (5811.68 MB)
write base data version: 621000, memory: 6094217216 bytes (5811.90 MB)
write base data version: 621100, memory: 6094217216 bytes (5811.90 MB)
write base data version: 621200, memory: 6094217216 bytes (5811.90 MB)
write base data version: 621300, memory: 6095024128 bytes (5812.67 MB)
write base data version: 621400, memory: 6095024128 bytes (5812.67 MB)
write base data version: 621500, memory: 6095024128 bytes (5812.67 MB)
write base data version: 621600, memory: 6095024128 bytes (5812.67 MB)
write base data version: 621700, memory: 6095024128 bytes (5812.67 MB)
write base data version: 621800, memory: 6095024128 bytes (5812.67 MB)
write base data version: 621900, memory: 6095024128 bytes (5812.67 MB)
write base data version: 622000, memory: 6095024128 bytes (5812.67 MB)
write base data version: 622100, memory: 6095024128 bytes (5812.67 MB)
write base data version: 622200, memory: 6095024128 bytes (5812.67 MB)
write base data version: 622300, memory: 6095024128 bytes (5812.67 MB)
write base data version: 622400, memory: 6095024128 bytes (5812.67 MB)
write base data version: 622500, memory: 6095024128 bytes (5812.67 MB)
write base data version: 622600, memory: 6095024128 bytes (5812.67 MB)
write base data version: 622700, memory: 6095024128 bytes (5812.67 MB)
write base data version: 622800, memory: 6095024128 bytes (5812.67 MB)
write base data version: 622900, memory: 6095024128 bytes (5812.67 MB)
write base data version: 623000, memory: 6095024128 bytes (5812.67 MB)
write base data version: 623100, memory: 6095024128 bytes (5812.67 MB)
write base data version: 623200, memory: 6095134720 bytes (5812.77 MB)
write base data version: 623300, memory: 6095241216 bytes (5812.88 MB)
write base data version: 623400, memory: 6095241216 bytes (5812.88 MB)
write base data version: 623500, memory: 6095241216 bytes (5812.88 MB)
write base data version: 623600, memory: 6095454208 bytes (5813.08 MB)
write base data version: 623700, memory: 6095454208 bytes (5813.08 MB)
write base data version: 623800, memory: 6095454208 bytes (5813.08 MB)
write base data version: 623900, memory: 6095454208 bytes (5813.08 MB)
write base data version: 624000, memory: 6095605760 bytes (5813.22 MB)
write base data version: 624100, memory: 6095761408 bytes (5813.37 MB)
write base data version: 624200, memory: 6095765504 bytes (5813.38 MB)
write base data version: 624300, memory: 6095765504 bytes (5813.38 MB)
write base data version: 624400, memory: 6095765504 bytes (5813.38 MB)
write base data version: 624500, memory: 6095765504 bytes (5813.38 MB)
write base data version: 624600, memory: 6095863808 bytes (5813.47 MB)
write base data version: 624700, memory: 6096027648 bytes (5813.62 MB)
write base data version: 624800, memory: 6096027648 bytes (5813.62 MB)
write base data version: 624900, memory: 6096089088 bytes (5813.68 MB)
write base data version: 625000, memory: 6096211968 bytes (5813.80 MB)
write base data version: 625100, memory: 6096211968 bytes (5813.80 MB)
write base data version: 625200, memory: 6096211968 bytes (5813.80 MB)
write base data version: 625300, memory: 6096211968 bytes (5813.80 MB)
write base data version: 625400, memory: 6096211968 bytes (5813.80 MB)
write base data version: 625500, memory: 6096211968 bytes (5813.80 MB)
write base data version: 625600, memory: 6096211968 bytes (5813.80 MB)
write base data version: 625700, memory: 6096211968 bytes (5813.80 MB)
write base data version: 625800, memory: 6096211968 bytes (5813.80 MB)
write base data version: 625900, memory: 6096211968 bytes (5813.80 MB)
write base data version: 626000, memory: 6096211968 bytes (5813.80 MB)
write base data version: 626100, memory: 6096347136 bytes (5813.93 MB)
write base data version: 626200, memory: 6096347136 bytes (5813.93 MB)
write base data version: 626300, memory: 6096482304 bytes (5814.06 MB)
write base data version: 626400, memory: 6096482304 bytes (5814.06 MB)
write base data version: 626500, memory: 6096482304 bytes (5814.06 MB)
write base data version: 626600, memory: 6096482304 bytes (5814.06 MB)
write base data version: 626700, memory: 6096482304 bytes (5814.06 MB)
write base data version: 626800, memory: 6096883712 bytes (5814.44 MB)
write base data version: 626900, memory: 6096883712 bytes (5814.44 MB)
write base data version: 627000, memory: 6096883712 bytes (5814.44 MB)
write base data version: 627100, memory: 6096883712 bytes (5814.44 MB)
write base data version: 627200, memory: 6096883712 bytes (5814.44 MB)
write base data version: 627300, memory: 6096883712 bytes (5814.44 MB)
write base data version: 627400, memory: 6097137664 bytes (5814.68 MB)
write base data version: 627500, memory: 6097137664 bytes (5814.68 MB)
write base data version: 627600, memory: 6097137664 bytes (5814.68 MB)
write base data version: 627700, memory: 6097137664 bytes (5814.68 MB)
write base data version: 627800, memory: 6097137664 bytes (5814.68 MB)
write base data version: 627900, memory: 6097145856 bytes (5814.69 MB)
write base data version: 628000, memory: 6097145856 bytes (5814.69 MB)
write base data version: 628100, memory: 6097391616 bytes (5814.93 MB)
write base data version: 628200, memory: 6097559552 bytes (5815.09 MB)
write base data version: 628300, memory: 6097629184 bytes (5815.15 MB)
write base data version: 628400, memory: 6097629184 bytes (5815.15 MB)
write base data version: 628500, memory: 6097629184 bytes (5815.15 MB)
write base data version: 628600, memory: 6097842176 bytes (5815.36 MB)
write base data version: 628700, memory: 6097842176 bytes (5815.36 MB)
write base data version: 628800, memory: 6097842176 bytes (5815.36 MB)
write base data version: 628900, memory: 6097842176 bytes (5815.36 MB)
write base data version: 629000, memory: 6097842176 bytes (5815.36 MB)
write base data version: 629100, memory: 6097969152 bytes (5815.48 MB)
write base data version: 629200, memory: 6098010112 bytes (5815.52 MB)
write base data version: 629300, memory: 6098010112 bytes (5815.52 MB)
write base data version: 629400, memory: 6098010112 bytes (5815.52 MB)
write base data version: 629500, memory: 6098010112 bytes (5815.52 MB)
write base data version: 629600, memory: 6098010112 bytes (5815.52 MB)
write base data version: 629700, memory: 6098010112 bytes (5815.52 MB)
write base data version: 629800, memory: 6098010112 bytes (5815.52 MB)
write base data version: 629900, memory: 6098100224 bytes (5815.60 MB)
write base data version: 630000, memory: 6098100224 bytes (5815.60 MB)
write base data version: 630100, memory: 6098100224 bytes (5815.60 MB)
write base data version: 630200, memory: 6098100224 bytes (5815.60 MB)
write base data version: 630300, memory: 6098157568 bytes (5815.66 MB)
write base data version: 630400, memory: 6098329600 bytes (5815.82 MB)
write base data version: 630500, memory: 6098612224 bytes (5816.09 MB)
write base data version: 630600, memory: 6098612224 bytes (5816.09 MB)
write base data version: 630700, memory: 6098612224 bytes (5816.09 MB)
write base data version: 630800, memory: 6098739200 bytes (5816.21 MB)
write base data version: 630900, memory: 6098923520 bytes (5816.39 MB)
write base data version: 631000, memory: 6099095552 bytes (5816.55 MB)
write base data version: 631100, memory: 6099095552 bytes (5816.55 MB)
write base data version: 631200, memory: 6099095552 bytes (5816.55 MB)
write base data version: 631300, memory: 6099095552 bytes (5816.55 MB)
write base data version: 631400, memory: 6099095552 bytes (5816.55 MB)
write base data version: 631500, memory: 6099095552 bytes (5816.55 MB)
write base data version: 631600, memory: 6099095552 bytes (5816.55 MB)
write base data version: 631700, memory: 6099095552 bytes (5816.55 MB)
write base data version: 631800, memory: 6099095552 bytes (5816.55 MB)
write base data version: 631900, memory: 6099095552 bytes (5816.55 MB)
write base data version: 632000, memory: 6099095552 bytes (5816.55 MB)
write base data version: 632100, memory: 6099095552 bytes (5816.55 MB)
write base data version: 632200, memory: 6099095552 bytes (5816.55 MB)
write base data version: 632300, memory: 6099173376 bytes (5816.62 MB)
write base data version: 632400, memory: 6099173376 bytes (5816.62 MB)
write base data version: 632500, memory: 6099316736 bytes (5816.76 MB)
write base data version: 632600, memory: 6099369984 bytes (5816.81 MB)
write base data version: 632700, memory: 6099439616 bytes (5816.88 MB)
write base data version: 632800, memory: 6099484672 bytes (5816.92 MB)
write base data version: 632900, memory: 6099726336 bytes (5817.15 MB)
write base data version: 633000, memory: 6099726336 bytes (5817.15 MB)
write base data version: 633100, memory: 6099726336 bytes (5817.15 MB)
write base data version: 633200, memory: 6099726336 bytes (5817.15 MB)
write base data version: 633300, memory: 6099894272 bytes (5817.31 MB)
write base data version: 633400, memory: 6100316160 bytes (5817.71 MB)
write base data version: 633500, memory: 6100316160 bytes (5817.71 MB)
write base data version: 633600, memory: 6100316160 bytes (5817.71 MB)
write base data version: 633700, memory: 6100316160 bytes (5817.71 MB)
write base data version: 633800, memory: 6100316160 bytes (5817.71 MB)
write base data version: 633900, memory: 6100316160 bytes (5817.71 MB)
write base data version: 634000, memory: 6100316160 bytes (5817.71 MB)
write base data version: 634100, memory: 6100316160 bytes (5817.71 MB)
write base data version: 634200, memory: 6100316160 bytes (5817.71 MB)
write base data version: 634300, memory: 6100316160 bytes (5817.71 MB)
write base data version: 634400, memory: 6100316160 bytes (5817.71 MB)
write base data version: 634500, memory: 6100316160 bytes (5817.71 MB)
write base data version: 634600, memory: 6100316160 bytes (5817.71 MB)
write base data version: 634700, memory: 6100316160 bytes (5817.71 MB)
write base data version: 634800, memory: 6100316160 bytes (5817.71 MB)
write base data version: 634900, memory: 6100316160 bytes (5817.71 MB)
write base data version: 635000, memory: 6100316160 bytes (5817.71 MB)
write base data version: 635100, memory: 6100426752 bytes (5817.82 MB)
write base data version: 635200, memory: 6100426752 bytes (5817.82 MB)
write base data version: 635300, memory: 6100447232 bytes (5817.84 MB)
write base data version: 635400, memory: 6100447232 bytes (5817.84 MB)
write base data version: 635500, memory: 6100447232 bytes (5817.84 MB)
write base data version: 635600, memory: 6100885504 bytes (5818.26 MB)
write base data version: 635700, memory: 6100885504 bytes (5818.26 MB)
write base data version: 635800, memory: 6100885504 bytes (5818.26 MB)
write base data version: 635900, memory: 6100885504 bytes (5818.26 MB)
write base data version: 636000, memory: 6100905984 bytes (5818.28 MB)
write base data version: 636100, memory: 6101237760 bytes (5818.59 MB)
write base data version: 636200, memory: 6101237760 bytes (5818.59 MB)
write base data version: 636300, memory: 6101237760 bytes (5818.59 MB)
write base data version: 636400, memory: 6101282816 bytes (5818.64 MB)
write base data version: 636500, memory: 6101282816 bytes (5818.64 MB)
write base data version: 636600, memory: 6101282816 bytes (5818.64 MB)
write base data version: 636700, memory: 6101491712 bytes (5818.84 MB)
write base data version: 636800, memory: 6101491712 bytes (5818.84 MB)
write base data version: 636900, memory: 6101491712 bytes (5818.84 MB)
write base data version: 637000, memory: 6101491712 bytes (5818.84 MB)
write base data version: 637100, memory: 6101491712 bytes (5818.84 MB)
write base data version: 637200, memory: 6101491712 bytes (5818.84 MB)
write base data version: 637300, memory: 6101544960 bytes (5818.89 MB)
write base data version: 637400, memory: 6101544960 bytes (5818.89 MB)
write base data version: 637500, memory: 6101606400 bytes (5818.95 MB)
write base data version: 637600, memory: 6101827584 bytes (5819.16 MB)
write base data version: 637700, memory: 6101827584 bytes (5819.16 MB)
write base data version: 637800, memory: 6101839872 bytes (5819.17 MB)
write base data version: 637900, memory: 6101876736 bytes (5819.20 MB)
write base data version: 638000, memory: 6101876736 bytes (5819.20 MB)
write base data version: 638100, memory: 6102085632 bytes (5819.40 MB)
write base data version: 638200, memory: 6102810624 bytes (5820.09 MB)
write base data version: 638300, memory: 6102880256 bytes (5820.16 MB)
write base data version: 638400, memory: 6102880256 bytes (5820.16 MB)
write base data version: 638500, memory: 6102880256 bytes (5820.16 MB)
write base data version: 638600, memory: 6102880256 bytes (5820.16 MB)
write base data version: 638700, memory: 6102880256 bytes (5820.16 MB)
write base data version: 638800, memory: 6102880256 bytes (5820.16 MB)
write base data version: 638900, memory: 6102880256 bytes (5820.16 MB)
write base data version: 639000, memory: 6102880256 bytes (5820.16 MB)
write base data version: 639100, memory: 6102880256 bytes (5820.16 MB)
write base data version: 639200, memory: 6102880256 bytes (5820.16 MB)
write base data version: 639300, memory: 6102880256 bytes (5820.16 MB)
write base data version: 639400, memory: 6102880256 bytes (5820.16 MB)
write base data version: 639500, memory: 6102880256 bytes (5820.16 MB)
write base data version: 639600, memory: 6102880256 bytes (5820.16 MB)
write base data version: 639700, memory: 6102880256 bytes (5820.16 MB)
write base data version: 639800, memory: 6102880256 bytes (5820.16 MB)
write base data version: 639900, memory: 6102880256 bytes (5820.16 MB)
write base data version: 640000, memory: 6102880256 bytes (5820.16 MB)
write base data version: 640100, memory: 6102880256 bytes (5820.16 MB)
write base data version: 640200, memory: 6102880256 bytes (5820.16 MB)
write base data version: 640300, memory: 6102880256 bytes (5820.16 MB)
write base data version: 640400, memory: 6102880256 bytes (5820.16 MB)
write base data version: 640500, memory: 6102880256 bytes (5820.16 MB)
write base data version: 640600, memory: 6102896640 bytes (5820.18 MB)
write base data version: 640700, memory: 6103023616 bytes (5820.30 MB)
write base data version: 640800, memory: 6103023616 bytes (5820.30 MB)
write base data version: 640900, memory: 6103261184 bytes (5820.52 MB)
write base data version: 641000, memory: 6103261184 bytes (5820.52 MB)
write base data version: 641100, memory: 6103277568 bytes (5820.54 MB)
write base data version: 641200, memory: 6103277568 bytes (5820.54 MB)
write base data version: 641300, memory: 6103404544 bytes (5820.66 MB)
write base data version: 641400, memory: 6103404544 bytes (5820.66 MB)
write base data version: 641500, memory: 6103990272 bytes (5821.22 MB)
write base data version: 641600, memory: 6103990272 bytes (5821.22 MB)
write base data version: 641700, memory: 6103990272 bytes (5821.22 MB)
write base data version: 641800, memory: 6103990272 bytes (5821.22 MB)
write base data version: 641900, memory: 6103990272 bytes (5821.22 MB)
write base data version: 642000, memory: 6103990272 bytes (5821.22 MB)
write base data version: 642100, memory: 6103990272 bytes (5821.22 MB)
write base data version: 642200, memory: 6104043520 bytes (5821.27 MB)
write base data version: 642300, memory: 6104170496 bytes (5821.39 MB)
write base data version: 642400, memory: 6104170496 bytes (5821.39 MB)
write base data version: 642500, memory: 6104170496 bytes (5821.39 MB)
write base data version: 642600, memory: 6104203264 bytes (5821.42 MB)
write base data version: 642700, memory: 6104363008 bytes (5821.57 MB)
write base data version: 642800, memory: 6104363008 bytes (5821.57 MB)
write base data version: 642900, memory: 6104363008 bytes (5821.57 MB)
write base data version: 643000, memory: 6104395776 bytes (5821.61 MB)
write base data version: 643100, memory: 6104395776 bytes (5821.61 MB)
write base data version: 643200, memory: 6104502272 bytes (5821.71 MB)
write base data version: 643300, memory: 6104502272 bytes (5821.71 MB)
write base data version: 643400, memory: 6104535040 bytes (5821.74 MB)
write base data version: 643500, memory: 6104535040 bytes (5821.74 MB)
write base data version: 643600, memory: 6104633344 bytes (5821.83 MB)
write base data version: 643700, memory: 6104727552 bytes (5821.92 MB)
write base data version: 643800, memory: 6104727552 bytes (5821.92 MB)
write base data version: 643900, memory: 6104727552 bytes (5821.92 MB)
write base data version: 644000, memory: 6104760320 bytes (5821.95 MB)
write base data version: 644100, memory: 6104793088 bytes (5821.98 MB)
write base data version: 644200, memory: 6104854528 bytes (5822.04 MB)
write base data version: 644300, memory: 6104862720 bytes (5822.05 MB)
write base data version: 644400, memory: 6105030656 bytes (5822.21 MB)
write base data version: 644500, memory: 6105030656 bytes (5822.21 MB)
write base data version: 644600, memory: 6105030656 bytes (5822.21 MB)
write base data version: 644700, memory: 6105030656 bytes (5822.21 MB)
write base data version: 644800, memory: 6105030656 bytes (5822.21 MB)
write base data version: 644900, memory: 6105198592 bytes (5822.37 MB)
write base data version: 645000, memory: 6105198592 bytes (5822.37 MB)
write base data version: 645100, memory: 6105198592 bytes (5822.37 MB)
write base data version: 645200, memory: 6105198592 bytes (5822.37 MB)
write base data version: 645300, memory: 6105198592 bytes (5822.37 MB)
write base data version: 645400, memory: 6105198592 bytes (5822.37 MB)
write base data version: 645500, memory: 6105198592 bytes (5822.37 MB)
write base data version: 645600, memory: 6105198592 bytes (5822.37 MB)
write base data version: 645700, memory: 6105198592 bytes (5822.37 MB)
write base data version: 645800, memory: 6105219072 bytes (5822.39 MB)
write base data version: 645900, memory: 6105473024 bytes (5822.63 MB)
write base data version: 646000, memory: 6105677824 bytes (5822.83 MB)
write base data version: 646100, memory: 6105677824 bytes (5822.83 MB)
write base data version: 646200, memory: 6105677824 bytes (5822.83 MB)
write base data version: 646300, memory: 6105677824 bytes (5822.83 MB)
write base data version: 646400, memory: 6105710592 bytes (5822.86 MB)
write base data version: 646500, memory: 6105718784 bytes (5822.87 MB)
write base data version: 646600, memory: 6105718784 bytes (5822.87 MB)
write base data version: 646700, memory: 6105718784 bytes (5822.87 MB)
write base data version: 646800, memory: 6105772032 bytes (5822.92 MB)
write base data version: 646900, memory: 6105878528 bytes (5823.02 MB)
write base data version: 647000, memory: 6105878528 bytes (5823.02 MB)
write base data version: 647100, memory: 6105989120 bytes (5823.12 MB)
write base data version: 647200, memory: 6106083328 bytes (5823.21 MB)
write base data version: 647300, memory: 6106083328 bytes (5823.21 MB)
write base data version: 647400, memory: 6106398720 bytes (5823.52 MB)
write base data version: 647500, memory: 6106398720 bytes (5823.52 MB)
write base data version: 647600, memory: 6106398720 bytes (5823.52 MB)
write base data version: 647700, memory: 6106398720 bytes (5823.52 MB)
write base data version: 647800, memory: 6106398720 bytes (5823.52 MB)
write base data version: 647900, memory: 6106439680 bytes (5823.55 MB)
write base data version: 648000, memory: 6106480640 bytes (5823.59 MB)
write base data version: 648100, memory: 6106488832 bytes (5823.60 MB)
write base data version: 648200, memory: 6106488832 bytes (5823.60 MB)
write base data version: 648300, memory: 6106591232 bytes (5823.70 MB)
write base data version: 648400, memory: 6106824704 bytes (5823.92 MB)
write base data version: 648500, memory: 6106832896 bytes (5823.93 MB)
write base data version: 648600, memory: 6106857472 bytes (5823.95 MB)
write base data version: 648700, memory: 6106857472 bytes (5823.95 MB)
write base data version: 648800, memory: 6106857472 bytes (5823.95 MB)
write base data version: 648900, memory: 6106857472 bytes (5823.95 MB)
write base data version: 649000, memory: 6106857472 bytes (5823.95 MB)
write base data version: 649100, memory: 6106857472 bytes (5823.95 MB)
write base data version: 649200, memory: 6106927104 bytes (5824.02 MB)
write base data version: 649300, memory: 6106927104 bytes (5824.02 MB)
write base data version: 649400, memory: 6107090944 bytes (5824.18 MB)
write base data version: 649500, memory: 6107435008 bytes (5824.50 MB)
write base data version: 649600, memory: 6107435008 bytes (5824.50 MB)
write base data version: 649700, memory: 6107435008 bytes (5824.50 MB)
write base data version: 649800, memory: 6107435008 bytes (5824.50 MB)
write base data version: 649900, memory: 6107435008 bytes (5824.50 MB)
write base data version: 650000, memory: 6107504640 bytes (5824.57 MB)
write base data version: 650100, memory: 6107504640 bytes (5824.57 MB)
write base data version: 650200, memory: 6107504640 bytes (5824.57 MB)
write base data version: 650300, memory: 6107504640 bytes (5824.57 MB)
write base data version: 650400, memory: 6107504640 bytes (5824.57 MB)
write base data version: 650500, memory: 6107504640 bytes (5824.57 MB)
write base data version: 650600, memory: 6107594752 bytes (5824.66 MB)
write base data version: 650700, memory: 6107799552 bytes (5824.85 MB)
write base data version: 650800, memory: 6107967488 bytes (5825.01 MB)
write base data version: 650900, memory: 6108008448 bytes (5825.05 MB)
write base data version: 651000, memory: 6108336128 bytes (5825.36 MB)
write base data version: 651100, memory: 6108336128 bytes (5825.36 MB)
write base data version: 651200, memory: 6108336128 bytes (5825.36 MB)
write base data version: 651300, memory: 6108336128 bytes (5825.36 MB)
write base data version: 651400, memory: 6108336128 bytes (5825.36 MB)
write base data version: 651500, memory: 6108545024 bytes (5825.56 MB)
write base data version: 651600, memory: 6108712960 bytes (5825.72 MB)
write base data version: 651700, memory: 6108712960 bytes (5825.72 MB)
write base data version: 651800, memory: 6108712960 bytes (5825.72 MB)
write base data version: 651900, memory: 6108712960 bytes (5825.72 MB)
write base data version: 652000, memory: 6108712960 bytes (5825.72 MB)
write base data version: 652100, memory: 6108712960 bytes (5825.72 MB)
write base data version: 652200, memory: 6108712960 bytes (5825.72 MB)
write base data version: 652300, memory: 6108712960 bytes (5825.72 MB)
write base data version: 652400, memory: 6108712960 bytes (5825.72 MB)
write base data version: 652500, memory: 6108712960 bytes (5825.72 MB)
write base data version: 652600, memory: 6108712960 bytes (5825.72 MB)
write base data version: 652700, memory: 6108839936 bytes (5825.84 MB)
write base data version: 652800, memory: 6108839936 bytes (5825.84 MB)
write base data version: 652900, memory: 6108839936 bytes (5825.84 MB)
write base data version: 653000, memory: 6108839936 bytes (5825.84 MB)
write base data version: 653100, memory: 6108839936 bytes (5825.84 MB)
write base data version: 653200, memory: 6108839936 bytes (5825.84 MB)
write base data version: 653300, memory: 6108844032 bytes (5825.85 MB)
write base data version: 653400, memory: 6108844032 bytes (5825.85 MB)
write base data version: 653500, memory: 6108844032 bytes (5825.85 MB)
write base data version: 653600, memory: 6108848128 bytes (5825.85 MB)
write base data version: 653700, memory: 6109061120 bytes (5826.05 MB)
write base data version: 653800, memory: 6109061120 bytes (5826.05 MB)
write base data version: 653900, memory: 6109245440 bytes (5826.23 MB)
write base data version: 654000, memory: 6109245440 bytes (5826.23 MB)
write base data version: 654100, memory: 6109343744 bytes (5826.32 MB)
write base data version: 654200, memory: 6109343744 bytes (5826.32 MB)
write base data version: 654300, memory: 6109466624 bytes (5826.44 MB)
write base data version: 654400, memory: 6109466624 bytes (5826.44 MB)
write base data version: 654500, memory: 6109470720 bytes (5826.45 MB)
write base data version: 654600, memory: 6109470720 bytes (5826.45 MB)
write base data version: 654700, memory: 6109495296 bytes (5826.47 MB)
write base data version: 654800, memory: 6109638656 bytes (5826.61 MB)
write base data version: 654900, memory: 6109814784 bytes (5826.77 MB)
write base data version: 655000, memory: 6109814784 bytes (5826.77 MB)
write base data version: 655100, memory: 6109814784 bytes (5826.77 MB)
write base data version: 655200, memory: 6109814784 bytes (5826.77 MB)
write base data version: 655300, memory: 6109814784 bytes (5826.77 MB)
write base data version: 655400, memory: 6109814784 bytes (5826.77 MB)
write base data version: 655500, memory: 6109814784 bytes (5826.77 MB)
write base data version: 655600, memory: 6110060544 bytes (5827.01 MB)
write base data version: 655700, memory: 6110560256 bytes (5827.48 MB)
write base data version: 655800, memory: 6110560256 bytes (5827.48 MB)
write base data version: 655900, memory: 6110560256 bytes (5827.48 MB)
write base data version: 656000, memory: 6110560256 bytes (5827.48 MB)
write base data version: 656100, memory: 6110560256 bytes (5827.48 MB)
write base data version: 656200, memory: 6110560256 bytes (5827.48 MB)
write base data version: 656300, memory: 6110560256 bytes (5827.48 MB)
write base data version: 656400, memory: 6110560256 bytes (5827.48 MB)
write base data version: 656500, memory: 6110560256 bytes (5827.48 MB)
write base data version: 656600, memory: 6110687232 bytes (5827.61 MB)
write base data version: 656700, memory: 6110687232 bytes (5827.61 MB)
write base data version: 656800, memory: 6110687232 bytes (5827.61 MB)
write base data version: 656900, memory: 6110687232 bytes (5827.61 MB)
write base data version: 657000, memory: 6110687232 bytes (5827.61 MB)
write base data version: 657100, memory: 6110728192 bytes (5827.64 MB)
write base data version: 657200, memory: 6110728192 bytes (5827.64 MB)
write base data version: 657300, memory: 6110728192 bytes (5827.64 MB)
write base data version: 657400, memory: 6110736384 bytes (5827.65 MB)
write base data version: 657500, memory: 6111039488 bytes (5827.94 MB)
write base data version: 657600, memory: 6111059968 bytes (5827.96 MB)
write base data version: 657700, memory: 6111059968 bytes (5827.96 MB)
write base data version: 657800, memory: 6111059968 bytes (5827.96 MB)
write base data version: 657900, memory: 6111059968 bytes (5827.96 MB)
write base data version: 658000, memory: 6111059968 bytes (5827.96 MB)
write base data version: 658100, memory: 6111059968 bytes (5827.96 MB)
write base data version: 658200, memory: 6111059968 bytes (5827.96 MB)
write base data version: 658300, memory: 6111059968 bytes (5827.96 MB)
write base data version: 658400, memory: 6111059968 bytes (5827.96 MB)
write base data version: 658500, memory: 6111113216 bytes (5828.01 MB)
write base data version: 658600, memory: 6111506432 bytes (5828.39 MB)
write base data version: 658700, memory: 6111637504 bytes (5828.51 MB)
write base data version: 658800, memory: 6111637504 bytes (5828.51 MB)
write base data version: 658900, memory: 6111637504 bytes (5828.51 MB)
write base data version: 659000, memory: 6111637504 bytes (5828.51 MB)
write base data version: 659100, memory: 6111797248 bytes (5828.66 MB)
write base data version: 659200, memory: 6111899648 bytes (5828.76 MB)
write base data version: 659300, memory: 6111899648 bytes (5828.76 MB)
write base data version: 659400, memory: 6111993856 bytes (5828.85 MB)
write base data version: 659500, memory: 6111993856 bytes (5828.85 MB)
write base data version: 659600, memory: 6112026624 bytes (5828.88 MB)
write base data version: 659700, memory: 6112587776 bytes (5829.42 MB)
write base data version: 659800, memory: 6112587776 bytes (5829.42 MB)
write base data version: 659900, memory: 6112587776 bytes (5829.42 MB)
write base data version: 660000, memory: 6112587776 bytes (5829.42 MB)
write base data version: 660100, memory: 6112587776 bytes (5829.42 MB)
write base data version: 660200, memory: 6112587776 bytes (5829.42 MB)
write base data version: 660300, memory: 6112587776 bytes (5829.42 MB)
write base data version: 660400, memory: 6112587776 bytes (5829.42 MB)
write base data version: 660500, memory: 6112587776 bytes (5829.42 MB)
write base data version: 660600, memory: 6112587776 bytes (5829.42 MB)
write base data version: 660700, memory: 6112587776 bytes (5829.42 MB)
write base data version: 660800, memory: 6112587776 bytes (5829.42 MB)
write base data version: 660900, memory: 6112628736 bytes (5829.46 MB)
write base data version: 661000, memory: 6112722944 bytes (5829.55 MB)
write base data version: 661100, memory: 6112755712 bytes (5829.58 MB)
write base data version: 661200, memory: 6112755712 bytes (5829.58 MB)
write base data version: 661300, memory: 6112755712 bytes (5829.58 MB)
write base data version: 661400, memory: 6112788480 bytes (5829.61 MB)
write base data version: 661500, memory: 6112927744 bytes (5829.74 MB)
write base data version: 661600, memory: 6112927744 bytes (5829.74 MB)
write base data version: 661700, memory: 6112927744 bytes (5829.74 MB)
write base data version: 661800, memory: 6112927744 bytes (5829.74 MB)
write base data version: 661900, memory: 6112927744 bytes (5829.74 MB)
write base data version: 662000, memory: 6113054720 bytes (5829.86 MB)
write base data version: 662100, memory: 6113165312 bytes (5829.97 MB)
write base data version: 662200, memory: 6113284096 bytes (5830.08 MB)
write base data version: 662300, memory: 6113284096 bytes (5830.08 MB)
write base data version: 662400, memory: 6113341440 bytes (5830.14 MB)
write base data version: 662500, memory: 6113341440 bytes (5830.14 MB)
write base data version: 662600, memory: 6113406976 bytes (5830.20 MB)
write base data version: 662700, memory: 6113406976 bytes (5830.20 MB)
write base data version: 662800, memory: 6113439744 bytes (5830.23 MB)
write base data version: 662900, memory: 6113554432 bytes (5830.34 MB)
write base data version: 663000, memory: 6113554432 bytes (5830.34 MB)
write base data version: 663100, memory: 6113587200 bytes (5830.37 MB)
write base data version: 663200, memory: 6113587200 bytes (5830.37 MB)
write base data version: 663300, memory: 6113628160 bytes (5830.41 MB)
write base data version: 663400, memory: 6113693696 bytes (5830.47 MB)
write base data version: 663500, memory: 6113693696 bytes (5830.47 MB)
write base data version: 663600, memory: 6113693696 bytes (5830.47 MB)
write base data version: 663700, memory: 6113693696 bytes (5830.47 MB)
write base data version: 663800, memory: 6113693696 bytes (5830.47 MB)
write base data version: 663900, memory: 6113693696 bytes (5830.47 MB)
write base data version: 664000, memory: 6114312192 bytes (5831.06 MB)
write base data version: 664100, memory: 6114312192 bytes (5831.06 MB)
write base data version: 664200, memory: 6114312192 bytes (5831.06 MB)
write base data version: 664300, memory: 6114353152 bytes (5831.10 MB)
write base data version: 664400, memory: 6114353152 bytes (5831.10 MB)
write base data version: 664500, memory: 6114353152 bytes (5831.10 MB)
write base data version: 664600, memory: 6114353152 bytes (5831.10 MB)
write base data version: 664700, memory: 6114353152 bytes (5831.10 MB)
write base data version: 664800, memory: 6114353152 bytes (5831.10 MB)
write base data version: 664900, memory: 6114353152 bytes (5831.10 MB)
write base data version: 665000, memory: 6114353152 bytes (5831.10 MB)
write base data version: 665100, memory: 6114353152 bytes (5831.10 MB)
write base data version: 665200, memory: 6114381824 bytes (5831.13 MB)
write base data version: 665300, memory: 6114385920 bytes (5831.13 MB)
write base data version: 665400, memory: 6114443264 bytes (5831.19 MB)
write base data version: 665500, memory: 6114856960 bytes (5831.58 MB)
write base data version: 665600, memory: 6114856960 bytes (5831.58 MB)
write base data version: 665700, memory: 6114856960 bytes (5831.58 MB)
write base data version: 665800, memory: 6114856960 bytes (5831.58 MB)
write base data version: 665900, memory: 6114983936 bytes (5831.70 MB)
write base data version: 666000, memory: 6114983936 bytes (5831.70 MB)
write base data version: 666100, memory: 6114983936 bytes (5831.70 MB)
write base data version: 666200, memory: 6115069952 bytes (5831.79 MB)
write base data version: 666300, memory: 6115069952 bytes (5831.79 MB)
write base data version: 666400, memory: 6115069952 bytes (5831.79 MB)
write base data version: 666500, memory: 6115102720 bytes (5831.82 MB)
write base data version: 666600, memory: 6115102720 bytes (5831.82 MB)
write base data version: 666700, memory: 6115102720 bytes (5831.82 MB)
write base data version: 666800, memory: 6115102720 bytes (5831.82 MB)
write base data version: 666900, memory: 6115102720 bytes (5831.82 MB)
write base data version: 667000, memory: 6115102720 bytes (5831.82 MB)
write base data version: 667100, memory: 6115192832 bytes (5831.90 MB)
write base data version: 667200, memory: 6115192832 bytes (5831.90 MB)
write base data version: 667300, memory: 6115192832 bytes (5831.90 MB)
write base data version: 667400, memory: 6115192832 bytes (5831.90 MB)
write base data version: 667500, memory: 6115422208 bytes (5832.12 MB)
write base data version: 667600, memory: 6115422208 bytes (5832.12 MB)
write base data version: 667700, memory: 6115422208 bytes (5832.12 MB)
write base data version: 667800, memory: 6115422208 bytes (5832.12 MB)
write base data version: 667900, memory: 6115819520 bytes (5832.50 MB)
write base data version: 668000, memory: 6115819520 bytes (5832.50 MB)
write base data version: 668100, memory: 6115905536 bytes (5832.58 MB)
write base data version: 668200, memory: 6115905536 bytes (5832.58 MB)
write base data version: 668300, memory: 6115987456 bytes (5832.66 MB)
write base data version: 668400, memory: 6115987456 bytes (5832.66 MB)
write base data version: 668500, memory: 6115987456 bytes (5832.66 MB)
write base data version: 668600, memory: 6116065280 bytes (5832.73 MB)
write base data version: 668700, memory: 6116065280 bytes (5832.73 MB)
write base data version: 668800, memory: 6116065280 bytes (5832.73 MB)
write base data version: 668900, memory: 6116073472 bytes (5832.74 MB)
write base data version: 669000, memory: 6116241408 bytes (5832.90 MB)
write base data version: 669100, memory: 6116241408 bytes (5832.90 MB)
write base data version: 669200, memory: 6116241408 bytes (5832.90 MB)
write base data version: 669300, memory: 6116241408 bytes (5832.90 MB)
write base data version: 669400, memory: 6116241408 bytes (5832.90 MB)
write base data version: 669500, memory: 6116536320 bytes (5833.18 MB)
write base data version: 669600, memory: 6116536320 bytes (5833.18 MB)
write base data version: 669700, memory: 6116536320 bytes (5833.18 MB)
write base data version: 669800, memory: 6116536320 bytes (5833.18 MB)
write base data version: 669900, memory: 6116536320 bytes (5833.18 MB)
write base data version: 670000, memory: 6116536320 bytes (5833.18 MB)
write base data version: 670100, memory: 6117474304 bytes (5834.08 MB)
write base data version: 670200, memory: 6117593088 bytes (5834.19 MB)
write base data version: 670300, memory: 6117593088 bytes (5834.19 MB)
write base data version: 670400, memory: 6117593088 bytes (5834.19 MB)
write base data version: 670500, memory: 6117593088 bytes (5834.19 MB)
write base data version: 670600, memory: 6117593088 bytes (5834.19 MB)
write base data version: 670700, memory: 6117593088 bytes (5834.19 MB)
write base data version: 670800, memory: 6117593088 bytes (5834.19 MB)
write base data version: 670900, memory: 6117593088 bytes (5834.19 MB)
write base data version: 671000, memory: 6117593088 bytes (5834.19 MB)
write base data version: 671100, memory: 6117593088 bytes (5834.19 MB)
write base data version: 671200, memory: 6117593088 bytes (5834.19 MB)
write base data version: 671300, memory: 6117593088 bytes (5834.19 MB)
write base data version: 671400, memory: 6117593088 bytes (5834.19 MB)
write base data version: 671500, memory: 6117699584 bytes (5834.29 MB)
write base data version: 671600, memory: 6117699584 bytes (5834.29 MB)
write base data version: 671700, memory: 6117699584 bytes (5834.29 MB)
write base data version: 671800, memory: 6117699584 bytes (5834.29 MB)
write base data version: 671900, memory: 6117699584 bytes (5834.29 MB)
write base data version: 672000, memory: 6117748736 bytes (5834.34 MB)
write base data version: 672100, memory: 6117748736 bytes (5834.34 MB)
write base data version: 672200, memory: 6117748736 bytes (5834.34 MB)
write base data version: 672300, memory: 6117916672 bytes (5834.50 MB)
write base data version: 672400, memory: 6117916672 bytes (5834.50 MB)
write base data version: 672500, memory: 6117916672 bytes (5834.50 MB)
write base data version: 672600, memory: 6117916672 bytes (5834.50 MB)
write base data version: 672700, memory: 6117916672 bytes (5834.50 MB)
write base data version: 672800, memory: 6118285312 bytes (5834.85 MB)
write base data version: 672900, memory: 6118350848 bytes (5834.91 MB)
write base data version: 673000, memory: 6118350848 bytes (5834.91 MB)
write base data version: 673100, memory: 6118350848 bytes (5834.91 MB)
write base data version: 673200, memory: 6118350848 bytes (5834.91 MB)
write base data version: 673300, memory: 6118350848 bytes (5834.91 MB)
write base data version: 673400, memory: 6118350848 bytes (5834.91 MB)
write base data version: 673500, memory: 6118350848 bytes (5834.91 MB)
write base data version: 673600, memory: 6118350848 bytes (5834.91 MB)
write base data version: 673700, memory: 6118350848 bytes (5834.91 MB)
write base data version: 673800, memory: 6118400000 bytes (5834.96 MB)
write base data version: 673900, memory: 6118506496 bytes (5835.06 MB)
write base data version: 674000, memory: 6118576128 bytes (5835.13 MB)
write base data version: 674100, memory: 6118703104 bytes (5835.25 MB)
write base data version: 674200, memory: 6118703104 bytes (5835.25 MB)
write base data version: 674300, memory: 6118703104 bytes (5835.25 MB)
write base data version: 674400, memory: 6118703104 bytes (5835.25 MB)
write base data version: 674500, memory: 6118871040 bytes (5835.41 MB)
write base data version: 674600, memory: 6118965248 bytes (5835.50 MB)
write base data version: 674700, memory: 6119010304 bytes (5835.54 MB)
write base data version: 674800, memory: 6119038976 bytes (5835.57 MB)
write base data version: 674900, memory: 6119038976 bytes (5835.57 MB)
write base data version: 675000, memory: 6119038976 bytes (5835.57 MB)
write base data version: 675100, memory: 6119071744 bytes (5835.60 MB)
write base data version: 675200, memory: 6119231488 bytes (5835.75 MB)
write base data version: 675300, memory: 6119854080 bytes (5836.35 MB)
write base data version: 675400, memory: 6119854080 bytes (5836.35 MB)
write base data version: 675500, memory: 6119854080 bytes (5836.35 MB)
write base data version: 675600, memory: 6119854080 bytes (5836.35 MB)
write base data version: 675700, memory: 6119854080 bytes (5836.35 MB)
write base data version: 675800, memory: 6119854080 bytes (5836.35 MB)
write base data version: 675900, memory: 6119854080 bytes (5836.35 MB)
write base data version: 676000, memory: 6119854080 bytes (5836.35 MB)
write base data version: 676100, memory: 6119854080 bytes (5836.35 MB)
write base data version: 676200, memory: 6119854080 bytes (5836.35 MB)
write base data version: 676300, memory: 6119854080 bytes (5836.35 MB)
write base data version: 676400, memory: 6119854080 bytes (5836.35 MB)
write base data version: 676500, memory: 6119854080 bytes (5836.35 MB)
write base data version: 676600, memory: 6119911424 bytes (5836.40 MB)
write base data version: 676700, memory: 6119911424 bytes (5836.40 MB)
write base data version: 676800, memory: 6119923712 bytes (5836.41 MB)
write base data version: 676900, memory: 6119985152 bytes (5836.47 MB)
write base data version: 677000, memory: 6120079360 bytes (5836.56 MB)
write base data version: 677100, memory: 6120079360 bytes (5836.56 MB)
write base data version: 677200, memory: 6120112128 bytes (5836.59 MB)
write base data version: 677300, memory: 6120263680 bytes (5836.74 MB)
write base data version: 677400, memory: 6120263680 bytes (5836.74 MB)
write base data version: 677500, memory: 6120439808 bytes (5836.91 MB)
write base data version: 677600, memory: 6120439808 bytes (5836.91 MB)
write base data version: 677700, memory: 6120443904 bytes (5836.91 MB)
write base data version: 677800, memory: 6120443904 bytes (5836.91 MB)
write base data version: 677900, memory: 6120443904 bytes (5836.91 MB)
write base data version: 678000, memory: 6120443904 bytes (5836.91 MB)
write base data version: 678100, memory: 6120517632 bytes (5836.98 MB)
write base data version: 678200, memory: 6120517632 bytes (5836.98 MB)
write base data version: 678300, memory: 6120554496 bytes (5837.02 MB)
write base data version: 678400, memory: 6120554496 bytes (5837.02 MB)
write base data version: 678500, memory: 6120656896 bytes (5837.11 MB)
write base data version: 678600, memory: 6120751104 bytes (5837.20 MB)
write base data version: 678700, memory: 6120751104 bytes (5837.20 MB)
write base data version: 678800, memory: 6120910848 bytes (5837.36 MB)
write base data version: 678900, memory: 6121111552 bytes (5837.55 MB)
write base data version: 679000, memory: 6121111552 bytes (5837.55 MB)
write base data version: 679100, memory: 6121111552 bytes (5837.55 MB)
write base data version: 679200, memory: 6121111552 bytes (5837.55 MB)
write base data version: 679300, memory: 6121111552 bytes (5837.55 MB)
write base data version: 679400, memory: 6121177088 bytes (5837.61 MB)
write base data version: 679500, memory: 6121271296 bytes (5837.70 MB)
write base data version: 679600, memory: 6121271296 bytes (5837.70 MB)
write base data version: 679700, memory: 6121316352 bytes (5837.74 MB)
write base data version: 679800, memory: 6121345024 bytes (5837.77 MB)
write base data version: 679900, memory: 6121410560 bytes (5837.83 MB)
write base data version: 680000, memory: 6121410560 bytes (5837.83 MB)
write base data version: 680100, memory: 6121893888 bytes (5838.29 MB)
write base data version: 680200, memory: 6121893888 bytes (5838.29 MB)
write base data version: 680300, memory: 6121893888 bytes (5838.29 MB)
write base data version: 680400, memory: 6121893888 bytes (5838.29 MB)
write base data version: 680500, memory: 6121893888 bytes (5838.29 MB)
write base data version: 680600, memory: 6121893888 bytes (5838.29 MB)
write base data version: 680700, memory: 6121893888 bytes (5838.29 MB)
write base data version: 680800, memory: 6121893888 bytes (5838.29 MB)
write base data version: 680900, memory: 6121893888 bytes (5838.29 MB)
write base data version: 681000, memory: 6121893888 bytes (5838.29 MB)
write base data version: 681100, memory: 6121893888 bytes (5838.29 MB)
write base data version: 681200, memory: 6121893888 bytes (5838.29 MB)
write base data version: 681300, memory: 6122020864 bytes (5838.41 MB)
write base data version: 681400, memory: 6122020864 bytes (5838.41 MB)
write base data version: 681500, memory: 6122020864 bytes (5838.41 MB)
write base data version: 681600, memory: 6122143744 bytes (5838.53 MB)
write base data version: 681700, memory: 6122459136 bytes (5838.83 MB)
write base data version: 681800, memory: 6122459136 bytes (5838.83 MB)
write base data version: 681900, memory: 6122459136 bytes (5838.83 MB)
write base data version: 682000, memory: 6122459136 bytes (5838.83 MB)
write base data version: 682100, memory: 6122459136 bytes (5838.83 MB)
write base data version: 682200, memory: 6122459136 bytes (5838.83 MB)
write base data version: 682300, memory: 6122459136 bytes (5838.83 MB)
write base data version: 682400, memory: 6122459136 bytes (5838.83 MB)
write base data version: 682500, memory: 6122459136 bytes (5838.83 MB)
write base data version: 682600, memory: 6122459136 bytes (5838.83 MB)
write base data version: 682700, memory: 6122688512 bytes (5839.05 MB)
write base data version: 682800, memory: 6122713088 bytes (5839.07 MB)
write base data version: 682900, memory: 6122713088 bytes (5839.07 MB)
write base data version: 683000, memory: 6122713088 bytes (5839.07 MB)
write base data version: 683100, memory: 6122713088 bytes (5839.07 MB)
write base data version: 683200, memory: 6122713088 bytes (5839.07 MB)
write base data version: 683300, memory: 6122713088 bytes (5839.07 MB)
write base data version: 683400, memory: 6122713088 bytes (5839.07 MB)
write base data version: 683500, memory: 6122995712 bytes (5839.34 MB)
write base data version: 683600, memory: 6122995712 bytes (5839.34 MB)
write base data version: 683700, memory: 6123106304 bytes (5839.45 MB)
write base data version: 683800, memory: 6123192320 bytes (5839.53 MB)
write base data version: 683900, memory: 6123192320 bytes (5839.53 MB)
write base data version: 684000, memory: 6123606016 bytes (5839.93 MB)
write base data version: 684100, memory: 6123606016 bytes (5839.93 MB)
write base data version: 684200, memory: 6123606016 bytes (5839.93 MB)
write base data version: 684300, memory: 6123606016 bytes (5839.93 MB)
write base data version: 684400, memory: 6123606016 bytes (5839.93 MB)
write base data version: 684500, memory: 6123606016 bytes (5839.93 MB)
write base data version: 684600, memory: 6123606016 bytes (5839.93 MB)
write base data version: 684700, memory: 6123606016 bytes (5839.93 MB)
write base data version: 684800, memory: 6123606016 bytes (5839.93 MB)
write base data version: 684900, memory: 6123606016 bytes (5839.93 MB)
write base data version: 685000, memory: 6123606016 bytes (5839.93 MB)
write base data version: 685100, memory: 6123606016 bytes (5839.93 MB)
write base data version: 685200, memory: 6123606016 bytes (5839.93 MB)
write base data version: 685300, memory: 6123708416 bytes (5840.02 MB)
write base data version: 685400, memory: 6123708416 bytes (5840.02 MB)
write base data version: 685500, memory: 6123708416 bytes (5840.02 MB)
write base data version: 685600, memory: 6123802624 bytes (5840.11 MB)
write base data version: 685700, memory: 6124138496 bytes (5840.43 MB)
write base data version: 685800, memory: 6124195840 bytes (5840.49 MB)
write base data version: 685900, memory: 6124195840 bytes (5840.49 MB)
write base data version: 686000, memory: 6124195840 bytes (5840.49 MB)
write base data version: 686100, memory: 6124195840 bytes (5840.49 MB)
write base data version: 686200, memory: 6124195840 bytes (5840.49 MB)
write base data version: 686300, memory: 6124195840 bytes (5840.49 MB)
write base data version: 686400, memory: 6124265472 bytes (5840.55 MB)
write base data version: 686500, memory: 6124265472 bytes (5840.55 MB)
write base data version: 686600, memory: 6124265472 bytes (5840.55 MB)
write base data version: 686700, memory: 6124265472 bytes (5840.55 MB)
write base data version: 686800, memory: 6124355584 bytes (5840.64 MB)
write base data version: 686900, memory: 6124355584 bytes (5840.64 MB)
write base data version: 687000, memory: 6124355584 bytes (5840.64 MB)
write base data version: 687100, memory: 6124355584 bytes (5840.64 MB)
write base data version: 687200, memory: 6124355584 bytes (5840.64 MB)
write base data version: 687300, memory: 6124732416 bytes (5841.00 MB)
write base data version: 687400, memory: 6124908544 bytes (5841.17 MB)
write base data version: 687500, memory: 6124908544 bytes (5841.17 MB)
write base data version: 687600, memory: 6124908544 bytes (5841.17 MB)
write base data version: 687700, memory: 6124908544 bytes (5841.17 MB)
write base data version: 687800, memory: 6124908544 bytes (5841.17 MB)
write base data version: 687900, memory: 6125027328 bytes (5841.28 MB)
write base data version: 688000, memory: 6125154304 bytes (5841.40 MB)
write base data version: 688100, memory: 6125154304 bytes (5841.40 MB)
write base data version: 688200, memory: 6125154304 bytes (5841.40 MB)
write base data version: 688300, memory: 6125154304 bytes (5841.40 MB)
write base data version: 688400, memory: 6125449216 bytes (5841.68 MB)
write base data version: 688500, memory: 6125449216 bytes (5841.68 MB)
write base data version: 688600, memory: 6125449216 bytes (5841.68 MB)
write base data version: 688700, memory: 6125449216 bytes (5841.68 MB)
write base data version: 688800, memory: 6125449216 bytes (5841.68 MB)
write base data version: 688900, memory: 6125576192 bytes (5841.80 MB)
write base data version: 689000, memory: 6125576192 bytes (5841.80 MB)
write base data version: 689100, memory: 6125576192 bytes (5841.80 MB)
write base data version: 689200, memory: 6125576192 bytes (5841.80 MB)
write base data version: 689300, memory: 6125658112 bytes (5841.88 MB)
write base data version: 689400, memory: 6125658112 bytes (5841.88 MB)
write base data version: 689500, memory: 6125658112 bytes (5841.88 MB)
write base data version: 689600, memory: 6125658112 bytes (5841.88 MB)
write base data version: 689700, memory: 6125953024 bytes (5842.16 MB)
write base data version: 689800, memory: 6125953024 bytes (5842.16 MB)
write base data version: 689900, memory: 6125953024 bytes (5842.16 MB)
write base data version: 690000, memory: 6125953024 bytes (5842.16 MB)
write base data version: 690100, memory: 6125953024 bytes (5842.16 MB)
write base data version: 690200, memory: 6125953024 bytes (5842.16 MB)
write base data version: 690300, memory: 6125953024 bytes (5842.16 MB)
write base data version: 690400, memory: 6126080000 bytes (5842.29 MB)
write base data version: 690500, memory: 6126080000 bytes (5842.29 MB)
write base data version: 690600, memory: 6126080000 bytes (5842.29 MB)
write base data version: 690700, memory: 6126080000 bytes (5842.29 MB)
write base data version: 690800, memory: 6126080000 bytes (5842.29 MB)
write base data version: 690900, memory: 6126239744 bytes (5842.44 MB)
write base data version: 691000, memory: 6126239744 bytes (5842.44 MB)
write base data version: 691100, memory: 6126452736 bytes (5842.64 MB)
write base data version: 691200, memory: 6126452736 bytes (5842.64 MB)
write base data version: 691300, memory: 6126452736 bytes (5842.64 MB)
write base data version: 691400, memory: 6126452736 bytes (5842.64 MB)
write base data version: 691500, memory: 6126497792 bytes (5842.68 MB)
write base data version: 691600, memory: 6126690304 bytes (5842.87 MB)
write base data version: 691700, memory: 6126931968 bytes (5843.10 MB)
write base data version: 691800, memory: 6126931968 bytes (5843.10 MB)
write base data version: 691900, memory: 6126931968 bytes (5843.10 MB)
write base data version: 692000, memory: 6126931968 bytes (5843.10 MB)
write base data version: 692100, memory: 6126931968 bytes (5843.10 MB)
write base data version: 692200, memory: 6126931968 bytes (5843.10 MB)
write base data version: 692300, memory: 6127116288 bytes (5843.27 MB)
write base data version: 692400, memory: 6127144960 bytes (5843.30 MB)
write base data version: 692500, memory: 6127144960 bytes (5843.30 MB)
write base data version: 692600, memory: 6127144960 bytes (5843.30 MB)
write base data version: 692700, memory: 6127677440 bytes (5843.81 MB)
write base data version: 692800, memory: 6128033792 bytes (5844.15 MB)
write base data version: 692900, memory: 6128033792 bytes (5844.15 MB)
write base data version: 693000, memory: 6128033792 bytes (5844.15 MB)
write base data version: 693100, memory: 6128033792 bytes (5844.15 MB)
write base data version: 693200, memory: 6128033792 bytes (5844.15 MB)
write base data version: 693300, memory: 6128033792 bytes (5844.15 MB)
write base data version: 693400, memory: 6128033792 bytes (5844.15 MB)
write base data version: 693500, memory: 6128033792 bytes (5844.15 MB)
write base data version: 693600, memory: 6128033792 bytes (5844.15 MB)
write base data version: 693700, memory: 6128033792 bytes (5844.15 MB)
write base data version: 693800, memory: 6128033792 bytes (5844.15 MB)
write base data version: 693900, memory: 6128033792 bytes (5844.15 MB)
write base data version: 694000, memory: 6128033792 bytes (5844.15 MB)
write base data version: 694100, memory: 6128033792 bytes (5844.15 MB)
write base data version: 694200, memory: 6128033792 bytes (5844.15 MB)
write base data version: 694300, memory: 6128033792 bytes (5844.15 MB)
write base data version: 694400, memory: 6128033792 bytes (5844.15 MB)
write base data version: 694500, memory: 6128033792 bytes (5844.15 MB)
write base data version: 694600, memory: 6128103424 bytes (5844.21 MB)
write base data version: 694700, memory: 6128115712 bytes (5844.23 MB)
write base data version: 694800, memory: 6128115712 bytes (5844.23 MB)
write base data version: 694900, memory: 6128283648 bytes (5844.39 MB)
write base data version: 695000, memory: 6128283648 bytes (5844.39 MB)
write base data version: 695100, memory: 6128283648 bytes (5844.39 MB)
write base data version: 695200, memory: 6128283648 bytes (5844.39 MB)
write base data version: 695300, memory: 6128283648 bytes (5844.39 MB)
write base data version: 695400, memory: 6128283648 bytes (5844.39 MB)
write base data version: 695500, memory: 6128283648 bytes (5844.39 MB)
write base data version: 695600, memory: 6128291840 bytes (5844.39 MB)
write base data version: 695700, memory: 6128373760 bytes (5844.47 MB)
write base data version: 695800, memory: 6128418816 bytes (5844.52 MB)
write base data version: 695900, memory: 6128418816 bytes (5844.52 MB)
write base data version: 696000, memory: 6128418816 bytes (5844.52 MB)
write base data version: 696100, memory: 6128562176 bytes (5844.65 MB)
write base data version: 696200, memory: 6128562176 bytes (5844.65 MB)
write base data version: 696300, memory: 6128631808 bytes (5844.72 MB)
write base data version: 696400, memory: 6128635904 bytes (5844.72 MB)
write base data version: 696500, memory: 6128635904 bytes (5844.72 MB)
write base data version: 696600, memory: 6128635904 bytes (5844.72 MB)
write base data version: 696700, memory: 6128635904 bytes (5844.72 MB)
write base data version: 696800, memory: 6129041408 bytes (5845.11 MB)
write base data version: 696900, memory: 6129197056 bytes (5845.26 MB)
write base data version: 697000, memory: 6129197056 bytes (5845.26 MB)
write base data version: 697100, memory: 6129197056 bytes (5845.26 MB)
write base data version: 697200, memory: 6129254400 bytes (5845.31 MB)
write base data version: 697300, memory: 6129324032 bytes (5845.38 MB)
write base data version: 697400, memory: 6129324032 bytes (5845.38 MB)
write base data version: 697500, memory: 6129324032 bytes (5845.38 MB)
write base data version: 697600, memory: 6129324032 bytes (5845.38 MB)
write base data version: 697700, memory: 6129532928 bytes (5845.58 MB)
write base data version: 697800, memory: 6129532928 bytes (5845.58 MB)
write base data version: 697900, memory: 6129532928 bytes (5845.58 MB)
write base data version: 698000, memory: 6129745920 bytes (5845.78 MB)
write base data version: 698100, memory: 6129745920 bytes (5845.78 MB)
write base data version: 698200, memory: 6129745920 bytes (5845.78 MB)
write base data version: 698300, memory: 6129897472 bytes (5845.93 MB)
write base data version: 698400, memory: 6129897472 bytes (5845.93 MB)
write base data version: 698500, memory: 6129897472 bytes (5845.93 MB)
write base data version: 698600, memory: 6129983488 bytes (5846.01 MB)
write base data version: 698700, memory: 6129983488 bytes (5846.01 MB)
write base data version: 698800, memory: 6129983488 bytes (5846.01 MB)
write base data version: 698900, memory: 6129983488 bytes (5846.01 MB)
write base data version: 699000, memory: 6130307072 bytes (5846.32 MB)
write base data version: 699100, memory: 6130307072 bytes (5846.32 MB)
write base data version: 699200, memory: 6130307072 bytes (5846.32 MB)
write base data version: 699300, memory: 6130307072 bytes (5846.32 MB)
write base data version: 699400, memory: 6130307072 bytes (5846.32 MB)
write base data version: 699500, memory: 6130528256 bytes (5846.53 MB)
write base data version: 699600, memory: 6130593792 bytes (5846.59 MB)
write base data version: 699700, memory: 6130622464 bytes (5846.62 MB)
write base data version: 699800, memory: 6130622464 bytes (5846.62 MB)
write base data version: 699900, memory: 6130622464 bytes (5846.62 MB)
write base data version: 700000, memory: 6130761728 bytes (5846.75 MB)
write base data version: 700100, memory: 6130761728 bytes (5846.75 MB)
write base data version: 700200, memory: 6130761728 bytes (5846.75 MB)
write base data version: 700300, memory: 6130761728 bytes (5846.75 MB)
write base data version: 700400, memory: 6130761728 bytes (5846.75 MB)
write base data version: 700500, memory: 6130860032 bytes (5846.84 MB)
write base data version: 700600, memory: 6130921472 bytes (5846.90 MB)
write base data version: 700700, memory: 6131048448 bytes (5847.02 MB)
write base data version: 700800, memory: 6131048448 bytes (5847.02 MB)
write base data version: 700900, memory: 6131113984 bytes (5847.09 MB)
write base data version: 701000, memory: 6131113984 bytes (5847.09 MB)
write base data version: 701100, memory: 6131195904 bytes (5847.16 MB)
write base data version: 701200, memory: 6131195904 bytes (5847.16 MB)
write base data version: 701300, memory: 6131240960 bytes (5847.21 MB)
write base data version: 701400, memory: 6131240960 bytes (5847.21 MB)
write base data version: 701500, memory: 6131355648 bytes (5847.32 MB)
write base data version: 701600, memory: 6131449856 bytes (5847.41 MB)
write base data version: 701700, memory: 6131449856 bytes (5847.41 MB)
write base data version: 701800, memory: 6131449856 bytes (5847.41 MB)
write base data version: 701900, memory: 6131576832 bytes (5847.53 MB)
write base data version: 702000, memory: 6131576832 bytes (5847.53 MB)
write base data version: 702100, memory: 6131609600 bytes (5847.56 MB)
write base data version: 702200, memory: 6131609600 bytes (5847.56 MB)
write base data version: 702300, memory: 6131609600 bytes (5847.56 MB)
write base data version: 702400, memory: 6131765248 bytes (5847.71 MB)
write base data version: 702500, memory: 6131765248 bytes (5847.71 MB)
write base data version: 702600, memory: 6131843072 bytes (5847.78 MB)
write base data version: 702700, memory: 6131843072 bytes (5847.78 MB)
write base data version: 702800, memory: 6131843072 bytes (5847.78 MB)
write base data version: 702900, memory: 6131875840 bytes (5847.81 MB)
write base data version: 703000, memory: 6131875840 bytes (5847.81 MB)
write base data version: 703100, memory: 6131965952 bytes (5847.90 MB)
write base data version: 703200, memory: 6131965952 bytes (5847.90 MB)
write base data version: 703300, memory: 6131994624 bytes (5847.93 MB)
write base data version: 703400, memory: 6132027392 bytes (5847.96 MB)
write base data version: 703500, memory: 6132215808 bytes (5848.14 MB)
write base data version: 703600, memory: 6132215808 bytes (5848.14 MB)
write base data version: 703700, memory: 6132215808 bytes (5848.14 MB)
write base data version: 703800, memory: 6132703232 bytes (5848.60 MB)
write base data version: 703900, memory: 6133030912 bytes (5848.91 MB)
write base data version: 704000, memory: 6133030912 bytes (5848.91 MB)
write base data version: 704100, memory: 6133030912 bytes (5848.91 MB)
write base data version: 704200, memory: 6133030912 bytes (5848.91 MB)
write base data version: 704300, memory: 6133030912 bytes (5848.91 MB)
write base data version: 704400, memory: 6133030912 bytes (5848.91 MB)
write base data version: 704500, memory: 6133030912 bytes (5848.91 MB)
write base data version: 704600, memory: 6133030912 bytes (5848.91 MB)
write base data version: 704700, memory: 6133030912 bytes (5848.91 MB)
write base data version: 704800, memory: 6133030912 bytes (5848.91 MB)
write base data version: 704900, memory: 6133030912 bytes (5848.91 MB)
write base data version: 705000, memory: 6133030912 bytes (5848.91 MB)
write base data version: 705100, memory: 6133030912 bytes (5848.91 MB)
write base data version: 705200, memory: 6133157888 bytes (5849.04 MB)
write base data version: 705300, memory: 6133186560 bytes (5849.06 MB)
write base data version: 705400, memory: 6133219328 bytes (5849.09 MB)
write base data version: 705500, memory: 6133219328 bytes (5849.09 MB)
write base data version: 705600, memory: 6133219328 bytes (5849.09 MB)
write base data version: 705700, memory: 6133219328 bytes (5849.09 MB)
write base data version: 705800, memory: 6133252096 bytes (5849.12 MB)
write base data version: 705900, memory: 6133252096 bytes (5849.12 MB)
write base data version: 706000, memory: 6133252096 bytes (5849.12 MB)
write base data version: 706100, memory: 6133252096 bytes (5849.12 MB)
write base data version: 706200, memory: 6133608448 bytes (5849.46 MB)
write base data version: 706300, memory: 6133940224 bytes (5849.78 MB)
write base data version: 706400, memory: 6133940224 bytes (5849.78 MB)
write base data version: 706500, memory: 6133940224 bytes (5849.78 MB)
write base data version: 706600, memory: 6133940224 bytes (5849.78 MB)
write base data version: 706700, memory: 6133940224 bytes (5849.78 MB)
write base data version: 706800, memory: 6133940224 bytes (5849.78 MB)
write base data version: 706900, memory: 6133940224 bytes (5849.78 MB)
write base data version: 707000, memory: 6133940224 bytes (5849.78 MB)
write base data version: 707100, memory: 6133940224 bytes (5849.78 MB)
write base data version: 707200, memory: 6133940224 bytes (5849.78 MB)
write base data version: 707300, memory: 6133940224 bytes (5849.78 MB)
write base data version: 707400, memory: 6134345728 bytes (5850.17 MB)
write base data version: 707500, memory: 6134345728 bytes (5850.17 MB)
write base data version: 707600, memory: 6134345728 bytes (5850.17 MB)
write base data version: 707700, memory: 6134345728 bytes (5850.17 MB)
write base data version: 707800, memory: 6134345728 bytes (5850.17 MB)
write base data version: 707900, memory: 6134345728 bytes (5850.17 MB)
write base data version: 708000, memory: 6134345728 bytes (5850.17 MB)
write base data version: 708100, memory: 6134435840 bytes (5850.25 MB)
write base data version: 708200, memory: 6134468608 bytes (5850.29 MB)
write base data version: 708300, memory: 6134534144 bytes (5850.35 MB)
write base data version: 708400, memory: 6134534144 bytes (5850.35 MB)
write base data version: 708500, memory: 6135025664 bytes (5850.82 MB)
write base data version: 708600, memory: 6135025664 bytes (5850.82 MB)
write base data version: 708700, memory: 6135025664 bytes (5850.82 MB)
write base data version: 708800, memory: 6135025664 bytes (5850.82 MB)
write base data version: 708900, memory: 6135025664 bytes (5850.82 MB)
write base data version: 709000, memory: 6135025664 bytes (5850.82 MB)
write base data version: 709100, memory: 6135025664 bytes (5850.82 MB)
write base data version: 709200, memory: 6135025664 bytes (5850.82 MB)
write base data version: 709300, memory: 6135025664 bytes (5850.82 MB)
write base data version: 709400, memory: 6135025664 bytes (5850.82 MB)
write base data version: 709500, memory: 6135152640 bytes (5850.94 MB)
write base data version: 709600, memory: 6135640064 bytes (5851.40 MB)
write base data version: 709700, memory: 6135640064 bytes (5851.40 MB)
write base data version: 709800, memory: 6135640064 bytes (5851.40 MB)
write base data version: 709900, memory: 6135640064 bytes (5851.40 MB)
write base data version: 710000, memory: 6135640064 bytes (5851.40 MB)
write base data version: 710100, memory: 6135640064 bytes (5851.40 MB)
write base data version: 710200, memory: 6135640064 bytes (5851.40 MB)
write base data version: 710300, memory: 6135640064 bytes (5851.40 MB)
write base data version: 710400, memory: 6135640064 bytes (5851.40 MB)
write base data version: 710500, memory: 6135640064 bytes (5851.40 MB)
write base data version: 710600, memory: 6135640064 bytes (5851.40 MB)
write base data version: 710700, memory: 6135640064 bytes (5851.40 MB)
write base data version: 710800, memory: 6135681024 bytes (5851.44 MB)
write base data version: 710900, memory: 6135681024 bytes (5851.44 MB)
write base data version: 711000, memory: 6135681024 bytes (5851.44 MB)
write base data version: 711100, memory: 6136184832 bytes (5851.92 MB)
write base data version: 711200, memory: 6136184832 bytes (5851.92 MB)
write base data version: 711300, memory: 6136262656 bytes (5852.00 MB)
write base data version: 711400, memory: 6136262656 bytes (5852.00 MB)
write base data version: 711500, memory: 6136262656 bytes (5852.00 MB)
write base data version: 711600, memory: 6136262656 bytes (5852.00 MB)
write base data version: 711700, memory: 6136262656 bytes (5852.00 MB)
write base data version: 711800, memory: 6136262656 bytes (5852.00 MB)
write base data version: 711900, memory: 6136262656 bytes (5852.00 MB)
write base data version: 712000, memory: 6136262656 bytes (5852.00 MB)
write base data version: 712100, memory: 6136262656 bytes (5852.00 MB)
write base data version: 712200, memory: 6136262656 bytes (5852.00 MB)
write base data version: 712300, memory: 6136262656 bytes (5852.00 MB)
write base data version: 712400, memory: 6136426496 bytes (5852.15 MB)
write base data version: 712500, memory: 6136459264 bytes (5852.18 MB)
write base data version: 712600, memory: 6136459264 bytes (5852.18 MB)
write base data version: 712700, memory: 6136614912 bytes (5852.33 MB)
write base data version: 712800, memory: 6136614912 bytes (5852.33 MB)
write base data version: 712900, memory: 6136614912 bytes (5852.33 MB)
write base data version: 713000, memory: 6136614912 bytes (5852.33 MB)
write base data version: 713100, memory: 6136614912 bytes (5852.33 MB)
write base data version: 713200, memory: 6136614912 bytes (5852.33 MB)
write base data version: 713300, memory: 6136614912 bytes (5852.33 MB)
write base data version: 713400, memory: 6136614912 bytes (5852.33 MB)
write base data version: 713500, memory: 6136664064 bytes (5852.38 MB)
write base data version: 713600, memory: 6136664064 bytes (5852.38 MB)
write base data version: 713700, memory: 6136692736 bytes (5852.41 MB)
write base data version: 713800, memory: 6136745984 bytes (5852.46 MB)
write base data version: 713900, memory: 6136745984 bytes (5852.46 MB)
write base data version: 714000, memory: 6137167872 bytes (5852.86 MB)
write base data version: 714100, memory: 6137167872 bytes (5852.86 MB)
write base data version: 714200, memory: 6137167872 bytes (5852.86 MB)
write base data version: 714300, memory: 6137167872 bytes (5852.86 MB)
write base data version: 714400, memory: 6137167872 bytes (5852.86 MB)
write base data version: 714500, memory: 6137167872 bytes (5852.86 MB)
write base data version: 714600, memory: 6137294848 bytes (5852.98 MB)
write base data version: 714700, memory: 6137294848 bytes (5852.98 MB)
write base data version: 714800, memory: 6137294848 bytes (5852.98 MB)
write base data version: 714900, memory: 6137294848 bytes (5852.98 MB)
write base data version: 715000, memory: 6137651200 bytes (5853.32 MB)
write base data version: 715100, memory: 6137704448 bytes (5853.37 MB)
write base data version: 715200, memory: 6137704448 bytes (5853.37 MB)
write base data version: 715300, memory: 6137704448 bytes (5853.37 MB)
write base data version: 715400, memory: 6137704448 bytes (5853.37 MB)
write base data version: 715500, memory: 6137704448 bytes (5853.37 MB)
write base data version: 715600, memory: 6137835520 bytes (5853.50 MB)
write base data version: 715700, memory: 6137970688 bytes (5853.62 MB)
write base data version: 715800, memory: 6137970688 bytes (5853.62 MB)
write base data version: 715900, memory: 6138138624 bytes (5853.79 MB)
write base data version: 716000, memory: 6138138624 bytes (5853.79 MB)
write base data version: 716100, memory: 6138138624 bytes (5853.79 MB)
write base data version: 716200, memory: 6138138624 bytes (5853.79 MB)
write base data version: 716300, memory: 6138138624 bytes (5853.79 MB)
write base data version: 716400, memory: 6138138624 bytes (5853.79 MB)
write base data version: 716500, memory: 6138138624 bytes (5853.79 MB)
write base data version: 716600, memory: 6138138624 bytes (5853.79 MB)
write base data version: 716700, memory: 6138138624 bytes (5853.79 MB)
write base data version: 716800, memory: 6138138624 bytes (5853.79 MB)
write base data version: 716900, memory: 6138580992 bytes (5854.21 MB)
write base data version: 717000, memory: 6138580992 bytes (5854.21 MB)
write base data version: 717100, memory: 6138580992 bytes (5854.21 MB)
write base data version: 717200, memory: 6138658816 bytes (5854.28 MB)
write base data version: 717300, memory: 6138658816 bytes (5854.28 MB)
write base data version: 717400, memory: 6138712064 bytes (5854.33 MB)
write base data version: 717500, memory: 6138712064 bytes (5854.33 MB)
write base data version: 717600, memory: 6138712064 bytes (5854.33 MB)
write base data version: 717700, memory: 6138712064 bytes (5854.33 MB)
write base data version: 717800, memory: 6138712064 bytes (5854.33 MB)
write base data version: 717900, memory: 6138712064 bytes (5854.33 MB)
write base data version: 718000, memory: 6138712064 bytes (5854.33 MB)
write base data version: 718100, memory: 6138712064 bytes (5854.33 MB)
write base data version: 718200, memory: 6138712064 bytes (5854.33 MB)
write base data version: 718300, memory: 6138761216 bytes (5854.38 MB)
write base data version: 718400, memory: 6138929152 bytes (5854.54 MB)
write base data version: 718500, memory: 6139019264 bytes (5854.62 MB)
write base data version: 718600, memory: 6139027456 bytes (5854.63 MB)
write base data version: 718700, memory: 6139076608 bytes (5854.68 MB)
write base data version: 718800, memory: 6139076608 bytes (5854.68 MB)
write base data version: 718900, memory: 6139076608 bytes (5854.68 MB)
write base data version: 719000, memory: 6139076608 bytes (5854.68 MB)
write base data version: 719100, memory: 6139285504 bytes (5854.88 MB)
write base data version: 719200, memory: 6139285504 bytes (5854.88 MB)
write base data version: 719300, memory: 6139285504 bytes (5854.88 MB)
write base data version: 719400, memory: 6139285504 bytes (5854.88 MB)
write base data version: 719500, memory: 6139445248 bytes (5855.03 MB)
write base data version: 719600, memory: 6139666432 bytes (5855.24 MB)
write base data version: 719700, memory: 6139723776 bytes (5855.30 MB)
write base data version: 719800, memory: 6139846656 bytes (5855.41 MB)
write base data version: 719900, memory: 6139846656 bytes (5855.41 MB)
write base data version: 720000, memory: 6139932672 bytes (5855.50 MB)
write base data version: 720100, memory: 6139932672 bytes (5855.50 MB)
write base data version: 720200, memory: 6139932672 bytes (5855.50 MB)
write base data version: 720300, memory: 6139932672 bytes (5855.50 MB)
write base data version: 720400, memory: 6139957248 bytes (5855.52 MB)
write base data version: 720500, memory: 6140059648 bytes (5855.62 MB)
write base data version: 720600, memory: 6140059648 bytes (5855.62 MB)
write base data version: 720700, memory: 6140080128 bytes (5855.64 MB)
write base data version: 720800, memory: 6140256256 bytes (5855.80 MB)
write base data version: 720900, memory: 6140256256 bytes (5855.80 MB)
write base data version: 721000, memory: 6140256256 bytes (5855.80 MB)
write base data version: 721100, memory: 6140256256 bytes (5855.80 MB)
write base data version: 721200, memory: 6140256256 bytes (5855.80 MB)
write base data version: 721300, memory: 6140452864 bytes (5855.99 MB)
write base data version: 721400, memory: 6140452864 bytes (5855.99 MB)
write base data version: 721500, memory: 6140452864 bytes (5855.99 MB)
write base data version: 721600, memory: 6140506112 bytes (5856.04 MB)
write base data version: 721700, memory: 6140506112 bytes (5856.04 MB)
write base data version: 721800, memory: 6140506112 bytes (5856.04 MB)
write base data version: 721900, memory: 6140506112 bytes (5856.04 MB)
write base data version: 722000, memory: 6140506112 bytes (5856.04 MB)
write base data version: 722100, memory: 6140612608 bytes (5856.14 MB)
write base data version: 722200, memory: 6140612608 bytes (5856.14 MB)
write base data version: 722300, memory: 6140612608 bytes (5856.14 MB)
write base data version: 722400, memory: 6140645376 bytes (5856.18 MB)
write base data version: 722500, memory: 6141067264 bytes (5856.58 MB)
write base data version: 722600, memory: 6141108224 bytes (5856.62 MB)
write base data version: 722700, memory: 6141194240 bytes (5856.70 MB)
write base data version: 722800, memory: 6141194240 bytes (5856.70 MB)
write base data version: 722900, memory: 6141263872 bytes (5856.77 MB)
write base data version: 723000, memory: 6141292544 bytes (5856.79 MB)
write base data version: 723100, memory: 6141292544 bytes (5856.79 MB)
write base data version: 723200, memory: 6141321216 bytes (5856.82 MB)
write base data version: 723300, memory: 6141321216 bytes (5856.82 MB)
write base data version: 723400, memory: 6141321216 bytes (5856.82 MB)
write base data version: 723500, memory: 6141321216 bytes (5856.82 MB)
write base data version: 723600, memory: 6141321216 bytes (5856.82 MB)
write base data version: 723700, memory: 6141394944 bytes (5856.89 MB)
write base data version: 723800, memory: 6141394944 bytes (5856.89 MB)
write base data version: 723900, memory: 6141628416 bytes (5857.11 MB)
write base data version: 724000, memory: 6141730816 bytes (5857.21 MB)
write base data version: 724100, memory: 6141730816 bytes (5857.21 MB)
write base data version: 724200, memory: 6141730816 bytes (5857.21 MB)
write base data version: 724300, memory: 6141730816 bytes (5857.21 MB)
write base data version: 724400, memory: 6141730816 bytes (5857.21 MB)
write base data version: 724500, memory: 6141730816 bytes (5857.21 MB)
write base data version: 724600, memory: 6141730816 bytes (5857.21 MB)
write base data version: 724700, memory: 6142025728 bytes (5857.49 MB)
write base data version: 724800, memory: 6142025728 bytes (5857.49 MB)
write base data version: 724900, memory: 6142025728 bytes (5857.49 MB)
write base data version: 725000, memory: 6142152704 bytes (5857.61 MB)
write base data version: 725100, memory: 6142152704 bytes (5857.61 MB)
write base data version: 725200, memory: 6142152704 bytes (5857.61 MB)
write base data version: 725300, memory: 6142345216 bytes (5857.80 MB)
write base data version: 725400, memory: 6142361600 bytes (5857.81 MB)
write base data version: 725500, memory: 6142361600 bytes (5857.81 MB)
write base data version: 725600, memory: 6142361600 bytes (5857.81 MB)
write base data version: 725700, memory: 6142361600 bytes (5857.81 MB)
write base data version: 725800, memory: 6143225856 bytes (5858.64 MB)
write base data version: 725900, memory: 6143225856 bytes (5858.64 MB)
write base data version: 726000, memory: 6143291392 bytes (5858.70 MB)
write base data version: 726100, memory: 6143291392 bytes (5858.70 MB)
write base data version: 726200, memory: 6143291392 bytes (5858.70 MB)
write base data version: 726300, memory: 6143291392 bytes (5858.70 MB)
write base data version: 726400, memory: 6143291392 bytes (5858.70 MB)
write base data version: 726500, memory: 6143291392 bytes (5858.70 MB)
write base data version: 726600, memory: 6143291392 bytes (5858.70 MB)
write base data version: 726700, memory: 6143291392 bytes (5858.70 MB)
write base data version: 726800, memory: 6143291392 bytes (5858.70 MB)
write base data version: 726900, memory: 6143291392 bytes (5858.70 MB)
write base data version: 727000, memory: 6143291392 bytes (5858.70 MB)
write base data version: 727100, memory: 6143291392 bytes (5858.70 MB)
write base data version: 727200, memory: 6143291392 bytes (5858.70 MB)
write base data version: 727300, memory: 6143291392 bytes (5858.70 MB)
write base data version: 727400, memory: 6143291392 bytes (5858.70 MB)
write base data version: 727500, memory: 6143291392 bytes (5858.70 MB)
write base data version: 727600, memory: 6143320064 bytes (5858.73 MB)
write base data version: 727700, memory: 6143320064 bytes (5858.73 MB)
write base data version: 727800, memory: 6143320064 bytes (5858.73 MB)
write base data version: 727900, memory: 6143320064 bytes (5858.73 MB)
write base data version: 728000, memory: 6143320064 bytes (5858.73 MB)
write base data version: 728100, memory: 6143320064 bytes (5858.73 MB)
write base data version: 728200, memory: 6143320064 bytes (5858.73 MB)
write base data version: 728300, memory: 6143508480 bytes (5858.91 MB)
write base data version: 728400, memory: 6143508480 bytes (5858.91 MB)
write base data version: 728500, memory: 6143508480 bytes (5858.91 MB)
write base data version: 728600, memory: 6143582208 bytes (5858.98 MB)
write base data version: 728700, memory: 6143684608 bytes (5859.07 MB)
write base data version: 728800, memory: 6143684608 bytes (5859.07 MB)
write base data version: 728900, memory: 6143684608 bytes (5859.07 MB)
write base data version: 729000, memory: 6143684608 bytes (5859.07 MB)
write base data version: 729100, memory: 6143684608 bytes (5859.07 MB)
write base data version: 729200, memory: 6143930368 bytes (5859.31 MB)
write base data version: 729300, memory: 6143930368 bytes (5859.31 MB)
write base data version: 729400, memory: 6144221184 bytes (5859.59 MB)
write base data version: 729500, memory: 6144221184 bytes (5859.59 MB)
write base data version: 729600, memory: 6144221184 bytes (5859.59 MB)
write base data version: 729700, memory: 6144221184 bytes (5859.59 MB)
write base data version: 729800, memory: 6144221184 bytes (5859.59 MB)
write base data version: 729900, memory: 6144221184 bytes (5859.59 MB)
write base data version: 730000, memory: 6144221184 bytes (5859.59 MB)
write base data version: 730100, memory: 6144221184 bytes (5859.59 MB)
write base data version: 730200, memory: 6144434176 bytes (5859.79 MB)
write base data version: 730300, memory: 6144475136 bytes (5859.83 MB)
write base data version: 730400, memory: 6144475136 bytes (5859.83 MB)
write base data version: 730500, memory: 6144475136 bytes (5859.83 MB)
write base data version: 730600, memory: 6144729088 bytes (5860.07 MB)
write base data version: 730700, memory: 6144851968 bytes (5860.19 MB)
write base data version: 730800, memory: 6144851968 bytes (5860.19 MB)
write base data version: 730900, memory: 6144851968 bytes (5860.19 MB)
write base data version: 731000, memory: 6144851968 bytes (5860.19 MB)
write base data version: 731100, memory: 6144851968 bytes (5860.19 MB)
write base data version: 731200, memory: 6144851968 bytes (5860.19 MB)
write base data version: 731300, memory: 6144851968 bytes (5860.19 MB)
write base data version: 731400, memory: 6144851968 bytes (5860.19 MB)
write base data version: 731500, memory: 6144851968 bytes (5860.19 MB)
write base data version: 731600, memory: 6145093632 bytes (5860.42 MB)
write base data version: 731700, memory: 6145093632 bytes (5860.42 MB)
write base data version: 731800, memory: 6145245184 bytes (5860.56 MB)
write base data version: 731900, memory: 6145302528 bytes (5860.62 MB)
write base data version: 732000, memory: 6145302528 bytes (5860.62 MB)
write base data version: 732100, memory: 6145302528 bytes (5860.62 MB)
write base data version: 732200, memory: 6145515520 bytes (5860.82 MB)
write base data version: 732300, memory: 6145515520 bytes (5860.82 MB)
write base data version: 732400, memory: 6145515520 bytes (5860.82 MB)
write base data version: 732500, memory: 6145515520 bytes (5860.82 MB)
write base data version: 732600, memory: 6145515520 bytes (5860.82 MB)
write base data version: 732700, memory: 6145515520 bytes (5860.82 MB)
write base data version: 732800, memory: 6145564672 bytes (5860.87 MB)
write base data version: 732900, memory: 6145589248 bytes (5860.89 MB)
write base data version: 733000, memory: 6145601536 bytes (5860.90 MB)
write base data version: 733100, memory: 6145601536 bytes (5860.90 MB)
write base data version: 733200, memory: 6146035712 bytes (5861.32 MB)
write base data version: 733300, memory: 6146035712 bytes (5861.32 MB)
write base data version: 733400, memory: 6146035712 bytes (5861.32 MB)
write base data version: 733500, memory: 6146035712 bytes (5861.32 MB)
write base data version: 733600, memory: 6146035712 bytes (5861.32 MB)
write base data version: 733700, memory: 6146035712 bytes (5861.32 MB)
write base data version: 733800, memory: 6146121728 bytes (5861.40 MB)
write base data version: 733900, memory: 6146371584 bytes (5861.64 MB)
write base data version: 734000, memory: 6146371584 bytes (5861.64 MB)
write base data version: 734100, memory: 6146371584 bytes (5861.64 MB)
write base data version: 734200, memory: 6146371584 bytes (5861.64 MB)
write base data version: 734300, memory: 6146371584 bytes (5861.64 MB)
write base data version: 734400, memory: 6146371584 bytes (5861.64 MB)
write base data version: 734500, memory: 6146457600 bytes (5861.72 MB)
write base data version: 734600, memory: 6146457600 bytes (5861.72 MB)
write base data version: 734700, memory: 6146457600 bytes (5861.72 MB)
write base data version: 734800, memory: 6146457600 bytes (5861.72 MB)
write base data version: 734900, memory: 6146539520 bytes (5861.80 MB)
write base data version: 735000, memory: 6146547712 bytes (5861.80 MB)
write base data version: 735100, memory: 6146547712 bytes (5861.80 MB)
write base data version: 735200, memory: 6146990080 bytes (5862.23 MB)
write base data version: 735300, memory: 6146990080 bytes (5862.23 MB)
write base data version: 735400, memory: 6146990080 bytes (5862.23 MB)
write base data version: 735500, memory: 6146990080 bytes (5862.23 MB)
write base data version: 735600, memory: 6146990080 bytes (5862.23 MB)
write base data version: 735700, memory: 6147158016 bytes (5862.39 MB)
write base data version: 735800, memory: 6147158016 bytes (5862.39 MB)
write base data version: 735900, memory: 6147158016 bytes (5862.39 MB)
write base data version: 736000, memory: 6147268608 bytes (5862.49 MB)
write base data version: 736100, memory: 6147284992 bytes (5862.51 MB)
write base data version: 736200, memory: 6147313664 bytes (5862.54 MB)
write base data version: 736300, memory: 6147313664 bytes (5862.54 MB)
write base data version: 736400, memory: 6147313664 bytes (5862.54 MB)
write base data version: 736500, memory: 6147313664 bytes (5862.54 MB)
write base data version: 736600, memory: 6147395584 bytes (5862.61 MB)
write base data version: 736700, memory: 6147563520 bytes (5862.77 MB)
write base data version: 736800, memory: 6147563520 bytes (5862.77 MB)
write base data version: 736900, memory: 6147563520 bytes (5862.77 MB)
write base data version: 737000, memory: 6147563520 bytes (5862.77 MB)
write base data version: 737100, memory: 6147563520 bytes (5862.77 MB)
write base data version: 737200, memory: 6147661824 bytes (5862.87 MB)
write base data version: 737300, memory: 6148161536 bytes (5863.34 MB)
write base data version: 737400, memory: 6148526080 bytes (5863.69 MB)
write base data version: 737500, memory: 6148644864 bytes (5863.80 MB)
write base data version: 737600, memory: 6148644864 bytes (5863.80 MB)
write base data version: 737700, memory: 6148644864 bytes (5863.80 MB)
write base data version: 737800, memory: 6148644864 bytes (5863.80 MB)
write base data version: 737900, memory: 6148644864 bytes (5863.80 MB)
write base data version: 738000, memory: 6148644864 bytes (5863.80 MB)
write base data version: 738100, memory: 6148644864 bytes (5863.80 MB)
write base data version: 738200, memory: 6148644864 bytes (5863.80 MB)
write base data version: 738300, memory: 6148644864 bytes (5863.80 MB)
write base data version: 738400, memory: 6148644864 bytes (5863.80 MB)
write base data version: 738500, memory: 6148644864 bytes (5863.80 MB)
write base data version: 738600, memory: 6148644864 bytes (5863.80 MB)
write base data version: 738700, memory: 6148644864 bytes (5863.80 MB)
write base data version: 738800, memory: 6148644864 bytes (5863.80 MB)
write base data version: 738900, memory: 6148788224 bytes (5863.94 MB)
write base data version: 739000, memory: 6148788224 bytes (5863.94 MB)
write base data version: 739100, memory: 6148788224 bytes (5863.94 MB)
write base data version: 739200, memory: 6148788224 bytes (5863.94 MB)
write base data version: 739300, memory: 6148788224 bytes (5863.94 MB)
write base data version: 739400, memory: 6148882432 bytes (5864.03 MB)
write base data version: 739500, memory: 6148882432 bytes (5864.03 MB)
write base data version: 739600, memory: 6148882432 bytes (5864.03 MB)
write base data version: 739700, memory: 6148882432 bytes (5864.03 MB)
write base data version: 739800, memory: 6148882432 bytes (5864.03 MB)
write base data version: 739900, memory: 6149402624 bytes (5864.53 MB)
write base data version: 740000, memory: 6149402624 bytes (5864.53 MB)
write base data version: 740100, memory: 6149402624 bytes (5864.53 MB)
write base data version: 740200, memory: 6149402624 bytes (5864.53 MB)
write base data version: 740300, memory: 6149402624 bytes (5864.53 MB)
write base data version: 740400, memory: 6149402624 bytes (5864.53 MB)
write base data version: 740500, memory: 6149402624 bytes (5864.53 MB)
write base data version: 740600, memory: 6149402624 bytes (5864.53 MB)
write base data version: 740700, memory: 6149402624 bytes (5864.53 MB)
write base data version: 740800, memory: 6149402624 bytes (5864.53 MB)
write base data version: 740900, memory: 6149402624 bytes (5864.53 MB)
write base data version: 741000, memory: 6149402624 bytes (5864.53 MB)
write base data version: 741100, memory: 6149402624 bytes (5864.53 MB)
write base data version: 741200, memory: 6149402624 bytes (5864.53 MB)
write base data version: 741300, memory: 6149607424 bytes (5864.72 MB)
write base data version: 741400, memory: 6149607424 bytes (5864.72 MB)
write base data version: 741500, memory: 6149607424 bytes (5864.72 MB)
write base data version: 741600, memory: 6149607424 bytes (5864.72 MB)
write base data version: 741700, memory: 6150025216 bytes (5865.12 MB)
write base data version: 741800, memory: 6150025216 bytes (5865.12 MB)
write base data version: 741900, memory: 6150025216 bytes (5865.12 MB)
write base data version: 742000, memory: 6150025216 bytes (5865.12 MB)
write base data version: 742100, memory: 6150025216 bytes (5865.12 MB)
write base data version: 742200, memory: 6150025216 bytes (5865.12 MB)
write base data version: 742300, memory: 6150025216 bytes (5865.12 MB)
write base data version: 742400, memory: 6150025216 bytes (5865.12 MB)
write base data version: 742500, memory: 6150111232 bytes (5865.20 MB)
write base data version: 742600, memory: 6150111232 bytes (5865.20 MB)
write base data version: 742700, memory: 6150111232 bytes (5865.20 MB)
write base data version: 742800, memory: 6150160384 bytes (5865.25 MB)
write base data version: 742900, memory: 6150533120 bytes (5865.61 MB)
write base data version: 743000, memory: 6150533120 bytes (5865.61 MB)
write base data version: 743100, memory: 6150533120 bytes (5865.61 MB)
write base data version: 743200, memory: 6150926336 bytes (5865.98 MB)
write base data version: 743300, memory: 6150926336 bytes (5865.98 MB)
write base data version: 743400, memory: 6150926336 bytes (5865.98 MB)
write base data version: 743500, memory: 6150926336 bytes (5865.98 MB)
write base data version: 743600, memory: 6150926336 bytes (5865.98 MB)
write base data version: 743700, memory: 6150926336 bytes (5865.98 MB)
write base data version: 743800, memory: 6150926336 bytes (5865.98 MB)
write base data version: 743900, memory: 6150926336 bytes (5865.98 MB)
write base data version: 744000, memory: 6150926336 bytes (5865.98 MB)
write base data version: 744100, memory: 6150926336 bytes (5865.98 MB)
write base data version: 744200, memory: 6150926336 bytes (5865.98 MB)
write base data version: 744300, memory: 6150926336 bytes (5865.98 MB)
write base data version: 744400, memory: 6150926336 bytes (5865.98 MB)
write base data version: 744500, memory: 6150926336 bytes (5865.98 MB)
write base data version: 744600, memory: 6151008256 bytes (5866.06 MB)
write base data version: 744700, memory: 6151192576 bytes (5866.23 MB)
write base data version: 744800, memory: 6151192576 bytes (5866.23 MB)
write base data version: 744900, memory: 6151319552 bytes (5866.36 MB)
write base data version: 745000, memory: 6151319552 bytes (5866.36 MB)
write base data version: 745100, memory: 6151319552 bytes (5866.36 MB)
write base data version: 745200, memory: 6151319552 bytes (5866.36 MB)
write base data version: 745300, memory: 6151327744 bytes (5866.36 MB)
write base data version: 745400, memory: 6151327744 bytes (5866.36 MB)
write base data version: 745500, memory: 6151700480 bytes (5866.72 MB)
write base data version: 745600, memory: 6151700480 bytes (5866.72 MB)
write base data version: 745700, memory: 6151700480 bytes (5866.72 MB)
write base data version: 745800, memory: 6151700480 bytes (5866.72 MB)
write base data version: 745900, memory: 6151700480 bytes (5866.72 MB)
write base data version: 746000, memory: 6151700480 bytes (5866.72 MB)
write base data version: 746100, memory: 6151770112 bytes (5866.79 MB)
write base data version: 746200, memory: 6151770112 bytes (5866.79 MB)
write base data version: 746300, memory: 6151770112 bytes (5866.79 MB)
write base data version: 746400, memory: 6151938048 bytes (5866.95 MB)
write base data version: 746500, memory: 6152081408 bytes (5867.08 MB)
write base data version: 746600, memory: 6152081408 bytes (5867.08 MB)
write base data version: 746700, memory: 6152081408 bytes (5867.08 MB)
write base data version: 746800, memory: 6152126464 bytes (5867.12 MB)
write base data version: 746900, memory: 6152216576 bytes (5867.21 MB)
write base data version: 747000, memory: 6152343552 bytes (5867.33 MB)
write base data version: 747100, memory: 6152409088 bytes (5867.39 MB)
write base data version: 747200, memory: 6152409088 bytes (5867.39 MB)
write base data version: 747300, memory: 6152409088 bytes (5867.39 MB)
write base data version: 747400, memory: 6152409088 bytes (5867.39 MB)
write base data version: 747500, memory: 6152409088 bytes (5867.39 MB)
write base data version: 747600, memory: 6152437760 bytes (5867.42 MB)
write base data version: 747700, memory: 6152536064 bytes (5867.52 MB)
write base data version: 747800, memory: 6152536064 bytes (5867.52 MB)
write base data version: 747900, memory: 6152704000 bytes (5867.68 MB)
write base data version: 748000, memory: 6152704000 bytes (5867.68 MB)
write base data version: 748100, memory: 6152704000 bytes (5867.68 MB)
write base data version: 748200, memory: 6152912896 bytes (5867.88 MB)
write base data version: 748300, memory: 6152912896 bytes (5867.88 MB)
write base data version: 748400, memory: 6152912896 bytes (5867.88 MB)
write base data version: 748500, memory: 6152912896 bytes (5867.88 MB)
write base data version: 748600, memory: 6152929280 bytes (5867.89 MB)
write base data version: 748700, memory: 6153084928 bytes (5868.04 MB)
write base data version: 748800, memory: 6153084928 bytes (5868.04 MB)
write base data version: 748900, memory: 6153084928 bytes (5868.04 MB)
write base data version: 749000, memory: 6153351168 bytes (5868.29 MB)
write base data version: 749100, memory: 6153351168 bytes (5868.29 MB)
write base data version: 749200, memory: 6153351168 bytes (5868.29 MB)
write base data version: 749300, memory: 6153351168 bytes (5868.29 MB)
write base data version: 749400, memory: 6153351168 bytes (5868.29 MB)
write base data version: 749500, memory: 6153351168 bytes (5868.29 MB)
write base data version: 749600, memory: 6153433088 bytes (5868.37 MB)
write base data version: 749700, memory: 6153433088 bytes (5868.37 MB)
write base data version: 749800, memory: 6153433088 bytes (5868.37 MB)
write base data version: 749900, memory: 6153433088 bytes (5868.37 MB)
write base data version: 750000, memory: 6153441280 bytes (5868.38 MB)
write base data version: 750100, memory: 6153441280 bytes (5868.38 MB)
write base data version: 750200, memory: 6153568256 bytes (5868.50 MB)
write base data version: 750300, memory: 6153568256 bytes (5868.50 MB)
write base data version: 750400, memory: 6153568256 bytes (5868.50 MB)
write base data version: 750500, memory: 6153912320 bytes (5868.83 MB)
write base data version: 750600, memory: 6154067968 bytes (5868.98 MB)
write base data version: 750700, memory: 6154067968 bytes (5868.98 MB)
write base data version: 750800, memory: 6154067968 bytes (5868.98 MB)
write base data version: 750900, memory: 6154067968 bytes (5868.98 MB)
write base data version: 751000, memory: 6154067968 bytes (5868.98 MB)
write base data version: 751100, memory: 6154067968 bytes (5868.98 MB)
write base data version: 751200, memory: 6154137600 bytes (5869.04 MB)
write base data version: 751300, memory: 6154137600 bytes (5869.04 MB)
write base data version: 751400, memory: 6154137600 bytes (5869.04 MB)
write base data version: 751500, memory: 6154371072 bytes (5869.27 MB)
write base data version: 751600, memory: 6154452992 bytes (5869.34 MB)
write base data version: 751700, memory: 6155214848 bytes (5870.07 MB)
write base data version: 751800, memory: 6155214848 bytes (5870.07 MB)
write base data version: 751900, memory: 6155214848 bytes (5870.07 MB)
write base data version: 752000, memory: 6155214848 bytes (5870.07 MB)
write base data version: 752100, memory: 6155214848 bytes (5870.07 MB)
write base data version: 752200, memory: 6155214848 bytes (5870.07 MB)
write base data version: 752300, memory: 6155214848 bytes (5870.07 MB)
write base data version: 752400, memory: 6155214848 bytes (5870.07 MB)
write base data version: 752500, memory: 6155214848 bytes (5870.07 MB)
write base data version: 752600, memory: 6155214848 bytes (5870.07 MB)
write base data version: 752700, memory: 6155382784 bytes (5870.23 MB)
write base data version: 752800, memory: 6155382784 bytes (5870.23 MB)
write base data version: 752900, memory: 6155382784 bytes (5870.23 MB)
write base data version: 753000, memory: 6155382784 bytes (5870.23 MB)
write base data version: 753100, memory: 6155382784 bytes (5870.23 MB)
write base data version: 753200, memory: 6155382784 bytes (5870.23 MB)
write base data version: 753300, memory: 6155382784 bytes (5870.23 MB)
write base data version: 753400, memory: 6155382784 bytes (5870.23 MB)
write base data version: 753500, memory: 6155382784 bytes (5870.23 MB)
write base data version: 753600, memory: 6155382784 bytes (5870.23 MB)
write base data version: 753700, memory: 6155382784 bytes (5870.23 MB)
write base data version: 753800, memory: 6155382784 bytes (5870.23 MB)
write base data version: 753900, memory: 6155497472 bytes (5870.34 MB)
write base data version: 754000, memory: 6155583488 bytes (5870.42 MB)
write base data version: 754100, memory: 6155583488 bytes (5870.42 MB)
write base data version: 754200, memory: 6155698176 bytes (5870.53 MB)
write base data version: 754300, memory: 6155698176 bytes (5870.53 MB)
write base data version: 754400, memory: 6155698176 bytes (5870.53 MB)
write base data version: 754500, memory: 6155948032 bytes (5870.77 MB)
write base data version: 754600, memory: 6156062720 bytes (5870.88 MB)
write base data version: 754700, memory: 6156062720 bytes (5870.88 MB)
write base data version: 754800, memory: 6156062720 bytes (5870.88 MB)
write base data version: 754900, memory: 6156062720 bytes (5870.88 MB)
write base data version: 755000, memory: 6156062720 bytes (5870.88 MB)
write base data version: 755100, memory: 6156062720 bytes (5870.88 MB)
write base data version: 755200, memory: 6156066816 bytes (5870.88 MB)
write base data version: 755300, memory: 6156115968 bytes (5870.93 MB)
write base data version: 755400, memory: 6156234752 bytes (5871.04 MB)
write base data version: 755500, memory: 6156234752 bytes (5871.04 MB)
write base data version: 755600, memory: 6156234752 bytes (5871.04 MB)
write base data version: 755700, memory: 6156234752 bytes (5871.04 MB)
write base data version: 755800, memory: 6156234752 bytes (5871.04 MB)
write base data version: 755900, memory: 6156234752 bytes (5871.04 MB)
write base data version: 756000, memory: 6156234752 bytes (5871.04 MB)
write base data version: 756100, memory: 6156406784 bytes (5871.21 MB)
write base data version: 756200, memory: 6157148160 bytes (5871.91 MB)
write base data version: 756300, memory: 6157148160 bytes (5871.91 MB)
write base data version: 756400, memory: 6157148160 bytes (5871.91 MB)
write base data version: 756500, memory: 6157148160 bytes (5871.91 MB)
write base data version: 756600, memory: 6157320192 bytes (5872.08 MB)
write base data version: 756700, memory: 6157320192 bytes (5872.08 MB)
write base data version: 756800, memory: 6157320192 bytes (5872.08 MB)
write base data version: 756900, memory: 6157357056 bytes (5872.11 MB)
write base data version: 757000, memory: 6157357056 bytes (5872.11 MB)
write base data version: 757100, memory: 6157357056 bytes (5872.11 MB)
write base data version: 757200, memory: 6157357056 bytes (5872.11 MB)
write base data version: 757300, memory: 6157357056 bytes (5872.11 MB)
write base data version: 757400, memory: 6157357056 bytes (5872.11 MB)
write base data version: 757500, memory: 6157561856 bytes (5872.31 MB)
write base data version: 757600, memory: 6157561856 bytes (5872.31 MB)
write base data version: 757700, memory: 6157697024 bytes (5872.44 MB)
write base data version: 757800, memory: 6157697024 bytes (5872.44 MB)
write base data version: 757900, memory: 6157697024 bytes (5872.44 MB)
write base data version: 758000, memory: 6157697024 bytes (5872.44 MB)
write base data version: 758100, memory: 6157697024 bytes (5872.44 MB)
write base data version: 758200, memory: 6157697024 bytes (5872.44 MB)
write base data version: 758300, memory: 6157697024 bytes (5872.44 MB)
write base data version: 758400, memory: 6157697024 bytes (5872.44 MB)
write base data version: 758500, memory: 6157697024 bytes (5872.44 MB)
write base data version: 758600, memory: 6157697024 bytes (5872.44 MB)
write base data version: 758700, memory: 6157758464 bytes (5872.50 MB)
write base data version: 758800, memory: 6157758464 bytes (5872.50 MB)
write base data version: 758900, memory: 6157758464 bytes (5872.50 MB)
write base data version: 759000, memory: 6157787136 bytes (5872.52 MB)
write base data version: 759100, memory: 6158249984 bytes (5872.96 MB)
write base data version: 759200, memory: 6158249984 bytes (5872.96 MB)
write base data version: 759300, memory: 6158249984 bytes (5872.96 MB)
write base data version: 759400, memory: 6158249984 bytes (5872.96 MB)
write base data version: 759500, memory: 6158249984 bytes (5872.96 MB)
write base data version: 759600, memory: 6158249984 bytes (5872.96 MB)
write base data version: 759700, memory: 6158249984 bytes (5872.96 MB)
write base data version: 759800, memory: 6158249984 bytes (5872.96 MB)
write base data version: 759900, memory: 6158331904 bytes (5873.04 MB)
write base data version: 760000, memory: 6158331904 bytes (5873.04 MB)
write base data version: 760100, memory: 6158331904 bytes (5873.04 MB)
write base data version: 760200, memory: 6158331904 bytes (5873.04 MB)
write base data version: 760300, memory: 6158364672 bytes (5873.07 MB)
write base data version: 760400, memory: 6158458880 bytes (5873.16 MB)
write base data version: 760500, memory: 6158458880 bytes (5873.16 MB)
write base data version: 760600, memory: 6158491648 bytes (5873.20 MB)
write base data version: 760700, memory: 6159024128 bytes (5873.70 MB)
write base data version: 760800, memory: 6159024128 bytes (5873.70 MB)
write base data version: 760900, memory: 6159024128 bytes (5873.70 MB)
write base data version: 761000, memory: 6159024128 bytes (5873.70 MB)
write base data version: 761100, memory: 6159024128 bytes (5873.70 MB)
write base data version: 761200, memory: 6159024128 bytes (5873.70 MB)
write base data version: 761300, memory: 6159024128 bytes (5873.70 MB)
write base data version: 761400, memory: 6159024128 bytes (5873.70 MB)
write base data version: 761500, memory: 6159056896 bytes (5873.73 MB)
write base data version: 761600, memory: 6159151104 bytes (5873.82 MB)
write base data version: 761700, memory: 6159216640 bytes (5873.89 MB)
write base data version: 761800, memory: 6159216640 bytes (5873.89 MB)
write base data version: 761900, memory: 6159216640 bytes (5873.89 MB)
write base data version: 762000, memory: 6159216640 bytes (5873.89 MB)
write base data version: 762100, memory: 6159216640 bytes (5873.89 MB)
write base data version: 762200, memory: 6159216640 bytes (5873.89 MB)
write base data version: 762300, memory: 6159278080 bytes (5873.95 MB)
write base data version: 762400, memory: 6159351808 bytes (5874.02 MB)
write base data version: 762500, memory: 6159626240 bytes (5874.28 MB)
write base data version: 762600, memory: 6159626240 bytes (5874.28 MB)
write base data version: 762700, memory: 6159626240 bytes (5874.28 MB)
write base data version: 762800, memory: 6159626240 bytes (5874.28 MB)
write base data version: 762900, memory: 6159691776 bytes (5874.34 MB)
write base data version: 763000, memory: 6159691776 bytes (5874.34 MB)
write base data version: 763100, memory: 6159724544 bytes (5874.37 MB)
write base data version: 763200, memory: 6159785984 bytes (5874.43 MB)
write base data version: 763300, memory: 6159785984 bytes (5874.43 MB)
write base data version: 763400, memory: 6159785984 bytes (5874.43 MB)
write base data version: 763500, memory: 6159998976 bytes (5874.63 MB)
write base data version: 763600, memory: 6159998976 bytes (5874.63 MB)
write base data version: 763700, memory: 6160011264 bytes (5874.64 MB)
write base data version: 763800, memory: 6160064512 bytes (5874.70 MB)
write base data version: 763900, memory: 6160064512 bytes (5874.70 MB)
write base data version: 764000, memory: 6160113664 bytes (5874.74 MB)
write base data version: 764100, memory: 6160113664 bytes (5874.74 MB)
write base data version: 764200, memory: 6160113664 bytes (5874.74 MB)
write base data version: 764300, memory: 6160211968 bytes (5874.84 MB)
write base data version: 764400, memory: 6160273408 bytes (5874.89 MB)
write base data version: 764500, memory: 6160273408 bytes (5874.89 MB)
write base data version: 764600, memory: 6160273408 bytes (5874.89 MB)
write base data version: 764700, memory: 6160273408 bytes (5874.89 MB)
write base data version: 764800, memory: 6160273408 bytes (5874.89 MB)
write base data version: 764900, memory: 6160273408 bytes (5874.89 MB)
write base data version: 765000, memory: 6160396288 bytes (5875.01 MB)
write base data version: 765100, memory: 6160809984 bytes (5875.41 MB)
write base data version: 765200, memory: 6160809984 bytes (5875.41 MB)
write base data version: 765300, memory: 6160809984 bytes (5875.41 MB)
write base data version: 765400, memory: 6160838656 bytes (5875.43 MB)
write base data version: 765500, memory: 6160838656 bytes (5875.43 MB)
write base data version: 765600, memory: 6160838656 bytes (5875.43 MB)
write base data version: 765700, memory: 6160936960 bytes (5875.53 MB)
write base data version: 765800, memory: 6160969728 bytes (5875.56 MB)
write base data version: 765900, memory: 6161002496 bytes (5875.59 MB)
write base data version: 766000, memory: 6161031168 bytes (5875.62 MB)
write base data version: 766100, memory: 6161063936 bytes (5875.65 MB)
write base data version: 766200, memory: 6161063936 bytes (5875.65 MB)
write base data version: 766300, memory: 6161096704 bytes (5875.68 MB)
write base data version: 766400, memory: 6161223680 bytes (5875.80 MB)
write base data version: 766500, memory: 6161350656 bytes (5875.92 MB)
write base data version: 766600, memory: 6161350656 bytes (5875.92 MB)
write base data version: 766700, memory: 6161383424 bytes (5875.95 MB)
write base data version: 766800, memory: 6161444864 bytes (5876.01 MB)
write base data version: 766900, memory: 6161444864 bytes (5876.01 MB)
write base data version: 767000, memory: 6161534976 bytes (5876.10 MB)
write base data version: 767100, memory: 6161571840 bytes (5876.13 MB)
write base data version: 767200, memory: 6161575936 bytes (5876.14 MB)
write base data version: 767300, memory: 6161575936 bytes (5876.14 MB)
write base data version: 767400, memory: 6161686528 bytes (5876.24 MB)
write base data version: 767500, memory: 6161702912 bytes (5876.26 MB)
write base data version: 767600, memory: 6161702912 bytes (5876.26 MB)
write base data version: 767700, memory: 6161702912 bytes (5876.26 MB)
write base data version: 767800, memory: 6162477056 bytes (5877.00 MB)
write base data version: 767900, memory: 6162681856 bytes (5877.19 MB)
write base data version: 768000, memory: 6162681856 bytes (5877.19 MB)
write base data version: 768100, memory: 6162681856 bytes (5877.19 MB)
write base data version: 768200, memory: 6162681856 bytes (5877.19 MB)
write base data version: 768300, memory: 6162681856 bytes (5877.19 MB)
write base data version: 768400, memory: 6162681856 bytes (5877.19 MB)
write base data version: 768500, memory: 6162681856 bytes (5877.19 MB)
write base data version: 768600, memory: 6162681856 bytes (5877.19 MB)
write base data version: 768700, memory: 6162681856 bytes (5877.19 MB)
write base data version: 768800, memory: 6162681856 bytes (5877.19 MB)
write base data version: 768900, memory: 6162681856 bytes (5877.19 MB)
write base data version: 769000, memory: 6162681856 bytes (5877.19 MB)
write base data version: 769100, memory: 6162681856 bytes (5877.19 MB)
write base data version: 769200, memory: 6162681856 bytes (5877.19 MB)
write base data version: 769300, memory: 6162681856 bytes (5877.19 MB)
write base data version: 769400, memory: 6162681856 bytes (5877.19 MB)
write base data version: 769500, memory: 6162681856 bytes (5877.19 MB)
write base data version: 769600, memory: 6162681856 bytes (5877.19 MB)
write base data version: 769700, memory: 6162681856 bytes (5877.19 MB)
write base data version: 769800, memory: 6162681856 bytes (5877.19 MB)
write base data version: 769900, memory: 6162681856 bytes (5877.19 MB)
write base data version: 770000, memory: 6162706432 bytes (5877.21 MB)
write base data version: 770100, memory: 6162706432 bytes (5877.21 MB)
write base data version: 770200, memory: 6162706432 bytes (5877.21 MB)
write base data version: 770300, memory: 6162706432 bytes (5877.21 MB)
write base data version: 770400, memory: 6163382272 bytes (5877.86 MB)
write base data version: 770500, memory: 6163533824 bytes (5878.00 MB)
write base data version: 770600, memory: 6163533824 bytes (5878.00 MB)
write base data version: 770700, memory: 6163533824 bytes (5878.00 MB)
write base data version: 770800, memory: 6163533824 bytes (5878.00 MB)
write base data version: 770900, memory: 6163533824 bytes (5878.00 MB)
write base data version: 771000, memory: 6163533824 bytes (5878.00 MB)
write base data version: 771100, memory: 6163533824 bytes (5878.00 MB)
write base data version: 771200, memory: 6163533824 bytes (5878.00 MB)
write base data version: 771300, memory: 6163533824 bytes (5878.00 MB)
write base data version: 771400, memory: 6163546112 bytes (5878.02 MB)
write base data version: 771500, memory: 6163587072 bytes (5878.05 MB)
write base data version: 771600, memory: 6163636224 bytes (5878.10 MB)
write base data version: 771700, memory: 6163701760 bytes (5878.16 MB)
write base data version: 771800, memory: 6163701760 bytes (5878.16 MB)
write base data version: 771900, memory: 6163701760 bytes (5878.16 MB)
write base data version: 772000, memory: 6163996672 bytes (5878.45 MB)
write base data version: 772100, memory: 6163996672 bytes (5878.45 MB)
write base data version: 772200, memory: 6163996672 bytes (5878.45 MB)
write base data version: 772300, memory: 6163996672 bytes (5878.45 MB)
write base data version: 772400, memory: 6164037632 bytes (5878.48 MB)
write base data version: 772500, memory: 6164447232 bytes (5878.88 MB)
write base data version: 772600, memory: 6164447232 bytes (5878.88 MB)
write base data version: 772700, memory: 6164447232 bytes (5878.88 MB)
write base data version: 772800, memory: 6164447232 bytes (5878.88 MB)
write base data version: 772900, memory: 6164447232 bytes (5878.88 MB)
write base data version: 773000, memory: 6164447232 bytes (5878.88 MB)
write base data version: 773100, memory: 6164447232 bytes (5878.88 MB)
write base data version: 773200, memory: 6164922368 bytes (5879.33 MB)
write base data version: 773300, memory: 6164922368 bytes (5879.33 MB)
write base data version: 773400, memory: 6164922368 bytes (5879.33 MB)
write base data version: 773500, memory: 6164922368 bytes (5879.33 MB)
write base data version: 773600, memory: 6164922368 bytes (5879.33 MB)
write base data version: 773700, memory: 6164922368 bytes (5879.33 MB)
write base data version: 773800, memory: 6164922368 bytes (5879.33 MB)
write base data version: 773900, memory: 6164922368 bytes (5879.33 MB)
write base data version: 774000, memory: 6164922368 bytes (5879.33 MB)
write base data version: 774100, memory: 6164922368 bytes (5879.33 MB)
write base data version: 774200, memory: 6164922368 bytes (5879.33 MB)
write base data version: 774300, memory: 6164922368 bytes (5879.33 MB)
write base data version: 774400, memory: 6164983808 bytes (5879.39 MB)
write base data version: 774500, memory: 6165049344 bytes (5879.45 MB)
write base data version: 774600, memory: 6165082112 bytes (5879.48 MB)
write base data version: 774700, memory: 6165143552 bytes (5879.54 MB)
write base data version: 774800, memory: 6165176320 bytes (5879.57 MB)
write base data version: 774900, memory: 6165176320 bytes (5879.57 MB)
write base data version: 775000, memory: 6165209088 bytes (5879.60 MB)
write base data version: 775100, memory: 6165209088 bytes (5879.60 MB)
write base data version: 775200, memory: 6165549056 bytes (5879.93 MB)
write base data version: 775300, memory: 6165680128 bytes (5880.05 MB)
write base data version: 775400, memory: 6165680128 bytes (5880.05 MB)
write base data version: 775500, memory: 6165733376 bytes (5880.10 MB)
write base data version: 775600, memory: 6165733376 bytes (5880.10 MB)
write base data version: 775700, memory: 6165733376 bytes (5880.10 MB)
write base data version: 775800, memory: 6165733376 bytes (5880.10 MB)
write base data version: 775900, memory: 6165733376 bytes (5880.10 MB)
write base data version: 776000, memory: 6165733376 bytes (5880.10 MB)
write base data version: 776100, memory: 6165733376 bytes (5880.10 MB)
write base data version: 776200, memory: 6165745664 bytes (5880.11 MB)
write base data version: 776300, memory: 6165946368 bytes (5880.30 MB)
write base data version: 776400, memory: 6166441984 bytes (5880.78 MB)
write base data version: 776500, memory: 6166581248 bytes (5880.91 MB)
write base data version: 776600, memory: 6166581248 bytes (5880.91 MB)
write base data version: 776700, memory: 6166581248 bytes (5880.91 MB)
write base data version: 776800, memory: 6166581248 bytes (5880.91 MB)
write base data version: 776900, memory: 6166581248 bytes (5880.91 MB)
write base data version: 777000, memory: 6166581248 bytes (5880.91 MB)
write base data version: 777100, memory: 6166581248 bytes (5880.91 MB)
write base data version: 777200, memory: 6166581248 bytes (5880.91 MB)
write base data version: 777300, memory: 6166581248 bytes (5880.91 MB)
write base data version: 777400, memory: 6166581248 bytes (5880.91 MB)
write base data version: 777500, memory: 6166581248 bytes (5880.91 MB)
write base data version: 777600, memory: 6166679552 bytes (5881.00 MB)
write base data version: 777700, memory: 6166814720 bytes (5881.13 MB)
write base data version: 777800, memory: 6166814720 bytes (5881.13 MB)
write base data version: 777900, memory: 6166933504 bytes (5881.25 MB)
write base data version: 778000, memory: 6166933504 bytes (5881.25 MB)
write base data version: 778100, memory: 6166933504 bytes (5881.25 MB)
write base data version: 778200, memory: 6166933504 bytes (5881.25 MB)
write base data version: 778300, memory: 6166933504 bytes (5881.25 MB)
write base data version: 778400, memory: 6166933504 bytes (5881.25 MB)
write base data version: 778500, memory: 6166933504 bytes (5881.25 MB)
write base data version: 778600, memory: 6166933504 bytes (5881.25 MB)
write base data version: 778700, memory: 6166933504 bytes (5881.25 MB)
write base data version: 778800, memory: 6166933504 bytes (5881.25 MB)
write base data version: 778900, memory: 6166933504 bytes (5881.25 MB)
write base data version: 779000, memory: 6166933504 bytes (5881.25 MB)
write base data version: 779100, memory: 6167130112 bytes (5881.43 MB)
write base data version: 779200, memory: 6167130112 bytes (5881.43 MB)
write base data version: 779300, memory: 6167130112 bytes (5881.43 MB)
write base data version: 779400, memory: 6167130112 bytes (5881.43 MB)
write base data version: 779500, memory: 6167298048 bytes (5881.59 MB)
write base data version: 779600, memory: 6167330816 bytes (5881.62 MB)
write base data version: 779700, memory: 6167871488 bytes (5882.14 MB)
write base data version: 779800, memory: 6167961600 bytes (5882.23 MB)
write base data version: 779900, memory: 6167961600 bytes (5882.23 MB)
write base data version: 780000, memory: 6167961600 bytes (5882.23 MB)
write base data version: 780100, memory: 6167961600 bytes (5882.23 MB)
write base data version: 780200, memory: 6167961600 bytes (5882.23 MB)
write base data version: 780300, memory: 6167961600 bytes (5882.23 MB)
write base data version: 780400, memory: 6167961600 bytes (5882.23 MB)
write base data version: 780500, memory: 6167961600 bytes (5882.23 MB)
write base data version: 780600, memory: 6167961600 bytes (5882.23 MB)
write base data version: 780700, memory: 6167961600 bytes (5882.23 MB)
write base data version: 780800, memory: 6167994368 bytes (5882.26 MB)
write base data version: 780900, memory: 6167994368 bytes (5882.26 MB)
write base data version: 781000, memory: 6167994368 bytes (5882.26 MB)
write base data version: 781100, memory: 6168059904 bytes (5882.32 MB)
write base data version: 781200, memory: 6168150016 bytes (5882.41 MB)
write base data version: 781300, memory: 6168252416 bytes (5882.50 MB)
write base data version: 781400, memory: 6168252416 bytes (5882.50 MB)
write base data version: 781500, memory: 6168252416 bytes (5882.50 MB)
write base data version: 781600, memory: 6168346624 bytes (5882.59 MB)
write base data version: 781700, memory: 6168444928 bytes (5882.69 MB)
write base data version: 781800, memory: 6168444928 bytes (5882.69 MB)
write base data version: 781900, memory: 6168444928 bytes (5882.69 MB)
write base data version: 782000, memory: 6168444928 bytes (5882.69 MB)
write base data version: 782100, memory: 6168473600 bytes (5882.71 MB)
write base data version: 782200, memory: 6168637440 bytes (5882.87 MB)
write base data version: 782300, memory: 6168637440 bytes (5882.87 MB)
write base data version: 782400, memory: 6168764416 bytes (5882.99 MB)
write base data version: 782500, memory: 6168764416 bytes (5882.99 MB)
write base data version: 782600, memory: 6168797184 bytes (5883.02 MB)
write base data version: 782700, memory: 6168858624 bytes (5883.08 MB)
write base data version: 782800, memory: 6168858624 bytes (5883.08 MB)
write base data version: 782900, memory: 6168924160 bytes (5883.14 MB)
write base data version: 783000, memory: 6168989696 bytes (5883.21 MB)
write base data version: 783100, memory: 6169042944 bytes (5883.26 MB)
write base data version: 783200, memory: 6169083904 bytes (5883.30 MB)
write base data version: 783300, memory: 6169182208 bytes (5883.39 MB)
write base data version: 783400, memory: 6169182208 bytes (5883.39 MB)
write base data version: 783500, memory: 6169182208 bytes (5883.39 MB)
write base data version: 783600, memory: 6169272320 bytes (5883.48 MB)
write base data version: 783700, memory: 6169305088 bytes (5883.51 MB)
write base data version: 783800, memory: 6169370624 bytes (5883.57 MB)
write base data version: 783900, memory: 6169370624 bytes (5883.57 MB)
write base data version: 784000, memory: 6169399296 bytes (5883.60 MB)
write base data version: 784100, memory: 6169399296 bytes (5883.60 MB)
write base data version: 784200, memory: 6169497600 bytes (5883.69 MB)
write base data version: 784300, memory: 6169604096 bytes (5883.79 MB)
write base data version: 784400, memory: 6169661440 bytes (5883.85 MB)
write base data version: 784500, memory: 6169661440 bytes (5883.85 MB)
write base data version: 784600, memory: 6169661440 bytes (5883.85 MB)
write base data version: 784700, memory: 6169694208 bytes (5883.88 MB)
write base data version: 784800, memory: 6169726976 bytes (5883.91 MB)
write base data version: 784900, memory: 6169726976 bytes (5883.91 MB)
write base data version: 785000, memory: 6169886720 bytes (5884.06 MB)
write base data version: 785100, memory: 6169927680 bytes (5884.10 MB)
write base data version: 785200, memory: 6169948160 bytes (5884.12 MB)
write base data version: 785300, memory: 6169968640 bytes (5884.14 MB)
write base data version: 785400, memory: 6170079232 bytes (5884.25 MB)
write base data version: 785500, memory: 6170107904 bytes (5884.27 MB)
write base data version: 785600, memory: 6170107904 bytes (5884.27 MB)
write base data version: 785700, memory: 6170206208 bytes (5884.37 MB)
write base data version: 785800, memory: 6170206208 bytes (5884.37 MB)
write base data version: 785900, memory: 6170271744 bytes (5884.43 MB)
write base data version: 786000, memory: 6170271744 bytes (5884.43 MB)
write base data version: 786100, memory: 6170296320 bytes (5884.45 MB)
write base data version: 786200, memory: 6170329088 bytes (5884.48 MB)
write base data version: 786300, memory: 6170329088 bytes (5884.48 MB)
write base data version: 786400, memory: 6170542080 bytes (5884.69 MB)
write base data version: 786500, memory: 6170542080 bytes (5884.69 MB)
write base data version: 786600, memory: 6170542080 bytes (5884.69 MB)
write base data version: 786700, memory: 6170583040 bytes (5884.73 MB)
write base data version: 786800, memory: 6170583040 bytes (5884.73 MB)
write base data version: 786900, memory: 6170583040 bytes (5884.73 MB)
write base data version: 787000, memory: 6170624000 bytes (5884.77 MB)
write base data version: 787100, memory: 6170693632 bytes (5884.83 MB)
write base data version: 787200, memory: 6170693632 bytes (5884.83 MB)
write base data version: 787300, memory: 6170693632 bytes (5884.83 MB)
write base data version: 787400, memory: 6170693632 bytes (5884.83 MB)
write base data version: 787500, memory: 6170820608 bytes (5884.95 MB)
write base data version: 787600, memory: 6170820608 bytes (5884.95 MB)
write base data version: 787700, memory: 6171160576 bytes (5885.28 MB)
write base data version: 787800, memory: 6171160576 bytes (5885.28 MB)
write base data version: 787900, memory: 6171283456 bytes (5885.39 MB)
write base data version: 788000, memory: 6171283456 bytes (5885.39 MB)
write base data version: 788100, memory: 6171283456 bytes (5885.39 MB)
write base data version: 788200, memory: 6171283456 bytes (5885.39 MB)
write base data version: 788300, memory: 6171283456 bytes (5885.39 MB)
write base data version: 788400, memory: 6171381760 bytes (5885.49 MB)
write base data version: 788500, memory: 6171455488 bytes (5885.56 MB)
write base data version: 788600, memory: 6171594752 bytes (5885.69 MB)
write base data version: 788700, memory: 6171594752 bytes (5885.69 MB)
write base data version: 788800, memory: 6171594752 bytes (5885.69 MB)
write base data version: 788900, memory: 6171594752 bytes (5885.69 MB)
write base data version: 789000, memory: 6171594752 bytes (5885.69 MB)
write base data version: 789100, memory: 6171750400 bytes (5885.84 MB)
write base data version: 789200, memory: 6171803648 bytes (5885.89 MB)
write base data version: 789300, memory: 6171803648 bytes (5885.89 MB)
write base data version: 789400, memory: 6171803648 bytes (5885.89 MB)
write base data version: 789500, memory: 6171803648 bytes (5885.89 MB)
write base data version: 789600, memory: 6171803648 bytes (5885.89 MB)
write base data version: 789700, memory: 6171803648 bytes (5885.89 MB)
write base data version: 789800, memory: 6171836416 bytes (5885.92 MB)
write base data version: 789900, memory: 6171934720 bytes (5886.02 MB)
write base data version: 790000, memory: 6172155904 bytes (5886.23 MB)
write base data version: 790100, memory: 6172221440 bytes (5886.29 MB)
write base data version: 790200, memory: 6172295168 bytes (5886.36 MB)
write base data version: 790300, memory: 6172295168 bytes (5886.36 MB)
write base data version: 790400, memory: 6172422144 bytes (5886.48 MB)
write base data version: 790500, memory: 6172422144 bytes (5886.48 MB)
write base data version: 790600, memory: 6172422144 bytes (5886.48 MB)
write base data version: 790700, memory: 6172422144 bytes (5886.48 MB)
write base data version: 790800, memory: 6172422144 bytes (5886.48 MB)
write base data version: 790900, memory: 6172422144 bytes (5886.48 MB)
write base data version: 791000, memory: 6172528640 bytes (5886.58 MB)
write base data version: 791100, memory: 6172528640 bytes (5886.58 MB)
write base data version: 791200, memory: 6172528640 bytes (5886.58 MB)
write base data version: 791300, memory: 6172528640 bytes (5886.58 MB)
write base data version: 791400, memory: 6172749824 bytes (5886.79 MB)
write base data version: 791500, memory: 6172778496 bytes (5886.82 MB)
write base data version: 791600, memory: 6172778496 bytes (5886.82 MB)
write base data version: 791700, memory: 6172778496 bytes (5886.82 MB)
write base data version: 791800, memory: 6172844032 bytes (5886.88 MB)
write base data version: 791900, memory: 6172991488 bytes (5887.02 MB)
write base data version: 792000, memory: 6172991488 bytes (5887.02 MB)
write base data version: 792100, memory: 6173061120 bytes (5887.09 MB)
write base data version: 792200, memory: 6173245440 bytes (5887.27 MB)
write base data version: 792300, memory: 6173245440 bytes (5887.27 MB)
write base data version: 792400, memory: 6173327360 bytes (5887.34 MB)
write base data version: 792500, memory: 6173327360 bytes (5887.34 MB)
write base data version: 792600, memory: 6173327360 bytes (5887.34 MB)
write base data version: 792700, memory: 6173327360 bytes (5887.34 MB)
write base data version: 792800, memory: 6173421568 bytes (5887.43 MB)
write base data version: 792900, memory: 6173454336 bytes (5887.46 MB)
write base data version: 793000, memory: 6173454336 bytes (5887.46 MB)
write base data version: 793100, memory: 6173454336 bytes (5887.46 MB)
write base data version: 793200, memory: 6173454336 bytes (5887.46 MB)
write base data version: 793300, memory: 6173454336 bytes (5887.46 MB)
write base data version: 793400, memory: 6173454336 bytes (5887.46 MB)
write base data version: 793500, memory: 6173454336 bytes (5887.46 MB)
write base data version: 793600, memory: 6173454336 bytes (5887.46 MB)
write base data version: 793700, memory: 6173618176 bytes (5887.62 MB)
write base data version: 793800, memory: 6173622272 bytes (5887.62 MB)
write base data version: 793900, memory: 6173966336 bytes (5887.95 MB)
write base data version: 794000, memory: 6173966336 bytes (5887.95 MB)
write base data version: 794100, memory: 6174052352 bytes (5888.04 MB)
write base data version: 794200, memory: 6174052352 bytes (5888.04 MB)
write base data version: 794300, memory: 6174494720 bytes (5888.46 MB)
write base data version: 794400, memory: 6174494720 bytes (5888.46 MB)
write base data version: 794500, memory: 6174494720 bytes (5888.46 MB)
write base data version: 794600, memory: 6174494720 bytes (5888.46 MB)
write base data version: 794700, memory: 6174494720 bytes (5888.46 MB)
write base data version: 794800, memory: 6174494720 bytes (5888.46 MB)
write base data version: 794900, memory: 6174494720 bytes (5888.46 MB)
write base data version: 795000, memory: 6174515200 bytes (5888.48 MB)
write base data version: 795100, memory: 6174515200 bytes (5888.48 MB)
write base data version: 795200, memory: 6174515200 bytes (5888.48 MB)
write base data version: 795300, memory: 6174904320 bytes (5888.85 MB)
write base data version: 795400, memory: 6174961664 bytes (5888.90 MB)
write base data version: 795500, memory: 6174961664 bytes (5888.90 MB)
write base data version: 795600, memory: 6174961664 bytes (5888.90 MB)
write base data version: 795700, memory: 6174961664 bytes (5888.90 MB)
write base data version: 795800, memory: 6174961664 bytes (5888.90 MB)
write base data version: 795900, memory: 6174961664 bytes (5888.90 MB)
write base data version: 796000, memory: 6174961664 bytes (5888.90 MB)
write base data version: 796100, memory: 6174961664 bytes (5888.90 MB)
write base data version: 796200, memory: 6174961664 bytes (5888.90 MB)
write base data version: 796300, memory: 6174998528 bytes (5888.94 MB)
write base data version: 796400, memory: 6174998528 bytes (5888.94 MB)
write base data version: 796500, memory: 6174998528 bytes (5888.94 MB)
write base data version: 796600, memory: 6174998528 bytes (5888.94 MB)
write base data version: 796700, memory: 6175313920 bytes (5889.24 MB)
write base data version: 796800, memory: 6175367168 bytes (5889.29 MB)
write base data version: 796900, memory: 6175367168 bytes (5889.29 MB)
write base data version: 797000, memory: 6175379456 bytes (5889.30 MB)
write base data version: 797100, memory: 6175440896 bytes (5889.36 MB)
write base data version: 797200, memory: 6175440896 bytes (5889.36 MB)
write base data version: 797300, memory: 6175526912 bytes (5889.44 MB)
write base data version: 797400, memory: 6175526912 bytes (5889.44 MB)
write base data version: 797500, memory: 6175526912 bytes (5889.44 MB)
write base data version: 797600, memory: 6175526912 bytes (5889.44 MB)
write base data version: 797700, memory: 6175526912 bytes (5889.44 MB)
write base data version: 797800, memory: 6175526912 bytes (5889.44 MB)
write base data version: 797900, memory: 6175526912 bytes (5889.44 MB)
write base data version: 798000, memory: 6175526912 bytes (5889.44 MB)
write base data version: 798100, memory: 6176010240 bytes (5889.90 MB)
write base data version: 798200, memory: 6176010240 bytes (5889.90 MB)
write base data version: 798300, memory: 6176010240 bytes (5889.90 MB)
write base data version: 798400, memory: 6176018432 bytes (5889.91 MB)
write base data version: 798500, memory: 6176018432 bytes (5889.91 MB)
write base data version: 798600, memory: 6176018432 bytes (5889.91 MB)
write base data version: 798700, memory: 6176018432 bytes (5889.91 MB)
write base data version: 798800, memory: 6176215040 bytes (5890.10 MB)
write base data version: 798900, memory: 6176260096 bytes (5890.14 MB)
write base data version: 799000, memory: 6176260096 bytes (5890.14 MB)
write base data version: 799100, memory: 6176260096 bytes (5890.14 MB)
write base data version: 799200, memory: 6176260096 bytes (5890.14 MB)
write base data version: 799300, memory: 6176260096 bytes (5890.14 MB)
write base data version: 799400, memory: 6205018112 bytes (5917.57 MB)
write base data version: 799500, memory: 6214422528 bytes (5926.54 MB)
write base data version: 799600, memory: 6217621504 bytes (5929.59 MB)
write base data version: 799700, memory: 6218477568 bytes (5930.40 MB)
write base data version: 799800, memory: 6218477568 bytes (5930.40 MB)
write base data version: 799900, memory: 6218477568 bytes (5930.40 MB)
write base data version: 800000, memory: 6218477568 bytes (5930.40 MB)
write base data version: 800100, memory: 6218477568 bytes (5930.40 MB)
write base data version: 800200, memory: 6218477568 bytes (5930.40 MB)
write base data version: 800300, memory: 6218477568 bytes (5930.40 MB)
write base data version: 800400, memory: 6218477568 bytes (5930.40 MB)
write base data version: 800500, memory: 6218477568 bytes (5930.40 MB)
write base data version: 800600, memory: 6218477568 bytes (5930.40 MB)
write base data version: 800700, memory: 6218477568 bytes (5930.40 MB)
write base data version: 800800, memory: 6218477568 bytes (5930.40 MB)
write base data version: 800900, memory: 6218477568 bytes (5930.40 MB)
write base data version: 801000, memory: 6218477568 bytes (5930.40 MB)
write base data version: 801100, memory: 6218477568 bytes (5930.40 MB)
write base data version: 801200, memory: 6218477568 bytes (5930.40 MB)
write base data version: 801300, memory: 6218477568 bytes (5930.40 MB)
write base data version: 801400, memory: 6218477568 bytes (5930.40 MB)
write base data version: 801500, memory: 6218477568 bytes (5930.40 MB)
write base data version: 801600, memory: 6218477568 bytes (5930.40 MB)
write base data version: 801700, memory: 6218477568 bytes (5930.40 MB)
write base data version: 801800, memory: 6218477568 bytes (5930.40 MB)
write base data version: 801900, memory: 6218477568 bytes (5930.40 MB)
write base data version: 802000, memory: 6218477568 bytes (5930.40 MB)
write base data version: 802100, memory: 6218477568 bytes (5930.40 MB)
write base data version: 802200, memory: 6218477568 bytes (5930.40 MB)
write base data version: 802300, memory: 6218477568 bytes (5930.40 MB)
write base data version: 802400, memory: 6218477568 bytes (5930.40 MB)
write base data version: 802500, memory: 6218477568 bytes (5930.40 MB)
write base data version: 802600, memory: 6218477568 bytes (5930.40 MB)
write base data version: 802700, memory: 6218477568 bytes (5930.40 MB)
write base data version: 802800, memory: 6218477568 bytes (5930.40 MB)
write base data version: 802900, memory: 6218477568 bytes (5930.40 MB)
write base data version: 803000, memory: 6218477568 bytes (5930.40 MB)
write base data version: 803100, memory: 6218477568 bytes (5930.40 MB)
write base data version: 803200, memory: 6218477568 bytes (5930.40 MB)
write base data version: 803300, memory: 6218477568 bytes (5930.40 MB)
write base data version: 803400, memory: 6218477568 bytes (5930.40 MB)
write base data version: 803500, memory: 6218477568 bytes (5930.40 MB)
write base data version: 803600, memory: 6218477568 bytes (5930.40 MB)
write base data version: 803700, memory: 6218477568 bytes (5930.40 MB)
write base data version: 803800, memory: 6218477568 bytes (5930.40 MB)
write base data version: 803900, memory: 6218477568 bytes (5930.40 MB)
write base data version: 804000, memory: 6218477568 bytes (5930.40 MB)
write base data version: 804100, memory: 6218477568 bytes (5930.40 MB)
write base data version: 804200, memory: 6218477568 bytes (5930.40 MB)
write base data version: 804300, memory: 6218477568 bytes (5930.40 MB)
write base data version: 804400, memory: 6218477568 bytes (5930.40 MB)
write base data version: 804500, memory: 6218477568 bytes (5930.40 MB)
write base data version: 804600, memory: 6218477568 bytes (5930.40 MB)
write base data version: 804700, memory: 6218477568 bytes (5930.40 MB)
write base data version: 804800, memory: 6218477568 bytes (5930.40 MB)
write base data version: 804900, memory: 6218477568 bytes (5930.40 MB)
write base data version: 805000, memory: 6218477568 bytes (5930.40 MB)
write base data version: 805100, memory: 6218477568 bytes (5930.40 MB)
write base data version: 805200, memory: 6218477568 bytes (5930.40 MB)
write base data version: 805300, memory: 6218477568 bytes (5930.40 MB)
write base data version: 805400, memory: 6218477568 bytes (5930.40 MB)
write base data version: 805500, memory: 6218477568 bytes (5930.40 MB)
write base data version: 805600, memory: 6218477568 bytes (5930.40 MB)
write base data version: 805700, memory: 6218477568 bytes (5930.40 MB)
write base data version: 805800, memory: 6218477568 bytes (5930.40 MB)
write base data version: 805900, memory: 6218477568 bytes (5930.40 MB)
write base data version: 806000, memory: 6218477568 bytes (5930.40 MB)
write base data version: 806100, memory: 6218477568 bytes (5930.40 MB)
write base data version: 806200, memory: 6218477568 bytes (5930.40 MB)
write base data version: 806300, memory: 6218477568 bytes (5930.40 MB)
write base data version: 806400, memory: 6218477568 bytes (5930.40 MB)
write base data version: 806500, memory: 6218477568 bytes (5930.40 MB)
write base data version: 806600, memory: 6218477568 bytes (5930.40 MB)
write base data version: 806700, memory: 6218477568 bytes (5930.40 MB)
write base data version: 806800, memory: 6218477568 bytes (5930.40 MB)
write base data version: 806900, memory: 6218477568 bytes (5930.40 MB)
write base data version: 807000, memory: 6218477568 bytes (5930.40 MB)
write base data version: 807100, memory: 6218477568 bytes (5930.40 MB)
write base data version: 807200, memory: 6218477568 bytes (5930.40 MB)
write base data version: 807300, memory: 6218477568 bytes (5930.40 MB)
write base data version: 807400, memory: 6218477568 bytes (5930.40 MB)
write base data version: 807500, memory: 6218477568 bytes (5930.40 MB)
write base data version: 807600, memory: 6218477568 bytes (5930.40 MB)
write base data version: 807700, memory: 6218477568 bytes (5930.40 MB)
write base data version: 807800, memory: 6218477568 bytes (5930.40 MB)
write base data version: 807900, memory: 6218477568 bytes (5930.40 MB)
write base data version: 808000, memory: 6218477568 bytes (5930.40 MB)
write base data version: 808100, memory: 6218477568 bytes (5930.40 MB)
write base data version: 808200, memory: 6218477568 bytes (5930.40 MB)
write base data version: 808300, memory: 6218477568 bytes (5930.40 MB)
write base data version: 808400, memory: 6218477568 bytes (5930.40 MB)
write base data version: 808500, memory: 6218477568 bytes (5930.40 MB)
write base data version: 808600, memory: 6218477568 bytes (5930.40 MB)
write base data version: 808700, memory: 6218477568 bytes (5930.40 MB)
write base data version: 808800, memory: 6218477568 bytes (5930.40 MB)
write base data version: 808900, memory: 6218477568 bytes (5930.40 MB)
write base data version: 809000, memory: 6218477568 bytes (5930.40 MB)
write base data version: 809100, memory: 6218477568 bytes (5930.40 MB)
write base data version: 809200, memory: 6218477568 bytes (5930.40 MB)
write base data version: 809300, memory: 6218477568 bytes (5930.40 MB)
write base data version: 809400, memory: 6218477568 bytes (5930.40 MB)
write base data version: 809500, memory: 6218477568 bytes (5930.40 MB)
write base data version: 809600, memory: 6218477568 bytes (5930.40 MB)
write base data version: 809700, memory: 6218477568 bytes (5930.40 MB)
write base data version: 809800, memory: 6218477568 bytes (5930.40 MB)
write base data version: 809900, memory: 6218477568 bytes (5930.40 MB)
write base data version: 810000, memory: 6218477568 bytes (5930.40 MB)
write base data version: 810100, memory: 6218477568 bytes (5930.40 MB)
write base data version: 810200, memory: 6218477568 bytes (5930.40 MB)
write base data version: 810300, memory: 6218477568 bytes (5930.40 MB)
write base data version: 810400, memory: 6218477568 bytes (5930.40 MB)
write base data version: 810500, memory: 6218477568 bytes (5930.40 MB)
write base data version: 810600, memory: 6218477568 bytes (5930.40 MB)
write base data version: 810700, memory: 6218477568 bytes (5930.40 MB)
write base data version: 810800, memory: 6218477568 bytes (5930.40 MB)
write base data version: 810900, memory: 6218477568 bytes (5930.40 MB)
write base data version: 811000, memory: 6218477568 bytes (5930.40 MB)
write base data version: 811100, memory: 6218477568 bytes (5930.40 MB)
write base data version: 811200, memory: 6218477568 bytes (5930.40 MB)
write base data version: 811300, memory: 6218477568 bytes (5930.40 MB)
write base data version: 811400, memory: 6218477568 bytes (5930.40 MB)
write base data version: 811500, memory: 6218477568 bytes (5930.40 MB)
write base data version: 811600, memory: 6218477568 bytes (5930.40 MB)
write base data version: 811700, memory: 6218477568 bytes (5930.40 MB)
write base data version: 811800, memory: 6218477568 bytes (5930.40 MB)
write base data version: 811900, memory: 6218477568 bytes (5930.40 MB)
write base data version: 812000, memory: 6218477568 bytes (5930.40 MB)
write base data version: 812100, memory: 6218477568 bytes (5930.40 MB)
write base data version: 812200, memory: 6218477568 bytes (5930.40 MB)
write base data version: 812300, memory: 6218477568 bytes (5930.40 MB)
write base data version: 812400, memory: 6218477568 bytes (5930.40 MB)
write base data version: 812500, memory: 6218477568 bytes (5930.40 MB)
write base data version: 812600, memory: 6218477568 bytes (5930.40 MB)
write base data version: 812700, memory: 6218477568 bytes (5930.40 MB)
write base data version: 812800, memory: 6218477568 bytes (5930.40 MB)
write base data version: 812900, memory: 6218477568 bytes (5930.40 MB)
write base data version: 813000, memory: 6218477568 bytes (5930.40 MB)
write base data version: 813100, memory: 6218477568 bytes (5930.40 MB)
write base data version: 813200, memory: 6218477568 bytes (5930.40 MB)
write base data version: 813300, memory: 6218477568 bytes (5930.40 MB)
write base data version: 813400, memory: 6218477568 bytes (5930.40 MB)
write base data version: 813500, memory: 6218477568 bytes (5930.40 MB)
write base data version: 813600, memory: 6218477568 bytes (5930.40 MB)
write base data version: 813700, memory: 6218477568 bytes (5930.40 MB)
write base data version: 813800, memory: 6218477568 bytes (5930.40 MB)
write base data version: 813900, memory: 6218477568 bytes (5930.40 MB)
write base data version: 814000, memory: 6218477568 bytes (5930.40 MB)
write base data version: 814100, memory: 6218477568 bytes (5930.40 MB)
write base data version: 814200, memory: 6218477568 bytes (5930.40 MB)
write base data version: 814300, memory: 6218477568 bytes (5930.40 MB)
write base data version: 814400, memory: 6218477568 bytes (5930.40 MB)
write base data version: 814500, memory: 6218477568 bytes (5930.40 MB)
write base data version: 814600, memory: 6218477568 bytes (5930.40 MB)
write base data version: 814700, memory: 6218477568 bytes (5930.40 MB)
write base data version: 814800, memory: 6218477568 bytes (5930.40 MB)
write base data version: 814900, memory: 6218477568 bytes (5930.40 MB)
write base data version: 815000, memory: 6218477568 bytes (5930.40 MB)
write base data version: 815100, memory: 6218477568 bytes (5930.40 MB)
write base data version: 815200, memory: 6218477568 bytes (5930.40 MB)
write base data version: 815300, memory: 6218477568 bytes (5930.40 MB)
write base data version: 815400, memory: 6218477568 bytes (5930.40 MB)
write base data version: 815500, memory: 6218477568 bytes (5930.40 MB)
write base data version: 815600, memory: 6218477568 bytes (5930.40 MB)
write base data version: 815700, memory: 6218477568 bytes (5930.40 MB)
write base data version: 815800, memory: 6218477568 bytes (5930.40 MB)
write base data version: 815900, memory: 6218477568 bytes (5930.40 MB)
write base data version: 816000, memory: 6218477568 bytes (5930.40 MB)
write base data version: 816100, memory: 6218477568 bytes (5930.40 MB)
write base data version: 816200, memory: 6218477568 bytes (5930.40 MB)
write base data version: 816300, memory: 6218477568 bytes (5930.40 MB)
write base data version: 816400, memory: 6218477568 bytes (5930.40 MB)
write base data version: 816500, memory: 6218477568 bytes (5930.40 MB)
write base data version: 816600, memory: 6218477568 bytes (5930.40 MB)
write base data version: 816700, memory: 6218477568 bytes (5930.40 MB)
write base data version: 816800, memory: 6218477568 bytes (5930.40 MB)
write base data version: 816900, memory: 6218477568 bytes (5930.40 MB)
write base data version: 817000, memory: 6218477568 bytes (5930.40 MB)
write base data version: 817100, memory: 6218477568 bytes (5930.40 MB)
write base data version: 817200, memory: 6218477568 bytes (5930.40 MB)
write base data version: 817300, memory: 6218477568 bytes (5930.40 MB)
write base data version: 817400, memory: 6218477568 bytes (5930.40 MB)
write base data version: 817500, memory: 6218477568 bytes (5930.40 MB)
write base data version: 817600, memory: 6218477568 bytes (5930.40 MB)
write base data version: 817700, memory: 6218477568 bytes (5930.40 MB)
write base data version: 817800, memory: 6218477568 bytes (5930.40 MB)
write base data version: 817900, memory: 6218477568 bytes (5930.40 MB)
write base data version: 818000, memory: 6218477568 bytes (5930.40 MB)
write base data version: 818100, memory: 6218477568 bytes (5930.40 MB)
write base data version: 818200, memory: 6218477568 bytes (5930.40 MB)
write base data version: 818300, memory: 6218477568 bytes (5930.40 MB)
write base data version: 818400, memory: 6218477568 bytes (5930.40 MB)
write base data version: 818500, memory: 6218477568 bytes (5930.40 MB)
write base data version: 818600, memory: 6218477568 bytes (5930.40 MB)
write base data version: 818700, memory: 6218477568 bytes (5930.40 MB)
write base data version: 818800, memory: 6218477568 bytes (5930.40 MB)
write base data version: 818900, memory: 6218477568 bytes (5930.40 MB)
write base data version: 819000, memory: 6218477568 bytes (5930.40 MB)
write base data version: 819100, memory: 6218477568 bytes (5930.40 MB)
write base data version: 819200, memory: 6218477568 bytes (5930.40 MB)
write base data version: 819300, memory: 6218477568 bytes (5930.40 MB)
write base data version: 819400, memory: 6218477568 bytes (5930.40 MB)
write base data version: 819500, memory: 6218477568 bytes (5930.40 MB)
write base data version: 819600, memory: 6218477568 bytes (5930.40 MB)
write base data version: 819700, memory: 6218477568 bytes (5930.40 MB)
write base data version: 819800, memory: 6218477568 bytes (5930.40 MB)
write base data version: 819900, memory: 6218477568 bytes (5930.40 MB)
write base data version: 820000, memory: 6218477568 bytes (5930.40 MB)
write base data version: 820100, memory: 6218477568 bytes (5930.40 MB)
write base data version: 820200, memory: 6218477568 bytes (5930.40 MB)
