=== sqlledger Scale Benchmark 运行日志 ===
开始时间: Wed Mar 25 04:22:18 PM CST 2026
脚本目录: /pcissd/cxy_test/vidb_project/LedgerDatabase/exps
========================================

[2026-03-25 16:22:18] [INFO] 运行默认测试模式...
[2026-03-25 16:22:18] [WARNING] 清理旧数据库数据...
[2026-03-25 16:22:43] [INFO] 启动基准测试...
=== 基准测试输出开始 ===
Benchmark Configuration:
  Write Batch Size: 10000 records
  Read Batch Size:  10000 records
  Key Length:       32 bytes
  Value Length:     512 bytes
  Database Directory: /pcissd/cxy_test/vidb_project/LedgerDatabase/exps/data/
  Result Directory:  /pcissd/cxy_test/vidb_project/LedgerDatabase/exps/results_sqlledger/
  Result File:       /pcissd/cxy_test/vidb_project/LedgerDatabase/exps/results_sqlledger/scaleBenchmark_20260325_162218.csv

initialize database .../pcissd/cxy_test/vidb_project/LedgerDatabase/exps/data/
initialized database
====================== Test Configuration =====================
Write Batch Size: 10000 records
Read Batch Size:  10000 records
Key Length:       32 bytes
Value Length:     512 bytes
Test Scales:      1000 → 10000 → 100000 → 1000000 → 10000000 → 100000000 → 200000000 → 1000000000
===============================================================

========== Starting Scale Benchmark ==========

========== Testing at data scale: 1,000 ==========
Writing 1000 incremental records (keys: 1-1000, total: 1000)
tip block: 0persist 13538 1000 1
----0
Test Results: 
  Total Disk Usage: 1.85 MB
  Average Per Record: 1923.45 bytes
[test batch write] generate key value
[test batch write] write data
persist 156743 10000 1
[test batch write] flush
tip block: 1----1
  Write Throughput: 41543.75 records/sec
  Read Throughput:  147750.25 records/sec
  Current Memory:   51.48 MB
  Peak Memory:      56.63 MB
  Memory Per Record: 53981.18 bytes

========== Testing at data scale: 10,000 ==========
Writing 9000 incremental records (keys: 1001-10000, total: 10000)
persist 14771 1000 1
persist 86817 4000 4
tip block: 3persist 53723 4000 4
----4
Test Results: 
  Total Disk Usage: 31.65 MB
  Average Per Record: 3316.91 bytes
[test batch write] generate key value
[test batch write] write data
persist 220745 10000 1
[test batch write] flush
tip block: 5----5
  Write Throughput: 28567.55 records/sec
  Read Throughput:  115475.46 records/sec
  Current Memory:   77.13 MB
  Peak Memory:      88.73 MB
  Memory Per Record: 8087.55 bytes

========== Testing at data scale: 100,000 ==========
Writing 90000 incremental records (keys: 10001-100000, total: 100000)
persist 15097 1000 1
persist 83714 4000 4
persist 70873 4000 4
persist 84424 4000 4
persist 95178 5000 5
persist 85172 4000 4
persist 94114 5000 5
persist 79226 4000 4
persist 82454 4000 4
persist 99434 5000 5
persist 72024 4000 4
persist 84039 4000 4
persist 84168 4000 4
persist 90444 5000 5
persist 72629 4000 4
persist 87512 4000 4
persist 83937 4000 4
persist 95240 5000 5
persist 69827 4000 4
persist 77681 4000 4
persist 82066 4000 4
write base data version: 100, memory: 204386304 bytes (194.92 MB)
tip block: 26persist 53026 4000 4
----27
Test Results: 
  Total Disk Usage: 217.60 MB
  Average Per Record: 2281.48 bytes
[test batch write] generate key value
[test batch write] write data
persist 208950 10000 1
[test batch write] flush
tip block: 28----28
  Write Throughput: 21246.91 records/sec
  Read Throughput:  83801.11 records/sec
  Current Memory:   247.63 MB
  Peak Memory:      283.03 MB
  Memory Per Record: 2596.58 bytes

========== Testing at data scale: 1,000,000 ==========
Writing 900000 incremental records (keys: 100001-1000000, total: 1000000)
persist 40489 2000 2
persist 57917 3000 3
persist 70795 4000 4
persist 84579 4000 4
persist 83026 4000 4
persist 84202 4000 4
persist 86368 4000 4
persist 97725 5000 5
persist 73299 4000 4
persist 81121 4000 4
persist 84967 4000 4
persist 76304 4000 4
persist 81285 4000 4
persist 82988 4000 4
persist 83538 4000 4
persist 85924 4000 4
persist 99129 5000 5
persist 70373 4000 4
persist 69407 4000 4
persist 69333 4000 4
persist 70719 4000 4
persist 69949 4000 4
persist 70036 4000 4
persist 71020 4000 4
write base data version: 200, memory: 397185024 bytes (378.79 MB)
persist 74277 4000 4
persist 73510 4000 4
persist 71001 4000 4
persist 76272 4000 4
persist 75462 4000 4
persist 75798 4000 4
persist 80820 4000 4
persist 75647 4000 4
persist 79321 4000 4
persist 71245 4000 4
persist 69006 4000 4
persist 70797 4000 4
persist 69746 4000 4
persist 71773 4000 4
persist 71125 4000 4
persist 69518 4000 4
persist 70683 4000 4
persist 70719 4000 4
persist 71219 4000 4
persist 70875 4000 4
persist 70735 4000 4
persist 72239 4000 4
persist 68469 4000 4
persist 69820 4000 4
persist 69553 4000 4
write base data version: 300, memory: 538484736 bytes (513.54 MB)
persist 70816 4000 4
persist 83468 4000 4
persist 56344 3000 3
persist 73730 4000 4
persist 72443 4000 4
persist 72903 4000 4
persist 74851 4000 4
persist 71312 4000 4
persist 69878 4000 4
persist 70600 4000 4
persist 85863 4000 4
persist 58722 3000 3
persist 73690 4000 4
persist 73302 4000 4
persist 70687 4000 4
persist 75053 4000 4
persist 81930 4000 4
persist 57767 3000 3
persist 74829 4000 4
persist 108313 4000 4
persist 72577 4000 4
persist 71945 4000 4
persist 68926 4000 4
persist 71560 4000 4
persist 79048 4000 4
persist 55328 3000 3
write base data version: 400, memory: 172171264 bytes (164.20 MB)
persist 71165 4000 4
persist 70247 4000 4
persist 69913 4000 4
persist 69361 4000 4
persist 75898 4000 4
persist 82231 4000 4
persist 56210 3000 3
persist 71618 4000 4
persist 69685 4000 4
persist 69843 4000 4
persist 81288 4000 4
persist 55748 3000 3
persist 71887 4000 4
persist 69147 4000 4
persist 75090 4000 4
persist 84173 4000 4
persist 55360 3000 3
persist 71095 4000 4
persist 69216 4000 4
persist 76487 4000 4
persist 57856 3000 3
persist 72224 4000 4
persist 70218 4000 4
persist 71496 4000 4
persist 83894 4000 4
persist 57191 3000 3
write base data version: 500, memory: 313524224 bytes (299.00 MB)
persist 73287 4000 4
persist 71188 4000 4
persist 75609 4000 4
persist 56953 3000 3
persist 69089 4000 4
persist 68352 4000 4
persist 76423 4000 4
persist 55698 3000 3
persist 70831 4000 4
persist 69180 4000 4
persist 56139 3000 3
persist 71032 4000 4
persist 71570 4000 4
persist 71012 4000 4
persist 54880 3000 3
persist 70647 4000 4
persist 69439 4000 4
persist 82823 4000 4
persist 56484 3000 3
persist 69760 4000 4
persist 78098 4000 4
persist 57732 3000 3
persist 70922 4000 4
persist 69163 4000 4
persist 68985 4000 4
persist 79201 4000 4
persist 54877 3000 3
write base data version: 600, memory: 455131136 bytes (434.05 MB)
persist 68525 4000 4
persist 67965 4000 4
persist 56267 3000 3
persist 69330 4000 4
persist 68850 4000 4
persist 82010 4000 4
persist 55153 3000 3
persist 70029 4000 4
persist 74471 4000 4
persist 55558 3000 3
persist 69316 4000 4
persist 70361 4000 4
persist 54867 3000 3
persist 68992 4000 4
persist 74720 4000 4
persist 56050 3000 3
persist 70109 4000 4
persist 66321 4000 4
persist 73586 4000 4
persist 51050 3000 3
persist 64992 4000 4
persist 78280 4000 4
persist 53190 3000 3
persist 67253 4000 4
persist 53299 3000 3
persist 67942 4000 4
persist 66233 4000 4
write base data version: 700, memory: 596709376 bytes (569.07 MB)
persist 49585 3000 3
persist 63604 4000 4
persist 55337 3000 3
persist 65746 4000 4
persist 51540 3000 3
persist 64761 4000 4
persist 51739 3000 3
persist 66011 4000 4
persist 57233 3000 3
persist 66120 4000 4
persist 76718 4000 4
persist 52509 3000 3
persist 72572 4000 4
persist 112179 4000 4
persist 54318 3000 3
persist 69352 4000 4
persist 52081 3000 3
persist 67439 4000 4
persist 75894 4000 4
persist 52373 3000 3
persist 78669 4000 4
persist 54801 3000 3
persist 73452 4000 4
persist 54028 3000 3
persist 72898 4000 4
persist 55284 3000 3
persist 65530 4000 4
persist 55271 3000 3
write base data version: 800, memory: 238567424 bytes (227.52 MB)
persist 75871 4000 4
persist 56518 3000 3
persist 85730 4000 4
persist 55164 3000 3
persist 70166 4000 4
persist 51413 3000 3
persist 70325 4000 4
persist 51161 3000 3
persist 74204 4000 4
persist 53814 3000 3
persist 76896 4000 4
persist 51920 3000 3
persist 52953 3000 3
persist 64118 4000 4
persist 79591 4000 4
persist 56300 3000 3
persist 65135 4000 4
persist 71751 4000 4
persist 53944 3000 3
persist 67542 4000 4
persist 68913 4000 4
persist 53326 3000 3
persist 68324 4000 4
persist 67328 4000 4
persist 50485 3000 3
persist 63949 4000 4
persist 51064 3000 3
persist 66965 4000 4
write base data version: 900, memory: 373456896 bytes (356.16 MB)
persist 66415 4000 4
persist 53026 3000 3
persist 67051 4000 4
persist 67148 4000 4
persist 52198 3000 3
persist 67132 4000 4
persist 65739 4000 4
persist 50912 3000 3
persist 67580 4000 4
persist 66367 4000 4
persist 52837 3000 3
persist 66556 4000 4
persist 66827 4000 4
persist 51493 3000 3
persist 68033 4000 4
persist 69980 4000 4
persist 52374 3000 3
persist 65449 4000 4
persist 52821 3000 3
persist 68675 4000 4
persist 75504 4000 4
persist 52452 3000 3
persist 75348 4000 4
persist 53808 3000 3
persist 70547 4000 4
persist 54133 3000 3
persist 69198 4000 4
persist 53370 3000 3
write base data version: 1000, memory: 515117056 bytes (491.25 MB)
persist 67438 4000 4
tip block: 268persist 13665 1000 1
----269
Test Results: 
  Total Disk Usage: 1838.16 MB
  Average Per Record: 1927.43 bytes
[test batch write] generate key value
[test batch write] write data
persist 172659 10000 1
[test batch write] flush
tip block: 270----270
  Write Throughput: 16394.52 records/sec
  Read Throughput:  58957.54 records/sec
  Current Memory:   668.36 MB
  Peak Memory:      668.36 MB
  Memory Per Record: 700.83 bytes

========== Testing at data scale: 10,000,000 ==========
Writing 9000000 incremental records (keys: 1000001-10000000, total: 10000000)
persist 56743 3000 3
persist 58521 3000 3
persist 74402 4000 4
persist 54405 3000 3
persist 66819 4000 4
persist 53269 3000 3
persist 63436 4000 4
persist 49830 3000 3
persist 65539 4000 4
persist 53515 3000 3
persist 72533 4000 4
persist 72441 4000 4
persist 52268 3000 3
persist 66454 4000 4
persist 52275 3000 3
persist 73778 4000 4
persist 51562 3000 3
persist 50360 3000 3
persist 67901 4000 4
persist 48331 3000 3
persist 50244 3000 3
persist 51321 3000 3
persist 68054 4000 4
persist 50653 3000 3
persist 52495 3000 3
persist 67152 4000 4
persist 53253 3000 3
write base data version: 1100, memory: 324202496 bytes (309.18 MB)
persist 65926 4000 4
persist 51807 3000 3
persist 66194 4000 4
persist 52878 3000 3
persist 65524 4000 4
persist 51719 3000 3
persist 67654 4000 4
persist 51831 3000 3
persist 52629 3000 3
persist 67502 4000 4
persist 51065 3000 3
persist 67991 4000 4
persist 52196 3000 3
persist 64265 4000 4
persist 72638 4000 4
persist 50819 3000 3
persist 66426 4000 4
persist 51465 3000 3
persist 66767 4000 4
persist 67016 4000 4
persist 51852 3000 3
persist 64998 4000 4
persist 73052 4000 4
persist 54169 3000 3
persist 67495 4000 4
persist 76136 4000 4
persist 53058 3000 3
persist 69697 4000 4
write base data version: 1200, memory: 466087936 bytes (444.50 MB)
persist 54294 3000 3
persist 69379 4000 4
persist 74049 4000 4
persist 50044 3000 3
persist 63861 4000 4
persist 50559 3000 3
persist 66171 4000 4
persist 74139 4000 4
persist 49808 3000 3
persist 70064 4000 4
persist 52172 3000 3
persist 66733 4000 4
persist 51861 3000 3
persist 67503 4000 4
persist 54596 3000 3
persist 66879 4000 4
persist 74163 4000 4
persist 53554 3000 3
persist 67929 4000 4
persist 51667 3000 3
persist 70881 4000 4
persist 51729 3000 3
persist 65725 4000 4
persist 51282 3000 3
persist 64805 4000 4
persist 52047 3000 3
persist 68617 4000 4
persist 53990 3000 3
persist 67826 4000 4
write base data version: 1300, memory: 607694848 bytes (579.54 MB)
persist 54735 3000 3
persist 64919 4000 4
persist 52248 3000 3
persist 66884 4000 4
persist 52582 3000 3
persist 66509 4000 4
persist 54087 3000 3
persist 64793 4000 4
persist 51727 3000 3
persist 67266 4000 4
persist 53110 3000 3
persist 65920 4000 4
persist 52931 3000 3
persist 67325 4000 4
persist 53246 3000 3
persist 68718 4000 4
persist 52146 3000 3
persist 68326 4000 4
persist 52398 3000 3
persist 53691 3000 3
persist 67358 4000 4
persist 52618 3000 3
persist 69082 4000 4
persist 54205 3000 3
persist 66908 4000 4
persist 58403 3000 3
persist 68354 4000 4
persist 50080 3000 3
write base data version: 1400, memory: 749203456 bytes (714.50 MB)
persist 69782 4000 4
persist 51574 3000 3
persist 51033 3000 3
persist 66991 4000 4
persist 55011 3000 3
persist 75341 4000 4
persist 51543 3000 3
persist 65995 4000 4
persist 79127 3000 3
persist 66963 4000 4
persist 66584 4000 4
persist 52523 3000 3
persist 66573 4000 4
persist 51942 3000 3
persist 66145 4000 4
persist 51514 3000 3
persist 65251 4000 4
persist 72634 4000 4
persist 50457 3000 3
persist 52165 3000 3
persist 67817 4000 4
persist 72335 4000 4
persist 53509 3000 3
persist 53175 3000 3
persist 67964 4000 4
persist 51477 3000 3
persist 67660 4000 4
persist 73423 4000 4
persist 56599 3000 3
write base data version: 1500, memory: 399585280 bytes (381.07 MB)
persist 50919 3000 3
persist 65949 4000 4
persist 52360 3000 3
persist 66715 4000 4
persist 56280 3000 3
persist 67990 4000 4
persist 56125 3000 3
persist 69976 4000 4
persist 75744 4000 4
persist 55618 3000 3
persist 53018 3000 3
persist 69103 4000 4
persist 52644 3000 3
persist 66830 4000 4
persist 52606 3000 3
persist 67320 4000 4
persist 54436 3000 3
persist 68808 4000 4
persist 53630 3000 3
persist 67283 4000 4
persist 54188 3000 3
persist 64830 4000 4
persist 50110 3000 3
persist 70074 4000 4
persist 49490 3000 3
persist 72428 4000 4
persist 50738 3000 3
persist 50688 3000 3
persist 68699 4000 4
write base data version: 1600, memory: 529326080 bytes (504.80 MB)
persist 55466 3000 3
persist 73393 4000 4
persist 56408 3000 3
persist 72266 4000 4
persist 68003 4000 4
persist 51816 3000 3
persist 51753 3000 3
persist 68009 4000 4
persist 52961 3000 3
persist 72082 4000 4
persist 51799 3000 3
persist 53757 3000 3
persist 66844 4000 4
persist 52075 3000 3
persist 52267 3000 3
persist 66489 4000 4
persist 49838 3000 3
persist 51181 3000 3
persist 65760 4000 4
persist 58156 3000 3
persist 79502 4000 4
persist 51768 3000 3
persist 52901 3000 3
persist 66579 4000 4
persist 51163 3000 3
persist 51613 3000 3
persist 67128 4000 4
persist 52157 3000 3
persist 67363 4000 4
write base data version: 1700, memory: 676446208 bytes (645.11 MB)
persist 51967 3000 3
persist 65965 4000 4
persist 77155 4000 4
persist 52581 3000 3
persist 72073 4000 4
persist 53461 3000 3
persist 65593 4000 4
persist 53088 3000 3
persist 66015 4000 4
persist 51566 3000 3
persist 67525 4000 4
persist 68402 4000 4
persist 55027 3000 3
persist 69097 4000 4
persist 54487 3000 3
persist 69305 4000 4
persist 72315 4000 4
persist 51507 3000 3
persist 76164 4000 4
persist 52518 3000 3
persist 77399 4000 4
persist 52147 3000 3
persist 88371 4000 4
persist 64249 3000 3
persist 57753 3000 3
persist 52673 3000 3
persist 67024 4000 4
persist 52276 3000 3
write base data version: 1800, memory: 828022784 bytes (789.66 MB)
persist 66917 4000 4
persist 53484 3000 3
persist 67261 4000 4
persist 53452 3000 3
persist 54765 3000 3
persist 65886 4000 4
persist 52427 3000 3
persist 65914 4000 4
persist 53214 3000 3
persist 67082 4000 4
persist 53508 3000 3
persist 66622 4000 4
persist 52983 3000 3
persist 65272 4000 4
persist 52569 3000 3
persist 66506 4000 4
persist 53411 3000 3
persist 66336 4000 4
persist 52603 3000 3
persist 66133 4000 4
persist 52289 3000 3
persist 65362 4000 4
persist 52812 3000 3
persist 67537 4000 4
persist 52477 3000 3
persist 69731 4000 4
persist 53539 3000 3
persist 74402 4000 4
persist 52320 3000 3
write base data version: 1900, memory: 448737280 bytes (427.95 MB)
persist 53566 3000 3
persist 65572 4000 4
persist 52314 3000 3
persist 66500 4000 4
persist 53161 3000 3
persist 67855 4000 4
persist 54553 3000 3
persist 77596 4000 4
persist 54598 3000 3
persist 56038 3000 3
persist 69560 4000 4
persist 54982 3000 3
persist 65393 4000 4
persist 52119 3000 3
persist 69555 4000 4
persist 52930 3000 3
persist 51568 3000 3
persist 65549 4000 4
persist 50908 3000 3
persist 68060 4000 4
persist 51221 3000 3
persist 52957 3000 3
persist 66947 4000 4
persist 52046 3000 3
persist 67880 4000 4
persist 72150 4000 4
persist 52148 3000 3
persist 66564 4000 4
persist 52366 3000 3
write base data version: 2000, memory: 590323712 bytes (562.98 MB)
persist 69208 4000 4
persist 68562 4000 4
persist 52534 3000 3
persist 66171 4000 4
persist 74687 4000 4
persist 52456 3000 3
persist 69969 4000 4
persist 52574 3000 3
persist 66799 4000 4
persist 51979 3000 3
persist 65707 4000 4
persist 68511 4000 4
persist 52072 3000 3
persist 68541 4000 4
persist 54026 3000 3
persist 67244 4000 4
persist 78743 4000 4
persist 54040 3000 3
persist 72416 4000 4
persist 54680 3000 3
persist 69274 4000 4
persist 54627 3000 3
persist 66012 4000 4
persist 52716 3000 3
persist 66524 4000 4
persist 75074 4000 4
persist 52563 3000 3
persist 52075 3000 3
write base data version: 2100, memory: 731930624 bytes (698.02 MB)
persist 68116 4000 4
persist 76964 4000 4
persist 54726 3000 3
persist 78907 4000 4
persist 54325 3000 3
persist 78507 4000 4
persist 53620 3000 3
persist 50227 3000 3
persist 66072 4000 4
persist 55600 3000 3
persist 69873 4000 4
persist 53899 3000 3
persist 69489 4000 4
persist 57334 3000 3
persist 67320 4000 4
persist 53016 3000 3
persist 68736 4000 4
persist 51772 3000 3
persist 74721 4000 4
persist 52973 3000 3
persist 53980 3000 3
persist 53769 3000 3
persist 53119 3000 3
persist 69685 4000 4
persist 52814 3000 3
persist 53923 3000 3
persist 69748 4000 4
persist 57153 3000 3
persist 72293 4000 4
write base data version: 2200, memory: 372768768 bytes (355.50 MB)
persist 54040 3000 3
persist 72911 4000 4
persist 54887 3000 3
persist 55796 3000 3
persist 74006 4000 4
persist 52486 3000 3
persist 56542 3000 3
persist 75838 4000 4
persist 58769 3000 3
persist 58135 3000 3
persist 72221 4000 4
persist 57406 3000 3
persist 53477 3000 3
persist 72985 4000 4
persist 56073 3000 3
persist 57931 3000 3
persist 73434 4000 4
persist 56425 3000 3
persist 71436 4000 4
persist 55309 3000 3
persist 68953 4000 4
persist 70741 4000 4
persist 56245 3000 3
persist 69227 4000 4
persist 54514 3000 3
persist 69407 4000 4
persist 55708 3000 3
persist 69155 4000 4
persist 55817 3000 3
write base data version: 2300, memory: 527360000 bytes (502.93 MB)
persist 68765 4000 4
persist 55353 3000 3
persist 66317 4000 4
persist 80132 4000 4
persist 53623 3000 3
persist 53665 3000 3
persist 67121 4000 4
persist 53646 3000 3
persist 67281 4000 4
persist 54883 3000 3
persist 69123 4000 4
persist 58520 3000 3
persist 72502 4000 4
persist 57636 3000 3
persist 72028 4000 4
persist 59112 3000 3
persist 73947 4000 4
persist 57867 3000 3
persist 66380 4000 4
persist 52004 3000 3
persist 64220 4000 4
persist 51646 3000 3
persist 63949 4000 4
persist 70993 4000 4
persist 57684 3000 3
persist 55987 3000 3
persist 72838 4000 4
persist 54981 3000 3
persist 77706 4000 4
write base data version: 2400, memory: 664584192 bytes (633.80 MB)
persist 55286 3000 3
persist 83652 4000 4
persist 53536 3000 3
persist 55267 3000 3
persist 69110 4000 4
persist 55541 3000 3
persist 69331 4000 4
persist 56454 3000 3
persist 70584 4000 4
persist 56365 3000 3
persist 70707 4000 4
persist 56135 3000 3
persist 69858 4000 4
persist 55949 3000 3
persist 71498 4000 4
persist 57395 3000 3
persist 71179 4000 4
persist 54705 3000 3
persist 56773 3000 3
persist 70169 4000 4
persist 59686 3000 3
persist 87885 4000 4
persist 59823 3000 3
persist 57463 3000 3
persist 76008 4000 4
persist 58395 3000 3
persist 56327 3000 3
persist 119779 4000 4
persist 71636 4000 4
write base data version: 2500, memory: 815190016 bytes (777.43 MB)
persist 60091 3000 3
persist 78888 4000 4
persist 59895 3000 3
persist 59988 3000 3
persist 73751 4000 4
persist 49970 3000 3
persist 51127 3000 3
persist 67226 4000 4
persist 51155 3000 3
persist 67925 4000 4
persist 50099 3000 3
persist 77990 4000 4
persist 38130 2000 2
persist 50545 3000 3
persist 51423 3000 3
persist 66074 4000 4
persist 51305 3000 3
persist 65336 4000 4
persist 51682 3000 3
persist 64760 4000 4
persist 51122 3000 3
persist 65813 4000 4
persist 52592 3000 3
persist 67334 4000 4
persist 52671 3000 3
persist 71527 4000 4
persist 56527 3000 3
persist 72221 4000 4
persist 51982 3000 3
write base data version: 2600, memory: 444821504 bytes (424.21 MB)
persist 69772 4000 4
persist 49944 3000 3
persist 51884 3000 3
persist 66558 4000 4
persist 52732 3000 3
persist 67055 4000 4
persist 52840 3000 3
persist 65544 4000 4
persist 52106 3000 3
persist 66730 4000 4
persist 51776 3000 3
persist 51389 3000 3
persist 67199 4000 4
persist 53200 3000 3
persist 66620 4000 4
persist 52392 3000 3
persist 70822 4000 4
persist 53714 3000 3
persist 80609 4000 4
persist 56261 3000 3
persist 56784 3000 3
persist 71217 4000 4
persist 52794 3000 3
persist 66943 4000 4
persist 50342 3000 3
persist 72234 4000 4
persist 50648 3000 3
persist 50380 3000 3
persist 67694 4000 4
persist 49900 3000 3
write base data version: 2700, memory: 586498048 bytes (559.33 MB)
persist 51379 3000 3
persist 67439 4000 4
persist 51665 3000 3
persist 70681 4000 4
persist 52834 3000 3
persist 52196 3000 3
persist 68009 4000 4
persist 58089 3000 3
persist 50034 3000 3
persist 75378 4000 4
persist 52396 3000 3
persist 57248 3000 3
persist 79722 4000 4
persist 53420 3000 3
persist 50013 3000 3
persist 52030 3000 3
persist 69345 4000 4
persist 51873 3000 3
persist 57299 3000 3
persist 107826 6000 6
persist 139348 8000 8
persist 181438 10000 10
persist 140776 8000 8
write base data version: 2800, memory: 727519232 bytes (693.82 MB)
persist 176612 10000 10
persist 201354 11000 11
persist 216181 12000 12
persist 219750 12000 12
persist 219888 12000 12
persist 219770 13000 13
persist 124546 7000 7
persist 85147 4000 4
persist 84811 4000 4
persist 74369 4000 4
persist 71844 4000 4
persist 65946 4000 4
persist 52909 3000 3
persist 51462 3000 3
write base data version: 2900, memory: 879759360 bytes (839.00 MB)
persist 65545 4000 4
persist 52157 3000 3
persist 86668 4000 4
persist 41484 3000 3
persist 38706 3000 3
persist 56412 4000 4
persist 54442 3000 3
persist 52100 3000 3
persist 77493 4000 4
persist 53020 3000 3
persist 55724 3000 3
persist 68253 4000 4
persist 51744 3000 3
persist 70511 4000 4
persist 54075 3000 3
persist 55011 3000 3
persist 66230 4000 4
persist 49787 3000 3
persist 55608 3000 3
persist 69622 4000 4
persist 53095 3000 3
persist 76773 4000 4
persist 52078 3000 3
persist 56499 3000 3
persist 54720 3000 3
persist 80192 4000 4
persist 57387 3000 3
persist 56622 3000 3
persist 85612 4000 4
persist 58184 3000 3
write base data version: 3000, memory: 518733824 bytes (494.70 MB)
persist 51963 3000 3
persist 71820 4000 4
persist 53050 3000 3
persist 53229 3000 3
persist 68377 4000 4
persist 52801 3000 3
persist 55562 3000 3
persist 70058 4000 4
persist 55463 3000 3
persist 74284 4000 4
persist 55416 3000 3
persist 55961 3000 3
persist 66958 4000 4
persist 54290 3000 3
persist 48221 3000 3
persist 53092 3000 3
persist 70189 4000 4
persist 51701 3000 3
persist 52687 3000 3
persist 64927 4000 4
persist 51574 3000 3
persist 52808 3000 3
persist 67962 4000 4
persist 51502 3000 3
persist 52489 3000 3
persist 69032 4000 4
persist 51361 3000 3
persist 52970 3000 3
persist 70178 4000 4
persist 53026 3000 3
write base data version: 3100, memory: 671981568 bytes (640.85 MB)
persist 67712 4000 4
persist 53199 3000 3
persist 67354 4000 4
persist 53194 3000 3
persist 66674 4000 4
persist 52509 3000 3
persist 65676 4000 4
persist 51537 3000 3
persist 63795 4000 4
persist 50649 3000 3
persist 65519 4000 4
persist 50764 3000 3
persist 64701 4000 4
persist 50956 3000 3
persist 65775 4000 4
persist 52581 3000 3
persist 66858 4000 4
persist 57780 3000 3
persist 69269 4000 4
persist 51694 3000 3
persist 67424 4000 4
persist 51589 3000 3
persist 76488 4000 4
persist 60102 3000 3
persist 71250 4000 4
persist 57710 3000 3
persist 67699 4000 4
persist 52908 3000 3
write base data version: 3200, memory: 825270272 bytes (787.04 MB)
persist 68400 4000 4
persist 56762 3000 3
persist 75510 4000 4
persist 54597 3000 3
persist 55058 3000 3
persist 69447 4000 4
persist 53578 3000 3
persist 65005 4000 4
persist 48775 3000 3
persist 113527 3000 3
persist 57814 3000 3
persist 58789 3000 3
persist 55418 3000 3
persist 51484 3000 3
persist 52766 3000 3
persist 72455 4000 4
persist 57321 3000 3
persist 53999 3000 3
persist 51293 3000 3
persist 54918 3000 3
persist 51470 3000 3
persist 63835 4000 4
persist 50991 3000 3
persist 74179 4000 4
persist 37412 2000 2
persist 51712 3000 3
persist 52140 3000 3
persist 74642 4000 4
persist 52178 3000 3
persist 49773 3000 3
persist 52210 3000 3
write base data version: 3300, memory: 447291392 bytes (426.57 MB)
persist 66493 4000 4
persist 50917 3000 3
persist 52403 3000 3
persist 67038 4000 4
persist 53794 3000 3
persist 51802 3000 3
persist 65850 4000 4
persist 51948 3000 3
persist 53177 3000 3
persist 68294 4000 4
persist 52187 3000 3
persist 51633 3000 3
persist 51826 3000 3
persist 66666 4000 4
persist 57149 3000 3
persist 72082 4000 4
persist 50700 3000 3
persist 55386 3000 3
persist 51351 3000 3
persist 69521 4000 4
persist 53892 3000 3
persist 52112 3000 3
persist 74903 4000 4
persist 51847 3000 3
persist 53183 3000 3
persist 66683 4000 4
persist 52394 3000 3
persist 68130 4000 4
persist 53372 3000 3
persist 69000 4000 4
write base data version: 3400, memory: 589074432 bytes (561.79 MB)
persist 54487 3000 3
persist 69115 4000 4
persist 54550 3000 3
persist 64759 4000 4
persist 50269 3000 3
persist 64840 4000 4
persist 51953 3000 3
persist 66286 4000 4
persist 51595 3000 3
persist 66412 4000 4
persist 51285 3000 3
persist 74375 4000 4
persist 51700 3000 3
persist 51008 3000 3
persist 65340 4000 4
persist 51580 3000 3
persist 64617 4000 4
persist 51357 3000 3
persist 75740 4000 4
persist 51501 3000 3
persist 52689 3000 3
persist 73881 4000 4
persist 50954 3000 3
persist 52218 3000 3
persist 74865 4000 4
persist 52472 3000 3
persist 52809 3000 3
persist 66647 4000 4
persist 50416 3000 3
write base data version: 3500, memory: 730791936 bytes (696.94 MB)
persist 51488 3000 3
persist 65483 4000 4
persist 49695 3000 3
persist 75021 4000 4
persist 51924 3000 3
persist 51762 3000 3
persist 71477 4000 4
persist 51703 3000 3
persist 51746 3000 3
persist 69627 4000 4
persist 54033 3000 3
persist 51527 3000 3
persist 66690 4000 4
persist 51085 3000 3
persist 50988 3000 3
persist 64869 4000 4
persist 51341 3000 3
persist 72758 4000 4
persist 52402 3000 3
persist 52632 3000 3
persist 76569 4000 4
persist 53956 3000 3
persist 54071 3000 3
persist 78320 4000 4
persist 54885 3000 3
persist 52165 3000 3
persist 72768 4000 4
persist 52853 3000 3
persist 48298 3000 3
persist 49547 3000 3
write base data version: 3600, memory: 872411136 bytes (832.00 MB)
persist 71049 4000 4
persist 51052 3000 3
persist 49364 3000 3
persist 51782 3000 3
persist 60215 3000 3
persist 60352 3000 3
persist 61202 3000 3
persist 63118 3000 3
persist 53099 3000 3
persist 50685 3000 3
persist 51647 3000 3
persist 53236 3000 3
persist 50403 3000 3
persist 51045 3000 3
persist 101143 4000 4
persist 52895 3000 3
persist 50473 3000 3
persist 51442 3000 3
persist 80603 4000 4
persist 52119 3000 3
persist 52185 3000 3
persist 65745 4000 4
persist 55097 3000 3
persist 70327 4000 4
persist 52969 3000 3
persist 69688 4000 4
persist 56547 3000 3
persist 70367 4000 4
persist 56938 3000 3
persist 67270 4000 4
persist 54464 3000 3
write base data version: 3700, memory: 512126976 bytes (488.40 MB)
persist 68386 4000 4
persist 56585 3000 3
persist 53043 3000 3
persist 69538 4000 4
persist 54741 3000 3
persist 66300 4000 4
persist 53648 3000 3
persist 72746 4000 4
persist 55897 3000 3
persist 53557 3000 3
persist 71830 4000 4
persist 57643 3000 3
persist 66291 4000 4
persist 56664 3000 3
persist 68763 4000 4
persist 54414 3000 3
persist 78875 4000 4
persist 53909 3000 3
persist 52508 3000 3
persist 68067 4000 4
persist 54678 3000 3
persist 70174 4000 4
persist 49382 3000 3
persist 50690 3000 3
persist 65169 4000 4
persist 53826 3000 3
persist 51368 3000 3
persist 65943 4000 4
persist 50656 3000 3
write base data version: 3800, memory: 654143488 bytes (623.84 MB)
persist 52106 3000 3
persist 74159 4000 4
persist 53054 3000 3
persist 48727 3000 3
persist 50265 3000 3
persist 65505 4000 4
persist 51096 3000 3
persist 52599 3000 3
persist 68381 4000 4
persist 51542 3000 3
persist 56997 3000 3
persist 74720 4000 4
persist 50749 3000 3
persist 51996 3000 3
persist 51776 3000 3
persist 74559 4000 4
persist 52077 3000 3
persist 49607 3000 3
persist 51347 3000 3
persist 72057 4000 4
persist 51258 3000 3
persist 50876 3000 3
persist 52079 3000 3
persist 72466 4000 4
persist 52289 3000 3
persist 58323 3000 3
persist 68833 4000 4
persist 52803 3000 3
persist 52040 3000 3
persist 53761 3000 3
persist 77551 4000 4
write base data version: 3900, memory: 815837184 bytes (778.04 MB)
persist 58321 3000 3
persist 50163 3000 3
persist 54240 3000 3
persist 52713 3000 3
persist 67791 4000 4
persist 52337 3000 3
persist 52159 3000 3
persist 54267 3000 3
persist 68127 4000 4
persist 54099 3000 3
persist 53450 3000 3
persist 75970 4000 4
persist 55338 3000 3
persist 56068 3000 3
persist 74925 4000 4
persist 58935 3000 3
persist 68148 4000 4
persist 54467 3000 3
persist 63774 4000 4
persist 51079 3000 3
persist 55188 3000 3
persist 51941 3000 3
persist 71093 4000 4
persist 83177 4000 4
persist 57993 3000 3
persist 72432 4000 4
persist 72447 4000 4
persist 50248 3000 3
persist 57703 3000 3
persist 66608 4000 4
write base data version: 4000, memory: 962457600 bytes (917.87 MB)
persist 52892 3000 3
persist 53107 3000 3
persist 66309 4000 4
persist 82473 3000 3
persist 84693 4000 4
persist 57718 3000 3
persist 58831 3000 3
persist 67813 4000 4
persist 54483 3000 3
persist 72905 4000 4
persist 50621 3000 3
persist 52195 3000 3
persist 66579 4000 4
persist 52772 3000 3
persist 68617 4000 4
persist 52296 3000 3
persist 52092 3000 3
persist 70960 4000 4
persist 89133 5000 5
persist 121802 7000 7
persist 162173 9000 9
persist 185555 10000 10
write base data version: 4100, memory: 587173888 bytes (559.97 MB)
persist 146592 8000 8
persist 155249 9000 9
persist 179752 10000 10
persist 155777 8000 8
persist 166856 9000 9
persist 172164 10000 10
persist 198814 11000 11
persist 126707 7000 7
persist 156690 9000 9
persist 172374 10000 10
persist 190915 11000 11
write base data version: 4200, memory: 728952832 bytes (695.18 MB)
persist 209375 11000 11
persist 141244 8000 8
persist 162135 9000 9
persist 129492 7000 7
persist 163494 9000 9
persist 172249 10000 10
persist 210281 11000 11
persist 144084 7000 7
persist 103532 5000 5
persist 87109 4000 4
persist 79079 4000 4
persist 125646 7000 7
persist 139952 8000 8
write base data version: 4300, memory: 870813696 bytes (830.47 MB)
persist 183953 10000 10
persist 152275 8000 8
persist 172821 9000 9
persist 107496 6000 6
persist 153895 8000 8
persist 117346 6000 6
persist 79631 4000 4
persist 78220 4000 4
persist 110149 6000 6
persist 138737 8000 8
persist 174500 10000 10
persist 192561 11000 11
persist 242992 11000 11
write base data version: 4400, memory: 502095872 bytes (478.84 MB)
persist 183374 10000 10
persist 204176 11000 11
persist 217995 12000 12
persist 222728 12000 12
persist 244899 13000 13
persist 244324 12000 12
persist 227761 12000 12
persist 232783 12000 12
write base data version: 4500, memory: 654233600 bytes (623.93 MB)
persist 257110 13000 13
persist 237801 13000 13
persist 239444 13000 13
persist 242030 13000 13
persist 242323 13000 13
persist 233293 13000 13
persist 225913 13000 13
write base data version: 4600, memory: 805453824 bytes (768.14 MB)
persist 225754 13000 13
persist 228184 13000 13
persist 215403 12000 12
persist 206083 11000 11
persist 222690 12000 12
persist 221275 12000 12
persist 218086 12000 12
persist 216310 12000 12
persist 228053 13000 13
write base data version: 4700, memory: 937852928 bytes (894.41 MB)
persist 257233 13000 13
persist 235719 12000 12
persist 210153 12000 12
persist 216329 12000 12
persist 211184 12000 12
persist 211867 12000 12
persist 115183 7000 7
persist 65172 4000 4
persist 76779 4000 4
persist 57717 3000 3
persist 88890 5000 5
persist 70272 4000 4
persist 66703 4000 4
persist 51292 3000 3
write base data version: 4800, memory: 576692224 bytes (549.98 MB)
persist 74632 4000 4
persist 51784 3000 3
persist 59644 3000 3
persist 67141 4000 4
persist 50656 3000 3
persist 50648 3000 3
persist 66113 4000 4
persist 52133 3000 3
persist 52493 3000 3
persist 67542 4000 4
persist 50562 3000 3
persist 52537 3000 3
persist 67171 4000 4
persist 51681 3000 3
persist 82427 4000 4
persist 53740 3000 3
persist 53614 3000 3
persist 75407 4000 4
persist 59850 3000 3
persist 59822 3000 3
persist 67853 4000 4
persist 56774 3000 3
persist 78136 4000 4
persist 49826 3000 3
persist 55374 3000 3
persist 50643 3000 3
persist 68612 4000 4
persist 50840 3000 3
persist 51314 3000 3
persist 68772 4000 4
write base data version: 4900, memory: 733626368 bytes (699.64 MB)
persist 52257 3000 3
persist 51899 3000 3
persist 51471 3000 3
persist 66639 4000 4
persist 52085 3000 3
persist 53166 3000 3
persist 70121 4000 4
persist 52355 3000 3
persist 50480 3000 3
persist 54066 3000 3
persist 69861 4000 4
persist 52475 3000 3
persist 53026 3000 3
persist 64068 3000 3
persist 70807 4000 4
persist 56120 3000 3
persist 57574 3000 3
persist 86395 4000 4
persist 57105 3000 3
persist 56916 3000 3
persist 53460 3000 3
persist 50686 3000 3
persist 65033 4000 4
persist 50412 3000 3
persist 50752 3000 3
persist 68346 4000 4
persist 51015 3000 3
persist 51761 3000 3
persist 72919 4000 4
persist 51564 3000 3
persist 49813 3000 3
write base data version: 5000, memory: 875900928 bytes (835.32 MB)
persist 52069 3000 3
persist 67398 4000 4
persist 52189 3000 3
persist 51386 3000 3
persist 65884 4000 4
persist 52706 3000 3
persist 52963 3000 3
persist 68083 4000 4
persist 54606 3000 3
persist 53008 3000 3
persist 66320 4000 4
persist 52699 3000 3
persist 52915 3000 3
persist 71468 4000 4
persist 54414 3000 3
persist 51780 3000 3
persist 53723 3000 3
persist 63530 4000 4
persist 52147 3000 3
persist 52494 3000 3
persist 73319 4000 4
persist 57542 3000 3
persist 88954 4000 4
persist 58732 3000 3
persist 52584 3000 3
persist 83545 4000 4
persist 53607 3000 3
persist 58355 3000 3
persist 68155 4000 4
persist 50352 3000 3
write base data version: 5100, memory: 1024040960 bytes (976.60 MB)
persist 112653 4000 4
persist 59017 3000 3
persist 72202 4000 4
persist 51889 3000 3
persist 54747 3000 3
persist 70267 4000 4
persist 54432 3000 3
persist 71322 4000 4
persist 52250 3000 3
persist 53563 3000 3
persist 72488 4000 4
persist 54320 3000 3
persist 49620 3000 3
persist 55706 3000 3
persist 72714 4000 4
persist 55936 3000 3
persist 54513 3000 3
persist 53974 3000 3
persist 69536 4000 4
persist 50828 3000 3
persist 76820 4000 4
persist 52805 3000 3
persist 54454 3000 3
persist 55532 3000 3
persist 66977 4000 4
persist 54372 3000 3
persist 51433 3000 3
persist 76484 4000 4
persist 54387 3000 3
persist 52413 3000 3
write base data version: 5200, memory: 667197440 bytes (636.29 MB)
persist 52648 3000 3
persist 68000 4000 4
persist 51490 3000 3
persist 54677 3000 3
persist 69554 4000 4
persist 53592 3000 3
persist 55439 3000 3
persist 72265 4000 4
persist 54320 3000 3
persist 51893 3000 3
persist 56650 3000 3
persist 75195 4000 4
persist 52542 3000 3
persist 49647 3000 3
persist 52463 3000 3
persist 75317 4000 4
persist 51455 3000 3
persist 49921 3000 3
persist 50869 3000 3
persist 66996 4000 4
persist 50808 3000 3
persist 48933 3000 3
persist 50952 3000 3
persist 77846 4000 4
persist 50326 3000 3
persist 50123 3000 3
persist 49573 3000 3
persist 54601 3000 3
persist 69115 4000 4
persist 52266 3000 3
persist 50933 3000 3
write base data version: 5300, memory: 807174144 bytes (769.78 MB)
persist 50377 3000 3
persist 67309 4000 4
persist 51461 3000 3
persist 51083 3000 3
persist 50956 3000 3
persist 73006 4000 4
persist 50023 3000 3
persist 50745 3000 3
persist 50806 3000 3
persist 50993 3000 3
persist 51426 3000 3
persist 66044 4000 4
persist 50943 3000 3
persist 68894 4000 4
persist 51147 3000 3
persist 52331 3000 3
persist 65096 4000 4
persist 50801 3000 3
persist 50294 3000 3
persist 64958 4000 4
persist 49922 3000 3
persist 51511 3000 3
persist 64662 4000 4
persist 51896 3000 3
persist 65033 4000 4
persist 53034 3000 3
persist 66411 4000 4
persist 50879 3000 3
persist 74288 4000 4
persist 50256 3000 3
write base data version: 5400, memory: 963223552 bytes (918.60 MB)
persist 51538 3000 3
persist 66454 4000 4
persist 52160 3000 3
persist 68460 4000 4
persist 51655 3000 3
persist 65920 4000 4
persist 51167 3000 3
persist 67835 4000 4
persist 52035 3000 3
persist 53089 3000 3
persist 51426 3000 3
persist 71559 4000 4
persist 54550 3000 3
persist 52443 3000 3
persist 52195 3000 3
persist 72540 4000 4
persist 51480 3000 3
persist 50544 3000 3
persist 53056 3000 3
persist 85986 4000 4
persist 50960 3000 3
persist 50297 3000 3
persist 52638 3000 3
persist 50368 3000 3
persist 52594 3000 3
persist 73579 4000 4
persist 59505 3000 3
persist 69221 4000 4
persist 55337 3000 3
persist 57390 3000 3
write base data version: 5500, memory: 584531968 bytes (557.45 MB)
persist 79094 4000 4
persist 60434 3000 3
persist 61616 3000 3
persist 88940 4000 4
persist 57368 3000 3
persist 59569 3000 3
persist 57492 3000 3
persist 55817 3000 3
persist 77364 4000 4
persist 56926 3000 3
persist 57037 3000 3
persist 85271 4000 4
persist 58378 3000 3
persist 56772 3000 3
persist 56351 3000 3
persist 83990 4000 4
persist 57397 3000 3
persist 55806 3000 3
persist 57517 3000 3
persist 76466 4000 4
persist 56669 3000 3
persist 57745 3000 3
persist 83862 4000 4
persist 56660 3000 3
persist 56070 3000 3
persist 58185 3000 3
persist 78937 4000 4
persist 57650 3000 3
persist 55320 3000 3
persist 55660 3000 3
write base data version: 5600, memory: 727306240 bytes (693.61 MB)
persist 82954 4000 4
persist 56748 3000 3
persist 53267 3000 3
persist 54647 3000 3
persist 54405 3000 3
persist 72091 4000 4
persist 53360 3000 3
persist 55224 3000 3
persist 68279 4000 4
persist 55109 3000 3
persist 79994 4000 4
persist 54248 3000 3
persist 54493 3000 3
persist 68639 4000 4
persist 53626 3000 3
persist 55507 3000 3
persist 67939 4000 4
persist 53463 3000 3
persist 54371 3000 3
persist 68191 4000 4
persist 53866 3000 3
persist 56692 3000 3
persist 68953 4000 4
persist 56370 3000 3
persist 76808 4000 4
persist 54953 3000 3
persist 54189 3000 3
persist 80621 4000 4
persist 57180 3000 3
persist 58151 3000 3
write base data version: 5700, memory: 869285888 bytes (829.02 MB)
persist 82238 4000 4
persist 56439 3000 3
persist 56148 3000 3
persist 74833 4000 4
persist 56147 3000 3
persist 57291 3000 3
persist 69906 4000 4
persist 54560 3000 3
persist 54744 3000 3
persist 79238 4000 4
persist 55629 3000 3
persist 53855 3000 3
persist 55179 3000 3
persist 68653 4000 4
persist 55407 3000 3
persist 56302 3000 3
persist 77721 4000 4
persist 55195 3000 3
persist 53446 3000 3
persist 55874 3000 3
persist 75016 4000 4
persist 55439 3000 3
persist 55331 3000 3
persist 55145 3000 3
persist 70512 4000 4
persist 57796 3000 3
persist 57843 3000 3
persist 78914 4000 4
persist 54880 3000 3
persist 55262 3000 3
persist 56793 3000 3
write base data version: 5800, memory: 1011064832 bytes (964.23 MB)
persist 54940 3000 3
persist 55178 3000 3
persist 59733 3000 3
persist 80696 4000 4
persist 57257 3000 3
persist 56622 3000 3
persist 56956 3000 3
persist 76542 4000 4
persist 53810 3000 3
persist 53352 3000 3
persist 58941 3000 3
persist 59123 3000 3
persist 56818 3000 3
persist 55776 3000 3
persist 56772 3000 3
persist 74838 4000 4
persist 55220 3000 3
persist 56154 3000 3
persist 56562 3000 3
persist 84372 4000 4
persist 56080 3000 3
persist 58001 3000 3
persist 54886 3000 3
persist 56854 3000 3
persist 86635 4000 4
persist 57736 3000 3
persist 58456 3000 3
persist 55921 3000 3
persist 54756 3000 3
persist 57644 3000 3
persist 84898 4000 4
write base data version: 5900, memory: 657526784 bytes (627.07 MB)
persist 56750 3000 3
persist 57161 3000 3
persist 81604 4000 4
persist 56875 3000 3
persist 57515 3000 3
persist 82382 4000 4
persist 57639 3000 3
persist 57153 3000 3
persist 69614 4000 4
persist 56913 3000 3
persist 86913 4000 4
persist 55692 3000 3
persist 56701 3000 3
persist 80454 4000 4
persist 57713 3000 3
persist 57258 3000 3
persist 85718 4000 4
persist 59029 3000 3
persist 59268 3000 3
persist 84467 4000 4
persist 56901 3000 3
persist 56917 3000 3
persist 56639 3000 3
persist 68354 4000 4
persist 55091 3000 3
persist 55767 3000 3
persist 82747 4000 4
persist 56389 3000 3
persist 55553 3000 3
persist 72914 4000 4
write base data version: 6000, memory: 799141888 bytes (762.12 MB)
persist 51723 3000 3
persist 51947 3000 3
persist 50968 3000 3
persist 53767 3000 3
persist 66346 4000 4
persist 50653 3000 3
persist 51671 3000 3
persist 52336 3000 3
persist 65615 4000 4
persist 52430 3000 3
persist 52558 3000 3
persist 53663 3000 3
persist 74962 4000 4
persist 54528 3000 3
persist 51535 3000 3
persist 52971 3000 3
persist 53196 3000 3
persist 68609 4000 4
persist 51220 3000 3
persist 53245 3000 3
persist 76590 4000 4
persist 53599 3000 3
persist 53572 3000 3
persist 51933 3000 3
persist 73358 4000 4
persist 57480 3000 3
persist 57052 3000 3
persist 58443 3000 3
persist 58617 3000 3
persist 56418 3000 3
persist 55609 3000 3
persist 53907 3000 3
write base data version: 6100, memory: 957681664 bytes (913.32 MB)
persist 56673 3000 3
persist 56397 3000 3
persist 56014 3000 3
persist 56616 3000 3
persist 56037 3000 3
persist 55503 3000 3
persist 55118 3000 3
persist 56529 3000 3
persist 62944 3000 3
persist 57295 3000 3
persist 56739 3000 3
persist 54226 3000 3
persist 56328 3000 3
persist 59083 3000 3
persist 57071 3000 3
persist 56834 3000 3
persist 55978 3000 3
persist 55348 3000 3
persist 52514 3000 3
persist 50425 3000 3
persist 49433 3000 3
persist 59490 3000 3
persist 58676 3000 3
persist 75047 4000 4
persist 55389 3000 3
persist 52534 3000 3
persist 56396 3000 3
persist 58106 3000 3
persist 73453 4000 4
persist 56732 3000 3
persist 54286 3000 3
persist 54289 3000 3
write base data version: 6200, memory: 1112268800 bytes (1060.74 MB)
persist 75306 4000 4
persist 51883 3000 3
persist 55228 2000 2
persist 53777 3000 3
persist 56876 3000 3
persist 54677 3000 3
persist 67494 4000 4
persist 52462 3000 3
persist 53626 3000 3
persist 68359 4000 4
persist 52367 3000 3
persist 52442 3000 3
persist 73064 4000 4
persist 52836 3000 3
persist 51421 3000 3
persist 52825 3000 3
persist 73741 4000 4
persist 53538 3000 3
persist 53584 3000 3
persist 89125 4000 4
persist 54253 3000 3
persist 52044 3000 3
persist 54672 3000 3
persist 74907 4000 4
persist 55526 3000 3
persist 59222 3000 3
persist 53571 3000 3
persist 68104 4000 4
persist 55200 3000 3
persist 52050 3000 3
persist 54391 3000 3
write base data version: 6300, memory: 736964608 bytes (702.82 MB)
persist 66833 4000 4
persist 53864 3000 3
persist 53035 3000 3
persist 53473 3000 3
persist 76030 4000 4
persist 53678 3000 3
persist 55530 3000 3
persist 56492 3000 3
persist 79829 4000 4
persist 53875 3000 3
persist 54636 3000 3
persist 54758 3000 3
persist 68629 4000 4
persist 50929 3000 3
persist 50123 3000 3
persist 49511 3000 3
persist 52047 3000 3
persist 69177 4000 4
persist 53841 3000 3
persist 50025 3000 3
persist 53688 3000 3
persist 74018 4000 4
persist 53172 3000 3
persist 48857 3000 3
persist 50937 3000 3
persist 73286 4000 4
persist 51364 3000 3
persist 51193 3000 3
persist 49057 3000 3
persist 51161 3000 3
persist 71163 4000 4
write base data version: 6400, memory: 878718976 bytes (838.01 MB)
persist 50772 3000 3
persist 51749 3000 3
persist 49148 3000 3
persist 51508 3000 3
persist 76839 4000 4
persist 52924 3000 3
persist 54237 3000 3
persist 51613 3000 3
persist 51927 3000 3
persist 76164 4000 4
persist 51881 3000 3
persist 51533 3000 3
persist 51589 3000 3
persist 53065 3000 3
persist 54401 3000 3
persist 72650 4000 4
persist 53038 3000 3
persist 53905 3000 3
persist 54104 3000 3
persist 73889 4000 4
persist 53290 3000 3
persist 53637 3000 3
persist 70758 4000 4
persist 52244 3000 3
persist 53363 3000 3
persist 68884 4000 4
persist 53053 3000 3
persist 52753 3000 3
persist 69095 4000 4
persist 51553 3000 3
persist 52292 3000 3
write base data version: 6500, memory: 1020588032 bytes (973.31 MB)
persist 69080 4000 4
persist 54651 3000 3
persist 76002 4000 4
persist 54756 3000 3
persist 53642 3000 3
persist 73936 4000 4
persist 49795 3000 3
persist 47675 3000 3
persist 50291 3000 3
persist 71995 4000 4
persist 58678 3000 3
persist 60135 3000 3
persist 57272 3000 3
persist 57123 3000 3
persist 46654 2000 2
persist 58437 3000 3
persist 55907 3000 3
persist 57466 3000 3
persist 58190 3000 3
persist 58536 3000 3
persist 57272 3000 3
persist 57326 3000 3
persist 102196 3000 3
persist 76591 4000 4
persist 59744 3000 3
persist 75442 4000 4
persist 60296 3000 3
persist 56750 3000 3
persist 57951 3000 3
persist 80299 4000 4
persist 58877 3000 3
write base data version: 6600, memory: 660185088 bytes (629.60 MB)
persist 59093 3000 3
persist 59365 3000 3
persist 90121 4000 4
persist 58988 3000 3
persist 56714 3000 3
persist 59608 3000 3
persist 54432 3000 3
persist 55941 3000 3
persist 57014 3000 3
persist 59855 3000 3
persist 76892 4000 4
persist 58387 3000 3
persist 58859 3000 3
persist 54150 3000 3
persist 57678 3000 3
persist 57938 3000 3
persist 59931 3000 3
persist 77894 4000 4
persist 57132 3000 3
persist 57348 3000 3
persist 55632 3000 3
persist 60111 3000 3
persist 58821 3000 3
persist 73990 4000 4
persist 52588 3000 3
persist 50025 3000 3
persist 51521 3000 3
persist 53358 3000 3
persist 74204 4000 4
persist 52645 3000 3
persist 53457 3000 3
persist 54200 3000 3
write base data version: 6700, memory: 803348480 bytes (766.13 MB)
persist 52197 3000 3
persist 54133 3000 3
persist 52356 3000 3
persist 74882 4000 4
persist 50478 3000 3
persist 51287 3000 3
persist 50375 3000 3
persist 48987 3000 3
persist 51209 3000 3
persist 51624 3000 3
persist 72367 4000 4
persist 51404 3000 3
persist 49315 3000 3
persist 51049 3000 3
persist 51480 3000 3
persist 66695 4000 4
persist 50866 3000 3
persist 50853 3000 3
persist 64861 4000 4
persist 49164 3000 3
persist 51468 3000 3
persist 71029 4000 4
persist 51037 3000 3
persist 50350 3000 3
persist 50858 3000 3
persist 68643 4000 4
persist 51835 3000 3
persist 51922 3000 3
persist 85180 4000 4
persist 58312 3000 3
persist 81295 4000 4
write base data version: 6800, memory: 959762432 bytes (915.30 MB)
persist 58282 3000 3
persist 80181 4000 4
persist 57442 3000 3
persist 70970 4000 4
persist 84783 4000 4
persist 57335 3000 3
persist 75325 4000 4
persist 57187 3000 3
persist 71312 4000 4
persist 57448 3000 3
persist 72344 4000 4
persist 58289 3000 3
persist 74220 4000 4
persist 72374 4000 4
persist 57289 3000 3
persist 71141 4000 4
persist 86066 4000 4
persist 57293 3000 3
persist 87832 4000 4
persist 58617 3000 3
persist 73061 4000 4
persist 58850 3000 3
persist 72505 4000 4
persist 58884 3000 3
persist 69564 4000 4
persist 56618 3000 3
persist 65927 4000 4
persist 53121 3000 3
write base data version: 6900, memory: 1107353600 bytes (1056.05 MB)
persist 65903 4000 4
persist 51384 3000 3
persist 52625 3000 3
persist 68973 4000 4
persist 50548 3000 3
persist 62784 4000 4
persist 47316 3000 3
persist 49101 3000 3
persist 68997 4000 4
persist 56276 3000 3
persist 68782 3000 3
persist 53481 3000 3
persist 56362 3000 3
persist 84586 4000 4
persist 56837 3000 3
persist 57008 3000 3
persist 56155 3000 3
persist 54745 3000 3
persist 55690 3000 3
persist 58351 3000 3
persist 75451 4000 4
persist 55917 3000 3
persist 55449 3000 3
persist 54961 3000 3
persist 55307 3000 3
persist 58912 3000 3
persist 56406 3000 3
persist 55785 3000 3
persist 79850 4000 4
persist 59253 3000 3
persist 59743 3000 3
write base data version: 7000, memory: 749486080 bytes (714.77 MB)
persist 60099 3000 3
persist 58463 3000 3
persist 58937 3000 3
persist 90565 4000 4
persist 60031 3000 3
persist 58740 3000 3
persist 88792 4000 4
persist 59251 3000 3
persist 59597 3000 3
persist 80840 4000 4
persist 59018 3000 3
persist 59563 3000 3
persist 78995 4000 4
persist 57943 3000 3
persist 58668 3000 3
persist 60903 3000 3
persist 74364 4000 4
persist 59199 3000 3
persist 59972 3000 3
persist 71111 4000 4
persist 57795 3000 3
persist 55956 3000 3
persist 57966 3000 3
persist 68869 4000 4
persist 50629 3000 3
persist 48785 3000 3
persist 49480 3000 3
persist 74433 4000 4
persist 56143 3000 3
persist 54846 3000 3
write base data version: 7100, memory: 892919808 bytes (851.55 MB)
persist 55829 3000 3
persist 70601 4000 4
persist 55298 3000 3
persist 56845 3000 3
persist 72185 4000 4
persist 57691 3000 3
persist 56908 3000 3
persist 81414 4000 4
persist 55535 3000 3
persist 52951 3000 3
persist 48470 3000 3
persist 63966 4000 4
persist 48681 3000 3
persist 49277 3000 3
persist 62642 4000 4
persist 49310 3000 3
persist 63096 4000 4
persist 49917 3000 3
persist 49432 3000 3
persist 62979 4000 4
persist 50560 3000 3
persist 68579 4000 4
persist 50217 3000 3
persist 49582 3000 3
persist 63327 4000 4
persist 49900 3000 3
persist 50864 3000 3
persist 62311 4000 4
persist 48459 3000 3
persist 50264 3000 3
write base data version: 7200, memory: 1034674176 bytes (986.74 MB)
persist 63845 4000 4
persist 50307 3000 3
persist 66240 4000 4
persist 50354 3000 3
persist 49706 3000 3
persist 64783 4000 4
persist 51587 3000 3
persist 50990 3000 3
persist 63505 4000 4
persist 48308 3000 3
persist 53021 3000 3
persist 65518 4000 4
persist 50440 3000 3
persist 52979 3000 3
persist 66419 4000 4
persist 53742 3000 3
persist 50373 3000 3
persist 56916 3000 3
persist 74604 4000 4
persist 57446 3000 3
persist 57165 3000 3
persist 55931 3000 3
persist 62460 3000 3
persist 56849 3000 3
persist 49390 3000 3
persist 52821 3000 3
persist 50971 3000 3
persist 69593 4000 4
persist 51401 3000 3
persist 50250 3000 3
persist 50939 3000 3
write base data version: 7300, memory: 663674880 bytes (632.93 MB)
persist 52746 3000 3
persist 53987 3000 3
persist 50205 3000 3
persist 53909 3000 3
persist 67892 4000 4
persist 54451 3000 3
persist 55191 3000 3
persist 69056 4000 4
persist 53387 3000 3
persist 52292 3000 3
persist 56030 3000 3
persist 64374 4000 4
persist 53931 3000 3
persist 53587 3000 3
persist 55296 3000 3
persist 54328 3000 3
persist 75232 4000 4
persist 56604 3000 3
persist 49254 3000 3
persist 55682 3000 3
persist 75571 4000 4
persist 54715 3000 3
persist 54885 3000 3
persist 52587 3000 3
persist 54288 3000 3
persist 65344 4000 4
persist 55561 3000 3
persist 50766 3000 3
persist 54116 3000 3
persist 70370 4000 4
persist 51969 3000 3
write base data version: 7400, memory: 824209408 bytes (786.03 MB)
persist 51014 3000 3
persist 50117 3000 3
persist 50446 3000 3
persist 71849 4000 4
persist 52454 3000 3
persist 52156 3000 3
persist 79673 4000 4
persist 54589 3000 3
persist 54989 3000 3
persist 55576 3000 3
persist 54366 3000 3
persist 68085 4000 4
persist 48305 3000 3
persist 49259 3000 3
persist 48564 3000 3
persist 34608 3000 3
persist 30802 3000 3
persist 27006 3000 3
persist 29186 3000 3
persist 25959 2000 2
persist 24689 3000 3
persist 30993 2000 2
persist 27853 3000 3
persist 27793 2000 2
persist 26860 3000 3
persist 26298 3000 3
persist 35308 3000 3
persist 25567 2000 2
persist 24572 3000 3
persist 32301 3000 3
persist 26378 2000 2
persist 24718 3000 3
persist 27816 3000 3
persist 26087 2000 2
persist 26222 3000 3
write base data version: 7500, memory: 981463040 bytes (936.00 MB)
persist 28034 3000 3
persist 24948 2000 2
persist 27851 3000 3
persist 25567 3000 3
persist 24681 2000 2
persist 29697 3000 3
persist 27299 3000 3
persist 26067 2000 2
persist 31722 3000 3
persist 26411 3000 3
persist 33998 3000 3
persist 26827 2000 2
persist 25021 3000 3
persist 34664 3000 3
persist 26656 2000 2
persist 25088 3000 3
persist 30857 3000 3
persist 26021 2000 2
persist 25995 3000 3
persist 31975 3000 3
persist 26575 2000 2
persist 27421 3000 3
persist 29960 3000 3
persist 26411 2000 2
persist 25780 3000 3
persist 33488 3000 3
persist 26048 2000 2
persist 25770 3000 3
persist 25647 3000 3
persist 30593 3000 3
persist 24970 2000 2
persist 24837 3000 3
persist 25076 3000 3
persist 32161 3000 3
persist 24522 2000 2
persist 25403 3000 3
persist 26054 3000 3
write base data version: 7600, memory: 1123012608 bytes (1070.99 MB)
persist 29472 3000 3
persist 25827 2000 2
persist 35687 3000 3
persist 25557 3000 3
persist 25437 3000 3
persist 26550 3000 3
persist 24032 2000 2
persist 27600 3000 3
persist 25466 3000 3
persist 24886 3000 3
persist 25274 2000 2
persist 33904 3000 3
persist 52612 3000 3
persist 62624 3000 3
persist 62061 3000 3
persist 55963 3000 3
persist 52376 3000 3
persist 50545 3000 3
persist 48540 3000 3
persist 50990 3000 3
persist 73166 4000 4
persist 51178 3000 3
persist 87369 3000 3
persist 50444 3000 3
persist 50611 3000 3
persist 68215 4000 4
persist 51169 3000 3
persist 50988 3000 3
persist 54305 3000 3
persist 71620 4000 4
persist 53859 3000 3
persist 51403 3000 3
persist 51822 3000 3
write base data version: 7700, memory: 747036672 bytes (712.43 MB)
persist 66139 4000 4
persist 51398 3000 3
persist 48108 3000 3
persist 50587 3000 3
persist 67095 4000 4
persist 51003 3000 3
persist 50253 3000 3
persist 49699 3000 3
persist 73065 4000 4
persist 49839 3000 3
persist 50777 3000 3
persist 49837 3000 3
persist 51604 3000 3
persist 72044 4000 4
persist 52474 3000 3
persist 49543 3000 3
persist 51323 3000 3
persist 54136 3000 3
persist 65174 4000 4
persist 51192 3000 3
persist 49957 3000 3
persist 51933 3000 3
persist 71143 4000 4
persist 52352 3000 3
persist 51981 3000 3
persist 51992 3000 3
persist 53684 3000 3
persist 77323 4000 4
persist 54146 3000 3
persist 53840 3000 3
persist 52853 3000 3
write base data version: 7800, memory: 889077760 bytes (847.89 MB)
persist 50417 3000 3
persist 50703 3000 3
persist 65718 4000 4
persist 51883 3000 3
persist 50202 3000 3
persist 53695 3000 3
persist 79254 4000 4
persist 53690 3000 3
persist 53919 3000 3
persist 53010 3000 3
persist 53783 3000 3
persist 53491 3000 3
persist 73164 4000 4
persist 52588 3000 3
persist 54862 3000 3
persist 49801 3000 3
persist 52956 3000 3
persist 68764 4000 4
persist 52756 3000 3
persist 53686 3000 3
persist 73771 4000 4
persist 55918 3000 3
persist 54258 3000 3
persist 53951 3000 3
persist 77062 4000 4
persist 53670 3000 3
persist 55460 3000 3
persist 56380 3000 3
persist 69970 4000 4
persist 55775 3000 3
persist 74704 4000 4
write base data version: 7900, memory: 1030897664 bytes (983.14 MB)
persist 55059 3000 3
persist 57695 3000 3
persist 68292 4000 4
persist 52141 3000 3
persist 53594 3000 3
persist 66989 4000 4
persist 51116 3000 3
persist 53210 3000 3
persist 68651 4000 4
persist 52318 3000 3
persist 54079 3000 3
persist 68516 4000 4
persist 55002 3000 3
persist 52837 3000 3
persist 68518 4000 4
persist 54851 3000 3
persist 51970 3000 3
persist 66822 4000 4
persist 51178 3000 3
persist 52447 3000 3
persist 76066 4000 4
persist 50855 3000 3
persist 51773 3000 3
persist 51982 3000 3
persist 73590 4000 4
persist 50622 3000 3
persist 50131 3000 3
persist 61130 3000 3
persist 58459 3000 3
persist 61004 3000 3
write base data version: 8000, memory: 1172926464 bytes (1118.59 MB)
persist 60616 3000 3
persist 56924 3000 3
persist 60486 3000 3
persist 61791 3000 3
persist 45834 2000 2
persist 55588 3000 3
persist 54914 3000 3
persist 55457 3000 3
persist 53356 3000 3
persist 55134 3000 3
persist 57323 3000 3
persist 109764 4000 4
persist 53118 3000 3
persist 52260 3000 3
persist 52714 3000 3
persist 53243 3000 3
persist 53813 3000 3
persist 70289 4000 4
persist 54286 3000 3
persist 54716 3000 3
persist 54606 3000 3
persist 55299 3000 3
persist 75317 4000 4
persist 58674 3000 3
persist 57716 3000 3
persist 54390 3000 3
persist 46648 3000 3
persist 42672 3000 3
persist 45668 3000 3
persist 45552 3000 3
persist 46667 3000 3
persist 44498 3000 3
persist 39957 3000 3
write base data version: 8100, memory: 810614784 bytes (773.06 MB)
persist 44444 3000 3
persist 34604 2000 2
persist 44765 3000 3
persist 49117 3000 3
persist 43786 3000 3
persist 47924 3000 3
persist 43356 3000 3
persist 49545 3000 3
persist 45280 3000 3
persist 42719 3000 3
persist 38923 3000 3
persist 37477 3000 3
persist 44255 3000 3
persist 44379 3000 3
persist 45626 3000 3
persist 50255 3000 3
persist 50070 3000 3
persist 71215 4000 4
persist 51869 3000 3
persist 44170 3000 3
persist 45156 3000 3
persist 46365 3000 3
persist 55904 4000 4
persist 44113 3000 3
persist 43564 3000 3
persist 49475 3000 3
persist 49606 3000 3
persist 49659 3000 3
persist 65283 4000 4
persist 69965 3000 3
persist 67736 4000 4
persist 56224 3000 3
write base data version: 8200, memory: 971505664 bytes (926.50 MB)
persist 73025 4000 4
persist 51937 3000 3
persist 78383 4000 4
persist 57092 3000 3
persist 54888 3000 3
persist 59276 3000 3
persist 70655 4000 4
persist 55963 3000 3
persist 56841 3000 3
persist 79926 4000 4
persist 55533 3000 3
persist 49601 3000 3
persist 52571 3000 3
persist 78140 4000 4
persist 53763 3000 3
persist 54820 3000 3
persist 50894 3000 3
persist 53392 3000 3
persist 71263 4000 4
persist 52180 3000 3
persist 53394 3000 3
persist 50118 3000 3
persist 51387 3000 3
persist 53050 3000 3
persist 52860 3000 3
persist 65524 4000 4
persist 53547 3000 3
persist 52897 3000 3
persist 52559 3000 3
persist 51540 3000 3
persist 72797 4000 4
write base data version: 8300, memory: 1120976896 bytes (1069.05 MB)
persist 53422 3000 3
persist 52472 3000 3
persist 51326 3000 3
persist 51862 3000 3
persist 52076 3000 3
persist 53756 3000 3
persist 73525 4000 4
persist 53018 3000 3
persist 55938 3000 3
persist 53543 3000 3
persist 55246 3000 3
persist 53540 3000 3
persist 53806 3000 3
persist 52486 3000 3
persist 55629 3000 3
persist 73241 4000 4
persist 47400 3000 3
persist 59225 3000 3
persist 47345 3000 3
persist 55233 3000 3
persist 39595 2000 2
persist 54107 3000 3
persist 54933 3000 3
persist 62790 3000 3
persist 66824 3000 3
persist 43395 2000 2
persist 60196 3000 3
persist 53187 3000 3
persist 59433 3000 3
persist 60498 3000 3
persist 54024 3000 3
persist 54190 3000 3
persist 53127 3000 3
write base data version: 8400, memory: 1263513600 bytes (1204.98 MB)
persist 52876 3000 3
persist 78659 3000 3
persist 72334 4000 4
persist 54764 3000 3
persist 55280 3000 3
persist 53046 3000 3
persist 53429 3000 3
persist 68620 4000 4
persist 53528 3000 3
persist 56518 3000 3
persist 52473 3000 3
persist 67294 4000 4
persist 51656 3000 3
persist 61355 3000 3
persist 72660 4000 4
persist 59662 3000 3
persist 79566 4000 4
persist 60425 3000 3
persist 83864 4000 4
persist 60990 3000 3
persist 88603 4000 4
persist 61253 3000 3
persist 60763 3000 3
persist 68245 4000 4
persist 53304 3000 3
persist 55501 3000 3
persist 75510 4000 4
persist 52809 3000 3
persist 54013 3000 3
persist 52889 3000 3
write base data version: 8500, memory: 895463424 bytes (853.98 MB)
persist 67412 4000 4
persist 54860 3000 3
persist 78824 4000 4
persist 54644 3000 3
persist 55736 3000 3
persist 56042 3000 3
persist 71222 4000 4
persist 56741 3000 3
persist 42027 3000 3
persist 54168 4000 4
persist 38830 3000 3
persist 37865 3000 3
persist 40953 3000 3
persist 37381 3000 3
persist 38573 3000 3
persist 38255 3000 3
persist 37310 3000 3
persist 37860 3000 3
persist 40055 3000 3
persist 53613 4000 4
persist 52753 3000 3
persist 52446 3000 3
persist 51763 3000 3
persist 52895 3000 3
persist 69759 4000 4
persist 51664 3000 3
persist 53256 3000 3
persist 52416 3000 3
persist 74578 4000 4
persist 49595 3000 3
persist 50894 3000 3
write base data version: 8600, memory: 1046265856 bytes (997.80 MB)
persist 51958 3000 3
persist 66623 4000 4
persist 47689 3000 3
persist 72634 4000 4
persist 49869 3000 3
persist 49326 3000 3
persist 49436 3000 3
persist 65425 4000 4
persist 50128 3000 3
persist 69242 4000 4
persist 50981 3000 3
persist 50913 3000 3
persist 51815 3000 3
persist 66272 4000 4
persist 51816 3000 3
persist 51721 3000 3
persist 52274 3000 3
persist 65421 4000 4
persist 49549 3000 3
persist 50027 3000 3
persist 62864 4000 4
persist 49230 3000 3
persist 51037 3000 3
persist 64487 4000 4
persist 50866 3000 3
persist 50903 3000 3
persist 68829 4000 4
persist 50259 3000 3
persist 50471 3000 3
persist 65792 4000 4
write base data version: 8700, memory: 1188245504 bytes (1133.20 MB)
persist 50671 3000 3
persist 67599 4000 4
persist 51818 3000 3
persist 66203 4000 4
persist 50254 3000 3
persist 49483 3000 3
persist 65300 4000 4
persist 51267 3000 3
persist 50233 3000 3
persist 71058 4000 4
persist 52295 3000 3
persist 52470 3000 3
persist 52968 3000 3
persist 76030 4000 4
persist 56548 3000 3
persist 55181 3000 3
persist 56068 3000 3
persist 70546 4000 4
persist 58440 3000 3
persist 86987 4000 4
persist 60267 3000 3
persist 58153 3000 3
persist 72056 4000 4
persist 59779 3000 3
persist 73360 4000 4
persist 83918 4000 4
persist 59438 3000 3
persist 59512 3000 3
persist 73276 4000 4
persist 59431 3000 3
write base data version: 8800, memory: 821841920 bytes (783.77 MB)
persist 74499 4000 4
persist 61273 3000 3
persist 74187 4000 4
persist 59552 3000 3
persist 60091 3000 3
persist 53935 3000 3
persist 70117 4000 4
persist 54061 3000 3
persist 52563 3000 3
persist 54070 3000 3
persist 68171 4000 4
persist 53491 3000 3
persist 54102 3000 3
persist 55770 3000 3
persist 72797 4000 4
persist 53317 3000 3
persist 53658 3000 3
persist 55017 3000 3
persist 79089 4000 4
persist 52530 3000 3
persist 53290 3000 3
persist 50954 3000 3
persist 53332 3000 3
persist 78584 4000 4
persist 55063 3000 3
persist 54882 3000 3
persist 52999 3000 3
persist 55517 3000 3
persist 77293 4000 4
persist 56557 3000 3
persist 50767 3000 3
write base data version: 8900, memory: 982757376 bytes (937.23 MB)
persist 49945 3000 3
persist 50382 3000 3
persist 50602 3000 3
persist 51849 3000 3
persist 62555 4000 4
persist 48192 3000 3
persist 49501 3000 3
persist 64410 4000 4
persist 50597 3000 3
persist 51691 3000 3
persist 71053 4000 4
persist 49618 3000 3
persist 50459 3000 3
persist 51240 3000 3
persist 50955 3000 3
persist 73304 4000 4
persist 50886 3000 3
persist 48774 3000 3
persist 48742 3000 3
persist 63226 4000 4
persist 49373 3000 3
persist 48718 3000 3
persist 48873 3000 3
persist 62134 4000 4
persist 49827 3000 3
persist 63626 4000 4
persist 49649 3000 3
persist 62914 4000 4
persist 50829 3000 3
persist 66765 4000 4
write base data version: 9000, memory: 1124691968 bytes (1072.59 MB)
persist 50830 3000 3
persist 65399 4000 4
persist 50914 3000 3
persist 52945 3000 3
persist 67750 4000 4
persist 51300 3000 3
persist 54450 3000 3
persist 75160 4000 4
persist 52473 3000 3
persist 52312 3000 3
persist 54390 3000 3
persist 70457 4000 4
persist 53040 3000 3
persist 52620 3000 3
persist 52177 3000 3
persist 53096 3000 3
persist 53304 3000 3
persist 72369 4000 4
persist 54750 3000 3
persist 53814 3000 3
persist 54590 3000 3
persist 55563 3000 3
persist 71444 4000 4
persist 54332 3000 3
persist 53791 3000 3
persist 48588 3000 3
persist 50861 3000 3
persist 53504 3000 3
persist 71713 4000 4
persist 53295 3000 3
persist 52728 3000 3
write base data version: 9100, memory: 1266601984 bytes (1207.93 MB)
persist 54004 3000 3
persist 52814 3000 3
persist 51457 3000 3
persist 53038 3000 3
persist 76648 4000 4
persist 51569 3000 3
persist 52799 3000 3
persist 50525 3000 3
persist 50977 3000 3
persist 49891 3000 3
persist 48619 3000 3
persist 49500 3000 3
persist 64548 4000 4
persist 50319 3000 3
persist 50083 3000 3
persist 64315 4000 4
persist 47414 3000 3
persist 48774 3000 3
persist 63323 4000 4
persist 48672 3000 3
persist 53162 3000 3
persist 51198 3000 3
persist 66104 4000 4
persist 52045 3000 3
persist 51227 3000 3
persist 52500 3000 3
persist 71390 4000 4
persist 53444 3000 3
persist 53552 3000 3
persist 52635 3000 3
persist 51792 3000 3
write base data version: 9200, memory: 891822080 bytes (850.51 MB)
persist 52857 3000 3
persist 69101 4000 4
persist 51811 3000 3
persist 51444 3000 3
persist 52019 3000 3
persist 53303 3000 3
persist 52176 3000 3
persist 64841 4000 4
persist 51908 3000 3
persist 51281 3000 3
persist 52401 3000 3
persist 52918 3000 3
persist 65973 4000 4
persist 53140 3000 3
persist 51603 3000 3
persist 54412 3000 3
persist 54108 3000 3
persist 70333 4000 4
persist 55403 3000 3
persist 76864 4000 4
persist 50661 3000 3
persist 50805 3000 3
persist 73920 4000 4
persist 52066 3000 3
persist 51676 3000 3
persist 50432 3000 3
persist 66549 4000 4
persist 51799 3000 3
persist 52908 3000 3
persist 70647 4000 4
persist 51156 3000 3
write base data version: 9300, memory: 1033334784 bytes (985.46 MB)
persist 49694 3000 3
persist 52219 3000 3
persist 69426 4000 4
persist 52545 3000 3
persist 51830 3000 3
persist 67510 4000 4
persist 52299 3000 3
persist 51997 3000 3
persist 75387 4000 4
persist 51647 3000 3
persist 51999 3000 3
persist 52881 3000 3
persist 75225 4000 4
persist 54727 3000 3
persist 54042 3000 3
persist 54043 3000 3
persist 73037 4000 4
persist 52729 3000 3
persist 51756 3000 3
persist 53370 3000 3
persist 67110 4000 4
persist 53936 3000 3
persist 52879 3000 3
persist 54975 3000 3
persist 65808 4000 4
persist 52506 3000 3
persist 51622 3000 3
persist 52980 3000 3
persist 69509 4000 4
persist 55217 3000 3
persist 55630 3000 3
write base data version: 9400, memory: 1175224320 bytes (1120.78 MB)
persist 53667 3000 3
persist 69662 4000 4
persist 51931 3000 3
persist 51349 3000 3
persist 51873 3000 3
persist 52501 3000 3
persist 52921 3000 3
persist 71642 4000 4
persist 52605 3000 3
persist 52715 3000 3
persist 51535 3000 3
persist 54537 3000 3
persist 67067 4000 4
persist 53914 3000 3
persist 49564 3000 3
persist 49652 3000 3
persist 51851 3000 3
persist 75568 4000 4
persist 54931 3000 3
persist 57130 3000 3
persist 57266 3000 3
persist 57750 3000 3
persist 76103 4000 4
persist 55789 3000 3
persist 85043 4000 4
persist 57660 3000 3
persist 53174 3000 3
persist 78613 3000 3
persist 56114 3000 3
persist 54244 3000 3
persist 52346 3000 3
write base data version: 9500, memory: 803713024 bytes (766.48 MB)
persist 54874 3000 3
persist 76728 4000 4
persist 54589 3000 3
persist 54123 3000 3
persist 53334 3000 3
persist 54522 3000 3
persist 51482 3000 3
persist 53716 3000 3
persist 54904 3000 3
persist 65932 4000 4
persist 53299 3000 3
persist 53540 3000 3
persist 54406 3000 3
persist 54776 3000 3
persist 69834 4000 4
persist 55582 3000 3
persist 53294 3000 3
persist 55224 3000 3
persist 69103 4000 4
persist 51960 3000 3
persist 53369 3000 3
persist 67595 4000 4
persist 54738 3000 3
persist 52640 3000 3
persist 74055 4000 4
persist 50095 3000 3
persist 48723 3000 3
persist 76773 4000 4
persist 50414 3000 3
persist 49538 3000 3
persist 66145 4000 4
write base data version: 9600, memory: 962076672 bytes (917.51 MB)
persist 50537 3000 3
persist 51075 3000 3
persist 64871 4000 4
persist 48642 3000 3
persist 74575 4000 4
persist 51658 3000 3
persist 51145 3000 3
persist 68488 4000 4
persist 48495 3000 3
persist 48583 3000 3
persist 63027 4000 4
persist 50803 3000 3
persist 52122 3000 3
persist 74024 4000 4
persist 51221 3000 3
persist 52896 3000 3
persist 53514 3000 3
persist 52092 3000 3
persist 78396 4000 4
persist 53588 3000 3
persist 54237 3000 3
persist 50798 3000 3
persist 52663 3000 3
persist 54075 3000 3
persist 67897 4000 4
persist 51841 3000 3
persist 48649 3000 3
persist 51529 3000 3
persist 75387 4000 4
persist 56157 3000 3
persist 53079 3000 3
write base data version: 9700, memory: 1116401664 bytes (1064.68 MB)
persist 51991 3000 3
persist 51037 3000 3
persist 52257 3000 3
persist 52115 3000 3
persist 52146 3000 3
persist 67006 4000 4
persist 53965 3000 3
persist 55926 3000 3
persist 49624 3000 3
persist 51889 3000 3
persist 63481 4000 4
persist 50254 3000 3
persist 50113 3000 3
persist 51032 3000 3
persist 50871 3000 3
persist 72166 4000 4
persist 52029 3000 3
persist 51759 3000 3
persist 52420 3000 3
persist 51194 3000 3
persist 52727 3000 3
persist 74810 4000 4
persist 52563 3000 3
persist 52005 3000 3
persist 52813 3000 3
persist 52389 3000 3
persist 53215 3000 3
persist 52154 3000 3
persist 53459 3000 3
persist 54639 3000 3
persist 79911 4000 4
write base data version: 9800, memory: 1271779328 bytes (1212.86 MB)
persist 55419 3000 3
persist 53571 3000 3
persist 52744 3000 3
persist 54207 3000 3
persist 55684 3000 3
persist 50658 3000 3
persist 74041 4000 4
persist 51890 3000 3
persist 51720 3000 3
persist 50992 3000 3
persist 58552 3000 3
persist 52541 3000 3
persist 57174 3000 3
persist 88172 4000 4
persist 59637 3000 3
persist 58092 3000 3
persist 52150 3000 3
persist 74435 4000 4
persist 38222 2000 2
persist 54173 3000 3
persist 51645 3000 3
persist 52802 3000 3
persist 67741 4000 4
persist 52325 3000 3
persist 52584 3000 3
persist 51865 3000 3
persist 75453 4000 4
persist 52843 3000 3
persist 52653 3000 3
persist 53311 3000 3
persist 53931 3000 3
persist 68197 4000 4
write base data version: 9900, memory: 905170944 bytes (863.24 MB)
persist 53816 3000 3
persist 51650 3000 3
persist 53301 3000 3
persist 71654 4000 4
persist 53402 3000 3
persist 52678 3000 3
persist 51597 3000 3
persist 54090 3000 3
persist 75825 4000 4
persist 53307 3000 3
persist 52124 3000 3
persist 50130 3000 3
persist 51854 3000 3
persist 73700 4000 4
persist 51872 3000 3
persist 56519 3000 3
persist 51582 3000 3
persist 49051 3000 3
persist 52605 3000 3
persist 74922 4000 4
persist 53091 3000 3
persist 58793 3000 3
persist 59286 3000 3
persist 59841 3000 3
persist 60678 3000 3
persist 91397 4000 4
persist 61324 3000 3
persist 61401 3000 3
persist 61431 3000 3
persist 57381 3000 3
persist 81440 4000 4
write base data version: 10000, memory: 1058713600 bytes (1009.67 MB)
persist 58222 3000 3
persist 58213 3000 3
tip block: 2838persist 13714 1000 1
----2839
Test Results: 
  Total Disk Usage: 18547.66 MB
  Average Per Record: 1944.86 bytes
[test batch write] generate key value
[test batch write] write data
persist 154867 10000 1
[test batch write] flush
tip block: 2840----2840
  Write Throughput: 11758.50 records/sec
  Read Throughput:  39156.65 records/sec
  Current Memory:   1224.48 MB
  Peak Memory:      1288.17 MB
  Memory Per Record: 128.40 bytes

========== Testing at data scale: 100,000,000 ==========
Writing 90000000 incremental records (keys: 10000001-100000000, total: 100000000)
persist 42851 2000 2
persist 58843 3000 3
persist 59714 3000 3
persist 52399 3000 3
persist 53808 3000 3
persist 51414 3000 3
persist 53114 3000 3
persist 52969 3000 3
persist 51250 3000 3
persist 52311 3000 3
persist 53757 3000 3
persist 75342 4000 4
persist 53319 3000 3
persist 53934 3000 3
persist 54934 3000 3
persist 53593 3000 3
persist 53520 3000 3
persist 54458 3000 3
persist 66274 4000 4
persist 52008 3000 3
persist 52264 3000 3
persist 48080 3000 3
persist 51889 3000 3
persist 65838 4000 4
persist 49890 3000 3
persist 50912 3000 3
persist 72654 4000 4
persist 49170 3000 3
persist 49390 3000 3
persist 72425 4000 4
write base data version: 10100, memory: 1419882496 bytes (1354.11 MB)
persist 50794 3000 3
persist 50884 3000 3
persist 65590 4000 4
persist 52954 3000 3
persist 66479 4000 4
persist 52920 3000 3
persist 67969 4000 4
persist 48354 3000 3
persist 50102 3000 3
persist 66839 4000 4
persist 50604 3000 3
persist 55393 3000 3
persist 55856 3000 3
persist 58099 3000 3
persist 57843 3000 3
persist 57152 3000 3
persist 76004 4000 4
persist 58248 3000 3
persist 53901 3000 3
persist 53563 3000 3
persist 69065 3000 3
persist 53849 3000 3
persist 76741 4000 4
persist 49121 3000 3
persist 50976 3000 3
persist 67810 4000 4
persist 50193 3000 3
persist 52376 3000 3
persist 68463 4000 4
persist 51514 3000 3
write base data version: 10200, memory: 1056849920 bytes (1007.89 MB)
persist 50249 3000 3
persist 52339 3000 3
persist 71252 4000 4
persist 52657 3000 3
persist 53613 3000 3
persist 52861 3000 3
persist 53358 3000 3
persist 51227 3000 3
persist 54017 3000 3
persist 69326 4000 4
persist 50229 3000 3
persist 47888 3000 3
persist 52405 3000 3
persist 66199 4000 4
persist 54064 3000 3
persist 50579 3000 3
persist 71220 4000 4
persist 51771 3000 3
persist 52321 3000 3
persist 52496 3000 3
persist 70436 4000 4
persist 53864 3000 3
persist 49693 3000 3
persist 53005 3000 3
persist 73275 4000 4
persist 53323 3000 3
persist 53601 3000 3
persist 53090 3000 3
persist 54695 3000 3
persist 75673 4000 4
persist 54378 3000 3
write base data version: 10300, memory: 1216155648 bytes (1159.82 MB)
persist 53694 3000 3
persist 53712 3000 3
persist 60463 4000 4
persist 44630 3000 3
persist 46291 3000 3
persist 60103 4000 4
persist 45552 3000 3
persist 45641 3000 3
persist 59840 4000 4
persist 46710 3000 3
persist 63946 4000 4
persist 47512 3000 3
persist 46323 3000 3
persist 46584 3000 3
persist 60331 4000 4
persist 46226 3000 3
persist 63206 4000 4
persist 46795 3000 3
persist 45796 3000 3
persist 58444 4000 4
persist 45196 3000 3
persist 57929 4000 4
persist 60109 4000 4
persist 44749 3000 3
persist 60280 4000 4
persist 35569 3000 3
persist 34693 3000 3
persist 46357 3000 3
persist 52944 3000 3
persist 55451 3000 3
write base data version: 10400, memory: 1362530304 bytes (1299.41 MB)
persist 59827 3000 3
persist 59437 3000 3
persist 82277 4000 4
persist 60271 3000 3
persist 59840 3000 3
persist 59651 3000 3
persist 60553 3000 3
persist 85554 4000 4
persist 58420 3000 3
persist 60832 3000 3
persist 61408 3000 3
persist 75799 4000 4
persist 59464 3000 3
persist 76933 4000 4
persist 61606 3000 3
persist 75904 4000 4
persist 61163 3000 3
persist 84398 4000 4
persist 59060 3000 3
persist 59266 3000 3
persist 74944 4000 4
persist 62584 3000 3
persist 77228 4000 4
persist 61509 3000 3
persist 88282 4000 4
persist 58453 3000 3
persist 58573 3000 3
persist 50713 3000 3
persist 51323 3000 3
persist 71263 4000 4
write base data version: 10500, memory: 1514074112 bytes (1443.93 MB)
persist 51248 3000 3
persist 58120 3000 3
persist 52044 3000 3
persist 50205 3000 3
persist 49118 3000 3
persist 57969 3000 3
persist 43204 2000 2
persist 53448 3000 3
persist 50210 3000 3
persist 50509 3000 3
persist 51457 3000 3
persist 53484 3000 3
persist 53305 3000 3
persist 81243 3000 3
persist 74868 4000 4
persist 51647 3000 3
persist 54742 3000 3
persist 59006 3000 3
persist 59881 3000 3
persist 59675 3000 3
persist 59886 3000 3
persist 88403 4000 4
persist 48419 3000 3
persist 64633 3000 3
persist 60372 3000 3
persist 60537 3000 3
persist 54165 3000 3
persist 49889 3000 3
persist 50291 3000 3
persist 73034 4000 4
persist 50342 3000 3
persist 48925 3000 3
persist 51510 3000 3
write base data version: 10600, memory: 1124528128 bytes (1072.43 MB)
persist 73579 4000 4
persist 49786 3000 3
persist 50728 3000 3
persist 50220 3000 3
persist 74644 4000 4
persist 49055 3000 3
persist 50186 3000 3
persist 50790 3000 3
persist 50605 3000 3
persist 51576 3000 3
persist 49400 3000 3
persist 49940 3000 3
persist 70868 4000 4
persist 50144 3000 3
persist 50341 3000 3
persist 49776 3000 3
persist 53149 3000 3
persist 64700 4000 4
persist 52896 3000 3
persist 68145 4000 4
persist 54613 3000 3
persist 54486 3000 3
persist 72068 4000 4
persist 50443 3000 3
persist 50722 3000 3
persist 48498 3000 3
persist 45420 3000 3
persist 72243 4000 4
persist 48612 3000 3
persist 48530 3000 3
persist 65375 4000 4
write base data version: 10700, memory: 1267412992 bytes (1208.70 MB)
persist 49091 3000 3
persist 49915 3000 3
persist 64941 4000 4
persist 49131 3000 3
persist 49405 3000 3
persist 62728 4000 4
persist 47442 3000 3
persist 50329 3000 3
persist 62271 4000 4
persist 49501 3000 3
persist 70720 4000 4
persist 50661 3000 3
persist 50120 3000 3
persist 52577 3000 3
persist 74059 4000 4
persist 50964 3000 3
persist 49737 3000 3
persist 68402 4000 4
persist 51199 3000 3
persist 49282 3000 3
persist 66862 4000 4
persist 50116 3000 3
persist 46673 3000 3
persist 71686 4000 4
persist 50622 3000 3
persist 50767 3000 3
persist 49936 3000 3
persist 61945 4000 4
persist 49315 3000 3
persist 47966 3000 3
write base data version: 10800, memory: 1410076672 bytes (1344.75 MB)
persist 70874 4000 4
persist 50129 3000 3
persist 49705 3000 3
persist 50684 3000 3
persist 64505 4000 4
persist 49735 3000 3
persist 48649 3000 3
persist 49720 3000 3
persist 63631 4000 4
persist 50747 3000 3
persist 51956 3000 3
persist 70541 4000 4
persist 52807 3000 3
persist 52482 3000 3
persist 52532 3000 3
persist 66894 4000 4
persist 49065 3000 3
persist 48858 3000 3
persist 49354 3000 3
persist 51348 3000 3
persist 52139 3000 3
persist 53816 3000 3
persist 75462 4000 4
persist 54828 3000 3
persist 59806 3000 3
persist 58587 3000 3
persist 59599 3000 3
persist 59707 3000 3
persist 58556 3000 3
persist 86776 3000 3
persist 72576 4000 4
write base data version: 10900, memory: 1037889536 bytes (989.81 MB)
persist 51742 3000 3
persist 49853 3000 3
persist 50306 3000 3
persist 72077 4000 4
persist 50778 3000 3
persist 52362 3000 3
persist 51415 3000 3
persist 51159 3000 3
persist 50525 3000 3
persist 49933 3000 3
persist 52631 3000 3
persist 53424 3000 3
persist 65681 4000 4
persist 53108 3000 3
persist 51829 3000 3
persist 52455 3000 3
persist 51827 3000 3
persist 72486 4000 4
persist 53586 3000 3
persist 52258 3000 3
persist 53256 3000 3
persist 53509 3000 3
persist 75041 4000 4
persist 51472 3000 3
persist 53051 3000 3
persist 51643 3000 3
persist 53271 3000 3
persist 52377 3000 3
persist 68321 4000 4
persist 54808 3000 3
persist 51848 3000 3
write base data version: 11000, memory: 1198444544 bytes (1142.93 MB)
persist 51965 3000 3
persist 52266 3000 3
persist 68082 4000 4
persist 53551 3000 3
persist 53791 3000 3
persist 54800 3000 3
persist 70440 4000 4
persist 60332 3000 3
persist 60791 3000 3
persist 60927 3000 3
persist 75533 4000 4
persist 57979 3000 3
persist 57867 3000 3
persist 57337 3000 3
persist 75406 4000 4
persist 58812 3000 3
persist 60084 3000 3
persist 56342 3000 3
persist 57889 3000 3
persist 82112 4000 4
persist 58659 3000 3
persist 57968 3000 3
persist 56438 3000 3
persist 59378 3000 3
persist 60617 3000 3
persist 88705 4000 4
persist 59077 3000 3
persist 59631 3000 3
persist 59604 3000 3
persist 60493 3000 3
persist 76174 4000 4
persist 59675 3000 3
write base data version: 11100, memory: 1356341248 bytes (1293.51 MB)
persist 60705 3000 3
persist 77860 4000 4
persist 58464 3000 3
persist 61369 3000 3
persist 90301 4000 4
persist 55578 3000 3
persist 53553 3000 3
persist 50524 3000 3
persist 51945 3000 3
persist 51443 3000 3
persist 53846 3000 3
persist 52437 3000 3
persist 86474 4000 4
persist 59899 3000 3
persist 54082 3000 3
persist 52694 3000 3
persist 55694 3000 3
persist 75257 4000 4
persist 52413 3000 3
persist 67969 3000 3
persist 78413 4000 4
persist 53944 3000 3
persist 51385 3000 3
persist 52397 3000 3
persist 52869 3000 3
persist 53561 3000 3
persist 52909 3000 3
persist 53599 3000 3
persist 52610 3000 3
persist 54799 3000 3
persist 63418 3000 3
write base data version: 11200, memory: 1503309824 bytes (1433.67 MB)
persist 62027 3000 3
persist 62355 3000 3
persist 59787 3000 3
persist 45603 3000 3
persist 37038 3000 3
persist 37020 3000 3
persist 25697 3000 3
persist 25457 3000 3
persist 25370 2000 2
persist 26460 3000 3
persist 26661 3000 3
persist 25853 2000 2
persist 26629 3000 3
persist 29761 3000 3
persist 25311 2000 2
persist 27518 3000 3
persist 38789 3000 3
persist 30724 2000 2
persist 33871 3000 3
persist 65525 6000 6
persist 65980 6000 6
persist 77727 7000 7
persist 77466 7000 7
persist 73364 7000 7
persist 34255 3000 3
persist 50428 3000 3
persist 27125 3000 3
persist 32900 3000 3
persist 24674 2000 2
write base data version: 11300, memory: 1136164864 bytes (1083.53 MB)
persist 26066 3000 3
persist 26489 3000 3
persist 26183 2000 2
persist 27136 3000 3
persist 25931 3000 3
persist 30733 3000 3
persist 26197 2000 2
persist 26208 3000 3
persist 34873 3000 3
persist 26068 2000 2
persist 25434 3000 3
persist 28620 3000 3
persist 24947 2000 2
persist 30839 3000 3
persist 26095 3000 3
persist 25299 3000 3
persist 24837 2000 2
persist 25978 3000 3
persist 24492 3000 3
persist 25633 2000 2
persist 25753 3000 3
persist 27539 3000 3
persist 26210 2000 2
persist 25984 3000 3
persist 24225 3000 3
persist 25291 2000 2
persist 31800 3000 3
persist 23874 3000 3
persist 24377 3000 3
persist 23025 3000 3
persist 25082 2000 2
persist 33872 3000 3
persist 31625 3000 3
persist 24754 3000 3
persist 24657 3000 3
persist 32111 3000 3
persist 24956 2000 2
write base data version: 11400, memory: 1284427776 bytes (1224.93 MB)
persist 31089 3000 3
persist 23722 3000 3
persist 24160 3000 3
persist 25849 3000 3
persist 23272 2000 2
persist 31774 3000 3
persist 23877 3000 3
persist 24299 3000 3
persist 26588 3000 3
persist 24140 2000 2
persist 24027 3000 3
persist 23745 3000 3
persist 22987 3000 3
persist 23918 2000 2
persist 32380 3000 3
persist 23924 3000 3
persist 24020 3000 3
persist 25375 3000 3
persist 24323 2000 2
persist 24971 3000 3
persist 26017 2000 2
persist 33022 3000 3
persist 24234 3000 3
persist 23546 3000 3
persist 24224 2000 2
persist 32143 3000 3
persist 23732 3000 3
persist 24518 3000 3
persist 30650 3000 3
persist 24160 2000 2
persist 23600 3000 3
persist 23978 3000 3
persist 32197 3000 3
persist 23733 2000 2
persist 27785 3000 3
persist 24114 3000 3
write base data version: 11500, memory: 1427447808 bytes (1361.32 MB)
persist 24209 3000 3
persist 24350 3000 3
persist 47295 3000 3
persist 48975 3000 3
persist 51174 3000 3
persist 50800 3000 3
persist 65153 4000 4
persist 50070 3000 3
persist 49491 3000 3
persist 64815 4000 4
persist 50425 3000 3
persist 73963 4000 4
persist 50446 3000 3
persist 50370 3000 3
persist 69404 4000 4
persist 50922 3000 3
persist 50831 3000 3
persist 63310 4000 4
persist 50458 3000 3
persist 52324 3000 3
persist 70238 4000 4
persist 55422 3000 3
persist 52822 3000 3
persist 54653 3000 3
persist 75849 4000 4
persist 49768 3000 3
persist 51953 3000 3
persist 53633 3000 3
persist 49406 3000 3
persist 55629 3000 3
persist 50626 3000 3
write base data version: 11600, memory: 1569964032 bytes (1497.23 MB)
persist 71319 4000 4
persist 51148 3000 3
persist 52764 3000 3
persist 52939 3000 3
persist 52237 3000 3
persist 49768 3000 3
persist 58657 3000 3
persist 57015 3000 3
persist 111353 4000 4
persist 51594 3000 3
persist 53927 3000 3
persist 54245 3000 3
persist 52662 3000 3
persist 54049 3000 3
persist 53601 3000 3
persist 68608 4000 4
persist 53707 3000 3
persist 52800 3000 3
persist 53056 3000 3
persist 51539 3000 3
persist 51201 3000 3
persist 52252 3000 3
persist 50957 3000 3
persist 51508 3000 3
persist 51349 3000 3
persist 52490 3000 3
persist 52471 3000 3
persist 53014 3000 3
persist 53204 3000 3
persist 50520 3000 3
persist 51038 3000 3
persist 51606 3000 3
write base data version: 11700, memory: 1209245696 bytes (1153.23 MB)
persist 51119 3000 3
persist 74379 4000 4
persist 50868 3000 3
persist 53402 3000 3
persist 49927 3000 3
persist 50869 3000 3
persist 49768 3000 3
persist 50394 3000 3
persist 52602 3000 3
persist 50607 3000 3
persist 71814 4000 4
persist 51374 3000 3
persist 51030 3000 3
persist 50967 3000 3
persist 51097 3000 3
persist 53499 3000 3
persist 54374 3000 3
persist 71767 4000 4
persist 53623 3000 3
persist 53514 3000 3
persist 53171 3000 3
persist 51357 3000 3
persist 51410 3000 3
persist 49059 3000 3
persist 50555 3000 3
persist 79908 4000 4
persist 58142 3000 3
persist 58711 3000 3
persist 60363 3000 3
persist 61284 3000 3
persist 76832 4000 4
persist 61202 3000 3
write base data version: 11800, memory: 1366417408 bytes (1303.12 MB)
persist 60063 3000 3
persist 78328 4000 4
persist 58403 3000 3
persist 59687 3000 3
persist 73851 4000 4
persist 61064 3000 3
persist 82388 4000 4
persist 58177 3000 3
persist 59272 3000 3
persist 72694 4000 4
persist 57605 3000 3
persist 84163 4000 4
persist 57687 3000 3
persist 58388 3000 3
persist 79780 4000 4
persist 58573 3000 3
persist 58171 3000 3
persist 57284 3000 3
persist 58207 3000 3
persist 79353 4000 4
persist 51135 3000 3
persist 52797 3000 3
persist 52361 3000 3
persist 53126 3000 3
persist 53657 3000 3
persist 54145 3000 3
persist 55854 3000 3
persist 52383 3000 3
persist 52062 3000 3
persist 50654 3000 3
persist 51078 3000 3
write base data version: 11900, memory: 1518546944 bytes (1448.20 MB)
persist 52573 3000 3
persist 50677 3000 3
persist 52593 3000 3
persist 78604 4000 4
persist 54433 3000 3
persist 52746 3000 3
persist 53387 3000 3
persist 55666 3000 3
persist 55284 3000 3
persist 55164 3000 3
persist 53571 3000 3
persist 54530 3000 3
persist 55636 3000 3
persist 79099 4000 4
persist 58201 3000 3
persist 123841 5000 5
persist 67262 4000 4
persist 53327 3000 3
persist 51160 3000 3
persist 51260 3000 3
persist 53049 3000 3
persist 52390 3000 3
persist 52426 3000 3
persist 52720 3000 3
persist 53400 3000 3
persist 54123 3000 3
persist 50548 3000 3
persist 51368 3000 3
persist 52014 3000 3
persist 69078 3000 3
persist 51368 3000 3
persist 51681 3000 3
write base data version: 12000, memory: 1145888768 bytes (1092.80 MB)
persist 52322 3000 3
persist 49750 3000 3
persist 50066 3000 3
persist 50260 3000 3
persist 49245 3000 3
persist 51807 3000 3
persist 51113 3000 3
persist 52240 3000 3
persist 75680 4000 4
persist 53222 3000 3
persist 52273 3000 3
persist 52460 3000 3
persist 53629 3000 3
persist 53531 3000 3
persist 51880 3000 3
persist 52536 3000 3
persist 51597 3000 3
persist 51854 3000 3
persist 53080 3000 3
persist 66319 4000 4
persist 54501 3000 3
persist 51611 3000 3
persist 51322 3000 3
persist 53489 3000 3
persist 51408 3000 3
persist 53322 3000 3
persist 75308 4000 4
persist 52715 3000 3
persist 55151 3000 3
persist 52745 3000 3
persist 48766 3000 3
persist 69977 4000 4
write base data version: 12100, memory: 1300004864 bytes (1239.78 MB)
persist 52764 3000 3
persist 51081 3000 3
persist 70678 4000 4
persist 52279 3000 3
persist 53215 3000 3
persist 71199 4000 4
persist 51748 3000 3
persist 51913 3000 3
persist 65626 4000 4
persist 48963 3000 3
persist 47558 3000 3
persist 49470 3000 3
persist 63095 4000 4
persist 49210 3000 3
persist 50755 3000 3
persist 51397 3000 3
persist 68591 4000 4
persist 51832 3000 3
persist 52777 3000 3
persist 51366 3000 3
persist 50932 3000 3
persist 53443 3000 3
persist 65208 4000 4
persist 49559 3000 3
persist 51091 3000 3
persist 72507 4000 4
persist 50951 3000 3
persist 50889 3000 3
persist 50911 3000 3
persist 72861 4000 4
write base data version: 12200, memory: 1442410496 bytes (1375.59 MB)
persist 51680 3000 3
persist 53258 3000 3
persist 54334 3000 3
persist 80447 4000 4
persist 51947 3000 3
persist 51723 3000 3
persist 50980 3000 3
persist 73297 4000 4
persist 51991 3000 3
persist 52383 3000 3
persist 51673 3000 3
persist 50792 3000 3
persist 52174 3000 3
persist 73842 4000 4
persist 48477 3000 3
persist 49877 3000 3
persist 50923 3000 3
persist 50337 3000 3
persist 50226 3000 3
persist 52191 3000 3
persist 77397 4000 4
persist 53548 3000 3
persist 54274 3000 3
persist 51383 3000 3
persist 53151 3000 3
persist 52248 3000 3
persist 49929 3000 3
persist 49720 3000 3
persist 52587 3000 3
persist 55084 3000 3
persist 54189 3000 3
persist 54025 3000 3
write base data version: 12300, memory: 1585225728 bytes (1511.79 MB)
persist 53723 3000 3
persist 51952 3000 3
persist 50197 3000 3
persist 51801 3000 3
persist 68076 4000 4
persist 49573 3000 3
persist 51894 3000 3
persist 52817 3000 3
persist 52045 3000 3
persist 52040 3000 3
persist 52722 3000 3
persist 53753 3000 3
persist 54753 3000 3
persist 52291 3000 3
persist 49739 3000 3
persist 51611 3000 3
persist 69960 4000 4
persist 50345 3000 3
persist 60434 3000 3
persist 58253 3000 3
persist 54304 3000 3
persist 55943 3000 3
persist 53451 3000 3
persist 53453 3000 3
persist 53397 3000 3
persist 54567 3000 3
persist 53723 3000 3
persist 55554 3000 3
persist 53477 3000 3
persist 80092 4000 4
persist 51812 3000 3
persist 55668 3000 3
persist 54507 3000 3
write base data version: 12400, memory: 1226850304 bytes (1170.02 MB)
persist 56508 3000 3
persist 55528 3000 3
persist 54883 3000 3
persist 56266 3000 3
persist 54607 3000 3
persist 78162 4000 4
persist 53187 3000 3
persist 53638 3000 3
persist 54149 3000 3
persist 52220 3000 3
persist 53252 3000 3
persist 53229 3000 3
persist 75470 4000 4
persist 55211 3000 3
persist 52575 3000 3
persist 54077 3000 3
persist 58491 3000 3
persist 58097 3000 3
persist 58585 3000 3
persist 58301 3000 3
persist 59088 3000 3
persist 79463 4000 4
persist 57635 3000 3
persist 60098 3000 3
persist 58001 3000 3
persist 60685 3000 3
persist 75469 4000 4
persist 59369 3000 3
persist 59965 3000 3
persist 70533 4000 4
persist 50319 3000 3
write base data version: 12500, memory: 1384886272 bytes (1320.73 MB)
persist 49573 3000 3
persist 51466 3000 3
persist 52901 3000 3
persist 53662 3000 3
persist 52924 3000 3
persist 52348 3000 3
persist 52842 3000 3
persist 74117 4000 4
persist 56159 3000 3
persist 56442 3000 3
persist 57573 3000 3
persist 57736 3000 3
persist 58372 3000 3
persist 56132 3000 3
persist 59746 3000 3
persist 78009 4000 4
persist 61033 3000 3
persist 87588 4000 4
persist 59914 3000 3
persist 59480 3000 3
persist 59058 3000 3
persist 59909 3000 3
persist 76439 4000 4
persist 60930 3000 3
persist 56994 3000 3
persist 54334 3000 3
persist 52095 3000 3
persist 51807 3000 3
persist 51129 3000 3
persist 50506 3000 3
persist 55948 3000 3
persist 51275 3000 3
write base data version: 12600, memory: 1523290112 bytes (1452.72 MB)
persist 58161 3000 3
persist 57985 3000 3
persist 55318 3000 3
persist 103836 5000 5
persist 163833 8000 8
persist 188289 9000 9
persist 204404 10000 10
persist 210421 10000 10
persist 90124 8000 8
persist 46316 4000 4
persist 36289 3000 3
persist 37325 3000 3
persist 27378 3000 3
persist 28789 3000 3
persist 35447 2000 2
persist 50744 3000 3
persist 55379 3000 3
persist 54543 3000 3
persist 54040 3000 3
persist 54140 3000 3
persist 59985 3000 3
persist 54717 3000 3
persist 55883 3000 3
write base data version: 12700, memory: 1670746112 bytes (1593.35 MB)
persist 54750 3000 3
persist 52453 3000 3
persist 59159 3000 3
persist 60208 3000 3
persist 84955 4000 4
persist 50344 3000 3
persist 48282 3000 3
persist 48933 3000 3
persist 51538 3000 3
persist 51484 3000 3
persist 51548 3000 3
persist 52175 3000 3
persist 51977 3000 3
persist 53324 3000 3
persist 52146 3000 3
persist 53308 3000 3
persist 52574 3000 3
persist 51384 3000 3
persist 53016 3000 3
persist 51883 3000 3
persist 48814 3000 3
persist 50143 3000 3
persist 50124 3000 3
persist 51884 3000 3
persist 52324 3000 3
persist 51212 3000 3
persist 76512 4000 4
persist 53082 3000 3
persist 52682 3000 3
persist 52680 3000 3
persist 53532 3000 3
persist 53726 3000 3
persist 54458 3000 3
write base data version: 12800, memory: 1297559552 bytes (1237.45 MB)
persist 52805 3000 3
persist 48688 3000 3
persist 47374 3000 3
persist 50196 3000 3
persist 66726 4000 4
persist 49366 3000 3
persist 50815 3000 3
persist 51095 3000 3
persist 51885 3000 3
persist 51841 3000 3
persist 50848 3000 3
persist 52219 3000 3
persist 52061 3000 3
persist 52286 3000 3
persist 52270 3000 3
persist 51693 3000 3
persist 52850 3000 3
persist 52414 3000 3
persist 66594 4000 4
persist 49924 3000 3
persist 50274 3000 3
persist 50258 3000 3
persist 51167 3000 3
persist 50649 3000 3
persist 50805 3000 3
persist 50318 3000 3
persist 51693 3000 3
persist 50923 3000 3
persist 51081 3000 3
persist 51184 3000 3
persist 51052 3000 3
persist 47393 3000 3
write base data version: 12900, memory: 1439924224 bytes (1373.22 MB)
persist 75344 4000 4
persist 51996 3000 3
persist 52124 3000 3
persist 48897 3000 3
persist 49633 3000 3
persist 65842 4000 4
persist 49510 3000 3
persist 48968 3000 3
persist 52072 3000 3
persist 67595 4000 4
persist 49980 3000 3
persist 51568 3000 3
persist 50415 3000 3
persist 63362 4000 4
persist 48506 3000 3
persist 49014 3000 3
persist 65032 4000 4
persist 49534 3000 3
persist 50454 3000 3
persist 70207 4000 4
persist 52526 3000 3
persist 49035 3000 3
persist 49542 3000 3
persist 74994 4000 4
persist 51024 3000 3
persist 48741 3000 3
persist 50892 3000 3
persist 66735 4000 4
persist 50572 3000 3
persist 50467 3000 3
persist 67517 4000 4
write base data version: 13000, memory: 1582891008 bytes (1509.56 MB)
persist 50503 3000 3
persist 50260 3000 3
persist 52256 3000 3
persist 52967 3000 3
persist 68153 4000 4
persist 52947 3000 3
persist 54932 3000 3
persist 53021 3000 3
persist 51848 3000 3
persist 53887 3000 3
persist 52160 3000 3
persist 52205 3000 3
persist 71419 4000 4
persist 45247 3000 3
persist 49527 3000 3
persist 51490 3000 3
persist 50398 3000 3
persist 49549 3000 3
persist 59213 3000 3
persist 46725 3000 3
persist 50567 3000 3
persist 78033 4000 4
persist 61210 3000 3
persist 72197 3000 3
persist 55893 3000 3
persist 55199 3000 3
persist 52055 3000 3
persist 59187 3000 3
persist 52693 3000 3
persist 52874 3000 3
persist 52208 3000 3
persist 53823 3000 3
write base data version: 13100, memory: 1217241088 bytes (1160.85 MB)
persist 53119 3000 3
persist 56328 3000 3
persist 50728 3000 3
persist 51552 3000 3
persist 51064 3000 3
persist 59153 3000 3
persist 58910 3000 3
persist 60149 3000 3
persist 60750 3000 3
persist 55997 3000 3
persist 60638 3000 3
persist 58508 3000 3
persist 79698 4000 4
persist 61067 3000 3
persist 57455 3000 3
persist 57994 3000 3
persist 52539 3000 3
persist 50567 3000 3
persist 50260 3000 3
persist 50625 3000 3
persist 51890 3000 3
persist 51240 3000 3
persist 57754 3000 3
persist 57440 3000 3
persist 58366 3000 3
persist 58111 3000 3
persist 75521 4000 4
persist 57614 3000 3
persist 56844 3000 3
persist 59288 3000 3
persist 85217 4000 4
persist 58377 3000 3
write base data version: 13200, memory: 1375870976 bytes (1312.13 MB)
persist 89725 4000 4
persist 144985 7000 7
persist 153964 9000 9
persist 176262 10000 10
persist 179400 10000 10
persist 153470 9000 9
persist 83570 5000 5
persist 65838 4000 4
persist 51462 3000 3
persist 54731 3000 3
persist 74613 4000 4
persist 59377 3000 3
persist 59419 3000 3
persist 59258 3000 3
persist 59512 3000 3
persist 81655 4000 4
persist 61334 3000 3
persist 60291 3000 3
persist 60518 3000 3
persist 81253 4000 4
persist 58819 3000 3
write base data version: 13300, memory: 1529913344 bytes (1459.04 MB)
persist 58666 3000 3
persist 57956 3000 3
persist 85036 4000 4
persist 57623 3000 3
persist 58916 3000 3
persist 83033 4000 4
persist 59128 3000 3
persist 58797 3000 3
persist 88322 4000 4
persist 59552 3000 3
persist 60870 3000 3
persist 82084 4000 4
persist 60122 3000 3
persist 60681 3000 3
persist 88886 4000 4
persist 59904 3000 3
persist 62026 3000 3
persist 89521 4000 4
persist 52684 3000 3
persist 52075 3000 3
persist 53605 3000 3
persist 51890 3000 3
persist 54519 3000 3
persist 55739 3000 3
persist 61313 3000 3
persist 87383 4000 4
persist 62185 3000 3
persist 62481 3000 3
persist 61005 3000 3
persist 94156 4000 4
persist 62481 3000 3
write base data version: 13400, memory: 1678860288 bytes (1601.09 MB)
persist 65051 3000 3
persist 59060 3000 3
persist 53189 3000 3
persist 52625 3000 3
persist 54034 3000 3
persist 52589 3000 3
persist 57498 3000 3
persist 57021 3000 3
persist 49714 3000 3
persist 50748 3000 3
persist 57373 3000 3
persist 38217 2000 2
persist 54053 3000 3
persist 52942 3000 3
persist 52268 3000 3
persist 80685 3000 3
persist 52674 3000 3
persist 52393 3000 3
persist 52241 3000 3
persist 53087 3000 3
persist 52312 3000 3
persist 51681 3000 3
persist 49535 3000 3
persist 51017 3000 3
persist 51751 3000 3
persist 81158 4000 4
persist 51427 3000 3
persist 51751 3000 3
persist 52214 3000 3
persist 50939 3000 3
persist 51768 3000 3
persist 52309 3000 3
persist 74287 4000 4
write base data version: 13500, memory: 1307922432 bytes (1247.33 MB)
persist 52207 3000 3
persist 53038 3000 3
persist 53924 3000 3
persist 53024 3000 3
persist 49973 3000 3
persist 51450 3000 3
persist 52701 3000 3
persist 53375 3000 3
persist 52657 3000 3
persist 51853 3000 3
persist 52527 3000 3
persist 55008 3000 3
persist 54727 3000 3
persist 73354 4000 4
persist 53783 3000 3
persist 53834 3000 3
persist 53064 3000 3
persist 50317 3000 3
persist 74039 4000 4
persist 50962 3000 3
persist 51337 3000 3
persist 51611 3000 3
persist 70555 4000 4
persist 51118 3000 3
persist 50574 3000 3
persist 52497 3000 3
persist 53015 3000 3
persist 70930 4000 4
persist 47944 3000 3
persist 50247 3000 3
persist 47509 3000 3
persist 49118 3000 3
write base data version: 13600, memory: 1443500032 bytes (1376.63 MB)
persist 49041 3000 3
persist 65780 4000 4
persist 49035 3000 3
persist 49418 3000 3
persist 47474 3000 3
persist 49169 3000 3
persist 72652 4000 4
persist 48465 3000 3
persist 49154 3000 3
persist 49121 3000 3
persist 51155 3000 3
persist 50230 3000 3
persist 72753 4000 4
persist 49332 3000 3
persist 50774 3000 3
persist 49345 3000 3
persist 50804 3000 3
persist 48990 3000 3
persist 50550 3000 3
persist 72044 4000 4
persist 50047 3000 3
persist 49839 3000 3
persist 49626 3000 3
persist 49666 3000 3
persist 48079 3000 3
persist 49160 3000 3
persist 73669 4000 4
persist 49748 3000 3
persist 50422 3000 3
persist 50947 3000 3
persist 50289 3000 3
write base data version: 13700, memory: 1585983488 bytes (1512.51 MB)
persist 50736 3000 3
persist 68106 4000 4
persist 50454 3000 3
persist 50099 3000 3
persist 49653 3000 3
persist 48770 3000 3
persist 48909 3000 3
persist 71791 4000 4
persist 51459 3000 3
persist 49354 3000 3
persist 50577 3000 3
persist 51878 3000 3
persist 68406 4000 4
persist 52949 3000 3
persist 54563 3000 3
persist 53451 3000 3
persist 52527 3000 3
persist 50269 3000 3
persist 75660 4000 4
persist 52198 3000 3
persist 51837 3000 3
persist 50283 3000 3
persist 50064 3000 3
persist 52271 3000 3
persist 51308 3000 3
persist 51970 3000 3
persist 49865 3000 3
persist 51898 3000 3
persist 60897 3000 3
persist 53559 3000 3
persist 52702 3000 3
persist 66276 4000 4
write base data version: 13800, memory: 1730662400 bytes (1650.49 MB)
persist 50534 3000 3
persist 49744 3000 3
persist 67294 4000 4
persist 43925 3000 3
persist 37169 2000 2
persist 52065 3000 3
persist 51222 3000 3
persist 50748 3000 3
persist 73259 4000 4
persist 52967 3000 3
persist 52837 3000 3
persist 52670 3000 3
persist 53035 3000 3
persist 50775 3000 3
persist 51980 3000 3
persist 52158 3000 3
persist 76312 4000 4
persist 52901 3000 3
persist 52914 3000 3
persist 53079 3000 3
persist 52187 3000 3
persist 53411 3000 3
persist 55163 3000 3
persist 54362 3000 3
persist 51138 3000 3
persist 52284 3000 3
persist 51683 3000 3
persist 51162 3000 3
persist 50774 3000 3
persist 51175 3000 3
persist 51989 3000 3
persist 50899 3000 3
persist 52967 3000 3
write base data version: 13900, memory: 1378009088 bytes (1314.17 MB)
persist 51976 3000 3
persist 71446 4000 4
persist 51670 3000 3
persist 51482 3000 3
persist 52283 3000 3
persist 51465 3000 3
persist 51790 3000 3
persist 51578 3000 3
persist 51805 3000 3
persist 52759 3000 3
persist 52177 3000 3
persist 51653 3000 3
persist 51792 3000 3
persist 53548 3000 3
persist 52246 3000 3
persist 50560 3000 3
persist 48508 3000 3
persist 51457 3000 3
persist 49625 3000 3
persist 51036 3000 3
persist 55757 3000 3
persist 51208 3000 3
persist 50212 3000 3
persist 52488 3000 3
persist 51789 3000 3
persist 74470 4000 4
persist 52215 3000 3
persist 54310 3000 3
persist 57829 3000 3
persist 57888 3000 3
persist 58441 3000 3
persist 58255 3000 3
persist 58093 3000 3
write base data version: 14000, memory: 1518534656 bytes (1448.19 MB)
persist 58694 3000 3
persist 58807 3000 3
persist 85175 4000 4
persist 57827 3000 3
persist 57820 3000 3
persist 80246 4000 4
persist 58691 3000 3
persist 57883 3000 3
persist 71719 4000 4
persist 57435 3000 3
persist 85869 4000 4
persist 57993 3000 3
persist 57427 3000 3
persist 76704 4000 4
persist 57478 3000 3
persist 80123 4000 4
persist 51335 3000 3
persist 57268 3000 3
persist 56746 3000 3
persist 87017 4000 4
persist 58604 3000 3
persist 59248 3000 3
persist 79399 4000 4
persist 57413 3000 3
persist 58090 3000 3
persist 73291 4000 4
persist 57708 3000 3
persist 60175 3000 3
persist 79893 4000 4
persist 61557 3000 3
write base data version: 14100, memory: 1673129984 bytes (1595.62 MB)
persist 59884 3000 3
persist 73969 4000 4
persist 60003 3000 3
persist 88156 4000 4
persist 59904 3000 3
persist 60994 3000 3
persist 90197 4000 4
persist 61522 3000 3
persist 59134 3000 3
persist 59454 3000 3
persist 58319 3000 3
persist 91012 4000 4
persist 60167 3000 3
persist 55699 3000 3
persist 52196 3000 3
persist 57663 3000 3
persist 57605 3000 3
persist 52101 3000 3
persist 51078 3000 3
persist 50603 3000 3
persist 50888 3000 3
persist 51195 3000 3
persist 41177 2000 2
persist 37108 2000 2
persist 51616 3000 3
persist 51279 3000 3
persist 51524 3000 3
persist 52553 3000 3
persist 53507 3000 3
persist 52028 3000 3
persist 52331 3000 3
persist 54701 3000 3
write base data version: 14200, memory: 1312702464 bytes (1251.89 MB)
persist 53550 3000 3
persist 53341 3000 3
persist 53528 3000 3
persist 51854 3000 3
persist 53255 3000 3
persist 52625 3000 3
persist 51738 3000 3
persist 57165 3000 3
persist 56446 3000 3
persist 57964 3000 3
persist 57283 3000 3
persist 58213 3000 3
persist 58178 3000 3
persist 58323 3000 3
persist 57374 3000 3
persist 58221 3000 3
persist 58746 3000 3
persist 58523 3000 3
persist 88372 4000 4
persist 59935 3000 3
persist 59326 3000 3
persist 58997 3000 3
persist 59736 3000 3
persist 58835 3000 3
persist 61848 3000 3
persist 59445 3000 3
persist 83603 4000 4
persist 55699 3000 3
persist 53586 3000 3
persist 53186 3000 3
persist 52527 3000 3
persist 53164 3000 3
persist 53424 3000 3
write base data version: 14300, memory: 1459453952 bytes (1391.84 MB)
persist 54136 3000 3
persist 53405 3000 3
persist 73149 4000 4
persist 56560 3000 3
persist 50683 3000 3
persist 50416 3000 3
persist 50898 3000 3
persist 52425 3000 3
persist 53499 3000 3
persist 53452 3000 3
persist 51317 3000 3
persist 52457 3000 3
persist 77641 4000 4
persist 52738 3000 3
persist 57689 3000 3
persist 58973 3000 3
persist 58487 3000 3
persist 58157 3000 3
persist 56454 3000 3
persist 57222 3000 3
persist 58717 3000 3
persist 58746 3000 3
persist 60372 3000 3
persist 87453 4000 4
persist 58460 3000 3
persist 56799 3000 3
persist 52334 3000 3
persist 50648 3000 3
persist 60563 3000 3
persist 125847 6000 6
write base data version: 14400, memory: 1615785984 bytes (1540.93 MB)
persist 169350 9000 9
persist 157828 9000 9
persist 162112 9000 9
persist 173770 10000 10
persist 176798 10000 10
persist 172629 10000 10
persist 173573 10000 10
persist 171643 10000 10
persist 180627 10000 10
persist 177965 10000 10
write base data version: 14500, memory: 1761841152 bytes (1680.22 MB)
persist 150302 9000 9
persist 89561 5000 5
persist 52078 3000 3
persist 52343 3000 3
persist 58707 3000 3
persist 52338 3000 3
persist 54520 3000 3
persist 55206 3000 3
persist 51618 3000 3
persist 52271 3000 3
persist 53553 3000 3
persist 53473 3000 3
persist 55281 3000 3
persist 53383 3000 3
persist 36121 2000 2
persist 51661 3000 3
persist 51892 3000 3
persist 52118 3000 3
persist 52640 3000 3
persist 51856 3000 3
persist 50902 3000 3
persist 50579 3000 3
persist 50786 3000 3
persist 50779 3000 3
persist 53646 3000 3
persist 65479 4000 4
persist 52177 3000 3
persist 51270 3000 3
persist 69738 4000 4
persist 50159 3000 3
persist 50838 3000 3
persist 50895 3000 3
persist 50744 3000 3
write base data version: 14600, memory: 1396314112 bytes (1331.63 MB)
persist 51235 3000 3
persist 70103 4000 4
persist 50665 3000 3
persist 48624 3000 3
persist 50940 3000 3
persist 52269 3000 3
persist 65386 4000 4
persist 52599 3000 3
persist 51650 3000 3
persist 51504 3000 3
persist 51327 3000 3
persist 71642 4000 4
persist 51767 3000 3
persist 52593 3000 3
persist 50736 3000 3
persist 55966 3000 3
persist 48483 3000 3
persist 51179 3000 3
persist 68968 4000 4
persist 51889 3000 3
persist 51984 3000 3
persist 54013 3000 3
persist 53738 3000 3
persist 74789 4000 4
persist 48715 3000 3
persist 50823 3000 3
persist 51238 3000 3
persist 53790 3000 3
persist 51125 3000 3
persist 52306 3000 3
persist 52538 3000 3
write base data version: 14700, memory: 1544470528 bytes (1472.92 MB)
persist 52104 3000 3
persist 52148 3000 3
persist 52189 3000 3
persist 52921 3000 3
persist 51229 3000 3
persist 51617 3000 3
persist 52031 3000 3
persist 51852 3000 3
persist 52627 3000 3
persist 52590 3000 3
persist 52224 3000 3
persist 52748 3000 3
persist 52004 3000 3
persist 50170 3000 3
persist 51704 3000 3
persist 53162 3000 3
persist 51956 3000 3
persist 51309 3000 3
persist 51712 3000 3
persist 59482 3000 3
persist 59538 3000 3
persist 58733 3000 3
persist 60479 3000 3
persist 60142 3000 3
persist 59364 3000 3
persist 58321 3000 3
persist 58703 3000 3
persist 62279 3000 3
persist 80026 4000 4
persist 52252 3000 3
persist 53126 3000 3
persist 53279 3000 3
persist 54071 3000 3
write base data version: 14800, memory: 1667719168 bytes (1590.46 MB)
persist 52200 3000 3
persist 53331 3000 3
persist 53662 3000 3
persist 52325 3000 3
persist 52115 3000 3
persist 51251 3000 3
persist 52311 3000 3
persist 53574 3000 3
persist 49183 3000 3
persist 49578 3000 3
persist 45286 3000 3
persist 47154 3000 3
persist 50923 3000 3
persist 37085 2000 2
persist 52636 3000 3
persist 53277 3000 3
persist 53041 3000 3
persist 57787 3000 3
persist 60886 3000 3
persist 60309 3000 3
persist 58197 3000 3
persist 80400 4000 4
persist 61094 3000 3
persist 61709 3000 3
persist 59281 3000 3
persist 60676 3000 3
persist 64469 3000 3
persist 62241 3000 3
persist 81713 4000 4
persist 59300 3000 3
persist 61364 3000 3
persist 61834 3000 3
persist 56243 3000 3
write base data version: 14900, memory: 1814597632 bytes (1730.54 MB)
persist 91583 3000 3
persist 53674 3000 3
persist 51053 3000 3
persist 51389 3000 3
persist 52464 3000 3
persist 52690 3000 3
persist 51795 3000 3
persist 52181 3000 3
persist 52109 3000 3
persist 59176 3000 3
persist 62190 3000 3
persist 61050 3000 3
persist 57698 3000 3
persist 58846 3000 3
persist 59153 3000 3
persist 72748 4000 4
persist 57860 3000 3
persist 59148 3000 3
persist 84883 4000 4
persist 58368 3000 3
persist 58055 3000 3
persist 58470 3000 3
persist 83867 4000 4
persist 58952 3000 3
persist 56375 3000 3
persist 49095 3000 3
persist 72532 4000 4
persist 49507 3000 3
persist 48527 3000 3
persist 48959 3000 3
persist 49376 3000 3
persist 48035 3000 3
write base data version: 15000, memory: 1438842880 bytes (1372.19 MB)
persist 50848 3000 3
persist 49459 3000 3
persist 51003 3000 3
persist 68775 4000 4
persist 48987 3000 3
persist 51721 3000 3
persist 49321 3000 3
persist 49877 3000 3
persist 50285 3000 3
persist 51411 3000 3
persist 49683 3000 3
persist 69430 4000 4
persist 51396 3000 3
persist 48370 3000 3
persist 49055 3000 3
persist 48605 3000 3
persist 47287 3000 3
persist 49114 3000 3
persist 48612 3000 3
persist 47202 3000 3
persist 47978 3000 3
persist 49097 3000 3
persist 48698 3000 3
persist 71022 4000 4
persist 48408 3000 3
persist 49098 3000 3
persist 48553 3000 3
persist 49789 3000 3
persist 49356 3000 3
persist 49106 3000 3
persist 49254 3000 3
persist 50760 3000 3
persist 51060 3000 3
write base data version: 15100, memory: 1581973504 bytes (1508.69 MB)
persist 50043 3000 3
persist 49482 3000 3
persist 49728 3000 3
persist 49666 3000 3
persist 51596 3000 3
persist 50324 3000 3
persist 48819 3000 3
persist 48951 3000 3
persist 48346 3000 3
persist 49194 3000 3
persist 69883 4000 4
persist 50761 3000 3
persist 51025 3000 3
persist 51118 3000 3
persist 49244 3000 3
persist 66459 4000 4
persist 50769 3000 3
persist 50831 3000 3
persist 50168 3000 3
persist 51196 3000 3
persist 50663 3000 3
persist 64314 4000 4
persist 49650 3000 3
persist 49173 3000 3
persist 51628 3000 3
persist 71040 4000 4
persist 49193 3000 3
persist 48763 3000 3
persist 49727 3000 3
persist 51123 3000 3
persist 74849 4000 4
write base data version: 15200, memory: 1724473344 bytes (1644.59 MB)
persist 50540 3000 3
persist 52230 3000 3
persist 49781 3000 3
persist 53172 3000 3
persist 49996 3000 3
persist 69897 4000 4
persist 52580 3000 3
persist 47749 3000 3
persist 48388 3000 3
persist 49130 3000 3
persist 51068 3000 3
persist 52189 3000 3
persist 51172 3000 3
persist 51429 3000 3
persist 51223 3000 3
persist 52143 3000 3
persist 57899 3000 3
persist 54547 3000 3
persist 53013 3000 3
persist 51709 3000 3
persist 51081 3000 3
persist 51013 3000 3
persist 46832 3000 3
persist 51920 3000 3
persist 51667 3000 3
persist 49266 3000 3
persist 52272 3000 3
persist 52224 3000 3
persist 51137 3000 3
persist 52456 3000 3
persist 51990 3000 3
persist 75223 4000 4
persist 50320 3000 3
write base data version: 15300, memory: 1367441408 bytes (1304.09 MB)
persist 54439 3000 3
persist 52353 3000 3
persist 52755 3000 3
persist 55283 3000 3
persist 54318 3000 3
persist 51601 3000 3
persist 75635 4000 4
persist 50124 3000 3
persist 51423 3000 3
persist 51512 3000 3
persist 52225 3000 3
persist 51255 3000 3
persist 53318 3000 3
persist 54016 3000 3
persist 52628 3000 3
persist 73983 4000 4
persist 50421 3000 3
persist 53304 3000 3
persist 51258 3000 3
persist 53889 3000 3
persist 51174 3000 3
persist 51395 3000 3
persist 51740 3000 3
persist 50267 3000 3
persist 51567 3000 3
persist 51439 3000 3
persist 53633 3000 3
persist 53313 3000 3
persist 69650 4000 4
persist 54008 3000 3
persist 53065 3000 3
persist 53201 3000 3
write base data version: 15400, memory: 1523482624 bytes (1452.91 MB)
persist 51600 3000 3
persist 52799 3000 3
persist 48415 3000 3
persist 49484 3000 3
persist 64730 4000 4
persist 47067 3000 3
persist 50240 3000 3
persist 49413 3000 3
persist 52357 3000 3
persist 70493 4000 4
persist 52204 3000 3
persist 51510 3000 3
persist 53101 3000 3
persist 51481 3000 3
persist 50447 3000 3
persist 71204 4000 4
persist 50312 3000 3
persist 50659 3000 3
persist 50428 3000 3
persist 49109 3000 3
persist 74756 4000 4
persist 51060 3000 3
persist 48774 3000 3
persist 50538 3000 3
persist 50670 3000 3
persist 49457 3000 3
persist 50234 3000 3
persist 69176 4000 4
persist 54313 3000 3
persist 49727 3000 3
persist 53084 3000 3
persist 52027 3000 3
write base data version: 15500, memory: 1664008192 bytes (1586.92 MB)
persist 73865 4000 4
persist 50734 3000 3
persist 52588 3000 3
persist 51624 3000 3
persist 54658 3000 3
persist 53750 3000 3
persist 52394 3000 3
persist 52555 3000 3
persist 53734 3000 3
persist 52424 3000 3
persist 52474 3000 3
persist 52378 3000 3
persist 53340 3000 3
persist 55514 3000 3
persist 54246 3000 3
persist 52769 3000 3
persist 53504 3000 3
persist 52390 3000 3
persist 53520 3000 3
persist 53811 3000 3
persist 55417 3000 3
persist 53977 3000 3
persist 54276 3000 3
persist 54742 3000 3
persist 54120 3000 3
persist 55456 3000 3
persist 52913 3000 3
persist 52111 3000 3
persist 51125 3000 3
persist 49727 3000 3
persist 50483 3000 3
persist 51265 3000 3
persist 52636 3000 3
write base data version: 15600, memory: 1806467072 bytes (1722.78 MB)
persist 38794 2000 2
persist 53763 3000 3
persist 54564 3000 3
persist 45706 3000 3
persist 44950 3000 3
persist 52314 3000 3
persist 38786 2000 2
persist 51301 3000 3
persist 51988 3000 3
persist 52883 3000 3
persist 45364 3000 3
persist 45847 2000 2
persist 47720 3000 3
persist 46368 3000 3
persist 53846 3000 3
persist 38932 2000 2
persist 53463 3000 3
persist 53353 3000 3
persist 52836 3000 3
persist 51440 3000 3
persist 53120 3000 3
persist 50567 3000 3
persist 51666 3000 3
persist 51837 3000 3
persist 49655 3000 3
persist 47215 3000 3
persist 44600 3000 3
persist 46577 3000 3
persist 46492 3000 3
persist 49492 3000 3
persist 37215 2000 2
persist 53374 3000 3
persist 51939 3000 3
persist 53859 3000 3
persist 51179 3000 3
write base data version: 15700, memory: 1436966912 bytes (1370.40 MB)
persist 53849 3000 3
persist 53920 3000 3
persist 53908 3000 3
persist 52801 3000 3
persist 54055 3000 3
persist 77692 4000 4
persist 54565 3000 3
persist 55605 3000 3
persist 53634 3000 3
persist 54887 3000 3
persist 54949 3000 3
persist 54660 3000 3
persist 55082 3000 3
persist 53332 3000 3
persist 53562 3000 3
persist 52972 3000 3
persist 53809 3000 3
persist 54804 3000 3
persist 54724 3000 3
persist 54179 3000 3
persist 54271 3000 3
persist 53310 3000 3
persist 51270 3000 3
persist 48490 3000 3
persist 50409 3000 3
persist 50004 3000 3
persist 50334 3000 3
persist 51488 3000 3
persist 51361 3000 3
persist 50735 3000 3
persist 51477 3000 3
persist 52422 3000 3
persist 50912 3000 3
write base data version: 15800, memory: 1579585536 bytes (1506.41 MB)
persist 51610 3000 3
persist 53199 3000 3
persist 55335 3000 3
persist 52659 3000 3
persist 52090 3000 3
persist 54383 3000 3
persist 52755 3000 3
persist 52864 3000 3
persist 46563 3000 3
persist 47066 3000 3
persist 42663 3000 3
persist 52248 3000 3
persist 52950 3000 3
persist 48695 3000 3
persist 50435 3000 3
persist 36970 2000 2
persist 51900 3000 3
persist 50741 3000 3
persist 49037 3000 3
persist 50954 3000 3
persist 50597 3000 3
persist 50178 3000 3
persist 51101 3000 3
persist 51598 3000 3
persist 50690 3000 3
persist 46302 3000 3
persist 49215 3000 3
persist 43373 3000 3
persist 49573 3000 3
persist 51163 3000 3
persist 37998 2000 2
persist 52658 3000 3
persist 53823 3000 3
persist 51127 3000 3
write base data version: 15900, memory: 1722384384 bytes (1642.59 MB)
persist 52869 3000 3
persist 52545 3000 3
persist 46595 3000 3
persist 44777 3000 3
persist 44308 3000 3
persist 48790 3000 3
persist 38457 2000 2
persist 53308 3000 3
persist 52743 3000 3
persist 51373 3000 3
persist 51724 3000 3
persist 52911 3000 3
persist 53136 3000 3
persist 50020 3000 3
persist 44235 3000 3
persist 47980 3000 3
persist 53187 3000 3
persist 50325 3000 3
persist 47482 3000 3
persist 43707 3000 3
persist 43686 3000 3
persist 44881 3000 3
persist 51919 3000 3
persist 52450 3000 3
persist 48027 3000 3
persist 55287 3000 3
persist 33348 2000 2
persist 45756 3000 3
persist 45305 3000 3
persist 47549 3000 3
persist 50464 3000 3
persist 51180 3000 3
persist 49915 3000 3
persist 51670 3000 3
write base data version: 16000, memory: 1346498560 bytes (1284.12 MB)
persist 52503 3000 3
persist 50747 3000 3
persist 51117 3000 3
persist 52063 3000 3
persist 54839 3000 3
persist 52249 3000 3
persist 53294 3000 3
persist 59651 3000 3
persist 52282 3000 3
persist 52485 3000 3
persist 53188 3000 3
persist 52231 3000 3
persist 51187 3000 3
persist 52476 3000 3
persist 52265 3000 3
persist 53576 3000 3
persist 52402 3000 3
persist 51165 3000 3
persist 48901 3000 3
persist 52220 3000 3
persist 53138 3000 3
persist 48483 3000 3
persist 47057 3000 3
persist 46312 3000 3
persist 46855 3000 3
persist 44848 3000 3
persist 47509 3000 3
persist 51890 3000 3
persist 50876 3000 3
persist 50072 3000 3
persist 51603 3000 3
persist 51478 3000 3
persist 53005 3000 3
write base data version: 16100, memory: 1489465344 bytes (1420.46 MB)
persist 45668 3000 3
persist 45960 3000 3
persist 38517 3000 3
persist 45553 3000 3
persist 33321 2000 2
persist 26055 3000 3
persist 34322 3000 3
persist 21111 2000 2
persist 25605 3000 3
persist 18465 2000 2
persist 29169 3000 3
persist 21567 2000 2
persist 24405 3000 3
persist 22139 2000 2
persist 23807 3000 3
persist 20644 2000 2
persist 24033 3000 3
persist 24137 2000 2
persist 25039 3000 3
persist 24271 2000 2
persist 25500 3000 3
persist 24863 2000 2
persist 26027 3000 3
persist 25130 2000 2
persist 25352 3000 3
persist 25639 2000 2
persist 25327 3000 3
persist 24146 2000 2
persist 25779 3000 3
persist 24794 2000 2
persist 25170 3000 3
persist 25263 2000 2
persist 24980 3000 3
persist 25278 2000 2
persist 25436 3000 3
persist 24622 2000 2
persist 25127 3000 3
persist 25810 2000 2
persist 25444 3000 3
persist 25266 2000 2
write base data version: 16200, memory: 1643077632 bytes (1566.96 MB)
persist 25248 3000 3
persist 24326 2000 2
persist 25208 3000 3
persist 25110 2000 2
persist 23701 3000 3
persist 24980 2000 2
persist 25000 3000 3
persist 26533 2000 2
persist 24021 3000 3
persist 18786 2000 2
persist 27641 3000 3
persist 17211 2000 2
persist 29100 3000 3
persist 17625 2000 2
persist 25742 2000 2
persist 26468 3000 3
persist 26971 2000 2
persist 24476 3000 3
persist 22762 2000 2
persist 27849 3000 3
persist 24258 2000 2
persist 25167 3000 3
persist 30495 3000 3
persist 23833 2000 2
persist 23972 3000 3
persist 24503 2000 2
persist 25197 3000 3
persist 35294 3000 3
persist 17871 2000 2
persist 51654 3000 3
persist 55716 3000 3
persist 57226 3000 3
persist 47965 3000 3
persist 51400 3000 3
persist 53276 3000 3
persist 52858 3000 3
persist 55321 3000 3
persist 54493 3000 3
write base data version: 16300, memory: 1791496192 bytes (1708.50 MB)
persist 55084 3000 3
persist 54293 3000 3
persist 54097 3000 3
persist 55616 3000 3
persist 55833 3000 3
persist 50659 3000 3
persist 47526 3000 3
persist 49044 3000 3
persist 52882 3000 3
persist 47999 3000 3
persist 45995 3000 3
persist 51819 3000 3
persist 45640 3000 3
persist 49596 3000 3
persist 37894 2000 2
persist 53200 3000 3
persist 53027 3000 3
persist 53314 3000 3
persist 53581 3000 3
persist 52805 3000 3
persist 79006 3000 3
persist 49360 3000 3
persist 50270 3000 3
persist 55575 3000 3
persist 58420 3000 3
persist 57653 3000 3
persist 57541 3000 3
persist 53335 3000 3
persist 50496 3000 3
persist 50845 3000 3
persist 50923 3000 3
persist 51586 3000 3
persist 48213 3000 3
write base data version: 16400, memory: 1425547264 bytes (1359.51 MB)
persist 44940 3000 3
persist 45724 3000 3
persist 48884 3000 3
persist 49491 3000 3
persist 50798 3000 3
persist 36830 2000 2
persist 51739 3000 3
persist 51960 3000 3
persist 52594 3000 3
persist 51307 3000 3
persist 57090 3000 3
persist 59880 3000 3
persist 58143 3000 3
persist 58316 3000 3
persist 59315 3000 3
persist 58073 3000 3
persist 57636 3000 3
persist 58493 3000 3
persist 61008 3000 3
persist 61483 3000 3
persist 56173 3000 3
persist 58168 3000 3
persist 58671 3000 3
persist 59234 3000 3
persist 76273 4000 4
persist 58558 3000 3
persist 61050 3000 3
persist 58374 3000 3
persist 60504 3000 3
persist 90454 4000 4
persist 59905 3000 3
persist 60607 3000 3
persist 56572 3000 3
write base data version: 16500, memory: 1573969920 bytes (1501.05 MB)
persist 56213 3000 3
persist 55581 3000 3
persist 56079 3000 3
persist 57313 3000 3
persist 57338 3000 3
persist 58675 3000 3
persist 87217 4000 4
persist 58135 3000 3
persist 58415 3000 3
persist 58143 3000 3
persist 58995 3000 3
persist 58759 3000 3
persist 75411 4000 4
persist 57595 3000 3
persist 57408 3000 3
persist 84250 4000 4
persist 57227 3000 3
persist 56604 3000 3
persist 57052 3000 3
persist 81917 4000 4
persist 59366 3000 3
persist 57636 3000 3
persist 57466 3000 3
persist 73859 4000 4
persist 59329 3000 3
persist 58304 3000 3
persist 89462 4000 4
persist 58524 3000 3
persist 58779 3000 3
persist 59423 3000 3
persist 83735 4000 4
write base data version: 16600, memory: 1716826112 bytes (1637.29 MB)
persist 57563 3000 3
persist 56870 3000 3
persist 54937 3000 3
persist 56780 3000 3
persist 86621 4000 4
persist 57203 3000 3
persist 57893 3000 3
persist 55895 3000 3
persist 58514 3000 3
persist 80112 4000 4
persist 57752 3000 3
persist 57443 3000 3
persist 57346 3000 3
persist 83632 4000 4
persist 58392 3000 3
persist 58522 3000 3
persist 59916 3000 3
persist 57120 3000 3
persist 58440 3000 3
persist 89047 4000 4
persist 58958 3000 3
persist 59632 3000 3
persist 59483 3000 3
persist 60174 3000 3
persist 59146 3000 3
persist 50372 3000 3
persist 49805 3000 3
persist 51080 3000 3
persist 51412 3000 3
persist 52933 3000 3
persist 79357 4000 4
persist 61165 3000 3
write base data version: 16700, memory: 1861279744 bytes (1775.05 MB)
persist 58218 3000 3
persist 58586 3000 3
persist 58716 3000 3
persist 58862 3000 3
persist 58741 3000 3
persist 59456 3000 3
persist 50004 3000 3
persist 49532 3000 3
persist 58838 3000 3
persist 57823 3000 3
persist 59874 3000 3
persist 54461 3000 3
persist 53311 3000 3
persist 53694 3000 3
persist 53199 3000 3
persist 52018 3000 3
persist 47192 3000 3
persist 44881 3000 3
persist 49954 3000 3
persist 37361 2000 2
persist 60065 3000 3
persist 58893 3000 3
persist 51661 3000 3
persist 53938 3000 3
persist 51542 3000 3
persist 52690 3000 3
persist 51575 3000 3
persist 52580 3000 3
persist 45710 3000 3
persist 45284 3000 3
persist 42244 2000 2
persist 59127 3000 3
persist 61037 3000 3
persist 59703 3000 3
write base data version: 16800, memory: 1507889152 bytes (1438.04 MB)
persist 47814 3000 3
persist 45007 3000 3
persist 52335 3000 3
persist 39118 2000 2
persist 57136 3000 3
persist 57804 3000 3
persist 57909 3000 3
persist 55594 3000 3
persist 58219 3000 3
persist 78927 4000 4
persist 52459 3000 3
persist 53525 3000 3
persist 51931 3000 3
persist 53580 3000 3
persist 54501 3000 3
persist 55318 3000 3
persist 55516 3000 3
persist 59574 3000 3
persist 49778 3000 3
persist 53737 3000 3
persist 47189 3000 3
persist 46510 3000 3
persist 47168 3000 3
persist 47360 3000 3
persist 50670 3000 3
persist 49763 3000 3
persist 50424 3000 3
persist 48176 3000 3
persist 52200 3000 3
persist 52571 3000 3
persist 52552 3000 3
persist 50554 3000 3
persist 53089 3000 3
write base data version: 16900, memory: 1656963072 bytes (1580.20 MB)
persist 52888 3000 3
persist 50033 3000 3
persist 39926 2000 2
persist 46546 3000 3
persist 47188 3000 3
persist 46528 3000 3
persist 47737 3000 3
persist 45716 3000 3
persist 45660 3000 3
persist 58223 3000 3
persist 119527 6000 6
persist 138472 7000 7
persist 163685 9000 9
persist 189138 9000 9
persist 207083 10000 10
persist 142752 7000 7
persist 91267 5000 5
persist 57361 3000 3
persist 60385 3000 3
persist 60479 3000 3
persist 60731 3000 3
persist 60908 3000 3
persist 60001 3000 3
write base data version: 17000, memory: 1799319552 bytes (1715.96 MB)
persist 58285 3000 3
persist 58323 3000 3
persist 58387 3000 3
persist 58710 3000 3
persist 62111 3000 3
persist 56502 3000 3
persist 63671 3000 3
persist 61546 3000 3
persist 63786 3000 3
persist 63845 3000 3
persist 60368 3000 3
persist 62180 3000 3
persist 60859 3000 3
persist 59747 3000 3
persist 59252 3000 3
persist 57762 3000 3
persist 54564 3000 3
persist 49903 3000 3
persist 60318 3000 3
persist 43164 2000 2
persist 59770 3000 3
persist 53758 3000 3
persist 50756 3000 3
persist 47099 3000 3
persist 53738 3000 3
persist 39346 2000 2
persist 55044 3000 3
persist 53647 3000 3
persist 46853 3000 3
persist 66375 3000 3
persist 41971 2000 2
persist 57847 3000 3
persist 56634 3000 3
persist 55401 3000 3
persist 55342 3000 3
write base data version: 17100, memory: 1444773888 bytes (1377.84 MB)
persist 56453 3000 3
persist 57797 3000 3
persist 58098 3000 3
persist 56915 3000 3
persist 58423 3000 3
persist 58070 3000 3
persist 58737 3000 3
persist 59598 3000 3
persist 57948 3000 3
persist 86669 4000 4
persist 57171 3000 3
persist 58586 3000 3
persist 58353 3000 3
persist 58613 3000 3
persist 57685 3000 3
persist 58539 3000 3
persist 58575 3000 3
persist 51976 3000 3
persist 53548 3000 3
persist 53716 3000 3
persist 58056 3000 3
persist 54360 3000 3
persist 57571 3000 3
persist 58249 3000 3
persist 58584 3000 3
persist 58679 3000 3
persist 55463 3000 3
persist 74833 4000 4
persist 51951 3000 3
persist 51602 3000 3
persist 52448 3000 3
persist 58325 3000 3
write base data version: 17200, memory: 1593339904 bytes (1519.53 MB)
persist 57867 3000 3
persist 58075 3000 3
persist 59857 3000 3
persist 53685 3000 3
persist 52491 3000 3
persist 53433 3000 3
persist 52689 3000 3
persist 52813 3000 3
persist 51266 3000 3
persist 48566 3000 3
persist 52087 3000 3
persist 52009 3000 3
persist 51666 3000 3
persist 51009 3000 3
persist 51643 3000 3
persist 51153 3000 3
persist 52065 3000 3
persist 53077 3000 3
persist 47016 3000 3
persist 43844 3000 3
persist 46050 3000 3
persist 49456 3000 3
persist 49054 3000 3
persist 47159 3000 3
persist 44467 3000 3
persist 53726 3000 3
persist 36328 2000 2
persist 51954 3000 3
persist 50037 3000 3
persist 52707 3000 3
persist 50605 3000 3
persist 49912 3000 3
persist 49274 3000 3
persist 49532 3000 3
write base data version: 17300, memory: 1748520960 bytes (1667.52 MB)
persist 50042 3000 3
persist 48460 3000 3
persist 49219 3000 3
persist 47227 3000 3
persist 46775 3000 3
persist 41072 3000 3
persist 40694 3000 3
persist 44938 3000 3
persist 41876 3000 3
persist 41456 3000 3
persist 43152 3000 3
persist 48854 3000 3
persist 48938 3000 3
persist 52556 3000 3
persist 36396 2000 2
persist 52449 3000 3
persist 50833 3000 3
persist 49524 3000 3
persist 51718 3000 3
persist 50724 3000 3
persist 50007 3000 3
persist 50359 3000 3
persist 42516 3000 3
persist 44789 3000 3
persist 50065 3000 3
persist 45133 3000 3
persist 48737 3000 3
persist 50715 3000 3
persist 49651 3000 3
persist 50176 3000 3
persist 53472 3000 3
persist 53775 3000 3
persist 53045 3000 3
persist 53226 3000 3
write base data version: 17400, memory: 1891184640 bytes (1803.57 MB)
persist 50876 3000 3
persist 53097 3000 3
persist 48185 3000 3
persist 50084 3000 3
persist 51159 3000 3
persist 51372 3000 3
persist 56371 3000 3
persist 57999 3000 3
persist 51548 3000 3
persist 56898 3000 3
persist 51612 3000 3
persist 36361 2000 2
persist 51311 3000 3
persist 52832 3000 3
persist 54012 3000 3
persist 52497 3000 3
persist 51195 3000 3
persist 52627 3000 3
persist 52086 3000 3
persist 45069 3000 3
persist 50255 3000 3
persist 51451 3000 3
persist 50938 3000 3
persist 51569 3000 3
persist 50301 3000 3
persist 50515 3000 3
persist 51909 3000 3
persist 52961 3000 3
persist 52428 3000 3
persist 49512 3000 3
persist 50615 3000 3
persist 51409 3000 3
persist 52446 3000 3
write base data version: 17500, memory: 1534214144 bytes (1463.14 MB)
persist 50204 3000 3
persist 53161 3000 3
persist 51886 3000 3
persist 53580 3000 3
persist 50766 3000 3
persist 54205 3000 3
persist 52208 3000 3
persist 52481 3000 3
persist 53211 3000 3
persist 51831 3000 3
persist 51890 3000 3
persist 50010 3000 3
persist 53217 3000 3
persist 52626 3000 3
persist 56276 3000 3
persist 77012 4000 4
persist 50837 3000 3
persist 51898 3000 3
persist 51235 3000 3
persist 49928 3000 3
persist 49993 3000 3
persist 49603 3000 3
persist 51371 3000 3
persist 52594 3000 3
persist 51634 3000 3
persist 45652 3000 3
persist 44938 3000 3
persist 50738 3000 3
persist 38808 2000 2
persist 55307 3000 3
persist 51034 3000 3
persist 51638 3000 3
persist 51292 3000 3
persist 51501 3000 3
write base data version: 17600, memory: 1691680768 bytes (1613.31 MB)
persist 51361 3000 3
persist 46823 3000 3
persist 44138 3000 3
persist 41297 3000 3
persist 45281 3000 3
persist 47729 3000 3
persist 45632 3000 3
persist 44721 3000 3
persist 49682 3000 3
persist 50266 3000 3
persist 48804 3000 3
persist 45366 3000 3
persist 49530 3000 3
persist 50124 3000 3
persist 48340 3000 3
persist 44103 3000 3
persist 51955 3000 3
persist 52036 3000 3
persist 52892 3000 3
persist 54703 3000 3
persist 53029 3000 3
persist 53214 3000 3
persist 52071 3000 3
persist 54312 3000 3
persist 49310 3000 3
persist 48074 3000 3
persist 42693 3000 3
persist 43293 3000 3
persist 46965 3000 3
persist 50994 3000 3
persist 53015 3000 3
persist 37218 2000 2
persist 53292 3000 3
write base data version: 17700, memory: 1831428096 bytes (1746.59 MB)
persist 54103 3000 3
persist 53248 3000 3
persist 51701 3000 3
persist 51438 3000 3
persist 51686 3000 3
persist 51705 3000 3
persist 54382 3000 3
persist 51188 3000 3
persist 46249 3000 3
persist 45069 3000 3
persist 51739 3000 3
persist 37499 2000 2
persist 53557 3000 3
persist 53440 3000 3
persist 53438 3000 3
persist 45288 3000 3
persist 47105 3000 3
persist 46929 3000 3
persist 48236 3000 3
persist 45243 3000 3
persist 52320 3000 3
persist 45964 3000 3
persist 50232 3000 3
persist 59689 3000 3
persist 56883 3000 3
persist 57395 3000 3
persist 58034 3000 3
persist 57357 3000 3
persist 47991 3000 3
persist 49155 3000 3
persist 56033 3000 3
persist 44851 2000 2
persist 60053 3000 3
persist 59524 3000 3
write base data version: 17800, memory: 1979854848 bytes (1888.14 MB)
persist 59257 3000 3
persist 59471 3000 3
persist 57614 3000 3
persist 57954 3000 3
persist 69069 3000 3
persist 58091 3000 3
persist 54044 3000 3
persist 53180 3000 3
persist 52679 3000 3
persist 46305 3000 3
persist 45634 3000 3
persist 50046 3000 3
persist 36639 2000 2
persist 58263 3000 3
persist 58353 3000 3
persist 57862 3000 3
persist 56375 3000 3
persist 56472 3000 3
persist 56487 3000 3
persist 58730 3000 3
persist 59156 3000 3
persist 58999 3000 3
persist 57104 3000 3
persist 58275 3000 3
persist 58703 3000 3
persist 58360 3000 3
persist 58645 3000 3
persist 87504 4000 4
persist 59357 3000 3
persist 59153 3000 3
persist 59787 3000 3
persist 58898 3000 3
persist 58542 3000 3
persist 59183 3000 3
write base data version: 17900, memory: 1616461824 bytes (1541.58 MB)
persist 58192 3000 3
persist 57571 3000 3
persist 57309 3000 3
persist 56903 3000 3
persist 57976 3000 3
persist 57163 3000 3
persist 59359 3000 3
persist 60560 3000 3
persist 57448 3000 3
persist 50946 3000 3
persist 51572 3000 3
persist 52990 3000 3
persist 52145 3000 3
persist 51835 3000 3
persist 51770 3000 3
persist 71559 4000 4
persist 55146 3000 3
persist 49136 3000 3
persist 50604 3000 3
persist 49926 3000 3
persist 49687 3000 3
persist 50083 3000 3
persist 51208 3000 3
persist 50914 3000 3
persist 50275 3000 3
persist 50814 3000 3
persist 50232 3000 3
persist 50612 3000 3
persist 51276 3000 3
persist 51424 3000 3
persist 50323 3000 3
persist 50754 3000 3
persist 49988 3000 3
write base data version: 18000, memory: 1767829504 bytes (1685.93 MB)
persist 51472 3000 3
persist 50546 3000 3
persist 57163 3000 3
persist 57823 3000 3
persist 59112 3000 3
persist 59385 3000 3
persist 59093 3000 3
persist 59639 3000 3
persist 58834 3000 3
persist 59097 3000 3
persist 58301 3000 3
persist 57762 3000 3
persist 57549 3000 3
persist 59172 3000 3
persist 58594 3000 3
persist 58995 3000 3
persist 59173 3000 3
persist 57793 3000 3
persist 50787 3000 3
persist 46191 3000 3
persist 58975 3000 3
persist 42921 2000 2
persist 58366 3000 3
persist 58128 3000 3
persist 57684 3000 3
persist 55632 3000 3
persist 55063 3000 3
persist 54391 3000 3
persist 52640 3000 3
persist 52992 3000 3
persist 48024 3000 3
persist 42598 3000 3
persist 47263 3000 3
persist 36059 2000 2
write base data version: 18100, memory: 1891889152 bytes (1804.25 MB)
persist 51353 3000 3
persist 50772 3000 3
persist 50849 3000 3
persist 52975 3000 3
persist 51890 3000 3
persist 50724 3000 3
persist 46317 3000 3
persist 48592 3000 3
persist 52148 3000 3
persist 50506 3000 3
persist 46886 3000 3
persist 46778 3000 3
persist 44205 3000 3
persist 43633 3000 3
persist 36219 2000 2
persist 52743 3000 3
persist 53071 3000 3
persist 52502 3000 3
persist 43845 3000 3
persist 56564 3000 3
persist 42893 2000 2
persist 60183 3000 3
persist 58294 3000 3
persist 56102 3000 3
persist 48100 3000 3
persist 42562 2000 2
persist 85500 3000 3
persist 58608 3000 3
persist 51200 3000 3
persist 25635 3000 3
persist 27363 2000 2
persist 55425 3000 3
persist 56228 3000 3
persist 43603 2000 2
persist 59073 3000 3
write base data version: 18200, memory: 1521217536 bytes (1450.75 MB)
persist 58898 3000 3
persist 47187 3000 3
persist 55519 3000 3
persist 51388 3000 3
persist 53145 3000 3
persist 35912 2000 2
persist 53786 3000 3
persist 52759 3000 3
persist 52915 3000 3
persist 53108 3000 3
persist 53951 3000 3
persist 52207 3000 3
persist 52018 3000 3
persist 52268 3000 3
persist 52382 3000 3
persist 54305 3000 3
persist 53775 3000 3
persist 49651 3000 3
persist 46593 3000 3
persist 44866 3000 3
persist 51362 3000 3
persist 54338 3000 3
persist 55395 3000 3
persist 59754 3000 3
persist 59157 3000 3
persist 57905 3000 3
persist 58571 3000 3
persist 58872 3000 3
persist 57786 3000 3
persist 57817 3000 3
persist 58784 3000 3
persist 57360 3000 3
persist 58218 3000 3
write base data version: 18300, memory: 1663766528 bytes (1586.69 MB)
persist 58734 3000 3
persist 59203 3000 3
persist 59019 3000 3
persist 58997 3000 3
persist 59499 3000 3
persist 48737 3000 3
persist 50669 3000 3
persist 55115 3000 3
persist 36604 2000 2
persist 52726 3000 3
persist 51242 3000 3
persist 52161 3000 3
persist 51397 3000 3
persist 49317 3000 3
persist 47079 3000 3
persist 37033 2000 2
persist 53952 3000 3
persist 50195 3000 3
persist 53260 3000 3
persist 49934 3000 3
persist 46177 3000 3
persist 46286 3000 3
persist 53852 3000 3
persist 36999 2000 2
persist 52963 3000 3
persist 52918 3000 3
persist 54197 3000 3
persist 51940 3000 3
persist 50039 3000 3
persist 47333 3000 3
persist 45720 3000 3
persist 50972 3000 3
persist 36599 2000 2
persist 52983 3000 3
persist 51987 3000 3
write base data version: 18400, memory: 1809879040 bytes (1726.04 MB)
persist 52099 3000 3
persist 45701 3000 3
persist 46244 3000 3
persist 51213 3000 3
persist 38345 2000 2
persist 51863 3000 3
persist 51342 3000 3
persist 51315 3000 3
persist 44542 3000 3
persist 45365 3000 3
persist 48767 3000 3
persist 36838 2000 2
persist 54424 3000 3
persist 52779 3000 3
persist 52919 3000 3
persist 51397 3000 3
persist 51878 3000 3
persist 47282 3000 3
persist 49354 3000 3
persist 51919 3000 3
persist 49406 3000 3
persist 44279 3000 3
persist 45559 3000 3
persist 45632 3000 3
persist 45606 3000 3
persist 42661 3000 3
persist 43850 3000 3
persist 41946 3000 3
persist 42871 3000 3
persist 45746 3000 3
persist 45879 3000 3
persist 52681 3000 3
persist 53457 3000 3
persist 52314 3000 3
write base data version: 18500, memory: 1952706560 bytes (1862.25 MB)
persist 50187 3000 3
persist 50864 3000 3
persist 51457 3000 3
persist 51982 3000 3
persist 57893 3000 3
persist 50118 3000 3
persist 52306 3000 3
persist 46427 3000 3
persist 46938 3000 3
persist 47765 3000 3
persist 46813 3000 3
persist 45282 3000 3
persist 46080 3000 3
persist 49564 3000 3
persist 47459 3000 3
persist 35979 2000 2
persist 52278 3000 3
persist 52418 3000 3
persist 52150 3000 3
persist 53096 3000 3
persist 52878 3000 3
persist 51863 3000 3
persist 51294 3000 3
persist 51036 3000 3
persist 52368 3000 3
persist 53239 3000 3
persist 53230 3000 3
persist 52543 3000 3
persist 50835 3000 3
persist 51325 3000 3
persist 51631 3000 3
persist 52008 3000 3
persist 51979 3000 3
persist 52956 3000 3
write base data version: 18600, memory: 1575936000 bytes (1502.93 MB)
persist 52431 3000 3
persist 52798 3000 3
persist 50698 3000 3
persist 50924 3000 3
persist 51486 3000 3
persist 53714 3000 3
persist 51356 3000 3
persist 51681 3000 3
persist 51366 3000 3
persist 50640 3000 3
persist 51514 3000 3
persist 50474 3000 3
persist 51103 3000 3
persist 51422 3000 3
persist 52777 3000 3
persist 52760 3000 3
persist 53306 3000 3
persist 51403 3000 3
persist 52975 3000 3
persist 52836 3000 3
persist 54322 3000 3
persist 53934 3000 3
persist 50942 3000 3
persist 54542 3000 3
persist 53325 3000 3
persist 53337 3000 3
persist 50552 3000 3
persist 44761 3000 3
persist 50466 3000 3
persist 49451 3000 3
persist 49705 3000 3
persist 50544 3000 3
persist 50017 3000 3
write base data version: 18700, memory: 1718583296 bytes (1638.97 MB)
persist 49493 3000 3
persist 49071 3000 3
persist 48859 3000 3
persist 49378 3000 3
persist 48843 3000 3
persist 49557 3000 3
persist 49374 3000 3
persist 48955 3000 3
persist 47304 3000 3
persist 47744 3000 3
persist 50643 3000 3
persist 49717 3000 3
persist 50128 3000 3
persist 48878 3000 3
persist 49892 3000 3
persist 48992 3000 3
persist 50397 3000 3
persist 48753 3000 3
persist 50208 3000 3
persist 49074 3000 3
persist 48717 3000 3
persist 48715 3000 3
persist 50510 3000 3
persist 49481 3000 3
persist 49529 3000 3
persist 67266 4000 4
persist 49509 3000 3
persist 51573 3000 3
persist 51487 3000 3
persist 51607 3000 3
persist 51111 3000 3
persist 52424 3000 3
persist 48703 3000 3
write base data version: 18800, memory: 1861382144 bytes (1775.15 MB)
persist 49835 3000 3
persist 50275 3000 3
persist 77503 4000 4
persist 49895 3000 3
persist 49962 3000 3
persist 52108 3000 3
persist 48677 3000 3
persist 50438 3000 3
persist 50935 3000 3
persist 66490 4000 4
persist 54757 3000 3
persist 51626 3000 3
persist 51275 3000 3
persist 52672 3000 3
persist 74841 4000 4
persist 52939 3000 3
persist 52387 3000 3
persist 52833 3000 3
persist 51450 3000 3
persist 51635 3000 3
persist 48871 3000 3
persist 50323 3000 3
persist 75052 4000 4
persist 51719 3000 3
persist 49993 3000 3
persist 53403 3000 3
persist 52224 3000 3
persist 45381 2000 2
persist 56155 3000 3
persist 45314 3000 3
persist 46831 3000 3
persist 45875 3000 3
write base data version: 18900, memory: 2007248896 bytes (1914.26 MB)
persist 43574 3000 3
persist 45187 3000 3
persist 49396 3000 3
persist 49697 3000 3
persist 55537 3000 3
persist 38850 2000 2
persist 64250 3000 3
persist 58938 3000 3
persist 62065 3000 3
persist 59831 3000 3
persist 59180 3000 3
persist 61929 3000 3
persist 55940 3000 3
persist 51990 3000 3
persist 51558 3000 3
persist 54784 3000 3
persist 55941 3000 3
persist 53532 3000 3
persist 55274 3000 3
persist 54030 3000 3
persist 54088 3000 3
persist 55725 3000 3
persist 54383 3000 3
persist 54724 3000 3
persist 49873 3000 3
persist 48935 3000 3
persist 48451 3000 3
persist 49644 3000 3
persist 51447 3000 3
persist 50612 3000 3
persist 53850 3000 3
persist 52276 3000 3
persist 45488 3000 3
persist 45279 3000 3
write base data version: 19000, memory: 1647042560 bytes (1570.74 MB)
persist 49121 3000 3
persist 46357 3000 3
persist 51337 3000 3
persist 53583 3000 3
persist 40131 2000 2
persist 56880 3000 3
persist 56590 3000 3
persist 56899 3000 3
persist 58923 3000 3
persist 59941 3000 3
persist 90820 4000 4
persist 61711 3000 3
persist 60900 3000 3
persist 60994 3000 3
persist 55034 3000 3
persist 56598 3000 3
persist 58007 3000 3
persist 61106 3000 3
persist 58968 3000 3
persist 59199 3000 3
persist 58991 3000 3
persist 60317 3000 3
persist 89508 4000 4
persist 61086 3000 3
persist 59345 3000 3
persist 59246 3000 3
persist 57421 3000 3
persist 79428 4000 4
persist 59160 3000 3
persist 59441 3000 3
persist 57972 3000 3
persist 57834 3000 3
write base data version: 19100, memory: 1804677120 bytes (1721.07 MB)
persist 57626 3000 3
persist 58936 3000 3
persist 85095 4000 4
persist 58187 3000 3
persist 58728 3000 3
persist 58826 3000 3
persist 58338 3000 3
persist 58467 3000 3
persist 60571 3000 3
persist 61470 3000 3
persist 60365 3000 3
persist 53639 3000 3
persist 52290 3000 3
persist 53063 3000 3
persist 52061 3000 3
persist 53186 3000 3
persist 53052 3000 3
persist 52784 3000 3
persist 52307 3000 3
persist 50555 3000 3
persist 51732 3000 3
persist 51783 3000 3
persist 59131 3000 3
persist 59494 3000 3
persist 60969 3000 3
persist 59040 3000 3
persist 59828 3000 3
persist 46936 3000 3
persist 53096 3000 3
persist 54125 3000 3
persist 50459 3000 3
persist 62053 3000 3
persist 61121 3000 3
persist 60604 3000 3
write base data version: 19200, memory: 1953779712 bytes (1863.27 MB)
persist 61459 3000 3
persist 59661 3000 3
persist 60265 3000 3
persist 60113 3000 3
persist 61095 3000 3
persist 67637 3000 3
persist 93215 4000 4
persist 62236 3000 3
persist 57967 3000 3
persist 57220 3000 3
persist 58303 3000 3
persist 58192 3000 3
persist 44644 3000 3
persist 36788 3000 3
persist 47410 3000 3
persist 27220 2000 2
persist 36396 3000 3
persist 31307 2000 2
persist 27411 3000 3
persist 25597 2000 2
persist 24559 3000 3
persist 24962 2000 2
persist 29474 3000 3
persist 20200 2000 2
persist 66827 3000 3
persist 58792 3000 3
persist 41644 2000 2
persist 58295 3000 3
persist 56830 3000 3
persist 56093 3000 3
persist 57145 3000 3
persist 58319 3000 3
persist 55537 3000 3
persist 56019 3000 3
persist 56460 3000 3
write base data version: 19300, memory: 1591336960 bytes (1517.62 MB)
persist 55991 3000 3
persist 57470 3000 3
persist 57817 3000 3
persist 57152 3000 3
persist 58628 3000 3
persist 58900 3000 3
persist 56222 3000 3
persist 56009 3000 3
persist 57314 3000 3
persist 57508 3000 3
persist 83280 4000 4
persist 58485 3000 3
persist 60678 3000 3
persist 57426 3000 3
persist 55063 3000 3
persist 78972 4000 4
persist 60580 3000 3
persist 58224 3000 3
persist 56992 3000 3
persist 57880 3000 3
persist 57589 3000 3
persist 58227 3000 3
persist 76039 4000 4
persist 58550 3000 3
persist 59509 3000 3
persist 58854 3000 3
persist 60542 3000 3
persist 59823 3000 3
persist 56374 3000 3
persist 55988 3000 3
persist 54275 3000 3
persist 53375 3000 3
write base data version: 19400, memory: 1741049856 bytes (1660.39 MB)
persist 53289 3000 3
persist 53928 3000 3
persist 59628 3000 3
persist 56921 3000 3
persist 57739 3000 3
persist 56261 3000 3
persist 56728 3000 3
persist 56417 3000 3
persist 56309 3000 3
persist 55357 3000 3
persist 56035 3000 3
persist 55664 3000 3
persist 56738 3000 3
persist 55437 3000 3
persist 55484 3000 3
persist 55609 3000 3
persist 57165 3000 3
persist 59117 3000 3
persist 55374 3000 3
persist 51897 3000 3
persist 53136 3000 3
persist 54109 3000 3
persist 57896 3000 3
persist 53501 3000 3
persist 53799 3000 3
persist 52923 3000 3
persist 53908 3000 3
persist 51559 3000 3
persist 52222 3000 3
persist 53685 3000 3
persist 53921 3000 3
persist 55757 3000 3
persist 52251 3000 3
write base data version: 19500, memory: 1895247872 bytes (1807.45 MB)
persist 51301 3000 3
persist 52767 3000 3
persist 57999 3000 3
persist 57699 3000 3
persist 57855 3000 3
persist 53299 3000 3
persist 52055 3000 3
persist 48129 3000 3
persist 46786 3000 3
persist 53579 3000 3
persist 46651 3000 3
persist 49461 3000 3
persist 46705 3000 3
persist 49706 3000 3
persist 51276 3000 3
persist 48630 3000 3
persist 53753 3000 3
persist 47835 3000 3
persist 46692 3000 3
persist 37851 2000 2
persist 53366 3000 3
persist 57267 3000 3
persist 57605 3000 3
persist 58597 3000 3
persist 59249 3000 3
persist 59589 3000 3
persist 58512 3000 3
persist 53885 3000 3
persist 52967 3000 3
persist 52389 3000 3
persist 53326 3000 3
persist 50000 3000 3
persist 50093 3000 3
persist 52725 3000 3
write base data version: 19600, memory: 2035355648 bytes (1941.07 MB)
persist 52186 3000 3
persist 49251 3000 3
persist 47549 3000 3
persist 53534 3000 3
persist 52832 3000 3
persist 51742 3000 3
persist 50074 3000 3
persist 58459 3000 3
persist 57326 3000 3
persist 57220 3000 3
persist 68174 4000 4
persist 119872 6000 6
persist 143949 8000 8
persist 142421 8000 8
persist 146027 8000 8
persist 174491 9000 9
persist 207563 10000 10
persist 206733 10000 10
write base data version: 19700, memory: 1676197888 bytes (1598.55 MB)
persist 184177 10000 10
persist 174947 10000 10
persist 164390 9000 9
persist 163248 9000 9
persist 164092 9000 9
persist 164961 9000 9
persist 170936 9000 9
persist 172468 9000 9
persist 161378 9000 9
persist 166948 9000 9
persist 160261 9000 9
write base data version: 19800, memory: 1826287616 bytes (1741.68 MB)
persist 163110 9000 9
persist 157259 9000 9
persist 172384 9000 9
persist 180818 9000 9
persist 181808 9000 9
persist 178576 9000 9
persist 188916 9000 9
persist 207253 10000 10
persist 205054 10000 10
persist 205333 10000 10
write base data version: 19900, memory: 1967226880 bytes (1876.09 MB)
persist 187820 10000 10
persist 179088 10000 10
persist 185400 10000 10
persist 210111 10000 10
persist 213472 10000 10
persist 221824 11000 11
persist 193008 11000 11
persist 198180 11000 11
persist 182802 10000 10
persist 161998 9000 9
write base data version: 20000, memory: 2120859648 bytes (2022.61 MB)
persist 165349 9000 9
persist 164823 9000 9
persist 167734 9000 9
persist 143314 8000 8
persist 107893 6000 6
persist 76120 4000 4
persist 58593 3000 3
persist 57373 3000 3
persist 59908 3000 3
persist 58649 3000 3
persist 57271 3000 3
persist 57774 3000 3
persist 59047 3000 3
persist 59965 3000 3
persist 80785 4000 4
persist 59042 3000 3
persist 59708 3000 3
persist 57514 3000 3
persist 59488 3000 3
persist 60218 3000 3
persist 57778 3000 3
persist 59712 3000 3
persist 60856 3000 3
persist 58889 3000 3
persist 58817 3000 3
persist 85888 4000 4
persist 58026 3000 3
write base data version: 20100, memory: 1747992576 bytes (1667.02 MB)
persist 58882 3000 3
persist 58756 3000 3
persist 57853 3000 3
persist 58212 3000 3
persist 58670 3000 3
persist 57500 3000 3
persist 60201 3000 3
persist 60788 3000 3
persist 61052 3000 3
persist 59387 3000 3
persist 60044 3000 3
persist 60525 3000 3
persist 60023 3000 3
persist 57710 3000 3
persist 57013 3000 3
persist 56248 3000 3
persist 55950 3000 3
persist 57476 3000 3
persist 56745 3000 3
persist 58490 3000 3
persist 59104 3000 3
persist 86933 4000 4
persist 56977 3000 3
persist 53304 3000 3
persist 53015 3000 3
persist 54210 3000 3
persist 54647 3000 3
persist 52401 3000 3
persist 52093 3000 3
persist 52640 3000 3
persist 52689 3000 3
persist 70339 4000 4
write base data version: 20200, memory: 1896280064 bytes (1808.43 MB)
persist 103979 6000 6
persist 134104 8000 8
persist 136164 8000 8
persist 152511 9000 9
persist 152785 9000 9
persist 158255 9000 9
persist 154163 9000 9
persist 171438 10000 10
persist 152245 9000 9
persist 157065 9000 9
persist 156861 9000 9
write base data version: 20300, memory: 2038497280 bytes (1944.06 MB)
persist 159768 9000 9
persist 177943 10000 10
persist 158628 9000 9
persist 171835 10000 10
persist 157260 9000 9
persist 158020 9000 9
persist 162786 9000 9
persist 160932 9000 9
persist 117637 7000 7
persist 71095 4000 4
persist 56299 3000 3
persist 76651 3000 3
persist 53547 3000 3
persist 53023 3000 3
persist 52786 3000 3
persist 52968 3000 3
persist 54462 3000 3
persist 54187 3000 3
write base data version: 20400, memory: 1677946880 bytes (1600.21 MB)
persist 48387 3000 3
persist 45524 3000 3
persist 50164 3000 3
persist 37514 2000 2
persist 52015 3000 3
persist 53200 3000 3
persist 53216 3000 3
persist 53771 3000 3
persist 53907 3000 3
persist 53372 3000 3
persist 49152 3000 3
persist 47946 3000 3
persist 54660 3000 3
persist 38426 2000 2
persist 56376 3000 3
persist 53270 3000 3
persist 56512 3000 3
persist 55998 3000 3
persist 54182 3000 3
persist 55449 3000 3
persist 55446 3000 3
persist 54056 3000 3
persist 79666 4000 4
persist 56565 3000 3
persist 56650 3000 3
persist 56083 3000 3
persist 54390 3000 3
persist 55293 3000 3
persist 54801 3000 3
persist 56279 3000 3
persist 60717 3000 3
persist 61801 3000 3
persist 85972 4000 4
write base data version: 20500, memory: 1840066560 bytes (1754.82 MB)
persist 60333 3000 3
persist 58999 3000 3
persist 59463 3000 3
persist 59291 3000 3
persist 56622 3000 3
persist 58799 3000 3
persist 58493 3000 3
persist 56389 3000 3
persist 55532 3000 3
persist 57045 3000 3
persist 57334 3000 3
persist 59556 3000 3
persist 57583 3000 3
persist 87940 4000 4
persist 59654 3000 3
persist 59349 3000 3
persist 51743 3000 3
persist 50422 3000 3
persist 50426 3000 3
persist 52268 3000 3
persist 51836 3000 3
persist 53732 3000 3
persist 52954 3000 3
persist 51760 3000 3
persist 51489 3000 3
persist 59441 3000 3
persist 59154 3000 3
persist 57624 3000 3
persist 58204 3000 3
persist 57608 3000 3
persist 57819 3000 3
persist 58216 3000 3
persist 58568 3000 3
write base data version: 20600, memory: 1991188480 bytes (1898.95 MB)
persist 59343 3000 3
persist 58745 3000 3
persist 60701 3000 3
persist 54965 3000 3
persist 61499 3000 3
persist 61361 3000 3
persist 62323 3000 3
persist 61487 3000 3
persist 64094 3000 3
persist 60254 3000 3
persist 62918 3000 3
persist 59654 3000 3
persist 61285 3000 3
persist 58427 3000 3
persist 59953 3000 3
persist 59196 3000 3
persist 59085 3000 3
persist 59888 3000 3
persist 58623 3000 3
persist 59035 3000 3
persist 58157 3000 3
persist 59612 3000 3
persist 59864 3000 3
persist 60424 3000 3
persist 60660 3000 3
persist 51990 3000 3
persist 50904 3000 3
persist 56702 3000 3
persist 44087 3000 3
persist 53809 3000 3
persist 42198 2000 2
persist 59181 3000 3
persist 58111 3000 3
persist 58700 3000 3
write base data version: 20700, memory: 2145705984 bytes (2046.30 MB)
persist 52176 3000 3
persist 45887 2000 2
persist 59642 3000 3
persist 57996 3000 3
persist 60687 3000 3
persist 59042 3000 3
persist 58755 3000 3
persist 54507 3000 3
persist 46942 3000 3
persist 42519 2000 2
persist 57778 3000 3
persist 57417 3000 3
persist 85518 4000 4
persist 56980 3000 3
persist 57965 3000 3
persist 62829 3000 3
persist 88521 4000 4
persist 58470 3000 3
persist 56881 3000 3
persist 59389 3000 3
persist 58800 3000 3
persist 59678 3000 3
persist 89253 4000 4
persist 57188 3000 3
persist 57619 3000 3
persist 57365 3000 3
persist 58283 3000 3
persist 57768 3000 3
persist 58950 3000 3
persist 58535 3000 3
persist 84651 4000 4
persist 59603 3000 3
write base data version: 20800, memory: 1767964672 bytes (1686.06 MB)
persist 60021 3000 3
persist 56811 3000 3
persist 56228 3000 3
persist 56231 3000 3
persist 58491 3000 3
persist 58363 3000 3
persist 58259 3000 3
persist 85697 4000 4
persist 56875 3000 3
persist 57388 3000 3
persist 57190 3000 3
persist 58465 3000 3
persist 87540 4000 4
persist 57948 3000 3
persist 57027 3000 3
persist 57425 3000 3
persist 58126 3000 3
persist 85820 4000 4
persist 58719 3000 3
persist 58819 3000 3
persist 56838 3000 3
persist 56852 3000 3
persist 57946 3000 3
persist 86543 4000 4
persist 57690 3000 3
persist 58449 3000 3
persist 52097 3000 3
persist 52080 3000 3
persist 50771 3000 3
persist 56218 3000 3
persist 26090 3000 3
persist 25399 2000 2
persist 25132 3000 3
write base data version: 20900, memory: 1923006464 bytes (1833.92 MB)
persist 27025 3000 3
persist 21719 2000 2
persist 23775 3000 3
persist 36080 2000 2
persist 98024 5000 5
persist 139233 7000 7
persist 157672 9000 9
persist 130114 7000 7
persist 72868 4000 4
persist 77260 4000 4
persist 57744 3000 3
persist 58129 3000 3
persist 59010 3000 3
persist 58852 3000 3
persist 56981 3000 3
persist 60729 3000 3
persist 58438 3000 3
persist 57594 3000 3
persist 85592 4000 4
persist 57497 3000 3
persist 57491 3000 3
persist 59391 3000 3
persist 58488 3000 3
persist 55977 3000 3
persist 56747 3000 3
persist 58204 3000 3
persist 58934 3000 3
write base data version: 21000, memory: 2073735168 bytes (1977.67 MB)
persist 58356 3000 3
persist 58891 3000 3
persist 58104 3000 3
persist 77817 4000 4
persist 60180 3000 3
persist 58280 3000 3
persist 58969 3000 3
persist 82402 4000 4
persist 58347 3000 3
persist 57854 3000 3
persist 60375 3000 3
persist 79899 4000 4
persist 60248 3000 3
persist 58046 3000 3
persist 59384 3000 3
persist 63536 4000 4
persist 50008 3000 3
persist 56216 3000 3
persist 51240 3000 3
persist 52756 3000 3
persist 53418 3000 3
persist 54171 3000 3
persist 53506 3000 3
persist 48689 3000 3
persist 48118 3000 3
persist 41114 3000 3
persist 27047 2000 2
persist 45037 3000 3
persist 52658 3000 3
persist 45231 3000 3
persist 37609 2000 2
persist 50807 3000 3
persist 58941 3000 3
write base data version: 21100, memory: 1714913280 bytes (1635.47 MB)
persist 57519 3000 3
persist 57676 3000 3
persist 58377 3000 3
persist 58107 3000 3
persist 57674 3000 3
persist 57285 3000 3
persist 58368 3000 3
persist 57952 3000 3
persist 60518 3000 3
persist 59762 3000 3
persist 59856 3000 3
persist 57978 3000 3
persist 59425 3000 3
persist 58920 3000 3
persist 58198 3000 3
persist 60899 3000 3
persist 61987 3000 3
persist 59871 3000 3
persist 60628 3000 3
persist 58754 3000 3
persist 53022 3000 3
persist 62822 3000 3
persist 62069 3000 3
persist 63566 3000 3
persist 55566 3000 3
persist 53781 3000 3
persist 56256 3000 3
persist 55262 3000 3
persist 56270 3000 3
persist 55389 3000 3
persist 54968 3000 3
persist 54161 3000 3
persist 52860 3000 3
write base data version: 21200, memory: 1842020352 bytes (1756.69 MB)
persist 54338 3000 3
persist 52541 3000 3
persist 52604 3000 3
persist 52598 3000 3
persist 50224 3000 3
persist 50373 3000 3
persist 50840 3000 3
persist 49987 3000 3
persist 48023 3000 3
persist 47370 3000 3
persist 52461 3000 3
persist 50355 3000 3
persist 41948 3000 3
persist 50710 3000 3
persist 51301 3000 3
persist 51446 3000 3
persist 52614 3000 3
persist 51734 3000 3
persist 51772 3000 3
persist 54453 3000 3
persist 48462 3000 3
persist 52871 3000 3
persist 51129 3000 3
persist 57493 3000 3
persist 44250 3000 3
persist 50383 3000 3
persist 52439 3000 3
persist 51644 3000 3
persist 40241 2000 2
persist 60290 3000 3
persist 58961 3000 3
persist 59069 3000 3
persist 80400 4000 4
persist 59719 3000 3
write base data version: 21300, memory: 1988653056 bytes (1896.53 MB)
persist 59918 3000 3
persist 59332 3000 3
persist 80620 4000 4
persist 60112 3000 3
persist 59029 3000 3
persist 62733 3000 3
persist 77818 4000 4
persist 57712 3000 3
persist 60251 3000 3
persist 87920 4000 4
persist 60108 3000 3
persist 59777 3000 3
persist 59861 3000 3
persist 49482 3000 3
persist 60366 3000 3
persist 82532 4000 4
persist 60156 3000 3
persist 61048 3000 3
persist 59985 3000 3
persist 61458 3000 3
persist 55974 3000 3
persist 53304 3000 3
persist 53549 3000 3
persist 75913 4000 4
persist 51956 3000 3
persist 51909 3000 3
persist 51979 3000 3
persist 51661 3000 3
persist 52810 3000 3
persist 53761 3000 3
persist 53298 3000 3
write base data version: 21400, memory: 2133250048 bytes (2034.43 MB)
persist 53653 3000 3
persist 53965 3000 3
persist 57493 3000 3
persist 52788 3000 3
persist 54656 3000 3
persist 48550 3000 3
persist 50597 3000 3
persist 51834 3000 3
persist 51496 3000 3
persist 59278 3000 3
persist 59211 3000 3
persist 61156 3000 3
persist 60148 3000 3
persist 88853 4000 4
persist 57443 3000 3
persist 59448 3000 3
persist 55948 3000 3
persist 56426 3000 3
persist 76684 3000 3
persist 73012 4000 4
persist 58936 3000 3
persist 57578 3000 3
persist 49886 3000 3
persist 49583 3000 3
persist 50342 3000 3
persist 51989 3000 3
persist 52314 3000 3
persist 52671 3000 3
persist 52242 3000 3
persist 53662 3000 3
persist 53291 3000 3
persist 52491 3000 3
persist 51885 3000 3
write base data version: 21500, memory: 1749118976 bytes (1668.09 MB)
persist 52277 3000 3
persist 52274 3000 3
persist 53102 3000 3
persist 54905 3000 3
persist 54772 3000 3
persist 53598 3000 3
persist 52800 3000 3
persist 50997 3000 3
persist 51652 3000 3
persist 52375 3000 3
persist 50723 3000 3
persist 51163 3000 3
persist 49191 3000 3
persist 45051 3000 3
persist 44520 3000 3
persist 45892 3000 3
persist 43540 3000 3
persist 43614 3000 3
persist 50391 3000 3
persist 37346 2000 2
persist 52470 3000 3
persist 53306 3000 3
persist 52502 3000 3
persist 52986 3000 3
persist 53246 3000 3
persist 51824 3000 3
persist 54140 3000 3
persist 70425 4000 4
persist 52142 3000 3
persist 52969 3000 3
persist 49747 3000 3
persist 51703 3000 3
persist 66442 4000 4
write base data version: 21600, memory: 1891901440 bytes (1804.26 MB)
persist 47856 3000 3
persist 48128 3000 3
persist 48571 3000 3
persist 48693 3000 3
persist 49550 3000 3
persist 71090 4000 4
persist 48418 3000 3
persist 49767 3000 3
persist 50052 3000 3
persist 48466 3000 3
persist 48830 3000 3
persist 64004 4000 4
persist 49342 3000 3
persist 50567 3000 3
persist 52492 3000 3
persist 47896 3000 3
persist 49475 3000 3
persist 71315 4000 4
persist 49259 3000 3
persist 51647 3000 3
persist 49700 3000 3
persist 48705 3000 3
persist 49777 3000 3
persist 50958 3000 3
persist 50677 3000 3
persist 69874 4000 4
persist 50225 3000 3
persist 51830 3000 3
persist 50647 3000 3
persist 52762 3000 3
persist 52004 3000 3
persist 52616 3000 3
write base data version: 21700, memory: 2034388992 bytes (1940.14 MB)
persist 52469 3000 3
persist 50579 3000 3
persist 54350 3000 3
persist 54376 3000 3
persist 56283 3000 3
persist 54011 3000 3
persist 54401 3000 3
persist 56306 3000 3
persist 54077 3000 3
persist 54609 3000 3
persist 55443 3000 3
persist 54683 3000 3
persist 60344 3000 3
persist 54837 3000 3
persist 54431 3000 3
persist 54344 3000 3
persist 53548 3000 3
persist 55915 3000 3
persist 48398 3000 3
persist 47357 3000 3
persist 48732 3000 3
persist 47577 3000 3
persist 52352 3000 3
persist 38521 2000 2
persist 53063 3000 3
persist 52912 3000 3
persist 50772 3000 3
persist 51363 3000 3
persist 50900 3000 3
persist 51915 3000 3
persist 52456 3000 3
persist 49662 3000 3
persist 45819 3000 3
persist 36882 2000 2
write base data version: 21800, memory: 2185990144 bytes (2084.72 MB)
persist 54177 3000 3
persist 51049 3000 3
persist 48525 3000 3
persist 42239 3000 3
persist 25608 2000 2
persist 52115 3000 3
persist 56451 3000 3
persist 82125 3000 3
persist 46488 3000 3
persist 50641 3000 3
persist 39304 2000 2
persist 55601 3000 3
persist 55203 3000 3
persist 54932 3000 3
persist 51205 3000 3
persist 46442 3000 3
persist 52168 3000 3
persist 53800 3000 3
persist 36823 2000 2
persist 52227 3000 3
persist 54191 3000 3
persist 53001 3000 3
persist 52792 3000 3
persist 54540 3000 3
persist 53301 3000 3
persist 48137 3000 3
persist 48998 3000 3
persist 53446 3000 3
persist 46514 3000 3
persist 49019 3000 3
persist 47619 3000 3
persist 46511 3000 3
persist 45535 3000 3
persist 47863 3000 3
write base data version: 21900, memory: 1825718272 bytes (1741.14 MB)
persist 49021 3000 3
persist 46374 3000 3
persist 45635 3000 3
persist 46574 3000 3
persist 47062 3000 3
persist 45623 3000 3
persist 45010 3000 3
persist 51335 3000 3
persist 56539 3000 3
persist 53843 3000 3
persist 46659 3000 3
persist 52394 3000 3
persist 53539 3000 3
persist 55563 3000 3
persist 48977 3000 3
persist 59749 3000 3
persist 57903 3000 3
persist 39696 2000 2
persist 54258 3000 3
persist 56000 3000 3
persist 53140 3000 3
persist 53713 3000 3
persist 53451 3000 3
persist 53769 3000 3
persist 52726 3000 3
persist 52822 3000 3
persist 53575 3000 3
persist 59367 3000 3
persist 50675 3000 3
persist 50357 3000 3
persist 54009 3000 3
persist 44666 2000 2
persist 54668 3000 3
persist 52792 3000 3
write base data version: 22000, memory: 1988325376 bytes (1896.21 MB)
persist 52240 3000 3
persist 53922 3000 3
persist 52817 3000 3
persist 52063 3000 3
persist 45627 3000 3
persist 49918 3000 3
persist 53326 3000 3
persist 37536 2000 2
persist 53661 3000 3
persist 52929 3000 3
persist 54373 3000 3
persist 50197 3000 3
persist 44410 3000 3
persist 50708 3000 3
persist 37920 2000 2
persist 55209 3000 3
persist 55538 3000 3
persist 52994 3000 3
persist 51680 3000 3
persist 53494 3000 3
persist 49906 3000 3
persist 46368 3000 3
persist 36655 2000 2
persist 53893 3000 3
persist 53173 3000 3
persist 54186 3000 3
persist 53427 3000 3
persist 51514 3000 3
persist 48132 3000 3
persist 43713 3000 3
persist 48521 3000 3
persist 54779 3000 3
persist 37501 2000 2
persist 54322 3000 3
persist 53385 3000 3
write base data version: 22100, memory: 2131165184 bytes (2032.44 MB)
persist 56798 3000 3
persist 54560 3000 3
persist 50596 3000 3
persist 44920 3000 3
persist 46105 3000 3
persist 50748 3000 3
persist 35621 2000 2
persist 54034 3000 3
persist 52801 3000 3
persist 51681 3000 3
persist 53333 3000 3
persist 55118 3000 3
persist 53306 3000 3
persist 54201 3000 3
persist 50218 3000 3
persist 51489 3000 3
persist 51553 3000 3
persist 51711 3000 3
persist 51416 3000 3
persist 54779 3000 3
persist 55023 3000 3
persist 52027 3000 3
persist 51373 3000 3
persist 52744 3000 3
persist 51858 3000 3
persist 52581 3000 3
persist 52683 3000 3
persist 51171 3000 3
persist 79797 3000 3
persist 51071 3000 3
persist 49651 3000 3
persist 55946 3000 3
persist 57527 3000 3
persist 58659 3000 3
write base data version: 22200, memory: 1767231488 bytes (1685.36 MB)
persist 56167 3000 3
persist 56510 3000 3
persist 53815 3000 3
persist 105594 6000 6
persist 136806 8000 8
persist 163305 9000 9
persist 185846 9000 9
persist 204846 10000 10
persist 219510 11000 11
persist 194544 11000 11
persist 190048 11000 11
persist 201845 10000 10
write base data version: 22300, memory: 1913987072 bytes (1825.32 MB)
persist 226414 11000 11
persist 208264 11000 11
persist 206350 11000 11
persist 186039 11000 11
persist 181088 10000 10
persist 217734 11000 11
persist 221648 11000 11
persist 220184 11000 11
persist 225747 11000 11
write base data version: 22400, memory: 2056597504 bytes (1961.32 MB)
persist 202424 10000 10
persist 205969 11000 11
persist 191632 11000 11
persist 185680 10000 10
persist 85858 5000 5
persist 56112 3000 3
persist 51308 3000 3
persist 50850 3000 3
persist 51965 3000 3
persist 52394 3000 3
persist 53433 3000 3
persist 50632 3000 3
persist 50172 3000 3
persist 53179 3000 3
persist 50399 3000 3
persist 50790 3000 3
persist 59237 3000 3
persist 58595 3000 3
persist 58717 3000 3
persist 52263 3000 3
persist 53584 3000 3
persist 53353 3000 3
persist 52768 3000 3
persist 53075 3000 3
persist 59759 3000 3
write base data version: 22500, memory: 2210570240 bytes (2108.16 MB)
persist 91121 4000 4
persist 56385 3000 3
persist 57465 3000 3
persist 57094 3000 3
persist 58968 3000 3
persist 57765 3000 3
persist 55395 3000 3
persist 57687 3000 3
persist 51695 3000 3
persist 52792 3000 3
persist 58379 3000 3
persist 46155 3000 3
persist 48172 3000 3
persist 44560 2000 2
persist 62096 3000 3
persist 59572 3000 3
persist 58971 3000 3
persist 49725 3000 3
persist 47643 3000 3
persist 49537 3000 3
persist 43808 3000 3
persist 58019 3000 3
persist 56125 3000 3
persist 41642 2000 2
persist 52908 3000 3
persist 52050 3000 3
persist 51456 3000 3
persist 53073 3000 3
persist 58165 3000 3
persist 58750 3000 3
persist 57669 3000 3
persist 58227 3000 3
persist 59501 3000 3
persist 59545 3000 3
write base data version: 22600, memory: 1855819776 bytes (1769.85 MB)
persist 59514 3000 3
persist 58106 3000 3
persist 51862 3000 3
persist 45228 3000 3
persist 53344 3000 3
persist 60311 3000 3
persist 46550 2000 2
persist 57745 3000 3
persist 58762 3000 3
persist 58853 3000 3
persist 58480 3000 3
persist 60194 3000 3
persist 51664 3000 3
persist 44932 3000 3
persist 56601 3000 3
persist 44837 2000 2
persist 43942 3000 3
persist 41489 3000 3
persist 38070 3000 3
persist 42958 2000 2
persist 62250 3000 3
persist 61055 3000 3
persist 59849 3000 3
persist 62096 3000 3
persist 62626 3000 3
persist 63915 3000 3
persist 62899 3000 3
persist 51991 3000 3
persist 57117 3000 3
persist 44975 2000 2
persist 60660 3000 3
persist 60773 3000 3
persist 59591 3000 3
persist 62433 3000 3
write base data version: 22700, memory: 1998282752 bytes (1905.71 MB)
persist 58776 3000 3
persist 62855 3000 3
persist 61272 3000 3
persist 57456 3000 3
persist 59558 3000 3
persist 56063 3000 3
persist 58322 3000 3
persist 58497 3000 3
persist 67296 3000 3
persist 79068 4000 4
persist 58973 3000 3
persist 59564 3000 3
persist 58102 3000 3
persist 57369 3000 3
persist 60538 3000 3
persist 60274 3000 3
persist 76361 4000 4
persist 59470 3000 3
persist 58054 3000 3
persist 57975 3000 3
persist 58454 3000 3
persist 75940 4000 4
persist 52843 3000 3
persist 53413 3000 3
persist 51504 3000 3
persist 59062 3000 3
persist 57851 3000 3
persist 58157 3000 3
persist 55686 3000 3
persist 55963 3000 3
persist 57872 3000 3
persist 58423 3000 3
write base data version: 22800, memory: 2155315200 bytes (2055.47 MB)
persist 77519 4000 4
persist 59668 3000 3
persist 59992 3000 3
persist 60110 3000 3
persist 56782 3000 3
persist 56210 3000 3
persist 56934 3000 3
persist 51806 3000 3
persist 51130 3000 3
persist 50338 3000 3
persist 54214 3000 3
persist 54293 3000 3
persist 53943 3000 3
persist 52462 3000 3
persist 53073 3000 3
persist 52789 3000 3
persist 52914 3000 3
persist 53898 3000 3
persist 53300 3000 3
persist 54025 3000 3
persist 54977 3000 3
persist 54793 3000 3
persist 54330 3000 3
persist 48532 3000 3
persist 30299 2000 2
persist 45824 3000 3
persist 37380 2000 2
persist 52951 3000 3
persist 52428 3000 3
persist 51069 3000 3
persist 88242 5000 5
persist 104945 6000 6
write base data version: 22900, memory: 2302713856 bytes (2196.04 MB)
persist 145512 8000 8
persist 90603 5000 5
persist 58814 3000 3
persist 50405 3000 3
persist 55389 3000 3
persist 58717 3000 3
persist 58502 3000 3
persist 59416 3000 3
persist 58205 3000 3
persist 57504 3000 3
persist 58221 3000 3
persist 58158 3000 3
persist 58975 3000 3
persist 58376 3000 3
persist 58994 3000 3
persist 57965 3000 3
persist 58173 3000 3
persist 58855 3000 3
persist 58993 3000 3
persist 58420 3000 3
persist 59910 3000 3
persist 59583 3000 3
persist 57588 3000 3
persist 52097 3000 3
persist 52304 3000 3
persist 52701 3000 3
persist 50182 3000 3
persist 49399 3000 3
persist 48523 3000 3
persist 50010 3000 3
persist 50395 3000 3
write base data version: 23000, memory: 1924915200 bytes (1835.74 MB)
persist 51582 3000 3
persist 51814 3000 3
persist 74103 4000 4
persist 50942 3000 3
persist 50703 3000 3
persist 50054 3000 3
persist 50540 3000 3
persist 51145 3000 3
persist 52581 3000 3
persist 50673 3000 3
persist 49901 3000 3
persist 51895 3000 3
persist 52943 3000 3
persist 52650 3000 3
persist 71588 4000 4
persist 49906 3000 3
persist 51301 3000 3
persist 48605 3000 3
persist 48477 3000 3
persist 47533 3000 3
persist 49769 3000 3
persist 47985 3000 3
persist 47716 3000 3
persist 50489 3000 3
persist 50250 3000 3
persist 67717 4000 4
persist 49962 3000 3
persist 52012 3000 3
persist 50838 3000 3
persist 50848 3000 3
persist 49761 3000 3
persist 48992 3000 3
persist 48967 3000 3
write base data version: 23100, memory: 2067279872 bytes (1971.51 MB)
persist 48706 3000 3
persist 48899 3000 3
persist 49046 3000 3
persist 48293 3000 3
persist 46768 3000 3
persist 49084 3000 3
persist 49425 3000 3
persist 49724 3000 3
persist 68569 4000 4
persist 50340 3000 3
persist 49862 3000 3
persist 49249 3000 3
persist 49177 3000 3
persist 49987 3000 3
persist 50831 3000 3
persist 50453 3000 3
persist 50296 3000 3
persist 50065 3000 3
persist 50507 3000 3
persist 51235 3000 3
persist 51233 3000 3
persist 50172 3000 3
persist 52957 3000 3
persist 53424 3000 3
persist 52410 3000 3
persist 52335 3000 3
persist 52241 3000 3
persist 51502 3000 3
persist 51716 3000 3
persist 52274 3000 3
persist 50603 3000 3
persist 43286 3000 3
persist 46009 3000 3
write base data version: 23200, memory: 2209808384 bytes (2107.44 MB)
persist 45382 3000 3
persist 46768 3000 3
persist 47130 3000 3
persist 48604 3000 3
persist 52889 3000 3
persist 52822 3000 3
persist 53749 3000 3
persist 53702 3000 3
persist 53726 3000 3
persist 53706 3000 3
persist 55741 3000 3
persist 50002 3000 3
persist 46834 3000 3
persist 42452 3000 3
persist 42243 2000 2
persist 53793 3000 3
persist 52873 3000 3
persist 52332 3000 3
persist 51314 3000 3
persist 50411 3000 3
persist 73826 3000 3
persist 58963 3000 3
persist 60639 3000 3
persist 87756 4000 4
persist 59977 3000 3
persist 61219 3000 3
persist 61522 3000 3
persist 60987 3000 3
persist 59392 3000 3
persist 59049 3000 3
persist 57219 3000 3
persist 61727 3000 3
persist 77746 4000 4
write base data version: 23300, memory: 1839738880 bytes (1754.51 MB)
persist 58172 3000 3
persist 61070 3000 3
persist 61986 3000 3
persist 58022 3000 3
persist 62587 3000 3
persist 88500 4000 4
persist 58006 3000 3
persist 59890 3000 3
persist 52166 3000 3
persist 51833 3000 3
persist 52818 3000 3
persist 54755 3000 3
persist 53156 3000 3
persist 51299 3000 3
persist 52498 3000 3
persist 53948 3000 3
persist 59961 3000 3
persist 59812 3000 3
persist 62452 3000 3
persist 60375 3000 3
persist 61000 3000 3
persist 60386 3000 3
persist 58895 3000 3
persist 60926 3000 3
persist 59942 3000 3
persist 60762 3000 3
persist 61378 3000 3
persist 59726 3000 3
persist 60760 3000 3
persist 59097 3000 3
persist 60672 3000 3
persist 60573 3000 3
persist 62965 3000 3
write base data version: 23400, memory: 1992507392 bytes (1900.20 MB)
persist 62224 3000 3
persist 62798 3000 3
persist 62770 3000 3
persist 63112 3000 3
persist 63314 3000 3
persist 59476 3000 3
persist 83477 4000 4
persist 58168 3000 3
persist 60012 3000 3
persist 60378 3000 3
persist 61565 3000 3
persist 58784 3000 3
persist 65375 3000 3
persist 56178 3000 3
persist 62137 3000 3
persist 58341 3000 3
persist 61018 3000 3
persist 59752 3000 3
persist 58057 3000 3
persist 54753 3000 3
persist 44558 3000 3
persist 51987 3000 3
persist 46923 3000 3
persist 45889 3000 3
persist 48540 3000 3
persist 51851 3000 3
persist 38170 2000 2
persist 52717 3000 3
persist 52781 3000 3
persist 51604 3000 3
persist 52155 3000 3
persist 50328 3000 3
persist 48151 3000 3
write base data version: 23500, memory: 2147995648 bytes (2048.49 MB)
persist 44496 3000 3
persist 46911 3000 3
persist 55039 3000 3
persist 46256 3000 3
persist 48495 3000 3
persist 53657 3000 3
persist 52965 3000 3
persist 38658 2000 2
persist 52997 3000 3
persist 54287 3000 3
persist 54079 3000 3
persist 60960 3000 3
persist 61861 3000 3
persist 61928 3000 3
persist 60359 3000 3
persist 86098 4000 4
persist 89144 5000 5
persist 59236 3000 3
persist 58554 3000 3
persist 61098 3000 3
persist 60048 3000 3
persist 60168 3000 3
persist 60245 3000 3
persist 59949 3000 3
persist 60211 3000 3
persist 58871 3000 3
persist 59760 3000 3
persist 58781 3000 3
persist 60597 3000 3
persist 60066 3000 3
persist 80396 4000 4
persist 60820 3000 3
persist 57163 3000 3
write base data version: 23600, memory: 2311512064 bytes (2204.43 MB)
persist 57043 3000 3
persist 62905 3000 3
persist 59269 3000 3
persist 58261 3000 3
persist 54070 3000 3
persist 61571 3000 3
persist 42264 2000 2
persist 55056 3000 3
persist 52835 3000 3
persist 51420 3000 3
persist 51350 3000 3
persist 46597 3000 3
persist 51188 3000 3
persist 63606 3000 3
persist 50498 3000 3
persist 51288 3000 3
persist 41817 2000 2
persist 51501 3000 3
persist 52675 3000 3
persist 50693 3000 3
persist 52318 3000 3
persist 51544 3000 3
persist 52777 3000 3
persist 52301 3000 3
persist 56332 3000 3
persist 58512 3000 3
persist 57783 3000 3
persist 58435 3000 3
persist 58531 3000 3
persist 58728 3000 3
persist 59397 3000 3
persist 58505 3000 3
persist 58436 3000 3
persist 58148 3000 3
write base data version: 23700, memory: 1937027072 bytes (1847.29 MB)
persist 58768 3000 3
persist 58917 3000 3
persist 59783 3000 3
persist 58445 3000 3
persist 59427 3000 3
persist 57266 3000 3
persist 58178 3000 3
persist 55947 3000 3
persist 56351 3000 3
persist 58159 3000 3
persist 57592 3000 3
persist 86558 4000 4
persist 57489 3000 3
persist 54331 3000 3
persist 52637 3000 3
persist 54760 3000 3
persist 54087 3000 3
persist 49123 3000 3
persist 45045 3000 3
persist 48693 3000 3
persist 49513 3000 3
persist 48756 3000 3
persist 48479 3000 3
persist 45924 3000 3
persist 48749 3000 3
persist 37628 2000 2
persist 49698 3000 3
persist 51248 3000 3
persist 49884 3000 3
persist 52706 3000 3
persist 46144 3000 3
persist 44064 3000 3
persist 46202 3000 3
write base data version: 23800, memory: 2090774528 bytes (1993.92 MB)
persist 43688 3000 3
persist 48218 3000 3
persist 58741 3000 3
persist 59390 3000 3
persist 58065 3000 3
persist 58176 3000 3
persist 57999 3000 3
persist 59074 3000 3
persist 86764 4000 4
persist 59702 3000 3
persist 60141 3000 3
persist 58124 3000 3
persist 59983 3000 3
persist 60439 3000 3
persist 76347 4000 4
persist 52879 3000 3
persist 52865 3000 3
persist 50413 3000 3
persist 57896 3000 3
persist 56890 3000 3
persist 59133 3000 3
persist 50736 3000 3
persist 59232 3000 3
persist 59990 3000 3
persist 59538 3000 3
persist 59372 3000 3
persist 86307 4000 4
persist 59051 3000 3
persist 58221 3000 3
persist 58481 3000 3
persist 59677 3000 3
persist 56018 3000 3
write base data version: 23900, memory: 2237960192 bytes (2134.29 MB)
persist 56843 3000 3
persist 59330 3000 3
persist 58778 3000 3
persist 86770 4000 4
persist 57669 3000 3
persist 58549 3000 3
persist 57869 3000 3
persist 57314 3000 3
persist 58550 3000 3
persist 58642 3000 3
persist 86175 4000 4
persist 58889 3000 3
persist 59091 3000 3
persist 60237 3000 3
persist 59240 3000 3
persist 61034 3000 3
persist 60286 3000 3
persist 86381 4000 4
persist 59797 3000 3
persist 60017 3000 3
persist 56986 3000 3
persist 51582 3000 3
persist 52578 3000 3
persist 52742 3000 3
persist 52632 3000 3
persist 52742 3000 3
persist 45653 3000 3
persist 43694 2000 2
persist 59152 3000 3
persist 59927 3000 3
persist 60064 3000 3
persist 58478 3000 3
persist 50666 3000 3
write base data version: 24000, memory: 2390417408 bytes (2279.68 MB)
persist 50597 2000 2
persist 83270 3000 3
persist 58906 3000 3
persist 58847 3000 3
persist 58696 3000 3
persist 59720 3000 3
persist 60625 3000 3
persist 59454 3000 3
persist 59669 3000 3
persist 58526 3000 3
persist 60021 3000 3
persist 61136 3000 3
persist 60891 3000 3
persist 63118 3000 3
persist 95126 4000 4
persist 62158 3000 3
persist 58930 3000 3
persist 55635 3000 3
persist 107367 6000 6
persist 127841 7000 7
persist 143931 8000 8
persist 145810 8000 8
persist 164409 8000 8
write base data version: 24100, memory: 2013626368 bytes (1920.34 MB)
persist 197336 9000 9
persist 199278 9000 9
persist 142261 7000 7
persist 67797 4000 4
persist 52357 3000 3
persist 78994 4000 4
persist 50684 3000 3
persist 53994 3000 3
persist 37050 2000 2
persist 54175 3000 3
persist 54421 3000 3
persist 48620 3000 3
persist 49262 3000 3
persist 35561 2000 2
persist 50956 3000 3
persist 50701 3000 3
persist 50137 3000 3
persist 51076 3000 3
persist 58678 3000 3
persist 58733 3000 3
persist 58753 3000 3
persist 58793 3000 3
persist 56165 3000 3
persist 58707 3000 3
persist 59211 3000 3
persist 87987 4000 4
persist 61762 3000 3
persist 59273 3000 3
persist 58507 3000 3
persist 61416 3000 3
persist 57970 3000 3
write base data version: 24200, memory: 2162167808 bytes (2062.00 MB)
persist 59881 3000 3
persist 60964 3000 3
persist 83893 4000 4
persist 59108 3000 3
persist 59719 3000 3
persist 60332 3000 3
persist 57888 3000 3
persist 50364 3000 3
persist 50315 3000 3
persist 50723 3000 3
persist 58409 3000 3
persist 58063 3000 3
persist 86860 4000 4
persist 59399 3000 3
persist 57608 3000 3
persist 61045 3000 3
persist 59672 3000 3
persist 61036 3000 3
persist 61060 3000 3
persist 60087 3000 3
persist 62952 3000 3
persist 59913 3000 3
persist 87125 4000 4
persist 62369 3000 3
persist 61165 3000 3
persist 60786 3000 3
persist 62257 3000 3
persist 59431 3000 3
persist 63605 3000 3
persist 59547 3000 3
persist 61038 3000 3
persist 59817 3000 3
write base data version: 24300, memory: 2310356992 bytes (2203.33 MB)
persist 60967 3000 3
persist 60598 3000 3
persist 63804 3000 3
persist 61780 3000 3
persist 59855 3000 3
persist 52843 3000 3
persist 52575 3000 3
persist 54988 3000 3
persist 55780 3000 3
persist 50640 3000 3
persist 43326 2000 2
persist 61079 3000 3
persist 62231 3000 3
persist 59569 3000 3
persist 67989 3000 3
persist 61295 3000 3
persist 60604 3000 3
persist 59141 3000 3
persist 58466 3000 3
persist 58906 3000 3
persist 56255 3000 3
persist 54181 3000 3
persist 54188 3000 3
persist 54319 3000 3
persist 54486 3000 3
persist 54848 3000 3
persist 82846 3000 3
persist 77540 4000 4
persist 53304 3000 3
persist 54313 3000 3
persist 53153 3000 3
persist 53553 3000 3
persist 56923 3000 3
write base data version: 24400, memory: 1928232960 bytes (1838.91 MB)
persist 55116 3000 3
persist 53556 3000 3
persist 54978 3000 3
persist 51836 3000 3
persist 50899 3000 3
persist 52391 3000 3
persist 51040 3000 3
persist 50520 3000 3
persist 49960 3000 3
persist 51979 3000 3
persist 51580 3000 3
persist 76825 4000 4
persist 51855 3000 3
persist 49716 3000 3
persist 52596 3000 3
persist 51364 3000 3
persist 53677 3000 3
persist 52878 3000 3
persist 54766 3000 3
persist 53205 3000 3
persist 53769 3000 3
persist 52844 3000 3
persist 52730 3000 3
persist 52480 3000 3
persist 55017 3000 3
persist 53951 3000 3
persist 54145 3000 3
persist 53503 3000 3
persist 53795 3000 3
persist 55263 3000 3
persist 55347 3000 3
persist 54137 3000 3
persist 54204 3000 3
write base data version: 24500, memory: 2070949888 bytes (1975.01 MB)
persist 54633 3000 3
persist 54939 3000 3
persist 53326 3000 3
persist 50732 3000 3
persist 50095 3000 3
persist 51331 3000 3
persist 52495 3000 3
persist 51235 3000 3
persist 50773 3000 3
persist 49959 3000 3
persist 50848 3000 3
persist 50101 3000 3
persist 50779 3000 3
persist 53675 3000 3
persist 52850 3000 3
persist 54943 3000 3
persist 51130 3000 3
persist 49945 3000 3
persist 50708 3000 3
persist 50525 3000 3
persist 52341 3000 3
persist 53402 3000 3
persist 52636 3000 3
persist 51693 3000 3
persist 51834 3000 3
persist 51467 3000 3
persist 53602 3000 3
persist 46280 3000 3
persist 51026 3000 3
persist 51800 3000 3
persist 48597 3000 3
persist 42818 3000 3
persist 46469 3000 3
persist 49776 3000 3
write base data version: 24600, memory: 2213986304 bytes (2111.42 MB)
persist 54133 3000 3
persist 50901 3000 3
persist 50679 3000 3
persist 52067 3000 3
persist 38805 2000 2
persist 56232 3000 3
persist 61222 3000 3
persist 61230 3000 3
persist 58223 3000 3
persist 51584 3000 3
persist 45097 2000 2
persist 61290 3000 3
persist 59832 3000 3
persist 61492 3000 3
persist 59305 3000 3
persist 59041 3000 3
persist 59348 3000 3
persist 59925 3000 3
persist 62685 3000 3
persist 49029 3000 3
persist 49173 2000 2
persist 58577 3000 3
persist 49313 2000 2
persist 51081 2000 2
persist 58433 3000 3
persist 43794 2000 2
persist 47112 3000 3
persist 39683 2000 2
persist 53942 3000 3
persist 41742 2000 2
persist 51283 3000 3
persist 58166 3000 3
persist 38863 2000 2
persist 38742 2000 2
persist 41420 3000 3
persist 42294 2000 2
persist 56671 3000 3
write base data version: 24700, memory: 2357952512 bytes (2248.72 MB)
persist 44082 2000 2
persist 60290 3000 3
persist 64007 3000 3
persist 40510 2000 2
persist 61159 3000 3
persist 37550 2000 2
persist 64351 3000 3
persist 43655 2000 2
persist 43753 3000 3
persist 23741 1000 1
persist 41065 2000 2
persist 42273 3000 3
persist 36500 2000 2
persist 40180 2000 2
persist 56793 3000 3
persist 58418 3000 3
persist 40897 2000 2
persist 53080 3000 3
persist 52683 3000 3
persist 37066 2000 2
persist 47843 3000 3
persist 41682 2000 2
persist 43656 2000 2
persist 50463 3000 3
persist 43050 2000 2
persist 54825 3000 3
persist 53615 3000 3
persist 40597 2000 2
persist 49011 3000 3
persist 26865 2000 2
persist 38998 2000 2
persist 43205 2000 2
persist 49999 3000 3
persist 38478 2000 2
persist 59663 3000 3
persist 42977 2000 2
persist 39567 2000 2
persist 54040 3000 3
persist 42603 2000 2
persist 43806 3000 3
persist 45719 2000 2
write base data version: 24800, memory: 2006216704 bytes (1913.28 MB)
persist 40227 2000 2
persist 44739 3000 3
persist 42023 2000 2
persist 38416 2000 2
persist 53755 3000 3
persist 47432 2000 2
persist 42675 2000 2
persist 60380 3000 3
persist 41804 2000 2
persist 53598 3000 3
persist 37527 2000 2
persist 55115 3000 3
persist 55843 3000 3
persist 43254 2000 2
persist 60412 3000 3
persist 30167 2000 2
persist 45060 2000 2
persist 47261 2000 2
persist 60865 3000 3
persist 31944 2000 2
persist 29465 2000 2
persist 32126 2000 2
persist 42705 2000 2
persist 39785 2000 2
persist 52676 2000 2
persist 53703 3000 3
persist 31124 2000 2
persist 30272 2000 2
persist 30855 2000 2
persist 41420 2000 2
persist 39253 2000 2
persist 50687 3000 3
persist 28630 2000 2
persist 35652 2000 2
persist 56465 3000 3
persist 39267 2000 2
persist 35039 2000 2
persist 45286 3000 3
persist 39004 2000 2
persist 51240 3000 3
persist 40378 2000 2
persist 47923 3000 3
persist 40006 2000 2
write base data version: 24900, memory: 2164531200 bytes (2064.26 MB)
persist 57020 3000 3
persist 40393 2000 2
persist 38772 2000 2
persist 54746 3000 3
persist 41974 2000 2
persist 61377 3000 3
persist 39183 2000 2
persist 53817 3000 3
persist 46835 3000 3
persist 39928 2000 2
persist 54272 3000 3
persist 52470 3000 3
persist 38379 2000 2
persist 57224 3000 3
persist 57191 3000 3
persist 54068 3000 3
persist 52136 3000 3
persist 46921 3000 3
persist 55245 3000 3
persist 39226 2000 2
persist 54334 3000 3
persist 52264 3000 3
persist 52838 3000 3
persist 53265 3000 3
persist 54744 3000 3
persist 52090 3000 3
persist 48714 3000 3
persist 53679 3000 3
persist 40615 2000 2
persist 54768 3000 3
persist 52057 3000 3
persist 47710 3000 3
persist 49083 3000 3
persist 56877 3000 3
persist 39348 2000 2
persist 54937 3000 3
write base data version: 25000, memory: 2316771328 bytes (2209.45 MB)
persist 54414 3000 3
persist 54237 3000 3
persist 43525 2000 2
persist 58499 3000 3
persist 43145 2000 2
persist 47682 3000 3
persist 37239 2000 2
persist 51821 3000 3
persist 41637 2000 2
persist 50112 3000 3
persist 48467 3000 3
persist 54256 3000 3
persist 39718 2000 2
persist 55412 3000 3
persist 56476 3000 3
persist 59953 3000 3
persist 56480 3000 3
persist 51651 3000 3
persist 50762 3000 3
persist 43683 3000 3
persist 35888 2000 2
persist 57304 3000 3
persist 52692 3000 3
persist 52107 3000 3
persist 53642 3000 3
persist 42898 2000 2
persist 58947 3000 3
persist 48613 3000 3
persist 44294 3000 3
persist 41673 2000 2
persist 58958 3000 3
persist 58758 3000 3
persist 53555 3000 3
persist 52889 3000 3
persist 38199 2000 2
persist 51610 3000 3
write base data version: 25100, memory: 1937895424 bytes (1848.12 MB)
persist 48772 3000 3
persist 47231 3000 3
persist 54913 3000 3
persist 38750 2000 2
persist 52728 3000 3
persist 54169 3000 3
persist 57786 3000 3
persist 52849 3000 3
persist 48352 3000 3
persist 46145 3000 3
persist 38116 2000 2
persist 57665 3000 3
persist 58522 3000 3
persist 51346 3000 3
persist 45653 3000 3
persist 37003 2000 2
persist 51976 3000 3
persist 51618 3000 3
persist 51740 3000 3
persist 44676 3000 3
persist 46031 3000 3
persist 53851 3000 3
persist 42857 2000 2
persist 53964 3000 3
persist 54689 3000 3
persist 47285 3000 3
persist 49234 3000 3
persist 38355 2000 2
persist 55102 3000 3
persist 59128 3000 3
persist 45318 3000 3
persist 58595 3000 3
persist 42928 2000 2
persist 58963 3000 3
persist 59506 3000 3
persist 53570 3000 3
write base data version: 25200, memory: 2092273664 bytes (1995.35 MB)
persist 45473 3000 3
persist 50477 3000 3
persist 59850 3000 3
persist 39034 2000 2
persist 54483 3000 3
persist 59744 3000 3
persist 59455 3000 3
persist 62403 3000 3
persist 52045 3000 3
persist 49028 3000 3
persist 59213 3000 3
persist 45893 2000 2
persist 57700 3000 3
persist 57551 3000 3
persist 58739 3000 3
persist 58485 3000 3
persist 58788 3000 3
persist 58223 3000 3
persist 58125 3000 3
persist 58652 3000 3
persist 58774 3000 3
persist 54522 3000 3
persist 53647 3000 3
persist 52742 3000 3
persist 51829 3000 3
persist 52655 3000 3
persist 49353 3000 3
persist 49891 3000 3
persist 47859 3000 3
persist 45682 3000 3
persist 45309 3000 3
persist 48546 3000 3
persist 48383 3000 3
persist 44975 3000 3
write base data version: 25300, memory: 2249043968 bytes (2144.86 MB)
persist 45523 3000 3
persist 51288 3000 3
persist 50622 3000 3
persist 46856 3000 3
persist 48783 3000 3
persist 53369 3000 3
persist 48835 3000 3
persist 43459 3000 3
persist 50035 3000 3
persist 50818 3000 3
persist 35643 2000 2
persist 50695 3000 3
persist 51638 3000 3
persist 51759 3000 3
persist 47677 3000 3
persist 44526 3000 3
persist 43438 3000 3
persist 47495 3000 3
persist 48424 3000 3
persist 38611 2000 2
persist 52661 3000 3
persist 49892 3000 3
persist 51001 3000 3
persist 50800 3000 3
persist 55190 3000 3
persist 50799 3000 3
persist 58041 3000 3
persist 51331 3000 3
persist 47568 3000 3
persist 52764 3000 3
persist 52568 3000 3
persist 43039 2000 2
persist 57926 3000 3
persist 59286 3000 3
write base data version: 25400, memory: 2402754560 bytes (2291.45 MB)
persist 60071 3000 3
persist 60265 3000 3
persist 61084 3000 3
persist 62102 3000 3
persist 61349 3000 3
persist 56631 3000 3
persist 57916 3000 3
persist 63352 3000 3
persist 59398 3000 3
persist 51183 3000 3
persist 56296 3000 3
persist 45880 2000 2
persist 61364 3000 3
persist 58217 3000 3
persist 48170 3000 3
persist 58082 3000 3
persist 36059 2000 2
persist 51875 3000 3
persist 46115 3000 3
persist 44193 2000 2
persist 48083 3000 3
persist 49417 3000 3
persist 37837 2000 2
persist 52541 3000 3
persist 49376 3000 3
persist 51612 3000 3
persist 37941 2000 2
persist 52960 3000 3
persist 45755 3000 3
persist 51507 3000 3
persist 37115 2000 2
persist 51791 3000 3
persist 53324 3000 3
persist 51984 3000 3
persist 52794 3000 3
write base data version: 25500, memory: 2038071296 bytes (1943.66 MB)
persist 53120 3000 3
persist 48659 3000 3
persist 43433 3000 3
persist 48316 3000 3
persist 49553 3000 3
persist 49390 3000 3
persist 48796 3000 3
persist 49662 3000 3
persist 44321 3000 3
persist 46059 3000 3
persist 46389 3000 3
persist 46879 3000 3
persist 51453 3000 3
persist 51707 3000 3
persist 51065 3000 3
persist 49463 3000 3
persist 53716 3000 3
persist 49018 3000 3
persist 47118 3000 3
persist 44638 3000 3
persist 48218 3000 3
persist 48685 3000 3
persist 46903 3000 3
persist 45026 3000 3
persist 45149 3000 3
persist 51626 3000 3
persist 38816 2000 2
persist 53958 3000 3
persist 53511 3000 3
persist 52771 3000 3
persist 53551 3000 3
persist 47769 3000 3
persist 47932 3000 3
persist 42841 3000 3
write base data version: 25600, memory: 2190405632 bytes (2088.93 MB)
persist 44686 3000 3
persist 45792 3000 3
persist 49028 3000 3
persist 49975 3000 3
persist 34918 2000 2
persist 51475 3000 3
persist 52357 3000 3
persist 46973 3000 3
persist 46271 3000 3
persist 36453 2000 2
persist 50011 3000 3
persist 51796 3000 3
persist 51896 3000 3
persist 42902 3000 3
persist 49981 3000 3
persist 36660 2000 2
persist 50758 3000 3
persist 51714 3000 3
persist 42377 3000 3
persist 44390 3000 3
persist 49687 3000 3
persist 36585 2000 2
persist 51190 3000 3
persist 46686 3000 3
persist 36264 2000 2
persist 50747 3000 3
persist 53993 3000 3
persist 52906 3000 3
persist 45237 3000 3
persist 47694 3000 3
persist 37886 2000 2
persist 51711 3000 3
persist 49554 3000 3
persist 51454 3000 3
persist 47353 3000 3
write base data version: 25700, memory: 2343243776 bytes (2234.69 MB)
persist 51177 3000 3
persist 36450 2000 2
persist 51188 3000 3
persist 52318 3000 3
persist 49124 3000 3
persist 45876 3000 3
persist 36692 2000 2
persist 52010 3000 3
persist 52929 3000 3
persist 51486 3000 3
persist 45394 3000 3
persist 49506 3000 3
persist 38128 2000 2
persist 57004 3000 3
persist 44244 3000 3
persist 51249 3000 3
persist 37778 2000 2
persist 53847 3000 3
persist 45251 3000 3
persist 39048 2000 2
persist 53709 3000 3
persist 52858 3000 3
persist 52331 3000 3
persist 39315 2000 2
persist 53910 3000 3
persist 54173 3000 3
persist 53285 3000 3
persist 53539 3000 3
persist 50386 3000 3
persist 43481 3000 3
persist 48451 2000 2
persist 54546 3000 3
persist 50133 3000 3
persist 43971 3000 3
persist 59018 3000 3
persist 43204 2000 2
write base data version: 25800, memory: 2497626112 bytes (2381.92 MB)
persist 60650 3000 3
persist 48904 3000 3
persist 43526 3000 3
persist 57190 3000 3
persist 36483 2000 2
persist 50800 3000 3
persist 52421 3000 3
persist 44927 3000 3
persist 87440 3000 3
persist 37194 2000 2
persist 54073 3000 3
persist 54224 3000 3
persist 53608 3000 3
persist 46326 3000 3
persist 43732 3000 3
persist 50718 3000 3
persist 38899 2000 2
persist 54887 3000 3
persist 52168 3000 3
persist 52728 3000 3
persist 45550 3000 3
persist 47634 3000 3
persist 53597 3000 3
persist 37942 2000 2
persist 53069 3000 3
persist 60256 3000 3
persist 60811 3000 3
persist 60307 3000 3
persist 45838 3000 3
persist 51864 3000 3
persist 44905 2000 2
persist 60064 3000 3
persist 59830 3000 3
persist 61245 3000 3
persist 59152 3000 3
write base data version: 25900, memory: 2129260544 bytes (2030.62 MB)
persist 58394 3000 3
persist 51334 3000 3
persist 51710 3000 3
persist 48218 3000 3
persist 43722 3000 3
persist 51399 3000 3
persist 41917 2000 2
persist 59556 3000 3
persist 61106 3000 3
persist 59660 3000 3
persist 60367 3000 3
persist 59269 3000 3
persist 60893 3000 3
persist 53141 3000 3
persist 53204 3000 3
persist 53357 3000 3
persist 48046 3000 3
persist 48692 3000 3
persist 36113 2000 2
persist 53382 3000 3
persist 54103 3000 3
persist 47736 3000 3
persist 43849 3000 3
persist 51204 3000 3
persist 36720 2000 2
persist 53630 3000 3
persist 44527 3000 3
persist 49862 3000 3
persist 38243 2000 2
persist 52400 3000 3
persist 52998 3000 3
persist 49858 3000 3
persist 44432 3000 3
persist 36079 2000 2
persist 51682 3000 3
write base data version: 26000, memory: 2273984512 bytes (2168.64 MB)
persist 51410 3000 3
persist 52025 3000 3
persist 43209 3000 3
persist 50019 3000 3
persist 36583 2000 2
persist 51826 3000 3
persist 52418 3000 3
persist 52458 3000 3
persist 45227 3000 3
persist 47119 3000 3
persist 37675 2000 2
persist 52932 3000 3
persist 53474 3000 3
persist 51087 3000 3
persist 44868 3000 3
persist 38837 2000 2
persist 51983 3000 3
persist 51813 3000 3
persist 53383 3000 3
persist 53279 3000 3
persist 77355 4000 4
persist 53145 3000 3
persist 52579 3000 3
persist 54433 3000 3
persist 53186 3000 3
persist 53798 3000 3
persist 54026 3000 3
persist 58445 3000 3
persist 53120 3000 3
persist 41981 2000 2
persist 57580 3000 3
persist 42812 2000 2
persist 58824 3000 3
persist 56718 3000 3
persist 39358 2000 2
write base data version: 26100, memory: 2404925440 bytes (2293.52 MB)
persist 52704 3000 3
persist 52268 3000 3
persist 39039 2000 2
persist 54260 3000 3
persist 56397 3000 3
persist 54409 3000 3
persist 51805 3000 3
persist 39957 2000 2
persist 55535 3000 3
persist 53828 3000 3
persist 55832 3000 3
persist 54664 3000 3
persist 55079 3000 3
persist 54039 3000 3
persist 50789 3000 3
persist 50629 3000 3
persist 55851 3000 3
persist 57138 3000 3
persist 49325 3000 3
persist 48399 3000 3
persist 44980 3000 3
persist 57719 3000 3
persist 60115 3000 3
persist 45157 3000 3
persist 36532 2000 2
persist 46578 3000 3
persist 38533 3000 3
persist 54564 3000 3
persist 52873 3000 3
persist 43501 2000 2
persist 54227 3000 3
persist 46699 3000 3
persist 49940 3000 3
persist 38235 2000 2
persist 54046 3000 3
write base data version: 26200, memory: 2036097024 bytes (1941.77 MB)
persist 45455 3000 3
persist 40661 2000 2
persist 54962 3000 3
persist 55380 3000 3
persist 45646 3000 3
persist 37763 2000 2
persist 53760 3000 3
persist 54647 3000 3
persist 61238 3000 3
persist 56670 3000 3
persist 53802 3000 3
persist 42868 2000 2
persist 59108 3000 3
persist 61656 3000 3
persist 61128 3000 3
persist 48880 3000 3
persist 61236 3000 3
persist 39675 2000 2
persist 58310 3000 3
persist 53736 3000 3
persist 53918 3000 3
persist 54183 3000 3
persist 45023 3000 3
persist 53999 3000 3
persist 39457 2000 2
persist 55040 3000 3
persist 54540 3000 3
persist 54060 3000 3
persist 46288 3000 3
persist 46874 3000 3
persist 49195 3000 3
persist 54069 3000 3
persist 53472 3000 3
persist 54370 3000 3
persist 56602 3000 3
persist 43626 2000 2
write base data version: 26300, memory: 2197237760 bytes (2095.45 MB)
persist 57573 3000 3
persist 51214 3000 3
persist 54948 3000 3
persist 54554 3000 3
persist 53995 3000 3
persist 55122 3000 3
persist 48591 3000 3
persist 50619 3000 3
persist 50584 3000 3
persist 46599 3000 3
persist 44618 3000 3
persist 44023 3000 3
persist 51550 3000 3
persist 51361 3000 3
persist 53129 3000 3
persist 49813 3000 3
persist 60998 3000 3
persist 57107 3000 3
persist 57826 3000 3
persist 57095 3000 3
persist 58429 3000 3
persist 50700 3000 3
persist 71655 4000 4
persist 52279 3000 3
persist 57658 3000 3
persist 57280 3000 3
persist 57174 3000 3
persist 58058 3000 3
persist 43801 3000 3
persist 34088 3000 3
persist 25417 3000 3
persist 25226 2000 2
persist 25660 3000 3
write base data version: 26400, memory: 2327105536 bytes (2219.30 MB)
persist 28598 3000 3
persist 37734 2000 2
persist 52933 3000 3
persist 51670 3000 3
persist 52668 3000 3
persist 51560 3000 3
persist 52574 3000 3
persist 52363 3000 3
persist 52185 3000 3
persist 52684 3000 3
persist 51476 3000 3
persist 53608 3000 3
persist 52095 3000 3
persist 53762 3000 3
persist 53626 3000 3
persist 50970 3000 3
persist 49400 3000 3
persist 47900 3000 3
persist 47904 3000 3
persist 48378 3000 3
persist 52881 3000 3
persist 52759 3000 3
persist 52711 3000 3
persist 47797 3000 3
persist 48596 3000 3
persist 50580 3000 3
persist 52298 3000 3
persist 47838 3000 3
persist 50195 3000 3
persist 49013 3000 3
persist 45726 3000 3
persist 50946 3000 3
persist 54798 3000 3
persist 54578 3000 3
write base data version: 26500, memory: 2472849408 bytes (2358.29 MB)
persist 51879 3000 3
persist 50449 3000 3
persist 51163 3000 3
persist 48411 3000 3
persist 44564 3000 3
persist 48459 3000 3
persist 53089 3000 3
persist 53922 3000 3
persist 37945 2000 2
persist 64850 3000 3
persist 54922 3000 3
persist 53470 3000 3
persist 39274 2000 2
persist 56085 3000 3
persist 54154 3000 3
persist 60109 3000 3
persist 57476 3000 3
persist 53860 3000 3
persist 37985 2000 2
persist 51838 3000 3
persist 52751 3000 3
persist 53218 3000 3
persist 53485 3000 3
persist 55115 3000 3
persist 56225 3000 3
persist 54669 3000 3
persist 45343 3000 3
persist 45178 3000 3
persist 46068 3000 3
persist 47138 3000 3
persist 56017 3000 3
persist 45335 2000 2
persist 61826 3000 3
persist 52122 3000 3
write base data version: 26600, memory: 2123091968 bytes (2024.74 MB)
persist 51796 3000 3
persist 53007 3000 3
persist 52042 3000 3
persist 52822 3000 3
persist 51724 3000 3
persist 51959 3000 3
persist 52878 3000 3
persist 52915 3000 3
persist 52786 3000 3
persist 54221 3000 3
persist 52360 3000 3
persist 51616 3000 3
persist 51145 3000 3
persist 50109 3000 3
persist 52754 3000 3
persist 51715 3000 3
persist 52624 3000 3
persist 51678 3000 3
persist 50121 3000 3
persist 44919 3000 3
persist 43700 3000 3
persist 43581 3000 3
persist 44183 3000 3
persist 45939 3000 3
persist 44968 3000 3
persist 37202 3000 3
persist 37359 3000 3
persist 35379 3000 3
persist 35744 3000 3
persist 39888 3000 3
persist 34654 2000 2
persist 50734 3000 3
persist 50388 3000 3
persist 49801 3000 3
write base data version: 26700, memory: 2277310464 bytes (2171.81 MB)
persist 50124 3000 3
persist 50818 3000 3
persist 51594 3000 3
persist 51989 3000 3
persist 53514 3000 3
persist 51130 3000 3
persist 51265 3000 3
persist 51819 3000 3
persist 52123 3000 3
persist 50921 3000 3
persist 49418 3000 3
persist 51449 3000 3
persist 49688 3000 3
persist 49650 3000 3
persist 48500 3000 3
persist 46603 3000 3
persist 46030 3000 3
persist 51037 3000 3
persist 43480 3000 3
persist 44063 3000 3
persist 45991 3000 3
persist 51623 3000 3
persist 51951 3000 3
persist 50136 3000 3
persist 45715 3000 3
persist 51906 3000 3
persist 52067 3000 3
persist 51700 3000 3
persist 51023 3000 3
persist 44171 3000 3
persist 40610 3000 3
persist 34667 3000 3
persist 36364 3000 3
write base data version: 26800, memory: 2427035648 bytes (2314.60 MB)
persist 37619 3000 3
persist 27029 2000 2
persist 39535 3000 3
persist 25694 3000 3
persist 24612 2000 2
persist 48944 3000 3
persist 43542 3000 3
persist 43357 3000 3
persist 35029 3000 3
persist 35162 3000 3
persist 34917 3000 3
persist 40829 3000 3
persist 31828 2000 2
persist 42127 3000 3
persist 53759 3000 3
persist 52311 3000 3
persist 53826 3000 3
persist 49812 3000 3
persist 49694 3000 3
persist 46349 3000 3
persist 46424 3000 3
persist 47089 3000 3
persist 47458 3000 3
persist 49598 3000 3
persist 47077 3000 3
persist 44239 3000 3
persist 43642 3000 3
persist 46860 3000 3
persist 47833 3000 3
persist 53304 3000 3
persist 47069 3000 3
persist 46323 3000 3
persist 47046 3000 3
persist 48864 3000 3
persist 45581 3000 3
write base data version: 26900, memory: 2579628032 bytes (2460.12 MB)
persist 47247 3000 3
persist 47410 3000 3
persist 50953 3000 3
persist 51884 3000 3
persist 55873 3000 3
persist 52058 3000 3
persist 51919 3000 3
persist 52301 3000 3
persist 52872 3000 3
persist 51885 3000 3
persist 52284 3000 3
persist 51776 3000 3
persist 51544 3000 3
persist 51074 3000 3
persist 51514 3000 3
persist 59534 3000 3
persist 59613 3000 3
persist 58808 3000 3
persist 59172 3000 3
persist 59600 3000 3
persist 59969 3000 3
persist 60443 3000 3
persist 61375 3000 3
persist 59784 3000 3
persist 60785 3000 3
persist 60530 3000 3
persist 91611 4000 4
persist 60523 3000 3
persist 55301 3000 3
persist 54198 3000 3
persist 54339 3000 3
persist 54677 3000 3
persist 51543 3000 3
write base data version: 27000, memory: 2216067072 bytes (2113.41 MB)
persist 51045 3000 3
persist 50779 3000 3
persist 50383 3000 3
persist 50492 3000 3
persist 52524 3000 3
persist 52781 3000 3
persist 48449 3000 3
persist 49260 3000 3
persist 49144 3000 3
persist 49270 3000 3
persist 54084 3000 3
persist 53284 3000 3
persist 52054 3000 3
persist 52432 3000 3
persist 51183 3000 3
persist 51437 3000 3
persist 51891 3000 3
persist 48087 3000 3
persist 51408 3000 3
persist 56767 3000 3
persist 57747 3000 3
persist 57412 3000 3
persist 55348 3000 3
persist 56149 3000 3
persist 56246 3000 3
persist 57982 3000 3
persist 59155 3000 3
persist 86911 4000 4
persist 58720 3000 3
persist 58359 3000 3
persist 58492 3000 3
persist 57669 3000 3
persist 57018 3000 3
write base data version: 27100, memory: 2363977728 bytes (2254.46 MB)
persist 59263 3000 3
persist 58505 3000 3
persist 87947 4000 4
persist 61130 3000 3
persist 59251 3000 3
persist 59289 3000 3
persist 60055 3000 3
persist 49904 3000 3
persist 25278 3000 3
persist 24710 3000 3
persist 25202 2000 2
persist 23768 3000 3
persist 23769 2000 2
persist 24131 3000 3
persist 24295 2000 2
persist 24851 3000 3
persist 24748 2000 2
persist 25146 3000 3
persist 24524 2000 2
persist 58998 3000 3
persist 59031 3000 3
persist 59691 3000 3
persist 60618 3000 3
persist 59442 3000 3
persist 60705 3000 3
persist 60354 3000 3
persist 60094 3000 3
persist 61546 3000 3
persist 62701 3000 3
persist 60446 3000 3
persist 61403 3000 3
persist 60117 3000 3
persist 91091 4000 4
persist 61003 3000 3
write base data version: 27200, memory: 2516406272 bytes (2399.83 MB)
persist 61232 3000 3
persist 61221 3000 3
persist 63129 3000 3
persist 64192 3000 3
persist 62842 3000 3
persist 59795 3000 3
persist 63347 3000 3
persist 64571 3000 3
persist 62134 3000 3
persist 62322 3000 3
persist 63079 3000 3
persist 63262 3000 3
persist 57154 3000 3
persist 83116 4000 4
persist 52663 3000 3
persist 50757 3000 3
persist 51699 3000 3
persist 47273 3000 3
persist 38219 2000 2
persist 53056 3000 3
persist 48105 3000 3
persist 37114 2000 2
persist 53337 3000 3
persist 53209 3000 3
persist 47570 3000 3
persist 54272 3000 3
persist 38412 2000 2
persist 61346 3000 3
persist 73175 3000 3
persist 38887 2000 2
persist 54793 3000 3
persist 54238 3000 3
persist 53070 3000 3
persist 54475 3000 3
write base data version: 27300, memory: 2151702528 bytes (2052.02 MB)
persist 52315 3000 3
persist 49755 3000 3
persist 44123 3000 3
persist 49328 3000 3
persist 46072 3000 3
persist 45078 3000 3
persist 47497 3000 3
persist 53319 3000 3
persist 38855 2000 2
persist 52766 3000 3
persist 52540 3000 3
persist 50330 3000 3
persist 52052 3000 3
persist 53070 3000 3
persist 50624 3000 3
persist 45334 3000 3
persist 53664 3000 3
persist 37562 2000 2
persist 52621 3000 3
persist 53470 3000 3
persist 51799 3000 3
persist 52354 3000 3
persist 53310 3000 3
persist 52873 3000 3
persist 50534 3000 3
persist 48658 3000 3
persist 46526 3000 3
persist 46351 3000 3
persist 37773 2000 2
persist 54456 3000 3
persist 55058 3000 3
persist 53190 3000 3
persist 45886 3000 3
persist 37655 2000 2
persist 56568 3000 3
write base data version: 27400, memory: 2300944384 bytes (2194.35 MB)
persist 53447 3000 3
persist 54344 3000 3
persist 47588 3000 3
persist 49381 3000 3
persist 48070 3000 3
persist 47122 3000 3
persist 47288 3000 3
persist 51263 3000 3
persist 36160 2000 2
persist 54014 3000 3
persist 51969 3000 3
persist 70218 4000 4
persist 51266 3000 3
persist 53496 3000 3
persist 52206 3000 3
persist 54843 3000 3
persist 53084 3000 3
persist 52754 3000 3
persist 51858 3000 3
persist 51926 3000 3
persist 51687 3000 3
persist 52487 3000 3
persist 52635 3000 3
persist 52609 3000 3
persist 53729 3000 3
persist 52895 3000 3
persist 54487 3000 3
persist 55187 3000 3
persist 55204 3000 3
persist 54752 3000 3
persist 54687 3000 3
persist 53217 3000 3
persist 52467 3000 3
write base data version: 27500, memory: 2444451840 bytes (2331.21 MB)
persist 52052 3000 3
persist 51393 3000 3
persist 50064 3000 3
persist 51326 3000 3
persist 71726 4000 4
persist 54058 3000 3
persist 52864 3000 3
persist 52655 3000 3
persist 52320 3000 3
persist 53146 3000 3
persist 77838 4000 4
persist 53361 3000 3
persist 53428 3000 3
persist 53438 3000 3
persist 50894 3000 3
persist 50641 3000 3
persist 53751 3000 3
persist 51214 3000 3
persist 50723 3000 3
persist 69212 4000 4
persist 51549 3000 3
persist 54320 3000 3
persist 50826 3000 3
persist 53190 3000 3
persist 51225 3000 3
persist 50550 3000 3
persist 52521 3000 3
persist 51067 3000 3
persist 51529 3000 3
persist 50095 3000 3
persist 52511 3000 3
persist 51203 3000 3
write base data version: 27600, memory: 2587602944 bytes (2467.73 MB)
persist 51354 3000 3
persist 50567 3000 3
persist 51014 3000 3
persist 51640 3000 3
persist 52423 3000 3
persist 52215 3000 3
persist 50094 3000 3
persist 57586 3000 3
persist 53317 3000 3
persist 50567 3000 3
persist 51537 3000 3
persist 49736 3000 3
persist 48392 3000 3
persist 45774 3000 3
persist 80975 3000 3
persist 50061 3000 3
persist 46410 3000 3
persist 38181 2000 2
persist 54642 3000 3
persist 54624 3000 3
persist 53700 3000 3
persist 44227 3000 3
persist 70197 4000 4
persist 124468 7000 7
persist 141621 8000 8
persist 149998 8000 8
persist 129467 7000 7
write base data version: 27700, memory: 2224668672 bytes (2121.61 MB)
persist 147833 8000 8
persist 146864 8000 8
persist 167512 9000 9
persist 159664 9000 9
persist 160723 9000 9
persist 165446 9000 9
persist 164758 9000 9
persist 167825 9000 9
persist 168659 9000 9
persist 157100 9000 9
persist 157688 9000 9
write base data version: 27800, memory: 2374623232 bytes (2264.62 MB)
persist 180216 10000 10
persist 138384 8000 8
persist 142111 8000 8
persist 158303 9000 9
persist 161293 9000 9
persist 159898 9000 9
persist 161550 9000 9
persist 113171 6000 6
persist 76147 4000 4
persist 55267 3000 3
persist 52327 3000 3
persist 55776 3000 3
persist 55031 3000 3
persist 51730 3000 3
persist 53413 3000 3
persist 52565 3000 3
persist 52158 3000 3
persist 51707 3000 3
persist 52407 3000 3
persist 52219 3000 3
write base data version: 27900, memory: 2509008896 bytes (2392.78 MB)
persist 52061 3000 3
persist 51567 3000 3
persist 44263 3000 3
persist 46712 3000 3
persist 40151 2000 2
persist 54610 3000 3
persist 46722 3000 3
persist 49597 3000 3
persist 39458 2000 2
persist 54830 3000 3
persist 53731 3000 3
persist 48668 3000 3
persist 46115 3000 3
persist 54990 3000 3
persist 37963 2000 2
persist 53409 3000 3
persist 59657 3000 3
persist 63736 3000 3
persist 63564 3000 3
persist 63782 3000 3
persist 64953 3000 3
persist 63412 3000 3
persist 55761 3000 3
persist 57494 3000 3
persist 37246 2000 2
persist 51560 3000 3
persist 54253 3000 3
persist 41304 2000 2
persist 59075 3000 3
persist 56081 3000 3
persist 42005 2000 2
persist 53333 3000 3
persist 54810 3000 3
persist 38378 2000 2
persist 54116 3000 3
persist 52483 3000 3
write base data version: 28000, memory: 2665545728 bytes (2542.06 MB)
persist 48732 3000 3
persist 51389 3000 3
persist 55174 3000 3
persist 53077 3000 3
persist 38129 2000 2
persist 54239 3000 3
persist 53894 3000 3
persist 56456 3000 3
persist 54685 3000 3
persist 55689 3000 3
persist 57383 3000 3
persist 57783 3000 3
persist 52836 3000 3
persist 53009 3000 3
persist 52251 3000 3
persist 51529 3000 3
persist 51930 3000 3
persist 50826 3000 3
persist 52261 3000 3
persist 56712 3000 3
persist 58318 3000 3
persist 57314 3000 3
persist 57310 3000 3
persist 57825 3000 3
persist 77857 4000 4
persist 58543 3000 3
persist 56098 3000 3
persist 58061 3000 3
persist 57182 3000 3
persist 58457 3000 3
persist 60501 3000 3
persist 58537 3000 3
persist 80093 4000 4
write base data version: 28100, memory: 2305761280 bytes (2198.95 MB)
persist 66511 3000 3
persist 63087 3000 3
persist 46136 2000 2
persist 58209 3000 3
persist 40544 2000 2
persist 56180 3000 3
persist 47696 3000 3
persist 41798 2000 2
persist 46682 3000 3
persist 40085 2000 2
persist 55533 3000 3
persist 50847 3000 3
persist 54414 3000 3
persist 38348 2000 2
persist 55661 3000 3
persist 51914 3000 3
persist 51435 3000 3
persist 36050 2000 2
persist 50898 3000 3
persist 51866 3000 3
persist 51473 3000 3
persist 51409 3000 3
persist 47621 3000 3
persist 51814 3000 3
persist 48553 3000 3
persist 49906 3000 3
persist 51299 3000 3
persist 51051 3000 3
persist 51189 3000 3
persist 52438 3000 3
persist 45535 3000 3
persist 49684 3000 3
persist 37205 2000 2
persist 51865 3000 3
persist 51742 3000 3
persist 47719 3000 3
write base data version: 28200, memory: 2467557376 bytes (2353.25 MB)
persist 48093 3000 3
persist 43646 3000 3
persist 51516 3000 3
persist 52824 3000 3
persist 51430 3000 3
persist 49741 3000 3
persist 47829 3000 3
persist 47256 3000 3
persist 52033 3000 3
persist 47749 3000 3
persist 44096 3000 3
persist 50939 3000 3
persist 49873 3000 3
persist 52962 3000 3
persist 38379 2000 2
persist 53245 3000 3
persist 53587 3000 3
persist 52542 3000 3
persist 51855 3000 3
persist 53201 3000 3
persist 53699 3000 3
persist 54461 3000 3
persist 50221 3000 3
persist 47800 3000 3
persist 46423 3000 3
persist 45888 3000 3
persist 49110 3000 3
persist 53724 3000 3
persist 47751 3000 3
persist 46791 3000 3
persist 45177 3000 3
persist 47540 3000 3
persist 53185 3000 3
write base data version: 28300, memory: 2635907072 bytes (2513.80 MB)
persist 52939 3000 3
persist 59360 3000 3
persist 57038 3000 3
persist 61903 3000 3
persist 60665 3000 3
persist 59482 3000 3
persist 56990 3000 3
persist 79098 4000 4
persist 53868 3000 3
persist 51223 3000 3
persist 50665 3000 3
persist 52766 3000 3
persist 54003 3000 3
persist 52631 3000 3
persist 47262 3000 3
persist 46091 3000 3
persist 46516 3000 3
persist 51198 3000 3
persist 37396 2000 2
persist 52055 3000 3
persist 52544 3000 3
persist 51750 3000 3
persist 51150 3000 3
persist 51058 3000 3
persist 43724 2000 2
persist 52445 3000 3
persist 53170 3000 3
persist 48805 3000 3
persist 51273 3000 3
persist 48567 3000 3
persist 44652 3000 3
persist 46373 3000 3
persist 48363 3000 3
persist 50972 3000 3
write base data version: 28400, memory: 2273607680 bytes (2168.28 MB)
persist 36954 2000 2
persist 51286 3000 3
persist 52438 3000 3
persist 53928 3000 3
persist 54106 3000 3
persist 53811 3000 3
persist 53457 3000 3
persist 55286 3000 3
persist 50712 3000 3
persist 45905 3000 3
persist 48267 3000 3
persist 46313 3000 3
persist 49063 3000 3
persist 58422 3000 3
persist 40180 2000 2
persist 55801 3000 3
persist 58997 3000 3
persist 58942 3000 3
persist 76435 4000 4
persist 58266 3000 3
persist 57445 3000 3
persist 45492 3000 3
persist 43853 3000 3
persist 45614 3000 3
persist 40006 3000 3
persist 35766 3000 3
persist 43529 3000 3
persist 32723 2000 2
persist 43842 3000 3
persist 44214 3000 3
persist 37696 3000 3
persist 38706 2000 2
persist 53904 3000 3
persist 52483 3000 3
write base data version: 28500, memory: 2426830848 bytes (2314.41 MB)
persist 55469 3000 3
persist 54186 3000 3
persist 45827 3000 3
persist 45134 3000 3
persist 48208 3000 3
persist 36696 2000 2
persist 51074 3000 3
persist 58484 3000 3
persist 53360 3000 3
persist 54675 3000 3
persist 41901 2000 2
persist 58308 3000 3
persist 59090 3000 3
persist 59937 3000 3
persist 59301 3000 3
persist 52204 3000 3
persist 53187 3000 3
persist 34281 2000 2
persist 86471 5000 5
persist 121561 7000 7
persist 141333 8000 8
persist 155940 9000 9
persist 171103 9000 9
write base data version: 28600, memory: 2558083072 bytes (2439.58 MB)
persist 170042 10000 10
persist 156530 9000 9
persist 153930 9000 9
persist 170716 10000 10
persist 94998 5000 5
persist 77990 4000 4
persist 62152 3000 3
persist 61872 3000 3
persist 59630 3000 3
persist 53433 3000 3
persist 53834 3000 3
persist 52546 3000 3
persist 53512 3000 3
persist 51991 3000 3
persist 53797 3000 3
persist 49717 3000 3
persist 50265 3000 3
persist 52005 3000 3
persist 45313 2000 2
persist 60508 3000 3
persist 55934 3000 3
persist 54978 3000 3
persist 56143 3000 3
persist 52132 3000 3
persist 47206 3000 3
persist 48951 3000 3
persist 34773 2000 2
persist 52568 3000 3
write base data version: 28700, memory: 2703138816 bytes (2577.91 MB)
persist 52241 3000 3
persist 52542 3000 3
persist 50229 3000 3
persist 57485 3000 3
persist 43388 2000 2
persist 60494 3000 3
persist 51012 3000 3
persist 44242 3000 3
persist 49642 3000 3
persist 44517 2000 2
persist 54216 3000 3
persist 53353 3000 3
persist 72094 3000 3
persist 48363 3000 3
persist 46340 3000 3
persist 43381 3000 3
persist 47273 3000 3
persist 53393 3000 3
persist 41782 2000 2
persist 53840 3000 3
persist 49312 3000 3
persist 43961 3000 3
persist 47899 3000 3
persist 36417 2000 2
persist 52978 3000 3
persist 50659 3000 3
persist 51277 3000 3
persist 51764 3000 3
persist 43989 3000 3
persist 45894 3000 3
persist 49402 3000 3
persist 36775 2000 2
persist 52186 3000 3
persist 52661 3000 3
persist 51870 3000 3
write base data version: 28800, memory: 2346700800 bytes (2237.99 MB)
persist 46062 3000 3
persist 49501 3000 3
persist 38462 2000 2
persist 52275 3000 3
persist 53409 3000 3
persist 48505 3000 3
persist 47469 3000 3
persist 43909 2000 2
persist 57407 3000 3
persist 58809 3000 3
persist 57716 3000 3
persist 45993 3000 3
persist 47974 3000 3
persist 42459 2000 2
persist 59069 3000 3
persist 51881 3000 3
persist 52368 3000 3
persist 52776 3000 3
persist 54233 3000 3
persist 53008 3000 3
persist 54352 3000 3
persist 54230 3000 3
persist 56236 3000 3
persist 62449 3000 3
persist 54647 3000 3
persist 54701 3000 3
persist 50980 3000 3
persist 51027 3000 3
persist 44262 3000 3
persist 43098 3000 3
persist 45334 3000 3
persist 49344 3000 3
persist 49064 3000 3
persist 56471 3000 3
persist 48815 3000 3
write base data version: 28900, memory: 2494160896 bytes (2378.62 MB)
persist 55520 3000 3
persist 58018 3000 3
persist 58838 3000 3
persist 56479 3000 3
persist 59546 3000 3
persist 58820 3000 3
persist 57541 3000 3
persist 58230 3000 3
persist 58367 3000 3
persist 52943 3000 3
persist 51082 3000 3
persist 52550 3000 3
persist 58029 3000 3
persist 57875 3000 3
persist 72281 4000 4
persist 51933 3000 3
persist 52684 3000 3
persist 51348 3000 3
persist 47546 3000 3
persist 50153 3000 3
persist 60212 3000 3
persist 38189 2000 2
persist 54265 3000 3
persist 59728 3000 3
persist 60795 3000 3
persist 61622 3000 3
persist 59648 3000 3
persist 60230 3000 3
persist 52422 3000 3
persist 51940 3000 3
persist 51445 3000 3
persist 51217 3000 3
persist 52500 3000 3
write base data version: 29000, memory: 2641678336 bytes (2519.30 MB)
persist 49535 3000 3
persist 45589 3000 3
persist 43502 3000 3
persist 45382 3000 3
persist 41206 2000 2
persist 58735 3000 3
persist 59672 3000 3
persist 58353 3000 3
persist 58740 3000 3
persist 58318 3000 3
persist 56881 3000 3
persist 57192 3000 3
persist 60794 3000 3
persist 61905 3000 3
persist 61827 3000 3
persist 61584 3000 3
persist 61043 3000 3
persist 91836 4000 4
persist 60099 3000 3
persist 56984 3000 3
persist 57480 3000 3
persist 57100 3000 3
persist 49477 3000 3
persist 55808 3000 3
persist 44163 2000 2
persist 61174 3000 3
persist 59367 3000 3
persist 58561 3000 3
persist 58177 3000 3
persist 46619 3000 3
persist 53156 3000 3
persist 44514 2000 2
persist 80802 3000 3
persist 46663 3000 3
write base data version: 29100, memory: 2282229760 bytes (2176.50 MB)
persist 47334 3000 3
persist 51571 3000 3
persist 36994 2000 2
persist 52328 3000 3
persist 56527 3000 3
persist 54041 3000 3
persist 45790 3000 3
persist 49378 3000 3
persist 54153 3000 3
persist 51430 3000 3
persist 52692 3000 3
persist 54631 3000 3
persist 40623 2000 2
persist 57987 3000 3
persist 58834 3000 3
persist 58661 3000 3
persist 58415 3000 3
persist 57834 3000 3
persist 58024 3000 3
persist 57896 3000 3
persist 58706 3000 3
persist 58338 3000 3
persist 59436 3000 3
persist 54213 3000 3
persist 52529 3000 3
persist 51900 3000 3
persist 52246 3000 3
persist 69868 4000 4
persist 123048 7000 7
persist 143167 8000 8
write base data version: 29200, memory: 2429431808 bytes (2316.89 MB)
persist 153109 8000 8
persist 161603 9000 9
persist 171683 9000 9
persist 206144 10000 10
persist 196106 10000 10
persist 169939 10000 10
persist 172923 10000 10
persist 158835 9000 9
persist 176861 10000 10
persist 161747 9000 9
write base data version: 29300, memory: 2576510976 bytes (2457.15 MB)
persist 167804 9000 9
persist 159280 9000 9
persist 177598 10000 10
persist 159775 9000 9
persist 188174 9000 9
persist 204364 10000 10
persist 204300 10000 10
persist 224027 11000 11
persist 178956 10000 10
persist 159447 9000 9
persist 83381 5000 5
persist 50580 3000 3
persist 52185 3000 3
write base data version: 29400, memory: 2728890368 bytes (2602.47 MB)
persist 53204 3000 3
persist 52915 3000 3
persist 55141 3000 3
persist 61259 3000 3
persist 59781 3000 3
persist 60805 3000 3
persist 60125 3000 3
persist 55164 3000 3
persist 55133 3000 3
persist 56607 3000 3
persist 56174 3000 3
persist 57825 3000 3
persist 53664 3000 3
persist 53569 3000 3
persist 54312 3000 3
persist 52307 3000 3
persist 44202 3000 3
persist 49127 3000 3
persist 36430 2000 2
persist 52738 3000 3
persist 52867 3000 3
persist 52667 3000 3
persist 55553 3000 3
persist 37697 2000 2
persist 52358 3000 3
persist 47705 3000 3
persist 43648 3000 3
persist 55317 3000 3
persist 59462 3000 3
persist 58255 3000 3
persist 59609 3000 3
persist 42777 2000 2
persist 58249 3000 3
persist 57386 3000 3
persist 52580 3000 3
write base data version: 29500, memory: 2363232256 bytes (2253.75 MB)
persist 52005 3000 3
persist 51853 3000 3
persist 51981 3000 3
persist 47199 3000 3
persist 43614 3000 3
persist 45919 3000 3
persist 43063 2000 2
persist 59149 3000 3
persist 59884 3000 3
persist 58715 3000 3
persist 59529 3000 3
persist 60952 3000 3
persist 59674 3000 3
persist 60393 3000 3
persist 60268 3000 3
persist 59190 3000 3
persist 58799 3000 3
persist 59400 3000 3
persist 61034 3000 3
persist 59804 3000 3
persist 60067 3000 3
persist 59617 3000 3
persist 59729 3000 3
persist 59294 3000 3
persist 62735 3000 3
persist 57774 3000 3
persist 51450 3000 3
persist 53614 3000 3
persist 54462 3000 3
persist 53942 3000 3
persist 57280 3000 3
persist 46708 3000 3
persist 59535 3000 3
persist 44846 2000 2
write base data version: 29600, memory: 2515959808 bytes (2399.41 MB)
persist 57000 3000 3
persist 50572 3000 3
persist 50407 3000 3
persist 56429 3000 3
persist 36517 2000 2
persist 52050 3000 3
persist 48209 3000 3
persist 52171 3000 3
persist 38440 2000 2
persist 53273 3000 3
persist 61664 3000 3
persist 51251 3000 3
persist 54599 3000 3
persist 37553 2000 2
persist 54220 3000 3
persist 61127 3000 3
persist 60513 3000 3
persist 60714 3000 3
persist 59723 3000 3
persist 62848 3000 3
persist 44663 3000 3
persist 60007 3000 3
persist 112734 5000 5
persist 125269 6000 6
persist 76184 4000 4
persist 62123 3000 3
persist 62836 3000 3
persist 51458 3000 3
persist 54033 3000 3
persist 55190 3000 3
persist 55025 3000 3
persist 55217 3000 3
write base data version: 29700, memory: 2656632832 bytes (2533.56 MB)
persist 53325 3000 3
persist 54719 3000 3
persist 55839 3000 3
persist 56117 3000 3
persist 55766 3000 3
persist 50038 3000 3
persist 48815 3000 3
persist 45857 3000 3
persist 50113 3000 3
persist 36978 2000 2
persist 51059 3000 3
persist 52588 3000 3
persist 53485 3000 3
persist 52215 3000 3
persist 54626 3000 3
persist 59099 3000 3
persist 57935 3000 3
persist 55362 3000 3
persist 43940 3000 3
persist 51974 3000 3
persist 42672 2000 2
persist 57966 3000 3
persist 60053 3000 3
persist 56280 3000 3
persist 60492 3000 3
persist 53365 3000 3
persist 48469 3000 3
persist 48283 3000 3
persist 49717 3000 3
persist 45756 3000 3
persist 36642 2000 2
persist 50048 3000 3
persist 38099 2000 2
persist 56076 3000 3
persist 53557 3000 3
write base data version: 29800, memory: 2800971776 bytes (2671.21 MB)
persist 51933 3000 3
persist 52747 3000 3
persist 38889 2000 2
persist 56740 3000 3
persist 55950 3000 3
persist 55412 3000 3
persist 55874 3000 3
persist 56493 3000 3
persist 46204 3000 3
persist 52877 3000 3
persist 49555 2000 2
persist 53069 3000 3
persist 47008 3000 3
persist 49056 3000 3
persist 37835 2000 2
persist 51648 3000 3
persist 38411 2000 2
persist 53257 3000 3
persist 53384 3000 3
persist 53367 3000 3
persist 52305 3000 3
persist 44438 3000 3
persist 49691 3000 3
persist 49417 3000 3
persist 51007 3000 3
persist 54149 3000 3
persist 37270 2000 2
persist 53197 3000 3
persist 53778 3000 3
persist 54135 3000 3
persist 49331 3000 3
persist 49590 3000 3
persist 51272 3000 3
persist 48511 3000 3
persist 45029 3000 3
write base data version: 29900, memory: 2431983616 bytes (2319.32 MB)
persist 51185 3000 3
persist 52349 3000 3
persist 37979 2000 2
persist 52775 3000 3
persist 53983 3000 3
persist 53711 3000 3
persist 45018 3000 3
persist 36913 2000 2
persist 53652 3000 3
persist 53141 3000 3
persist 54738 3000 3
persist 45285 3000 3
persist 52747 3000 3
persist 38393 2000 2
persist 53965 3000 3
persist 52988 3000 3
persist 51155 3000 3
persist 47603 3000 3
persist 53143 3000 3
persist 39536 2000 2
persist 55086 3000 3
persist 52640 3000 3
persist 52656 3000 3
persist 55152 3000 3
persist 58675 3000 3
persist 53378 3000 3
persist 54110 3000 3
persist 50826 3000 3
persist 52152 3000 3
persist 53921 3000 3
persist 52383 3000 3
persist 46319 3000 3
persist 56726 3000 3
persist 43030 2000 2
persist 53826 3000 3
write base data version: 30000, memory: 2574643200 bytes (2455.37 MB)
persist 61263 3000 3
persist 62822 3000 3
persist 61847 3000 3
persist 60276 3000 3
persist 59794 3000 3
persist 60984 3000 3
persist 60347 3000 3
persist 61023 3000 3
persist 62981 3000 3
persist 61952 3000 3
persist 61043 3000 3
persist 60970 3000 3
persist 61043 3000 3
persist 61609 3000 3
persist 61742 3000 3
persist 58722 3000 3
persist 54693 3000 3
persist 44626 3000 3
persist 51920 3000 3
persist 41557 2000 2
persist 56490 3000 3
persist 58057 3000 3
persist 56396 3000 3
persist 58241 3000 3
persist 54659 3000 3
persist 52493 3000 3
persist 49622 3000 3
persist 50036 3000 3
persist 50860 3000 3
persist 51296 3000 3
persist 52682 3000 3
persist 52991 3000 3
persist 53382 3000 3
write base data version: 30100, memory: 2717302784 bytes (2591.42 MB)
persist 52318 3000 3
persist 53827 3000 3
persist 52652 3000 3
persist 51201 3000 3
persist 47195 3000 3
persist 44877 3000 3
persist 45345 3000 3
persist 50895 3000 3
persist 46952 3000 3
persist 46347 3000 3
persist 49914 3000 3
persist 50652 3000 3
persist 48940 3000 3
persist 53983 3000 3
persist 38011 2000 2
persist 51681 3000 3
persist 53897 3000 3
persist 50623 3000 3
persist 46711 3000 3
persist 37764 2000 2
persist 57754 3000 3
persist 52398 3000 3
persist 44528 3000 3
persist 42391 2000 2
persist 52932 3000 3
persist 49494 3000 3
persist 52326 3000 3
persist 38028 2000 2
persist 53873 3000 3
persist 54146 3000 3
persist 44390 3000 3
persist 39253 2000 2
persist 49859 3000 3
persist 47277 3000 3
persist 45294 3000 3
persist 35919 2000 2
write base data version: 30200, memory: 2340204544 bytes (2231.79 MB)
persist 51482 3000 3
persist 51674 3000 3
persist 49392 3000 3
persist 43385 3000 3
persist 52085 3000 3
persist 36639 2000 2
persist 50229 3000 3
persist 51416 3000 3
persist 43755 3000 3
persist 51149 3000 3
persist 36107 2000 2
persist 51944 3000 3
persist 50479 3000 3
persist 46183 3000 3
persist 36822 2000 2
persist 50100 3000 3
persist 34190 3000 3
persist 25418 3000 3
persist 33074 3000 3
persist 38618 2000 2
persist 52568 3000 3
persist 53422 3000 3
persist 47395 3000 3
persist 49072 3000 3
persist 52268 3000 3
persist 51157 3000 3
persist 49784 3000 3
persist 53196 3000 3
persist 53668 3000 3
persist 49454 3000 3
persist 44617 3000 3
persist 47587 3000 3
persist 48366 3000 3
persist 43889 3000 3
write base data version: 30300, memory: 2482823168 bytes (2367.80 MB)
persist 46521 3000 3
persist 52421 3000 3
persist 49387 3000 3
persist 46946 3000 3
persist 47787 3000 3
persist 50989 3000 3
persist 52344 3000 3
persist 43658 2000 2
persist 54873 3000 3
persist 56613 3000 3
persist 60826 3000 3
persist 57311 3000 3
persist 56806 3000 3
persist 56783 3000 3
persist 57077 3000 3
persist 58211 3000 3
persist 58070 3000 3
persist 58162 3000 3
persist 58065 3000 3
persist 60325 3000 3
persist 53869 3000 3
persist 44010 3000 3
persist 44355 3000 3
persist 45083 3000 3
persist 54375 3000 3
persist 43240 2000 2
persist 59144 3000 3
persist 59616 3000 3
persist 64735 3000 3
persist 42618 3000 3
persist 48393 2000 2
persist 46926 2000 2
persist 61796 3000 3
persist 56406 3000 3
persist 46101 2000 2
write base data version: 30400, memory: 2625585152 bytes (2503.95 MB)
persist 50643 3000 3
persist 45370 2000 2
persist 60755 3000 3
persist 50937 3000 3
persist 43617 2000 2
persist 53884 3000 3
persist 44369 3000 3
persist 37361 2000 2
persist 52402 3000 3
persist 45123 3000 3
persist 53568 3000 3
persist 38553 2000 2
persist 53509 3000 3
persist 49807 3000 3
persist 44800 3000 3
persist 50575 3000 3
persist 38548 2000 2
persist 53356 3000 3
persist 53796 3000 3
persist 47396 3000 3
persist 51634 3000 3
persist 39901 2000 2
persist 53841 3000 3
persist 53260 3000 3
persist 43872 3000 3
persist 37102 2000 2
persist 52628 3000 3
persist 53338 3000 3
persist 45963 3000 3
persist 49995 3000 3
persist 37662 2000 2
persist 53978 3000 3
persist 51439 3000 3
persist 44458 3000 3
persist 38988 2000 2
persist 54918 3000 3
write base data version: 30500, memory: 2773053440 bytes (2644.59 MB)
persist 56205 3000 3
persist 109059 6000 6
persist 120794 7000 7
persist 141168 8000 8
persist 144404 8000 8
persist 160692 9000 9
persist 160154 9000 9
persist 159988 9000 9
persist 164919 9000 9
persist 130677 7000 7
persist 67329 4000 4
persist 81862 3000 3
persist 61215 3000 3
persist 62248 3000 3
persist 60286 3000 3
persist 61095 3000 3
persist 60659 3000 3
persist 59422 3000 3
persist 54337 3000 3
write base data version: 30600, memory: 2409517056 bytes (2297.89 MB)
persist 54717 3000 3
persist 51349 3000 3
persist 58572 3000 3
persist 54297 3000 3
persist 54768 3000 3
persist 41821 2000 2
persist 59579 3000 3
persist 55536 3000 3
persist 57858 3000 3
persist 59327 3000 3
persist 52080 3000 3
persist 26569 2000 2
persist 26372 3000 3
persist 25357 2000 2
persist 53029 3000 3
persist 62484 3000 3
persist 45821 2000 2
persist 63091 3000 3
persist 66745 3000 3
persist 63387 3000 3
persist 66748 3000 3
persist 63156 3000 3
persist 47032 3000 3
persist 44246 2000 2
persist 58966 3000 3
persist 61257 3000 3
persist 63135 3000 3
persist 56449 3000 3
persist 57557 3000 3
persist 39279 2000 2
persist 55714 3000 3
persist 54960 3000 3
persist 48382 3000 3
persist 47829 3000 3
persist 35571 2000 2
write base data version: 30700, memory: 2584956928 bytes (2465.21 MB)
persist 50906 3000 3
persist 49356 3000 3
persist 44814 3000 3
persist 48756 3000 3
persist 36428 2000 2
persist 51832 3000 3
persist 52669 3000 3
persist 48389 3000 3
persist 47383 3000 3
persist 37028 2000 2
persist 51111 3000 3
persist 51687 3000 3
persist 45941 3000 3
persist 36841 2000 2
persist 53153 3000 3
persist 55078 3000 3
persist 62281 3000 3
persist 37512 2000 2
persist 52583 3000 3
persist 51347 3000 3
persist 44728 3000 3
persist 56028 3000 3
persist 40852 2000 2
persist 56567 3000 3
persist 58823 3000 3
persist 43817 3000 3
persist 36667 2000 2
persist 50995 3000 3
persist 51808 3000 3
persist 45352 3000 3
persist 42213 2000 2
persist 53643 3000 3
persist 45214 3000 3
persist 53097 3000 3
persist 46277 2000 2
persist 60176 3000 3
write base data version: 30800, memory: 2719248384 bytes (2593.28 MB)
persist 59015 3000 3
persist 57765 3000 3
persist 59338 3000 3
persist 58413 3000 3
persist 58422 3000 3
persist 58833 3000 3
persist 51476 3000 3
persist 27200 3000 3
persist 34799 3000 3
persist 18710 2000 2
persist 27768 3000 3
persist 26755 2000 2
persist 25995 3000 3
persist 32778 2000 2
persist 52331 5000 5
persist 53510 5000 5
persist 122827 6000 6
persist 167952 8000 8
persist 172939 8000 8
persist 172338 9000 9
persist 165747 8000 8
persist 160236 9000 9
write base data version: 30900, memory: 2865397760 bytes (2732.66 MB)
persist 167121 8000 8
persist 197609 9000 9
persist 190934 9000 9
persist 207665 10000 10
persist 155316 9000 9
persist 157557 9000 9
persist 130300 6000 6
persist 68523 4000 4
persist 55153 3000 3
persist 52638 3000 3
persist 51592 3000 3
persist 52137 3000 3
persist 53120 3000 3
persist 53327 3000 3
persist 50057 3000 3
persist 48280 3000 3
persist 37776 2000 2
persist 51097 3000 3
persist 52223 3000 3
persist 43216 3000 3
persist 48237 3000 3
persist 51942 3000 3
write base data version: 31000, memory: 2499432448 bytes (2383.64 MB)
persist 36778 2000 2
persist 52944 3000 3
persist 52673 3000 3
persist 50915 3000 3
persist 43117 3000 3
persist 50236 3000 3
persist 37445 2000 2
persist 50376 3000 3
persist 52324 3000 3
persist 43014 3000 3
persist 46649 3000 3
persist 36560 2000 2
persist 51583 3000 3
persist 51965 3000 3
persist 51275 3000 3
persist 43874 3000 3
persist 51438 3000 3
persist 37886 2000 2
persist 53318 3000 3
persist 44859 3000 3
persist 60197 3000 3
persist 41741 2000 2
persist 57543 3000 3
persist 57971 3000 3
persist 58437 3000 3
persist 58077 3000 3
persist 59250 3000 3
persist 44552 3000 3
persist 51776 3000 3
persist 46141 3000 3
persist 44885 3000 3
persist 50113 3000 3
persist 48834 3000 3
persist 46309 3000 3
persist 44055 3000 3
write base data version: 31100, memory: 2641936384 bytes (2519.55 MB)
persist 45145 3000 3
persist 58087 3000 3
persist 58623 3000 3
persist 55945 3000 3
persist 43364 2000 2
persist 59155 3000 3
persist 58824 3000 3
persist 53739 3000 3
persist 51732 3000 3
persist 53044 3000 3
persist 53695 3000 3
persist 52841 3000 3
persist 53053 3000 3
persist 58322 3000 3
persist 58258 3000 3
persist 52879 3000 3
persist 51624 3000 3
persist 45085 3000 3
persist 52505 3000 3
persist 49923 3000 3
persist 36085 2000 2
persist 53280 3000 3
persist 51659 3000 3
persist 57648 3000 3
persist 57429 3000 3
persist 55976 3000 3
persist 45257 3000 3
persist 50830 3000 3
persist 41992 2000 2
persist 57534 3000 3
persist 52754 3000 3
persist 58517 3000 3
persist 58836 3000 3
persist 58332 3000 3
write base data version: 31200, memory: 2784604160 bytes (2655.61 MB)
persist 54483 3000 3
persist 48669 3000 3
persist 49062 3000 3
persist 55303 3000 3
persist 44179 2000 2
persist 59918 3000 3
persist 59790 3000 3
persist 60542 3000 3
persist 62329 3000 3
persist 50883 3000 3
persist 50163 3000 3
persist 58302 3000 3
persist 44465 2000 2
persist 61179 3000 3
persist 56788 3000 3
persist 57542 3000 3
persist 46385 3000 3
persist 53926 3000 3
persist 38378 2000 2
persist 53229 3000 3
persist 58100 3000 3
persist 49034 3000 3
persist 37737 2000 2
persist 52252 3000 3
persist 56879 3000 3
persist 45820 3000 3
persist 49762 3000 3
persist 38702 2000 2
persist 50668 3000 3
persist 35432 2000 2
persist 50897 3000 3
persist 46167 3000 3
persist 52279 3000 3
persist 36472 2000 2
persist 52519 3000 3
persist 52991 3000 3
write base data version: 31300, memory: 2413957120 bytes (2302.13 MB)
persist 50558 3000 3
persist 43148 3000 3
persist 52167 3000 3
persist 37984 2000 2
persist 54618 3000 3
persist 51864 3000 3
persist 43459 3000 3
persist 52189 3000 3
persist 36772 2000 2
persist 51705 3000 3
persist 52848 3000 3
persist 45340 3000 3
persist 49181 3000 3
persist 36335 2000 2
persist 51781 3000 3
persist 53731 3000 3
persist 43129 3000 3
persist 49668 3000 3
persist 37090 2000 2
persist 51853 3000 3
persist 52312 3000 3
persist 46757 3000 3
persist 49549 3000 3
persist 58062 3000 3
persist 48935 3000 3
persist 45191 3000 3
persist 45201 3000 3
persist 46807 3000 3
persist 54187 3000 3
persist 38884 2000 2
persist 58847 3000 3
persist 60280 3000 3
persist 59093 3000 3
persist 61139 3000 3
persist 60312 3000 3
write base data version: 31400, memory: 2557018112 bytes (2438.56 MB)
persist 61880 3000 3
persist 61534 3000 3
persist 60001 3000 3
persist 60554 3000 3
persist 60388 3000 3
persist 58590 3000 3
persist 59062 3000 3
persist 49654 3000 3
persist 49361 3000 3
persist 57768 3000 3
persist 58020 3000 3
persist 55818 3000 3
persist 58029 3000 3
persist 58595 3000 3
persist 57516 3000 3
persist 53031 3000 3
persist 61933 3000 3
persist 65205 3000 3
persist 58153 3000 3
persist 87096 4000 4
persist 53903 3000 3
persist 46438 3000 3
persist 47215 3000 3
persist 42453 2000 2
persist 57986 3000 3
persist 50853 3000 3
persist 53529 3000 3
persist 57360 3000 3
persist 59396 3000 3
persist 58417 3000 3
persist 56810 3000 3
persist 58420 3000 3
persist 58793 3000 3
write base data version: 31500, memory: 2699370496 bytes (2574.32 MB)
persist 59589 3000 3
persist 57512 3000 3
persist 59848 3000 3
persist 56788 3000 3
persist 57112 3000 3
persist 56898 3000 3
persist 57007 3000 3
persist 58343 3000 3
persist 53531 3000 3
persist 53774 3000 3
persist 51625 3000 3
persist 51450 3000 3
persist 51828 3000 3
persist 44116 3000 3
persist 36712 2000 2
persist 52601 3000 3
persist 48552 3000 3
persist 49023 3000 3
persist 43848 2000 2
persist 72792 4000 4
persist 129201 7000 7
persist 119023 7000 7
persist 67224 4000 4
persist 58390 3000 3
persist 60683 3000 3
persist 61590 3000 3
persist 53847 3000 3
persist 46256 3000 3
persist 46888 3000 3
persist 49945 3000 3
persist 39083 2000 2
write base data version: 31600, memory: 2842488832 bytes (2710.81 MB)
persist 57943 3000 3
persist 56128 3000 3
persist 56400 3000 3
persist 51011 3000 3
persist 59413 3000 3
persist 43286 2000 2
persist 52599 3000 3
persist 46653 3000 3
persist 52188 3000 3
persist 36938 2000 2
persist 51346 3000 3
persist 44716 3000 3
persist 51768 3000 3
persist 42770 2000 2
persist 44420 3000 3
persist 48374 3000 3
persist 58747 3000 3
persist 43776 2000 2
persist 59936 3000 3
persist 57455 3000 3
persist 59810 3000 3
persist 54361 3000 3
persist 51565 3000 3
persist 101387 3000 3
persist 37631 2000 2
persist 53731 3000 3
persist 52527 3000 3
persist 52641 3000 3
persist 48369 3000 3
persist 44298 3000 3
persist 42582 2000 2
persist 53536 3000 3
persist 53587 3000 3
persist 48091 3000 3
persist 49804 3000 3
persist 38199 2000 2
write base data version: 31700, memory: 2468282368 bytes (2353.94 MB)
persist 59132 3000 3
persist 61975 3000 3
persist 59460 3000 3
persist 58165 3000 3
persist 52894 3000 3
persist 37552 2000 2
persist 58932 3000 3
persist 30457 3000 3
persist 34359 3000 3
persist 17100 2000 2
persist 33321 3000 3
persist 18913 2000 2
persist 36037 3000 3
persist 18695 2000 2
persist 34067 3000 3
persist 19048 2000 2
persist 25187 2000 2
persist 25811 3000 3
persist 26916 2000 2
persist 25876 3000 3
persist 25474 2000 2
persist 23979 3000 3
persist 18723 2000 2
persist 25384 2000 2
persist 27436 3000 3
persist 25761 2000 2
persist 26005 3000 3
persist 39159 2000 2
persist 55415 3000 3
persist 51061 3000 3
persist 50446 3000 3
persist 39649 2000 2
persist 53038 3000 3
persist 45546 3000 3
persist 49913 3000 3
persist 38211 2000 2
persist 51693 3000 3
persist 50931 3000 3
write base data version: 31800, memory: 2620833792 bytes (2499.42 MB)
persist 48985 3000 3
persist 37607 2000 2
persist 52332 3000 3
persist 49106 3000 3
persist 43605 3000 3
persist 49555 3000 3
persist 38125 2000 2
persist 52523 3000 3
persist 59300 3000 3
persist 55066 3000 3
persist 46171 3000 3
persist 42882 2000 2
persist 58646 3000 3
persist 58131 3000 3
persist 58674 3000 3
persist 49659 3000 3
persist 53978 3000 3
persist 42334 2000 2
persist 58741 3000 3
persist 58573 3000 3
persist 57833 3000 3
persist 58584 3000 3
persist 52614 3000 3
persist 45754 3000 3
persist 47884 3000 3
persist 55239 3000 3
persist 36012 2000 2
persist 52203 3000 3
persist 53312 3000 3
persist 60013 3000 3
persist 57998 3000 3
persist 59580 3000 3
persist 58487 3000 3
persist 58785 3000 3
persist 59570 3000 3
write base data version: 31900, memory: 2731384832 bytes (2604.85 MB)
persist 59497 3000 3
persist 59034 3000 3
persist 56537 3000 3
persist 46487 3000 3
persist 58789 3000 3
persist 42899 2000 2
persist 58218 3000 3
persist 60036 3000 3
persist 61669 3000 3
persist 52592 3000 3
persist 56313 3000 3
persist 51097 3000 3
persist 54311 3000 3
persist 58885 3000 3
persist 43956 2000 2
persist 59376 3000 3
persist 60985 3000 3
persist 59143 3000 3
persist 60257 3000 3
persist 52455 3000 3
persist 53918 3000 3
persist 54935 3000 3
persist 61956 3000 3
persist 58995 3000 3
persist 45667 3000 3
persist 53185 3000 3
persist 37030 2000 2
persist 52745 3000 3
persist 51130 3000 3
persist 46460 3000 3
persist 36788 2000 2
persist 53520 3000 3
persist 56727 3000 3
persist 47223 3000 3
write base data version: 32000, memory: 2884214784 bytes (2750.60 MB)
persist 48401 3000 3
persist 38395 2000 2
persist 52166 3000 3
persist 51464 3000 3
persist 50261 3000 3
persist 36387 2000 2
persist 52061 3000 3
persist 51376 3000 3
persist 50452 3000 3
persist 46623 3000 3
persist 35784 2000 2
persist 51367 3000 3
persist 51771 3000 3
persist 53080 3000 3
persist 48788 3000 3
persist 48115 3000 3
persist 47685 3000 3
persist 51817 3000 3
persist 37256 2000 2
persist 51374 3000 3
persist 51916 3000 3
persist 49233 3000 3
persist 44944 3000 3
persist 35586 2000 2
persist 50726 3000 3
persist 51534 3000 3
persist 52359 3000 3
persist 44572 3000 3
persist 48720 3000 3
persist 51785 3000 3
persist 36408 2000 2
persist 50288 3000 3
persist 51316 3000 3
persist 52190 3000 3
persist 50473 3000 3
persist 53161 3000 3
write base data version: 32100, memory: 2511368192 bytes (2395.03 MB)
persist 47755 3000 3
persist 45936 3000 3
persist 44855 3000 3
persist 42114 3000 3
persist 43592 3000 3
persist 48547 3000 3
persist 52497 3000 3
persist 36873 2000 2
persist 51753 3000 3
persist 53939 3000 3
persist 48021 3000 3
persist 49219 3000 3
persist 38069 2000 2
persist 53509 3000 3
persist 54326 3000 3
persist 49395 3000 3
persist 48706 3000 3
persist 34830 2000 2
persist 49880 3000 3
persist 50438 3000 3
persist 45808 3000 3
persist 41193 3000 3
persist 45328 3000 3
persist 49240 3000 3
persist 35223 2000 2
persist 48508 3000 3
persist 49077 3000 3
persist 49174 3000 3
persist 49738 3000 3
persist 42490 3000 3
persist 35459 2000 2
persist 50969 3000 3
persist 51077 3000 3
persist 50775 3000 3
persist 43498 3000 3
write base data version: 32200, memory: 2653982720 bytes (2531.04 MB)
persist 47198 3000 3
persist 46476 3000 3
persist 48374 3000 3
persist 34918 2000 2
persist 49280 3000 3
persist 50571 3000 3
persist 51135 3000 3
persist 51215 3000 3
persist 51311 3000 3
persist 50928 3000 3
persist 51055 3000 3
persist 46652 3000 3
persist 37041 2000 2
persist 50753 3000 3
persist 52071 3000 3
persist 51879 3000 3
persist 43699 3000 3
persist 46391 3000 3
persist 49587 3000 3
persist 47795 3000 3
persist 48904 3000 3
persist 49973 3000 3
persist 49940 3000 3
persist 51883 3000 3
persist 48343 3000 3
persist 46607 3000 3
persist 46420 3000 3
persist 42126 3000 3
persist 41741 3000 3
persist 41672 3000 3
persist 43601 3000 3
persist 44109 3000 3
persist 45706 3000 3
persist 49227 3000 3
write base data version: 32300, memory: 2796781568 bytes (2667.22 MB)
persist 51233 3000 3
persist 37846 2000 2
persist 51867 3000 3
persist 50408 3000 3
persist 51344 3000 3
persist 53475 3000 3
persist 51163 3000 3
persist 51951 3000 3
persist 52528 3000 3
persist 52570 3000 3
persist 48074 3000 3
persist 42708 3000 3
persist 43541 3000 3
persist 43547 3000 3
persist 53724 3000 3
persist 36608 2000 2
persist 51274 3000 3
persist 52205 3000 3
persist 46189 3000 3
persist 35788 2000 2
persist 51977 3000 3
persist 52757 3000 3
persist 52444 3000 3
persist 58742 3000 3
persist 55385 3000 3
persist 76111 3000 3
persist 59699 3000 3
persist 59833 3000 3
persist 57209 3000 3
persist 58924 3000 3
persist 59372 3000 3
persist 56074 3000 3
persist 49227 3000 3
persist 47998 3000 3
write base data version: 32400, memory: 2436952064 bytes (2324.06 MB)
persist 47448 3000 3
persist 56943 3000 3
persist 43435 2000 2
persist 58279 3000 3
persist 58645 3000 3
persist 59031 3000 3
persist 58894 3000 3
persist 60680 3000 3
persist 58967 3000 3
persist 58813 3000 3
persist 57822 3000 3
persist 59277 3000 3
persist 58581 3000 3
persist 58440 3000 3
persist 58851 3000 3
persist 58027 3000 3
persist 59823 3000 3
persist 60493 3000 3
persist 58478 3000 3
persist 59305 3000 3
persist 58700 3000 3
persist 59306 3000 3
persist 60239 3000 3
persist 60827 3000 3
persist 59637 3000 3
persist 58691 3000 3
persist 59458 3000 3
persist 58390 3000 3
persist 59465 3000 3
persist 80020 4000 4
persist 58484 3000 3
persist 59188 3000 3
persist 60739 3000 3
write base data version: 32500, memory: 2595192832 bytes (2474.97 MB)
persist 84900 4000 4
persist 60714 3000 3
persist 53803 3000 3
persist 54465 3000 3
persist 62567 4000 4
persist 50480 3000 3
persist 51952 3000 3
persist 68573 4000 4
persist 54439 3000 3
persist 50423 3000 3
persist 49832 3000 3
persist 51449 3000 3
persist 50871 3000 3
persist 72669 4000 4
persist 50718 3000 3
persist 52407 3000 3
persist 51157 3000 3
persist 50884 3000 3
persist 50483 3000 3
persist 51110 3000 3
persist 55150 3000 3
persist 75973 4000 4
persist 52312 3000 3
persist 53479 3000 3
persist 54771 3000 3
persist 54106 3000 3
persist 56094 3000 3
persist 51091 3000 3
persist 53208 3000 3
persist 52827 3000 3
persist 76256 4000 4
persist 52039 3000 3
write base data version: 32600, memory: 2735915008 bytes (2609.17 MB)
persist 55288 3000 3
persist 52286 3000 3
persist 53499 3000 3
persist 54535 3000 3
persist 52769 3000 3
persist 50929 3000 3
persist 51005 3000 3
persist 52432 3000 3
persist 58428 3000 3
persist 61369 3000 3
persist 89867 4000 4
persist 57926 3000 3
persist 57556 3000 3
persist 57597 3000 3
persist 57917 3000 3
persist 87518 4000 4
persist 58155 3000 3
persist 58139 3000 3
persist 58834 3000 3
persist 85116 4000 4
persist 59996 3000 3
persist 58739 3000 3
persist 60870 3000 3
persist 88762 4000 4
persist 59895 3000 3
persist 58788 3000 3
persist 60282 3000 3
persist 84649 4000 4
persist 60661 3000 3
persist 59980 3000 3
persist 56597 3000 3
write base data version: 32700, memory: 2880253952 bytes (2746.82 MB)
persist 50515 3000 3
persist 51524 3000 3
persist 52293 3000 3
persist 51735 3000 3
persist 53314 3000 3
persist 53824 3000 3
persist 53595 3000 3
persist 60051 3000 3
persist 75150 4000 4
persist 55503 3000 3
persist 53112 3000 3
persist 54964 3000 3
persist 53384 3000 3
persist 54010 3000 3
persist 51319 3000 3
persist 49565 3000 3
persist 47795 3000 3
persist 53836 3000 3
persist 53047 3000 3
persist 52199 3000 3
persist 52177 3000 3
persist 52231 3000 3
persist 52216 3000 3
persist 51904 3000 3
persist 52206 3000 3
persist 65426 4000 4
persist 50944 3000 3
persist 51090 3000 3
persist 68813 4000 4
persist 50796 3000 3
persist 50084 3000 3
persist 52150 3000 3
write base data version: 32800, memory: 2511159296 bytes (2394.83 MB)
persist 72581 4000 4
persist 51342 3000 3
persist 50557 3000 3
persist 53723 3000 3
persist 67720 4000 4
persist 51107 3000 3
persist 53236 3000 3
persist 66828 4000 4
persist 52057 3000 3
persist 54435 3000 3
persist 76561 4000 4
persist 52216 3000 3
persist 51350 3000 3
persist 51145 3000 3
persist 54676 3000 3
persist 58002 3000 3
persist 67974 4000 4
persist 51662 3000 3
persist 52671 3000 3
persist 53603 3000 3
persist 72944 4000 4
persist 51171 3000 3
persist 52039 3000 3
persist 53644 3000 3
persist 67168 4000 4
persist 51209 3000 3
persist 51445 3000 3
persist 55120 3000 3
persist 74585 4000 4
persist 56355 3000 3
persist 50965 3000 3
write base data version: 32900, memory: 2653716480 bytes (2530.78 MB)
persist 51166 3000 3
persist 51238 3000 3
persist 66958 4000 4
persist 52008 3000 3
persist 51361 3000 3
persist 51068 3000 3
persist 69024 4000 4
persist 51674 3000 3
persist 51802 3000 3
persist 49960 3000 3
persist 52604 3000 3
persist 67681 4000 4
persist 53177 3000 3
persist 52320 3000 3
persist 53895 3000 3
persist 68638 4000 4
persist 51045 3000 3
persist 51828 3000 3
persist 51564 3000 3
persist 72447 4000 4
persist 52356 3000 3
persist 53125 3000 3
persist 52159 3000 3
persist 52238 3000 3
persist 53115 3000 3
persist 68097 4000 4
persist 50457 3000 3
persist 50728 3000 3
persist 50735 3000 3
persist 53553 3000 3
persist 66986 4000 4
write base data version: 33000, memory: 2796892160 bytes (2667.32 MB)
persist 53117 3000 3
persist 52494 3000 3
persist 51344 3000 3
persist 69901 4000 4
persist 51002 3000 3
persist 53988 3000 3
persist 51239 3000 3
persist 53419 3000 3
persist 49896 3000 3
persist 49791 3000 3
persist 72924 4000 4
persist 51965 3000 3
persist 52849 3000 3
persist 51545 3000 3
persist 51569 3000 3
persist 72855 4000 4
persist 45630 3000 3
persist 45122 3000 3
persist 62350 4000 4
persist 104873 6000 6
persist 148021 8000 8
persist 183021 9000 9
persist 205112 10000 10
write base data version: 33100, memory: 2942095360 bytes (2805.80 MB)
persist 173003 9000 9
persist 179517 9000 9
persist 117974 7000 7
persist 70438 4000 4
persist 66957 4000 4
persist 76145 3000 3
persist 58398 3000 3
persist 55676 3000 3
persist 50889 3000 3
persist 52138 3000 3
persist 52382 3000 3
persist 53438 3000 3
persist 51608 3000 3
persist 52960 3000 3
persist 52454 3000 3
persist 53238 3000 3
persist 56446 3000 3
persist 54439 3000 3
persist 77366 4000 4
persist 54093 3000 3
persist 51623 3000 3
persist 54366 3000 3
persist 47559 3000 3
persist 54190 3000 3
persist 38688 2000 2
persist 53796 3000 3
persist 54652 3000 3
persist 54263 3000 3
persist 46704 3000 3
persist 49227 3000 3
write base data version: 33200, memory: 2587197440 bytes (2467.34 MB)
persist 51131 3000 3
persist 56187 3000 3
persist 52149 3000 3
persist 37844 2000 2
persist 52657 3000 3
persist 52955 3000 3
persist 53144 3000 3
persist 62849 3000 3
persist 61700 3000 3
persist 61734 3000 3
persist 62199 3000 3
persist 65294 3000 3
persist 62170 3000 3
persist 55096 3000 3
persist 75301 4000 4
persist 50340 3000 3
persist 52779 3000 3
persist 51293 3000 3
persist 48622 3000 3
persist 47702 3000 3
persist 50261 3000 3
persist 51092 3000 3
persist 53921 3000 3
persist 58687 3000 3
persist 58524 3000 3
persist 58767 3000 3
persist 59707 3000 3
persist 60059 3000 3
persist 59107 3000 3
persist 59045 3000 3
persist 60496 3000 3
persist 59514 3000 3
persist 58437 3000 3
write base data version: 33300, memory: 2740219904 bytes (2613.28 MB)
persist 59948 3000 3
persist 60152 3000 3
persist 60059 3000 3
persist 59308 3000 3
persist 59632 3000 3
persist 80177 4000 4
persist 59509 3000 3
persist 59519 3000 3
persist 61712 3000 3
persist 60440 3000 3
persist 61668 3000 3
persist 90180 4000 4
persist 59530 3000 3
persist 59828 3000 3
persist 59881 3000 3
persist 59670 3000 3
persist 85360 4000 4
persist 55916 3000 3
persist 53919 3000 3
persist 53252 3000 3
persist 52417 3000 3
persist 55404 3000 3
persist 73879 4000 4
persist 54564 3000 3
persist 54698 3000 3
persist 60899 3000 3
persist 53834 3000 3
persist 51971 3000 3
persist 53596 3000 3
persist 55450 3000 3
persist 78945 4000 4
persist 53384 3000 3
write base data version: 33400, memory: 2884898816 bytes (2751.25 MB)
persist 54543 3000 3
persist 54305 3000 3
persist 53595 3000 3
persist 55540 3000 3
persist 55182 3000 3
persist 59068 3000 3
persist 75040 4000 4
persist 57133 3000 3
persist 56573 3000 3
persist 57247 3000 3
persist 60280 3000 3
persist 60037 3000 3
persist 61259 3000 3
persist 64962 3000 3
persist 95430 4000 4
persist 59202 3000 3
persist 59220 3000 3
persist 62832 3000 3
persist 60558 3000 3
persist 59844 3000 3
persist 59646 3000 3
persist 58599 3000 3
persist 59512 3000 3
persist 59180 3000 3
persist 59703 3000 3
persist 58956 3000 3
persist 59895 3000 3
persist 59785 3000 3
persist 60993 3000 3
persist 61603 3000 3
persist 57684 3000 3
persist 62496 3000 3
write base data version: 33500, memory: 2521538560 bytes (2404.73 MB)
persist 62235 3000 3
persist 56890 3000 3
persist 55433 3000 3
persist 56457 3000 3
persist 56960 3000 3
persist 54315 3000 3
persist 56811 3000 3
persist 55396 3000 3
persist 54328 3000 3
persist 55419 3000 3
persist 54451 3000 3
persist 61697 3000 3
persist 61354 3000 3
persist 62563 3000 3
persist 60155 3000 3
persist 61040 3000 3
persist 59344 3000 3
persist 61757 3000 3
persist 60688 3000 3
persist 61798 3000 3
persist 59624 3000 3
persist 60086 3000 3
persist 60348 3000 3
persist 60590 3000 3
persist 86834 4000 4
persist 60232 3000 3
persist 60756 3000 3
persist 60609 3000 3
persist 61941 3000 3
persist 62083 3000 3
persist 94490 4000 4
persist 64475 3000 3
persist 63806 3000 3
write base data version: 33600, memory: 2672271360 bytes (2548.48 MB)
persist 62171 3000 3
persist 62952 3000 3
persist 72705 4000 4
persist 55027 3000 3
persist 49949 3000 3
persist 49503 3000 3
persist 52016 3000 3
persist 50376 3000 3
persist 58231 3000 3
persist 57697 3000 3
persist 85765 4000 4
persist 57421 3000 3
persist 57969 3000 3
persist 57824 3000 3
persist 58926 3000 3
persist 58712 3000 3
persist 84972 4000 4
persist 58357 3000 3
persist 58739 3000 3
persist 58059 3000 3
persist 57668 3000 3
persist 58276 3000 3
persist 73025 4000 4
persist 57964 3000 3
persist 58156 3000 3
persist 81496 4000 4
persist 57283 3000 3
persist 58067 3000 3
persist 58177 3000 3
persist 56440 3000 3
persist 56111 3000 3
write base data version: 33700, memory: 2827063296 bytes (2696.10 MB)
persist 57871 3000 3
persist 85650 4000 4
persist 57823 3000 3
persist 58396 3000 3
persist 58100 3000 3
persist 58057 3000 3
persist 58421 3000 3
persist 59625 3000 3
persist 83367 4000 4
persist 59416 3000 3
persist 57627 3000 3
persist 57259 3000 3
persist 58650 3000 3
persist 85490 4000 4
persist 57408 3000 3
persist 57948 3000 3
persist 58388 3000 3
persist 56788 3000 3
persist 54028 3000 3
persist 50904 3000 3
persist 56744 3000 3
persist 56579 3000 3
persist 58043 3000 3
persist 59629 3000 3
persist 89015 4000 4
persist 59466 3000 3
persist 60436 3000 3
persist 61316 3000 3
persist 83108 4000 4
persist 60710 3000 3
persist 59773 3000 3
persist 60139 3000 3
write base data version: 33800, memory: 2976972800 bytes (2839.06 MB)
persist 63780 3000 3
persist 48705 2000 2
persist 62650 3000 3
persist 67162 3000 3
persist 49296 2000 2
persist 67449 3000 3
persist 51603 3000 3
persist 56915 3000 3
persist 42868 2000 2
persist 60815 3000 3
persist 60700 3000 3
persist 59381 3000 3
persist 58851 3000 3
persist 49844 3000 3
persist 51472 3000 3
persist 58409 3000 3
persist 57861 3000 3
persist 58025 3000 3
persist 58379 3000 3
persist 59005 3000 3
persist 58761 3000 3
persist 58249 3000 3
persist 87364 4000 4
persist 53858 3000 3
persist 58395 3000 3
persist 58852 3000 3
persist 58359 3000 3
persist 58543 3000 3
persist 58556 3000 3
persist 58124 3000 3
persist 58550 3000 3
persist 59429 3000 3
persist 74912 4000 4
persist 58545 3000 3
write base data version: 33900, memory: 2616643584 bytes (2495.43 MB)
persist 58542 3000 3
persist 57927 3000 3
persist 57386 3000 3
persist 55766 3000 3
persist 56887 3000 3
persist 58345 3000 3
persist 74562 4000 4
persist 59049 3000 3
persist 56804 3000 3
persist 59153 3000 3
persist 72935 4000 4
persist 59492 3000 3
persist 53677 3000 3
persist 59894 3000 3
persist 86558 4000 4
persist 59414 3000 3
persist 60514 3000 3
persist 60214 3000 3
persist 78370 4000 4
persist 60299 3000 3
persist 61816 3000 3
persist 88543 4000 4
persist 57746 3000 3
persist 56949 3000 3
persist 58621 3000 3
persist 82678 4000 4
persist 58404 3000 3
persist 58269 3000 3
persist 58330 3000 3
persist 83281 4000 4
persist 58863 3000 3
write base data version: 34000, memory: 2771062784 bytes (2642.69 MB)
persist 58116 3000 3
persist 59293 3000 3
persist 87892 4000 4
persist 58513 3000 3
persist 58176 3000 3
persist 57951 3000 3
persist 58416 3000 3
persist 58393 3000 3
persist 57751 3000 3
persist 85911 4000 4
persist 59839 3000 3
persist 58332 3000 3
persist 58166 3000 3
persist 59581 3000 3
persist 57792 3000 3
persist 59300 3000 3
persist 59017 3000 3
persist 58864 3000 3
persist 58923 3000 3
persist 58649 3000 3
persist 58166 3000 3
persist 58145 3000 3
persist 59471 3000 3
persist 59848 3000 3
persist 58213 3000 3
persist 57217 3000 3
persist 56401 3000 3
persist 57894 3000 3
persist 57122 3000 3
persist 58376 3000 3
persist 83322 4000 4
persist 59873 3000 3
write base data version: 34100, memory: 2918850560 bytes (2783.63 MB)
persist 58602 3000 3
persist 59307 3000 3
persist 57984 3000 3
persist 57700 3000 3
persist 59117 3000 3
persist 58970 3000 3
persist 86239 4000 4
persist 58631 3000 3
persist 58526 3000 3
persist 58214 3000 3
persist 59061 3000 3
persist 60019 3000 3
persist 59791 3000 3
persist 62788 3000 3
persist 63259 3000 3
persist 60810 3000 3
persist 60094 3000 3
persist 56163 3000 3
persist 57188 3000 3
persist 58749 3000 3
persist 62867 3000 3
persist 58888 3000 3
persist 59646 3000 3
persist 62669 3000 3
persist 90541 4000 4
persist 59209 3000 3
persist 55396 3000 3
persist 53340 3000 3
persist 52322 3000 3
persist 58860 3000 3
persist 56463 3000 3
persist 69364 3000 3
persist 51783 3000 3
write base data version: 34200, memory: 2556526592 bytes (2438.09 MB)
persist 49206 3000 3
persist 49089 3000 3
persist 56951 3000 3
persist 58248 3000 3
persist 52663 3000 3
persist 58458 3000 3
persist 58966 3000 3
persist 74242 4000 4
persist 57513 3000 3
persist 55633 3000 3
persist 57837 3000 3
persist 76948 4000 4
persist 57238 3000 3
persist 61149 3000 3
persist 58653 3000 3
persist 60060 3000 3
persist 58299 3000 3
persist 58871 3000 3
persist 85841 4000 4
persist 58046 3000 3
persist 58243 3000 3
persist 58192 3000 3
persist 59979 3000 3
persist 57387 3000 3
persist 58698 3000 3
persist 53520 3000 3
persist 77210 4000 4
persist 53681 3000 3
persist 55178 3000 3
persist 55154 3000 3
persist 52673 3000 3
persist 52877 3000 3
write base data version: 34300, memory: 2710867968 bytes (2585.29 MB)
persist 53110 3000 3
persist 58506 3000 3
persist 58737 3000 3
persist 58609 3000 3
persist 58953 3000 3
persist 58532 3000 3
persist 60702 3000 3
persist 85116 4000 4
persist 53910 3000 3
persist 61684 3000 3
persist 98593 5000 5
persist 162959 8000 8
persist 181635 9000 9
persist 198513 10000 10
persist 177834 10000 10
persist 202448 10000 10
persist 180092 10000 10
write base data version: 34400, memory: 2858082304 bytes (2725.68 MB)
persist 195655 10000 10
persist 183829 10000 10
persist 204720 10000 10
persist 216391 11000 11
persist 184629 10000 10
persist 187850 10000 10
persist 96138 5000 5
persist 72825 4000 4
persist 58830 3000 3
persist 58924 3000 3
persist 58179 3000 3
persist 82725 4000 4
persist 57730 3000 3
persist 58109 3000 3
persist 58460 3000 3
persist 59426 3000 3
persist 58212 3000 3
persist 87669 4000 4
persist 54109 3000 3
persist 52331 3000 3
write base data version: 34500, memory: 3008815104 bytes (2869.43 MB)
persist 90329 5000 5
persist 129926 7000 7
persist 117311 7000 7
persist 66235 4000 4
persist 52346 3000 3
persist 51897 3000 3
persist 53337 3000 3
persist 52347 3000 3
persist 53379 3000 3
persist 53885 3000 3
persist 34883 3000 3
persist 25656 3000 3
persist 25287 2000 2
persist 30094 3000 3
persist 25548 3000 3
persist 81340 4000 4
persist 107760 6000 6
persist 142640 8000 8
persist 139755 8000 8
persist 158695 9000 9
write base data version: 34600, memory: 2642014208 bytes (2519.62 MB)
persist 158546 9000 9
persist 175451 10000 10
persist 177675 10000 10
persist 175500 10000 10
persist 174161 10000 10
persist 177619 10000 10
persist 173667 10000 10
persist 177040 10000 10
persist 190667 10000 10
persist 198909 10000 10
write base data version: 34700, memory: 2790248448 bytes (2660.99 MB)
persist 209919 11000 11
persist 175754 10000 10
persist 179611 10000 10
persist 178256 10000 10
persist 178580 10000 10
persist 176308 10000 10
persist 180484 10000 10
persist 181663 10000 10
persist 182420 10000 10
persist 177301 10000 10
write base data version: 34800, memory: 2937581568 bytes (2801.50 MB)
persist 176261 10000 10
persist 181057 10000 10
persist 188536 10000 10
persist 202051 10000 10
persist 190852 11000 11
persist 192024 11000 11
persist 180397 10000 10
persist 162948 9000 9
persist 175513 10000 10
persist 178414 10000 10
write base data version: 34900, memory: 3091431424 bytes (2948.22 MB)
persist 175066 10000 10
persist 117665 7000 7
persist 70652 4000 4
persist 52341 3000 3
persist 52868 3000 3
persist 54412 3000 3
persist 54150 3000 3
persist 53727 3000 3
persist 52194 3000 3
persist 57275 3000 3
persist 58459 3000 3
persist 56052 3000 3
persist 43177 2000 2
persist 57287 3000 3
persist 58101 3000 3
persist 59254 3000 3
persist 60987 3000 3
persist 60466 3000 3
persist 60078 3000 3
persist 58009 3000 3
persist 58304 3000 3
persist 58267 3000 3
persist 58497 3000 3
persist 60433 3000 3
persist 58074 3000 3
persist 80346 4000 4
persist 48949 3000 3
persist 50734 3000 3
persist 51922 3000 3
persist 52264 3000 3
persist 52610 3000 3
persist 53708 3000 3
write base data version: 35000, memory: 2731339776 bytes (2604.81 MB)
persist 53108 3000 3
persist 54655 3000 3
persist 54507 3000 3
persist 54545 3000 3
persist 54509 3000 3
persist 52045 3000 3
persist 52471 3000 3
persist 52561 3000 3
persist 51445 3000 3
persist 51749 3000 3
persist 52540 3000 3
persist 52386 3000 3
persist 71864 4000 4
persist 52564 3000 3
persist 53499 3000 3
persist 53836 3000 3
persist 54087 3000 3
persist 52915 3000 3
persist 55130 3000 3
persist 52475 3000 3
persist 51356 3000 3
persist 50807 3000 3
persist 58754 3000 3
persist 59673 3000 3
persist 57807 3000 3
persist 58971 3000 3
persist 59575 3000 3
persist 88056 4000 4
persist 58091 3000 3
persist 53539 3000 3
persist 56827 3000 3
persist 52230 3000 3
persist 50378 3000 3
write base data version: 35100, memory: 2889244672 bytes (2755.40 MB)
persist 51600 3000 3
persist 51935 3000 3
persist 52073 3000 3
persist 52457 3000 3
persist 51790 3000 3
persist 53657 3000 3
persist 53209 3000 3
persist 53704 3000 3
persist 52612 3000 3
persist 52007 3000 3
persist 53295 3000 3
persist 53533 3000 3
persist 53187 3000 3
persist 49786 3000 3
persist 45117 3000 3
persist 45971 3000 3
persist 47888 3000 3
persist 50123 3000 3
persist 38847 2000 2
persist 53725 3000 3
persist 53562 3000 3
persist 54876 3000 3
persist 53546 3000 3
persist 54031 3000 3
persist 54254 3000 3
persist 54449 3000 3
persist 51857 3000 3
persist 45129 3000 3
persist 46179 3000 3
persist 45934 3000 3
persist 44742 3000 3
persist 57656 3000 3
persist 59589 3000 3
write base data version: 35200, memory: 3032268800 bytes (2891.80 MB)
persist 59026 3000 3
persist 53072 3000 3
persist 59856 3000 3
persist 60448 3000 3
persist 59548 3000 3
persist 59887 3000 3
persist 60250 3000 3
persist 61132 3000 3
persist 60971 3000 3
persist 64056 3000 3
persist 61640 3000 3
persist 60156 3000 3
persist 62523 3000 3
persist 55883 3000 3
persist 54356 3000 3
persist 55151 3000 3
persist 53662 3000 3
persist 52188 3000 3
persist 53827 3000 3
persist 57278 3000 3
persist 59830 3000 3
persist 59633 3000 3
persist 46769 3000 3
persist 52220 3000 3
persist 60441 3000 3
persist 42774 2000 2
persist 60150 3000 3
persist 59199 3000 3
persist 57379 3000 3
persist 42849 2000 2
persist 52171 3000 3
persist 51660 3000 3
persist 53509 3000 3
persist 58898 3000 3
write base data version: 35300, memory: 2662584320 bytes (2539.24 MB)
persist 58209 3000 3
persist 73597 4000 4
persist 50842 3000 3
persist 51899 3000 3
persist 52542 3000 3
persist 59906 3000 3
persist 58772 3000 3
persist 59438 3000 3
persist 60072 3000 3
persist 82951 4000 4
persist 59159 3000 3
persist 55337 3000 3
persist 52455 3000 3
persist 50882 3000 3
persist 51310 3000 3
persist 57975 3000 3
persist 57203 3000 3
persist 59233 3000 3
persist 87725 4000 4
persist 58037 3000 3
persist 59426 3000 3
persist 58913 3000 3
persist 56420 3000 3
persist 58115 3000 3
persist 58403 3000 3
persist 82568 4000 4
persist 58788 3000 3
persist 58434 3000 3
persist 58628 3000 3
persist 58203 3000 3
persist 57414 3000 3
persist 56637 3000 3
write base data version: 35400, memory: 2813759488 bytes (2683.41 MB)
persist 59070 3000 3
persist 60375 3000 3
persist 85720 4000 4
persist 55104 3000 3
persist 61199 3000 3
persist 59311 3000 3
persist 55514 3000 3
persist 53684 3000 3
persist 50202 3000 3
persist 51088 3000 3
persist 51585 3000 3
persist 51134 3000 3
persist 49259 3000 3
persist 51621 3000 3
persist 57456 3000 3
persist 58065 3000 3
persist 57389 3000 3
persist 56783 3000 3
persist 57613 3000 3
persist 57696 3000 3
persist 58361 3000 3
persist 57703 3000 3
persist 56974 3000 3
persist 57033 3000 3
persist 56429 3000 3
persist 56231 3000 3
persist 58131 3000 3
persist 56268 3000 3
persist 56432 3000 3
persist 58312 3000 3
persist 58740 3000 3
persist 58771 3000 3
persist 58695 3000 3
write base data version: 35500, memory: 2965422080 bytes (2828.05 MB)
persist 88489 4000 4
persist 59454 3000 3
persist 58497 3000 3
persist 57521 3000 3
persist 58317 3000 3
persist 59274 3000 3
persist 58546 3000 3
persist 58192 3000 3
persist 58814 3000 3
persist 52189 3000 3
persist 52416 3000 3
persist 52360 3000 3
persist 57715 3000 3
persist 57787 3000 3
persist 58166 3000 3
persist 59650 3000 3
persist 30722 3000 3
persist 24084 3000 3
persist 24114 2000 2
persist 25708 3000 3
persist 25322 2000 2
persist 30773 3000 3
persist 26783 3000 3
persist 85888 4000 4
persist 141032 7000 7
persist 147972 8000 8
persist 70864 4000 4
persist 54021 3000 3
persist 54827 3000 3
persist 55207 3000 3
write base data version: 35600, memory: 3118223360 bytes (2973.77 MB)
persist 54655 3000 3
persist 59996 3000 3
persist 50103 3000 3
persist 57777 3000 3
persist 63412 3000 3
persist 65864 3000 3
persist 65174 3000 3
persist 62728 3000 3
persist 54753 3000 3
persist 46256 2000 2
persist 51498 3000 3
persist 36995 2000 2
persist 52007 3000 3
persist 51835 3000 3
persist 53422 3000 3
persist 48752 3000 3
persist 51420 3000 3
persist 49051 3000 3
persist 49271 3000 3
persist 76573 3000 3
persist 38207 2000 2
persist 53611 3000 3
persist 53218 3000 3
persist 62379 3000 3
persist 53320 3000 3
persist 52237 3000 3
persist 48713 3000 3
persist 52603 3000 3
persist 54981 3000 3
persist 55376 3000 3
persist 51073 3000 3
persist 52200 3000 3
persist 49246 3000 3
persist 46887 3000 3
persist 47348 3000 3
write base data version: 35700, memory: 2762317824 bytes (2634.35 MB)
persist 45564 3000 3
persist 47137 3000 3
persist 54446 3000 3
persist 54916 3000 3
persist 52595 3000 3
persist 50119 3000 3
persist 48952 3000 3
persist 47550 3000 3
persist 52208 3000 3
persist 39088 2000 2
persist 53403 3000 3
persist 53791 3000 3
persist 53542 3000 3
persist 54107 3000 3
persist 44164 3000 3
persist 52217 3000 3
persist 38668 2000 2
persist 54543 3000 3
persist 54588 3000 3
persist 55486 3000 3
persist 57343 3000 3
persist 52817 3000 3
persist 54652 3000 3
persist 52809 3000 3
persist 48000 3000 3
persist 47025 3000 3
persist 50008 3000 3
persist 52838 3000 3
persist 52232 3000 3
persist 47359 3000 3
persist 45265 3000 3
persist 45777 3000 3
persist 44984 3000 3
persist 44187 3000 3
write base data version: 35800, memory: 2927337472 bytes (2791.73 MB)
persist 45138 3000 3
persist 48600 3000 3
persist 50042 3000 3
persist 45325 3000 3
persist 44852 3000 3
persist 51699 3000 3
persist 51163 3000 3
persist 50586 3000 3
persist 47061 3000 3
persist 47867 3000 3
persist 45870 3000 3
persist 45380 3000 3
persist 49679 3000 3
persist 51381 3000 3
persist 52407 3000 3
persist 51971 3000 3
persist 58491 3000 3
persist 59074 3000 3
persist 56328 3000 3
persist 58010 3000 3
persist 58223 3000 3
persist 70500 4000 4
persist 57209 3000 3
persist 57532 3000 3
persist 57610 3000 3
persist 59354 3000 3
persist 59611 3000 3
persist 59309 3000 3
persist 57999 3000 3
persist 84028 4000 4
persist 58206 3000 3
persist 58858 3000 3
write base data version: 35900, memory: 3092926464 bytes (2949.64 MB)
persist 58140 3000 3
persist 58741 3000 3
persist 58655 3000 3
persist 56329 3000 3
persist 58497 3000 3
persist 74450 4000 4
persist 57934 3000 3
persist 58694 3000 3
persist 56841 3000 3
persist 58988 3000 3
persist 85544 4000 4
persist 58342 3000 3
persist 60171 3000 3
persist 58214 3000 3
persist 58441 3000 3
persist 57186 3000 3
persist 59938 3000 3
persist 81314 4000 4
persist 60519 3000 3
persist 59349 3000 3
persist 57788 3000 3
persist 60234 3000 3
persist 55156 3000 3
persist 56985 3000 3
persist 57153 3000 3
persist 59565 3000 3
persist 60299 3000 3
persist 59944 3000 3
persist 60611 3000 3
persist 61790 3000 3
persist 60079 3000 3
persist 59692 3000 3
persist 60181 3000 3
write base data version: 36000, memory: 3242037248 bytes (3091.85 MB)
persist 59624 3000 3
persist 56414 3000 3
persist 25737 3000 3
persist 31590 3000 3
persist 17926 2000 2
persist 25009 2000 2
persist 25247 3000 3
persist 25083 2000 2
persist 25551 3000 3
persist 28219 3000 3
persist 17291 2000 2
persist 31404 3000 3
persist 17115 2000 2
persist 24518 3000 3
persist 22741 2000 2
persist 24953 3000 3
persist 24565 2000 2
persist 25166 3000 3
persist 28761 3000 3
persist 19445 2000 2
persist 23633 3000 3
persist 25140 2000 2
persist 25813 3000 3
persist 55936 3000 3
persist 50583 3000 3
persist 48772 3000 3
persist 48501 3000 3
persist 58085 3000 3
persist 58860 3000 3
persist 47758 3000 3
persist 47402 3000 3
persist 52724 3000 3
persist 49943 3000 3
persist 48867 3000 3
persist 59393 3000 3
persist 58236 3000 3
write base data version: 36100, memory: 2876080128 bytes (2742.84 MB)
persist 58245 3000 3
persist 55724 3000 3
persist 59322 3000 3
persist 59179 3000 3
persist 60231 3000 3
persist 60376 3000 3
persist 59312 3000 3
persist 57136 3000 3
persist 57287 3000 3
persist 84469 4000 4
persist 58644 3000 3
persist 58826 3000 3
persist 61072 3000 3
persist 59638 3000 3
persist 78986 4000 4
persist 60145 3000 3
persist 56148 3000 3
persist 58080 3000 3
persist 87496 4000 4
persist 58029 3000 3
persist 58543 3000 3
persist 58121 3000 3
persist 57375 3000 3
persist 57559 3000 3
persist 79349 4000 4
persist 58963 3000 3
persist 57926 3000 3
persist 56772 3000 3
persist 56824 3000 3
persist 58811 3000 3
persist 77267 4000 4
persist 60022 3000 3
write base data version: 36200, memory: 3028226048 bytes (2887.94 MB)
persist 58921 3000 3
persist 60729 3000 3
persist 56813 3000 3
persist 59060 3000 3
persist 88628 4000 4
persist 58261 3000 3
persist 58945 3000 3
persist 57559 3000 3
persist 58957 3000 3
persist 90157 4000 4
persist 59500 3000 3
persist 58872 3000 3
persist 64236 3000 3
persist 52777 3000 3
persist 51082 3000 3
persist 55656 3000 3
persist 50055 3000 3
persist 52833 3000 3
persist 60812 3000 3
persist 61672 3000 3
persist 61709 3000 3
persist 62610 3000 3
persist 85168 4000 4
persist 57914 3000 3
persist 59604 3000 3
persist 59771 3000 3
persist 58921 3000 3
persist 58994 3000 3
persist 57736 3000 3
persist 58401 3000 3
persist 58295 3000 3
persist 57574 3000 3
write base data version: 36300, memory: 3143880704 bytes (2998.24 MB)
persist 58744 3000 3
persist 56486 3000 3
persist 60550 3000 3
persist 58700 3000 3
persist 59484 3000 3
persist 61137 3000 3
persist 60401 3000 3
persist 62863 3000 3
persist 60786 3000 3
persist 60975 3000 3
persist 59102 3000 3
persist 57198 3000 3
persist 57848 3000 3
persist 59876 3000 3
persist 60832 3000 3
persist 56625 3000 3
persist 49829 3000 3
persist 48916 3000 3
persist 55650 3000 3
persist 50129 3000 3
persist 36468 2000 2
persist 54344 3000 3
persist 54197 3000 3
persist 52492 3000 3
persist 47301 2000 2
persist 54055 3000 3
persist 78421 3000 3
persist 51836 3000 3
persist 31327 2000 2
persist 31474 2000 2
persist 44753 2000 2
persist 54153 3000 3
persist 53209 3000 3
persist 49168 3000 3
persist 50946 3000 3
write base data version: 36400, memory: 2768228352 bytes (2639.99 MB)
persist 53470 3000 3
persist 54784 3000 3
persist 52155 3000 3
persist 51842 3000 3
persist 53859 3000 3
persist 51318 3000 3
persist 52503 3000 3
persist 52754 3000 3
persist 53543 3000 3
persist 53258 3000 3
persist 53735 3000 3
persist 54016 3000 3
persist 57128 3000 3
persist 60058 3000 3
persist 86275 4000 4
persist 58504 3000 3
persist 60183 3000 3
persist 58961 3000 3
persist 59993 3000 3
persist 59255 3000 3
persist 74417 4000 4
persist 60469 3000 3
persist 59164 3000 3
persist 59584 3000 3
persist 53870 3000 3
persist 74341 4000 4
persist 53632 3000 3
persist 54224 3000 3
persist 53087 3000 3
persist 53845 3000 3
persist 56091 3000 3
persist 61168 3000 3
write base data version: 36500, memory: 2911293440 bytes (2776.43 MB)
persist 63334 3000 3
persist 60539 3000 3
persist 59085 3000 3
persist 60643 3000 3
persist 93333 4000 4
persist 57483 3000 3
persist 57255 3000 3
persist 57692 3000 3
persist 58142 3000 3
persist 56895 3000 3
persist 56082 3000 3
persist 58504 3000 3
persist 87591 4000 4
persist 57744 3000 3
persist 59119 3000 3
persist 59017 3000 3
persist 59311 3000 3
persist 56525 3000 3
persist 55572 3000 3
persist 58436 3000 3
persist 57938 3000 3
persist 55230 3000 3
persist 58846 3000 3
persist 84125 4000 4
persist 59402 3000 3
persist 58773 3000 3
persist 59223 3000 3
persist 59277 3000 3
persist 57727 3000 3
persist 60515 3000 3
persist 60644 3000 3
persist 83930 4000 4
write base data version: 36600, memory: 3059011584 bytes (2917.30 MB)
persist 58237 3000 3
persist 58340 3000 3
persist 58449 3000 3
persist 58818 3000 3
persist 57762 3000 3
persist 56517 3000 3
persist 58441 3000 3
persist 59550 3000 3
persist 59046 3000 3
persist 58982 3000 3
persist 61520 3000 3
persist 83214 4000 4
persist 53116 3000 3
persist 53685 3000 3
persist 53315 3000 3
persist 51855 3000 3
persist 46416 3000 3
persist 45879 3000 3
persist 52528 3000 3
persist 50725 3000 3
persist 44820 3000 3
persist 46046 3000 3
persist 50506 3000 3
persist 51709 3000 3
persist 52264 3000 3
persist 37823 2000 2
persist 59904 3000 3
persist 57809 3000 3
persist 58167 3000 3
persist 60681 3000 3
persist 60227 3000 3
persist 90181 4000 4
persist 56358 3000 3
write base data version: 36700, memory: 3206508544 bytes (3057.96 MB)
persist 66802 3000 3
persist 44354 3000 3
persist 49897 3000 3
persist 68892 4000 4
persist 105611 6000 6
persist 141549 8000 8
persist 157227 9000 9
persist 171414 10000 10
persist 171202 10000 10
persist 200972 10000 10
persist 104047 6000 6
persist 68325 4000 4
persist 77804 4000 4
persist 41167 3000 3
persist 36937 3000 3
persist 33846 3000 3
persist 20721 2000 2
persist 47504 3000 3
persist 48368 3000 3
persist 52091 3000 3
write base data version: 36800, memory: 2842734592 bytes (2711.04 MB)
persist 53669 3000 3
persist 51486 3000 3
persist 48063 3000 3
persist 45670 3000 3
persist 48916 3000 3
persist 48459 3000 3
persist 61281 3000 3
persist 43670 2000 2
persist 54875 3000 3
persist 54220 3000 3
persist 53986 3000 3
persist 53313 3000 3
persist 46142 3000 3
persist 46149 3000 3
persist 43844 3000 3
persist 46214 3000 3
persist 50172 3000 3
persist 38096 2000 2
persist 55402 3000 3
persist 53597 3000 3
persist 54357 3000 3
persist 55122 3000 3
persist 55228 3000 3
persist 89722 3000 3
persist 55921 3000 3
persist 53481 3000 3
persist 51595 3000 3
persist 44601 3000 3
persist 50317 3000 3
persist 35922 2000 2
persist 51928 3000 3
persist 53013 3000 3
persist 52530 3000 3
persist 52271 3000 3
persist 52321 3000 3
write base data version: 36900, memory: 2999693312 bytes (2860.73 MB)
persist 49682 3000 3
persist 44389 3000 3
persist 45274 3000 3
persist 44923 3000 3
persist 45801 3000 3
persist 48158 3000 3
persist 37159 2000 2
persist 52486 3000 3
persist 53602 3000 3
persist 52647 3000 3
persist 50593 3000 3
persist 52486 3000 3
persist 51134 3000 3
persist 46903 3000 3
persist 45010 3000 3
persist 50103 3000 3
persist 46935 3000 3
persist 43369 3000 3
persist 46311 3000 3
persist 36690 2000 2
persist 50842 3000 3
persist 50972 3000 3
persist 50997 3000 3
persist 52997 3000 3
persist 59428 3000 3
persist 63158 3000 3
persist 59930 3000 3
persist 59583 3000 3
persist 73634 4000 4
persist 58699 3000 3
persist 57053 3000 3
persist 57585 3000 3
persist 58421 3000 3
write base data version: 37000, memory: 3147091968 bytes (3001.30 MB)
persist 87765 4000 4
persist 58641 3000 3
persist 58961 3000 3
persist 56269 3000 3
persist 56960 3000 3
persist 58461 3000 3
persist 85904 4000 4
persist 57979 3000 3
persist 59322 3000 3
persist 58403 3000 3
persist 59414 3000 3
persist 58676 3000 3
persist 80837 4000 4
persist 60280 3000 3
persist 62372 3000 3
persist 61564 3000 3
persist 59660 3000 3
persist 60396 3000 3
persist 59095 3000 3
persist 56527 3000 3
persist 56406 3000 3
persist 57863 3000 3
persist 58691 3000 3
persist 59733 3000 3
persist 59460 3000 3
persist 62108 3000 3
persist 60380 3000 3
persist 57798 3000 3
persist 56371 3000 3
persist 57007 3000 3
persist 57654 3000 3
persist 56232 3000 3
persist 58562 3000 3
write base data version: 37100, memory: 3309830144 bytes (3156.50 MB)
persist 61817 3000 3
persist 57930 3000 3
persist 55762 3000 3
persist 55879 3000 3
persist 56529 3000 3
persist 57937 3000 3
persist 86583 4000 4
persist 59414 3000 3
persist 58132 3000 3
persist 56969 3000 3
persist 57164 3000 3
persist 57867 3000 3
persist 57055 3000 3
persist 56928 3000 3
persist 56214 3000 3
persist 58366 3000 3
persist 58695 3000 3
persist 57417 3000 3
persist 82626 4000 4
persist 57486 3000 3
persist 56787 3000 3
persist 57536 3000 3
persist 56809 3000 3
persist 57519 3000 3
persist 51904 3000 3
persist 57510 3000 3
persist 58468 3000 3
persist 59403 3000 3
persist 57958 3000 3
persist 58186 3000 3
persist 58838 3000 3
persist 51648 3000 3
write base data version: 37200, memory: 2937466880 bytes (2801.39 MB)
persist 52326 3000 3
persist 51487 3000 3
persist 52352 3000 3
persist 48604 3000 3
persist 46451 3000 3
persist 52949 3000 3
persist 51236 3000 3
persist 50434 3000 3
persist 45854 3000 3
persist 47898 3000 3
persist 33231 3000 3
persist 22251 2000 2
persist 27143 3000 3
persist 17451 2000 2
persist 24978 3000 3
persist 23488 2000 2
persist 25264 3000 3
persist 52474 3000 3
persist 50251 3000 3
persist 54615 3000 3
persist 58257 3000 3
persist 57182 3000 3
persist 58616 3000 3
persist 58072 3000 3
persist 56765 3000 3
persist 58220 3000 3
persist 58206 3000 3
persist 57424 3000 3
persist 57198 3000 3
persist 58437 3000 3
persist 56393 3000 3
persist 56618 3000 3
persist 50277 3000 3
persist 50325 3000 3
persist 50943 3000 3
write base data version: 37300, memory: 3096428544 bytes (2952.98 MB)
persist 50328 3000 3
persist 50528 3000 3
persist 51545 3000 3
persist 50610 3000 3
persist 50948 3000 3
persist 52195 3000 3
persist 51289 3000 3
persist 52440 3000 3
persist 52479 3000 3
persist 51733 3000 3
persist 56700 3000 3
persist 62929 3000 3
persist 56817 3000 3
persist 59026 3000 3
persist 58306 3000 3
persist 57354 3000 3
persist 58507 3000 3
persist 58164 3000 3
persist 57581 3000 3
persist 57274 3000 3
persist 57740 3000 3
persist 57283 3000 3
persist 58102 3000 3
persist 55386 3000 3
persist 53262 3000 3
persist 51656 3000 3
persist 51639 3000 3
persist 25299 3000 3
persist 24808 2000 2
persist 25011 3000 3
persist 31370 3000 3
persist 17332 2000 2
persist 48834 3000 3
persist 48722 3000 3
write base data version: 37400, memory: 3244056576 bytes (3093.77 MB)
persist 54193 3000 3
persist 44604 2000 2
persist 61133 3000 3
persist 60698 3000 3
persist 61630 3000 3
persist 62554 3000 3
persist 62328 3000 3
persist 62103 3000 3
persist 56837 3000 3
persist 54628 3000 3
persist 58807 3000 3
persist 60402 3000 3
persist 58276 3000 3
persist 58873 3000 3
persist 61792 3000 3
persist 60902 3000 3
persist 54217 3000 3
persist 49499 3000 3
persist 58614 3000 3
persist 42382 2000 2
persist 59036 3000 3
persist 58395 3000 3
persist 70641 3000 3
persist 71265 3000 3
persist 55319 3000 3
persist 38071 2000 2
persist 54422 3000 3
persist 64564 3000 3
persist 51092 3000 3
persist 42244 2000 2
persist 48105 3000 3
persist 45338 3000 3
persist 38651 2000 2
persist 54599 3000 3
persist 52565 3000 3
write base data version: 37500, memory: 2902474752 bytes (2768.02 MB)
persist 52628 3000 3
persist 54077 3000 3
persist 53810 3000 3
persist 54636 3000 3
persist 55214 3000 3
persist 43750 3000 3
persist 51510 3000 3
persist 53671 3000 3
persist 59085 3000 3
persist 55238 3000 3
persist 54061 3000 3
persist 54904 3000 3
persist 54605 3000 3
persist 55445 3000 3
persist 55899 3000 3
persist 54370 3000 3
persist 55416 3000 3
persist 53379 3000 3
persist 53474 3000 3
persist 54946 3000 3
persist 55484 3000 3
persist 54800 3000 3
persist 53135 3000 3
persist 56581 3000 3
persist 55788 3000 3
persist 56343 3000 3
persist 57625 3000 3
persist 55466 3000 3
persist 61633 3000 3
persist 55084 3000 3
persist 58087 3000 3
persist 56396 3000 3
persist 58343 3000 3
write base data version: 37600, memory: 3055542272 bytes (2913.99 MB)
persist 58851 3000 3
persist 56246 3000 3
persist 53050 3000 3
persist 49140 3000 3
persist 54526 3000 3
persist 50337 3000 3
persist 54884 3000 3
persist 49932 3000 3
persist 50840 3000 3
persist 50999 3000 3
persist 51378 3000 3
persist 50805 3000 3
persist 51228 3000 3
persist 53325 3000 3
persist 52500 3000 3
persist 51717 3000 3
persist 52709 3000 3
persist 52879 3000 3
persist 52494 3000 3
persist 51292 3000 3
persist 51391 3000 3
persist 51506 3000 3
persist 51147 3000 3
persist 49261 3000 3
persist 49628 3000 3
persist 50201 3000 3
persist 51713 3000 3
persist 51926 3000 3
persist 50294 3000 3
persist 51373 3000 3
persist 50291 3000 3
persist 49137 3000 3
persist 53012 3000 3
write base data version: 37700, memory: 3217031168 bytes (3068.00 MB)
persist 50178 3000 3
persist 51480 3000 3
persist 49869 3000 3
persist 49285 3000 3
persist 49499 3000 3
persist 49225 3000 3
persist 50010 3000 3
persist 49482 3000 3
persist 50107 3000 3
persist 49498 3000 3
persist 50029 3000 3
persist 50053 3000 3
persist 49832 3000 3
persist 48546 3000 3
persist 50335 3000 3
persist 50097 3000 3
persist 51404 3000 3
persist 49829 3000 3
persist 48944 3000 3
persist 48356 3000 3
persist 49322 3000 3
persist 51209 3000 3
persist 49824 3000 3
persist 52081 3000 3
persist 53230 3000 3
persist 51510 3000 3
persist 52409 3000 3
persist 52474 3000 3
persist 50859 3000 3
persist 49472 3000 3
persist 49463 3000 3
persist 51252 3000 3
persist 49885 3000 3
persist 35818 2000 2
write base data version: 37800, memory: 3351363584 bytes (3196.11 MB)
persist 54383 3000 3
persist 52964 3000 3
persist 52609 3000 3
persist 52199 3000 3
persist 53243 3000 3
persist 69621 3000 3
persist 53553 3000 3
persist 53392 3000 3
persist 52049 3000 3
persist 52536 3000 3
persist 52102 3000 3
persist 52710 3000 3
persist 51877 3000 3
persist 52375 3000 3
persist 51501 3000 3
persist 52441 3000 3
persist 51640 3000 3
persist 51718 3000 3
persist 52145 3000 3
persist 52678 3000 3
persist 52647 3000 3
persist 52741 3000 3
persist 52475 3000 3
persist 52789 3000 3
persist 51639 3000 3
persist 52563 3000 3
persist 51736 3000 3
persist 49702 3000 3
persist 52377 3000 3
persist 52210 3000 3
persist 50029 3000 3
persist 49550 3000 3
persist 51000 3000 3
write base data version: 37900, memory: 2980274176 bytes (2842.21 MB)
persist 51643 3000 3
persist 52188 3000 3
persist 49830 3000 3
persist 52119 3000 3
persist 52816 3000 3
persist 52972 3000 3
persist 47357 3000 3
persist 36129 3000 3
persist 31346 3000 3
persist 17212 2000 2
persist 27745 3000 3
persist 17263 2000 2
persist 24146 3000 3
persist 21627 2000 2
persist 23951 3000 3
persist 19621 2000 2
persist 25774 3000 3
persist 24511 2000 2
persist 23812 3000 3
persist 26991 2000 2
persist 48887 3000 3
persist 47995 3000 3
persist 48002 3000 3
persist 45588 3000 3
persist 50155 3000 3
persist 60144 3000 3
persist 40077 2000 2
persist 51747 3000 3
persist 52453 3000 3
persist 52744 3000 3
persist 53018 3000 3
persist 51971 3000 3
persist 47815 3000 3
persist 47600 3000 3
persist 52494 3000 3
persist 50344 3000 3
write base data version: 38000, memory: 3134951424 bytes (2989.72 MB)
persist 48109 3000 3
persist 45001 3000 3
persist 49739 3000 3
persist 51423 3000 3
persist 50690 3000 3
persist 53440 3000 3
persist 49527 3000 3
persist 45654 3000 3
persist 50515 3000 3
persist 35854 2000 2
persist 51393 3000 3
persist 52666 3000 3
persist 51229 3000 3
persist 52710 3000 3
persist 57140 3000 3
persist 58499 3000 3
persist 59101 3000 3
persist 59295 3000 3
persist 58165 3000 3
persist 58566 3000 3
persist 57853 3000 3
persist 58609 3000 3
persist 57151 3000 3
persist 57255 3000 3
persist 57179 3000 3
persist 57876 3000 3
persist 58374 3000 3
persist 59172 3000 3
persist 78888 4000 4
persist 57600 3000 3
persist 53365 3000 3
persist 52730 3000 3
persist 52422 3000 3
write base data version: 38100, memory: 3280302080 bytes (3128.34 MB)
persist 53178 3000 3
persist 52340 3000 3
persist 52959 3000 3
persist 53538 3000 3
persist 77917 4000 4
persist 53459 3000 3
persist 53085 3000 3
persist 54596 3000 3
persist 54026 3000 3
persist 53132 3000 3
persist 55760 3000 3
persist 56913 3000 3
persist 58365 3000 3
persist 53902 3000 3
persist 52852 3000 3
persist 55021 3000 3
persist 59626 3000 3
persist 54940 3000 3
persist 55872 3000 3
persist 51819 3000 3
persist 51966 3000 3
persist 51340 3000 3
persist 52351 3000 3
persist 49713 3000 3
persist 45847 3000 3
persist 43280 3000 3
persist 37112 3000 3
persist 36226 3000 3
persist 31206 2000 2
persist 44518 3000 3
persist 44467 3000 3
persist 72628 3000 3
persist 59989 3000 3
persist 53597 3000 3
write base data version: 38200, memory: 2905706496 bytes (2771.10 MB)
persist 51087 3000 3
persist 53205 3000 3
persist 52793 3000 3
persist 49391 3000 3
persist 49543 3000 3
persist 49271 3000 3
persist 51986 3000 3
persist 48332 3000 3
persist 50603 3000 3
persist 53075 3000 3
persist 49364 3000 3
persist 44247 3000 3
persist 44350 3000 3
persist 45999 3000 3
persist 44178 3000 3
persist 46130 3000 3
persist 49797 3000 3
persist 48581 3000 3
persist 48947 3000 3
persist 51737 3000 3
persist 50693 3000 3
persist 45605 3000 3
persist 47626 3000 3
persist 38272 2000 2
persist 52810 3000 3
persist 52875 3000 3
persist 54089 3000 3
persist 53297 3000 3
persist 54577 3000 3
persist 55034 3000 3
persist 47875 3000 3
persist 50481 3000 3
persist 54922 3000 3
write base data version: 38300, memory: 3059408896 bytes (2917.68 MB)
persist 55370 3000 3
persist 38205 2000 2
persist 55816 3000 3
persist 55422 3000 3
persist 56837 3000 3
persist 55041 3000 3
persist 55698 3000 3
persist 50363 3000 3
persist 50843 3000 3
persist 48317 3000 3
persist 47637 3000 3
persist 45889 3000 3
persist 46758 3000 3
persist 47100 3000 3
persist 44584 3000 3
persist 43478 3000 3
persist 45355 3000 3
persist 46393 3000 3
persist 42973 3000 3
persist 45655 3000 3
persist 58442 3000 3
persist 58273 3000 3
persist 58121 3000 3
persist 53668 3000 3
persist 53290 3000 3
persist 51800 3000 3
persist 52320 3000 3
persist 51834 3000 3
persist 53458 3000 3
persist 52403 3000 3
persist 51784 3000 3
persist 52319 3000 3
persist 53403 3000 3
persist 53206 3000 3
write base data version: 38400, memory: 3206774784 bytes (3058.22 MB)
persist 51282 3000 3
persist 51156 3000 3
persist 51516 3000 3
persist 51242 3000 3
persist 52595 3000 3
persist 53228 3000 3
persist 52802 3000 3
persist 58625 3000 3
persist 59537 3000 3
persist 60343 3000 3
persist 59975 3000 3
persist 60455 3000 3
persist 58892 3000 3
persist 60148 3000 3
persist 60060 3000 3
persist 87566 4000 4
persist 58308 3000 3
persist 54964 3000 3
persist 57118 3000 3
persist 57512 3000 3
persist 59270 3000 3
persist 59221 3000 3
persist 58440 3000 3
persist 59308 3000 3
persist 61477 3000 3
persist 59245 3000 3
persist 59849 3000 3
persist 59081 3000 3
persist 58510 3000 3
persist 58797 3000 3
persist 58847 3000 3
persist 60318 3000 3
persist 60095 3000 3
write base data version: 38500, memory: 3365163008 bytes (3209.27 MB)
persist 60365 3000 3
persist 63031 3000 3
persist 57354 3000 3
persist 57563 3000 3
persist 52533 3000 3
persist 50125 3000 3
persist 50618 3000 3
persist 51276 3000 3
persist 53942 3000 3
persist 46107 3000 3
persist 47269 3000 3
persist 54308 3000 3
persist 37729 2000 2
persist 52141 3000 3
persist 53146 3000 3
persist 53025 3000 3
persist 45103 3000 3
persist 37664 2000 2
persist 58512 3000 3
persist 77394 3000 3
persist 54803 3000 3
persist 48125 3000 3
persist 49831 3000 3
persist 36594 2000 2
persist 53589 3000 3
persist 52511 3000 3
persist 61927 3000 3
persist 52350 3000 3
persist 52630 3000 3
persist 50641 3000 3
persist 39457 2000 2
persist 53272 3000 3
persist 53083 3000 3
persist 60713 3000 3
persist 53303 3000 3
write base data version: 38600, memory: 3016962048 bytes (2877.20 MB)
persist 53140 3000 3
persist 46718 3000 3
persist 45765 3000 3
persist 36782 2000 2
persist 59212 3000 3
persist 54842 3000 3
persist 49625 3000 3
persist 52603 3000 3
persist 41561 2000 2
persist 56024 3000 3
persist 53986 3000 3
persist 55650 3000 3
persist 44887 3000 3
persist 48893 3000 3
persist 47145 3000 3
persist 50827 3000 3
persist 54418 3000 3
persist 44470 2000 2
persist 53896 3000 3
persist 52870 3000 3
persist 53704 3000 3
persist 52493 3000 3
persist 57408 3000 3
persist 37893 2000 2
persist 54401 3000 3
persist 55323 3000 3
persist 54009 3000 3
persist 54889 3000 3
persist 54383 3000 3
persist 53722 3000 3
persist 53999 3000 3
persist 54185 3000 3
persist 53296 3000 3
persist 49707 3000 3
write base data version: 38700, memory: 3179982848 bytes (3032.67 MB)
persist 52364 3000 3
persist 50320 3000 3
persist 47614 3000 3
persist 42782 2000 2
persist 57481 3000 3
persist 58869 3000 3
persist 58549 3000 3
persist 59618 3000 3
persist 58866 3000 3
persist 58632 3000 3
persist 59242 3000 3
persist 58959 3000 3
persist 57941 3000 3
persist 58021 3000 3
persist 58920 3000 3
persist 57743 3000 3
persist 58860 3000 3
persist 58340 3000 3
persist 59130 3000 3
persist 59218 3000 3
persist 58164 3000 3
persist 61319 3000 3
persist 58705 3000 3
persist 55031 3000 3
persist 52207 3000 3
persist 53123 3000 3
persist 47867 3000 3
persist 47939 3000 3
persist 60658 3000 3
persist 61005 3000 3
persist 44783 2000 2
persist 60478 3000 3
persist 60321 3000 3
persist 60022 3000 3
write base data version: 38800, memory: 3338768384 bytes (3184.10 MB)
persist 61382 3000 3
persist 60847 3000 3
persist 51248 3000 3
persist 50167 3000 3
persist 44584 3000 3
persist 52818 3000 3
persist 62655 3000 3
persist 42909 2000 2
persist 59002 3000 3
persist 59420 3000 3
persist 59093 3000 3
persist 57737 3000 3
persist 58426 3000 3
persist 59387 3000 3
persist 59985 3000 3
persist 60020 3000 3
persist 58252 3000 3
persist 60550 3000 3
persist 59079 3000 3
persist 58045 3000 3
persist 54783 3000 3
persist 77360 4000 4
persist 55752 3000 3
persist 60652 3000 3
persist 61741 3000 3
persist 61048 3000 3
persist 57574 3000 3
persist 54987 3000 3
persist 46020 3000 3
persist 60033 3000 3
persist 43062 2000 2
persist 59222 3000 3
persist 60386 3000 3
persist 58150 3000 3
write base data version: 38900, memory: 3500527616 bytes (3338.36 MB)
persist 60230 3000 3
persist 44135 2000 2
persist 59593 3000 3
persist 61133 3000 3
persist 59128 3000 3
persist 58388 3000 3
persist 58417 3000 3
persist 56577 3000 3
persist 46742 3000 3
persist 56029 3000 3
persist 59025 3000 3
persist 59012 3000 3
persist 59464 3000 3
persist 60095 3000 3
persist 60990 3000 3
persist 58462 3000 3
persist 81591 4000 4
persist 58984 3000 3
persist 58947 3000 3
persist 58593 3000 3
persist 58234 3000 3
persist 59062 3000 3
persist 60243 3000 3
persist 72406 4000 4
persist 52209 3000 3
persist 52837 3000 3
persist 52681 3000 3
persist 53007 3000 3
persist 52052 3000 3
persist 52197 3000 3
persist 72110 4000 4
persist 51782 3000 3
persist 52326 3000 3
write base data version: 39000, memory: 3132219392 bytes (2987.12 MB)
persist 52431 3000 3
persist 51486 3000 3
persist 51375 3000 3
persist 53570 3000 3
persist 53334 3000 3
persist 72044 4000 4
persist 50805 3000 3
persist 52343 3000 3
persist 52134 3000 3
persist 53142 3000 3
persist 52337 3000 3
persist 54443 3000 3
persist 51471 3000 3
persist 51905 3000 3
persist 53507 3000 3
persist 52772 3000 3
persist 86039 4000 4
persist 53529 3000 3
persist 53237 3000 3
persist 51363 3000 3
persist 51384 3000 3
persist 55215 3000 3
persist 50339 3000 3
persist 51245 3000 3
persist 50928 3000 3
persist 52209 3000 3
persist 51401 3000 3
persist 51558 3000 3
persist 53469 3000 3
persist 58207 3000 3
persist 88333 4000 4
persist 59258 3000 3
write base data version: 39100, memory: 3282038784 bytes (3130.00 MB)
persist 69245 4000 4
persist 53780 3000 3
persist 53389 3000 3
persist 53316 3000 3
persist 52988 3000 3
persist 51633 3000 3
persist 59904 3000 3
persist 59849 3000 3
persist 58622 3000 3
persist 59123 3000 3
persist 59236 3000 3
persist 85981 4000 4
persist 60000 3000 3
persist 57780 3000 3
persist 59404 3000 3
persist 87206 4000 4
persist 58026 3000 3
persist 57453 3000 3
persist 58420 3000 3
persist 59478 3000 3
persist 59113 3000 3
persist 60982 3000 3
persist 58006 3000 3
persist 59602 3000 3
persist 68605 4000 4
persist 27195 3000 3
persist 25404 2000 2
persist 27715 3000 3
persist 25830 2000 2
persist 27480 3000 3
persist 48842 3000 3
persist 51672 3000 3
persist 53879 3000 3
write base data version: 39200, memory: 3350421504 bytes (3195.21 MB)
persist 60491 3000 3
persist 59828 3000 3
persist 61308 3000 3
persist 58606 3000 3
persist 57309 3000 3
persist 58565 3000 3
persist 85259 4000 4
persist 60695 3000 3
persist 56895 3000 3
persist 51352 3000 3
persist 51197 3000 3
persist 57503 3000 3
persist 61419 3000 3
persist 86219 4000 4
persist 57706 3000 3
persist 71379 3000 3
persist 51908 3000 3
persist 53527 3000 3
persist 52896 3000 3
persist 54173 3000 3
persist 54232 3000 3
persist 55260 3000 3
persist 53333 3000 3
persist 59774 3000 3
persist 59157 3000 3
persist 60499 3000 3
persist 58764 3000 3
persist 57824 3000 3
persist 79926 3000 3
persist 60884 3000 3
persist 60315 3000 3
persist 59526 3000 3
write base data version: 39300, memory: 2975879168 bytes (2838.02 MB)
persist 59337 3000 3
persist 58687 3000 3
persist 58970 3000 3
persist 60376 3000 3
persist 60784 3000 3
persist 59085 3000 3
persist 60325 3000 3
persist 60648 3000 3
persist 59730 3000 3
persist 61288 3000 3
persist 58404 3000 3
persist 88294 4000 4
persist 60558 3000 3
persist 60789 3000 3
persist 61192 3000 3
persist 54711 3000 3
persist 53304 3000 3
persist 53000 3000 3
persist 52493 3000 3
persist 52994 3000 3
persist 51327 3000 3
persist 51561 3000 3
persist 52565 3000 3
persist 51933 3000 3
persist 51890 3000 3
persist 52700 3000 3
persist 51915 3000 3
persist 57777 3000 3
persist 57646 3000 3
persist 58126 3000 3
persist 58336 3000 3
persist 57971 3000 3
persist 60856 3000 3
write base data version: 39400, memory: 3120476160 bytes (2975.92 MB)
persist 58476 3000 3
persist 88790 4000 4
persist 62031 3000 3
persist 63083 3000 3
persist 58715 3000 3
persist 60567 3000 3
persist 82700 4000 4
persist 58596 3000 3
persist 51124 3000 3
persist 50471 3000 3
persist 50240 3000 3
persist 50838 3000 3
persist 52111 3000 3
persist 51220 3000 3
persist 51250 3000 3
persist 51146 3000 3
persist 51639 3000 3
persist 50604 3000 3
persist 51353 3000 3
persist 52194 3000 3
persist 50574 3000 3
persist 51322 3000 3
persist 51486 3000 3
persist 51040 3000 3
persist 51540 3000 3
persist 53308 3000 3
persist 52816 3000 3
persist 52180 3000 3
persist 51695 3000 3
persist 51233 3000 3
persist 52684 3000 3
persist 52902 3000 3
persist 52793 3000 3
write base data version: 39500, memory: 3233042432 bytes (3083.27 MB)
persist 71598 4000 4
persist 52483 3000 3
persist 53271 3000 3
persist 53669 3000 3
persist 53311 3000 3
persist 51265 3000 3
persist 51542 3000 3
persist 51028 3000 3
persist 50387 3000 3
persist 52533 3000 3
persist 53186 3000 3
persist 53282 3000 3
persist 55770 3000 3
persist 53025 3000 3
persist 75627 4000 4
persist 53037 3000 3
persist 53381 3000 3
persist 53675 3000 3
persist 52361 3000 3
persist 51611 3000 3
persist 52375 3000 3
persist 51423 3000 3
persist 51930 3000 3
persist 74331 4000 4
persist 52178 3000 3
persist 52537 3000 3
persist 53417 3000 3
persist 52072 3000 3
persist 53605 3000 3
persist 52145 3000 3
persist 51617 3000 3
persist 52234 3000 3
write base data version: 39600, memory: 3376594944 bytes (3220.17 MB)
persist 52500 3000 3
persist 51828 3000 3
persist 49130 3000 3
persist 51760 3000 3
persist 52968 3000 3
persist 52364 3000 3
persist 52304 3000 3
persist 51651 3000 3
persist 53736 3000 3
persist 53293 3000 3
persist 51450 3000 3
persist 52172 3000 3
persist 53024 3000 3
persist 53888 3000 3
persist 52073 3000 3
persist 51146 3000 3
persist 52605 3000 3
persist 42497 2000 2
persist 52591 3000 3
persist 52193 3000 3
persist 51985 3000 3
persist 51326 3000 3
persist 51300 3000 3
persist 55870 3000 3
persist 57236 3000 3
persist 57911 3000 3
persist 56588 3000 3
persist 57406 3000 3
persist 58199 3000 3
persist 58175 3000 3
persist 57646 3000 3
persist 52606 3000 3
persist 50630 3000 3
persist 51332 3000 3
write base data version: 39700, memory: 3023978496 bytes (2883.89 MB)
persist 50738 3000 3
persist 51533 3000 3
persist 52436 3000 3
persist 51160 3000 3
persist 47761 3000 3
persist 44919 3000 3
persist 43435 3000 3
persist 46329 3000 3
persist 47652 3000 3
persist 45958 3000 3
persist 45707 3000 3
persist 53062 3000 3
persist 52523 3000 3
persist 53261 3000 3
persist 50725 3000 3
persist 50712 3000 3
persist 49557 3000 3
persist 47833 3000 3
persist 49262 3000 3
persist 49760 3000 3
persist 51811 3000 3
persist 51897 3000 3
persist 53495 3000 3
persist 51197 3000 3
persist 49969 3000 3
persist 53285 3000 3
persist 53138 3000 3
persist 52468 3000 3
persist 69379 4000 4
persist 50265 3000 3
persist 52202 3000 3
persist 50320 3000 3
persist 50390 3000 3
write base data version: 39800, memory: 3167047680 bytes (3020.33 MB)
persist 51059 3000 3
persist 50706 3000 3
persist 50905 3000 3
persist 50827 3000 3
persist 51640 3000 3
persist 52026 3000 3
persist 51383 3000 3
persist 66323 4000 4
persist 52188 3000 3
persist 52887 3000 3
persist 53352 3000 3
persist 51001 3000 3
persist 50275 3000 3
persist 50358 3000 3
persist 64325 4000 4
persist 51311 3000 3
persist 50944 3000 3
persist 49363 3000 3
persist 51263 3000 3
persist 52034 3000 3
persist 49859 3000 3
persist 67500 4000 4
persist 51165 3000 3
persist 50763 3000 3
persist 52099 3000 3
persist 50157 3000 3
persist 50430 3000 3
persist 51313 3000 3
persist 50225 3000 3
persist 72734 4000 4
persist 50988 3000 3
persist 51771 3000 3
write base data version: 39900, memory: 3309907968 bytes (3156.57 MB)
persist 51083 3000 3
persist 52408 3000 3
persist 51320 3000 3
persist 51733 3000 3
persist 50698 3000 3
persist 50173 3000 3
persist 50172 3000 3
persist 49197 3000 3
persist 48883 3000 3
persist 51116 3000 3
persist 75984 4000 4
persist 46816 3000 3
persist 52043 3000 3
persist 50276 3000 3
persist 52115 3000 3
persist 50856 3000 3
persist 51031 3000 3
persist 50700 3000 3
persist 50316 3000 3
persist 49033 3000 3
persist 50713 3000 3
persist 51040 3000 3
persist 67768 4000 4
persist 51692 3000 3
persist 48311 3000 3
persist 46954 3000 3
persist 45557 3000 3
persist 45415 3000 3
persist 50351 3000 3
persist 35967 2000 2
persist 54402 3000 3
persist 53646 3000 3
persist 51962 3000 3
write base data version: 40000, memory: 3457404928 bytes (3297.24 MB)
persist 58505 3000 3
persist 53391 3000 3
persist 25157 3000 3
persist 24989 2000 2
persist 51086 3000 3
persist 37574 2000 2
persist 55079 3000 3
persist 52200 3000 3
persist 52806 3000 3
persist 52929 3000 3
persist 54328 3000 3
persist 48477 3000 3
persist 44875 3000 3
persist 45679 3000 3
persist 51780 3000 3
persist 52554 3000 3
persist 52691 3000 3
persist 52364 3000 3
persist 54040 3000 3
persist 51925 3000 3
persist 52380 3000 3
persist 53492 3000 3
persist 54119 3000 3
persist 54357 3000 3
persist 54066 3000 3
persist 52549 3000 3
persist 53082 3000 3
persist 53163 3000 3
persist 51563 3000 3
persist 52246 3000 3
persist 52662 3000 3
persist 51426 3000 3
persist 51882 3000 3
persist 50740 3000 3
write base data version: 40100, memory: 3084840960 bytes (2941.93 MB)
persist 53539 3000 3
persist 52299 3000 3
persist 52617 3000 3
persist 51885 3000 3
persist 56708 3000 3
persist 57284 3000 3
persist 57443 3000 3
persist 58589 3000 3
persist 58993 3000 3
persist 59459 3000 3
persist 78903 4000 4
persist 53121 3000 3
persist 54488 3000 3
persist 54899 3000 3
persist 54858 3000 3
persist 53411 3000 3
persist 47734 3000 3
persist 48243 3000 3
persist 49246 3000 3
persist 49243 3000 3
persist 47748 3000 3
persist 48711 3000 3
persist 49501 3000 3
persist 49170 3000 3
persist 48719 3000 3
persist 57471 3000 3
persist 57831 3000 3
persist 52995 3000 3
persist 50485 3000 3
persist 51616 3000 3
persist 51979 3000 3
persist 53880 3000 3
persist 51042 3000 3
write base data version: 40200, memory: 3212386304 bytes (3063.57 MB)
persist 57825 3000 3
persist 57992 3000 3
persist 58648 3000 3
persist 56769 3000 3
persist 57813 3000 3
persist 58846 3000 3
persist 57670 3000 3
persist 57883 3000 3
persist 56773 3000 3
persist 57581 3000 3
persist 60499 3000 3
persist 59418 3000 3
persist 58531 3000 3
persist 57967 3000 3
persist 59076 3000 3
persist 58854 3000 3
persist 58009 3000 3
persist 58961 3000 3
persist 59171 3000 3
persist 58987 3000 3
persist 58649 3000 3
persist 52315 3000 3
persist 52254 3000 3
persist 53179 3000 3
persist 53026 3000 3
persist 53156 3000 3
persist 52561 3000 3
persist 52329 3000 3
persist 52400 3000 3
persist 52820 3000 3
persist 53306 3000 3
persist 54223 3000 3
persist 54146 3000 3
write base data version: 40300, memory: 3355529216 bytes (3200.08 MB)
persist 50493 3000 3
persist 46046 3000 3
persist 46090 3000 3
persist 46927 3000 3
persist 51063 3000 3
persist 56233 3000 3
persist 50175 3000 3
persist 50025 3000 3
persist 52009 3000 3
persist 53556 3000 3
persist 54125 3000 3
persist 51121 3000 3
persist 58390 3000 3
persist 57960 3000 3
persist 53185 3000 3
persist 53600 3000 3
persist 53189 3000 3
persist 52587 3000 3
persist 53648 3000 3
persist 55897 3000 3
persist 53239 3000 3
persist 53736 3000 3
persist 53590 3000 3
persist 53497 3000 3
persist 57391 3000 3
persist 68598 3000 3
persist 50010 3000 3
persist 51262 3000 3
persist 55868 3000 3
persist 49957 3000 3
persist 65533 4000 4
persist 52954 3000 3
persist 53954 3000 3
write base data version: 40400, memory: 2987376640 bytes (2848.98 MB)
persist 54949 3000 3
persist 57236 3000 3
persist 56978 3000 3
persist 58810 3000 3
persist 60366 3000 3
persist 59606 3000 3
persist 87341 4000 4
persist 57973 3000 3
persist 58946 3000 3
persist 58654 3000 3
persist 59446 3000 3
persist 59941 3000 3
persist 59853 3000 3
persist 83392 4000 4
persist 58550 3000 3
persist 58894 3000 3
persist 56562 3000 3
persist 58463 3000 3
persist 81998 4000 4
persist 59043 3000 3
persist 58543 3000 3
persist 58363 3000 3
persist 58098 3000 3
persist 58484 3000 3
persist 81036 4000 4
persist 58583 3000 3
persist 60721 3000 3
persist 59008 3000 3
persist 59242 3000 3
persist 73345 4000 4
persist 53694 3000 3
persist 55318 3000 3
write base data version: 40500, memory: 3130286080 bytes (2985.27 MB)
persist 53922 3000 3
persist 54172 3000 3
persist 58754 3000 3
persist 53395 3000 3
persist 51417 3000 3
persist 50205 3000 3
persist 51593 3000 3
persist 50892 3000 3
persist 52544 3000 3
persist 51362 3000 3
persist 50798 3000 3
persist 51328 3000 3
persist 52608 3000 3
persist 52688 3000 3
persist 56619 3000 3
persist 57731 3000 3
persist 58648 3000 3
persist 82676 4000 4
persist 56968 3000 3
persist 52076 3000 3
persist 52330 3000 3
persist 51072 3000 3
persist 46197 3000 3
persist 47025 3000 3
persist 52811 3000 3
persist 52160 3000 3
persist 52701 3000 3
persist 49757 3000 3
persist 52414 3000 3
persist 53906 3000 3
persist 49430 3000 3
persist 47108 3000 3
persist 51342 3000 3
write base data version: 40600, memory: 3273121792 bytes (3121.49 MB)
persist 50357 3000 3
persist 51314 3000 3
persist 50245 3000 3
persist 52114 3000 3
persist 74775 4000 4
persist 50468 3000 3
persist 51061 3000 3
persist 51765 3000 3
persist 51551 3000 3
persist 50891 3000 3
persist 51227 3000 3
persist 50037 3000 3
persist 50930 3000 3
persist 57361 3000 3
persist 58517 3000 3
persist 52372 3000 3
persist 52480 3000 3
persist 51738 3000 3
persist 52897 3000 3
persist 52979 3000 3
persist 53985 3000 3
persist 54899 3000 3
persist 52223 3000 3
persist 72115 4000 4
persist 74685 4000 4
persist 109159 6000 6
persist 143572 8000 8
write base data version: 40700, memory: 3414958080 bytes (3256.76 MB)
persist 152896 9000 9
persist 173874 10000 10
persist 126790 7000 7
persist 77244 4000 4
persist 54464 3000 3
persist 53628 3000 3
persist 89526 5000 5
persist 125026 7000 7
persist 163387 9000 9
persist 158319 9000 9
persist 160802 9000 9
persist 178023 9000 9
persist 171833 10000 10
persist 157817 9000 9
write base data version: 40800, memory: 3045961728 bytes (2904.86 MB)
persist 176418 10000 10
persist 181082 10000 10
persist 187141 10000 10
persist 177669 10000 10
persist 175598 10000 10
persist 186546 10000 10
persist 220085 11000 11
persist 199579 11000 11
persist 191739 11000 11
write base data version: 40900, memory: 3188445184 bytes (3040.74 MB)
persist 190979 11000 11
persist 196572 11000 11
persist 195369 11000 11
persist 190999 11000 11
persist 188108 11000 11
persist 192414 11000 11
persist 190744 11000 11
persist 193859 11000 11
persist 191294 11000 11
write base data version: 41000, memory: 3334520832 bytes (3180.05 MB)
persist 198601 10000 10
persist 232850 11000 11
persist 230019 11000 11
persist 244105 12000 12
persist 239751 11000 11
persist 234780 12000 12
persist 189884 11000 11
persist 188717 11000 11
persist 172874 10000 10
write base data version: 41100, memory: 3479744512 bytes (3318.54 MB)
persist 198111 11000 11
persist 174481 10000 10
persist 174949 10000 10
persist 170180 10000 10
persist 212308 11000 11
persist 178854 10000 10
persist 177993 10000 10
persist 180283 10000 10
persist 194785 11000 11
persist 195817 11000 11
write base data version: 41200, memory: 3110404096 bytes (2966.31 MB)
persist 200641 11000 11
persist 200323 11000 11
persist 203036 11000 11
persist 199055 11000 11
persist 194434 11000 11
persist 156951 9000 9
persist 81927 5000 5
persist 53052 3000 3
persist 51119 3000 3
persist 52919 3000 3
persist 51641 3000 3
persist 52191 3000 3
persist 53932 3000 3
persist 60339 3000 3
persist 61987 3000 3
persist 62892 3000 3
persist 58713 3000 3
persist 62139 3000 3
persist 60237 3000 3
persist 60120 3000 3
persist 63122 3000 3
write base data version: 41300, memory: 3262554112 bytes (3111.41 MB)
persist 89630 3000 3
persist 51916 3000 3
persist 52029 3000 3
persist 51396 3000 3
persist 52150 3000 3
persist 50975 3000 3
persist 45972 3000 3
persist 44866 3000 3
persist 25290 3000 3
persist 27101 3000 3
persist 24574 2000 2
persist 26070 3000 3
persist 25409 2000 2
persist 25433 3000 3
persist 51289 3000 3
persist 53147 3000 3
persist 37371 2000 2
persist 54557 3000 3
persist 53695 3000 3
persist 54425 3000 3
persist 53262 3000 3
persist 55059 3000 3
persist 52177 3000 3
persist 53157 3000 3
persist 53455 3000 3
persist 58120 3000 3
persist 60131 3000 3
persist 59424 3000 3
persist 57960 3000 3
persist 59181 3000 3
persist 85803 4000 4
persist 58067 3000 3
persist 58327 3000 3
persist 58236 3000 3
write base data version: 41400, memory: 3418877952 bytes (3260.50 MB)
persist 57558 3000 3
persist 61460 3000 3
persist 61552 3000 3
persist 60850 3000 3
persist 87590 4000 4
persist 60318 3000 3
persist 61127 3000 3
persist 58046 3000 3
persist 59150 3000 3
persist 59046 3000 3
persist 57305 3000 3
persist 59772 3000 3
persist 60734 3000 3
persist 63396 3000 3
persist 60170 3000 3
persist 58847 3000 3
persist 58838 3000 3
persist 54581 3000 3
persist 50803 3000 3
persist 49395 3000 3
persist 56691 3000 3
persist 52608 3000 3
persist 53186 3000 3
persist 52517 3000 3
persist 52235 3000 3
persist 51588 3000 3
persist 51603 3000 3
persist 50857 3000 3
persist 50667 3000 3
persist 50526 3000 3
persist 48733 3000 3
persist 49684 3000 3
write base data version: 41500, memory: 3056553984 bytes (2914.96 MB)
persist 73620 4000 4
persist 52238 3000 3
persist 53147 3000 3
persist 52395 3000 3
persist 52841 3000 3
persist 52627 3000 3
persist 51505 3000 3
persist 50094 3000 3
persist 52468 3000 3
persist 52051 3000 3
persist 52941 3000 3
persist 52613 3000 3
persist 52536 3000 3
persist 51064 3000 3
persist 51192 3000 3
persist 52465 3000 3
persist 49742 3000 3
persist 56221 3000 3
persist 57319 3000 3
persist 57431 3000 3
persist 58092 3000 3
persist 57924 3000 3
persist 56922 3000 3
persist 59735 3000 3
persist 86737 4000 4
persist 61116 3000 3
persist 60376 3000 3
persist 59713 3000 3
persist 58580 3000 3
persist 52731 3000 3
persist 53368 3000 3
persist 52539 3000 3
persist 55329 3000 3
write base data version: 41600, memory: 3210960896 bytes (3062.21 MB)
persist 55276 3000 3
persist 54207 3000 3
persist 50586 3000 3
persist 50521 3000 3
persist 51767 3000 3
persist 51508 3000 3
persist 52153 3000 3
persist 52777 3000 3
persist 53456 3000 3
persist 49897 3000 3
persist 48621 3000 3
persist 49676 3000 3
persist 48640 3000 3
persist 49260 3000 3
persist 52092 3000 3
persist 51150 3000 3
persist 45524 3000 3
persist 42958 3000 3
persist 44533 3000 3
persist 44670 3000 3
persist 46318 3000 3
persist 47955 3000 3
persist 53591 3000 3
persist 44858 2000 2
persist 58928 3000 3
persist 58620 3000 3
persist 58600 3000 3
persist 53286 3000 3
persist 50918 3000 3
persist 52659 3000 3
persist 52701 3000 3
persist 53844 3000 3
persist 53032 3000 3
persist 53036 3000 3
write base data version: 41700, memory: 3359494144 bytes (3203.86 MB)
persist 52155 3000 3
persist 53622 3000 3
persist 52305 3000 3
persist 53366 3000 3
persist 48884 3000 3
persist 50410 3000 3
persist 52499 3000 3
persist 52316 3000 3
persist 53254 3000 3
persist 52054 3000 3
persist 51997 3000 3
persist 52775 3000 3
persist 52942 3000 3
persist 52395 3000 3
persist 50649 3000 3
persist 50317 3000 3
persist 50690 3000 3
persist 50954 3000 3
persist 53136 3000 3
persist 75195 4000 4
persist 52836 3000 3
persist 52140 3000 3
persist 54246 3000 3
persist 53432 3000 3
persist 54559 3000 3
persist 54167 3000 3
persist 55519 3000 3
persist 52881 3000 3
persist 60208 3000 3
persist 55527 3000 3
persist 55713 3000 3
persist 60042 3000 3
persist 60653 3000 3
write base data version: 41800, memory: 3507224576 bytes (3344.75 MB)
persist 61061 3000 3
persist 59913 3000 3
persist 63828 3000 3
persist 60036 3000 3
persist 58737 3000 3
persist 59317 3000 3
persist 59718 3000 3
persist 54535 3000 3
persist 52242 3000 3
persist 60186 3000 3
persist 69622 3000 3
persist 62973 3000 3
persist 62370 3000 3
persist 31481 2000 2
persist 64007 3000 3
persist 46388 2000 2
persist 59514 3000 3
persist 58502 3000 3
persist 60866 3000 3
persist 61555 3000 3
persist 61754 3000 3
persist 61174 3000 3
persist 57398 3000 3
persist 53983 3000 3
persist 52931 3000 3
persist 52256 3000 3
persist 52683 3000 3
persist 52570 3000 3
persist 53419 3000 3
persist 51701 3000 3
persist 51074 3000 3
persist 46207 3000 3
persist 37469 2000 2
persist 53955 3000 3
write base data version: 41900, memory: 3141484544 bytes (2995.95 MB)
persist 52834 3000 3
persist 50564 3000 3
persist 47588 3000 3
persist 48584 3000 3
persist 53510 3000 3
persist 38648 2000 2
persist 53852 3000 3
persist 53724 3000 3
persist 53167 3000 3
persist 48600 3000 3
persist 46250 3000 3
persist 37499 2000 2
persist 53371 3000 3
persist 52291 3000 3
persist 52287 3000 3
persist 48040 3000 3
persist 38200 2000 2
persist 55586 3000 3
persist 52364 3000 3
persist 54517 3000 3
persist 47027 3000 3
persist 49271 3000 3
persist 50076 3000 3
persist 39120 2000 2
persist 55253 3000 3
persist 50680 3000 3
persist 51798 3000 3
persist 51793 3000 3
persist 45722 3000 3
persist 51743 3000 3
persist 42463 2000 2
persist 51592 3000 3
persist 52798 3000 3
persist 51467 3000 3
persist 51477 3000 3
write base data version: 42000, memory: 3301048320 bytes (3148.12 MB)
persist 53416 3000 3
persist 53246 3000 3
persist 53397 3000 3
persist 53085 3000 3
persist 58800 3000 3
persist 58872 3000 3
persist 58981 3000 3
persist 53979 3000 3
persist 53674 3000 3
persist 52250 3000 3
persist 51102 3000 3
persist 51660 3000 3
persist 57470 3000 3
persist 49896 3000 3
persist 51009 3000 3
persist 50750 3000 3
persist 54663 3000 3
persist 49564 3000 3
persist 48934 3000 3
persist 50630 3000 3
persist 68323 4000 4
persist 51138 3000 3
persist 51730 3000 3
persist 51888 3000 3
persist 76462 4000 4
persist 106842 6000 6
persist 147895 8000 8
write base data version: 42100, memory: 3449741312 bytes (3289.93 MB)
persist 162893 9000 9
persist 166021 9000 9
persist 203767 10000 10
persist 196435 10000 10
persist 193114 10000 10
persist 183955 10000 10
persist 172155 10000 10
persist 180557 10000 10
persist 101878 6000 6
persist 69058 4000 4
persist 53887 3000 3
persist 52275 3000 3
persist 50831 3000 3
persist 52618 3000 3
persist 59244 3000 3
persist 53600 3000 3
persist 52296 3000 3
write base data version: 42200, memory: 3073490944 bytes (2931.11 MB)
persist 53830 3000 3
persist 54382 3000 3
persist 52844 3000 3
persist 52751 3000 3
persist 46661 3000 3
persist 51269 3000 3
persist 51394 3000 3
persist 50715 3000 3
persist 53653 3000 3
persist 37037 2000 2
persist 51642 3000 3
persist 53975 3000 3
persist 52279 3000 3
persist 52645 3000 3
persist 52886 3000 3
persist 53525 3000 3
persist 43976 3000 3
persist 49258 3000 3
persist 52711 3000 3
persist 58099 3000 3
persist 46420 2000 2
persist 58538 3000 3
persist 52473 3000 3
persist 52779 3000 3
persist 52775 3000 3
persist 51285 3000 3
persist 54655 3000 3
persist 54668 3000 3
persist 54814 3000 3
persist 53190 3000 3
persist 52733 3000 3
persist 53513 3000 3
persist 53361 3000 3
persist 53719 3000 3
write base data version: 42300, memory: 3216068608 bytes (3067.08 MB)
persist 52752 3000 3
persist 52342 3000 3
persist 54826 3000 3
persist 52353 3000 3
persist 54769 3000 3
persist 57171 3000 3
persist 55739 3000 3
persist 71869 4000 4
persist 51799 3000 3
persist 53121 3000 3
persist 58075 3000 3
persist 49888 3000 3
persist 50321 3000 3
persist 50848 3000 3
persist 49833 3000 3
persist 50708 3000 3
persist 51403 3000 3
persist 51070 3000 3
persist 51838 3000 3
persist 51556 3000 3
persist 58065 3000 3
persist 59122 3000 3
persist 58780 3000 3
persist 59379 3000 3
persist 60279 3000 3
persist 58533 3000 3
persist 56349 3000 3
persist 56830 3000 3
persist 59097 3000 3
persist 71547 4000 4
persist 51129 3000 3
persist 59100 3000 3
persist 59717 3000 3
write base data version: 42400, memory: 3358851072 bytes (3203.25 MB)
persist 59317 3000 3
persist 58590 3000 3
persist 53688 3000 3
persist 54906 3000 3
persist 52794 3000 3
persist 50416 3000 3
persist 45440 3000 3
persist 48955 3000 3
persist 44809 3000 3
persist 45341 3000 3
persist 47891 3000 3
persist 51316 3000 3
persist 48897 3000 3
persist 47946 3000 3
persist 53189 3000 3
persist 50638 3000 3
persist 47062 3000 3
persist 47868 3000 3
persist 52288 3000 3
persist 53663 3000 3
persist 46110 3000 3
persist 44872 3000 3
persist 58962 3000 3
persist 57707 3000 3
persist 55103 3000 3
persist 50730 3000 3
persist 38875 2000 2
persist 52007 3000 3
persist 52773 3000 3
persist 52783 3000 3
persist 52987 3000 3
persist 53285 3000 3
persist 52450 3000 3
persist 52893 3000 3
write base data version: 42500, memory: 3502161920 bytes (3339.92 MB)
persist 53070 3000 3
persist 53131 3000 3
persist 52945 3000 3
persist 52716 3000 3
persist 60361 3000 3
persist 49492 3000 3
persist 46885 3000 3
persist 51913 3000 3
persist 52743 3000 3
persist 37275 2000 2
persist 52896 3000 3
persist 52737 3000 3
persist 52129 3000 3
persist 44185 3000 3
persist 50836 3000 3
persist 37758 2000 2
persist 53155 3000 3
persist 52120 3000 3
persist 52465 3000 3
persist 52088 3000 3
persist 58956 3000 3
persist 59892 3000 3
persist 60227 3000 3
persist 51562 3000 3
persist 37704 2000 2
persist 53273 3000 3
persist 52700 3000 3
persist 54647 3000 3
persist 55482 3000 3
persist 53917 3000 3
persist 53546 3000 3
persist 53913 3000 3
persist 52233 3000 3
persist 48490 3000 3
write base data version: 42600, memory: 3146772480 bytes (3001.00 MB)
persist 45900 3000 3
persist 48473 3000 3
persist 50544 3000 3
persist 51260 3000 3
persist 48756 3000 3
persist 52026 3000 3
persist 58970 3000 3
persist 53826 3000 3
persist 51881 3000 3
persist 57609 3000 3
persist 67842 3000 3
persist 53006 3000 3
persist 56224 3000 3
persist 49818 3000 3
persist 48598 3000 3
persist 53630 3000 3
persist 39086 2000 2
persist 54565 3000 3
persist 53891 3000 3
persist 55230 3000 3
persist 52977 3000 3
persist 51914 3000 3
persist 51435 3000 3
persist 44873 3000 3
persist 44741 3000 3
persist 46919 3000 3
persist 48269 3000 3
persist 48775 3000 3
persist 50632 3000 3
persist 51454 3000 3
persist 51701 3000 3
persist 53430 3000 3
persist 51612 3000 3
persist 49876 3000 3
write base data version: 42700, memory: 3289874432 bytes (3137.47 MB)
persist 52373 3000 3
persist 51533 3000 3
persist 45695 3000 3
persist 45772 3000 3
persist 50936 3000 3
persist 53602 3000 3
persist 46699 3000 3
persist 51040 3000 3
persist 56287 3000 3
persist 59183 3000 3
persist 43104 2000 2
persist 59112 3000 3
persist 58925 3000 3
persist 57767 3000 3
persist 56871 3000 3
persist 57554 3000 3
persist 58238 3000 3
persist 83597 4000 4
persist 59827 3000 3
persist 58535 3000 3
persist 58840 3000 3
persist 59840 3000 3
persist 59997 3000 3
persist 59674 3000 3
persist 57949 3000 3
persist 60344 3000 3
persist 57412 3000 3
persist 57088 3000 3
persist 59159 3000 3
persist 58565 3000 3
persist 58863 3000 3
persist 53820 3000 3
persist 59830 3000 3
write base data version: 42800, memory: 3432767488 bytes (3273.74 MB)
persist 88705 4000 4
persist 53259 3000 3
persist 48536 3000 3
persist 45353 3000 3
persist 46955 3000 3
persist 49482 3000 3
persist 52996 3000 3
persist 53236 3000 3
persist 51834 3000 3
persist 50439 3000 3
persist 50572 3000 3
persist 51366 3000 3
persist 51727 3000 3
persist 51365 3000 3
persist 49014 3000 3
persist 48782 3000 3
persist 49483 3000 3
persist 70784 4000 4
persist 49991 3000 3
persist 53581 3000 3
persist 53690 3000 3
persist 50309 3000 3
persist 49949 3000 3
persist 51759 3000 3
persist 75110 4000 4
persist 50449 3000 3
persist 50301 3000 3
persist 52116 3000 3
persist 58906 3000 3
persist 58885 3000 3
persist 45329 3000 3
persist 48498 3000 3
write base data version: 42900, memory: 3576913920 bytes (3411.21 MB)
persist 51953 3000 3
persist 51232 3000 3
persist 50981 3000 3
persist 52812 3000 3
persist 54067 3000 3
persist 53066 3000 3
persist 54966 3000 3
persist 64185 3000 3
persist 55197 3000 3
persist 54160 3000 3
persist 59857 3000 3
persist 59169 3000 3
persist 57612 3000 3
persist 58141 3000 3
persist 58156 3000 3
persist 56124 3000 3
persist 58095 3000 3
persist 59857 3000 3
persist 58870 3000 3
persist 80119 4000 4
persist 59445 3000 3
persist 59152 3000 3
persist 57590 3000 3
persist 56470 3000 3
persist 58518 3000 3
persist 58528 3000 3
persist 56805 3000 3
persist 58540 3000 3
persist 59197 3000 3
persist 87100 4000 4
persist 52875 3000 3
persist 51417 3000 3
persist 53046 3000 3
write base data version: 43000, memory: 3203149824 bytes (3054.76 MB)
persist 49309 3000 3
persist 45031 3000 3
persist 48905 3000 3
persist 52347 3000 3
persist 48939 3000 3
persist 51307 3000 3
persist 53192 3000 3
persist 53484 3000 3
persist 55784 3000 3
persist 55002 3000 3
persist 59844 3000 3
persist 59019 3000 3
persist 60435 3000 3
persist 60104 3000 3
persist 60744 3000 3
persist 60844 3000 3
persist 62168 3000 3
persist 61007 3000 3
persist 52851 3000 3
persist 53924 3000 3
persist 47521 3000 3
persist 47194 3000 3
persist 48949 3000 3
persist 49383 3000 3
persist 50483 3000 3
persist 51152 3000 3
persist 50657 3000 3
persist 52598 3000 3
persist 53170 3000 3
persist 52783 3000 3
persist 52902 3000 3
persist 51371 3000 3
persist 51421 3000 3
write base data version: 43100, memory: 3346452480 bytes (3191.43 MB)
persist 51221 3000 3
persist 52024 3000 3
persist 44913 3000 3
persist 52607 3000 3
persist 42160 2000 2
persist 57411 3000 3
persist 51518 3000 3
persist 50406 3000 3
persist 51301 3000 3
persist 50097 3000 3
persist 50065 3000 3
persist 50115 3000 3
persist 56475 3000 3
persist 59044 3000 3
persist 58794 3000 3
persist 53188 3000 3
persist 52081 3000 3
persist 54599 3000 3
persist 53679 3000 3
persist 52009 3000 3
persist 53011 3000 3
persist 51717 3000 3
persist 65235 4000 4
persist 50879 3000 3
persist 51064 3000 3
persist 51907 3000 3
persist 47992 3000 3
persist 48646 3000 3
persist 49925 3000 3
persist 50366 3000 3
persist 68700 4000 4
persist 48636 3000 3
persist 50225 3000 3
write base data version: 43200, memory: 3489079296 bytes (3327.45 MB)
persist 50689 3000 3
persist 50771 3000 3
persist 50634 3000 3
persist 51828 3000 3
persist 51638 3000 3
persist 51123 3000 3
persist 51137 3000 3
persist 51851 3000 3
persist 59249 3000 3
persist 52895 3000 3
persist 52258 3000 3
persist 53581 3000 3
persist 54536 3000 3
persist 55510 3000 3
persist 50113 3000 3
persist 46922 3000 3
persist 43847 3000 3
persist 48399 3000 3
persist 37330 2000 2
persist 52308 3000 3
persist 52507 3000 3
persist 53260 3000 3
persist 46931 3000 3
persist 45948 3000 3
persist 44444 3000 3
persist 48812 3000 3
persist 36294 2000 2
persist 50904 3000 3
persist 68399 3000 3
persist 57287 3000 3
persist 56252 3000 3
persist 53490 3000 3
persist 56789 3000 3
persist 51557 3000 3
write base data version: 43300, memory: 3139694592 bytes (2994.25 MB)
persist 84596 3000 3
persist 63178 3000 3
persist 62018 3000 3
persist 48435 3000 3
persist 56513 3000 3
persist 108273 6000 6
persist 102028 6000 6
persist 53789 3000 3
persist 54016 3000 3
persist 57195 3000 3
persist 52944 3000 3
persist 54318 3000 3
persist 54358 3000 3
persist 68265 3000 3
persist 55668 3000 3
persist 52900 3000 3
persist 58902 3000 3
persist 40410 2000 2
persist 52849 3000 3
persist 55975 3000 3
persist 49150 3000 3
persist 52714 3000 3
persist 37654 2000 2
persist 56607 3000 3
persist 56157 3000 3
persist 54917 3000 3
persist 51758 3000 3
persist 44410 3000 3
persist 52520 3000 3
persist 57372 2000 2
persist 54717 3000 3
persist 55107 3000 3
persist 53151 3000 3
write base data version: 43400, memory: 3311026176 bytes (3157.64 MB)
persist 54255 3000 3
persist 54662 3000 3
persist 58239 3000 3
persist 56560 3000 3
persist 55163 3000 3
persist 57083 3000 3
persist 54917 3000 3
persist 57805 3000 3
persist 64405 3000 3
persist 60955 3000 3
persist 57965 3000 3
persist 61118 3000 3
persist 59277 3000 3
persist 60707 3000 3
persist 54803 3000 3
persist 52119 3000 3
persist 53698 3000 3
persist 52766 3000 3
persist 52635 3000 3
persist 52375 3000 3
persist 53629 3000 3
persist 54222 3000 3
persist 69700 3000 3
persist 53799 3000 3
persist 52778 3000 3
persist 49786 3000 3
persist 46753 3000 3
persist 44471 3000 3
persist 45206 3000 3
persist 49896 3000 3
persist 38801 2000 2
persist 54416 3000 3
persist 54590 3000 3
write base data version: 43500, memory: 3445927936 bytes (3286.29 MB)
persist 54057 3000 3
persist 51236 3000 3
persist 51936 3000 3
persist 53701 3000 3
persist 52586 3000 3
persist 51980 3000 3
persist 49826 3000 3
persist 61900 3000 3
persist 58345 3000 3
persist 63519 3000 3
persist 62606 3000 3
persist 62312 3000 3
persist 61510 3000 3
persist 59983 3000 3
persist 60666 3000 3
persist 59871 3000 3
persist 61412 3000 3
persist 60373 3000 3
persist 54613 3000 3
persist 52091 3000 3
persist 43762 3000 3
persist 46439 3000 3
persist 51595 3000 3
persist 36801 2000 2
persist 52210 3000 3
persist 59469 3000 3
persist 52320 3000 3
persist 48604 3000 3
persist 43155 2000 2
persist 59382 3000 3
persist 61874 3000 3
persist 54411 3000 3
persist 54798 3000 3
persist 53061 3000 3
write base data version: 43600, memory: 3576344576 bytes (3410.67 MB)
persist 45742 3000 3
persist 52093 3000 3
persist 37671 2000 2
persist 51962 3000 3
persist 52139 3000 3
persist 54162 3000 3
persist 50262 3000 3
persist 39483 2000 2
persist 50838 3000 3
persist 58779 3000 3
persist 52089 3000 3
persist 51489 3000 3
persist 59677 3000 3
persist 44304 2000 2
persist 60796 3000 3
persist 58860 3000 3
persist 59026 3000 3
persist 45974 2000 2
persist 62705 3000 3
persist 61692 3000 3
persist 57575 3000 3
persist 54553 3000 3
persist 44158 2000 2
persist 62634 3000 3
persist 62817 3000 3
persist 49568 3000 3
persist 54050 3000 3
persist 37506 2000 2
persist 53319 3000 3
persist 55710 3000 3
persist 52836 3000 3
persist 52651 3000 3
persist 53295 3000 3
persist 39382 3000 3
persist 33637 2000 2
persist 61057 3000 3
write base data version: 43700, memory: 3226427392 bytes (3076.96 MB)
persist 54428 3000 3
persist 54651 3000 3
persist 53008 3000 3
persist 50929 3000 3
persist 52428 3000 3
persist 52181 3000 3
persist 44274 3000 3
persist 45962 3000 3
persist 50781 3000 3
persist 37229 2000 2
persist 52580 3000 3
persist 54410 3000 3
persist 52186 3000 3
persist 47366 3000 3
persist 44736 3000 3
persist 51188 3000 3
persist 38346 2000 2
persist 51716 3000 3
persist 53755 3000 3
persist 54138 3000 3
persist 53111 3000 3
persist 53558 3000 3
persist 51632 3000 3
persist 54002 3000 3
persist 54621 3000 3
persist 53517 3000 3
persist 53556 3000 3
persist 54832 3000 3
persist 53486 3000 3
persist 54505 3000 3
persist 50268 3000 3
persist 49874 3000 3
persist 46503 3000 3
persist 49035 3000 3
write base data version: 43800, memory: 3390930944 bytes (3233.84 MB)
persist 50007 3000 3
persist 49311 3000 3
persist 51205 3000 3
persist 50061 3000 3
persist 50528 3000 3
persist 49915 3000 3
persist 49756 3000 3
persist 51504 3000 3
persist 51967 3000 3
persist 51444 3000 3
persist 52600 3000 3
persist 51461 3000 3
persist 51094 3000 3
persist 50799 3000 3
persist 51436 3000 3
persist 51747 3000 3
persist 51808 3000 3
persist 56145 3000 3
persist 45707 3000 3
persist 48288 3000 3
persist 47035 3000 3
persist 51296 3000 3
persist 43865 2000 2
persist 59228 3000 3
persist 58850 3000 3
persist 58768 3000 3
persist 58711 3000 3
persist 59376 3000 3
persist 60842 3000 3
persist 60523 3000 3
persist 59406 3000 3
persist 60297 3000 3
persist 59074 3000 3
persist 60171 3000 3
write base data version: 43900, memory: 3540840448 bytes (3376.81 MB)
persist 60119 3000 3
persist 59196 3000 3
persist 59953 3000 3
persist 58529 3000 3
persist 57592 3000 3
persist 59198 3000 3
persist 58190 3000 3
persist 59903 3000 3
persist 53320 3000 3
persist 48005 3000 3
persist 48110 3000 3
persist 49746 3000 3
persist 36314 2000 2
persist 52643 3000 3
persist 51898 3000 3
persist 51825 3000 3
persist 53101 3000 3
persist 49982 3000 3
persist 48381 3000 3
persist 54064 3000 3
persist 53821 3000 3
persist 54125 3000 3
persist 54036 3000 3
persist 50172 3000 3
persist 51791 3000 3
persist 47330 3000 3
persist 45694 3000 3
persist 47634 3000 3
persist 45821 3000 3
persist 39358 3000 3
persist 32814 2000 2
persist 45779 3000 3
persist 52889 3000 3
persist 52252 3000 3
write base data version: 44000, memory: 3688456192 bytes (3517.59 MB)
persist 52141 3000 3
persist 51451 3000 3
persist 52159 3000 3
persist 49486 3000 3
persist 47227 3000 3
persist 45003 3000 3
persist 50434 3000 3
persist 49652 3000 3
persist 49626 3000 3
persist 50260 3000 3
persist 50064 3000 3
persist 51067 3000 3
persist 50505 3000 3
persist 57088 3000 3
persist 58687 3000 3
persist 59299 3000 3
persist 59364 3000 3
persist 58502 3000 3
persist 59242 3000 3
persist 52325 3000 3
persist 52383 3000 3
persist 49639 3000 3
persist 55095 3000 3
persist 54524 3000 3
persist 45595 3000 3
persist 47776 3000 3
persist 36826 3000 3
persist 31363 2000 2
persist 44659 3000 3
persist 39910 3000 3
persist 35980 3000 3
persist 43950 3000 3
persist 32988 2000 2
persist 36866 3000 3
write base data version: 44100, memory: 3321888768 bytes (3168.00 MB)
persist 37073 3000 3
persist 35636 3000 3
persist 36797 3000 3
persist 26508 2000 2
persist 37255 3000 3
persist 38478 3000 3
persist 38216 3000 3
persist 35379 3000 3
persist 26119 2000 2
persist 38826 3000 3
persist 39413 3000 3
persist 26940 3000 3
persist 34619 2000 2
persist 27284 3000 3
persist 31207 2000 2
persist 26761 3000 3
persist 25461 2000 2
persist 25806 3000 3
persist 24707 2000 2
persist 25236 3000 3
persist 28206 3000 3
persist 17031 2000 2
persist 31666 3000 3
persist 37663 2000 2
persist 51806 3000 3
persist 45032 3000 3
persist 47571 3000 3
persist 36590 2000 2
persist 52691 3000 3
persist 53458 3000 3
persist 52209 3000 3
persist 51462 3000 3
persist 49451 3000 3
persist 52240 3000 3
persist 52499 3000 3
persist 53520 3000 3
write base data version: 44200, memory: 3469541376 bytes (3308.81 MB)
persist 50926 3000 3
persist 50845 3000 3
persist 48101 3000 3
persist 48091 3000 3
persist 50701 3000 3
persist 35530 2000 2
persist 50328 3000 3
persist 52188 3000 3
persist 53152 3000 3
persist 51882 3000 3
persist 50904 3000 3
persist 51812 3000 3
persist 52404 3000 3
persist 53222 3000 3
persist 50905 3000 3
persist 52048 3000 3
persist 54845 3000 3
persist 59131 3000 3
persist 58120 3000 3
persist 58046 3000 3
persist 57602 3000 3
persist 58177 3000 3
persist 56232 3000 3
persist 56615 3000 3
persist 54127 3000 3
persist 75392 4000 4
persist 51012 3000 3
persist 51362 3000 3
persist 47892 3000 3
persist 51403 3000 3
persist 52216 3000 3
persist 58655 3000 3
persist 58582 3000 3
write base data version: 44300, memory: 3621294080 bytes (3453.54 MB)
persist 59868 3000 3
persist 58594 3000 3
persist 59261 3000 3
persist 57916 3000 3
persist 57836 3000 3
persist 59671 3000 3
persist 60700 3000 3
persist 89287 4000 4
persist 59309 3000 3
persist 52346 3000 3
persist 51934 3000 3
persist 57624 3000 3
persist 57038 3000 3
persist 52475 3000 3
persist 48064 3000 3
persist 45666 3000 3
persist 54194 3000 3
persist 45505 2000 2
persist 59698 3000 3
persist 59751 3000 3
persist 58204 3000 3
persist 59294 3000 3
persist 49544 3000 3
persist 47088 3000 3
persist 48307 3000 3
persist 96910 3000 3
persist 54903 2000 2
persist 108349 3000 3
persist 62359 3000 3
persist 88236 3000 3
persist 52995 3000 3
persist 59875 3000 3
persist 59565 3000 3
persist 53263 3000 3
write base data version: 44400, memory: 3278622720 bytes (3126.74 MB)
persist 122374 3000 3
persist 46302 2000 2
persist 65820 3000 3
persist 89799 3000 3
persist 63850 2000 2
persist 62091 3000 3
persist 94686 4000 4
persist 113141 6000 6
persist 148315 8000 8
persist 157108 8000 8
persist 148010 7000 7
persist 156411 8000 8
persist 157373 9000 9
persist 122075 7000 7
persist 140583 8000 8
persist 144790 8000 8
write base data version: 44500, memory: 3444969472 bytes (3285.38 MB)
persist 161960 9000 9
persist 172472 9000 9
persist 157345 9000 9
persist 158734 9000 9
persist 163731 9000 9
persist 178300 10000 10
persist 158735 9000 9
persist 177778 10000 10
persist 174862 10000 10
persist 177583 10000 10
persist 181966 10000 10
write base data version: 44600, memory: 3600404480 bytes (3433.61 MB)
persist 166400 9000 9
persist 163368 9000 9
persist 181342 10000 10
persist 189617 10000 10
persist 181455 10000 10
persist 176820 10000 10
persist 173013 10000 10
persist 176685 10000 10
persist 182926 10000 10
persist 179517 10000 10
write base data version: 44700, memory: 3746099200 bytes (3572.56 MB)
persist 176587 10000 10
persist 181963 10000 10
persist 153051 8000 8
persist 83386 5000 5
persist 53202 3000 3
persist 53602 3000 3
persist 59027 3000 3
persist 54647 3000 3
persist 46390 3000 3
persist 57280 3000 3
persist 37818 2000 2
persist 53367 3000 3
persist 52804 3000 3
persist 52583 3000 3
persist 60230 3000 3
persist 59356 3000 3
persist 52989 3000 3
persist 48272 3000 3
persist 55580 3000 3
persist 53514 3000 3
persist 57248 3000 3
persist 45594 3000 3
persist 53858 3000 3
persist 45099 2000 2
persist 60140 3000 3
persist 60125 3000 3
persist 58898 3000 3
persist 59878 3000 3
persist 58510 3000 3
persist 58419 3000 3
write base data version: 44800, memory: 3387371520 bytes (3230.45 MB)
persist 59815 3000 3
persist 58293 3000 3
persist 58060 3000 3
persist 59049 3000 3
persist 59023 3000 3
persist 58686 3000 3
persist 58745 3000 3
persist 59902 3000 3
persist 58622 3000 3
persist 59245 3000 3
persist 59418 3000 3
persist 60847 3000 3
persist 61203 3000 3
persist 60020 3000 3
persist 59341 3000 3
persist 58089 3000 3
persist 59554 3000 3
persist 58734 3000 3
persist 50685 3000 3
persist 53136 3000 3
persist 52172 3000 3
persist 54314 3000 3
persist 53569 3000 3
persist 51367 3000 3
persist 52436 3000 3
persist 50588 3000 3
persist 47697 3000 3
persist 49414 3000 3
persist 49877 3000 3
persist 50835 3000 3
persist 50797 3000 3
persist 49693 3000 3
persist 50880 3000 3
write base data version: 44900, memory: 3536228352 bytes (3372.41 MB)
persist 51880 3000 3
persist 52178 3000 3
persist 52072 3000 3
persist 50408 3000 3
persist 51106 3000 3
persist 49618 3000 3
persist 50024 3000 3
persist 51176 3000 3
persist 50875 3000 3
persist 49607 3000 3
persist 52920 3000 3
persist 52976 3000 3
persist 50945 3000 3
persist 50917 3000 3
persist 51511 3000 3
persist 48975 3000 3
persist 44483 3000 3
persist 42980 3000 3
persist 50567 3000 3
persist 51249 3000 3
persist 45399 3000 3
persist 44990 3000 3
persist 46838 3000 3
persist 46754 3000 3
persist 49496 3000 3
persist 49374 3000 3
persist 45637 3000 3
persist 45953 3000 3
persist 45104 3000 3
persist 43084 3000 3
persist 45541 3000 3
persist 44710 3000 3
persist 45011 3000 3
persist 57918 3000 3
write base data version: 45000, memory: 3688562688 bytes (3517.69 MB)
persist 59511 3000 3
persist 56084 3000 3
persist 50859 3000 3
persist 49388 3000 3
persist 50527 3000 3
persist 49367 3000 3
persist 50808 3000 3
persist 49477 3000 3
persist 49070 3000 3
persist 50649 3000 3
persist 48566 3000 3
persist 44423 3000 3
persist 44486 3000 3
persist 48958 3000 3
persist 48230 3000 3
persist 45676 3000 3
persist 48541 3000 3
persist 52904 3000 3
persist 52150 3000 3
persist 47066 3000 3
persist 44582 3000 3
persist 50488 3000 3
persist 36395 2000 2
persist 52839 3000 3
persist 55504 3000 3
persist 52199 3000 3
persist 52557 3000 3
persist 50907 3000 3
persist 36441 2000 2
persist 50955 3000 3
persist 52136 3000 3
persist 52017 3000 3
persist 51495 3000 3
write base data version: 45100, memory: 3832459264 bytes (3654.92 MB)
persist 54607 3000 3
persist 52044 3000 3
persist 53504 3000 3
persist 29131 3000 3
persist 23798 2000 2
persist 26911 2000 2
persist 26478 3000 3
persist 18178 2000 2
persist 16919 2000 2
persist 19145 2000 2
persist 27187 2000 2
persist 31852 3000 3
persist 36322 2000 2
persist 52975 3000 3
persist 59491 3000 3
persist 50835 3000 3
persist 46583 3000 3
persist 55124 3000 3
persist 37984 2000 2
persist 52956 3000 3
persist 60711 3000 3
persist 58037 3000 3
persist 58366 3000 3
persist 58529 3000 3
persist 48878 3000 3
persist 43684 3000 3
persist 46617 3000 3
persist 53300 3000 3
persist 55148 3000 3
persist 49382 3000 3
persist 38804 2000 2
persist 53103 3000 3
persist 53526 3000 3
persist 53779 3000 3
persist 53576 3000 3
persist 54661 3000 3
persist 51848 3000 3
write base data version: 45200, memory: 3490463744 bytes (3328.77 MB)
persist 46551 3000 3
persist 47251 3000 3
persist 48345 3000 3
persist 44324 3000 3
persist 45633 3000 3
persist 52715 3000 3
persist 37799 2000 2
persist 58046 3000 3
persist 54864 3000 3
persist 55100 3000 3
persist 57654 3000 3
persist 53577 3000 3
persist 50445 3000 3
persist 46123 3000 3
persist 48491 3000 3
persist 36521 2000 2
persist 51632 3000 3
persist 58650 3000 3
persist 59087 3000 3
persist 58901 3000 3
persist 55888 3000 3
persist 43901 3000 3
persist 53374 3000 3
persist 43448 2000 2
persist 48315 3000 3
persist 51873 3000 3
persist 44050 3000 3
persist 48665 3000 3
persist 52539 3000 3
persist 48592 3000 3
persist 51280 3000 3
persist 36908 2000 2
persist 52519 3000 3
persist 51695 3000 3
persist 51963 3000 3
write base data version: 45300, memory: 3638087680 bytes (3469.55 MB)
persist 49635 3000 3
persist 49932 3000 3
persist 51071 3000 3
persist 51789 3000 3
persist 51051 3000 3
persist 50867 3000 3
persist 53004 3000 3
persist 45458 3000 3
persist 49410 3000 3
persist 36133 2000 2
persist 52558 3000 3
persist 54044 3000 3
persist 52843 3000 3
persist 47101 3000 3
persist 53591 3000 3
persist 39239 2000 2
persist 52915 3000 3
persist 49426 3000 3
persist 48931 3000 3
persist 52390 3000 3
persist 51763 3000 3
persist 52287 3000 3
persist 54320 3000 3
persist 51344 3000 3
persist 49713 3000 3
persist 50279 3000 3
persist 52981 3000 3
persist 54741 3000 3
persist 52769 3000 3
persist 52216 3000 3
persist 54695 3000 3
persist 64338 4000 4
persist 50131 3000 3
write base data version: 45400, memory: 3791417344 bytes (3615.78 MB)
persist 49794 3000 3
persist 51211 3000 3
persist 52519 3000 3
persist 70657 4000 4
persist 52481 3000 3
persist 51842 3000 3
persist 86596 5000 5
persist 124194 7000 7
persist 64960 4000 4
persist 74727 4000 4
persist 51031 3000 3
persist 54088 3000 3
persist 53698 3000 3
persist 48619 3000 3
persist 52381 3000 3
persist 51091 3000 3
persist 51351 3000 3
persist 51640 3000 3
persist 50732 3000 3
persist 50951 3000 3
persist 52554 3000 3
persist 50474 3000 3
persist 52964 3000 3
persist 52213 3000 3
persist 51610 3000 3
persist 52241 3000 3
persist 53000 3000 3
persist 52992 3000 3
persist 52387 3000 3
persist 52829 3000 3
persist 50858 3000 3
write base data version: 45500, memory: 3415506944 bytes (3257.28 MB)
persist 52334 3000 3
persist 54761 3000 3
persist 52220 3000 3
persist 51091 3000 3
persist 53288 3000 3
persist 52009 3000 3
persist 51058 3000 3
persist 54425 3000 3
persist 50967 3000 3
persist 55995 3000 3
persist 54241 3000 3
persist 53217 3000 3
persist 54010 3000 3
persist 53804 3000 3
persist 55061 3000 3
persist 51349 3000 3
persist 55448 3000 3
persist 52233 3000 3
persist 57056 3000 3
persist 55216 3000 3
persist 54457 3000 3
persist 53458 3000 3
persist 51397 3000 3
persist 53555 3000 3
persist 50545 3000 3
persist 40997 2000 2
persist 54864 3000 3
persist 54243 3000 3
persist 53021 3000 3
persist 53863 3000 3
persist 52493 3000 3
persist 52857 3000 3
persist 53164 3000 3
write base data version: 45600, memory: 3565191168 bytes (3400.03 MB)
persist 54794 3000 3
persist 50305 3000 3
persist 50177 3000 3
persist 51550 3000 3
persist 50305 3000 3
persist 51384 3000 3
persist 50652 3000 3
persist 51328 3000 3
persist 50993 3000 3
persist 51105 3000 3
persist 51824 3000 3
persist 51705 3000 3
persist 52430 3000 3
persist 52569 3000 3
persist 51597 3000 3
persist 52093 3000 3
persist 51304 3000 3
persist 52107 3000 3
persist 53039 3000 3
persist 74710 4000 4
persist 51444 3000 3
persist 52886 3000 3
persist 53662 3000 3
persist 53450 3000 3
persist 52161 3000 3
persist 51674 3000 3
persist 51909 3000 3
persist 52538 3000 3
persist 53734 3000 3
persist 52412 3000 3
persist 66456 4000 4
persist 51335 3000 3
persist 52222 3000 3
write base data version: 45700, memory: 3723231232 bytes (3550.75 MB)
persist 54839 3000 3
persist 61175 3000 3
persist 58737 3000 3
persist 60278 3000 3
persist 59008 3000 3
persist 59437 3000 3
persist 88939 4000 4
persist 57869 3000 3
persist 52038 3000 3
persist 51520 3000 3
persist 51821 3000 3
persist 51996 3000 3
persist 51667 3000 3
persist 50271 3000 3
persist 52824 3000 3
persist 72582 4000 4
persist 52232 3000 3
persist 51833 3000 3
persist 50883 3000 3
persist 51160 3000 3
persist 51686 3000 3
persist 52733 3000 3
persist 52559 3000 3
persist 51131 3000 3
persist 53169 3000 3
persist 50957 3000 3
persist 51428 3000 3
persist 74573 4000 4
persist 50562 3000 3
persist 50417 3000 3
persist 52464 3000 3
persist 52948 3000 3
write base data version: 45800, memory: 3875266560 bytes (3695.74 MB)
persist 52988 3000 3
persist 53162 3000 3
persist 53057 3000 3
persist 50982 3000 3
persist 50988 3000 3
persist 52257 3000 3
persist 51937 3000 3
persist 50948 3000 3
persist 52065 3000 3
persist 45464 3000 3
persist 47718 3000 3
persist 51699 3000 3
persist 50366 3000 3
persist 48966 3000 3
persist 51652 3000 3
persist 51834 3000 3
persist 50376 3000 3
persist 50755 3000 3
persist 51377 3000 3
persist 51343 3000 3
persist 49422 3000 3
persist 44040 3000 3
persist 47592 3000 3
persist 47868 3000 3
persist 50341 3000 3
persist 46776 3000 3
persist 51511 3000 3
persist 52185 3000 3
persist 50772 3000 3
persist 47984 3000 3
persist 50340 3000 3
persist 49579 3000 3
persist 47339 3000 3
persist 43996 3000 3
write base data version: 45900, memory: 3508486144 bytes (3345.95 MB)
persist 46934 3000 3
persist 49325 3000 3
persist 46273 3000 3
persist 45410 3000 3
persist 52812 3000 3
persist 52381 3000 3
persist 51996 3000 3
persist 52072 3000 3
persist 53455 3000 3
persist 50880 3000 3
persist 71655 4000 4
persist 50657 3000 3
persist 53749 3000 3
persist 51830 3000 3
persist 51688 3000 3
persist 53892 3000 3
persist 53988 3000 3
persist 54325 3000 3
persist 54582 3000 3
persist 53370 3000 3
persist 55503 3000 3
persist 77125 4000 4
persist 50812 3000 3
persist 50247 3000 3
persist 50499 3000 3
persist 51540 3000 3
persist 52131 3000 3
persist 53125 3000 3
persist 52258 3000 3
persist 52458 3000 3
persist 53440 3000 3
persist 53328 3000 3
write base data version: 46000, memory: 3657932800 bytes (3488.48 MB)
persist 51564 3000 3
persist 52267 3000 3
persist 51936 3000 3
persist 51418 3000 3
persist 53398 3000 3
persist 54849 3000 3
persist 79635 4000 4
persist 54584 3000 3
persist 58268 3000 3
persist 60373 3000 3
persist 61150 3000 3
persist 60465 3000 3
persist 60660 3000 3
persist 63732 3000 3
persist 57781 3000 3
persist 56035 3000 3
persist 81033 4000 4
persist 57930 3000 3
persist 57117 3000 3
persist 57072 3000 3
persist 56880 3000 3
persist 55769 3000 3
persist 55701 3000 3
persist 56301 3000 3
persist 50195 3000 3
persist 49444 3000 3
persist 49917 3000 3
persist 52163 3000 3
persist 68256 4000 4
persist 50947 3000 3
persist 51209 3000 3
persist 52715 3000 3
persist 50156 3000 3
write base data version: 46100, memory: 3807543296 bytes (3631.16 MB)
persist 49412 3000 3
persist 50858 3000 3
persist 51454 3000 3
persist 50210 3000 3
persist 52740 3000 3
persist 49151 3000 3
persist 48742 3000 3
persist 49949 3000 3
persist 50467 3000 3
persist 49982 3000 3
persist 51987 3000 3
persist 51180 3000 3
persist 51598 3000 3
persist 52757 3000 3
persist 53281 3000 3
persist 54197 3000 3
persist 50588 3000 3
persist 51606 3000 3
persist 51649 3000 3
persist 53174 3000 3
persist 53118 3000 3
persist 53457 3000 3
persist 54127 3000 3
persist 55738 3000 3
persist 52312 3000 3
persist 49312 3000 3
persist 45420 3000 3
persist 45335 3000 3
persist 46582 3000 3
persist 46456 3000 3
persist 57631 2000 2
persist 75912 3000 3
persist 62651 3000 3
write base data version: 46200, memory: 3461513216 bytes (3301.16 MB)
persist 63121 3000 3
persist 55687 3000 3
persist 46392 3000 3
persist 77100 3000 3
persist 54079 3000 3
persist 63898 3000 3
persist 60862 3000 3
persist 48923 3000 3
persist 50446 3000 3
persist 52164 3000 3
persist 55430 3000 3
persist 54749 3000 3
persist 54393 3000 3
persist 54203 3000 3
persist 53015 3000 3
persist 55023 3000 3
persist 54163 3000 3
persist 78245 3000 3
persist 38532 2000 2
persist 52559 3000 3
persist 54858 3000 3
persist 54722 3000 3
persist 56053 3000 3
persist 52955 3000 3
persist 53973 3000 3
persist 52000 3000 3
persist 54804 3000 3
persist 54127 3000 3
persist 56334 3000 3
persist 55390 3000 3
persist 54422 3000 3
persist 54392 3000 3
persist 56608 3000 3
persist 77247 4000 4
write base data version: 46300, memory: 3645882368 bytes (3476.98 MB)
persist 51969 3000 3
persist 52368 3000 3
persist 54459 3000 3
persist 55687 3000 3
persist 44709 2000 2
persist 57977 3000 3
persist 56598 3000 3
persist 57038 3000 3
persist 55664 3000 3
persist 57537 3000 3
persist 54518 3000 3
persist 50254 3000 3
persist 54336 3000 3
persist 51006 3000 3
persist 53380 3000 3
persist 51613 3000 3
persist 54741 3000 3
persist 51631 3000 3
persist 51884 3000 3
persist 52083 3000 3
persist 52526 3000 3
persist 53388 3000 3
persist 53621 3000 3
persist 53216 3000 3
persist 51944 3000 3
persist 52930 3000 3
persist 51560 3000 3
persist 52619 3000 3
persist 52238 3000 3
persist 52508 3000 3
persist 53287 3000 3
persist 53011 3000 3
persist 51306 3000 3
write base data version: 46400, memory: 3811581952 bytes (3635.01 MB)
persist 51748 3000 3
persist 52459 3000 3
persist 52980 3000 3
persist 51590 3000 3
persist 52199 3000 3
persist 52718 3000 3
persist 52159 3000 3
persist 52175 3000 3
persist 53359 3000 3
persist 52849 3000 3
persist 52777 3000 3
persist 53891 3000 3
persist 50315 3000 3
persist 55762 3000 3
persist 106127 6000 6
persist 139328 8000 8
persist 157207 9000 9
persist 160038 9000 9
persist 177499 10000 10
persist 179628 10000 10
write base data version: 46500, memory: 3967205376 bytes (3783.42 MB)
persist 240927 11000 11
persist 212217 11000 11
persist 139128 11000 11
persist 88137 8000 8
persist 74886 7000 7
persist 79644 7000 7
persist 72210 7000 7
persist 120673 7000 7
persist 141493 8000 8
persist 154269 9000 9
persist 233920 10000 10
persist 90514 5000 5
persist 72634 4000 4
persist 52004 3000 3
write base data version: 46600, memory: 3604140032 bytes (3437.18 MB)
persist 52374 3000 3
persist 52560 3000 3
persist 51814 3000 3
persist 52220 3000 3
persist 52395 3000 3
persist 51628 3000 3
persist 51986 3000 3
persist 52995 3000 3
persist 51164 3000 3
persist 60250 3000 3
persist 57733 3000 3
persist 58356 3000 3
persist 51856 3000 3
persist 52699 3000 3
persist 54553 3000 3
persist 53514 3000 3
persist 52670 3000 3
persist 47929 3000 3
persist 51296 3000 3
persist 104389 6000 6
persist 123187 7000 7
persist 162949 9000 9
persist 176981 10000 10
write base data version: 46700, memory: 3750948864 bytes (3577.18 MB)
persist 167426 10000 10
persist 195207 10000 10
persist 190974 10000 10
persist 172309 10000 10
persist 187185 10000 10
persist 204268 11000 11
persist 182438 10000 10
persist 197178 11000 11
persist 190213 11000 11
persist 191007 11000 11
write base data version: 46800, memory: 3897786368 bytes (3717.22 MB)
persist 194980 11000 11
persist 191339 11000 11
persist 197862 11000 11
persist 202927 11000 11
persist 201663 11000 11
persist 200614 11000 11
persist 199437 11000 11
persist 206545 11000 11
persist 89064 5000 5
persist 53362 3000 3
persist 53002 3000 3
persist 57201 3000 3
persist 59851 3000 3
write base data version: 46900, memory: 4048388096 bytes (3860.84 MB)
persist 51471 3000 3
persist 53646 3000 3
persist 53576 3000 3
persist 53608 3000 3
persist 51876 3000 3
persist 53469 3000 3
persist 80919 3000 3
persist 58836 3000 3
persist 58960 3000 3
persist 58159 3000 3
persist 54281 3000 3
persist 37012 2000 2
persist 58017 3000 3
persist 56201 3000 3
persist 52704 3000 3
persist 47529 3000 3
persist 53979 3000 3
persist 39273 2000 2
persist 56875 3000 3
persist 54413 3000 3
persist 53662 3000 3
persist 54894 3000 3
persist 54585 3000 3
persist 51807 3000 3
persist 47100 3000 3
persist 51297 3000 3
persist 58455 3000 3
persist 43518 2000 2
persist 55075 3000 3
persist 55206 3000 3
persist 30861 2000 2
persist 39767 2000 2
persist 55824 3000 3
persist 53992 3000 3
persist 54576 3000 3
write base data version: 47000, memory: 3727101952 bytes (3554.44 MB)
persist 63003 3000 3
persist 56029 3000 3
persist 55380 3000 3
persist 41570 2000 2
persist 56306 3000 3
persist 53319 3000 3
persist 46854 2000 2
persist 61372 3000 3
persist 61057 3000 3
persist 54957 3000 3
persist 53469 3000 3
persist 52728 3000 3
persist 53669 3000 3
persist 51945 3000 3
persist 54411 3000 3
persist 54871 3000 3
persist 56051 3000 3
persist 53137 3000 3
persist 56451 3000 3
persist 52772 3000 3
persist 43355 2000 2
persist 59041 3000 3
persist 58765 3000 3
persist 54048 3000 3
persist 108922 6000 6
persist 142107 8000 8
persist 156493 9000 9
write base data version: 47100, memory: 3875708928 bytes (3696.16 MB)
persist 173948 10000 10
persist 177236 10000 10
persist 197498 11000 11
persist 194698 11000 11
persist 182324 10000 10
persist 180887 10000 10
persist 182943 10000 10
persist 195125 11000 11
persist 181324 10000 10
persist 181838 10000 10
write base data version: 47200, memory: 3931754496 bytes (3749.61 MB)
persist 118595 7000 7
persist 66248 4000 4
persist 53854 3000 3
persist 53726 3000 3
persist 54049 3000 3
persist 53423 3000 3
persist 54236 3000 3
persist 54524 3000 3
persist 54592 3000 3
persist 54433 3000 3
persist 53721 3000 3
persist 54257 3000 3
persist 56222 3000 3
persist 54992 3000 3
persist 55362 3000 3
persist 51507 3000 3
persist 81327 3000 3
persist 61174 3000 3
persist 59896 3000 3
persist 59715 3000 3
persist 60546 3000 3
persist 62538 3000 3
persist 59652 3000 3
persist 60993 3000 3
persist 58215 3000 3
persist 48935 3000 3
persist 48619 3000 3
persist 53446 3000 3
persist 31849 2000 2
persist 67814 2000 2
persist 52924 3000 3
persist 54133 3000 3
persist 46235 3000 3
persist 45982 3000 3
write base data version: 47300, memory: 3558678528 bytes (3393.82 MB)
persist 47555 3000 3
persist 49611 3000 3
persist 51780 3000 3
persist 38687 2000 2
persist 51751 3000 3
persist 53639 3000 3
persist 60385 3000 3
persist 60975 3000 3
persist 59193 3000 3
persist 61126 3000 3
persist 61013 3000 3
persist 60958 3000 3
persist 59334 3000 3
persist 61045 3000 3
persist 89895 4000 4
persist 61037 3000 3
persist 61454 3000 3
persist 61859 3000 3
persist 61078 3000 3
persist 63032 3000 3
persist 60268 3000 3
persist 63393 3000 3
persist 61999 3000 3
persist 61733 3000 3
persist 62160 3000 3
persist 58285 3000 3
persist 60486 3000 3
persist 59700 3000 3
persist 54056 3000 3
persist 51671 3000 3
persist 52262 3000 3
persist 53667 3000 3
persist 54962 3000 3
write base data version: 47400, memory: 3706769408 bytes (3535.05 MB)
persist 78412 4000 4
persist 55902 3000 3
persist 54818 3000 3
persist 54448 3000 3
persist 56730 3000 3
persist 55911 3000 3
persist 55600 3000 3
persist 54243 3000 3
persist 50629 3000 3
persist 51783 3000 3
persist 48218 3000 3
persist 46558 3000 3
persist 45923 3000 3
persist 45758 3000 3
persist 45403 3000 3
persist 45092 3000 3
persist 50765 3000 3
persist 40777 2000 2
persist 57490 3000 3
persist 48629 3000 3
persist 39617 2000 2
persist 56566 3000 3
persist 64616 3000 3
persist 48019 3000 3
persist 39976 2000 2
persist 57447 3000 3
persist 51693 3000 3
persist 48782 3000 3
persist 37367 2000 2
persist 53750 3000 3
persist 53726 3000 3
persist 52509 3000 3
persist 51915 3000 3
persist 52689 3000 3
persist 51922 3000 3
write base data version: 47500, memory: 3856961536 bytes (3678.29 MB)
persist 48597 3000 3
persist 44072 3000 3
persist 48721 3000 3
persist 49400 3000 3
persist 49650 3000 3
persist 54635 3000 3
persist 38359 2000 2
persist 53203 3000 3
persist 54052 3000 3
persist 53548 3000 3
persist 53932 3000 3
persist 53652 3000 3
persist 52838 3000 3
persist 53202 3000 3
persist 49725 3000 3
persist 50063 3000 3
persist 48571 3000 3
persist 46278 3000 3
persist 52724 3000 3
persist 37911 2000 2
persist 53927 3000 3
persist 53999 3000 3
persist 54623 3000 3
persist 55298 3000 3
persist 54357 3000 3
persist 49818 3000 3
persist 44740 3000 3
persist 50809 3000 3
persist 53827 3000 3
persist 40812 2000 2
persist 55106 3000 3
persist 54897 3000 3
persist 55337 3000 3
persist 55084 3000 3
write base data version: 47600, memory: 3999342592 bytes (3814.07 MB)
persist 54950 3000 3
persist 55580 3000 3
persist 51293 3000 3
persist 50386 3000 3
persist 51491 3000 3
persist 53314 3000 3
persist 52203 3000 3
persist 51864 3000 3
persist 52758 3000 3
persist 55221 3000 3
persist 57479 3000 3
persist 58036 3000 3
persist 59451 3000 3
persist 60732 3000 3
persist 60162 3000 3
persist 82530 4000 4
persist 58493 3000 3
persist 60364 3000 3
persist 60348 3000 3
persist 61033 3000 3
persist 60537 3000 3
persist 61082 3000 3
persist 57502 3000 3
persist 59557 3000 3
persist 59116 3000 3
persist 60192 3000 3
persist 60990 3000 3
persist 78603 4000 4
persist 55148 3000 3
persist 52884 3000 3
persist 53057 3000 3
persist 53132 3000 3
persist 52215 3000 3
write base data version: 47700, memory: 3628670976 bytes (3460.57 MB)
persist 51533 3000 3
persist 53084 3000 3
persist 53011 3000 3
persist 52497 3000 3
persist 53456 3000 3
persist 53567 3000 3
persist 54212 3000 3
persist 51353 3000 3
persist 50964 3000 3
persist 52817 3000 3
persist 51819 3000 3
persist 52334 3000 3
persist 51382 3000 3
persist 51018 3000 3
persist 53097 3000 3
persist 52331 3000 3
persist 51906 3000 3
persist 51706 3000 3
persist 52441 3000 3
persist 52779 3000 3
persist 52731 3000 3
persist 58433 3000 3
persist 53866 3000 3
persist 53916 3000 3
persist 54189 3000 3
persist 53822 3000 3
persist 52182 3000 3
persist 53261 3000 3
persist 55621 3000 3
persist 47918 3000 3
persist 49247 3000 3
persist 52089 3000 3
persist 52994 3000 3
write base data version: 47800, memory: 3790376960 bytes (3614.79 MB)
persist 51621 3000 3
persist 49094 3000 3
persist 48997 3000 3
persist 51186 3000 3
persist 52507 3000 3
persist 52368 3000 3
persist 52888 3000 3
persist 49119 3000 3
persist 51588 3000 3
persist 51783 3000 3
persist 52936 3000 3
persist 48741 3000 3
persist 52690 3000 3
persist 52237 3000 3
persist 50415 3000 3
persist 51366 3000 3
persist 52102 3000 3
persist 53353 3000 3
persist 49585 3000 3
persist 50276 3000 3
persist 51436 3000 3
persist 51460 3000 3
persist 49825 3000 3
persist 50561 3000 3
persist 50201 3000 3
persist 50597 3000 3
persist 49585 3000 3
persist 50999 3000 3
persist 76602 4000 4
persist 50952 3000 3
persist 51022 3000 3
persist 50999 3000 3
persist 53793 3000 3
write base data version: 47900, memory: 3942526976 bytes (3759.89 MB)
persist 51955 3000 3
persist 55705 3000 3
persist 53693 3000 3
persist 52856 3000 3
persist 52970 3000 3
persist 61149 3000 3
persist 59731 3000 3
persist 61482 3000 3
persist 60278 3000 3
persist 58942 3000 3
persist 56985 3000 3
persist 59864 3000 3
persist 59962 3000 3
persist 61062 3000 3
persist 90639 4000 4
persist 58978 3000 3
persist 60492 3000 3
persist 60871 3000 3
persist 60103 3000 3
persist 60423 3000 3
persist 59683 3000 3
persist 59939 3000 3
persist 59783 3000 3
persist 57529 3000 3
persist 57447 3000 3
persist 59532 3000 3
persist 60846 3000 3
persist 59951 3000 3
persist 62612 3000 3
persist 61531 3000 3
persist 59822 3000 3
persist 59659 3000 3
persist 87576 4000 4
write base data version: 48000, memory: 4091318272 bytes (3901.79 MB)
persist 59938 3000 3
persist 57307 3000 3
persist 29682 2000 2
persist 76362 3000 3
persist 42661 2000 2
persist 57997 3000 3
persist 58350 3000 3
persist 57829 3000 3
persist 57431 3000 3
persist 57540 3000 3
persist 58315 3000 3
persist 58297 3000 3
persist 58742 3000 3
persist 59182 3000 3
persist 58895 3000 3
persist 61644 3000 3
persist 58770 3000 3
persist 58554 3000 3
persist 59564 3000 3
persist 60539 3000 3
persist 59317 3000 3
persist 59094 3000 3
persist 58716 3000 3
persist 58986 3000 3
persist 59465 3000 3
persist 58239 3000 3
persist 58223 3000 3
persist 83898 4000 4
persist 59956 3000 3
persist 59528 3000 3
persist 58318 3000 3
persist 57704 3000 3
persist 57218 3000 3
persist 59392 3000 3
write base data version: 48100, memory: 3724521472 bytes (3551.98 MB)
persist 60605 3000 3
persist 84898 4000 4
persist 57860 3000 3
persist 59422 3000 3
persist 58487 3000 3
persist 58286 3000 3
persist 58988 3000 3
persist 59093 3000 3
persist 58507 3000 3
persist 60569 3000 3
persist 60834 3000 3
persist 60413 3000 3
persist 60330 3000 3
persist 60479 3000 3
persist 60655 3000 3
persist 60906 3000 3
persist 56864 3000 3
persist 75066 4000 4
persist 57834 3000 3
persist 57094 3000 3
persist 57485 3000 3
persist 51456 3000 3
persist 70355 4000 4
persist 50915 3000 3
persist 50775 3000 3
persist 53391 3000 3
persist 52693 3000 3
persist 51465 3000 3
persist 51840 3000 3
persist 52523 3000 3
persist 51515 3000 3
persist 51037 3000 3
write base data version: 48200, memory: 3870478336 bytes (3691.18 MB)
persist 52088 3000 3
persist 52242 3000 3
persist 52579 3000 3
persist 50880 3000 3
persist 50770 3000 3
persist 50991 3000 3
persist 50930 3000 3
persist 52009 3000 3
persist 49952 3000 3
persist 49980 3000 3
persist 69823 4000 4
persist 48825 3000 3
persist 50159 3000 3
persist 50008 3000 3
persist 50431 3000 3
persist 50844 3000 3
persist 51855 3000 3
persist 49392 3000 3
persist 49936 3000 3
persist 51472 3000 3
persist 73418 4000 4
persist 53856 3000 3
persist 53596 3000 3
persist 52928 3000 3
persist 52209 3000 3
persist 52935 3000 3
persist 51552 3000 3
persist 53395 3000 3
persist 54820 3000 3
persist 54811 3000 3
persist 55249 3000 3
persist 57691 3000 3
persist 52281 3000 3
write base data version: 48300, memory: 4023631872 bytes (3837.23 MB)
persist 52677 3000 3
persist 54049 3000 3
persist 51643 3000 3
persist 53010 3000 3
persist 54822 3000 3
persist 53689 3000 3
persist 53568 3000 3
persist 37470 3000 3
persist 36772 3000 3
persist 47075 3000 3
persist 25505 2000 2
persist 25296 3000 3
persist 31755 3000 3
persist 38183 2000 2
persist 50304 3000 3
persist 44782 3000 3
persist 46804 3000 3
persist 48099 3000 3
persist 37786 2000 2
persist 54067 3000 3
persist 51979 3000 3
persist 53821 3000 3
persist 53335 3000 3
persist 46581 3000 3
persist 44980 3000 3
persist 47231 3000 3
persist 49397 3000 3
persist 37565 2000 2
persist 51917 3000 3
persist 53139 3000 3
persist 51722 3000 3
persist 51808 3000 3
persist 52720 3000 3
persist 53182 3000 3
write base data version: 48400, memory: 3658702848 bytes (3489.21 MB)
persist 54039 3000 3
persist 55585 3000 3
persist 60647 3000 3
persist 59586 3000 3
persist 56594 3000 3
persist 48332 3000 3
persist 46049 3000 3
persist 52262 3000 3
persist 53497 3000 3
persist 41838 2000 2
persist 58428 3000 3
persist 57847 3000 3
persist 57880 3000 3
persist 57557 3000 3
persist 57847 3000 3
persist 59227 3000 3
persist 87424 4000 4
persist 58586 3000 3
persist 59440 3000 3
persist 56231 3000 3
persist 58240 3000 3
persist 86417 4000 4
persist 58349 3000 3
persist 59180 3000 3
persist 57740 3000 3
persist 57601 3000 3
persist 58729 3000 3
persist 74132 4000 4
persist 58600 3000 3
persist 58942 3000 3
persist 58864 3000 3
persist 61718 3000 3
persist 60939 3000 3
write base data version: 48500, memory: 3809898496 bytes (3633.40 MB)
persist 60967 3000 3
persist 61231 3000 3
persist 61276 3000 3
persist 62647 3000 3
persist 61826 3000 3
persist 54393 3000 3
persist 53754 3000 3
persist 51737 3000 3
persist 51801 3000 3
persist 53218 3000 3
persist 76647 4000 4
persist 49979 3000 3
persist 59711 3000 3
persist 61089 3000 3
persist 61141 3000 3
persist 60821 3000 3
persist 60072 3000 3
persist 58516 3000 3
persist 59500 3000 3
persist 60478 3000 3
persist 59187 3000 3
persist 59428 3000 3
persist 59378 3000 3
persist 60111 3000 3
persist 60781 3000 3
persist 56630 3000 3
persist 58543 3000 3
persist 53376 3000 3
persist 52873 3000 3
persist 52610 3000 3
persist 53496 3000 3
persist 50396 3000 3
persist 45446 3000 3
write base data version: 48600, memory: 3965116416 bytes (3781.43 MB)
persist 44770 3000 3
persist 43802 3000 3
persist 46212 3000 3
persist 50707 3000 3
persist 53212 3000 3
persist 38169 2000 2
persist 52262 3000 3
persist 53471 3000 3
persist 52902 3000 3
persist 55917 3000 3
persist 59070 3000 3
persist 58955 3000 3
persist 58597 3000 3
persist 59086 3000 3
persist 59538 3000 3
persist 58473 3000 3
persist 54921 3000 3
persist 53001 3000 3
persist 50324 3000 3
persist 46084 3000 3
persist 44947 3000 3
persist 49538 3000 3
persist 52203 3000 3
persist 37711 2000 2
persist 53282 3000 3
persist 52561 3000 3
persist 53122 3000 3
persist 53015 3000 3
persist 53982 3000 3
persist 50987 3000 3
persist 51411 3000 3
persist 51128 3000 3
persist 45604 3000 3
persist 47242 3000 3
write base data version: 48700, memory: 4112596992 bytes (3922.08 MB)
persist 35620 2000 2
persist 52454 3000 3
persist 52612 3000 3
persist 53345 3000 3
persist 51987 3000 3
persist 50647 3000 3
persist 46285 3000 3
persist 53620 3000 3
persist 58190 3000 3
persist 58405 3000 3
persist 59028 3000 3
persist 36558 2000 2
persist 75317 3000 3
persist 54099 3000 3
persist 53816 3000 3
persist 48522 3000 3
persist 38483 2000 2
persist 54309 3000 3
persist 60224 3000 3
persist 62456 3000 3
persist 55829 3000 3
persist 49183 3000 3
persist 44707 3000 3
persist 53575 3000 3
persist 46835 2000 2
persist 59753 3000 3
persist 53616 3000 3
persist 107985 3000 3
persist 52531 3000 3
persist 51413 3000 3
persist 56679 3000 3
persist 64717 3000 3
persist 53774 3000 3
persist 53204 3000 3
persist 52945 3000 3
write base data version: 48800, memory: 3754840064 bytes (3580.89 MB)
persist 89324 3000 3
persist 59911 3000 3
persist 59769 3000 3
persist 36713 2000 2
persist 49228 3000 3
persist 54220 3000 3
persist 53008 2000 2
persist 59544 3000 3
persist 52648 3000 3
persist 53206 3000 3
persist 52186 3000 3
persist 52228 3000 3
persist 50831 3000 3
persist 45207 3000 3
persist 54551 3000 3
persist 37583 2000 2
persist 53282 3000 3
persist 53526 3000 3
persist 54000 3000 3
persist 52324 3000 3
persist 51168 3000 3
persist 48759 3000 3
persist 48783 3000 3
persist 38784 2000 2
persist 54583 3000 3
persist 55044 3000 3
persist 55164 3000 3
persist 50415 3000 3
persist 50469 3000 3
persist 49712 3000 3
persist 54651 3000 3
persist 43671 2000 2
persist 59559 3000 3
persist 51770 3000 3
persist 51013 3000 3
write base data version: 48900, memory: 3926589440 bytes (3744.69 MB)
persist 52497 3000 3
persist 48483 3000 3
persist 48896 3000 3
persist 50405 3000 3
persist 48718 3000 3
persist 43968 3000 3
persist 45652 3000 3
persist 45607 3000 3
persist 45890 3000 3
persist 50360 3000 3
persist 47406 3000 3
persist 48695 3000 3
persist 37136 2000 2
persist 51919 3000 3
persist 52656 3000 3
persist 51491 3000 3
persist 52103 3000 3
persist 50709 3000 3
persist 49775 3000 3
persist 50632 3000 3
persist 50611 3000 3
persist 45210 3000 3
persist 44503 3000 3
persist 46949 3000 3
persist 51900 3000 3
persist 58890 3000 3
persist 44481 2000 2
persist 58794 3000 3
persist 57352 3000 3
persist 58089 3000 3
persist 57740 3000 3
persist 58725 3000 3
persist 59402 3000 3
write base data version: 49000, memory: 4077916160 bytes (3889.00 MB)
persist 79587 4000 4
persist 58089 3000 3
persist 59766 3000 3
persist 59047 3000 3
persist 59610 3000 3
persist 59638 3000 3
persist 77238 4000 4
persist 58960 3000 3
persist 59594 3000 3
persist 57363 3000 3
persist 58992 3000 3
persist 77662 4000 4
persist 52450 3000 3
persist 54309 3000 3
persist 54505 3000 3
persist 52100 3000 3
persist 53238 3000 3
persist 26264 3000 3
persist 24756 3000 3
persist 24959 2000 2
persist 25481 3000 3
persist 24229 2000 2
persist 25277 3000 3
persist 25782 2000 2
persist 27176 3000 3
persist 26057 2000 2
persist 26477 3000 3
persist 25217 2000 2
persist 28220 3000 3
persist 28557 2000 2
persist 28186 3000 3
persist 18294 2000 2
persist 24491 3000 3
persist 19847 2000 2
persist 27779 3000 3
persist 19007 2000 2
write base data version: 49100, memory: 4232876032 bytes (4036.79 MB)
persist 29046 3000 3
persist 19495 2000 2
persist 33335 3000 3
persist 17928 2000 2
persist 25445 2000 2
persist 25619 3000 3
persist 27635 3000 3
persist 18905 2000 2
persist 26915 3000 3
persist 17526 2000 2
persist 30822 3000 3
persist 18445 2000 2
persist 26032 3000 3
persist 17580 2000 2
persist 29842 3000 3
persist 28247 2000 2
persist 53072 3000 3
persist 46076 3000 3
persist 43856 3000 3
persist 45343 3000 3
persist 45520 3000 3
persist 50463 3000 3
persist 35737 2000 2
persist 53889 3000 3
persist 54810 3000 3
persist 52436 3000 3
persist 53492 3000 3
persist 52352 3000 3
persist 51948 3000 3
persist 48631 3000 3
persist 45253 3000 3
persist 45561 3000 3
persist 45077 3000 3
persist 46105 3000 3
persist 50317 3000 3
persist 37209 2000 2
persist 54661 3000 3
write base data version: 49200, memory: 3869241344 bytes (3690.00 MB)
persist 52275 3000 3
persist 51928 3000 3
persist 58625 3000 3
persist 58545 3000 3
persist 58730 3000 3
persist 58523 3000 3
persist 57227 3000 3
persist 52523 3000 3
persist 25555 3000 3
persist 26391 2000 2
persist 25567 3000 3
persist 27542 2000 2
persist 25541 3000 3
persist 25688 2000 2
persist 24810 3000 3
persist 27317 3000 3
persist 21623 2000 2
persist 24786 3000 3
persist 32099 3000 3
persist 16884 2000 2
persist 30282 3000 3
persist 16984 2000 2
persist 23595 3000 3
persist 24198 2000 2
persist 25041 3000 3
persist 24585 2000 2
persist 24978 3000 3
persist 26706 3000 3
persist 23112 2000 2
persist 25885 3000 3
persist 42286 2000 2
persist 59135 3000 3
persist 58714 3000 3
persist 88078 4000 4
persist 57498 3000 3
persist 58989 3000 3
write base data version: 49300, memory: 4018130944 bytes (3831.99 MB)
persist 57624 3000 3
persist 57220 3000 3
persist 57451 3000 3
persist 56105 3000 3
persist 59123 3000 3
persist 59145 3000 3
persist 85755 4000 4
persist 57598 3000 3
persist 58360 3000 3
persist 60092 3000 3
persist 58732 3000 3
persist 88796 4000 4
persist 59329 3000 3
persist 59251 3000 3
persist 59535 3000 3
persist 56826 3000 3
persist 59419 3000 3
persist 59151 3000 3
persist 58051 3000 3
persist 80100 4000 4
persist 59328 3000 3
persist 60327 3000 3
persist 57390 3000 3
persist 50851 3000 3
persist 50944 3000 3
persist 58719 3000 3
persist 59991 3000 3
persist 56838 3000 3
persist 59334 3000 3
persist 59524 3000 3
persist 56700 3000 3
persist 59347 3000 3
write base data version: 49400, memory: 4166508544 bytes (3973.49 MB)
persist 59342 3000 3
persist 61158 3000 3
persist 61809 3000 3
persist 53543 3000 3
persist 52737 3000 3
persist 59897 3000 3
persist 61523 3000 3
persist 61350 3000 3
persist 57251 3000 3
persist 57570 3000 3
persist 59951 3000 3
persist 59488 3000 3
persist 53079 3000 3
persist 53214 3000 3
persist 45377 2000 2
persist 58100 3000 3
persist 58281 3000 3
persist 59316 3000 3
persist 58028 3000 3
persist 58374 3000 3
persist 59109 3000 3
persist 95312 3000 3
persist 57164 2000 2
persist 58395 3000 3
persist 67316 2000 2
persist 56567 3000 3
persist 52549 3000 3
persist 69807 3000 3
persist 51193 3000 3
persist 43930 3000 3
persist 52354 3000 3
persist 38586 2000 2
persist 53496 3000 3
persist 53383 3000 3
persist 52638 3000 3
write base data version: 49500, memory: 3822002176 bytes (3644.95 MB)
persist 52221 3000 3
persist 53122 3000 3
persist 52567 3000 3
persist 46617 3000 3
persist 45625 3000 3
persist 42407 3000 3
persist 47290 3000 3
persist 45965 3000 3
persist 43929 3000 3
persist 53530 3000 3
persist 58900 3000 3
persist 53055 3000 3
persist 48126 3000 3
persist 55235 3000 3
persist 61270 3000 3
persist 61471 3000 3
persist 53978 3000 3
persist 53366 3000 3
persist 56725 3000 3
persist 58143 3000 3
persist 59150 3000 3
persist 61457 3000 3
persist 61781 3000 3
persist 60879 3000 3
persist 61940 3000 3
persist 61862 3000 3
persist 61720 3000 3
persist 59180 3000 3
persist 62491 3000 3
persist 62789 3000 3
persist 63626 3000 3
persist 60715 3000 3
persist 62837 3000 3
write base data version: 49600, memory: 3939643392 bytes (3757.14 MB)
persist 58953 3000 3
persist 56314 3000 3
persist 50451 3000 3
persist 74137 4000 4
persist 50437 3000 3
persist 51469 3000 3
persist 50312 3000 3
persist 49012 3000 3
persist 52026 3000 3
persist 56126 3000 3
persist 54092 3000 3
persist 52166 3000 3
persist 52316 3000 3
persist 49848 3000 3
persist 47543 3000 3
persist 44093 3000 3
persist 51287 3000 3
persist 51264 3000 3
persist 37686 2000 2
persist 53991 3000 3
persist 52550 3000 3
persist 53787 3000 3
persist 52055 3000 3
persist 53502 3000 3
persist 50187 3000 3
persist 46810 3000 3
persist 46736 3000 3
persist 45658 3000 3
persist 36994 2000 2
persist 51696 3000 3
persist 53383 3000 3
persist 53426 3000 3
persist 54100 3000 3
persist 52471 3000 3
write base data version: 49700, memory: 4082962432 bytes (3893.82 MB)
persist 53029 3000 3
persist 52438 3000 3
persist 53705 3000 3
persist 52680 3000 3
persist 53594 3000 3
persist 46787 3000 3
persist 50810 3000 3
persist 55025 3000 3
persist 39510 2000 2
persist 56261 3000 3
persist 55934 3000 3
persist 56639 3000 3
persist 56368 3000 3
persist 61268 3000 3
persist 52097 3000 3
persist 52235 3000 3
persist 52341 3000 3
persist 56062 3000 3
persist 45070 2000 2
persist 60919 3000 3
persist 58304 3000 3
persist 60262 3000 3
persist 59069 3000 3
persist 60633 3000 3
persist 60976 3000 3
persist 61404 3000 3
persist 62155 3000 3
persist 60824 3000 3
persist 60155 3000 3
persist 58496 3000 3
persist 58515 3000 3
persist 46625 3000 3
persist 43364 2000 2
persist 53524 3000 3
write base data version: 49800, memory: 4234366976 bytes (4038.21 MB)
persist 53440 3000 3
persist 55871 3000 3
persist 60053 3000 3
persist 44131 2000 2
persist 60976 3000 3
persist 54646 3000 3
persist 45460 3000 3
persist 46159 3000 3
persist 50106 3000 3
persist 43091 2000 2
persist 57091 3000 3
persist 71600 3000 3
persist 46009 3000 3
persist 35286 3000 3
persist 37594 3000 3
persist 52249 3000 3
persist 45918 3000 3
persist 46753 3000 3
persist 51168 3000 3
persist 38710 2000 2
persist 56660 3000 3
persist 59202 3000 3
persist 54811 3000 3
persist 52593 3000 3
persist 75599 4000 4
persist 52917 3000 3
persist 51974 3000 3
persist 51286 3000 3
persist 51273 3000 3
persist 52309 3000 3
persist 53498 3000 3
persist 58668 3000 3
persist 58569 3000 3
persist 60096 3000 3
write base data version: 49900, memory: 3845070848 bytes (3666.95 MB)
persist 59240 3000 3
persist 59370 3000 3
persist 59191 3000 3
persist 59728 3000 3
persist 58234 3000 3
persist 60511 3000 3
persist 58963 3000 3
persist 90448 4000 4
persist 58627 3000 3
persist 53090 3000 3
persist 53332 3000 3
persist 54042 3000 3
persist 56711 3000 3
persist 54907 3000 3
persist 54284 3000 3
persist 53639 3000 3
persist 46767 3000 3
persist 52437 3000 3
persist 55740 3000 3
persist 37375 2000 2
persist 53803 3000 3
persist 53592 3000 3
persist 53539 3000 3
persist 51299 3000 3
persist 50089 3000 3
persist 48093 3000 3
persist 50733 3000 3
persist 52080 3000 3
persist 48790 3000 3
persist 43927 3000 3
persist 49872 3000 3
persist 52485 3000 3
persist 49630 3000 3
persist 45183 3000 3
write base data version: 50000, memory: 3988582400 bytes (3803.81 MB)
persist 46132 3000 3
tip block: 15316----15316
persist 52515 3000 3
persist 52471 3000 3
persist 49485 3000 3
persist 50363 3000 3
persist 52557 3000 3
persist 44993 3000 3
persist 38271 2000 2
persist 52095 3000 3
persist 53297 3000 3
persist 52985 3000 3
persist 53535 3000 3
persist 52430 3000 3
persist 52357 3000 3
persist 48058 3000 3
persist 48834 3000 3
persist 50986 3000 3
persist 53093 3000 3
persist 50547 3000 3
persist 49515 3000 3
persist 36872 2000 2
persist 52757 3000 3
persist 52613 3000 3
persist 51553 3000 3
persist 52279 3000 3
persist 51709 3000 3
persist 51837 3000 3
persist 50334 3000 3
persist 44364 3000 3
persist 55544 3000 3
persist 53613 3000 3
persist 46449 3000 3
persist 43366 3000 3
persist 47997 3000 3
write base data version: 50100, memory: 4141039616 bytes (3949.20 MB)
persist 46652 3000 3
persist 47119 3000 3
persist 38011 2000 2
persist 52736 3000 3
persist 54032 3000 3
persist 54113 3000 3
persist 52251 3000 3
persist 53603 3000 3
persist 52505 3000 3
persist 51925 3000 3
persist 54010 3000 3
persist 52080 3000 3
persist 52795 3000 3
persist 52122 3000 3
persist 53349 3000 3
persist 53632 3000 3
persist 72349 4000 4
persist 50232 3000 3
persist 50362 3000 3
persist 48121 3000 3
persist 51753 3000 3
persist 50840 3000 3
persist 50554 3000 3
persist 46798 3000 3
persist 47887 3000 3
persist 52376 3000 3
persist 35215 2000 2
persist 50086 3000 3
persist 52174 3000 3
persist 51797 3000 3
persist 51847 3000 3
persist 69938 3000 3
persist 52150 3000 3
write base data version: 50200, memory: 3763834880 bytes (3589.47 MB)
persist 51400 3000 3
persist 52505 3000 3
persist 51737 3000 3
persist 52382 3000 3
persist 52067 3000 3
persist 52952 3000 3
persist 53536 3000 3
persist 51905 3000 3
persist 51220 3000 3
persist 51066 3000 3
persist 53209 3000 3
persist 49969 3000 3
persist 50464 3000 3
persist 51264 3000 3
persist 45785 3000 3
persist 44652 3000 3
persist 49453 3000 3
persist 46627 3000 3
persist 47080 3000 3
persist 47412 3000 3
persist 52502 3000 3
persist 44806 3000 3
persist 44812 3000 3
persist 51401 3000 3
persist 49556 3000 3
persist 48566 3000 3
persist 52702 3000 3
persist 37165 2000 2
persist 51531 3000 3
persist 52877 3000 3
persist 52818 3000 3
persist 53177 3000 3
persist 52711 3000 3
persist 50974 3000 3
write base data version: 50300, memory: 3914379264 bytes (3733.04 MB)
persist 51568 3000 3
persist 52851 3000 3
persist 52095 3000 3
persist 52163 3000 3
persist 55458 3000 3
persist 53742 3000 3
persist 54196 3000 3
persist 53842 3000 3
persist 50941 3000 3
persist 46925 3000 3
persist 48985 3000 3
persist 50082 3000 3
persist 42251 2000 2
persist 57081 3000 3
persist 52431 3000 3
persist 59344 3000 3
persist 58027 3000 3
persist 55433 3000 3
persist 58752 3000 3
persist 58467 3000 3
persist 54616 3000 3
persist 44902 3000 3
persist 58721 3000 3
persist 43079 2000 2
persist 58726 3000 3
persist 53449 3000 3
persist 51872 3000 3
persist 52005 3000 3
persist 49774 3000 3
persist 44082 3000 3
persist 48242 3000 3
persist 47192 3000 3
persist 47005 3000 3
persist 47602 3000 3
write base data version: 50400, memory: 4060532736 bytes (3872.43 MB)
persist 45531 3000 3
persist 49649 3000 3
persist 53367 3000 3
persist 59520 3000 3
persist 57971 3000 3
persist 58733 3000 3
persist 53570 3000 3
persist 54024 3000 3
persist 52276 3000 3
persist 53969 3000 3
persist 52873 3000 3
persist 52719 3000 3
persist 52855 3000 3
persist 52230 3000 3
persist 51691 3000 3
persist 57725 3000 3
persist 49823 3000 3
persist 52922 3000 3
persist 52746 3000 3
persist 52244 3000 3
persist 47774 3000 3
persist 46506 3000 3
persist 49572 3000 3
persist 58119 3000 3
persist 58276 3000 3
persist 58907 3000 3
persist 58990 3000 3
persist 58676 3000 3
persist 58312 3000 3
persist 52202 3000 3
persist 52823 3000 3
persist 45877 3000 3
persist 46037 3000 3
write base data version: 50500, memory: 4213477376 bytes (4018.29 MB)
persist 47043 3000 3
persist 57270 3000 3
persist 37586 2000 2
persist 54559 3000 3
persist 53965 3000 3
persist 54779 3000 3
persist 51414 3000 3
persist 47294 3000 3
persist 49836 3000 3
persist 38637 2000 2
persist 52875 3000 3
persist 52755 3000 3
persist 56634 3000 3
persist 51349 3000 3
persist 50802 3000 3
persist 45124 3000 3
persist 51743 3000 3
persist 36495 2000 2
persist 51563 3000 3
persist 74893 3000 3
persist 53021 3000 3
persist 54290 3000 3
persist 50975 3000 3
persist 51747 2000 2
persist 56096 3000 3
persist 45137 3000 3
persist 54324 3000 3
persist 39032 2000 2
persist 54245 3000 3
persist 53042 3000 3
persist 57775 3000 3
persist 44663 2000 2
persist 61590 3000 3
persist 62545 3000 3
persist 51002 3000 3
persist 61144 3000 3
write base data version: 50600, memory: 3845660672 bytes (3667.51 MB)
persist 44726 2000 2
persist 61036 3000 3
persist 63550 3000 3
persist 62199 3000 3
persist 58052 3000 3
persist 47981 3000 3
persist 53884 3000 3
persist 39439 2000 2
persist 54785 3000 3
persist 57495 3000 3
persist 46444 3000 3
persist 40535 2000 2
persist 56249 3000 3
persist 55013 3000 3
persist 54213 3000 3
persist 48700 3000 3
persist 38811 2000 2
persist 54600 3000 3
persist 56681 3000 3
persist 49941 3000 3
persist 52713 3000 3
persist 37840 2000 2
persist 53305 3000 3
persist 50990 3000 3
persist 46207 3000 3
persist 47878 3000 3
persist 44866 3000 3
persist 45458 3000 3
persist 47222 3000 3
persist 45620 3000 3
persist 48386 3000 3
persist 51160 3000 3
persist 54287 3000 3
persist 35842 2000 2
persist 50404 3000 3
write base data version: 50700, memory: 4002361344 bytes (3816.95 MB)
persist 52175 3000 3
persist 52056 3000 3
persist 51797 3000 3
persist 53507 3000 3
persist 52725 3000 3
persist 52429 3000 3
persist 51915 3000 3
persist 52801 3000 3
persist 52582 3000 3
persist 49926 3000 3
persist 47500 3000 3
persist 45689 3000 3
persist 47102 3000 3
persist 52253 3000 3
persist 51530 3000 3
persist 49485 3000 3
persist 48800 3000 3
persist 46896 3000 3
persist 48266 3000 3
persist 50558 3000 3
persist 51083 3000 3
persist 53271 3000 3
persist 51172 3000 3
persist 53406 3000 3
persist 54205 3000 3
persist 54231 3000 3
persist 51868 3000 3
persist 54280 3000 3
persist 53914 3000 3
persist 51739 3000 3
persist 48785 3000 3
persist 52221 3000 3
persist 53852 3000 3
write base data version: 50800, memory: 4159750144 bytes (3967.05 MB)
persist 49641 3000 3
persist 43609 3000 3
persist 44475 3000 3
persist 45544 3000 3
persist 49981 3000 3
persist 37734 2000 2
persist 52627 3000 3
persist 53437 3000 3
persist 55933 3000 3
persist 53217 3000 3
persist 53236 3000 3
persist 53566 3000 3
persist 50133 3000 3
persist 45211 3000 3
persist 47140 3000 3
persist 45969 3000 3
persist 49470 3000 3
persist 37877 2000 2
persist 53155 3000 3
persist 52589 3000 3
persist 55008 3000 3
persist 54301 3000 3
persist 59794 3000 3
persist 48437 3000 3
persist 51386 3000 3
persist 44311 2000 2
persist 54412 3000 3
persist 50460 3000 3
persist 57014 3000 3
persist 61012 3000 3
persist 55546 3000 3
persist 52278 3000 3
persist 55789 3000 3
persist 46067 2000 2
persist 50052 3000 3
write base data version: 50900, memory: 4321435648 bytes (4121.24 MB)
persist 51757 3000 3
persist 37676 2000 2
persist 52781 3000 3
persist 52766 3000 3
persist 53195 3000 3
persist 51547 3000 3
persist 67990 3000 3
persist 44829 3000 3
persist 50633 3000 3
persist 36830 2000 2
persist 51525 3000 3
persist 51797 3000 3
persist 51901 3000 3
persist 53649 3000 3
persist 50875 3000 3
persist 48070 3000 3
persist 44991 3000 3
persist 48673 3000 3
persist 53231 3000 3
persist 52697 3000 3
persist 52234 3000 3
persist 52900 3000 3
persist 52930 3000 3
persist 47987 3000 3
persist 45079 3000 3
persist 48953 3000 3
persist 53870 3000 3
persist 54355 3000 3
persist 53950 3000 3
persist 49044 3000 3
persist 51794 3000 3
persist 54374 3000 3
persist 58740 3000 3
persist 54359 3000 3
write base data version: 51000, memory: 3954208768 bytes (3771.03 MB)
persist 51864 3000 3
persist 51895 3000 3
persist 53427 3000 3
persist 53979 3000 3
persist 53149 3000 3
persist 54504 3000 3
persist 51677 3000 3
persist 52528 3000 3
persist 52285 3000 3
persist 51576 3000 3
persist 51936 3000 3
persist 52800 3000 3
persist 49590 3000 3
persist 51724 3000 3
persist 58217 3000 3
persist 58627 3000 3
persist 55202 3000 3
persist 53241 3000 3
persist 53103 3000 3
persist 51167 3000 3
persist 50031 3000 3
persist 51479 3000 3
persist 50195 3000 3
persist 50873 3000 3
persist 50501 3000 3
persist 52517 3000 3
persist 50819 3000 3
persist 49083 3000 3
persist 48020 3000 3
persist 43184 3000 3
persist 47914 3000 3
persist 37739 2000 2
persist 51186 3000 3
persist 52253 3000 3
write base data version: 51100, memory: 4102172672 bytes (3912.14 MB)
persist 50636 3000 3
persist 51178 3000 3
persist 49297 3000 3
persist 49569 3000 3
persist 49407 3000 3
persist 50037 3000 3
persist 51449 3000 3
persist 49091 3000 3
persist 50283 3000 3
persist 51541 3000 3
persist 49004 3000 3
persist 44973 3000 3
persist 43993 3000 3
persist 46984 3000 3
persist 58356 3000 3
persist 50399 3000 3
persist 53130 3000 3
persist 56234 3000 3
persist 57026 3000 3
persist 58949 3000 3
persist 59455 3000 3
persist 59813 3000 3
persist 60971 3000 3
persist 57805 3000 3
persist 52323 3000 3
persist 47015 3000 3
persist 55358 3000 3
persist 43060 2000 2
persist 58335 3000 3
persist 57849 3000 3
persist 58343 3000 3
persist 57998 3000 3
persist 58516 3000 3
write base data version: 51200, memory: 4260536320 bytes (4063.16 MB)
persist 59028 3000 3
persist 59279 3000 3
persist 59721 3000 3
persist 59175 3000 3
persist 58800 3000 3
persist 59749 3000 3
persist 58345 3000 3
persist 60439 3000 3
persist 60752 3000 3
persist 55130 3000 3
persist 60488 3000 3
persist 60916 3000 3
persist 60160 3000 3
persist 59824 3000 3
persist 57718 3000 3
persist 57325 3000 3
persist 59122 3000 3
persist 60545 3000 3
persist 60853 3000 3
persist 62085 3000 3
persist 62416 3000 3
persist 59147 3000 3
persist 59320 3000 3
persist 59711 3000 3
persist 61207 3000 3
persist 58831 3000 3
persist 58746 3000 3
persist 65920 3000 3
persist 61369 3000 3
persist 41540 2000 2
persist 88031 3000 3
persist 38258 2000 2
persist 53858 3000 3
persist 51087 3000 3
write base data version: 51300, memory: 3928264704 bytes (3746.29 MB)
persist 49282 3000 3
persist 58308 3000 3
persist 115763 6000 6
persist 154305 7000 7
persist 169746 9000 9
persist 166952 9000 9
persist 208739 9000 9
persist 165365 9000 9
persist 222439 10000 10
persist 174232 9000 9
persist 129783 7000 7
persist 157195 8000 8
write base data version: 51400, memory: 4084576256 bytes (3895.36 MB)
persist 177223 9000 9
persist 191440 10000 10
persist 86074 5000 5
persist 53449 3000 3
persist 55268 3000 3
persist 53754 3000 3
persist 54768 3000 3
persist 49241 3000 3
persist 55265 3000 3
persist 49898 3000 3
persist 51767 3000 3
persist 47326 3000 3
persist 48698 3000 3
persist 48813 3000 3
persist 45589 3000 3
persist 48440 3000 3
persist 52928 3000 3
persist 48293 3000 3
persist 45770 3000 3
persist 53714 3000 3
persist 36486 2000 2
persist 50710 3000 3
persist 45521 3000 3
persist 43458 3000 3
persist 46830 3000 3
persist 45177 3000 3
persist 43530 3000 3
persist 43817 3000 3
persist 44409 3000 3
persist 48278 3000 3
persist 50460 3000 3
persist 36361 2000 2
persist 51539 3000 3
write base data version: 51500, memory: 4243271680 bytes (4046.70 MB)
persist 52064 3000 3
persist 50610 3000 3
persist 52131 3000 3
persist 50711 3000 3
persist 51727 3000 3
persist 49593 3000 3
persist 49222 3000 3
persist 49743 3000 3
persist 50701 3000 3
persist 50747 3000 3
persist 67476 3000 3
persist 51567 3000 3
persist 51439 3000 3
persist 54378 3000 3
persist 51318 3000 3
persist 51220 3000 3
persist 51567 3000 3
persist 52641 3000 3
persist 53047 3000 3
persist 46013 3000 3
persist 50858 3000 3
persist 25477 3000 3
persist 25268 2000 2
persist 25086 3000 3
persist 25040 3000 3
persist 25883 2000 2
persist 25167 3000 3
persist 24901 2000 2
persist 24450 3000 3
persist 26513 2000 2
persist 26380 3000 3
persist 26477 2000 2
persist 26408 3000 3
persist 27047 2000 2
persist 26073 3000 3
persist 26125 3000 3
write base data version: 51600, memory: 4410990592 bytes (4206.65 MB)
persist 25504 2000 2
persist 24274 3000 3
persist 22154 2000 2
persist 24109 3000 3
persist 20041 2000 2
persist 25067 2000 2
persist 26279 3000 3
persist 25698 2000 2
persist 26945 3000 3
persist 26017 2000 2
persist 25680 3000 3
persist 18117 2000 2
persist 26300 2000 2
persist 52712 3000 3
persist 52271 3000 3
persist 47610 3000 3
persist 57718 3000 3
persist 36206 2000 2
persist 51942 3000 3
persist 50647 3000 3
persist 51433 3000 3
persist 51874 3000 3
persist 51442 3000 3
persist 46006 3000 3
persist 45251 3000 3
persist 46520 3000 3
persist 45731 3000 3
persist 46609 3000 3
persist 45049 3000 3
persist 43928 3000 3
persist 45598 3000 3
persist 47514 3000 3
persist 37211 2000 2
persist 52649 3000 3
persist 51825 3000 3
persist 52679 3000 3
write base data version: 51700, memory: 4045660160 bytes (3858.24 MB)
persist 52484 3000 3
persist 53414 3000 3
persist 50489 3000 3
persist 45949 3000 3
persist 45029 3000 3
persist 47445 3000 3
persist 50491 3000 3
persist 48198 3000 3
persist 48158 3000 3
persist 47445 3000 3
persist 48715 3000 3
persist 43161 3000 3
persist 49549 3000 3
persist 35363 2000 2
persist 50752 3000 3
persist 51648 3000 3
persist 55058 3000 3
persist 71091 4000 4
persist 104270 6000 6
persist 142881 8000 8
persist 160732 9000 9
persist 167629 9000 9
persist 173754 10000 10
write base data version: 51800, memory: 4193153024 bytes (3998.90 MB)
persist 189478 10000 10
persist 205557 11000 11
persist 216351 11000 11
persist 226889 12000 12
persist 220250 11000 11
persist 192553 11000 11
persist 196069 11000 11
persist 211867 11000 11
persist 214560 11000 11
write base data version: 51900, memory: 4345413632 bytes (4144.11 MB)
persist 198945 11000 11
persist 210735 11000 11
persist 209765 11000 11
persist 211634 11000 11
persist 210743 10000 10
persist 229411 11000 11
persist 208609 11000 11
persist 84394 5000 5
persist 26323 3000 3
persist 31011 3000 3
persist 19869 2000 2
persist 51053 3000 3
persist 37834 3000 3
persist 56176 3000 3
persist 49706 3000 3
persist 51728 3000 3
write base data version: 52000, memory: 4471877632 bytes (4264.71 MB)
persist 52411 3000 3
persist 51062 3000 3
persist 50703 3000 3
persist 59632 3000 3
persist 42809 2000 2
persist 55227 3000 3
persist 56841 3000 3
persist 38137 3000 3
persist 37111 3000 3
persist 59003 2000 2
persist 57820 3000 3
persist 56880 3000 3
persist 59874 3000 3
persist 52495 3000 3
persist 55428 3000 3
persist 38297 2000 2
persist 55036 3000 3
persist 54614 3000 3
persist 121176 2000 2
persist 60254 3000 3
persist 59672 3000 3
persist 61754 3000 3
persist 74520 3000 3
persist 49435 3000 3
persist 48299 3000 3
persist 46981 3000 3
persist 64949 2000 2
persist 45472 3000 3
persist 53279 3000 3
persist 37713 2000 2
persist 51444 3000 3
persist 51766 3000 3
persist 51113 3000 3
persist 49305 3000 3
persist 51440 3000 3
persist 55607 3000 3
write base data version: 52100, memory: 4112789504 bytes (3922.26 MB)
persist 53491 3000 3
persist 52293 3000 3
persist 54940 3000 3
persist 54580 3000 3
persist 57495 3000 3
persist 51512 3000 3
persist 54435 3000 3
persist 49866 3000 3
persist 46108 3000 3
persist 45823 3000 3
persist 51603 3000 3
persist 55575 3000 3
persist 55426 3000 3
persist 54810 3000 3
persist 54338 3000 3
persist 55385 3000 3
persist 51241 3000 3
persist 52893 3000 3
persist 53295 3000 3
persist 51793 3000 3
persist 52330 3000 3
persist 52756 3000 3
persist 51478 3000 3
persist 51913 3000 3
persist 54001 3000 3
persist 53613 3000 3
persist 54693 3000 3
persist 47143 3000 3
persist 51325 3000 3
persist 38261 2000 2
persist 53619 3000 3
persist 51607 3000 3
persist 52578 3000 3
write base data version: 52200, memory: 4205551616 bytes (4010.73 MB)
persist 55000 3000 3
persist 53656 3000 3
persist 53423 3000 3
persist 52507 3000 3
persist 45126 3000 3
persist 48045 3000 3
persist 48211 3000 3
persist 51033 3000 3
persist 37595 2000 2
persist 53570 3000 3
persist 54628 3000 3
persist 55820 3000 3
persist 54076 3000 3
persist 54033 3000 3
persist 53431 3000 3
persist 55374 3000 3
persist 53436 3000 3
persist 50645 3000 3
persist 48642 3000 3
persist 45802 3000 3
persist 53077 3000 3
persist 40249 2000 2
persist 55875 3000 3
persist 55089 3000 3
persist 55374 3000 3
persist 54349 3000 3
persist 52997 3000 3
persist 53374 3000 3
persist 54191 3000 3
persist 54692 3000 3
persist 59461 3000 3
persist 61071 3000 3
persist 61452 3000 3
persist 61393 3000 3
write base data version: 52300, memory: 4348538880 bytes (4147.09 MB)
persist 60124 3000 3
persist 61079 3000 3
persist 60058 3000 3
persist 59658 3000 3
persist 56369 3000 3
persist 57489 3000 3
persist 50521 3000 3
persist 41316 3000 3
persist 53445 3000 3
persist 40736 2000 2
persist 53858 3000 3
persist 51488 3000 3
persist 52048 3000 3
persist 46246 3000 3
persist 46754 3000 3
persist 43879 3000 3
persist 45511 3000 3
persist 64736 3000 3
persist 38962 2000 2
persist 51249 3000 3
persist 51011 3000 3
persist 49610 3000 3
persist 51505 3000 3
persist 53029 3000 3
persist 73784 4000 4
persist 52203 3000 3
persist 37018 2000 2
persist 50590 3000 3
persist 50499 3000 3
persist 49440 3000 3
persist 52018 3000 3
persist 51582 3000 3
persist 53011 3000 3
persist 75955 4000 4
write base data version: 52400, memory: 3986100224 bytes (3801.44 MB)
persist 50989 3000 3
persist 51457 3000 3
persist 51283 3000 3
persist 52207 3000 3
persist 51187 3000 3
persist 52193 3000 3
persist 51199 3000 3
persist 50309 3000 3
persist 53117 3000 3
persist 75216 4000 4
persist 50672 3000 3
persist 52258 3000 3
persist 50746 3000 3
persist 50296 3000 3
persist 53403 3000 3
persist 77627 4000 4
persist 50329 3000 3
persist 52174 3000 3
persist 51237 3000 3
persist 48127 3000 3
persist 47810 3000 3
persist 49272 3000 3
persist 71526 4000 4
persist 50073 3000 3
persist 50681 3000 3
persist 51328 3000 3
persist 52192 3000 3
persist 49849 3000 3
persist 49387 3000 3
persist 49814 3000 3
persist 51878 3000 3
persist 49902 3000 3
write base data version: 52500, memory: 4128604160 bytes (3937.34 MB)
persist 52332 3000 3
persist 53093 3000 3
persist 53095 3000 3
persist 74193 4000 4
persist 49001 3000 3
persist 47293 3000 3
persist 48671 3000 3
persist 50823 3000 3
persist 49876 3000 3
persist 49311 3000 3
persist 50868 3000 3
persist 49372 3000 3
persist 49512 3000 3
persist 51966 3000 3
persist 51583 3000 3
persist 50059 3000 3
persist 48942 3000 3
persist 50131 3000 3
persist 49401 3000 3
persist 51109 3000 3
persist 52584 3000 3
persist 70558 4000 4
persist 49554 3000 3
persist 49033 3000 3
persist 49400 3000 3
persist 51428 3000 3
persist 50689 3000 3
persist 50582 3000 3
persist 49501 3000 3
persist 50980 3000 3
persist 51336 3000 3
persist 49776 3000 3
persist 48732 3000 3
write base data version: 52600, memory: 4271964160 bytes (4074.06 MB)
persist 50996 3000 3
persist 53107 3000 3
persist 72562 4000 4
persist 50192 3000 3
persist 49709 3000 3
persist 50214 3000 3
persist 50617 3000 3
persist 52053 3000 3
persist 51778 3000 3
persist 50605 3000 3
persist 50919 3000 3
persist 75587 4000 4
persist 51251 3000 3
persist 51741 3000 3
persist 49695 3000 3
persist 52005 3000 3
persist 53181 3000 3
persist 66634 4000 4
persist 52314 3000 3
persist 50619 3000 3
persist 52099 3000 3
persist 55010 3000 3
persist 53335 3000 3
persist 77652 4000 4
persist 54982 3000 3
persist 56259 3000 3
persist 52761 3000 3
persist 52534 3000 3
persist 51868 3000 3
persist 51016 3000 3
persist 48192 3000 3
persist 49914 3000 3
write base data version: 52700, memory: 4414582784 bytes (4210.07 MB)
persist 50286 3000 3
persist 53776 3000 3
persist 71809 4000 4
persist 52011 3000 3
persist 55245 3000 3
persist 55512 3000 3
persist 51643 3000 3
persist 52122 3000 3
persist 50755 3000 3
persist 37543 3000 3
persist 39694 3000 3
persist 39331 3000 3
persist 38119 3000 3
persist 27625 2000 2
persist 40475 3000 3
persist 41026 3000 3
persist 39167 3000 3
persist 41134 3000 3
persist 40876 3000 3
persist 40552 3000 3
persist 36322 3000 3
persist 37742 3000 3
persist 37353 3000 3
persist 38686 3000 3
persist 38659 3000 3
persist 27548 2000 2
persist 38890 3000 3
persist 37850 3000 3
persist 43105 3000 3
persist 39447 3000 3
persist 40415 3000 3
persist 37638 3000 3
persist 44795 3000 3
persist 36220 3000 3
write base data version: 52800, memory: 4045025280 bytes (3857.64 MB)
persist 41776 3000 3
persist 37022 3000 3
persist 36103 3000 3
persist 34675 3000 3
persist 36188 3000 3
persist 35313 3000 3
persist 38431 3000 3
persist 37659 3000 3
persist 39630 3000 3
persist 38707 3000 3
persist 40776 3000 3
persist 25969 2000 2
persist 41094 3000 3
persist 38721 3000 3
persist 37814 3000 3
persist 39025 3000 3
persist 39527 3000 3
persist 37892 3000 3
persist 35099 3000 3
persist 37304 3000 3
persist 40703 3000 3
persist 27326 2000 2
persist 40442 3000 3
persist 40192 3000 3
persist 41265 3000 3
persist 26402 3000 3
persist 27414 3000 3
persist 37871 2000 2
persist 56502 3000 3
persist 58086 3000 3
persist 60545 3000 3
persist 52770 3000 3
persist 47852 3000 3
persist 47911 3000 3
write base data version: 52900, memory: 4158251008 bytes (3965.62 MB)
persist 52252 3000 3
persist 46082 3000 3
persist 50703 3000 3
persist 54226 3000 3
persist 47434 3000 3
persist 50068 3000 3
persist 52133 3000 3
persist 53351 3000 3
persist 53343 3000 3
persist 46976 3000 3
persist 45868 3000 3
persist 45488 3000 3
persist 58146 4000 4
persist 44128 3000 3
persist 72671 4000 4
persist 52809 3000 3
persist 50998 3000 3
persist 51601 3000 3
persist 52642 3000 3
persist 52884 3000 3
persist 50608 3000 3
persist 51123 3000 3
persist 50152 3000 3
persist 48807 3000 3
persist 49196 3000 3
persist 72934 4000 4
persist 49464 3000 3
persist 50930 3000 3
persist 51122 3000 3
persist 52701 3000 3
persist 49181 3000 3
persist 50588 3000 3
write base data version: 53000, memory: 4300820480 bytes (4101.58 MB)
persist 68159 4000 4
persist 50546 3000 3
persist 50614 3000 3
persist 50362 3000 3
persist 50785 3000 3
persist 52899 3000 3
persist 51760 3000 3
persist 64603 4000 4
persist 51520 3000 3
persist 52475 3000 3
persist 53665 3000 3
persist 52287 3000 3
persist 54079 3000 3
persist 53550 3000 3
persist 55692 3000 3
persist 75235 4000 4
persist 51988 3000 3
persist 52991 3000 3
persist 52579 3000 3
persist 49669 3000 3
persist 51706 3000 3
persist 51401 3000 3
persist 53207 3000 3
persist 52150 3000 3
persist 52348 3000 3
persist 50242 3000 3
persist 52137 3000 3
persist 52661 3000 3
persist 51877 3000 3
persist 52777 3000 3
persist 50340 3000 3
persist 50359 3000 3
persist 52524 3000 3
write base data version: 53100, memory: 4451213312 bytes (4245.01 MB)
persist 74190 3000 3
persist 51475 3000 3
persist 50378 3000 3
persist 51924 3000 3
persist 51957 3000 3
persist 50989 3000 3
persist 50385 3000 3
persist 50530 3000 3
persist 51338 3000 3
persist 50952 3000 3
persist 51069 3000 3
persist 51987 3000 3
persist 51684 3000 3
persist 52092 3000 3
persist 51741 3000 3
persist 52720 3000 3
persist 54175 3000 3
persist 52496 3000 3
persist 51543 3000 3
persist 51899 3000 3
persist 51924 3000 3
persist 51494 3000 3
persist 51004 3000 3
persist 52036 3000 3
persist 52241 3000 3
persist 51827 3000 3
persist 52817 3000 3
persist 51200 3000 3
persist 51917 3000 3
persist 51684 3000 3
persist 49415 3000 3
persist 50734 3000 3
persist 75271 4000 4
write base data version: 53200, memory: 4076101632 bytes (3887.27 MB)
persist 53202 3000 3
persist 51087 3000 3
persist 52449 3000 3
persist 50812 3000 3
persist 53322 3000 3
persist 71954 4000 4
persist 50791 3000 3
persist 51886 3000 3
persist 52037 3000 3
persist 51812 3000 3
persist 52332 3000 3
persist 51302 3000 3
persist 61654 4000 4
persist 47854 3000 3
persist 47915 3000 3
persist 48951 3000 3
persist 73419 4000 4
persist 48403 3000 3
persist 50860 3000 3
persist 51053 3000 3
persist 50685 3000 3
persist 52248 3000 3
persist 52850 3000 3
persist 54206 3000 3
persist 50672 3000 3
persist 49125 3000 3
persist 50884 3000 3
persist 51331 3000 3
persist 64631 4000 4
persist 49101 3000 3
persist 51325 3000 3
persist 51986 3000 3
write base data version: 53300, memory: 4218949632 bytes (4023.50 MB)
persist 49968 3000 3
persist 48141 3000 3
persist 48774 3000 3
persist 51137 3000 3
persist 52095 3000 3
persist 65808 4000 4
persist 49801 3000 3
persist 51036 3000 3
persist 51449 3000 3
persist 52081 3000 3
persist 52959 3000 3
persist 53304 3000 3
persist 53770 3000 3
persist 52829 3000 3
persist 54316 3000 3
persist 51543 3000 3
persist 52478 3000 3
persist 53382 3000 3
persist 53920 3000 3
persist 51325 3000 3
persist 48288 3000 3
persist 46964 3000 3
persist 47873 3000 3
persist 48292 3000 3
persist 50497 3000 3
persist 50791 3000 3
persist 51192 3000 3
persist 68785 4000 4
persist 50054 3000 3
persist 51027 3000 3
persist 50019 3000 3
persist 49440 3000 3
write base data version: 53400, memory: 4361568256 bytes (4159.52 MB)
persist 51045 3000 3
persist 53171 3000 3
persist 52922 3000 3
persist 52928 3000 3
persist 51554 3000 3
persist 52286 3000 3
persist 51906 3000 3
persist 53386 3000 3
persist 49943 3000 3
persist 52606 3000 3
persist 50024 3000 3
persist 51619 3000 3
persist 50366 3000 3
persist 50004 3000 3
persist 53426 3000 3
persist 54279 3000 3
persist 54308 3000 3
persist 60080 3000 3
persist 60398 3000 3
persist 57180 3000 3
persist 52798 3000 3
persist 38083 2000 2
persist 53512 3000 3
persist 53454 3000 3
persist 53136 3000 3
persist 54070 3000 3
persist 53646 3000 3
persist 53212 3000 3
persist 52573 3000 3
persist 53613 3000 3
persist 50636 3000 3
persist 51080 3000 3
persist 73372 4000 4
persist 52829 3000 3
write base data version: 53500, memory: 3992248320 bytes (3807.30 MB)
persist 52269 3000 3
persist 53658 3000 3
persist 53720 3000 3
persist 51124 3000 3
persist 77258 4000 4
persist 53136 3000 3
persist 56061 3000 3
persist 51976 3000 3
persist 53514 3000 3
persist 52881 3000 3
persist 52841 3000 3
persist 54775 3000 3
persist 53805 3000 3
persist 53658 3000 3
persist 51304 3000 3
persist 51227 3000 3
persist 52067 3000 3
persist 51647 3000 3
persist 51988 3000 3
persist 52972 3000 3
persist 51538 3000 3
persist 52878 3000 3
persist 55756 3000 3
persist 59758 3000 3
persist 54662 3000 3
persist 54009 3000 3
persist 52939 3000 3
persist 54298 3000 3
persist 54493 3000 3
persist 55841 3000 3
persist 53686 3000 3
persist 54400 3000 3
persist 53028 3000 3
write base data version: 53600, memory: 4123328512 bytes (3932.31 MB)
persist 52250 3000 3
persist 50258 3000 3
persist 50746 3000 3
persist 50155 3000 3
persist 49440 3000 3
persist 56131 3000 3
persist 51178 3000 3
persist 47600 3000 3
persist 46871 3000 3
persist 49750 3000 3
persist 51586 3000 3
persist 48709 3000 3
persist 47337 3000 3
persist 50794 3000 3
persist 49932 3000 3
persist 47757 3000 3
persist 45154 3000 3
persist 57621 3000 3
persist 53500 3000 3
persist 49877 3000 3
persist 46472 3000 3
persist 48742 3000 3
persist 51463 3000 3
persist 48736 3000 3
persist 46574 3000 3
persist 49666 3000 3
persist 52136 3000 3
persist 51601 3000 3
persist 48013 3000 3
persist 52957 3000 3
persist 52224 3000 3
persist 47761 3000 3
persist 45772 3000 3
write base data version: 53700, memory: 4270956544 bytes (4073.10 MB)
persist 48555 3000 3
persist 52975 3000 3
persist 51468 3000 3
persist 48909 3000 3
persist 49284 3000 3
persist 51476 3000 3
persist 52018 3000 3
persist 47352 3000 3
persist 48148 3000 3
persist 52583 3000 3
persist 52373 3000 3
persist 48589 3000 3
persist 49342 3000 3
persist 52341 3000 3
persist 51588 3000 3
persist 51740 3000 3
persist 52679 3000 3
persist 52198 3000 3
persist 52952 3000 3
persist 53948 3000 3
persist 54427 3000 3
persist 52851 3000 3
persist 54839 3000 3
persist 52501 3000 3
persist 61456 3000 3
persist 61825 3000 3
persist 61516 3000 3
persist 92584 4000 4
persist 56859 3000 3
persist 59273 3000 3
persist 63070 3000 3
persist 60885 3000 3
persist 58819 3000 3
write base data version: 53800, memory: 4424921088 bytes (4219.93 MB)
persist 56371 3000 3
persist 57759 3000 3
persist 52006 3000 3
persist 54007 3000 3
persist 53919 3000 3
persist 53319 3000 3
persist 52695 3000 3
persist 54824 3000 3
persist 70025 3000 3
persist 79356 4000 4
persist 60166 3000 3
persist 60959 3000 3
persist 61607 3000 3
persist 59949 3000 3
persist 57916 3000 3
persist 87038 4000 4
persist 57400 3000 3
persist 58418 3000 3
persist 59519 3000 3
persist 57684 3000 3
persist 56323 3000 3
persist 50407 3000 3
persist 51929 3000 3
persist 49773 3000 3
persist 51514 3000 3
persist 54156 3000 3
persist 52520 3000 3
persist 50874 3000 3
persist 51281 3000 3
persist 51580 3000 3
persist 50411 3000 3
persist 51157 3000 3
persist 48836 3000 3
write base data version: 53900, memory: 4066455552 bytes (3878.07 MB)
persist 48326 3000 3
persist 48196 3000 3
persist 50258 3000 3
persist 73833 4000 4
persist 52327 3000 3
persist 49339 3000 3
persist 48509 3000 3
persist 48629 3000 3
persist 47496 3000 3
persist 44811 3000 3
persist 47947 3000 3
persist 51677 3000 3
persist 52209 3000 3
persist 51719 3000 3
persist 53557 3000 3
persist 53746 3000 3
persist 52729 3000 3
persist 50674 3000 3
persist 60692 3000 3
persist 58819 3000 3
persist 58875 3000 3
persist 59624 3000 3
persist 39907 3000 3
persist 36557 3000 3
persist 42851 2000 2
persist 58563 3000 3
persist 51636 3000 3
persist 52915 3000 3
persist 51746 3000 3
persist 52460 3000 3
persist 51455 3000 3
persist 49918 3000 3
persist 47183 3000 3
write base data version: 54000, memory: 4218482688 bytes (4023.06 MB)
persist 45433 3000 3
persist 48414 3000 3
persist 44586 3000 3
persist 48867 3000 3
persist 51785 3000 3
persist 43753 3000 3
persist 48871 3000 3
persist 51749 3000 3
persist 51553 3000 3
persist 51220 3000 3
persist 51512 3000 3
persist 53173 3000 3
persist 54377 3000 3
persist 53282 3000 3
persist 53298 3000 3
persist 52633 3000 3
persist 51687 3000 3
persist 52907 3000 3
persist 58853 3000 3
persist 58480 3000 3
persist 61061 3000 3
persist 60451 3000 3
persist 59137 3000 3
persist 58089 3000 3
persist 53176 3000 3
persist 50648 3000 3
persist 50028 3000 3
persist 50913 3000 3
persist 51279 3000 3
persist 52247 3000 3
persist 53054 3000 3
persist 52691 3000 3
persist 53667 3000 3
write base data version: 54100, memory: 4371611648 bytes (4169.09 MB)
persist 52708 3000 3
persist 50318 3000 3
persist 51685 3000 3
persist 51704 3000 3
persist 52981 3000 3
persist 55175 4000 4
persist 29823 3000 3
persist 46245 3000 3
persist 45845 3000 3
persist 47333 3000 3
persist 53603 3000 3
persist 54624 3000 3
persist 54167 3000 3
persist 54882 3000 3
persist 53365 3000 3
persist 54657 3000 3
persist 49321 3000 3
persist 50505 3000 3
persist 50937 3000 3
persist 54340 3000 3
persist 53427 3000 3
persist 52949 3000 3
persist 51406 3000 3
persist 46031 3000 3
persist 45546 3000 3
persist 45390 3000 3
persist 44637 3000 3
persist 44809 3000 3
persist 47862 3000 3
persist 52309 3000 3
persist 50091 3000 3
persist 44223 3000 3
persist 38757 2000 2
persist 52039 3000 3
write base data version: 54200, memory: 4007358464 bytes (3821.71 MB)
persist 53389 3000 3
persist 51830 3000 3
persist 53907 3000 3
persist 51810 3000 3
persist 52981 3000 3
persist 54371 3000 3
persist 53165 3000 3
persist 52802 3000 3
persist 52533 3000 3
persist 53622 3000 3
persist 54202 3000 3
persist 54578 3000 3
persist 59919 3000 3
persist 63705 3000 3
persist 60806 3000 3
persist 63503 3000 3
persist 58101 3000 3
persist 55313 3000 3
persist 54734 3000 3
persist 49725 3000 3
persist 49136 3000 3
persist 44873 3000 3
persist 50474 3000 3
persist 36752 2000 2
persist 52659 3000 3
persist 52689 3000 3
persist 53380 3000 3
persist 52791 3000 3
persist 52428 3000 3
persist 54177 3000 3
persist 50596 3000 3
persist 44873 3000 3
persist 43516 3000 3
write base data version: 54300, memory: 4150317056 bytes (3958.05 MB)
persist 43748 3000 3
persist 49891 3000 3
persist 37122 2000 2
persist 51171 3000 3
persist 52829 3000 3
persist 53787 3000 3
persist 54007 3000 3
persist 55431 3000 3
persist 60898 3000 3
persist 61612 3000 3
persist 84818 4000 4
persist 55154 3000 3
persist 51942 3000 3
persist 49921 3000 3
persist 50154 3000 3
persist 48858 3000 3
persist 51926 3000 3
persist 61534 3000 3
persist 89031 4000 4
persist 61234 3000 3
persist 57482 3000 3
persist 60204 3000 3
persist 57070 3000 3
persist 57042 3000 3
persist 58708 3000 3
persist 57100 3000 3
persist 57604 3000 3
persist 79650 4000 4
persist 52279 3000 3
persist 52981 3000 3
persist 44129 3000 3
persist 25991 3000 3
persist 25467 3000 3
write base data version: 54400, memory: 4279820288 bytes (4081.55 MB)
persist 42433 2000 2
persist 57745 3000 3
persist 50983 3000 3
persist 48878 3000 3
persist 42228 3000 3
persist 60233 3000 3
persist 55922 3000 3
persist 56128 3000 3
persist 53924 3000 3
persist 54048 3000 3
persist 52900 3000 3
persist 48870 3000 3
persist 44378 3000 3
persist 47181 3000 3
persist 38196 2000 2
persist 53989 3000 3
persist 53659 3000 3
persist 53675 3000 3
persist 51826 3000 3
persist 53380 3000 3
persist 52661 3000 3
persist 53425 3000 3
persist 52877 3000 3
persist 54275 3000 3
persist 53502 3000 3
persist 53349 3000 3
persist 46442 3000 3
persist 47037 3000 3
persist 48647 3000 3
persist 52122 3000 3
persist 53498 3000 3
persist 53260 3000 3
persist 54222 3000 3
persist 54018 3000 3
write base data version: 54500, memory: 4424994816 bytes (4220.00 MB)
persist 52328 3000 3
persist 53989 3000 3
persist 55902 3000 3
persist 52917 3000 3
persist 50886 3000 3
persist 51337 3000 3
persist 51102 3000 3
persist 49760 3000 3
persist 45621 3000 3
persist 49924 3000 3
persist 49485 3000 3
persist 43889 3000 3
persist 47261 3000 3
persist 50127 3000 3
persist 50946 3000 3
persist 53097 3000 3
persist 36734 2000 2
persist 53057 3000 3
persist 47275 3000 3
persist 45043 3000 3
persist 47844 3000 3
persist 49051 3000 3
persist 53032 3000 3
persist 51582 3000 3
persist 52421 3000 3
persist 52513 3000 3
persist 54074 3000 3
persist 51248 3000 3
persist 50058 3000 3
persist 49602 3000 3
persist 49686 3000 3
persist 49052 3000 3
persist 49337 3000 3
write base data version: 54600, memory: 4056694784 bytes (3868.77 MB)
persist 67295 4000 4
persist 49820 3000 3
persist 48781 3000 3
persist 49144 3000 3
persist 50227 3000 3
persist 71745 4000 4
persist 50269 3000 3
persist 52107 3000 3
persist 50972 3000 3
persist 49752 3000 3
persist 51203 3000 3
persist 50139 3000 3
persist 68401 4000 4
persist 49518 3000 3
persist 49054 3000 3
persist 49794 3000 3
persist 50728 3000 3
persist 51594 3000 3
persist 50517 3000 3
persist 68547 4000 4
persist 50195 3000 3
persist 50036 3000 3
persist 50255 3000 3
persist 50988 3000 3
persist 50926 3000 3
persist 50887 3000 3
persist 49450 3000 3
persist 51133 3000 3
persist 52888 3000 3
persist 71046 4000 4
persist 50905 3000 3
persist 47622 3000 3
write base data version: 54700, memory: 4199616512 bytes (4005.07 MB)
persist 49286 3000 3
persist 49777 3000 3
persist 49405 3000 3
persist 50006 3000 3
persist 48397 3000 3
persist 49297 3000 3
persist 48021 3000 3
persist 48334 3000 3
persist 48123 3000 3
persist 48732 3000 3
persist 51215 3000 3
persist 50177 3000 3
persist 48519 3000 3
persist 49743 3000 3
persist 49912 3000 3
persist 50384 3000 3
persist 73686 4000 4
persist 49824 3000 3
persist 50992 3000 3
persist 50290 3000 3
persist 50114 3000 3
persist 50791 3000 3
persist 49832 3000 3
persist 49386 3000 3
persist 49280 3000 3
persist 48904 3000 3
persist 47899 3000 3
persist 47707 3000 3
persist 47765 3000 3
persist 48867 3000 3
persist 49406 3000 3
persist 48753 3000 3
persist 49714 3000 3
write base data version: 54800, memory: 4342423552 bytes (4141.26 MB)
persist 49078 3000 3
persist 50044 3000 3
persist 50330 3000 3
persist 49421 3000 3
persist 47661 3000 3
persist 48329 3000 3
persist 49647 3000 3
persist 48458 3000 3
persist 49149 3000 3
persist 50267 3000 3
persist 51539 3000 3
persist 49249 3000 3
persist 49733 3000 3
persist 51059 3000 3
persist 51248 3000 3
persist 50698 3000 3
persist 50770 3000 3
persist 51586 3000 3
persist 49360 3000 3
persist 52352 3000 3
persist 50699 3000 3
persist 50510 3000 3
persist 49590 3000 3
persist 48850 3000 3
persist 53128 3000 3
persist 52427 3000 3
persist 49312 3000 3
persist 50659 3000 3
persist 51015 3000 3
persist 50158 3000 3
persist 50130 3000 3
persist 50442 3000 3
persist 59964 3000 3
write base data version: 54900, memory: 4493340672 bytes (4285.18 MB)
persist 58083 3000 3
persist 78697 3000 3
persist 66494 4000 4
persist 51108 3000 3
persist 53598 3000 3
persist 52793 3000 3
persist 76137 4000 4
persist 52573 3000 3
persist 49938 3000 3
persist 53127 3000 3
persist 52165 3000 3
persist 53767 3000 3
persist 74269 4000 4
persist 52431 3000 3
persist 51078 3000 3
persist 54068 3000 3
persist 49849 3000 3
persist 50748 3000 3
persist 49755 3000 3
persist 55059 3000 3
persist 52264 3000 3
persist 53858 3000 3
persist 66221 4000 4
persist 52699 3000 3
persist 52146 3000 3
persist 50218 3000 3
persist 54113 3000 3
persist 51519 3000 3
persist 53547 3000 3
persist 73126 4000 4
persist 51942 3000 3
persist 50380 3000 3
write base data version: 55000, memory: 4125442048 bytes (3934.33 MB)
persist 51359 3000 3
persist 51618 3000 3
persist 51327 3000 3
persist 51014 3000 3
persist 51150 3000 3
persist 50089 3000 3
persist 52008 3000 3
persist 52409 3000 3
persist 51275 3000 3
persist 76679 4000 4
persist 51364 3000 3
persist 52575 3000 3
persist 51550 3000 3
persist 53174 3000 3
persist 53991 3000 3
persist 52757 3000 3
persist 51643 3000 3
persist 52049 3000 3
persist 53259 3000 3
persist 50503 3000 3
persist 71525 4000 4
persist 53629 3000 3
persist 53165 3000 3
persist 53481 3000 3
persist 52867 3000 3
persist 50304 3000 3
persist 50074 3000 3
persist 51080 3000 3
persist 50810 3000 3
persist 50402 3000 3
persist 50748 3000 3
persist 50103 3000 3
persist 49527 3000 3
write base data version: 55100, memory: 4264583168 bytes (4067.02 MB)
persist 49139 3000 3
persist 49328 3000 3
persist 49472 3000 3
persist 50676 3000 3
persist 50629 3000 3
persist 68589 4000 4
persist 50630 3000 3
persist 52472 3000 3
persist 53097 3000 3
persist 51872 3000 3
persist 51176 3000 3
persist 50629 3000 3
persist 50725 3000 3
persist 50497 3000 3
persist 49946 3000 3
persist 50586 3000 3
persist 51725 3000 3
persist 69185 4000 4
persist 50807 3000 3
persist 53751 3000 3
persist 55719 3000 3
persist 54258 3000 3
persist 52601 3000 3
persist 51724 3000 3
persist 50356 3000 3
persist 49867 3000 3
persist 51992 3000 3
persist 54046 3000 3
persist 76283 4000 4
persist 52086 3000 3
persist 53255 3000 3
persist 54475 3000 3
write base data version: 55200, memory: 4416909312 bytes (4212.29 MB)
persist 54258 3000 3
persist 52322 3000 3
persist 52524 3000 3
persist 51973 3000 3
persist 52999 3000 3
persist 51769 3000 3
persist 52365 3000 3
persist 53762 3000 3
persist 53891 3000 3
persist 53477 3000 3
persist 51544 3000 3
persist 49535 3000 3
persist 53457 3000 3
persist 49097 3000 3
persist 48459 3000 3
persist 49271 3000 3
persist 50952 3000 3
persist 53583 3000 3
persist 52081 3000 3
persist 50647 3000 3
persist 47607 3000 3
persist 43799 3000 3
persist 47814 3000 3
persist 37035 2000 2
persist 54413 3000 3
persist 52661 3000 3
persist 54856 3000 3
persist 76341 3000 3
persist 51380 3000 3
persist 49701 3000 3
persist 51215 3000 3
persist 49336 3000 3
persist 48252 3000 3
persist 47742 3000 3
write base data version: 55300, memory: 4055285760 bytes (3867.42 MB)
persist 42530 3000 3
persist 49084 3000 3
persist 35422 2000 2
persist 51278 3000 3
persist 52205 3000 3
persist 51320 3000 3
persist 50395 3000 3
persist 51788 3000 3
persist 51625 3000 3
persist 50642 3000 3
persist 48847 3000 3
persist 47923 3000 3
persist 49989 3000 3
persist 49181 3000 3
persist 51207 3000 3
persist 50603 3000 3
persist 49210 3000 3
persist 44446 3000 3
persist 44768 3000 3
persist 45886 3000 3
persist 47788 3000 3
persist 51678 3000 3
persist 47786 3000 3
persist 48701 3000 3
persist 47103 3000 3
persist 43413 3000 3
persist 49807 3000 3
persist 52327 3000 3
persist 47836 3000 3
persist 46266 3000 3
persist 46639 3000 3
persist 43788 3000 3
persist 48082 3000 3
persist 49497 3000 3
write base data version: 55400, memory: 4204888064 bytes (4010.09 MB)
persist 51244 3000 3
persist 52319 3000 3
persist 49887 3000 3
persist 46647 3000 3
persist 46992 3000 3
persist 51956 3000 3
persist 54089 3000 3
persist 45302 3000 3
persist 44635 3000 3
persist 51455 3000 3
persist 51493 3000 3
persist 51273 3000 3
persist 52836 3000 3
persist 51563 3000 3
persist 51882 3000 3
persist 50480 3000 3
persist 51234 3000 3
persist 51635 3000 3
persist 51122 3000 3
persist 52254 3000 3
persist 50915 3000 3
persist 51724 3000 3
persist 51387 3000 3
persist 51980 3000 3
persist 52123 3000 3
persist 52308 3000 3
persist 50728 3000 3
persist 52133 3000 3
persist 51701 3000 3
persist 51784 3000 3
persist 53165 3000 3
persist 54209 3000 3
persist 53591 3000 3
write base data version: 55500, memory: 4354379776 bytes (4152.66 MB)
persist 51890 3000 3
persist 51572 3000 3
persist 51232 3000 3
persist 49528 3000 3
persist 50088 3000 3
persist 52107 3000 3
persist 49623 3000 3
persist 52995 3000 3
persist 50670 3000 3
persist 51920 3000 3
persist 51294 3000 3
persist 51087 3000 3
persist 50199 3000 3
persist 48489 3000 3
persist 48033 3000 3
persist 48734 3000 3
persist 49488 3000 3
persist 49422 3000 3
persist 49383 3000 3
persist 49672 3000 3
persist 49371 3000 3
persist 64440 4000 4
persist 49924 3000 3
persist 50274 3000 3
persist 50906 3000 3
persist 51396 3000 3
persist 50683 3000 3
persist 50029 3000 3
persist 55324 3000 3
persist 49913 3000 3
persist 50436 3000 3
persist 50649 3000 3
persist 52564 3000 3
write base data version: 55600, memory: 4497162240 bytes (4288.83 MB)
persist 50518 3000 3
persist 48072 3000 3
persist 49259 3000 3
persist 50474 3000 3
persist 52128 3000 3
persist 52291 3000 3
persist 58304 3000 3
persist 61866 3000 3
persist 61307 3000 3
persist 58900 3000 3
persist 59230 3000 3
persist 59155 3000 3
persist 59189 3000 3
persist 58487 3000 3
persist 77839 3000 3
persist 54593 3000 3
persist 53246 3000 3
persist 52557 3000 3
persist 37521 2000 2
persist 53865 3000 3
persist 52648 3000 3
persist 52864 3000 3
persist 47000 3000 3
persist 53545 3000 3
persist 37770 2000 2
persist 54795 3000 3
persist 52804 3000 3
persist 52999 3000 3
persist 49394 3000 3
persist 46117 3000 3
persist 48468 3000 3
persist 48580 3000 3
persist 38915 2000 2
persist 53652 3000 3
write base data version: 55700, memory: 4129062912 bytes (3937.78 MB)
persist 54322 3000 3
persist 46296 3000 3
persist 54236 3000 3
persist 38926 2000 2
persist 54563 3000 3
persist 53673 3000 3
persist 53698 3000 3
persist 54567 3000 3
persist 58107 3000 3
persist 52526 3000 3
persist 51660 3000 3
persist 52242 3000 3
persist 51729 3000 3
persist 53043 3000 3
persist 53747 3000 3
persist 54217 3000 3
persist 50386 3000 3
persist 48169 3000 3
persist 45005 3000 3
persist 46798 3000 3
persist 51695 3000 3
persist 52801 3000 3
persist 54270 3000 3
persist 52674 3000 3
persist 53662 3000 3
persist 55158 3000 3
persist 56100 3000 3
persist 52885 3000 3
persist 51444 3000 3
persist 45185 3000 3
persist 45270 3000 3
persist 45516 3000 3
persist 47711 3000 3
persist 48776 3000 3
write base data version: 55800, memory: 4271558656 bytes (4073.68 MB)
persist 46112 3000 3
persist 45456 3000 3
persist 49871 3000 3
persist 52398 3000 3
persist 51263 3000 3
persist 51697 3000 3
persist 51373 3000 3
persist 45450 3000 3
persist 43722 3000 3
persist 47266 3000 3
persist 50737 3000 3
persist 50188 3000 3
persist 49212 3000 3
persist 49955 3000 3
persist 52128 3000 3
persist 53368 3000 3
persist 58983 3000 3
persist 60115 3000 3
persist 60058 3000 3
persist 60510 3000 3
persist 60033 3000 3
persist 59793 3000 3
persist 62665 3000 3
persist 61453 3000 3
persist 61787 3000 3
persist 57794 3000 3
persist 61088 3000 3
persist 60510 3000 3
persist 60054 3000 3
persist 58458 3000 3
persist 60360 3000 3
persist 59979 3000 3
persist 60010 3000 3
write base data version: 55900, memory: 4422074368 bytes (4217.22 MB)
persist 59187 3000 3
persist 53022 3000 3
persist 57710 3000 3
persist 60548 3000 3
persist 58153 3000 3
persist 59736 3000 3
persist 58243 3000 3
persist 59202 3000 3
persist 60675 3000 3
persist 56355 3000 3
persist 59064 3000 3
persist 53355 3000 3
persist 51171 3000 3
persist 58016 3000 3
persist 56355 3000 3
persist 55814 3000 3
persist 52418 3000 3
persist 60993 3000 3
persist 60568 3000 3
persist 62636 3000 3
persist 62936 3000 3
persist 64078 3000 3
persist 61281 3000 3
persist 56656 3000 3
persist 42088 2000 2
persist 59897 3000 3
persist 50667 3000 3
persist 60282 3000 3
persist 45068 2000 2
persist 62554 3000 3
persist 63724 3000 3
persist 59711 3000 3
persist 60921 3000 3
persist 58981 3000 3
write base data version: 56000, memory: 4571185152 bytes (4359.42 MB)
persist 60025 3000 3
persist 58354 3000 3
persist 57356 3000 3
persist 45888 2000 2
persist 63896 3000 3
persist 43789 2000 2
persist 60861 3000 3
persist 60343 3000 3
persist 59261 3000 3
persist 61630 3000 3
persist 58695 3000 3
persist 61692 3000 3
persist 62122 3000 3
persist 62099 3000 3
persist 62365 3000 3
persist 59555 3000 3
persist 62663 3000 3
persist 59190 3000 3
persist 60893 3000 3
persist 59771 3000 3
persist 61436 3000 3
persist 62199 3000 3
persist 83479 4000 4
persist 60518 3000 3
persist 58277 3000 3
persist 63001 3000 3
persist 58510 3000 3
persist 59136 3000 3
persist 61110 3000 3
persist 60416 3000 3
persist 59972 3000 3
persist 59110 3000 3
persist 58873 3000 3
persist 60486 3000 3
write base data version: 56100, memory: 4212293632 bytes (4017.16 MB)
persist 60570 3000 3
persist 61419 3000 3
persist 60273 3000 3
persist 60107 3000 3
persist 58375 3000 3
persist 58752 3000 3
persist 47269 3000 3
persist 45561 3000 3
persist 46983 3000 3
persist 45477 3000 3
persist 48982 3000 3
persist 54194 3000 3
persist 45585 3000 3
persist 45966 3000 3
persist 46188 3000 3
persist 44837 3000 3
persist 42255 3000 3
persist 45504 3000 3
persist 41879 3000 3
persist 44324 3000 3
persist 45443 3000 3
persist 45699 3000 3
persist 42841 3000 3
persist 46873 3000 3
persist 47535 3000 3
persist 50127 3000 3
persist 46734 3000 3
persist 49198 3000 3
persist 49405 3000 3
persist 50629 3000 3
persist 50504 3000 3
persist 52718 3000 3
persist 49259 3000 3
write base data version: 56200, memory: 4362407936 bytes (4160.32 MB)
persist 49674 3000 3
persist 49389 3000 3
persist 51785 3000 3
persist 49348 3000 3
persist 49940 3000 3
persist 49075 3000 3
persist 50148 3000 3
persist 49896 3000 3
persist 50243 3000 3
persist 50320 3000 3
persist 51089 3000 3
persist 51501 3000 3
persist 51733 3000 3
persist 49622 3000 3
persist 50812 3000 3
persist 49872 3000 3
persist 49868 3000 3
persist 50275 3000 3
persist 50343 3000 3
persist 49057 3000 3
persist 50102 3000 3
persist 50315 3000 3
persist 49306 3000 3
persist 49326 3000 3
persist 49203 3000 3
persist 50482 3000 3
persist 71855 4000 4
persist 49347 3000 3
persist 50654 3000 3
persist 50418 3000 3
persist 48509 3000 3
persist 47763 3000 3
persist 49686 3000 3
write base data version: 56300, memory: 4505399296 bytes (4296.68 MB)
persist 49919 3000 3
persist 66006 4000 4
persist 49607 3000 3
persist 49673 3000 3
persist 51002 3000 3
persist 50122 3000 3
persist 49695 3000 3
persist 50589 3000 3
persist 73641 4000 4
persist 50864 3000 3
persist 49289 3000 3
persist 48063 3000 3
persist 50475 3000 3
persist 51501 3000 3
persist 51432 3000 3
persist 51390 3000 3
persist 50977 3000 3
persist 49985 3000 3
persist 57464 3000 3
persist 56995 3000 3
persist 58258 3000 3
persist 54263 3000 3
persist 51996 3000 3
persist 48231 3000 3
persist 52562 3000 3
persist 52369 3000 3
persist 47948 3000 3
persist 47437 3000 3
persist 49242 3000 3
persist 49976 3000 3
persist 48058 3000 3
persist 46583 3000 3
persist 46880 3000 3
write base data version: 56400, memory: 4142612480 bytes (3950.70 MB)
persist 47116 3000 3
persist 43984 3000 3
persist 46451 3000 3
persist 42844 3000 3
persist 46856 3000 3
persist 43965 3000 3
persist 45264 3000 3
persist 47207 3000 3
persist 45746 3000 3
persist 51645 3000 3
persist 50887 3000 3
persist 48890 3000 3
persist 46930 3000 3
persist 53210 3000 3
persist 51411 3000 3
persist 48860 3000 3
persist 46442 3000 3
persist 52517 3000 3
persist 43159 3000 3
persist 41499 2000 2
persist 57608 3000 3
persist 57706 3000 3
persist 58090 3000 3
persist 57430 3000 3
persist 59028 3000 3
persist 52311 3000 3
persist 50542 3000 3
persist 53059 3000 3
persist 52243 3000 3
persist 51906 3000 3
persist 51309 3000 3
persist 52167 3000 3
persist 50868 3000 3
persist 52535 3000 3
write base data version: 56500, memory: 4287025152 bytes (4088.43 MB)
persist 52230 3000 3
persist 53511 3000 3
persist 36887 2000 2
persist 52755 3000 3
persist 49299 3000 3
persist 49889 3000 3
persist 49653 3000 3
persist 46644 3000 3
persist 48294 3000 3
persist 49793 3000 3
persist 48741 3000 3
persist 47542 3000 3
persist 51614 3000 3
persist 51009 3000 3
persist 47428 3000 3
persist 45881 3000 3
persist 50687 3000 3
persist 51330 3000 3
persist 55459 3000 3
persist 50645 3000 3
persist 46132 3000 3
persist 52057 3000 3
persist 51637 3000 3
persist 56617 3000 3
persist 51319 3000 3
persist 53076 3000 3
persist 51978 3000 3
persist 59253 3000 3
persist 57838 3000 3
persist 53425 3000 3
persist 53807 3000 3
persist 54284 3000 3
persist 51741 3000 3
write base data version: 56600, memory: 4442890240 bytes (4237.07 MB)
persist 53977 3000 3
persist 52766 3000 3
persist 60851 3000 3
persist 59719 3000 3
persist 61280 3000 3
persist 59776 3000 3
persist 62370 3000 3
persist 60846 3000 3
persist 63194 3000 3
persist 60126 3000 3
persist 58697 3000 3
persist 83061 4000 4
persist 59378 3000 3
persist 59551 3000 3
persist 59141 3000 3
persist 58763 3000 3
persist 59602 3000 3
persist 60653 3000 3
persist 88925 4000 4
persist 60006 3000 3
persist 61024 3000 3
persist 59256 3000 3
persist 55854 3000 3
persist 58580 3000 3
persist 60534 3000 3
persist 60502 3000 3
persist 89627 4000 4
persist 58430 3000 3
persist 54069 3000 3
persist 52897 3000 3
persist 52396 3000 3
persist 50781 3000 3
persist 51029 3000 3
write base data version: 56700, memory: 4585918464 bytes (4373.47 MB)
persist 51519 3000 3
persist 53965 3000 3
persist 53249 3000 3
persist 54169 3000 3
persist 49203 3000 3
persist 47344 3000 3
persist 45196 3000 3
persist 46151 3000 3
persist 44019 3000 3
persist 47042 3000 3
persist 54716 3000 3
persist 50284 3000 3
persist 72786 3000 3
persist 49698 3000 3
persist 52673 3000 3
persist 52254 3000 3
persist 52410 3000 3
persist 49944 3000 3
persist 49641 3000 3
persist 45866 3000 3
persist 42945 3000 3
persist 42231 3000 3
persist 45984 3000 3
persist 45837 3000 3
persist 43670 3000 3
persist 41565 3000 3
persist 44054 3000 3
persist 46426 3000 3
persist 44670 3000 3
persist 43177 3000 3
persist 47924 3000 3
persist 50040 3000 3
persist 47473 3000 3
write base data version: 56800, memory: 4215881728 bytes (4020.58 MB)
persist 46079 3000 3
persist 45008 3000 3
persist 42885 3000 3
persist 46015 3000 3
persist 46768 3000 3
persist 47555 3000 3
persist 49840 3000 3
persist 51334 3000 3
persist 35985 2000 2
persist 52850 3000 3
persist 51677 3000 3
persist 52475 3000 3
persist 52958 3000 3
persist 50710 3000 3
persist 50065 3000 3
persist 49638 3000 3
persist 49728 3000 3
persist 69442 4000 4
persist 50872 3000 3
persist 52121 3000 3
persist 53265 3000 3
persist 53301 3000 3
persist 53649 3000 3
persist 53972 3000 3
persist 53509 3000 3
persist 50022 3000 3
persist 50032 3000 3
persist 50568 3000 3
persist 50765 3000 3
persist 51083 3000 3
persist 50967 3000 3
persist 50467 3000 3
persist 50464 3000 3
write base data version: 56900, memory: 4358848512 bytes (4156.92 MB)
persist 51273 3000 3
persist 50701 3000 3
persist 50929 3000 3
persist 51022 3000 3
persist 47203 3000 3
persist 44868 3000 3
persist 45592 3000 3
persist 48045 3000 3
persist 48392 3000 3
persist 47796 3000 3
persist 50085 3000 3
persist 49459 3000 3
persist 47720 3000 3
persist 48399 3000 3
persist 49426 3000 3
persist 49516 3000 3
persist 48580 3000 3
persist 48955 3000 3
persist 50599 3000 3
persist 49927 3000 3
persist 49898 3000 3
persist 50733 3000 3
persist 50228 3000 3
persist 49588 3000 3
persist 49665 3000 3
persist 50042 3000 3
persist 51419 3000 3
persist 49123 3000 3
persist 49001 3000 3
persist 49324 3000 3
persist 50749 3000 3
persist 52435 3000 3
persist 49468 3000 3
persist 47694 3000 3
write base data version: 57000, memory: 4501913600 bytes (4293.36 MB)
persist 50317 3000 3
persist 51498 3000 3
persist 41808 3000 3
persist 44543 3000 3
persist 50868 3000 3
persist 45088 3000 3
persist 44863 3000 3
persist 48797 3000 3
persist 50102 3000 3
persist 49398 3000 3
persist 48106 3000 3
persist 51575 3000 3
persist 51461 3000 3
persist 50388 3000 3
persist 46645 3000 3
persist 50173 3000 3
persist 50316 3000 3
persist 49612 3000 3
persist 51396 3000 3
persist 48503 3000 3
persist 45350 3000 3
persist 44309 3000 3
persist 46826 3000 3
persist 47787 3000 3
persist 48087 3000 3
persist 36040 2000 2
persist 51005 3000 3
persist 50094 3000 3
persist 51043 3000 3
persist 48785 3000 3
persist 43854 3000 3
persist 44185 3000 3
persist 43088 3000 3
persist 37234 2000 2
write base data version: 57100, memory: 4133011456 bytes (3941.55 MB)
persist 51243 3000 3
persist 51937 3000 3
persist 51542 3000 3
persist 50480 3000 3
persist 50524 3000 3
persist 46106 3000 3
persist 53963 3000 3
persist 52123 3000 3
persist 51822 3000 3
persist 44703 3000 3
persist 47764 3000 3
persist 51394 3000 3
persist 45689 3000 3
persist 46745 3000 3
persist 49116 3000 3
persist 48644 3000 3
persist 38203 2000 2
persist 53370 3000 3
persist 52196 3000 3
persist 53169 3000 3
persist 51527 3000 3
persist 51848 3000 3
persist 53532 3000 3
persist 51991 3000 3
persist 53993 3000 3
persist 53199 3000 3
persist 51141 3000 3
persist 53203 3000 3
persist 51927 3000 3
persist 50526 3000 3
persist 51805 3000 3
persist 51918 3000 3
persist 51463 3000 3
write base data version: 57200, memory: 4275728384 bytes (4077.65 MB)
persist 45803 3000 3
persist 44268 3000 3
persist 52189 3000 3
persist 53159 3000 3
persist 53127 3000 3
persist 50459 3000 3
persist 52316 3000 3
persist 54062 3000 3
persist 51529 3000 3
persist 48404 3000 3
persist 55803 3000 3
persist 39936 2000 2
persist 56632 3000 3
persist 55482 3000 3
persist 49266 3000 3
persist 55773 3000 3
persist 57411 3000 3
persist 57668 3000 3
persist 57695 3000 3
persist 59686 3000 3
persist 58113 3000 3
persist 58633 3000 3
persist 57260 3000 3
persist 58867 3000 3
persist 59719 3000 3
persist 50903 3000 3
persist 56323 3000 3
persist 45015 2000 2
persist 63121 3000 3
persist 59056 3000 3
persist 58233 3000 3
persist 58201 3000 3
persist 56188 3000 3
persist 46391 3000 3
persist 42702 2000 2
write base data version: 57300, memory: 4408819712 bytes (4204.58 MB)
persist 58713 3000 3
persist 58308 3000 3
persist 58335 3000 3
persist 59157 3000 3
persist 51788 3000 3
persist 51633 3000 3
persist 50292 3000 3
persist 43045 3000 3
persist 46796 3000 3
persist 48907 3000 3
persist 37163 2000 2
persist 51862 3000 3
persist 53122 3000 3
persist 51161 3000 3
persist 47102 3000 3
persist 46749 3000 3
persist 54442 3000 3
persist 37380 2000 2
persist 52525 3000 3
persist 55099 3000 3
persist 54521 3000 3
persist 51593 3000 3
persist 47995 3000 3
persist 52478 3000 3
persist 37404 2000 2
persist 51441 3000 3
persist 54036 3000 3
persist 43847 3000 3
persist 54635 3000 3
persist 37809 2000 2
persist 51254 3000 3
persist 50681 3000 3
persist 50770 3000 3
persist 50764 3000 3
write base data version: 57400, memory: 4555243520 bytes (4344.22 MB)
persist 51536 3000 3
persist 51940 3000 3
persist 52184 3000 3
persist 52252 3000 3
persist 52715 3000 3
persist 53464 3000 3
persist 52853 3000 3
persist 51198 3000 3
persist 46272 3000 3
persist 49245 3000 3
persist 51387 3000 3
persist 49934 3000 3
persist 50542 3000 3
persist 48759 3000 3
persist 46168 3000 3
persist 49224 3000 3
persist 50723 3000 3
persist 36662 2000 2
persist 54423 3000 3
persist 58778 3000 3
persist 58865 3000 3
persist 58758 3000 3
persist 56853 3000 3
persist 56840 3000 3
persist 58130 3000 3
persist 57406 3000 3
persist 55895 3000 3
persist 56241 3000 3
persist 57014 3000 3
persist 58584 3000 3
persist 84429 4000 4
persist 57894 3000 3
persist 58359 3000 3
persist 57336 3000 3
write base data version: 57500, memory: 4185726976 bytes (3991.82 MB)
persist 56641 3000 3
persist 56150 3000 3
persist 58055 3000 3
persist 57702 3000 3
persist 84704 4000 4
persist 57359 3000 3
persist 58117 3000 3
persist 57634 3000 3
persist 57901 3000 3
persist 59070 3000 3
persist 55769 3000 3
persist 57606 3000 3
persist 57838 3000 3
persist 57343 3000 3
persist 57325 3000 3
persist 81776 4000 4
persist 58565 3000 3
persist 59559 3000 3
persist 57634 3000 3
persist 58294 3000 3
persist 58623 3000 3
persist 50345 3000 3
persist 50726 3000 3
persist 52656 3000 3
persist 50662 3000 3
persist 51144 3000 3
persist 52505 3000 3
persist 52076 3000 3
persist 51621 3000 3
persist 51265 3000 3
persist 53240 3000 3
persist 52908 3000 3
write base data version: 57600, memory: 4328779776 bytes (4128.25 MB)
persist 52678 3000 3
persist 48113 3000 3
persist 47254 3000 3
persist 47124 3000 3
persist 45006 3000 3
persist 43205 3000 3
persist 41368 3000 3
persist 42169 3000 3
persist 42205 3000 3
persist 41086 3000 3
persist 43869 3000 3
persist 44764 3000 3
persist 49161 3000 3
persist 35592 2000 2
persist 50932 3000 3
persist 49813 3000 3
persist 50372 3000 3
persist 47740 3000 3
persist 41770 3000 3
persist 40913 3000 3
persist 41320 3000 3
persist 42304 3000 3
persist 48020 3000 3
persist 47116 3000 3
persist 42464 3000 3
persist 43463 3000 3
persist 45274 3000 3
persist 49095 3000 3
persist 49906 3000 3
persist 51015 3000 3
persist 50589 3000 3
persist 52349 3000 3
persist 52749 3000 3
persist 53101 3000 3
write base data version: 57700, memory: 4471554048 bytes (4264.41 MB)
persist 50392 3000 3
persist 50259 3000 3
persist 50075 3000 3
persist 50076 3000 3
persist 49473 3000 3
persist 48966 3000 3
persist 51542 3000 3
persist 48476 3000 3
persist 51503 3000 3
persist 51852 3000 3
persist 50155 3000 3
persist 52499 3000 3
persist 73507 4000 4
persist 51540 3000 3
persist 51697 3000 3
persist 52260 3000 3
persist 51191 3000 3
persist 49213 3000 3
persist 49719 3000 3
persist 50084 3000 3
persist 49681 3000 3
persist 51760 3000 3
persist 52207 3000 3
persist 52856 3000 3
persist 52536 3000 3
persist 53538 3000 3
persist 53160 3000 3
persist 52823 3000 3
persist 51003 3000 3
persist 45506 3000 3
persist 44143 3000 3
persist 49896 3000 3
persist 49867 3000 3
write base data version: 57800, memory: 4615950336 bytes (4402.11 MB)
persist 49931 3000 3
persist 49755 3000 3
persist 53496 3000 3
persist 36685 2000 2
persist 58236 3000 3
persist 58101 3000 3
persist 55662 3000 3
persist 52353 3000 3
persist 52933 3000 3
persist 52063 3000 3
persist 54244 3000 3
persist 54645 3000 3
persist 42671 2000 2
persist 52934 3000 3
persist 54418 3000 3
persist 52144 3000 3
persist 44276 3000 3
persist 47951 3000 3
persist 37341 2000 2
persist 52480 3000 3
persist 54193 3000 3
persist 53767 3000 3
persist 49631 3000 3
persist 48584 3000 3
persist 38978 2000 2
persist 53036 3000 3
persist 54864 3000 3
persist 53149 3000 3
persist 49251 3000 3
persist 40893 2000 2
persist 52911 3000 3
persist 53606 3000 3
persist 49276 3000 3
persist 50469 3000 3
persist 38834 2000 2
write base data version: 57900, memory: 4252717056 bytes (4055.71 MB)
persist 52603 3000 3
persist 53733 3000 3
persist 53807 3000 3
persist 44361 3000 3
persist 47405 3000 3
persist 41733 2000 2
persist 60477 3000 3
persist 59392 3000 3
persist 58163 3000 3
persist 56962 3000 3
persist 53712 3000 3
persist 44613 3000 3
persist 54549 3000 3
persist 38420 2000 2
persist 54414 3000 3
persist 54428 3000 3
persist 51507 3000 3
persist 51156 3000 3
persist 47885 3000 3
persist 49220 3000 3
persist 48054 3000 3
persist 50000 3000 3
persist 59281 3000 3
persist 57619 3000 3
persist 58197 3000 3
persist 56911 3000 3
persist 57700 3000 3
persist 57815 3000 3
persist 56740 3000 3
persist 55529 3000 3
persist 58437 3000 3
persist 57840 3000 3
persist 57610 3000 3
persist 57614 3000 3
write base data version: 58000, memory: 4392857600 bytes (4189.36 MB)
persist 84818 4000 4
persist 53345 3000 3
persist 51858 3000 3
persist 51190 3000 3
persist 51914 3000 3
persist 43148 3000 3
persist 52274 3000 3
persist 52007 3000 3
persist 57895 3000 3
persist 59818 3000 3
persist 57671 3000 3
persist 59054 3000 3
persist 58516 3000 3
persist 51417 3000 3
persist 50032 3000 3
persist 51100 3000 3
persist 48244 3000 3
persist 46529 3000 3
persist 44938 3000 3
persist 44984 3000 3
persist 44260 3000 3
persist 44630 3000 3
persist 49683 3000 3
persist 53309 3000 3
persist 38039 2000 2
persist 53070 3000 3
persist 52442 3000 3
persist 51149 3000 3
persist 52997 3000 3
persist 53193 3000 3
persist 51845 3000 3
persist 50102 3000 3
persist 51623 3000 3
persist 57999 3000 3
write base data version: 58100, memory: 4551245824 bytes (4340.41 MB)
persist 48282 3000 3
persist 43941 3000 3
persist 45993 3000 3
persist 47715 3000 3
persist 43174 3000 3
persist 51300 3000 3
persist 37291 2000 2
persist 53454 3000 3
persist 55257 3000 3
persist 50166 3000 3
persist 46129 3000 3
persist 50460 3000 3
persist 38815 2000 2
persist 60966 3000 3
persist 60802 3000 3
persist 60380 3000 3
persist 57562 3000 3
persist 57067 3000 3
persist 58228 3000 3
persist 60710 3000 3
persist 56079 3000 3
persist 47848 3000 3
persist 58198 3000 3
persist 49056 3000 3
persist 43494 3000 3
persist 45187 3000 3
persist 51037 3000 3
persist 45146 3000 3
persist 47995 3000 3
persist 35842 2000 2
persist 45086 3000 3
persist 46042 3000 3
persist 46054 3000 3
persist 43377 3000 3
write base data version: 58200, memory: 4183998464 bytes (3990.17 MB)
persist 42335 3000 3
persist 45598 3000 3
persist 44953 3000 3
persist 46110 3000 3
persist 41298 3000 3
persist 45623 3000 3
persist 42433 3000 3
persist 42085 3000 3
persist 47705 3000 3
persist 47812 3000 3
persist 51187 3000 3
persist 50070 3000 3
persist 51340 3000 3
persist 51744 3000 3
persist 51611 3000 3
persist 51393 3000 3
persist 49607 3000 3
persist 52956 3000 3
persist 54540 3000 3
persist 51824 3000 3
persist 51567 3000 3
persist 70203 4000 4
persist 52576 3000 3
persist 51734 3000 3
persist 52030 3000 3
persist 49851 3000 3
persist 48460 3000 3
persist 47264 3000 3
persist 49662 3000 3
persist 71425 4000 4
persist 48345 3000 3
persist 49617 3000 3
persist 51508 3000 3
write base data version: 58300, memory: 4326961152 bytes (4126.51 MB)
persist 50017 3000 3
persist 51980 3000 3
persist 51060 3000 3
persist 68004 4000 4
persist 52630 3000 3
persist 52273 3000 3
persist 51570 3000 3
persist 49044 3000 3
persist 56854 3000 3
persist 68130 4000 4
persist 49205 3000 3
persist 48792 3000 3
persist 50731 3000 3
persist 49038 3000 3
persist 47102 3000 3
persist 49088 3000 3
persist 48819 3000 3
persist 48289 3000 3
persist 70370 4000 4
persist 51703 3000 3
persist 48435 3000 3
persist 48944 3000 3
persist 49602 3000 3
persist 50812 3000 3
persist 49523 3000 3
persist 48287 3000 3
persist 47031 3000 3
persist 49773 3000 3
persist 49746 3000 3
persist 70620 4000 4
persist 48980 3000 3
persist 50253 3000 3
write base data version: 58400, memory: 4469821440 bytes (4262.75 MB)
persist 50049 3000 3
persist 50088 3000 3
persist 51123 3000 3
persist 48173 3000 3
persist 47544 3000 3
persist 48606 3000 3
persist 48034 3000 3
persist 52983 3000 3
persist 48869 3000 3
persist 71232 4000 4
persist 51100 3000 3
persist 50047 3000 3
persist 51547 3000 3
persist 51738 3000 3
persist 51194 3000 3
persist 51419 3000 3
persist 49778 3000 3
persist 49242 3000 3
persist 50104 3000 3
persist 48275 3000 3
persist 47644 3000 3
persist 47875 3000 3
persist 49108 3000 3
persist 49712 3000 3
persist 50490 3000 3
persist 49689 3000 3
persist 49188 3000 3
persist 49106 3000 3
persist 49135 3000 3
persist 53963 3000 3
persist 53065 3000 3
persist 74645 4000 4
write base data version: 58500, memory: 4612407296 bytes (4398.73 MB)
persist 50791 3000 3
persist 50769 3000 3
persist 53059 3000 3
persist 52905 3000 3
persist 49053 3000 3
persist 49108 3000 3
persist 51569 3000 3
persist 60026 3000 3
persist 60928 3000 3
persist 83754 4000 4
persist 62260 3000 3
persist 58292 3000 3
persist 59175 3000 3
persist 58460 3000 3
persist 72798 4000 4
persist 58681 3000 3
persist 56585 3000 3
persist 57163 3000 3
persist 58591 3000 3
persist 80845 4000 4
persist 57736 3000 3
persist 59276 3000 3
persist 59590 3000 3
persist 58186 3000 3
persist 60311 3000 3
persist 60025 3000 3
persist 61505 3000 3
persist 60282 3000 3
persist 61931 3000 3
persist 59445 3000 3
persist 90373 4000 4
persist 57631 3000 3
write base data version: 58600, memory: 4243591168 bytes (4047.00 MB)
persist 60250 3000 3
persist 60941 3000 3
persist 58741 3000 3
persist 61064 3000 3
persist 60984 3000 3
persist 61466 3000 3
persist 61991 3000 3
persist 57007 3000 3
persist 59353 3000 3
persist 60242 3000 3
persist 56429 3000 3
persist 56759 3000 3
persist 56688 3000 3
persist 57297 3000 3
persist 59669 3000 3
persist 60240 3000 3
persist 59350 3000 3
persist 57752 3000 3
persist 58923 3000 3
persist 58128 3000 3
persist 58332 3000 3
persist 58830 3000 3
persist 60762 3000 3
persist 60958 3000 3
persist 59168 3000 3
persist 61796 3000 3
persist 62418 3000 3
persist 63277 3000 3
persist 60302 3000 3
persist 60741 3000 3
persist 55208 3000 3
persist 56335 3000 3
persist 51051 3000 3
persist 53720 3000 3
write base data version: 58700, memory: 4371578880 bytes (4169.06 MB)
persist 51170 3000 3
persist 51786 3000 3
persist 51788 3000 3
persist 50851 3000 3
persist 51440 3000 3
persist 52816 3000 3
persist 52540 3000 3
persist 50557 3000 3
persist 50163 3000 3
persist 50418 3000 3
persist 51510 3000 3
persist 50125 3000 3
persist 49432 3000 3
persist 50338 3000 3
persist 51507 3000 3
persist 52327 3000 3
persist 50879 3000 3
persist 51019 3000 3
persist 51403 3000 3
persist 51175 3000 3
persist 52453 3000 3
persist 52628 3000 3
persist 52733 3000 3
persist 50180 3000 3
persist 52115 3000 3
persist 51786 3000 3
persist 48443 3000 3
persist 43355 3000 3
persist 46248 3000 3
persist 50860 3000 3
persist 51316 3000 3
persist 50604 3000 3
persist 50904 3000 3
write base data version: 58800, memory: 4514390016 bytes (4305.26 MB)
persist 51718 3000 3
persist 51032 3000 3
persist 52097 3000 3
persist 52313 3000 3
persist 50338 3000 3
persist 51093 3000 3
persist 54326 3000 3
persist 53899 3000 3
persist 52527 3000 3
persist 51968 3000 3
persist 50970 3000 3
persist 53585 3000 3
persist 72769 4000 4
persist 53406 3000 3
persist 52331 3000 3
persist 53623 3000 3
persist 50812 3000 3
persist 50479 3000 3
persist 52257 3000 3
persist 55067 3000 3
persist 78001 4000 4
persist 53417 3000 3
persist 53470 3000 3
persist 52571 3000 3
persist 54063 3000 3
persist 49729 3000 3
persist 49833 3000 3
persist 50033 3000 3
persist 50310 3000 3
persist 51968 3000 3
persist 52884 3000 3
persist 52943 3000 3
persist 53859 3000 3
write base data version: 58900, memory: 4662497280 bytes (4446.50 MB)
persist 52928 3000 3
persist 52276 3000 3
persist 53060 3000 3
persist 51957 3000 3
persist 53209 3000 3
persist 50753 3000 3
persist 51642 3000 3
persist 51183 3000 3
persist 52020 3000 3
persist 51687 3000 3
persist 51392 3000 3
persist 52513 3000 3
persist 51754 3000 3
persist 53506 3000 3
persist 54163 3000 3
persist 54901 3000 3
persist 50641 3000 3
persist 51738 3000 3
persist 51778 3000 3
persist 55463 3000 3
persist 59195 3000 3
persist 53597 3000 3
persist 50481 3000 3
persist 48872 3000 3
persist 49659 3000 3
persist 51141 3000 3
persist 49568 3000 3
persist 51406 3000 3
persist 72700 4000 4
persist 52256 3000 3
persist 53681 3000 3
persist 52631 3000 3
persist 51641 3000 3
write base data version: 59000, memory: 4288585728 bytes (4089.91 MB)
persist 52568 3000 3
persist 53380 3000 3
persist 54798 3000 3
persist 54016 3000 3
persist 51953 3000 3
persist 49895 3000 3
persist 49040 3000 3
persist 45386 3000 3
persist 45617 3000 3
persist 50070 3000 3
persist 51925 3000 3
persist 51187 3000 3
persist 52173 3000 3
persist 50512 3000 3
persist 51026 3000 3
persist 48120 3000 3
persist 46515 3000 3
persist 48004 3000 3
persist 46847 3000 3
persist 44593 3000 3
persist 45963 3000 3
persist 49660 3000 3
persist 51397 3000 3
persist 52560 3000 3
persist 52228 3000 3
persist 52260 3000 3
persist 57780 3000 3
persist 60879 3000 3
persist 88510 4000 4
persist 61105 3000 3
persist 60816 3000 3
persist 52676 3000 3
persist 53106 3000 3
write base data version: 59100, memory: 4431376384 bytes (4226.09 MB)
persist 54761 3000 3
persist 54809 3000 3
persist 54543 3000 3
persist 53946 3000 3
persist 51878 3000 3
persist 72953 4000 4
persist 51660 3000 3
persist 52256 3000 3
persist 53352 3000 3
persist 53887 3000 3
persist 53040 3000 3
persist 53375 3000 3
persist 54073 3000 3
persist 52843 3000 3
persist 53403 3000 3
persist 52943 3000 3
persist 53121 3000 3
persist 53819 3000 3
persist 53260 3000 3
persist 51193 3000 3
persist 49584 3000 3
persist 50258 3000 3
persist 53362 3000 3
persist 53720 3000 3
persist 51127 3000 3
persist 53047 3000 3
persist 51483 3000 3
persist 50025 3000 3
persist 50235 3000 3
persist 73268 4000 4
persist 51767 3000 3
persist 52222 3000 3
write base data version: 59200, memory: 4531273728 bytes (4321.36 MB)
persist 50695 3000 3
persist 49030 3000 3
persist 51387 3000 3
persist 53337 3000 3
persist 52495 3000 3
persist 51823 3000 3
persist 51888 3000 3
persist 53859 3000 3
persist 52760 3000 3
persist 52247 3000 3
persist 54226 3000 3
persist 54885 3000 3
persist 52866 3000 3
persist 53745 3000 3
persist 50010 3000 3
persist 47776 3000 3
persist 45580 3000 3
persist 45263 3000 3
persist 45880 3000 3
persist 56770 3000 3
persist 45315 2000 2
persist 59317 3000 3
persist 58134 3000 3
persist 56978 3000 3
persist 56797 3000 3
persist 58327 3000 3
persist 50908 3000 3
persist 51226 3000 3
persist 52918 3000 3
persist 52099 3000 3
persist 51970 3000 3
persist 51064 3000 3
persist 53783 3000 3
persist 53422 3000 3
write base data version: 59300, memory: 4160729088 bytes (3967.98 MB)
persist 59620 3000 3
persist 60783 3000 3
persist 56114 3000 3
persist 51613 3000 3
persist 52789 3000 3
persist 53360 3000 3
persist 53147 3000 3
persist 53161 3000 3
persist 52167 3000 3
persist 53962 3000 3
persist 51252 3000 3
persist 49814 3000 3
persist 52935 3000 3
persist 46549 3000 3
persist 45070 3000 3
persist 47636 3000 3
persist 54668 3000 3
persist 52625 3000 3
persist 52358 3000 3
persist 52469 3000 3
persist 52292 3000 3
persist 53350 3000 3
persist 52978 3000 3
persist 52819 3000 3
persist 53257 3000 3
persist 59303 3000 3
persist 54378 3000 3
persist 54931 3000 3
persist 53700 3000 3
persist 75514 4000 4
persist 53770 3000 3
persist 51359 3000 3
persist 50929 3000 3
write base data version: 59400, memory: 4303298560 bytes (4103.95 MB)
persist 52779 3000 3
persist 54700 3000 3
persist 62509 3000 3
persist 61801 3000 3
persist 62687 3000 3
persist 62432 3000 3
persist 87971 4000 4
persist 59058 3000 3
persist 59721 3000 3
persist 58130 3000 3
persist 60878 3000 3
persist 61813 3000 3
persist 62103 3000 3
persist 59720 3000 3
persist 61185 3000 3
persist 53997 3000 3
persist 52697 3000 3
persist 61598 3000 3
persist 54773 3000 3
persist 53137 3000 3
persist 53154 3000 3
persist 53281 3000 3
persist 52308 3000 3
persist 51343 3000 3
persist 53047 3000 3
persist 52276 3000 3
persist 51410 3000 3
persist 51850 3000 3
persist 52346 3000 3
persist 53479 3000 3
persist 50911 3000 3
persist 50194 3000 3
persist 52717 3000 3
write base data version: 59500, memory: 4431384576 bytes (4226.10 MB)
persist 51385 3000 3
persist 49871 3000 3
persist 50690 3000 3
persist 50229 3000 3
persist 50235 3000 3
persist 50465 3000 3
persist 52624 3000 3
persist 50284 3000 3
persist 50961 3000 3
persist 49764 3000 3
persist 49651 3000 3
persist 50923 3000 3
persist 50792 3000 3
persist 49902 3000 3
persist 49689 3000 3
persist 51843 3000 3
persist 49717 3000 3
persist 50401 3000 3
persist 53686 3000 3
persist 53312 3000 3
persist 52437 3000 3
persist 52885 3000 3
persist 76654 4000 4
persist 51336 3000 3
persist 50845 3000 3
persist 53110 3000 3
persist 50675 3000 3
persist 50294 3000 3
persist 51990 3000 3
persist 51018 3000 3
persist 50834 3000 3
persist 52437 3000 3
persist 51128 3000 3
write base data version: 59600, memory: 4574076928 bytes (4362.18 MB)
persist 51570 3000 3
persist 49372 3000 3
persist 49662 3000 3
persist 48970 3000 3
persist 43882 3000 3
persist 46856 3000 3
persist 47167 3000 3
persist 46180 3000 3
persist 45403 3000 3
persist 51456 3000 3
persist 50721 3000 3
persist 58865 3000 3
persist 58416 3000 3
persist 57652 3000 3
persist 58122 3000 3
persist 57643 3000 3
persist 59434 3000 3
persist 56608 3000 3
persist 58559 3000 3
persist 83164 4000 4
persist 58114 3000 3
persist 56520 3000 3
persist 57993 3000 3
persist 80001 4000 4
persist 50395 3000 3
persist 51061 3000 3
persist 50837 3000 3
persist 49832 3000 3
persist 47289 3000 3
persist 46830 3000 3
persist 50628 3000 3
persist 50316 3000 3
write base data version: 59700, memory: 4205387776 bytes (4010.57 MB)
persist 72917 4000 4
persist 49233 3000 3
persist 50185 3000 3
persist 52512 3000 3
persist 53752 3000 3
persist 51317 3000 3
persist 51710 3000 3
persist 50818 3000 3
persist 50073 3000 3
persist 50098 3000 3
persist 49584 3000 3
persist 49221 3000 3
persist 48855 3000 3
persist 52001 3000 3
persist 50862 3000 3
persist 50936 3000 3
persist 49884 3000 3
persist 52945 3000 3
persist 53246 3000 3
persist 51360 3000 3
persist 73017 4000 4
persist 49359 3000 3
persist 51649 3000 3
persist 52536 3000 3
persist 52546 3000 3
persist 53085 3000 3
persist 53762 3000 3
persist 54810 3000 3
persist 54153 3000 3
persist 49917 3000 3
persist 49697 3000 3
persist 49677 3000 3
persist 51576 3000 3
write base data version: 59800, memory: 4348268544 bytes (4146.83 MB)
persist 51859 3000 3
persist 50115 3000 3
persist 51306 3000 3
persist 52283 3000 3
persist 51180 3000 3
persist 51251 3000 3
persist 51886 3000 3
persist 50309 3000 3
persist 49918 3000 3
persist 50291 3000 3
persist 51523 3000 3
persist 52759 3000 3
persist 50983 3000 3
persist 49558 3000 3
persist 49464 3000 3
persist 50009 3000 3
persist 51825 3000 3
persist 52636 3000 3
persist 52620 3000 3
persist 50595 3000 3
persist 70878 4000 4
persist 48066 3000 3
persist 46430 3000 3
persist 52263 3000 3
persist 51689 3000 3
persist 49631 3000 3
persist 48981 3000 3
persist 50616 3000 3
persist 49329 3000 3
persist 44291 3000 3
persist 43905 3000 3
persist 47247 3000 3
persist 49713 3000 3
write base data version: 59900, memory: 4491390976 bytes (4283.32 MB)
persist 49443 3000 3
persist 47792 3000 3
persist 51292 3000 3
persist 50683 3000 3
persist 50214 3000 3
persist 50008 3000 3
persist 49860 3000 3
persist 51381 3000 3
persist 71523 4000 4
persist 49034 3000 3
persist 50350 3000 3
persist 50091 3000 3
persist 48458 3000 3
persist 48206 3000 3
persist 51628 3000 3
persist 71221 4000 4
persist 53170 3000 3
persist 52815 3000 3
persist 51892 3000 3
persist 50254 3000 3
persist 51755 3000 3
persist 52876 3000 3
persist 66655 4000 4
persist 50124 3000 3
persist 51685 3000 3
persist 51641 3000 3
persist 57562 3000 3
persist 57578 3000 3
persist 46141 3000 3
persist 56963 3000 3
persist 56825 3000 3
persist 42493 2000 2
persist 57843 3000 3
write base data version: 60000, memory: 4637454336 bytes (4422.62 MB)
persist 58159 3000 3
persist 52061 3000 3
persist 62743 3000 3
persist 52729 3000 3
persist 51994 3000 3
persist 52439 3000 3
persist 53280 3000 3
persist 52259 3000 3
persist 53146 3000 3
persist 52498 3000 3
persist 52488 3000 3
persist 51974 3000 3
persist 50496 3000 3
persist 52161 3000 3
persist 52804 3000 3
persist 51934 3000 3
persist 50771 3000 3
persist 53745 3000 3
persist 53828 3000 3
persist 47838 3000 3
persist 46385 3000 3
persist 53135 3000 3
persist 52103 3000 3
persist 52718 3000 3
persist 50924 3000 3
persist 50394 3000 3
persist 50948 3000 3
persist 49945 3000 3
persist 53743 3000 3
persist 50799 3000 3
persist 51675 3000 3
persist 47245 3000 3
persist 42679 3000 3
write base data version: 60100, memory: 4263706624 bytes (4066.19 MB)
persist 44567 3000 3
persist 52679 3000 3
persist 50701 3000 3
persist 45321 3000 3
persist 46108 3000 3
persist 46352 3000 3
persist 45526 3000 3
persist 48331 3000 3
persist 48901 3000 3
persist 49146 3000 3
persist 49709 3000 3
persist 52277 3000 3
persist 43795 2000 2
persist 52684 3000 3
persist 53044 3000 3
persist 53220 3000 3
persist 53923 3000 3
persist 50287 3000 3
persist 50214 3000 3
persist 51400 3000 3
persist 43637 3000 3
persist 44031 3000 3
persist 47105 3000 3
persist 35917 2000 2
persist 50502 3000 3
persist 50949 3000 3
persist 50291 3000 3
persist 50689 3000 3
persist 51116 3000 3
persist 51261 3000 3
persist 52389 3000 3
persist 40447 3000 3
persist 36032 3000 3
persist 36040 3000 3
write base data version: 60200, memory: 4391419904 bytes (4187.98 MB)
persist 34880 3000 3
persist 34485 3000 3
persist 34631 3000 3
persist 34073 3000 3
persist 38018 3000 3
persist 35236 3000 3
persist 34501 3000 3
persist 34925 3000 3
persist 48250 3000 3
persist 51736 3000 3
persist 58644 3000 3
persist 52339 3000 3
persist 60929 3000 3
persist 60202 3000 3
persist 60368 3000 3
persist 59002 3000 3
persist 58867 3000 3
persist 58554 3000 3
persist 60693 3000 3
persist 58805 3000 3
persist 59734 3000 3
persist 80013 4000 4
persist 61580 3000 3
persist 55505 3000 3
persist 61259 3000 3
persist 61087 3000 3
persist 59160 3000 3
persist 59840 3000 3
persist 60225 3000 3
persist 89004 4000 4
persist 58806 3000 3
persist 60587 3000 3
persist 60745 3000 3
write base data version: 60300, memory: 4534194176 bytes (4324.14 MB)
persist 60843 3000 3
persist 61117 3000 3
persist 58367 3000 3
persist 59777 3000 3
persist 59080 3000 3
persist 60963 3000 3
persist 63488 3000 3
persist 60348 3000 3
persist 59251 3000 3
persist 62652 3000 3
persist 58851 3000 3
persist 55257 3000 3
persist 49715 3000 3
persist 59319 3000 3
persist 55767 3000 3
persist 90791 5000 5
persist 127232 7000 7
persist 139641 8000 8
persist 170516 9000 9
persist 192034 9000 9
persist 205298 10000 10
write base data version: 60400, memory: 4687253504 bytes (4470.11 MB)
persist 194055 9000 9
persist 94037 5000 5
persist 58170 3000 3
persist 58533 3000 3
persist 58431 3000 3
persist 56931 3000 3
persist 73864 4000 4
persist 51094 3000 3
persist 51252 3000 3
persist 52867 3000 3
persist 48801 3000 3
persist 44284 3000 3
persist 44304 3000 3
persist 47432 3000 3
persist 47358 3000 3
persist 44753 3000 3
persist 44070 3000 3
persist 50373 3000 3
persist 48683 3000 3
persist 49791 3000 3
persist 51926 3000 3
persist 49316 3000 3
persist 51006 3000 3
persist 53366 3000 3
persist 49288 3000 3
persist 49987 3000 3
persist 74168 4000 4
persist 51360 3000 3
persist 50763 3000 3
persist 50818 3000 3
persist 50531 3000 3
persist 51621 3000 3
write base data version: 60500, memory: 4311928832 bytes (4112.18 MB)
persist 50748 3000 3
persist 51155 3000 3
persist 50439 3000 3
persist 75120 4000 4
persist 49608 3000 3
persist 50542 3000 3
persist 50674 3000 3
persist 50400 3000 3
persist 50939 3000 3
persist 48846 3000 3
persist 50556 3000 3
persist 50292 3000 3
persist 51678 3000 3
persist 48634 3000 3
persist 48404 3000 3
persist 49136 3000 3
persist 50759 3000 3
persist 72304 4000 4
persist 49882 3000 3
persist 48892 3000 3
persist 49968 3000 3
persist 49638 3000 3
persist 50193 3000 3
persist 49533 3000 3
persist 48135 3000 3
persist 49895 3000 3
persist 50613 3000 3
persist 74540 4000 4
persist 50542 3000 3
persist 49761 3000 3
persist 49742 3000 3
persist 49097 3000 3
persist 49728 3000 3
write base data version: 60600, memory: 4455051264 bytes (4248.67 MB)
persist 51110 3000 3
persist 49875 3000 3
persist 51387 3000 3
persist 54279 3000 3
persist 54107 3000 3
persist 52776 3000 3
persist 51184 3000 3
persist 49880 3000 3
persist 48307 3000 3
persist 50978 3000 3
persist 50762 3000 3
persist 51884 3000 3
persist 52350 3000 3
persist 51775 3000 3
persist 52795 3000 3
persist 52873 3000 3
persist 52777 3000 3
persist 52586 3000 3
persist 53242 3000 3
persist 52596 3000 3
persist 52337 3000 3
persist 53146 3000 3
persist 53849 3000 3
persist 53580 3000 3
persist 53653 3000 3
persist 54191 3000 3
persist 52949 3000 3
persist 51820 3000 3
persist 52311 3000 3
persist 51582 3000 3
persist 52276 3000 3
persist 45539 3000 3
persist 37443 3000 3
write base data version: 60700, memory: 4597850112 bytes (4384.85 MB)
persist 34764 3000 3
persist 35252 3000 3
persist 36707 3000 3
persist 26773 2000 2
persist 39603 3000 3
persist 40184 3000 3
persist 36671 3000 3
persist 24938 2000 2
persist 24906 3000 3
persist 24418 2000 2
persist 25404 3000 3
persist 24928 2000 2
persist 23745 3000 3
persist 25352 2000 2
persist 25326 3000 3
persist 26248 2000 2
persist 25127 3000 3
persist 26393 2000 2
persist 24251 3000 3
persist 46879 3000 3
persist 47289 3000 3
persist 48698 3000 3
persist 49675 3000 3
persist 51830 3000 3
persist 51329 3000 3
persist 52779 3000 3
persist 53046 3000 3
persist 52691 3000 3
persist 54898 3000 3
persist 54289 3000 3
persist 53980 3000 3
persist 54328 3000 3
persist 54965 3000 3
persist 55176 3000 3
persist 54426 3000 3
persist 54218 3000 3
write base data version: 60800, memory: 4232617984 bytes (4036.54 MB)
persist 52267 3000 3
persist 46750 3000 3
persist 50429 3000 3
persist 53752 3000 3
persist 52040 3000 3
persist 50351 3000 3
persist 52347 3000 3
persist 50073 3000 3
persist 52159 3000 3
persist 52000 3000 3
persist 52413 3000 3
persist 51693 3000 3
persist 52522 3000 3
persist 53266 3000 3
persist 53291 3000 3
persist 54355 3000 3
persist 54574 3000 3
persist 55562 3000 3
persist 54078 3000 3
persist 53886 3000 3
persist 54080 3000 3
persist 54538 3000 3
persist 55190 3000 3
persist 55221 3000 3
persist 55132 3000 3
persist 50215 3000 3
persist 49762 3000 3
persist 50872 3000 3
persist 50717 3000 3
persist 50672 3000 3
persist 50680 3000 3
persist 51693 3000 3
persist 53105 3000 3
write base data version: 60900, memory: 4374020096 bytes (4171.39 MB)
persist 54048 3000 3
persist 55961 3000 3
persist 51632 3000 3
persist 47576 3000 3
persist 48738 3000 3
persist 58005 3000 3
persist 42876 2000 2
persist 58355 3000 3
persist 57344 3000 3
persist 57326 3000 3
persist 58332 3000 3
persist 57074 3000 3
persist 58496 3000 3
persist 57218 3000 3
persist 57128 3000 3
persist 57371 3000 3
persist 57451 3000 3
persist 57613 3000 3
persist 58113 3000 3
persist 58082 3000 3
persist 57030 3000 3
persist 57516 3000 3
persist 58782 3000 3
persist 50629 3000 3
persist 50340 3000 3
persist 51839 3000 3
persist 51499 3000 3
persist 53029 3000 3
persist 45578 3000 3
persist 53788 3000 3
persist 39307 2000 2
persist 55073 3000 3
persist 53489 3000 3
persist 45251 3000 3
write base data version: 61000, memory: 4530782208 bytes (4320.89 MB)
persist 44152 2000 2
persist 51450 3000 3
persist 50379 3000 3
persist 51227 3000 3
persist 46616 3000 3
persist 47054 3000 3
persist 45400 3000 3
persist 53282 3000 3
persist 38244 2000 2
persist 51981 3000 3
persist 53802 3000 3
persist 53692 3000 3
persist 54825 3000 3
persist 55905 3000 3
persist 54116 3000 3
persist 53353 3000 3
persist 53176 3000 3
persist 54434 3000 3
persist 53402 3000 3
persist 53005 3000 3
persist 50535 3000 3
persist 51122 3000 3
persist 73856 3000 3
persist 52953 3000 3
persist 52445 3000 3
persist 57987 3000 3
persist 53408 3000 3
persist 48022 3000 3
persist 49914 3000 3
persist 55346 3000 3
persist 37605 2000 2
persist 53639 3000 3
persist 52016 3000 3
persist 53061 3000 3
write base data version: 61100, memory: 4688838656 bytes (4471.62 MB)
persist 51720 3000 3
persist 75631 3000 3
persist 51605 3000 3
persist 52591 3000 3
persist 59363 3000 3
persist 59397 3000 3
persist 60373 3000 3
persist 58121 3000 3
persist 57964 3000 3
persist 58805 3000 3
persist 60705 3000 3
persist 59521 3000 3
persist 59951 3000 3
persist 59246 3000 3
persist 56528 3000 3
persist 48655 3000 3
persist 54326 3000 3
persist 61018 3000 3
persist 44056 2000 2
persist 60075 3000 3
persist 59843 3000 3
persist 61569 3000 3
persist 60369 3000 3
persist 60231 3000 3
persist 63346 3000 3
persist 56114 3000 3
persist 55341 3000 3
persist 56358 3000 3
persist 54872 3000 3
persist 53908 3000 3
persist 49961 3000 3
persist 47793 3000 3
persist 55393 3000 3
persist 38603 2000 2
write base data version: 61200, memory: 4317708288 bytes (4117.69 MB)
persist 55385 3000 3
persist 54333 3000 3
persist 40014 3000 3
persist 38171 3000 3
persist 30498 2000 2
persist 114705 5000 5
persist 92700 5000 5
persist 63829 3000 3
persist 61529 3000 3
persist 64940 3000 3
persist 54045 3000 3
persist 57205 3000 3
persist 50314 3000 3
persist 50796 3000 3
persist 51697 3000 3
persist 49788 3000 3
persist 51427 3000 3
persist 52142 3000 3
persist 50837 3000 3
persist 51137 3000 3
persist 46338 3000 3
persist 43179 3000 3
persist 50173 3000 3
persist 36374 2000 2
persist 52866 3000 3
persist 52514 3000 3
persist 53415 3000 3
persist 54365 3000 3
persist 102427 6000 6
write base data version: 61300, memory: 4460404736 bytes (4253.77 MB)
persist 139415 8000 8
persist 161011 9000 9
persist 156332 9000 9
persist 158350 9000 9
persist 172136 10000 10
persist 174024 10000 10
persist 174843 10000 10
persist 174745 10000 10
persist 179207 10000 10
persist 179288 10000 10
persist 180515 10000 10
write base data version: 61400, memory: 4605947904 bytes (4392.57 MB)
persist 191592 10000 10
persist 180815 10000 10
persist 184420 11000 11
persist 202493 10000 10
persist 196637 10000 10
persist 177024 10000 10
persist 157776 8000 8
persist 67790 4000 4
persist 65914 4000 4
persist 51695 3000 3
persist 51678 3000 3
persist 51840 3000 3
persist 43270 3000 3
persist 55273 3000 3
persist 38919 2000 2
persist 55478 3000 3
persist 47106 3000 3
persist 47874 3000 3
write base data version: 61500, memory: 4253601792 bytes (4056.55 MB)
persist 50416 3000 3
persist 37623 2000 2
persist 51639 3000 3
persist 55973 3000 3
persist 53728 3000 3
persist 52032 3000 3
persist 50167 3000 3
persist 53607 3000 3
persist 54991 3000 3
persist 49453 3000 3
persist 47413 3000 3
persist 48141 3000 3
persist 46910 3000 3
persist 49798 3000 3
persist 50546 3000 3
persist 48905 3000 3
persist 51170 3000 3
persist 49563 3000 3
persist 45902 3000 3
persist 47899 3000 3
persist 37209 2000 2
persist 52315 3000 3
persist 51006 3000 3
persist 53009 3000 3
persist 51156 3000 3
persist 46979 3000 3
persist 43331 3000 3
persist 43912 3000 3
persist 47297 3000 3
persist 46769 3000 3
persist 48566 3000 3
persist 49495 3000 3
persist 49506 3000 3
persist 54238 3000 3
write base data version: 61600, memory: 4414857216 bytes (4210.34 MB)
persist 53246 3000 3
persist 49501 3000 3
persist 47960 3000 3
persist 49109 3000 3
persist 52440 3000 3
persist 50840 3000 3
persist 53976 3000 3
persist 54149 3000 3
persist 53385 3000 3
persist 50277 3000 3
persist 50848 3000 3
persist 52213 3000 3
persist 50639 3000 3
persist 51859 3000 3
persist 51967 3000 3
persist 50636 3000 3
persist 51734 3000 3
persist 52400 3000 3
persist 52880 3000 3
persist 53407 3000 3
persist 50897 3000 3
persist 53187 3000 3
persist 53493 3000 3
persist 53723 3000 3
persist 54344 3000 3
persist 52248 3000 3
persist 52145 3000 3
persist 51755 3000 3
persist 52423 3000 3
persist 51340 3000 3
persist 52669 3000 3
persist 51934 3000 3
persist 54887 3000 3
persist 52158 3000 3
write base data version: 61700, memory: 4550176768 bytes (4339.39 MB)
persist 55029 3000 3
persist 53643 3000 3
persist 52090 3000 3
persist 51303 3000 3
persist 51634 3000 3
persist 52349 3000 3
persist 52080 3000 3
persist 51779 3000 3
persist 51681 3000 3
persist 46040 3000 3
persist 52556 3000 3
persist 50167 3000 3
persist 49437 3000 3
persist 48897 3000 3
persist 51876 3000 3
persist 52232 3000 3
persist 47974 3000 3
persist 44343 3000 3
persist 51671 3000 3
persist 50925 3000 3
persist 52637 3000 3
persist 37092 2000 2
persist 54075 3000 3
persist 54043 3000 3
persist 53454 3000 3
persist 53218 3000 3
persist 53261 3000 3
persist 52813 3000 3
persist 49910 3000 3
persist 49188 3000 3
persist 47670 3000 3
persist 48533 3000 3
persist 46598 3000 3
write base data version: 61800, memory: 4693508096 bytes (4476.08 MB)
persist 44284 3000 3
persist 46528 3000 3
persist 54844 3000 3
persist 52533 3000 3
persist 52695 3000 3
persist 37093 2000 2
persist 50595 3000 3
persist 51427 3000 3
persist 51709 3000 3
persist 74270 3000 3
persist 53012 3000 3
persist 53789 3000 3
persist 46411 3000 3
persist 48589 3000 3
persist 35971 2000 2
persist 51344 3000 3
persist 51368 3000 3
persist 51405 3000 3
persist 50685 3000 3
persist 51322 3000 3
persist 51836 3000 3
persist 47523 3000 3
persist 50465 3000 3
persist 51624 3000 3
persist 52503 3000 3
persist 52633 3000 3
persist 51775 3000 3
persist 51698 3000 3
persist 52025 3000 3
persist 50096 3000 3
persist 51194 3000 3
persist 51472 3000 3
persist 51741 3000 3
persist 50065 3000 3
write base data version: 61900, memory: 4324917248 bytes (4124.56 MB)
persist 51315 3000 3
persist 50568 3000 3
persist 49366 3000 3
persist 50602 3000 3
persist 53948 3000 3
persist 52754 3000 3
persist 52662 3000 3
persist 49885 3000 3
persist 50383 3000 3
persist 49681 3000 3
persist 50154 3000 3
persist 51219 3000 3
persist 49554 3000 3
persist 49301 3000 3
persist 54517 3000 3
persist 50304 3000 3
persist 50776 3000 3
persist 51210 3000 3
persist 72960 4000 4
persist 51036 3000 3
persist 52081 3000 3
persist 52532 3000 3
persist 48731 3000 3
persist 50570 3000 3
persist 51574 3000 3
persist 50634 3000 3
persist 47308 3000 3
persist 43689 3000 3
persist 45561 3000 3
persist 50260 3000 3
persist 46920 3000 3
persist 46522 3000 3
persist 46813 3000 3
write base data version: 62000, memory: 4467843072 bytes (4260.87 MB)
persist 48079 3000 3
persist 49952 3000 3
persist 48134 3000 3
persist 48338 3000 3
persist 48138 3000 3
persist 41747 3000 3
persist 41709 3000 3
persist 40999 3000 3
persist 44448 3000 3
persist 46790 3000 3
persist 47840 3000 3
persist 46303 3000 3
persist 51731 3000 3
persist 49891 3000 3
persist 51781 3000 3
persist 51618 3000 3
persist 52508 3000 3
persist 52142 3000 3
persist 51117 3000 3
persist 48538 3000 3
persist 51024 3000 3
persist 50639 3000 3
persist 50608 3000 3
persist 48910 3000 3
persist 51852 3000 3
persist 53808 3000 3
persist 54095 3000 3
persist 51547 3000 3
persist 53875 3000 3
persist 49634 3000 3
persist 44381 3000 3
persist 46229 3000 3
persist 48547 3000 3
persist 46960 3000 3
write base data version: 62100, memory: 4611043328 bytes (4397.43 MB)
persist 45869 3000 3
persist 47947 3000 3
persist 48596 3000 3
persist 46298 3000 3
persist 46153 3000 3
persist 50123 3000 3
persist 51055 3000 3
persist 36201 2000 2
persist 49388 3000 3
persist 51895 3000 3
persist 53163 3000 3
persist 54548 3000 3
persist 53843 3000 3
persist 52787 3000 3
persist 52085 3000 3
persist 51907 3000 3
persist 49549 3000 3
persist 52477 3000 3
persist 51142 3000 3
persist 51925 3000 3
persist 59615 3000 3
persist 48341 3000 3
persist 50975 3000 3
persist 44011 2000 2
persist 61280 3000 3
persist 50346 3000 3
persist 53925 3000 3
persist 37513 2000 2
persist 53746 3000 3
persist 52638 3000 3
persist 51940 3000 3
persist 51521 3000 3
persist 71804 3000 3
persist 52361 3000 3
write base data version: 62200, memory: 4241051648 bytes (4044.58 MB)
persist 53670 3000 3
persist 52241 3000 3
persist 53108 3000 3
persist 52301 3000 3
persist 52812 3000 3
persist 52080 3000 3
persist 58991 3000 3
persist 54993 3000 3
persist 46670 3000 3
persist 43381 2000 2
persist 67169 3000 3
persist 54353 3000 3
persist 60579 3000 3
persist 60762 3000 3
persist 62101 3000 3
persist 58535 3000 3
persist 62790 3000 3
persist 60667 3000 3
persist 59165 3000 3
persist 58833 3000 3
persist 56570 3000 3
persist 56344 3000 3
persist 56930 3000 3
persist 59816 3000 3
persist 60404 3000 3
persist 60108 3000 3
persist 59990 3000 3
persist 58131 3000 3
persist 58247 3000 3
persist 58218 3000 3
persist 58950 3000 3
persist 58186 3000 3
persist 59271 3000 3
write base data version: 62300, memory: 4384149504 bytes (4181.05 MB)
persist 60825 3000 3
persist 58587 3000 3
persist 58121 3000 3
persist 59684 3000 3
persist 59756 3000 3
persist 60487 3000 3
persist 60797 3000 3
persist 60213 3000 3
persist 63349 3000 3
persist 64010 3000 3
persist 59991 3000 3
persist 55927 3000 3
persist 58004 3000 3
persist 57621 3000 3
persist 57018 3000 3
persist 58009 3000 3
persist 58361 3000 3
persist 53115 3000 3
persist 51140 3000 3
persist 56251 3000 3
persist 54007 3000 3
persist 43835 3000 3
persist 48246 3000 3
persist 53356 3000 3
persist 37496 2000 2
persist 51622 3000 3
persist 57926 3000 3
persist 53735 3000 3
persist 50392 3000 3
persist 46870 3000 3
persist 59383 3000 3
persist 58907 3000 3
persist 58799 3000 3
persist 56188 3000 3
write base data version: 62400, memory: 4512215040 bytes (4303.18 MB)
persist 45342 3000 3
persist 55195 3000 3
persist 45353 2000 2
persist 59758 3000 3
persist 58186 3000 3
persist 26106 3000 3
persist 25034 2000 2
persist 24840 3000 3
persist 17784 2000 2
persist 52917 3000 3
persist 54111 3000 3
persist 53614 3000 3
persist 51793 3000 3
persist 51935 3000 3
persist 49241 3000 3
persist 48118 3000 3
persist 51511 3000 3
persist 37134 2000 2
persist 52615 3000 3
persist 50732 3000 3
persist 52236 3000 3
persist 52719 3000 3
persist 52678 3000 3
persist 54010 3000 3
persist 53644 3000 3
persist 54743 3000 3
persist 52150 3000 3
persist 51251 3000 3
persist 47103 3000 3
persist 46337 3000 3
persist 45144 3000 3
persist 46256 3000 3
persist 46893 3000 3
persist 47574 3000 3
persist 48724 3000 3
write base data version: 62500, memory: 4655128576 bytes (4439.48 MB)
persist 45909 3000 3
persist 51298 3000 3
persist 52939 3000 3
persist 53007 3000 3
persist 51072 3000 3
persist 48954 3000 3
persist 44678 3000 3
persist 48799 3000 3
persist 54212 3000 3
persist 37280 2000 2
persist 53158 3000 3
persist 53092 3000 3
persist 52585 3000 3
persist 60006 3000 3
persist 58718 3000 3
persist 59508 3000 3
persist 58247 3000 3
persist 49687 3000 3
persist 57819 3000 3
persist 57253 3000 3
persist 46436 3000 3
persist 47546 3000 3
persist 48281 3000 3
persist 46812 3000 3
persist 50801 3000 3
persist 51100 3000 3
persist 50686 3000 3
persist 49538 3000 3
persist 52436 3000 3
persist 52832 3000 3
persist 43491 3000 3
persist 44940 3000 3
persist 49249 3000 3
persist 47775 3000 3
write base data version: 62600, memory: 4286484480 bytes (4087.91 MB)
persist 50136 3000 3
persist 47327 3000 3
persist 51271 3000 3
persist 50217 3000 3
persist 48424 3000 3
persist 46347 3000 3
persist 50298 3000 3
persist 51198 3000 3
persist 45389 3000 3
persist 42174 3000 3
persist 45256 3000 3
persist 46820 3000 3
persist 45027 3000 3
persist 43597 3000 3
persist 51030 3000 3
persist 54753 3000 3
persist 52425 3000 3
persist 49999 3000 3
persist 52415 3000 3
persist 51424 3000 3
persist 51067 3000 3
persist 50542 3000 3
persist 54871 3000 3
persist 50376 3000 3
persist 49817 3000 3
persist 47655 3000 3
persist 45848 3000 3
persist 48495 3000 3
persist 49862 3000 3
persist 44055 3000 3
persist 44441 3000 3
persist 43259 3000 3
persist 43213 3000 3
write base data version: 62700, memory: 4429135872 bytes (4223.95 MB)
persist 41381 3000 3
persist 43248 3000 3
persist 48940 3000 3
persist 50342 3000 3
persist 49289 3000 3
persist 50705 3000 3
persist 50433 3000 3
persist 51678 3000 3
persist 51369 3000 3
persist 50589 3000 3
persist 51042 3000 3
persist 50210 3000 3
persist 48833 3000 3
persist 49966 3000 3
persist 51505 3000 3
persist 51355 3000 3
persist 52002 3000 3
persist 51573 3000 3
persist 52046 3000 3
persist 52034 3000 3
persist 52607 3000 3
persist 48749 3000 3
persist 50313 3000 3
persist 50338 3000 3
persist 51509 3000 3
persist 51007 3000 3
persist 50878 3000 3
persist 49699 3000 3
persist 49867 3000 3
persist 52384 3000 3
persist 50773 3000 3
persist 52269 3000 3
persist 54639 3000 3
write base data version: 62800, memory: 4572352512 bytes (4360.54 MB)
persist 52011 3000 3
persist 52763 3000 3
persist 52949 3000 3
persist 55181 3000 3
persist 55041 3000 3
persist 55144 3000 3
persist 55670 3000 3
persist 45959 3000 3
persist 44579 3000 3
persist 45684 3000 3
persist 49219 3000 3
persist 50815 3000 3
persist 34749 2000 2
persist 49415 3000 3
persist 49382 3000 3
persist 51890 3000 3
persist 51568 3000 3
persist 50432 3000 3
persist 50771 3000 3
persist 53566 3000 3
persist 54017 3000 3
persist 53261 3000 3
persist 51532 3000 3
persist 51332 3000 3
persist 52267 3000 3
persist 51526 3000 3
persist 49848 3000 3
persist 48947 3000 3
persist 45138 3000 3
persist 49678 3000 3
persist 46274 3000 3
persist 46964 3000 3
persist 38369 2000 2
persist 51604 3000 3
write base data version: 62900, memory: 4718723072 bytes (4500.12 MB)
persist 52614 3000 3
persist 52501 3000 3
persist 47806 3000 3
persist 45975 3000 3
persist 46437 3000 3
persist 50920 3000 3
persist 31074 2000 2
persist 47584 3000 3
persist 52660 3000 3
persist 52271 3000 3
persist 38091 2000 2
persist 52571 3000 3
persist 48130 3000 3
persist 47585 3000 3
persist 45087 3000 3
persist 50583 3000 3
persist 37272 2000 2
persist 51478 3000 3
persist 53517 3000 3
persist 51267 3000 3
persist 46783 3000 3
persist 36448 2000 2
persist 52705 3000 3
persist 52649 3000 3
persist 47567 3000 3
persist 48929 3000 3
persist 53976 3000 3
persist 39026 2000 2
persist 53841 3000 3
persist 52409 3000 3
persist 53712 3000 3
persist 59011 3000 3
persist 59788 3000 3
persist 59290 3000 3
persist 60050 3000 3
write base data version: 63000, memory: 4356513792 bytes (4154.70 MB)
persist 59598 3000 3
persist 59501 3000 3
persist 59955 3000 3
persist 61220 3000 3
persist 59852 3000 3
persist 60654 3000 3
persist 59644 3000 3
persist 61444 3000 3
persist 59324 3000 3
persist 61204 3000 3
persist 59644 3000 3
persist 60179 3000 3
persist 53704 3000 3
persist 54459 3000 3
persist 54585 3000 3
persist 53397 3000 3
persist 54479 3000 3
persist 54559 3000 3
persist 55370 3000 3
persist 51526 3000 3
persist 51247 3000 3
persist 51924 3000 3
persist 52857 3000 3
persist 51576 3000 3
persist 52507 3000 3
persist 51550 3000 3
persist 51624 3000 3
persist 51574 3000 3
persist 52196 3000 3
persist 52863 3000 3
persist 52701 3000 3
persist 50893 3000 3
persist 52124 3000 3
persist 51757 3000 3
write base data version: 63100, memory: 4497408000 bytes (4289.06 MB)
persist 44693 3000 3
persist 47045 3000 3
persist 52379 3000 3
persist 53761 3000 3
persist 47896 3000 3
persist 50298 3000 3
persist 54225 3000 3
persist 52113 3000 3
persist 51925 3000 3
persist 52430 3000 3
persist 49986 3000 3
persist 47655 3000 3
persist 49745 3000 3
persist 49268 3000 3
persist 52627 3000 3
persist 52580 3000 3
persist 48017 3000 3
persist 51802 3000 3
persist 47423 3000 3
persist 48744 3000 3
persist 44567 3000 3
persist 43876 3000 3
persist 45990 3000 3
persist 45455 3000 3
persist 50369 3000 3
persist 55522 3000 3
persist 53167 3000 3
persist 37764 2000 2
persist 55535 3000 3
persist 52592 3000 3
persist 53518 3000 3
persist 53890 3000 3
persist 46943 3000 3
write base data version: 63200, memory: 4647690240 bytes (4432.38 MB)
persist 49033 3000 3
persist 36361 2000 2
persist 52533 3000 3
persist 52941 3000 3
persist 53718 3000 3
persist 45972 3000 3
persist 54693 3000 3
persist 39605 2000 2
persist 54367 3000 3
persist 59082 3000 3
persist 58488 3000 3
persist 54190 3000 3
persist 54745 3000 3
persist 54140 3000 3
persist 41753 2000 2
persist 53124 3000 3
persist 51803 3000 3
persist 46536 3000 3
persist 50119 3000 3
persist 53613 3000 3
persist 38798 2000 2
persist 57181 3000 3
persist 44343 3000 3
persist 46852 3000 3
persist 47469 3000 3
persist 51201 3000 3
persist 35767 2000 2
persist 51784 3000 3
persist 52841 3000 3
persist 58557 3000 3
persist 59260 3000 3
persist 59539 3000 3
persist 60479 3000 3
persist 59582 3000 3
persist 60452 3000 3
write base data version: 63300, memory: 4292997120 bytes (4094.12 MB)
persist 59917 3000 3
persist 60553 3000 3
persist 59686 3000 3
persist 59602 3000 3
persist 59296 3000 3
persist 59208 3000 3
persist 59866 3000 3
persist 58196 3000 3
persist 58917 3000 3
persist 58678 3000 3
persist 52673 3000 3
persist 57887 3000 3
persist 58285 3000 3
persist 58589 3000 3
persist 58220 3000 3
persist 59140 3000 3
persist 56717 3000 3
persist 59108 3000 3
persist 59344 3000 3
persist 59713 3000 3
persist 58902 3000 3
persist 79392 4000 4
persist 57872 3000 3
persist 58305 3000 3
persist 58052 3000 3
persist 56826 3000 3
persist 55945 3000 3
persist 56968 3000 3
persist 58590 3000 3
persist 52983 3000 3
persist 73371 4000 4
persist 52381 3000 3
persist 50374 3000 3
write base data version: 63400, memory: 4440612864 bytes (4234.90 MB)
persist 50428 3000 3
persist 51453 3000 3
persist 49660 3000 3
persist 54500 3000 3
persist 55122 3000 3
persist 52286 3000 3
persist 46429 3000 3
persist 47862 3000 3
persist 35539 2000 2
persist 51253 3000 3
persist 50178 3000 3
persist 50595 3000 3
persist 49485 3000 3
persist 43487 3000 3
persist 42905 3000 3
persist 43499 3000 3
persist 46244 3000 3
persist 45772 3000 3
persist 44227 3000 3
persist 42797 3000 3
persist 48709 3000 3
persist 47537 3000 3
persist 44309 3000 3
persist 42845 3000 3
persist 47774 3000 3
persist 50524 3000 3
persist 46711 3000 3
persist 45157 3000 3
persist 48118 3000 3
persist 49814 3000 3
persist 48245 3000 3
persist 46350 3000 3
persist 48513 3000 3
persist 48857 3000 3
write base data version: 63500, memory: 4583874560 bytes (4371.52 MB)
persist 47700 3000 3
persist 43532 3000 3
persist 46884 3000 3
persist 46495 3000 3
persist 45808 3000 3
persist 43016 3000 3
persist 45051 3000 3
persist 45207 3000 3
persist 43000 3000 3
persist 50884 3000 3
persist 37517 2000 2
persist 52192 3000 3
persist 51404 3000 3
persist 51584 3000 3
persist 48824 3000 3
persist 49328 3000 3
persist 50372 3000 3
persist 52242 3000 3
persist 51984 3000 3
persist 49589 3000 3
persist 49502 3000 3
persist 48686 3000 3
persist 47548 3000 3
persist 49398 3000 3
persist 51483 3000 3
persist 51466 3000 3
persist 73156 4000 4
persist 52329 3000 3
persist 51665 3000 3
persist 52455 3000 3
persist 52600 3000 3
persist 54045 3000 3
persist 54901 3000 3
write base data version: 63600, memory: 4726562816 bytes (4507.60 MB)
persist 52783 3000 3
persist 49761 3000 3
persist 49671 3000 3
persist 52156 3000 3
persist 49213 3000 3
persist 44193 3000 3
persist 45671 3000 3
persist 46288 3000 3
persist 52545 3000 3
persist 36185 2000 2
persist 52109 3000 3
persist 52763 3000 3
persist 52780 3000 3
persist 51835 3000 3
persist 70462 3000 3
persist 52325 3000 3
persist 49445 3000 3
persist 43319 3000 3
persist 46455 3000 3
persist 47384 3000 3
persist 45720 3000 3
persist 47868 3000 3
persist 35982 2000 2
persist 51388 3000 3
persist 51498 3000 3
persist 51811 3000 3
persist 54096 3000 3
persist 49274 3000 3
persist 45831 3000 3
persist 48129 3000 3
persist 53255 3000 3
persist 36788 2000 2
persist 52420 3000 3
persist 51154 3000 3
write base data version: 63700, memory: 4356354048 bytes (4154.54 MB)
persist 46483 3000 3
persist 44233 3000 3
persist 48597 3000 3
persist 35875 2000 2
persist 51393 3000 3
persist 52126 3000 3
persist 50977 3000 3
persist 51556 3000 3
persist 42075 2000 2
persist 57664 3000 3
persist 58365 3000 3
persist 56033 3000 3
persist 44896 3000 3
persist 57363 3000 3
persist 37425 2000 2
persist 56092 3000 3
persist 52778 3000 3
persist 47148 3000 3
persist 50002 3000 3
persist 37535 2000 2
persist 54644 3000 3
persist 53903 3000 3
persist 45059 3000 3
persist 52992 3000 3
persist 39033 2000 2
persist 54662 3000 3
persist 55101 3000 3
persist 49156 3000 3
persist 47655 3000 3
persist 39648 2000 2
persist 57896 3000 3
persist 57913 3000 3
persist 52455 3000 3
persist 50800 3000 3
persist 49115 3000 3
persist 58724 3000 3
write base data version: 63800, memory: 4484116480 bytes (4276.39 MB)
persist 43947 2000 2
persist 58462 3000 3
persist 58273 3000 3
persist 59732 3000 3
persist 52810 3000 3
persist 54235 3000 3
persist 46239 3000 3
persist 52895 3000 3
persist 52952 3000 3
persist 48042 3000 3
persist 52077 3000 3
persist 36691 2000 2
persist 53295 3000 3
persist 52588 3000 3
persist 52621 3000 3
persist 53312 3000 3
persist 53276 3000 3
persist 51612 3000 3
persist 51677 3000 3
persist 60214 3000 3
persist 52418 3000 3
persist 52386 3000 3
persist 51755 3000 3
persist 51816 3000 3
persist 46702 3000 3
persist 56849 3000 3
persist 54543 3000 3
persist 50960 3000 3
persist 53549 3000 3
persist 48786 3000 3
persist 51570 3000 3
persist 49179 3000 3
persist 57202 3000 3
persist 59474 3000 3
write base data version: 63900, memory: 4628041728 bytes (4413.64 MB)
persist 54912 3000 3
persist 53260 3000 3
persist 53050 3000 3
persist 44726 3000 3
persist 48767 3000 3
persist 38149 2000 2
persist 52477 3000 3
persist 52650 3000 3
persist 52930 3000 3
persist 52898 3000 3
persist 52973 3000 3
persist 49235 3000 3
persist 44481 3000 3
persist 43994 3000 3
persist 50777 3000 3
persist 40166 2000 2
persist 52949 3000 3
persist 52975 3000 3
persist 55116 3000 3
persist 55658 3000 3
persist 51591 3000 3
persist 53442 3000 3
persist 48060 3000 3
persist 45717 3000 3
persist 49470 3000 3
persist 37833 2000 2
persist 52395 3000 3
persist 48610 3000 3
persist 37827 2000 2
persist 40671 3000 3
persist 37597 3000 3
persist 40963 3000 3
persist 25848 2000 2
persist 38804 3000 3
persist 53404 3000 3
write base data version: 64000, memory: 4790337536 bytes (4568.42 MB)
persist 101306 5000 5
persist 137518 7000 7
persist 160749 9000 9
persist 110939 5000 5
persist 75296 4000 4
persist 49904 3000 3
persist 48716 3000 3
persist 46907 3000 3
persist 41677 3000 3
persist 42357 3000 3
persist 40971 3000 3
persist 41588 3000 3
persist 41530 3000 3
persist 41416 3000 3
persist 42753 3000 3
persist 42954 3000 3
persist 40885 3000 3
persist 47095 3000 3
persist 47550 3000 3
persist 49412 3000 3
persist 35349 2000 2
persist 48443 3000 3
persist 50122 3000 3
persist 51293 3000 3
persist 52040 3000 3
persist 48217 3000 3
persist 44706 3000 3
persist 43020 3000 3
write base data version: 64100, memory: 4400508928 bytes (4196.65 MB)
persist 44697 3000 3
persist 52032 3000 3
persist 48316 3000 3
persist 43624 3000 3
persist 47525 3000 3
persist 50964 3000 3
persist 51610 3000 3
persist 52560 3000 3
persist 53749 3000 3
persist 51826 3000 3
persist 52910 3000 3
persist 53050 3000 3
persist 52262 3000 3
persist 53254 3000 3
persist 52178 3000 3
persist 52104 3000 3
persist 46190 3000 3
persist 48587 3000 3
persist 46537 3000 3
persist 48632 3000 3
persist 49648 3000 3
persist 49974 3000 3
persist 48528 3000 3
persist 47836 3000 3
persist 50473 3000 3
persist 48030 3000 3
persist 50606 3000 3
persist 48273 3000 3
persist 50201 3000 3
persist 48653 3000 3
persist 48730 3000 3
persist 49243 3000 3
persist 50008 3000 3
persist 49285 3000 3
write base data version: 64200, memory: 4543393792 bytes (4332.92 MB)
persist 49543 3000 3
persist 50154 3000 3
persist 48028 3000 3
persist 50420 3000 3
persist 50002 3000 3
persist 50427 3000 3
persist 50801 3000 3
persist 50343 3000 3
persist 49793 3000 3
persist 49658 3000 3
persist 51711 3000 3
persist 51287 3000 3
persist 48731 3000 3
persist 50208 3000 3
persist 50315 3000 3
persist 54756 3000 3
persist 48639 3000 3
persist 50135 3000 3
persist 51444 3000 3
persist 51209 3000 3
persist 49968 3000 3
persist 50153 3000 3
persist 45336 3000 3
persist 41832 3000 3
persist 43450 3000 3
persist 41631 3000 3
persist 43092 3000 3
persist 49956 3000 3
persist 36627 2000 2
persist 50072 3000 3
persist 51378 3000 3
persist 48572 3000 3
persist 48660 3000 3
write base data version: 64300, memory: 4686196736 bytes (4469.11 MB)
persist 49297 3000 3
persist 49926 3000 3
persist 48922 3000 3
persist 50505 3000 3
persist 51007 3000 3
persist 50195 3000 3
persist 49444 3000 3
persist 42802 3000 3
persist 46309 3000 3
persist 47310 3000 3
persist 44379 3000 3
persist 46339 3000 3
persist 50100 3000 3
persist 35275 2000 2
persist 50423 3000 3
persist 47941 3000 3
persist 45910 3000 3
persist 36499 2000 2
persist 52357 3000 3
persist 45645 3000 3
persist 45733 3000 3
persist 46574 3000 3
persist 50667 3000 3
persist 34810 2000 2
persist 76024 3000 3
persist 52254 3000 3
persist 52604 3000 3
persist 51697 3000 3
persist 48378 3000 3
persist 37661 2000 2
persist 59289 3000 3
persist 60210 3000 3
persist 62522 3000 3
persist 59329 3000 3
persist 57528 3000 3
write base data version: 64400, memory: 4316360704 bytes (4116.40 MB)
persist 59609 3000 3
persist 62339 3000 3
persist 59909 3000 3
persist 60374 3000 3
persist 61958 3000 3
persist 59732 3000 3
persist 62891 3000 3
persist 60913 3000 3
persist 57827 3000 3
persist 59461 3000 3
persist 58107 3000 3
persist 59725 3000 3
persist 57852 3000 3
persist 58385 3000 3
persist 58563 3000 3
persist 58660 3000 3
persist 58917 3000 3
persist 58700 3000 3
persist 59098 3000 3
persist 59999 3000 3
persist 58797 3000 3
persist 53004 3000 3
persist 54791 3000 3
persist 54637 3000 3
persist 60702 3000 3
persist 60476 3000 3
persist 61914 3000 3
persist 61130 3000 3
persist 60165 3000 3
persist 58219 3000 3
persist 60629 3000 3
persist 62126 3000 3
persist 62108 3000 3
write base data version: 64500, memory: 4444286976 bytes (4238.40 MB)
persist 62272 3000 3
persist 62315 3000 3
persist 59796 3000 3
persist 55214 3000 3
persist 51757 3000 3
persist 44810 3000 3
persist 48815 3000 3
persist 51445 3000 3
persist 49846 3000 3
persist 47909 3000 3
persist 48838 3000 3
persist 46886 3000 3
persist 45030 3000 3
persist 50002 3000 3
persist 38703 2000 2
persist 51577 3000 3
persist 52101 3000 3
persist 52070 3000 3
persist 50491 3000 3
persist 44774 3000 3
persist 42488 3000 3
persist 41673 3000 3
persist 47337 3000 3
persist 46669 3000 3
persist 49952 3000 3
persist 53156 3000 3
persist 36177 2000 2
persist 48918 3000 3
persist 50954 3000 3
persist 50917 3000 3
persist 52572 3000 3
persist 53137 3000 3
persist 53211 3000 3
persist 51986 3000 3
write base data version: 64600, memory: 4587188224 bytes (4374.68 MB)
persist 48467 3000 3
persist 48286 3000 3
persist 47165 3000 3
persist 43992 3000 3
persist 42261 3000 3
persist 43574 3000 3
persist 45506 3000 3
persist 42519 3000 3
persist 42112 3000 3
persist 43694 3000 3
persist 48658 3000 3
persist 36115 2000 2
persist 49995 3000 3
persist 50848 3000 3
persist 52099 3000 3
persist 54111 3000 3
persist 48681 3000 3
persist 44902 3000 3
persist 44377 3000 3
persist 43347 3000 3
persist 40568 3000 3
persist 35021 2000 2
persist 49888 3000 3
persist 73072 4000 4
persist 50973 3000 3
persist 53633 3000 3
persist 49768 3000 3
persist 52902 3000 3
persist 74255 4000 4
persist 52366 3000 3
persist 51091 3000 3
persist 47413 3000 3
persist 46653 3000 3
write base data version: 64700, memory: 4730376192 bytes (4511.24 MB)
persist 50441 3000 3
persist 67559 4000 4
persist 51361 3000 3
persist 52766 3000 3
persist 52741 3000 3
persist 53101 3000 3
persist 51534 3000 3
persist 58397 3000 3
persist 59356 3000 3
persist 58559 3000 3
persist 56905 3000 3
persist 53291 3000 3
persist 47968 3000 3
persist 49973 3000 3
persist 51476 3000 3
persist 51578 3000 3
persist 53566 3000 3
persist 52160 3000 3
persist 51288 3000 3
persist 51674 3000 3
persist 52303 3000 3
persist 52701 3000 3
persist 51772 3000 3
persist 50522 3000 3
persist 50285 3000 3
persist 51969 3000 3
persist 51109 3000 3
persist 52268 3000 3
persist 51276 3000 3
persist 52352 3000 3
persist 51609 3000 3
persist 51429 3000 3
persist 51897 3000 3
persist 52893 3000 3
write base data version: 64800, memory: 4362297344 bytes (4160.21 MB)
persist 53629 3000 3
persist 52787 3000 3
persist 52721 3000 3
persist 51284 3000 3
persist 53358 3000 3
persist 51607 3000 3
persist 49346 3000 3
persist 51097 3000 3
persist 51175 3000 3
persist 52352 3000 3
persist 50455 3000 3
persist 52152 3000 3
persist 50980 3000 3
persist 50442 3000 3
persist 52282 3000 3
persist 50224 3000 3
persist 53076 3000 3
persist 76223 4000 4
persist 52230 3000 3
persist 51157 3000 3
persist 52136 3000 3
persist 54718 3000 3
persist 54459 3000 3
persist 54119 3000 3
persist 48702 3000 3
persist 49429 3000 3
persist 50259 3000 3
persist 50119 3000 3
persist 50826 3000 3
persist 51579 3000 3
persist 48107 3000 3
persist 49905 3000 3
persist 50952 3000 3
write base data version: 64900, memory: 4505542656 bytes (4296.82 MB)
persist 50620 3000 3
persist 52810 3000 3
persist 50380 3000 3
persist 51506 3000 3
persist 48604 3000 3
persist 49418 3000 3
persist 51099 3000 3
persist 51695 3000 3
persist 50822 3000 3
persist 51372 3000 3
persist 50709 3000 3
persist 50328 3000 3
persist 49951 3000 3
persist 48956 3000 3
persist 49597 3000 3
persist 66622 4000 4
persist 51159 3000 3
persist 52078 3000 3
persist 51961 3000 3
persist 53724 3000 3
persist 52879 3000 3
persist 75558 4000 4
persist 53523 3000 3
persist 50594 3000 3
persist 49626 3000 3
persist 50272 3000 3
persist 51689 3000 3
persist 51773 3000 3
persist 51182 3000 3
persist 68898 4000 4
persist 52389 3000 3
persist 51786 3000 3
write base data version: 65000, memory: 4647927808 bytes (4432.61 MB)
persist 52165 3000 3
persist 50212 3000 3
persist 51189 3000 3
persist 50961 3000 3
persist 49609 3000 3
persist 52273 3000 3
persist 48855 3000 3
persist 71372 4000 4
persist 50984 3000 3
persist 51565 3000 3
persist 50814 3000 3
persist 51082 3000 3
persist 52147 3000 3
persist 51473 3000 3
persist 52274 3000 3
persist 50217 3000 3
persist 50785 3000 3
persist 52638 3000 3
persist 48488 3000 3
persist 70811 4000 4
persist 54936 3000 3
persist 50043 3000 3
persist 41650 2000 2
persist 55396 3000 3
persist 57319 3000 3
persist 47684 3000 3
persist 43137 2000 2
persist 62288 3000 3
persist 41483 2000 2
persist 54376 3000 3
persist 53185 3000 3
persist 52889 3000 3
persist 54459 3000 3
persist 53936 3000 3
write base data version: 65100, memory: 4797485056 bytes (4575.24 MB)
persist 53023 3000 3
persist 74687 3000 3
persist 55662 3000 3
persist 56304 3000 3
persist 53583 3000 3
persist 54827 3000 3
persist 55754 3000 3
persist 59265 3000 3
persist 54397 3000 3
persist 54416 3000 3
persist 52577 3000 3
persist 50657 3000 3
persist 56586 3000 3
persist 62777 3000 3
persist 53596 3000 3
persist 54442 3000 3
persist 53560 3000 3
persist 54551 3000 3
persist 55621 3000 3
persist 48774 3000 3
persist 47787 3000 3
persist 48456 3000 3
persist 43925 3000 3
persist 45143 3000 3
persist 48187 3000 3
persist 51632 3000 3
persist 53011 3000 3
persist 38428 2000 2
persist 52537 3000 3
persist 53372 3000 3
persist 52994 3000 3
persist 52809 3000 3
persist 49904 3000 3
write base data version: 65200, memory: 4423323648 bytes (4218.41 MB)
persist 50855 3000 3
persist 52386 3000 3
persist 49363 3000 3
persist 48692 3000 3
persist 53521 3000 3
persist 52221 3000 3
persist 49301 3000 3
persist 49382 3000 3
persist 51308 3000 3
persist 54515 3000 3
persist 59765 3000 3
persist 52223 3000 3
persist 54108 3000 3
persist 51156 3000 3
persist 51262 3000 3
persist 51196 3000 3
persist 51584 3000 3
persist 52567 3000 3
persist 57694 3000 3
persist 59770 3000 3
persist 61198 3000 3
persist 59125 3000 3
persist 61934 3000 3
persist 58640 3000 3
persist 61378 3000 3
persist 58216 3000 3
persist 59680 3000 3
persist 53859 3000 3
persist 52271 3000 3
persist 51199 3000 3
persist 52787 3000 3
persist 58681 3000 3
persist 54654 3000 3
persist 52091 3000 3
write base data version: 65300, memory: 4561915904 bytes (4350.58 MB)
persist 53519 3000 3
persist 52878 3000 3
persist 52705 3000 3
persist 51908 3000 3
persist 52796 3000 3
persist 52846 3000 3
persist 54153 3000 3
persist 54333 3000 3
persist 53600 3000 3
persist 53830 3000 3
persist 51677 3000 3
persist 52710 3000 3
persist 52821 3000 3
persist 53714 3000 3
persist 60783 3000 3
persist 58470 3000 3
persist 54189 3000 3
persist 49245 3000 3
persist 54744 3000 3
persist 53658 3000 3
persist 45778 3000 3
persist 54820 3000 3
persist 43149 2000 2
persist 63840 3000 3
persist 61763 3000 3
persist 59306 3000 3
persist 48948 3000 3
persist 47135 3000 3
persist 44782 3000 3
persist 45367 3000 3
persist 51566 3000 3
persist 36825 2000 2
persist 52287 3000 3
persist 52500 3000 3
write base data version: 65400, memory: 4711919616 bytes (4493.64 MB)
persist 53503 3000 3
persist 53534 3000 3
persist 54742 3000 3
persist 53497 3000 3
persist 53241 3000 3
persist 53758 3000 3
persist 50357 3000 3
persist 50222 3000 3
persist 44438 3000 3
persist 52636 3000 3
persist 49913 3000 3
persist 46839 3000 3
persist 51476 3000 3
persist 45033 2000 2
persist 56677 3000 3
persist 50588 3000 3
persist 56376 3000 3
persist 51202 3000 3
persist 46445 3000 3
persist 49263 3000 3
persist 51977 3000 3
persist 55369 3000 3
persist 31873 2000 2
persist 49915 3000 3
persist 37628 2000 2
persist 53054 3000 3
persist 53143 3000 3
persist 51929 3000 3
persist 45194 3000 3
persist 52069 3000 3
persist 37417 2000 2
persist 54554 3000 3
persist 53475 3000 3
persist 54952 3000 3
write base data version: 65500, memory: 4353552384 bytes (4151.87 MB)
persist 52489 3000 3
persist 53504 3000 3
persist 54366 3000 3
persist 53237 3000 3
persist 53775 3000 3
persist 51325 3000 3
persist 52934 3000 3
persist 53641 3000 3
persist 54264 3000 3
persist 52727 3000 3
persist 50306 3000 3
persist 52834 3000 3
persist 51883 3000 3
persist 51440 3000 3
persist 51465 3000 3
persist 52323 3000 3
persist 51727 3000 3
persist 52146 3000 3
persist 51850 3000 3
persist 51896 3000 3
persist 52362 3000 3
persist 51364 3000 3
persist 52825 3000 3
persist 54310 3000 3
persist 53998 3000 3
persist 53171 3000 3
persist 50558 3000 3
persist 50333 3000 3
persist 51357 3000 3
persist 53830 3000 3
persist 74427 4000 4
persist 51794 3000 3
persist 54466 3000 3
write base data version: 65600, memory: 4495253504 bytes (4287.01 MB)
persist 51660 3000 3
persist 49412 3000 3
persist 51073 3000 3
persist 50192 3000 3
persist 49700 3000 3
persist 49513 3000 3
persist 47578 3000 3
persist 48215 3000 3
persist 50520 3000 3
persist 50833 3000 3
persist 50516 3000 3
persist 51388 3000 3
persist 73067 4000 4
persist 50564 3000 3
persist 51693 3000 3
persist 51579 3000 3
persist 51768 3000 3
persist 51302 3000 3
persist 51059 3000 3
persist 52947 3000 3
persist 52600 3000 3
persist 50988 3000 3
persist 50535 3000 3
persist 51327 3000 3
persist 51027 3000 3
persist 52180 3000 3
persist 53380 3000 3
persist 51374 3000 3
persist 51993 3000 3
persist 51459 3000 3
persist 52452 3000 3
persist 52496 3000 3
persist 54456 3000 3
write base data version: 65700, memory: 4638269440 bytes (4423.40 MB)
persist 56656 3000 3
persist 53697 3000 3
persist 49460 3000 3
persist 51436 3000 3
persist 51604 3000 3
persist 51987 3000 3
persist 50046 3000 3
persist 50275 3000 3
persist 52460 3000 3
persist 50621 3000 3
persist 49708 3000 3
persist 51556 3000 3
persist 49534 3000 3
persist 50514 3000 3
persist 52212 3000 3
persist 50947 3000 3
persist 51025 3000 3
persist 51557 3000 3
persist 51303 3000 3
persist 51847 3000 3
persist 50783 3000 3
persist 52654 3000 3
persist 49605 3000 3
persist 45264 3000 3
persist 47153 3000 3
persist 51179 3000 3
persist 37136 2000 2
persist 52484 3000 3
persist 50018 3000 3
persist 51239 3000 3
persist 51338 3000 3
persist 52798 3000 3
persist 50972 3000 3
persist 52501 3000 3
write base data version: 65800, memory: 4782071808 bytes (4560.54 MB)
persist 52763 3000 3
persist 50778 3000 3
persist 51146 3000 3
persist 52126 3000 3
persist 51295 3000 3
persist 51983 3000 3
persist 50882 3000 3
persist 52140 3000 3
persist 52245 3000 3
persist 53468 3000 3
persist 52193 3000 3
persist 48603 3000 3
persist 51154 3000 3
persist 51904 3000 3
persist 58338 3000 3
persist 67793 4000 4
persist 51647 3000 3
persist 52085 3000 3
persist 51803 3000 3
persist 52187 3000 3
persist 58254 3000 3
persist 53582 3000 3
persist 53552 3000 3
persist 51848 3000 3
persist 52294 3000 3
persist 52962 3000 3
persist 53166 3000 3
persist 53504 3000 3
persist 53171 3000 3
persist 52109 3000 3
persist 54191 3000 3
persist 53930 3000 3
persist 52293 3000 3
write base data version: 65900, memory: 4411727872 bytes (4207.35 MB)
persist 52734 3000 3
persist 55626 3000 3
persist 53170 3000 3
persist 53589 3000 3
persist 54816 3000 3
persist 54988 3000 3
persist 51964 3000 3
persist 51043 3000 3
persist 51497 3000 3
persist 51605 3000 3
persist 53022 3000 3
persist 51865 3000 3
persist 52692 3000 3
persist 52408 3000 3
persist 52632 3000 3
persist 54054 3000 3
persist 56094 3000 3
persist 55010 3000 3
persist 61252 3000 3
persist 59961 3000 3
persist 61005 3000 3
persist 58169 3000 3
persist 48131 3000 3
persist 44314 3000 3
persist 46738 3000 3
persist 58417 3000 3
persist 52332 3000 3
persist 37020 2000 2
persist 58572 3000 3
persist 59292 3000 3
persist 59603 3000 3
persist 59242 3000 3
persist 59086 3000 3
persist 58654 3000 3
write base data version: 66000, memory: 4547792896 bytes (4337.11 MB)
persist 59048 3000 3
persist 58634 3000 3
persist 60752 3000 3
persist 59215 3000 3
persist 86759 4000 4
persist 57708 3000 3
persist 58865 3000 3
persist 52410 3000 3
persist 53100 3000 3
persist 53256 3000 3
persist 49038 3000 3
persist 45550 3000 3
persist 47778 3000 3
persist 49883 3000 3
persist 47465 3000 3
persist 46432 3000 3
persist 52688 3000 3
persist 53130 3000 3
persist 50702 3000 3
persist 43519 3000 3
persist 56906 3000 3
persist 60582 3000 3
persist 64343 3000 3
persist 127615 6000 6
persist 144954 8000 8
persist 165686 9000 9
write base data version: 66100, memory: 4701306880 bytes (4483.52 MB)
persist 175813 10000 10
persist 141806 8000 8
persist 67586 4000 4
persist 52116 3000 3
persist 49130 3000 3
persist 66108 4000 4
persist 53273 3000 3
persist 49837 3000 3
persist 50842 3000 3
persist 48451 3000 3
persist 50179 3000 3
persist 50745 3000 3
persist 51150 3000 3
persist 69829 4000 4
persist 51597 3000 3
persist 49924 3000 3
persist 47482 3000 3
persist 50986 3000 3
persist 52635 3000 3
persist 47844 3000 3
persist 47965 3000 3
persist 46555 3000 3
persist 46968 3000 3
persist 48886 3000 3
persist 37275 2000 2
persist 59372 3000 3
persist 56366 3000 3
persist 77598 3000 3
persist 56095 3000 3
persist 58067 3000 3
write base data version: 66200, memory: 4333268992 bytes (4132.53 MB)
persist 86700 4000 4
persist 56624 3000 3
persist 58365 3000 3
persist 55320 3000 3
persist 57668 3000 3
persist 58185 3000 3
persist 57397 3000 3
persist 58553 3000 3
persist 58531 3000 3
persist 50541 3000 3
persist 51199 3000 3
persist 49756 3000 3
persist 48985 3000 3
persist 47772 3000 3
persist 49153 3000 3
persist 50070 3000 3
persist 51783 3000 3
persist 53142 3000 3
persist 51511 3000 3
persist 51395 3000 3
persist 50920 3000 3
persist 49984 3000 3
persist 51760 3000 3
persist 52893 3000 3
persist 50323 3000 3
persist 51110 3000 3
persist 50391 3000 3
persist 50520 3000 3
persist 49974 3000 3
persist 49596 3000 3
persist 50208 3000 3
persist 51828 3000 3
persist 50393 3000 3
persist 51496 3000 3
write base data version: 66300, memory: 4476321792 bytes (4268.95 MB)
persist 51470 3000 3
persist 52382 3000 3
persist 54876 3000 3
persist 50208 3000 3
persist 51952 3000 3
persist 53148 3000 3
persist 50303 3000 3
persist 50666 3000 3
persist 51851 3000 3
persist 48271 3000 3
persist 50293 3000 3
persist 47064 3000 3
persist 43846 3000 3
persist 46694 3000 3
persist 49252 3000 3
persist 48207 3000 3
persist 50070 3000 3
persist 50307 3000 3
persist 48524 3000 3
persist 52044 3000 3
persist 49822 3000 3
persist 51301 3000 3
persist 48893 3000 3
persist 51819 3000 3
persist 74219 4000 4
persist 51834 3000 3
persist 52336 3000 3
persist 49321 3000 3
persist 49493 3000 3
persist 51651 3000 3
persist 50055 3000 3
persist 51376 3000 3
persist 48556 3000 3
write base data version: 66400, memory: 4619010048 bytes (4405.03 MB)
persist 48084 3000 3
persist 50126 3000 3
persist 68836 4000 4
persist 49927 3000 3
persist 52229 3000 3
persist 49894 3000 3
persist 52402 3000 3
persist 51641 3000 3
persist 51553 3000 3
persist 50938 3000 3
persist 50000 3000 3
persist 49621 3000 3
persist 49692 3000 3
persist 51898 3000 3
persist 52559 3000 3
persist 52003 3000 3
persist 74671 4000 4
persist 48719 3000 3
persist 50417 3000 3
persist 50782 3000 3
persist 51707 3000 3
persist 52223 3000 3
persist 52525 3000 3
persist 47231 3000 3
persist 45849 3000 3
persist 47237 3000 3
persist 47883 3000 3
persist 44447 3000 3
persist 45966 3000 3
persist 54044 3000 3
persist 52734 3000 3
persist 48424 3000 3
write base data version: 66500, memory: 4761989120 bytes (4541.39 MB)
persist 52212 3000 3
persist 52972 3000 3
persist 52596 3000 3
persist 53592 3000 3
persist 49324 3000 3
persist 49438 3000 3
persist 51177 3000 3
persist 50935 3000 3
persist 50864 3000 3
persist 52346 3000 3
persist 50613 3000 3
persist 50492 3000 3
persist 49925 3000 3
persist 50892 3000 3
persist 51399 3000 3
persist 51917 3000 3
persist 49979 3000 3
persist 52107 3000 3
persist 48980 3000 3
persist 47774 3000 3
persist 48238 3000 3
persist 46642 3000 3
persist 49218 3000 3
persist 44786 3000 3
persist 50329 3000 3
persist 45143 3000 3
persist 44376 3000 3
persist 49699 3000 3
persist 50940 3000 3
persist 53511 3000 3
persist 53558 3000 3
persist 55335 3000 3
persist 49870 3000 3
persist 54960 3000 3
write base data version: 66600, memory: 4394016768 bytes (4190.46 MB)
persist 56110 3000 3
persist 52846 3000 3
persist 52144 3000 3
persist 53502 3000 3
persist 52209 3000 3
persist 54177 3000 3
persist 53308 3000 3
persist 51895 3000 3
persist 54893 3000 3
persist 52706 3000 3
persist 51698 3000 3
persist 52629 3000 3
persist 50995 3000 3
persist 68084 4000 4
persist 52767 3000 3
persist 51572 3000 3
persist 51548 3000 3
persist 50043 3000 3
persist 51613 3000 3
persist 50603 3000 3
persist 51927 3000 3
persist 51130 3000 3
persist 51229 3000 3
persist 54327 3000 3
persist 56919 3000 3
persist 57371 3000 3
persist 53963 3000 3
persist 53528 3000 3
persist 52246 3000 3
persist 54194 3000 3
persist 51507 3000 3
persist 53064 3000 3
write base data version: 66700, memory: 4536373248 bytes (4326.22 MB)
persist 72180 4000 4
persist 51521 3000 3
persist 49591 3000 3
persist 51135 3000 3
persist 50829 3000 3
persist 50361 3000 3
persist 51183 3000 3
persist 49516 3000 3
persist 49050 3000 3
persist 49482 3000 3
persist 50063 3000 3
persist 51614 3000 3
persist 49568 3000 3
persist 71492 4000 4
persist 53128 3000 3
persist 51980 3000 3
persist 52162 3000 3
persist 52380 3000 3
persist 53426 3000 3
persist 52132 3000 3
persist 51482 3000 3
persist 50426 3000 3
persist 50992 3000 3
persist 52432 3000 3
persist 51847 3000 3
persist 51938 3000 3
persist 52458 3000 3
persist 50943 3000 3
persist 51298 3000 3
persist 52912 3000 3
persist 51873 3000 3
persist 51915 3000 3
persist 50656 3000 3
write base data version: 66800, memory: 4692164608 bytes (4474.80 MB)
persist 50074 3000 3
persist 51372 3000 3
persist 51525 3000 3
persist 51974 3000 3
persist 73913 4000 4
persist 50808 3000 3
persist 51801 3000 3
persist 52092 3000 3
persist 50923 3000 3
persist 50718 3000 3
persist 51403 3000 3
persist 50649 3000 3
persist 51709 3000 3
persist 55599 3000 3
persist 55402 3000 3
persist 55367 3000 3
persist 52904 3000 3
persist 55388 3000 3
persist 55073 3000 3
persist 56007 3000 3
persist 54436 3000 3
persist 56398 3000 3
persist 55176 3000 3
persist 56608 3000 3
persist 53127 3000 3
persist 77095 2000 2
persist 44341 3000 3
persist 48194 3000 3
persist 52563 3000 3
persist 38102 2000 2
persist 50661 3000 3
persist 51955 3000 3
persist 51232 3000 3
persist 45241 3000 3
write base data version: 66900, memory: 4845858816 bytes (4621.37 MB)
persist 44901 3000 3
persist 47953 3000 3
persist 50565 3000 3
persist 50972 3000 3
persist 51547 3000 3
persist 51574 3000 3
persist 51840 3000 3
persist 52424 3000 3
persist 51314 3000 3
persist 51943 3000 3
persist 52404 3000 3
persist 52596 3000 3
persist 49178 3000 3
persist 52337 3000 3
persist 52676 3000 3
persist 51211 3000 3
persist 52340 3000 3
persist 50043 3000 3
persist 52328 3000 3
persist 51595 3000 3
persist 51774 3000 3
persist 49147 3000 3
persist 48370 3000 3
persist 50917 3000 3
persist 52102 3000 3
persist 72933 4000 4
persist 51600 3000 3
persist 52002 3000 3
persist 51914 3000 3
persist 50807 3000 3
persist 51852 3000 3
persist 50906 3000 3
persist 49240 3000 3
write base data version: 67000, memory: 4472090624 bytes (4264.92 MB)
persist 49152 3000 3
persist 50079 3000 3
persist 52573 3000 3
persist 50620 3000 3
persist 68736 4000 4
persist 50397 3000 3
persist 51871 3000 3
persist 51448 3000 3
persist 51500 3000 3
persist 53617 3000 3
persist 55180 3000 3
persist 54116 3000 3
persist 55754 3000 3
persist 52813 3000 3
persist 54920 3000 3
persist 54228 3000 3
persist 51849 3000 3
persist 53190 3000 3
persist 47746 3000 3
persist 48616 3000 3
persist 49457 3000 3
persist 48688 3000 3
persist 50284 3000 3
persist 50884 3000 3
persist 51334 3000 3
persist 49435 3000 3
persist 50777 3000 3
persist 49107 3000 3
persist 50870 3000 3
persist 46550 3000 3
persist 42570 3000 3
persist 41635 3000 3
persist 44656 3000 3
write base data version: 67100, memory: 4614688768 bytes (4400.91 MB)
persist 46889 3000 3
persist 42428 3000 3
persist 41195 3000 3
persist 45438 3000 3
persist 51529 3000 3
persist 48668 3000 3
persist 48289 3000 3
persist 50334 3000 3
persist 50862 3000 3
persist 49439 3000 3
persist 46202 3000 3
persist 50459 3000 3
persist 50609 3000 3
persist 49495 3000 3
persist 44682 3000 3
persist 47970 3000 3
persist 50223 3000 3
persist 48958 3000 3
persist 46988 3000 3
persist 43664 3000 3
persist 43622 3000 3
persist 45193 3000 3
persist 43268 3000 3
persist 49206 3000 3
persist 37358 2000 2
persist 50543 3000 3
persist 50306 3000 3
persist 50268 3000 3
persist 52300 3000 3
persist 53243 3000 3
persist 53316 3000 3
persist 53035 3000 3
persist 53318 3000 3
persist 52254 3000 3
write base data version: 67200, memory: 4757876736 bytes (4537.46 MB)
persist 52020 3000 3
persist 53177 3000 3
persist 52480 3000 3
persist 51331 3000 3
persist 50554 3000 3
persist 51110 3000 3
persist 51296 3000 3
persist 51056 3000 3
persist 51011 3000 3
persist 49950 3000 3
persist 50730 3000 3
persist 50683 3000 3
persist 48784 3000 3
persist 49245 3000 3
persist 51610 3000 3
persist 50215 3000 3
persist 52691 3000 3
persist 52556 3000 3
persist 53257 3000 3
persist 54334 3000 3
persist 44645 3000 3
persist 40952 3000 3
persist 46610 3000 3
persist 48673 3000 3
persist 50513 3000 3
persist 46177 3000 3
persist 79078 3000 3
persist 53544 3000 3
persist 51121 3000 3
persist 45798 3000 3
persist 37535 2000 2
persist 53247 3000 3
persist 52463 3000 3
write base data version: 67300, memory: 4387930112 bytes (4184.66 MB)
persist 48592 3000 3
persist 38393 2000 2
persist 56412 3000 3
persist 56507 3000 3
persist 54308 3000 3
persist 50103 3000 3
persist 46803 3000 3
persist 38220 2000 2
persist 53371 3000 3
persist 52623 3000 3
persist 43355 3000 3
persist 51370 3000 3
persist 37712 2000 2
persist 52111 3000 3
persist 50078 3000 3
persist 51248 3000 3
persist 51956 3000 3
persist 52949 3000 3
persist 49791 3000 3
persist 48548 3000 3
persist 47151 3000 3
persist 49052 3000 3
persist 37155 2000 2
persist 52424 3000 3
persist 52236 3000 3
persist 48318 3000 3
persist 42845 3000 3
persist 52058 3000 3
persist 36022 2000 2
persist 50113 3000 3
persist 51496 3000 3
persist 54196 3000 3
persist 52024 3000 3
persist 52037 3000 3
persist 48218 3000 3
write base data version: 67400, memory: 4517019648 bytes (4307.77 MB)
persist 53122 3000 3
persist 38699 2000 2
persist 55673 3000 3
persist 53794 3000 3
persist 49587 3000 3
persist 53894 3000 3
persist 52452 3000 3
persist 43967 3000 3
persist 46724 3000 3
persist 50619 3000 3
persist 35965 2000 2
persist 50492 3000 3
persist 51010 3000 3
persist 50300 3000 3
persist 50418 3000 3
persist 47727 3000 3
persist 44661 3000 3
persist 47647 3000 3
persist 36368 2000 2
persist 51640 3000 3
persist 53727 3000 3
persist 53688 3000 3
persist 53098 3000 3
persist 51853 3000 3
persist 59603 3000 3
persist 61004 3000 3
persist 59581 3000 3
persist 61670 3000 3
persist 60636 3000 3
persist 58865 3000 3
persist 59258 3000 3
persist 58931 3000 3
persist 57650 3000 3
persist 59686 3000 3
persist 58028 3000 3
write base data version: 67500, memory: 4659871744 bytes (4444.00 MB)
persist 57123 3000 3
persist 57728 3000 3
persist 56959 3000 3
persist 56777 3000 3
persist 56903 3000 3
persist 57882 3000 3
persist 58220 3000 3
persist 58557 3000 3
persist 58600 3000 3
persist 58791 3000 3
persist 58446 3000 3
persist 59692 3000 3
persist 60941 3000 3
persist 59457 3000 3
persist 59944 3000 3
persist 59600 3000 3
persist 60183 3000 3
persist 60410 3000 3
persist 58840 3000 3
persist 51977 3000 3
persist 52426 3000 3
persist 47707 3000 3
persist 51714 3000 3
persist 54095 3000 3
persist 60163 3000 3
persist 55101 3000 3
persist 51931 3000 3
persist 50725 3000 3
persist 54682 3000 3
persist 50733 3000 3
persist 45875 3000 3
persist 46194 3000 3
persist 47219 3000 3
write base data version: 67600, memory: 4804874240 bytes (4582.29 MB)
persist 45840 3000 3
persist 46252 3000 3
persist 49525 3000 3
persist 48312 3000 3
persist 50284 3000 3
persist 38814 2000 2
persist 52649 3000 3
persist 52592 3000 3
persist 46525 3000 3
persist 37349 2000 2
persist 52360 3000 3
persist 53072 3000 3
persist 50861 3000 3
persist 47039 3000 3
persist 52626 3000 3
persist 38559 2000 2
persist 70169 3000 3
persist 56039 3000 3
persist 59307 3000 3
persist 53443 3000 3
persist 46153 3000 3
persist 44826 3000 3
persist 52822 3000 3
persist 39027 2000 2
persist 54106 3000 3
persist 59490 3000 3
persist 60073 3000 3
persist 59119 3000 3
persist 57905 3000 3
persist 56007 3000 3
persist 44388 3000 3
persist 52815 3000 3
persist 37281 2000 2
persist 53814 3000 3
persist 53010 3000 3
write base data version: 67700, memory: 4437200896 bytes (4231.64 MB)
persist 48728 3000 3
persist 50908 3000 3
persist 37838 2000 2
persist 53191 3000 3
persist 54719 3000 3
persist 53621 3000 3
persist 53163 3000 3
persist 51661 3000 3
persist 43775 3000 3
persist 48075 3000 3
persist 42730 2000 2
persist 53165 3000 3
persist 53392 3000 3
persist 51941 3000 3
persist 51094 3000 3
persist 51105 3000 3
persist 51559 3000 3
persist 48654 3000 3
persist 50361 3000 3
persist 53744 3000 3
persist 52413 3000 3
persist 52876 3000 3
persist 53304 3000 3
persist 54622 3000 3
persist 53084 3000 3
persist 53738 3000 3
persist 53913 3000 3
persist 54391 3000 3
persist 49832 3000 3
persist 50780 3000 3
persist 50804 3000 3
persist 52880 3000 3
persist 50391 3000 3
persist 50949 3000 3
write base data version: 67800, memory: 4580159488 bytes (4367.98 MB)
persist 51926 3000 3
persist 50701 3000 3
persist 52951 3000 3
persist 50829 3000 3
persist 50965 3000 3
persist 51613 3000 3
persist 51253 3000 3
persist 51455 3000 3
persist 52418 3000 3
persist 53253 3000 3
persist 49834 3000 3
persist 46342 3000 3
persist 48515 3000 3
persist 51756 3000 3
persist 48405 3000 3
persist 47749 3000 3
persist 46916 3000 3
persist 50473 3000 3
persist 51005 3000 3
persist 51990 3000 3
persist 46142 3000 3
persist 45637 3000 3
persist 49350 3000 3
persist 37920 2000 2
persist 52756 3000 3
persist 50757 3000 3
persist 50480 3000 3
persist 51565 3000 3
persist 45459 3000 3
persist 45348 3000 3
persist 46118 3000 3
persist 46512 3000 3
persist 43032 3000 3
persist 48047 3000 3
write base data version: 67900, memory: 4722966528 bytes (4504.17 MB)
persist 52158 3000 3
persist 37929 2000 2
persist 52140 3000 3
persist 52984 3000 3
persist 51494 3000 3
persist 53023 3000 3
persist 50211 3000 3
persist 43882 3000 3
persist 48775 3000 3
persist 36119 2000 2
persist 58989 3000 3
persist 54368 3000 3
persist 51821 3000 3
persist 50965 3000 3
persist 44100 3000 3
persist 47401 3000 3
persist 49615 3000 3
persist 49068 3000 3
persist 49406 3000 3
persist 51539 3000 3
persist 48377 3000 3
persist 46801 3000 3
persist 45479 3000 3
persist 35124 2000 2
persist 51792 3000 3
persist 50673 3000 3
persist 52522 3000 3
persist 46556 3000 3
persist 47132 3000 3
persist 36471 2000 2
persist 51153 3000 3
persist 50563 3000 3
persist 50133 3000 3
persist 52477 3000 3
write base data version: 68000, memory: 4827574272 bytes (4603.93 MB)
persist 51565 3000 3
persist 43719 3000 3
persist 37270 2000 2
persist 53596 3000 3
persist 52374 3000 3
persist 44963 3000 3
persist 54855 3000 3
persist 38015 2000 2
persist 53858 3000 3
persist 54487 3000 3
persist 54764 3000 3
persist 54777 3000 3
persist 54467 3000 3
persist 54024 3000 3
persist 55908 3000 3
persist 52367 3000 3
persist 55423 3000 3
persist 52490 3000 3
persist 54429 3000 3
persist 53465 3000 3
persist 53652 3000 3
persist 53485 3000 3
persist 48302 3000 3
persist 45814 3000 3
persist 45736 3000 3
persist 48455 3000 3
persist 48805 3000 3
persist 47281 3000 3
persist 47931 3000 3
persist 48034 3000 3
persist 46949 3000 3
persist 46745 3000 3
persist 55839 3000 3
persist 51700 3000 3
persist 42179 2000 2
write base data version: 68100, memory: 4452261888 bytes (4246.01 MB)
persist 57277 3000 3
persist 58518 3000 3
persist 61342 3000 3
persist 59530 3000 3
persist 58398 3000 3
persist 61853 3000 3
persist 57947 3000 3
persist 59802 3000 3
persist 54642 3000 3
persist 54474 3000 3
persist 54579 3000 3
persist 51792 3000 3
persist 53341 3000 3
persist 53398 3000 3
persist 53434 3000 3
persist 49006 3000 3
persist 51077 3000 3
persist 51511 3000 3
persist 52519 3000 3
persist 51983 3000 3
persist 52465 3000 3
persist 49420 3000 3
persist 45594 3000 3
persist 47397 3000 3
persist 45044 3000 3
persist 46955 3000 3
persist 44963 3000 3
persist 48416 3000 3
persist 38452 2000 2
persist 53440 3000 3
persist 52231 3000 3
persist 52183 3000 3
persist 51452 3000 3
write base data version: 68200, memory: 4588494848 bytes (4375.93 MB)
persist 46035 3000 3
persist 47474 3000 3
persist 51094 3000 3
persist 47802 3000 3
persist 40855 3000 3
persist 43659 3000 3
persist 47563 3000 3
persist 47700 3000 3
persist 49122 3000 3
persist 48062 3000 3
persist 50745 3000 3
persist 47583 3000 3
persist 45069 3000 3
persist 42893 3000 3
persist 44675 3000 3
persist 41408 3000 3
persist 41380 3000 3
persist 43433 3000 3
persist 47844 3000 3
persist 48096 3000 3
persist 48168 3000 3
persist 43014 3000 3
persist 44741 3000 3
persist 47245 3000 3
persist 45340 3000 3
persist 46167 3000 3
persist 49258 3000 3
persist 37293 2000 2
persist 51716 3000 3
persist 52003 3000 3
persist 51229 3000 3
persist 52956 3000 3
persist 51089 3000 3
persist 45096 3000 3
write base data version: 68300, memory: 4731179008 bytes (4512.00 MB)
persist 51261 3000 3
persist 51208 3000 3
persist 53608 3000 3
persist 53372 3000 3
persist 52792 3000 3
persist 52812 3000 3
persist 54544 3000 3
persist 53197 3000 3
persist 51610 3000 3
persist 48260 3000 3
persist 50158 3000 3
persist 51514 3000 3
persist 53664 3000 3
persist 52159 3000 3
persist 59216 3000 3
persist 55196 3000 3
persist 46514 3000 3
persist 47617 3000 3
persist 48670 3000 3
persist 52285 3000 3
persist 36970 2000 2
persist 48002 3000 3
persist 51342 3000 3
persist 64760 3000 3
persist 53183 3000 3
persist 50245 3000 3
persist 52732 3000 3
persist 52728 3000 3
persist 51173 3000 3
persist 52260 3000 3
persist 49528 3000 3
persist 53830 3000 3
persist 53186 3000 3
persist 51517 3000 3
write base data version: 68400, memory: 4364210176 bytes (4162.04 MB)
persist 51427 3000 3
persist 52659 3000 3
persist 52299 3000 3
persist 52889 3000 3
persist 53408 3000 3
persist 53415 3000 3
persist 51403 3000 3
persist 51261 3000 3
persist 51054 3000 3
persist 52132 3000 3
persist 52498 3000 3
persist 51882 3000 3
persist 51421 3000 3
persist 50335 3000 3
persist 54407 3000 3
persist 52015 3000 3
persist 51776 3000 3
persist 51641 3000 3
persist 51571 3000 3
persist 52951 3000 3
persist 52535 3000 3
persist 51639 3000 3
persist 45962 3000 3
persist 43519 3000 3
persist 52202 3000 3
persist 53526 3000 3
persist 51547 3000 3
persist 52760 3000 3
persist 48835 3000 3
persist 48063 3000 3
persist 47152 3000 3
persist 46662 3000 3
persist 47666 3000 3
write base data version: 68500, memory: 4506984448 bytes (4298.20 MB)
persist 53498 3000 3
persist 53915 3000 3
persist 37771 2000 2
persist 47858 3000 3
persist 50513 3000 3
persist 53213 3000 3
persist 51498 3000 3
persist 50037 3000 3
persist 50195 3000 3
persist 49806 3000 3
persist 51038 3000 3
persist 51811 3000 3
persist 51792 3000 3
persist 45640 3000 3
persist 43353 3000 3
persist 41932 3000 3
persist 43169 3000 3
persist 40612 3000 3
persist 40608 3000 3
persist 40843 3000 3
persist 40709 3000 3
persist 40477 3000 3
persist 40915 3000 3
persist 43614 3000 3
persist 42633 3000 3
persist 43128 3000 3
persist 43031 3000 3
persist 51391 3000 3
persist 49808 3000 3
persist 51093 3000 3
persist 53640 3000 3
persist 51603 3000 3
persist 52422 3000 3
persist 50937 3000 3
write base data version: 68600, memory: 4650196992 bytes (4434.77 MB)
persist 52336 3000 3
persist 52246 3000 3
persist 50957 3000 3
persist 50673 3000 3
persist 50925 3000 3
persist 50593 3000 3
persist 52737 3000 3
persist 51534 3000 3
persist 51221 3000 3
persist 50672 3000 3
persist 50985 3000 3
persist 51154 3000 3
persist 53003 3000 3
persist 54107 3000 3
persist 52933 3000 3
persist 54630 3000 3
persist 51560 3000 3
persist 52432 3000 3
persist 53575 3000 3
persist 53360 3000 3
persist 51334 3000 3
persist 52261 3000 3
persist 52607 3000 3
persist 53615 3000 3
persist 54042 3000 3
persist 52289 3000 3
persist 53542 3000 3
persist 53803 3000 3
persist 53240 3000 3
persist 54126 3000 3
persist 50113 3000 3
persist 50864 3000 3
persist 48696 3000 3
write base data version: 68700, memory: 4793081856 bytes (4571.04 MB)
persist 46987 3000 3
persist 51480 3000 3
persist 37859 2000 2
persist 51840 3000 3
persist 52696 3000 3
persist 56869 3000 3
persist 58764 3000 3
persist 51964 3000 3
persist 46901 3000 3
persist 58876 3000 3
persist 43179 2000 2
persist 60287 3000 3
persist 60969 3000 3
persist 61214 3000 3
persist 60392 3000 3
persist 59608 3000 3
persist 46922 3000 3
persist 56908 3000 3
persist 45040 2000 2
persist 60878 3000 3
persist 55161 3000 3
persist 52438 3000 3
persist 54223 3000 3
persist 50684 3000 3
persist 45378 3000 3
persist 36840 2000 2
persist 54989 3000 3
persist 52436 3000 3
persist 53312 3000 3
persist 50558 3000 3
persist 44732 3000 3
persist 47422 3000 3
persist 52819 3000 3
persist 39341 2000 2
persist 53403 3000 3
write base data version: 68800, memory: 4423614464 bytes (4218.69 MB)
persist 54721 3000 3
persist 53565 3000 3
persist 49885 3000 3
persist 45030 3000 3
persist 49094 3000 3
persist 36236 2000 2
persist 51803 3000 3
persist 53224 3000 3
persist 53124 3000 3
persist 48003 3000 3
persist 48892 3000 3
persist 38556 2000 2
persist 51855 3000 3
persist 51531 3000 3
persist 51613 3000 3
persist 49847 3000 3
persist 50707 3000 3
persist 53067 3000 3
persist 49278 3000 3
persist 50576 3000 3
persist 60350 3000 3
persist 56956 3000 3
persist 53712 3000 3
persist 59611 3000 3
persist 58309 3000 3
persist 52338 3000 3
persist 57359 3000 3
persist 42239 2000 2
persist 57651 3000 3
persist 57239 3000 3
persist 56395 3000 3
persist 56823 3000 3
persist 58593 3000 3
persist 57477 3000 3
write base data version: 68900, memory: 4551442432 bytes (4340.59 MB)
persist 57199 3000 3
persist 59105 3000 3
persist 60757 3000 3
persist 59301 3000 3
persist 58832 3000 3
persist 59862 3000 3
persist 60839 3000 3
persist 60677 3000 3
persist 55540 3000 3
persist 53784 3000 3
persist 51217 3000 3
persist 52722 3000 3
persist 53076 3000 3
persist 52672 3000 3
persist 50597 3000 3
persist 46192 3000 3
persist 47349 3000 3
persist 52148 3000 3
persist 50867 3000 3
persist 49813 3000 3
persist 54553 3000 3
persist 52571 3000 3
persist 52086 3000 3
persist 54489 3000 3
persist 52235 3000 3
persist 47753 3000 3
persist 43631 3000 3
persist 52847 3000 3
persist 56318 3000 3
persist 55287 3000 3
persist 43762 2000 2
persist 59091 3000 3
persist 58931 3000 3
persist 58733 3000 3
write base data version: 69000, memory: 4694450176 bytes (4476.98 MB)
persist 60159 3000 3
persist 60450 3000 3
persist 59799 3000 3
persist 58901 3000 3
persist 59667 3000 3
persist 57842 3000 3
persist 57516 3000 3
persist 58956 3000 3
persist 59086 3000 3
persist 50086 3000 3
persist 52044 3000 3
persist 47606 3000 3
persist 51180 3000 3
persist 45098 2000 2
persist 59800 3000 3
persist 58517 3000 3
persist 59614 3000 3
persist 60218 3000 3
persist 58252 3000 3
persist 55821 3000 3
persist 57097 3000 3
persist 51732 3000 3
persist 50904 3000 3
persist 53530 3000 3
persist 46028 3000 3
persist 50243 3000 3
persist 37146 2000 2
persist 52187 3000 3
persist 52008 3000 3
persist 55087 3000 3
persist 46206 3000 3
persist 45813 3000 3
persist 48521 3000 3
persist 51077 2000 2
write base data version: 69100, memory: 4325761024 bytes (4125.37 MB)
persist 52624 3000 3
persist 53644 3000 3
persist 54200 3000 3
persist 54054 3000 3
persist 53308 3000 3
persist 45992 3000 3
persist 47422 3000 3
persist 49839 3000 3
persist 53438 3000 3
persist 38035 2000 2
persist 53581 3000 3
persist 54891 3000 3
persist 52452 3000 3
persist 46943 3000 3
persist 51013 3000 3
persist 61714 3000 3
persist 60027 3000 3
persist 61209 3000 3
persist 60958 3000 3
persist 59131 3000 3
persist 58208 3000 3
persist 31063 3000 3
persist 26204 3000 3
persist 32221 3000 3
persist 17319 2000 2
persist 28025 3000 3
persist 17180 2000 2
persist 23758 3000 3
persist 23748 2000 2
persist 23205 3000 3
persist 23931 2000 2
persist 23998 3000 3
persist 22800 3000 3
persist 24043 2000 2
persist 24134 3000 3
persist 30900 3000 3
write base data version: 69200, memory: 4468727808 bytes (4261.71 MB)
persist 22649 2000 2
persist 24133 3000 3
persist 24533 2000 2
persist 24093 3000 3
persist 24218 3000 3
persist 25856 2000 2
persist 24681 3000 3
persist 24232 2000 2
persist 26515 3000 3
persist 25087 3000 3
persist 24553 2000 2
persist 30607 3000 3
persist 25364 3000 3
persist 24112 2000 2
persist 23691 3000 3
persist 22458 3000 3
persist 24549 2000 2
persist 24133 3000 3
persist 29981 3000 3
persist 23169 2000 2
persist 24921 3000 3
persist 32001 3000 3
persist 17504 2000 2
persist 22525 3000 3
persist 24449 2000 2
persist 23888 3000 3
persist 23282 2000 2
persist 24300 3000 3
persist 22556 3000 3
persist 22113 2000 2
persist 23421 3000 3
persist 23526 2000 2
persist 23283 3000 3
persist 23780 2000 2
persist 25012 3000 3
persist 24565 2000 2
persist 23683 3000 3
persist 28454 3000 3
write base data version: 69300, memory: 4611465216 bytes (4397.84 MB)
persist 26013 2000 2
persist 23542 3000 3
persist 23674 2000 2
persist 24357 3000 3
persist 23999 2000 2
persist 23953 3000 3
persist 29701 3000 3
persist 16645 2000 2
persist 22305 3000 3
persist 26095 2000 2
persist 23742 3000 3
persist 24168 2000 2
persist 24026 3000 3
persist 32846 3000 3
persist 19999 2000 2
persist 23707 3000 3
persist 23970 2000 2
persist 23125 3000 3
persist 36600 2000 2
persist 51101 3000 3
persist 51480 3000 3
persist 51208 3000 3
persist 52184 3000 3
persist 51908 3000 3
persist 51336 3000 3
persist 48400 3000 3
persist 48502 3000 3
persist 49497 3000 3
persist 49097 3000 3
persist 46158 3000 3
persist 43293 3000 3
persist 46662 3000 3
persist 47009 3000 3
persist 42744 3000 3
persist 42605 3000 3
persist 46197 3000 3
write base data version: 69400, memory: 4754644992 bytes (4534.38 MB)
persist 46357 3000 3
persist 44983 3000 3
persist 43548 3000 3
persist 46738 3000 3
persist 45240 3000 3
persist 45214 3000 3
persist 45131 3000 3
persist 45303 3000 3
persist 44567 3000 3
persist 50925 3000 3
persist 59082 3000 3
persist 60072 3000 3
persist 53270 3000 3
persist 54780 3000 3
persist 57947 3000 3
persist 57541 3000 3
persist 58918 3000 3
persist 57489 3000 3
persist 57963 3000 3
persist 58133 3000 3
persist 55809 3000 3
persist 52752 3000 3
persist 53395 3000 3
persist 53147 3000 3
persist 53315 3000 3
persist 53569 3000 3
persist 54014 3000 3
persist 53974 3000 3
persist 54435 3000 3
persist 54208 3000 3
persist 49866 3000 3
persist 52435 3000 3
persist 52426 3000 3
persist 44813 3000 3
write base data version: 69500, memory: 4386480128 bytes (4183.27 MB)
persist 51130 3000 3
persist 37223 2000 2
persist 53236 3000 3
persist 53929 3000 3
persist 52560 3000 3
persist 52521 3000 3
persist 52869 3000 3
persist 52682 3000 3
persist 47489 3000 3
persist 44609 3000 3
persist 47281 3000 3
persist 49927 3000 3
persist 52661 3000 3
persist 37856 2000 2
persist 52328 3000 3
persist 53907 3000 3
persist 54108 3000 3
persist 52706 3000 3
persist 49139 3000 3
persist 54881 3000 3
persist 47185 3000 3
persist 50764 3000 3
persist 51997 3000 3
persist 50245 3000 3
persist 44480 3000 3
persist 43100 3000 3
persist 46112 3000 3
persist 48425 3000 3
persist 49949 3000 3
persist 51633 3000 3
persist 37080 2000 2
persist 54922 3000 3
persist 52803 3000 3
persist 53924 3000 3
write base data version: 69600, memory: 4528459776 bytes (4318.68 MB)
persist 50332 3000 3
persist 48643 3000 3
persist 49800 3000 3
persist 51157 3000 3
persist 51372 3000 3
persist 49143 3000 3
persist 49422 3000 3
persist 52538 3000 3
persist 47019 3000 3
persist 43387 3000 3
persist 43726 3000 3
persist 52664 3000 3
persist 37768 2000 2
persist 50661 3000 3
persist 52066 3000 3
persist 50016 3000 3
persist 42822 3000 3
persist 44709 3000 3
persist 47553 3000 3
persist 44627 3000 3
persist 37626 2000 2
persist 52806 3000 3
persist 52938 3000 3
persist 52534 3000 3
persist 44528 3000 3
persist 53813 3000 3
persist 37194 2000 2
persist 51863 3000 3
persist 53214 3000 3
persist 44319 3000 3
persist 52427 3000 3
persist 39233 2000 2
persist 54746 3000 3
persist 53905 3000 3
persist 55981 3000 3
write base data version: 69700, memory: 4675334144 bytes (4458.75 MB)
persist 53937 3000 3
persist 52479 3000 3
persist 54040 3000 3
persist 47554 3000 3
persist 48135 3000 3
persist 47080 3000 3
persist 48474 3000 3
persist 48067 3000 3
persist 52713 3000 3
persist 52946 3000 3
persist 45335 3000 3
persist 47961 3000 3
persist 51737 3000 3
persist 53462 3000 3
persist 54527 3000 3
persist 36309 2000 2
persist 52982 3000 3
persist 52519 3000 3
persist 52896 3000 3
persist 53434 3000 3
persist 55529 3000 3
persist 54546 3000 3
persist 51247 3000 3
persist 45739 3000 3
persist 47105 3000 3
persist 53250 3000 3
persist 50167 3000 3
persist 47502 3000 3
persist 46072 3000 3
persist 50620 3000 3
persist 37499 2000 2
persist 52251 3000 3
persist 53594 3000 3
persist 55825 3000 3
write base data version: 69800, memory: 4825255936 bytes (4601.72 MB)
persist 45621 3000 3
persist 35600 2000 2
persist 53782 3000 3
persist 54951 3000 3
persist 52755 3000 3
persist 54940 3000 3
persist 44915 3000 3
persist 48740 3000 3
persist 29303 2000 2
persist 38216 2000 2
persist 51572 3000 3
persist 52936 3000 3
persist 52415 3000 3
persist 52280 3000 3
persist 54416 3000 3
persist 44958 3000 3
persist 47586 3000 3
persist 51510 3000 3
persist 36011 2000 2
persist 52253 3000 3
persist 51134 3000 3
persist 51322 3000 3
persist 51121 3000 3
persist 42938 3000 3
persist 47093 3000 3
persist 51951 3000 3
persist 35934 2000 2
persist 52290 3000 3
persist 51358 3000 3
persist 52294 3000 3
persist 54565 3000 3
persist 45377 3000 3
persist 43020 3000 3
persist 47056 3000 3
persist 38524 2000 2
write base data version: 69900, memory: 4454158336 bytes (4247.82 MB)
persist 54163 3000 3
persist 54203 3000 3
persist 52368 3000 3
persist 51863 3000 3
persist 48075 3000 3
persist 42320 3000 3
persist 50963 3000 3
persist 49510 3000 3
persist 36285 2000 2
persist 50286 3000 3
persist 54068 3000 3
persist 53771 3000 3
persist 52311 3000 3
persist 50637 3000 3
persist 42992 3000 3
persist 48436 3000 3
persist 47004 3000 3
persist 45333 3000 3
persist 44203 3000 3
persist 43701 3000 3
persist 43724 3000 3
persist 40788 3000 3
persist 41618 3000 3
persist 42325 3000 3
persist 48516 3000 3
persist 35882 2000 2
persist 48697 3000 3
persist 49979 3000 3
persist 51439 3000 3
persist 50799 3000 3
persist 49983 3000 3
persist 51242 3000 3
persist 50199 3000 3
persist 50127 3000 3
write base data version: 70000, memory: 4597043200 bytes (4384.08 MB)
persist 51641 3000 3
persist 51410 3000 3
persist 50176 3000 3
persist 52236 3000 3
persist 52571 3000 3
persist 51189 3000 3
persist 51900 3000 3
persist 50403 3000 3
persist 52088 3000 3
persist 52414 3000 3
persist 52976 3000 3
persist 50722 3000 3
persist 45079 3000 3
persist 41180 3000 3
persist 46913 3000 3
persist 48022 3000 3
persist 44050 3000 3
persist 46323 3000 3
persist 50957 3000 3
persist 48839 3000 3
persist 50221 3000 3
persist 50642 3000 3
persist 51572 3000 3
persist 50616 3000 3
persist 50186 3000 3
persist 50927 3000 3
persist 51125 3000 3
persist 51347 3000 3
persist 53182 3000 3
persist 47465 3000 3
persist 51501 3000 3
persist 50786 3000 3
persist 49649 3000 3
write base data version: 70100, memory: 4740104192 bytes (4520.52 MB)
persist 49774 3000 3
persist 52179 3000 3
persist 51165 3000 3
persist 52210 3000 3
persist 51274 3000 3
persist 54951 3000 3
persist 49906 3000 3
persist 51465 3000 3
persist 53037 3000 3
persist 53041 3000 3
persist 51790 3000 3
persist 51073 3000 3
persist 49098 3000 3
persist 54605 3000 3
persist 53972 3000 3
persist 43484 3000 3
persist 41907 3000 3
persist 49280 3000 3
persist 43874 3000 3
persist 50483 3000 3
persist 36197 2000 2
persist 58143 3000 3
persist 44526 3000 3
persist 51990 3000 3
persist 36389 2000 2
persist 57424 3000 3
persist 59242 3000 3
persist 59092 3000 3
persist 43899 3000 3
persist 42625 2000 2
persist 55260 3000 3
persist 44364 2000 2
persist 59635 3000 3
persist 58499 3000 3
persist 45564 3000 3
write base data version: 70200, memory: 4371038208 bytes (4168.55 MB)
persist 58250 3000 3
persist 42396 2000 2
persist 57930 3000 3
persist 52501 3000 3
persist 51835 3000 3
persist 47345 3000 3
persist 43629 3000 3
persist 48604 3000 3
persist 36803 2000 2
persist 54028 3000 3
persist 53453 3000 3
persist 46323 3000 3
persist 48032 3000 3
persist 50938 3000 3
persist 38301 2000 2
persist 55277 3000 3
persist 52459 3000 3
persist 52880 3000 3
persist 45251 3000 3
persist 43691 3000 3
persist 45405 3000 3
persist 50818 3000 3
persist 60605 3000 3
persist 62691 3000 3
persist 62234 3000 3
persist 62681 3000 3
persist 56555 3000 3
persist 58710 3000 3
persist 59050 3000 3
persist 58155 3000 3
persist 53553 3000 3
persist 58543 3000 3
persist 63015 3000 3
persist 56976 3000 3
write base data version: 70300, memory: 4510429184 bytes (4301.48 MB)
persist 57705 3000 3
persist 57497 3000 3
persist 61620 3000 3
persist 61317 3000 3
persist 60377 3000 3
persist 63303 3000 3
persist 63981 3000 3
persist 43321 3000 3
persist 36064 3000 3
persist 23521 3000 3
persist 17074 2000 2
persist 22686 3000 3
persist 24484 2000 2
persist 25867 3000 3
persist 29524 2000 2
persist 53014 3000 3
persist 52110 3000 3
persist 52447 3000 3
persist 51349 3000 3
persist 45246 3000 3
persist 46151 3000 3
persist 50229 3000 3
persist 47979 3000 3
persist 47616 3000 3
persist 46522 3000 3
persist 54046 3000 3
persist 48179 3000 3
persist 44877 3000 3
persist 49405 3000 3
persist 47313 3000 3
persist 44738 3000 3
persist 47606 3000 3
persist 35729 2000 2
persist 52347 3000 3
persist 56677 3000 3
write base data version: 70400, memory: 4658585600 bytes (4442.77 MB)
persist 50941 3000 3
persist 49851 3000 3
persist 44165 3000 3
persist 41293 3000 3
persist 45846 3000 3
persist 50338 3000 3
persist 55138 3000 3
persist 54286 3000 3
persist 37820 2000 2
persist 51791 3000 3
persist 52333 3000 3
persist 53372 3000 3
persist 51720 3000 3
persist 47576 3000 3
persist 48214 3000 3
persist 48414 3000 3
persist 46624 3000 3
persist 46431 3000 3
persist 47740 3000 3
persist 48967 3000 3
persist 45668 3000 3
persist 43560 3000 3
persist 46653 3000 3
persist 46030 3000 3
persist 52932 3000 3
persist 37326 2000 2
persist 51221 3000 3
persist 51717 3000 3
persist 51928 3000 3
persist 47555 3000 3
persist 49259 3000 3
persist 39139 2000 2
persist 54126 3000 3
persist 54588 3000 3
write base data version: 70500, memory: 4801646592 bytes (4579.21 MB)
persist 55028 3000 3
persist 48816 3000 3
persist 49994 3000 3
persist 46529 3000 3
persist 35870 2000 2
persist 57987 3000 3
persist 46899 3000 3
persist 49506 3000 3
persist 38074 2000 2
persist 54274 3000 3
persist 53505 3000 3
persist 46067 3000 3
persist 49622 3000 3
persist 41857 2000 2
persist 59787 3000 3
persist 62765 3000 3
persist 59566 3000 3
persist 58487 3000 3
persist 58761 3000 3
persist 58976 3000 3
persist 60267 3000 3
persist 57337 3000 3
persist 57161 3000 3
persist 58305 3000 3
persist 58206 3000 3
persist 58441 3000 3
persist 58118 3000 3
persist 56035 3000 3
persist 55794 3000 3
persist 59038 3000 3
persist 58186 3000 3
persist 58927 3000 3
persist 57511 3000 3
persist 64245 3000 3
write base data version: 70600, memory: 4433551360 bytes (4228.16 MB)
persist 58383 3000 3
persist 58080 3000 3
persist 57989 3000 3
persist 58136 3000 3
persist 58207 3000 3
persist 88572 4000 4
persist 59243 3000 3
persist 51267 3000 3
persist 51297 3000 3
persist 51496 3000 3
persist 52449 3000 3
persist 53302 3000 3
persist 52777 3000 3
persist 52770 3000 3
persist 53327 3000 3
persist 54353 3000 3
persist 54419 3000 3
persist 53046 3000 3
persist 51156 3000 3
persist 51009 3000 3
persist 49904 3000 3
persist 52135 3000 3
persist 50324 3000 3
persist 51516 3000 3
persist 51003 3000 3
persist 53599 3000 3
persist 54609 3000 3
persist 45615 3000 3
persist 45433 3000 3
persist 50930 3000 3
persist 49060 3000 3
persist 48031 3000 3
persist 44889 3000 3
persist 45944 3000 3
write base data version: 70700, memory: 4576301056 bytes (4364.30 MB)
persist 45188 3000 3
persist 46816 3000 3
persist 41996 3000 3
persist 47511 3000 3
persist 51007 3000 3
persist 49123 3000 3
persist 47320 3000 3
persist 48044 3000 3
persist 52147 3000 3
persist 48637 3000 3
persist 43487 3000 3
persist 44768 3000 3
persist 46785 3000 3
persist 46114 3000 3
persist 44307 3000 3
persist 45832 3000 3
persist 49903 3000 3
persist 52413 3000 3
persist 51242 3000 3
persist 53008 3000 3
persist 51470 3000 3
persist 49912 3000 3
persist 46403 3000 3
persist 47420 3000 3
persist 47619 3000 3
persist 48159 3000 3
persist 46091 3000 3
persist 45695 3000 3
persist 47704 3000 3
persist 45511 3000 3
persist 42254 3000 3
persist 44276 3000 3
persist 48090 3000 3
write base data version: 70800, memory: 4719235072 bytes (4500.61 MB)
persist 42661 3000 3
persist 41661 3000 3
persist 44258 3000 3
persist 45972 3000 3
persist 46653 3000 3
persist 51081 3000 3
persist 37494 2000 2
persist 51811 3000 3
persist 52464 3000 3
persist 52382 3000 3
persist 53449 3000 3
persist 55162 3000 3
persist 53798 3000 3
persist 53366 3000 3
persist 52704 3000 3
persist 53434 3000 3
persist 52541 3000 3
persist 52627 3000 3
persist 52477 3000 3
persist 52491 3000 3
persist 53669 3000 3
persist 51560 3000 3
persist 53180 3000 3
persist 54875 3000 3
persist 53261 3000 3
persist 53364 3000 3
persist 57987 3000 3
persist 56085 3000 3
persist 54521 3000 3
persist 64876 3000 3
persist 87394 4000 4
persist 47335 3000 3
persist 46334 3000 3
write base data version: 70900, memory: 4865630208 bytes (4640.23 MB)
persist 44153 3000 3
persist 43540 3000 3
persist 42330 3000 3
persist 43585 3000 3
persist 64759 3000 3
persist 53996 3000 3
persist 54205 3000 3
persist 51215 3000 3
persist 45094 3000 3
persist 37182 2000 2
persist 50951 3000 3
persist 54456 3000 3
persist 52174 3000 3
persist 47020 3000 3
persist 42872 3000 3
persist 44656 3000 3
persist 50435 3000 3
persist 35308 2000 2
persist 50337 3000 3
persist 59596 3000 3
persist 50386 3000 3
persist 55214 3000 3
persist 43614 2000 2
persist 57671 3000 3
persist 60555 3000 3
persist 61304 3000 3
persist 55905 3000 3
persist 53927 3000 3
persist 45000 3000 3
persist 34915 2000 2
persist 103756 6000 6
write base data version: 71000, memory: 4484591616 bytes (4276.84 MB)
persist 140969 8000 8
persist 152588 9000 9
persist 172878 10000 10
persist 172767 10000 10
persist 189492 10000 10
persist 121636 11000 11
persist 96920 9000 9
persist 74558 7000 7
persist 75516 7000 7
persist 77205 7000 7
persist 75634 7000 7
persist 107047 7000 7
write base data version: 71100, memory: 4628152320 bytes (4413.75 MB)
persist 147649 7000 7
persist 188433 9000 9
persist 213421 10000 10
persist 210987 11000 11
persist 191268 11000 11
persist 185501 11000 11
persist 194126 11000 11
persist 207542 11000 11
persist 184214 10000 10
persist 191878 11000 11
write base data version: 71200, memory: 4782907392 bytes (4561.34 MB)
persist 196662 11000 11
persist 192693 11000 11
persist 194642 11000 11
persist 187159 11000 11
persist 182022 10000 10
persist 104702 6000 6
persist 66349 4000 4
persist 60757 3000 3
persist 58939 3000 3
persist 52457 3000 3
persist 52331 3000 3
persist 51713 3000 3
persist 53939 3000 3
persist 50162 3000 3
persist 54321 3000 3
persist 50866 3000 3
persist 51896 3000 3
persist 45214 3000 3
persist 48658 3000 3
persist 50096 3000 3
persist 49527 3000 3
write base data version: 71300, memory: 4415152128 bytes (4210.62 MB)
persist 50578 3000 3
persist 51136 3000 3
persist 50793 3000 3
persist 51108 3000 3
persist 52509 3000 3
persist 52165 3000 3
persist 51590 3000 3
persist 54594 3000 3
persist 51543 3000 3
persist 51664 3000 3
persist 50754 3000 3
persist 51739 3000 3
persist 51333 3000 3
persist 53642 3000 3
persist 52432 3000 3
persist 54119 3000 3
persist 54058 3000 3
persist 54598 3000 3
persist 55394 3000 3
persist 54380 3000 3
persist 52145 3000 3
persist 47217 3000 3
persist 51407 3000 3
persist 52645 3000 3
persist 51260 3000 3
persist 53036 3000 3
persist 51334 3000 3
persist 52330 3000 3
persist 51288 3000 3
persist 50276 3000 3
persist 52512 3000 3
persist 67607 4000 4
persist 53223 3000 3
write base data version: 71400, memory: 4557754368 bytes (4346.61 MB)
persist 53178 3000 3
persist 53148 3000 3
persist 80307 4000 4
persist 54785 3000 3
persist 54457 3000 3
persist 48021 3000 3
persist 51383 3000 3
persist 47288 3000 3
persist 51144 3000 3
persist 48161 3000 3
persist 47830 3000 3
persist 47687 3000 3
persist 50281 3000 3
persist 65503 4000 4
persist 49854 3000 3
persist 50787 3000 3
persist 49265 3000 3
persist 49164 3000 3
persist 50045 3000 3
persist 50818 3000 3
persist 66344 4000 4
persist 55861 3000 3
persist 49737 3000 3
persist 50104 3000 3
persist 49988 3000 3
persist 51157 3000 3
persist 50958 3000 3
persist 70313 4000 4
persist 48727 3000 3
persist 50273 3000 3
persist 50246 3000 3
persist 50733 3000 3
write base data version: 71500, memory: 4700688384 bytes (4482.93 MB)
persist 50358 3000 3
persist 49627 3000 3
persist 49527 3000 3
persist 49049 3000 3
persist 51392 3000 3
persist 47694 3000 3
persist 47502 3000 3
persist 51142 3000 3
persist 50553 3000 3
persist 51497 3000 3
persist 51893 3000 3
persist 52893 3000 3
persist 53219 3000 3
persist 52236 3000 3
persist 53507 3000 3
persist 53704 3000 3
persist 54682 3000 3
persist 52014 3000 3
persist 52059 3000 3
persist 52988 3000 3
persist 52666 3000 3
persist 53622 3000 3
persist 52802 3000 3
persist 49570 3000 3
persist 50567 3000 3
persist 52027 3000 3
persist 53045 3000 3
persist 51416 3000 3
persist 53196 3000 3
persist 52081 3000 3
persist 51483 3000 3
persist 52159 3000 3
persist 49171 3000 3
write base data version: 71600, memory: 4843376640 bytes (4619.00 MB)
persist 49187 3000 3
persist 48456 3000 3
persist 51472 3000 3
persist 50316 3000 3
persist 51206 3000 3
persist 52005 3000 3
persist 49577 3000 3
persist 44307 3000 3
persist 43574 3000 3
persist 45164 3000 3
persist 50431 3000 3
persist 49997 3000 3
persist 48711 3000 3
persist 41900 3000 3
persist 39010 2000 2
persist 52844 3000 3
persist 52591 3000 3
persist 58482 3000 3
persist 43561 3000 3
persist 49183 3000 3
persist 50803 3000 3
persist 42408 3000 3
persist 50306 3000 3
persist 50802 3000 3
persist 52478 3000 3
persist 53079 3000 3
persist 54307 3000 3
persist 52621 3000 3
persist 52480 3000 3
persist 51640 3000 3
persist 51524 3000 3
persist 52150 3000 3
persist 53526 3000 3
persist 51526 3000 3
write base data version: 71700, memory: 4473139200 bytes (4265.92 MB)
persist 52131 3000 3
persist 52330 3000 3
persist 52331 3000 3
persist 50757 3000 3
persist 50037 3000 3
persist 52381 3000 3
persist 52565 3000 3
persist 55595 3000 3
persist 54103 3000 3
persist 59956 3000 3
persist 58707 3000 3
persist 56629 3000 3
persist 60781 3000 3
persist 60919 3000 3
persist 60165 3000 3
persist 61021 3000 3
persist 59940 3000 3
persist 54903 3000 3
persist 53884 3000 3
persist 55454 3000 3
persist 56159 3000 3
persist 53415 3000 3
persist 54706 3000 3
persist 53538 3000 3
persist 55398 3000 3
persist 54684 3000 3
persist 53367 3000 3
persist 73348 4000 4
persist 50084 3000 3
persist 45941 3000 3
persist 45388 3000 3
persist 49009 3000 3
persist 47785 3000 3
write base data version: 71800, memory: 4601409536 bytes (4388.25 MB)
persist 46920 3000 3
persist 50290 3000 3
persist 49684 3000 3
persist 53241 3000 3
persist 43255 2000 2
persist 60478 3000 3
persist 51024 3000 3
persist 50898 3000 3
persist 51268 3000 3
persist 50076 3000 3
persist 51271 3000 3
persist 52459 3000 3
persist 52950 3000 3
persist 51221 3000 3
persist 52414 3000 3
persist 51629 3000 3
persist 51485 3000 3
persist 52244 3000 3
persist 52056 3000 3
persist 52268 3000 3
persist 52011 3000 3
persist 46056 3000 3
persist 48313 3000 3
persist 47411 3000 3
persist 43812 3000 3
persist 42674 3000 3
persist 49973 3000 3
persist 51963 3000 3
persist 48586 3000 3
persist 48482 3000 3
persist 59233 3000 3
persist 57556 3000 3
persist 53227 3000 3
write base data version: 71900, memory: 4752764928 bytes (4532.59 MB)
persist 46981 3000 3
persist 49049 3000 3
persist 47118 3000 3
persist 46394 3000 3
persist 36367 2000 2
persist 53892 3000 3
persist 52870 3000 3
persist 53311 3000 3
persist 52781 3000 3
persist 47036 3000 3
persist 45811 3000 3
persist 45378 3000 3
persist 50405 3000 3
persist 36382 2000 2
persist 51728 3000 3
persist 51444 3000 3
persist 107850 6000 6
persist 129251 7000 7
persist 152744 9000 9
persist 167960 9000 9
persist 174161 10000 10
persist 189516 10000 10
write base data version: 72000, memory: 4903796736 bytes (4676.62 MB)
persist 123544 7000 7
persist 140254 8000 8
persist 161834 9000 9
persist 179613 10000 10
persist 165356 9000 9
persist 172151 9000 9
persist 182818 10000 10
persist 201010 10000 10
persist 198014 10000 10
persist 198360 11000 11
write base data version: 72100, memory: 4536188928 bytes (4326.05 MB)
persist 203358 10000 10
persist 117186 11000 11
persist 84500 8000 8
persist 78695 7000 7
persist 75689 7000 7
persist 74677 7000 7
persist 72718 7000 7
persist 70645 7000 7
persist 62095 6000 6
persist 69832 7000 7
persist 75679 7000 7
persist 62132 6000 6
persist 75397 7000 7
persist 59597 6000 6
persist 84550 7000 7
write base data version: 72200, memory: 4684079104 bytes (4467.09 MB)
persist 143859 7000 7
persist 163643 9000 9
persist 178989 9000 9
persist 175766 10000 10
persist 149104 10000 10
persist 163786 9000 9
persist 180737 10000 10
persist 199284 10000 10
persist 173234 10000 10
persist 178340 10000 10
write base data version: 72300, memory: 4831252480 bytes (4607.44 MB)
persist 175876 10000 10
persist 197717 11000 11
persist 200444 10000 10
persist 199405 11000 11
persist 143051 8000 8
persist 101685 5000 5
persist 59312 3000 3
persist 62631 3000 3
persist 36816 3000 3
persist 25438 3000 3
persist 22234 2000 2
persist 23924 3000 3
persist 25051 2000 2
persist 25914 3000 3
persist 25557 2000 2
persist 24852 3000 3
persist 24732 2000 2
persist 29036 3000 3
persist 27076 2000 2
persist 52708 3000 3
persist 45035 3000 3
persist 42413 2000 2
persist 59193 3000 3
persist 59571 3000 3
persist 57543 3000 3
persist 37360 2000 2
write base data version: 72400, memory: 4478267392 bytes (4270.81 MB)
persist 52859 3000 3
persist 49904 3000 3
persist 46616 3000 3
persist 74081 3000 3
persist 37340 2000 2
persist 52643 3000 3
persist 54601 3000 3
persist 51602 3000 3
persist 37855 2000 2
persist 53811 3000 3
persist 55301 3000 3
persist 46935 3000 3
persist 57459 3000 3
persist 37101 2000 2
persist 54656 3000 3
persist 108098 6000 6
persist 135435 7000 7
persist 95434 6000 6
persist 52947 3000 3
persist 51009 3000 3
persist 50830 3000 3
persist 53096 3000 3
persist 53376 3000 3
persist 56538 3000 3
persist 52948 3000 3
persist 52412 3000 3
persist 51881 3000 3
persist 52644 3000 3
persist 50168 3000 3
persist 45164 3000 3
persist 48902 3000 3
write base data version: 72500, memory: 4648321024 bytes (4432.98 MB)
persist 48841 3000 3
persist 49829 3000 3
persist 49302 3000 3
persist 50731 3000 3
persist 50871 3000 3
persist 52203 3000 3
persist 52383 3000 3
persist 51694 3000 3
persist 51817 3000 3
persist 50550 3000 3
persist 51701 3000 3
persist 51720 3000 3
persist 54355 3000 3
persist 50482 3000 3
persist 52584 3000 3
persist 53725 3000 3
persist 53250 3000 3
persist 51935 3000 3
persist 52325 3000 3
persist 50385 3000 3
persist 51238 3000 3
persist 50480 3000 3
persist 47701 3000 3
persist 49497 3000 3
persist 51797 3000 3
persist 50653 3000 3
persist 46723 3000 3
persist 52139 3000 3
persist 53031 3000 3
persist 51830 3000 3
persist 52608 3000 3
persist 54540 3000 3
persist 52864 3000 3
write base data version: 72600, memory: 4757897216 bytes (4537.48 MB)
persist 52545 3000 3
persist 52218 3000 3
persist 53816 3000 3
persist 51450 3000 3
persist 52073 3000 3
persist 51907 3000 3
persist 51670 3000 3
persist 50334 3000 3
persist 50041 3000 3
persist 49889 3000 3
persist 49561 3000 3
persist 50145 3000 3
persist 50010 3000 3
persist 51015 3000 3
persist 49811 3000 3
persist 50993 3000 3
persist 49893 3000 3
persist 51834 3000 3
persist 52865 3000 3
persist 50963 3000 3
persist 49406 3000 3
persist 50349 3000 3
persist 51680 3000 3
persist 51875 3000 3
persist 51329 3000 3
persist 53327 3000 3
persist 50931 3000 3
persist 52752 3000 3
persist 50614 3000 3
persist 52234 3000 3
persist 47049 3000 3
persist 74557 4000 4
persist 48626 3000 3
write base data version: 72700, memory: 4900777984 bytes (4673.75 MB)
persist 46260 3000 3
persist 45073 3000 3
persist 60683 3000 3
persist 58473 3000 3
persist 53128 3000 3
persist 43465 3000 3
persist 51697 3000 3
persist 50498 3000 3
persist 51746 3000 3
persist 36532 2000 2
persist 49367 3000 3
persist 50320 3000 3
persist 49402 3000 3
persist 50390 3000 3
persist 52684 3000 3
persist 50558 3000 3
persist 51057 3000 3
persist 50995 3000 3
persist 50613 3000 3
persist 52209 3000 3
persist 50279 3000 3
persist 50096 3000 3
persist 50582 3000 3
persist 51259 3000 3
persist 49835 3000 3
persist 49946 3000 3
persist 50430 3000 3
persist 51494 3000 3
persist 52333 3000 3
persist 50234 3000 3
persist 51568 3000 3
persist 50945 3000 3
persist 51579 3000 3
write base data version: 72800, memory: 4531982336 bytes (4322.04 MB)
persist 55759 3000 3
persist 52839 3000 3
persist 65803 4000 4
persist 53273 3000 3
persist 54313 3000 3
persist 52934 3000 3
persist 52676 3000 3
persist 54138 3000 3
persist 51118 3000 3
persist 51312 3000 3
persist 51440 3000 3
persist 51573 3000 3
persist 51475 3000 3
persist 51226 3000 3
persist 50626 3000 3
persist 52281 3000 3
persist 51731 3000 3
persist 51992 3000 3
persist 50511 3000 3
persist 52456 3000 3
persist 52520 3000 3
persist 53171 3000 3
persist 67169 4000 4
persist 52013 3000 3
persist 48570 3000 3
persist 48368 3000 3
persist 49045 3000 3
persist 50595 3000 3
persist 50884 3000 3
persist 49955 3000 3
persist 50443 3000 3
persist 50490 3000 3
persist 51259 3000 3
write base data version: 72900, memory: 4674838528 bytes (4458.27 MB)
persist 51235 3000 3
persist 49787 3000 3
persist 50630 3000 3
persist 52066 3000 3
persist 49646 3000 3
persist 50593 3000 3
persist 49777 3000 3
persist 54359 3000 3
persist 52760 3000 3
persist 51416 3000 3
persist 52379 3000 3
persist 49061 3000 3
persist 50041 3000 3
persist 51528 3000 3
persist 51056 3000 3
persist 51531 3000 3
persist 51072 3000 3
persist 52994 3000 3
persist 51407 3000 3
persist 53242 3000 3
persist 53335 3000 3
persist 51764 3000 3
persist 53736 3000 3
persist 52001 3000 3
persist 50959 3000 3
persist 48782 3000 3
persist 50206 3000 3
persist 48961 3000 3
persist 49156 3000 3
persist 48907 3000 3
persist 49675 3000 3
persist 50637 3000 3
persist 51556 3000 3
persist 51361 3000 3
write base data version: 73000, memory: 4817965056 bytes (4594.77 MB)
persist 50769 3000 3
persist 50435 3000 3
persist 49880 3000 3
persist 51337 3000 3
persist 49941 3000 3
persist 50260 3000 3
persist 50429 3000 3
persist 49584 3000 3
persist 51894 3000 3
persist 49804 3000 3
persist 51030 3000 3
persist 50554 3000 3
persist 50597 3000 3
persist 49678 3000 3
persist 50897 3000 3
persist 50791 3000 3
persist 50876 3000 3
persist 50991 3000 3
persist 48139 3000 3
persist 50728 3000 3
persist 54976 3000 3
persist 51507 3000 3
persist 74188 4000 4
persist 49605 3000 3
persist 49146 3000 3
persist 57367 3000 3
persist 42277 2000 2
persist 53430 3000 3
persist 49792 3000 3
persist 49777 3000 3
persist 46152 3000 3
persist 46921 3000 3
persist 46822 3000 3
write base data version: 73100, memory: 4967202816 bytes (4737.09 MB)
persist 52167 3000 3
persist 80054 3000 3
persist 59594 3000 3
persist 77758 4000 4
persist 52332 3000 3
persist 48522 3000 3
persist 61288 3000 3
persist 60922 3000 3
persist 55841 3000 3
persist 57426 3000 3
persist 60214 3000 3
persist 59118 3000 3
persist 61852 3000 3
persist 63963 3000 3
persist 64270 3000 3
persist 59598 3000 3
persist 63480 3000 3
persist 59327 3000 3
persist 60441 3000 3
persist 61141 3000 3
persist 81875 4000 4
persist 59093 3000 3
persist 56982 3000 3
persist 57507 3000 3
persist 58224 3000 3
persist 58309 3000 3
persist 71323 3000 3
persist 34754 4000 4
persist 53807 3000 3
persist 56470 3000 3
persist 57402 3000 3
persist 55500 3000 3
write base data version: 73200, memory: 4576501760 bytes (4364.49 MB)
persist 55695 3000 3
persist 53612 3000 3
persist 54115 3000 3
persist 59272 3000 3
persist 60617 3000 3
persist 59619 3000 3
persist 62619 3000 3
persist 64352 3000 3
persist 59985 3000 3
persist 49760 3000 3
persist 45804 3000 3
persist 47443 3000 3
persist 53823 3000 3
persist 36132 2000 2
persist 52558 3000 3
persist 50813 3000 3
persist 50629 3000 3
persist 51427 3000 3
persist 47885 3000 3
persist 47901 3000 3
persist 46422 3000 3
persist 52637 3000 3
persist 37264 2000 2
persist 51474 3000 3
persist 52073 3000 3
persist 58075 3000 3
persist 51997 3000 3
persist 46477 3000 3
persist 47850 3000 3
persist 52115 3000 3
persist 37797 2000 2
persist 54199 3000 3
persist 52864 3000 3
persist 52820 3000 3
persist 53110 3000 3
write base data version: 73300, memory: 4721516544 bytes (4502.79 MB)
persist 49616 3000 3
persist 47597 3000 3
persist 44648 3000 3
persist 48194 3000 3
persist 37414 2000 2
persist 51769 3000 3
persist 52078 3000 3
persist 51798 3000 3
persist 50179 3000 3
persist 47078 3000 3
persist 47117 3000 3
persist 46796 3000 3
persist 46149 3000 3
persist 48663 3000 3
persist 50960 3000 3
persist 49404 3000 3
persist 50641 3000 3
persist 53589 3000 3
persist 53666 3000 3
persist 52516 3000 3
persist 61908 3000 3
persist 62220 3000 3
persist 53827 3000 3
persist 59411 3000 3
persist 59931 3000 3
persist 60219 3000 3
persist 59130 3000 3
persist 59323 3000 3
persist 59348 3000 3
persist 59213 3000 3
persist 59312 3000 3
persist 59850 3000 3
persist 59568 3000 3
write base data version: 73400, memory: 4873682944 bytes (4647.91 MB)
persist 60658 3000 3
persist 60075 3000 3
persist 62984 3000 3
persist 62051 3000 3
persist 62506 3000 3
persist 63660 3000 3
persist 59476 3000 3
persist 59353 3000 3
persist 59152 3000 3
persist 59931 3000 3
persist 61926 3000 3
persist 62294 3000 3
persist 60752 3000 3
persist 61646 3000 3
persist 59354 3000 3
persist 59449 3000 3
persist 58630 3000 3
persist 61639 3000 3
persist 59655 3000 3
persist 60002 3000 3
persist 51539 3000 3
persist 51021 3000 3
persist 49490 3000 3
persist 57167 3000 3
persist 42499 2000 2
persist 59799 3000 3
persist 52505 3000 3
persist 53008 3000 3
persist 51333 3000 3
persist 53625 3000 3
persist 53971 3000 3
persist 48749 3000 3
persist 43945 3000 3
persist 47767 3000 3
write base data version: 73500, memory: 4505886720 bytes (4297.15 MB)
persist 50562 3000 3
persist 51915 3000 3
persist 36682 2000 2
persist 53795 3000 3
persist 52567 3000 3
persist 53467 3000 3
persist 53834 3000 3
persist 53998 3000 3
persist 54238 3000 3
persist 51769 3000 3
persist 53149 3000 3
persist 52163 3000 3
persist 52602 3000 3
persist 51125 3000 3
persist 46516 3000 3
persist 46929 3000 3
persist 50437 3000 3
persist 51639 3000 3
persist 51953 3000 3
persist 50667 3000 3
persist 51780 3000 3
persist 51764 3000 3
persist 52889 3000 3
persist 51816 3000 3
persist 52194 3000 3
persist 50313 3000 3
persist 52006 3000 3
persist 53611 3000 3
persist 54868 3000 3
persist 54395 3000 3
persist 53572 3000 3
persist 54327 3000 3
persist 53299 3000 3
persist 54391 3000 3
write base data version: 73600, memory: 4648931328 bytes (4433.57 MB)
persist 44563 3000 3
persist 44001 3000 3
persist 49145 3000 3
persist 46971 3000 3
persist 45505 3000 3
persist 46001 3000 3
persist 50078 3000 3
persist 48875 3000 3
persist 50355 3000 3
persist 50806 3000 3
persist 48892 3000 3
persist 49668 3000 3
persist 48441 3000 3
persist 50214 3000 3
persist 48733 3000 3
persist 74392 4000 4
persist 51187 3000 3
persist 50288 3000 3
persist 49590 3000 3
persist 49143 3000 3
persist 48054 3000 3
persist 51569 3000 3
persist 51009 3000 3
persist 69119 4000 4
persist 51077 3000 3
persist 51284 3000 3
persist 47852 3000 3
persist 50776 3000 3
persist 50254 3000 3
persist 48170 3000 3
persist 48985 3000 3
persist 48746 3000 3
write base data version: 73700, memory: 4791463936 bytes (4569.50 MB)
persist 47749 3000 3
persist 50423 3000 3
persist 51987 3000 3
persist 49806 3000 3
persist 73408 4000 4
persist 50511 3000 3
persist 51738 3000 3
persist 48832 3000 3
persist 50575 3000 3
persist 49514 3000 3
persist 49679 3000 3
persist 50377 3000 3
persist 52402 3000 3
persist 48619 3000 3
persist 51429 3000 3
persist 51262 3000 3
persist 50459 3000 3
persist 52790 3000 3
persist 51242 3000 3
persist 51082 3000 3
persist 50320 3000 3
persist 51525 3000 3
persist 52725 3000 3
persist 52171 3000 3
persist 51434 3000 3
persist 51925 3000 3
persist 52870 3000 3
persist 48590 3000 3
persist 49699 3000 3
persist 48999 3000 3
persist 51387 3000 3
persist 52659 3000 3
persist 52336 3000 3
write base data version: 73800, memory: 4935491584 bytes (4706.85 MB)
persist 55289 3000 3
persist 55285 3000 3
persist 49149 3000 3
persist 47977 3000 3
persist 48287 3000 3
persist 48051 3000 3
persist 49846 3000 3
persist 49942 3000 3
persist 49447 3000 3
persist 44800 3000 3
persist 50527 3000 3
persist 36751 2000 2
persist 50465 3000 3
persist 53118 3000 3
persist 51699 3000 3
persist 51659 3000 3
persist 43195 3000 3
persist 42982 3000 3
persist 43794 3000 3
persist 44310 3000 3
persist 46276 3000 3
persist 48622 3000 3
persist 47113 3000 3
persist 47861 3000 3
persist 41781 3000 3
persist 50458 3000 3
persist 43970 3000 3
persist 50454 3000 3
persist 48260 3000 3
persist 47176 3000 3
persist 49145 3000 3
persist 47744 3000 3
persist 45444 3000 3
persist 49063 3000 3
write base data version: 73900, memory: 4576174080 bytes (4364.18 MB)
persist 50657 3000 3
persist 52128 3000 3
persist 52481 3000 3
persist 53464 3000 3
persist 53676 3000 3
persist 51896 3000 3
persist 51137 3000 3
persist 54952 3000 3
persist 53045 3000 3
persist 61457 3000 3
persist 61951 3000 3
persist 53033 3000 3
persist 53143 3000 3
persist 53041 3000 3
persist 56739 3000 3
persist 55530 3000 3
persist 53548 3000 3
persist 52370 3000 3
persist 46723 3000 3
persist 47858 3000 3
persist 62477 3000 3
persist 50164 3000 3
persist 49903 3000 3
persist 49346 3000 3
persist 48679 3000 3
persist 57698 3000 3
persist 57433 3000 3
persist 56698 3000 3
persist 57687 3000 3
persist 58241 3000 3
persist 61679 3000 3
persist 58045 3000 3
persist 58833 3000 3
write base data version: 74000, memory: 4716519424 bytes (4498.02 MB)
persist 59557 3000 3
persist 57300 3000 3
persist 57085 3000 3
persist 60753 3000 3
persist 60096 3000 3
persist 60650 3000 3
persist 58863 3000 3
persist 61944 3000 3
persist 60697 3000 3
persist 62916 3000 3
persist 52576 3000 3
persist 49635 3000 3
persist 51681 3000 3
persist 60171 3000 3
persist 50880 3000 3
persist 50960 3000 3
persist 51406 3000 3
persist 52374 3000 3
persist 48182 3000 3
persist 46295 3000 3
persist 51995 3000 3
persist 36760 2000 2
persist 54517 3000 3
persist 54282 3000 3
persist 53783 3000 3
persist 44135 3000 3
persist 51167 3000 3
persist 38657 2000 2
persist 56070 3000 3
persist 50856 3000 3
persist 54075 3000 3
persist 52090 3000 3
persist 54151 3000 3
persist 49190 3000 3
write base data version: 74100, memory: 4860567552 bytes (4635.40 MB)
persist 45841 3000 3
persist 36978 2000 2
persist 53821 3000 3
persist 52452 3000 3
persist 53021 3000 3
persist 45107 3000 3
persist 49824 3000 3
persist 36966 2000 2
persist 53208 3000 3
persist 55332 3000 3
persist 50814 3000 3
persist 46368 3000 3
persist 52625 3000 3
persist 40833 2000 2
persist 57527 3000 3
persist 60172 3000 3
persist 45638 3000 3
persist 41358 2000 2
persist 44751 3000 3
persist 36868 2000 2
persist 51383 3000 3
persist 52058 3000 3
persist 56067 3000 3
persist 44725 2000 2
persist 59669 3000 3
persist 49418 3000 3
persist 55769 3000 3
persist 38914 2000 2
persist 53102 3000 3
persist 52403 3000 3
persist 59139 3000 3
persist 68856 3000 3
persist 61965 3000 3
persist 58116 3000 3
persist 48981 3000 3
persist 55849 3000 3
write base data version: 74200, memory: 4513054720 bytes (4303.98 MB)
persist 58168 3000 3
persist 59515 3000 3
persist 58592 3000 3
persist 57471 3000 3
persist 59269 3000 3
persist 81800 4000 4
persist 57806 3000 3
persist 58562 3000 3
persist 58001 3000 3
persist 57626 3000 3
persist 57461 3000 3
persist 57042 3000 3
persist 83828 4000 4
persist 59286 3000 3
persist 60325 3000 3
persist 59133 3000 3
persist 58339 3000 3
persist 58882 3000 3
persist 58358 3000 3
persist 58064 3000 3
persist 80578 4000 4
persist 59205 3000 3
persist 56842 3000 3
persist 59307 3000 3
persist 59159 3000 3
persist 59393 3000 3
persist 88887 4000 4
persist 59321 3000 3
persist 59465 3000 3
persist 59611 3000 3
persist 59447 3000 3
persist 56936 3000 3
write base data version: 74300, memory: 4655980544 bytes (4440.29 MB)
persist 57706 3000 3
persist 56625 3000 3
persist 59523 3000 3
persist 87725 4000 4
persist 60310 3000 3
persist 60667 3000 3
persist 60708 3000 3
persist 59650 3000 3
persist 57450 3000 3
persist 57466 3000 3
persist 55651 3000 3
persist 55714 3000 3
persist 55759 3000 3
persist 55769 3000 3
persist 56038 3000 3
persist 55713 3000 3
persist 58026 3000 3
persist 58013 3000 3
persist 57287 3000 3
persist 57745 3000 3
persist 58993 3000 3
persist 87352 4000 4
persist 58685 3000 3
persist 57634 3000 3
persist 57449 3000 3
persist 58033 3000 3
persist 59155 3000 3
persist 59759 3000 3
persist 58397 3000 3
persist 59220 3000 3
persist 59025 3000 3
persist 59407 3000 3
persist 58751 3000 3
write base data version: 74400, memory: 4799205376 bytes (4576.88 MB)
persist 58762 3000 3
persist 57470 3000 3
persist 58476 3000 3
persist 56013 3000 3
persist 56567 3000 3
persist 57420 3000 3
persist 57373 3000 3
persist 56865 3000 3
persist 50842 3000 3
persist 53951 3000 3
persist 50487 3000 3
persist 52762 3000 3
persist 53938 3000 3
persist 50898 3000 3
persist 51138 3000 3
persist 50316 3000 3
persist 51635 3000 3
persist 51578 3000 3
persist 48586 3000 3
persist 51619 3000 3
persist 52902 3000 3
persist 53391 3000 3
persist 53082 3000 3
persist 53453 3000 3
persist 50417 3000 3
persist 46641 3000 3
persist 46133 3000 3
persist 45883 3000 3
persist 50426 3000 3
persist 55133 3000 3
persist 55250 3000 3
persist 56172 3000 3
persist 55267 3000 3
write base data version: 74500, memory: 4941905920 bytes (4712.97 MB)
persist 57512 3000 3
persist 54866 3000 3
persist 54887 3000 3
persist 48701 3000 3
persist 50660 3000 3
persist 53392 3000 3
persist 51544 3000 3
persist 52682 3000 3
persist 52405 3000 3
persist 60543 3000 3
persist 60727 3000 3
persist 59966 3000 3
persist 53862 3000 3
persist 49530 3000 3
persist 58056 3000 3
persist 43178 2000 2
persist 48171 3000 3
persist 36314 2000 2
persist 51485 3000 3
persist 52750 3000 3
persist 52782 3000 3
persist 53121 3000 3
persist 47010 3000 3
persist 45491 3000 3
persist 45322 3000 3
persist 46022 3000 3
persist 44010 3000 3
persist 46229 3000 3
persist 49466 3000 3
persist 37366 2000 2
persist 52587 3000 3
persist 52844 3000 3
persist 51076 3000 3
persist 46671 3000 3
persist 37560 2000 2
write base data version: 74600, memory: 4571508736 bytes (4359.73 MB)
persist 53746 3000 3
persist 53639 3000 3
persist 52525 3000 3
persist 52319 3000 3
persist 52643 3000 3
persist 50589 3000 3
persist 44586 3000 3
persist 44773 3000 3
persist 43472 3000 3
persist 45084 3000 3
persist 50078 3000 3
persist 37775 2000 2
persist 54301 3000 3
persist 53677 3000 3
persist 52768 3000 3
persist 49573 3000 3
persist 46722 3000 3
persist 54099 3000 3
persist 53579 3000 3
persist 38478 2000 2
persist 52908 3000 3
persist 55690 3000 3
persist 52400 3000 3
persist 45625 3000 3
persist 53221 3000 3
persist 38574 2000 2
persist 54460 3000 3
persist 56341 3000 3
persist 60379 3000 3
persist 48988 3000 3
persist 55214 3000 3
persist 40800 2000 2
persist 58018 3000 3
persist 56643 3000 3
write base data version: 74700, memory: 4699492352 bytes (4481.79 MB)
persist 57697 3000 3
persist 58659 3000 3
persist 57721 3000 3
persist 55579 3000 3
persist 51162 3000 3
persist 55014 3000 3
persist 45749 3000 3
persist 48005 3000 3
persist 48288 3000 3
persist 50456 3000 3
persist 49443 3000 3
persist 50580 3000 3
persist 54384 3000 3
persist 53206 3000 3
persist 49190 3000 3
persist 51776 3000 3
persist 51736 3000 3
persist 51619 3000 3
persist 52104 3000 3
persist 51870 3000 3
persist 51782 3000 3
persist 52732 3000 3
persist 51547 3000 3
persist 52317 3000 3
persist 47859 3000 3
persist 50831 3000 3
persist 53483 3000 3
persist 52561 3000 3
persist 47770 3000 3
persist 51641 3000 3
persist 50461 3000 3
persist 51846 3000 3
persist 51702 3000 3
persist 53221 3000 3
write base data version: 74800, memory: 4846436352 bytes (4621.92 MB)
persist 52208 3000 3
persist 52452 3000 3
persist 52536 3000 3
persist 51875 3000 3
persist 52501 3000 3
persist 52655 3000 3
persist 51921 3000 3
persist 52830 3000 3
persist 53568 3000 3
persist 52511 3000 3
persist 52033 3000 3
persist 53577 3000 3
persist 52126 3000 3
persist 53375 3000 3
persist 53409 3000 3
persist 52877 3000 3
persist 53098 3000 3
persist 55010 3000 3
persist 55998 3000 3
persist 53845 3000 3
persist 55264 3000 3
persist 55490 3000 3
persist 55972 3000 3
persist 55510 3000 3
persist 51185 3000 3
persist 49233 3000 3
persist 49975 3000 3
persist 45674 3000 3
persist 48597 3000 3
persist 36899 2000 2
persist 53829 3000 3
persist 53334 3000 3
persist 47073 3000 3
write base data version: 74900, memory: 4994433024 bytes (4763.06 MB)
persist 47110 3000 3
persist 44157 3000 3
persist 44865 3000 3
persist 46579 3000 3
persist 46376 3000 3
persist 63998 3000 3
persist 35626 2000 2
persist 50366 3000 3
persist 51500 3000 3
persist 52572 3000 3
persist 53998 3000 3
persist 52861 3000 3
persist 52954 3000 3
persist 58067 3000 3
persist 53323 3000 3
persist 52496 3000 3
persist 51451 3000 3
persist 51321 3000 3
persist 50152 3000 3
persist 52817 3000 3
persist 53366 3000 3
persist 52169 3000 3
persist 53693 3000 3
persist 53683 3000 3
persist 53393 3000 3
persist 52710 3000 3
persist 51545 3000 3
persist 51350 3000 3
persist 53546 3000 3
persist 54886 3000 3
persist 50288 3000 3
persist 51196 3000 3
persist 52124 3000 3
persist 52752 3000 3
write base data version: 75000, memory: 4620582912 bytes (4406.53 MB)
persist 49281 3000 3
persist 50759 3000 3
persist 54337 3000 3
persist 48287 3000 3
persist 45010 3000 3
persist 46186 3000 3
persist 52229 3000 3
persist 52452 3000 3
persist 55006 3000 3
persist 53529 3000 3
persist 54307 3000 3
persist 53510 3000 3
persist 53239 3000 3
persist 53982 3000 3
persist 54178 3000 3
persist 53187 3000 3
persist 53718 3000 3
persist 53587 3000 3
persist 47306 3000 3
persist 48799 3000 3
persist 50216 3000 3
persist 50243 3000 3
persist 52203 3000 3
persist 51169 3000 3
persist 51646 3000 3
persist 49965 3000 3
persist 65658 4000 4
persist 51524 3000 3
persist 51696 3000 3
persist 52253 3000 3
persist 52182 3000 3
persist 50346 3000 3
persist 50933 3000 3
write base data version: 75100, memory: 4763353088 bytes (4542.69 MB)
persist 50169 3000 3
persist 50767 3000 3
persist 49804 3000 3
persist 50133 3000 3
persist 51591 3000 3
persist 51112 3000 3
persist 51232 3000 3
persist 50473 3000 3
persist 52070 3000 3
persist 51675 3000 3
persist 73977 4000 4
persist 51068 3000 3
persist 51647 3000 3
persist 51077 3000 3
persist 52683 3000 3
persist 52313 3000 3
persist 52865 3000 3
persist 54031 3000 3
persist 52221 3000 3
persist 52416 3000 3
persist 52814 3000 3
persist 51346 3000 3
persist 51179 3000 3
persist 51464 3000 3
persist 52380 3000 3
persist 51587 3000 3
persist 52114 3000 3
persist 51929 3000 3
persist 51757 3000 3
persist 51791 3000 3
persist 51156 3000 3
persist 49481 3000 3
persist 49955 3000 3
write base data version: 75200, memory: 4906332160 bytes (4679.04 MB)
persist 50280 3000 3
persist 51063 3000 3
persist 52295 3000 3
persist 51707 3000 3
persist 52639 3000 3
persist 54023 3000 3
persist 55437 3000 3
persist 54668 3000 3
persist 55476 3000 3
persist 53197 3000 3
persist 52836 3000 3
persist 48518 3000 3
persist 47633 3000 3
persist 44854 3000 3
persist 37365 2000 2
persist 53429 3000 3
persist 55940 3000 3
persist 54085 3000 3
persist 52500 3000 3
persist 49927 3000 3
persist 54401 3000 3
persist 36714 2000 2
persist 52813 3000 3
persist 53522 3000 3
persist 53392 3000 3
persist 50309 3000 3
persist 36974 2000 2
persist 52608 3000 3
persist 53421 3000 3
persist 51714 3000 3
persist 53476 3000 3
persist 52854 3000 3
persist 53219 3000 3
persist 52859 3000 3
write base data version: 75300, memory: 4543008768 bytes (4332.55 MB)
persist 54609 3000 3
persist 55682 3000 3
persist 53961 3000 3
persist 54313 3000 3
persist 54542 3000 3
persist 52686 3000 3
persist 53987 3000 3
persist 52567 3000 3
persist 57563 3000 3
persist 53248 3000 3
persist 52527 3000 3
persist 52911 3000 3
persist 52936 3000 3
persist 51965 3000 3
persist 52098 3000 3
persist 53217 3000 3
persist 52314 3000 3
persist 53715 3000 3
persist 53844 3000 3
persist 55278 3000 3
persist 55933 3000 3
persist 56693 3000 3
persist 55108 3000 3
persist 55851 3000 3
persist 55456 3000 3
persist 54254 3000 3
persist 55225 3000 3
persist 53926 3000 3
persist 55622 3000 3
persist 53483 3000 3
persist 53482 3000 3
persist 52385 3000 3
persist 54405 3000 3
persist 55384 3000 3
write base data version: 75400, memory: 4687388672 bytes (4470.24 MB)
persist 56159 3000 3
persist 57229 3000 3
persist 55866 3000 3
persist 57859 3000 3
persist 50166 3000 3
persist 50954 3000 3
persist 49519 3000 3
persist 49638 3000 3
persist 48551 3000 3
persist 44309 3000 3
persist 45782 3000 3
persist 36842 2000 2
persist 53245 3000 3
persist 52644 3000 3
persist 51429 3000 3
persist 51678 3000 3
persist 52283 3000 3
persist 51100 3000 3
persist 48806 3000 3
persist 48217 3000 3
persist 49424 3000 3
persist 48680 3000 3
persist 36049 2000 2
persist 49999 3000 3
persist 52751 3000 3
persist 52616 3000 3
persist 54217 3000 3
persist 54530 3000 3
persist 52628 3000 3
persist 52489 3000 3
persist 47020 3000 3
persist 50001 3000 3
persist 47962 3000 3
persist 44038 3000 3
write base data version: 75500, memory: 4835823616 bytes (4611.80 MB)
persist 47289 3000 3
persist 49746 3000 3
persist 37038 2000 2
persist 53374 3000 3
persist 52111 3000 3
persist 53035 3000 3
persist 47845 3000 3
persist 47772 3000 3
persist 37333 2000 2
persist 52027 3000 3
persist 51668 3000 3
persist 51395 3000 3
persist 48622 3000 3
persist 43613 3000 3
persist 49533 3000 3
persist 48771 3000 3
persist 43693 3000 3
persist 45965 3000 3
persist 42611 3000 3
persist 44397 3000 3
persist 44598 3000 3
persist 51049 3000 3
persist 51167 3000 3
persist 36107 2000 2
persist 53541 3000 3
persist 54650 3000 3
persist 53813 3000 3
persist 53103 3000 3
persist 55499 3000 3
persist 53471 3000 3
persist 50373 3000 3
persist 50455 3000 3
persist 53386 3000 3
persist 55227 3000 3
write base data version: 75600, memory: 4981022720 bytes (4750.27 MB)
persist 72892 4000 4
persist 52722 3000 3
persist 47981 3000 3
persist 57156 3000 3
persist 40677 2000 2
persist 52072 3000 3
persist 54881 3000 3
persist 50708 3000 3
persist 47851 3000 3
persist 48617 3000 3
persist 49498 3000 3
persist 54214 3000 3
persist 37203 2000 2
persist 49587 3000 3
persist 50828 3000 3
persist 77343 3000 3
persist 56237 3000 3
persist 59157 3000 3
persist 58698 3000 3
persist 58340 3000 3
persist 59170 3000 3
persist 86745 4000 4
persist 58272 3000 3
persist 57403 3000 3
persist 58336 3000 3
persist 58473 3000 3
persist 57319 3000 3
persist 60255 3000 3
persist 59259 3000 3
persist 59456 3000 3
persist 59669 3000 3
persist 59796 3000 3
persist 58714 3000 3
write base data version: 75700, memory: 4612550656 bytes (4398.87 MB)
persist 57298 3000 3
persist 58644 3000 3
persist 57561 3000 3
persist 57624 3000 3
persist 58180 3000 3
persist 58820 3000 3
persist 57805 3000 3
persist 57759 3000 3
persist 57305 3000 3
persist 59234 3000 3
persist 58233 3000 3
persist 58687 3000 3
persist 58347 3000 3
persist 58691 3000 3
persist 59006 3000 3
persist 56845 3000 3
persist 57137 3000 3
persist 58271 3000 3
persist 59746 3000 3
persist 52566 3000 3
persist 51459 3000 3
persist 52549 3000 3
persist 51916 3000 3
persist 48720 3000 3
persist 47015 3000 3
persist 47974 3000 3
persist 44853 3000 3
persist 41543 3000 3
persist 44434 3000 3
persist 50942 3000 3
persist 35764 2000 2
persist 49224 3000 3
persist 52619 3000 3
persist 51947 3000 3
write base data version: 75800, memory: 4755378176 bytes (4535.08 MB)
persist 51552 3000 3
persist 51306 3000 3
persist 47049 3000 3
persist 52118 3000 3
persist 37181 2000 2
persist 50919 3000 3
persist 44396 3000 3
persist 51116 3000 3
persist 37685 2000 2
persist 49439 3000 3
persist 52002 3000 3
persist 51027 3000 3
persist 50025 3000 3
persist 52189 3000 3
persist 45080 3000 3
persist 43097 3000 3
persist 41649 3000 3
persist 41799 3000 3
persist 46729 3000 3
persist 51344 3000 3
persist 37261 2000 2
persist 49546 3000 3
persist 51264 3000 3
persist 51578 3000 3
persist 51022 3000 3
persist 50570 3000 3
persist 50102 3000 3
persist 49480 3000 3
persist 51419 3000 3
persist 52091 3000 3
persist 53164 3000 3
persist 52194 3000 3
persist 52753 3000 3
persist 52101 3000 3
write base data version: 75900, memory: 4898258944 bytes (4671.34 MB)
persist 49947 3000 3
persist 51031 3000 3
persist 50532 3000 3
persist 52255 3000 3
persist 51301 3000 3
persist 53467 3000 3
persist 51671 3000 3
persist 52448 3000 3
persist 54047 3000 3
persist 53393 3000 3
persist 52506 3000 3
persist 52448 3000 3
persist 54125 3000 3
persist 49089 3000 3
persist 45151 3000 3
persist 47361 3000 3
persist 48560 3000 3
persist 50133 3000 3
persist 54714 3000 3
persist 54243 3000 3
persist 51750 3000 3
persist 42810 3000 3
persist 45885 3000 3
persist 50296 3000 3
persist 36981 2000 2
persist 50693 3000 3
persist 57148 3000 3
persist 46973 3000 3
persist 62546 3000 3
persist 42823 2000 2
persist 58410 3000 3
persist 45534 3000 3
persist 45129 2000 2
persist 60619 3000 3
persist 57436 3000 3
write base data version: 76000, memory: 5047783424 bytes (4813.94 MB)
persist 59168 3000 3
persist 44205 2000 2
persist 55094 3000 3
persist 55989 3000 3
persist 54131 3000 3
persist 55124 3000 3
persist 47629 3000 3
persist 50283 3000 3
persist 37706 2000 2
persist 53734 3000 3
persist 54267 3000 3
persist 52591 3000 3
persist 45858 3000 3
persist 44542 3000 3
persist 46703 3000 3
persist 44126 3000 3
persist 38211 2000 2
persist 49823 3000 3
persist 54266 3000 3
persist 51365 3000 3
persist 51865 3000 3
persist 50598 3000 3
persist 50851 3000 3
persist 46626 3000 3
persist 43954 3000 3
persist 41653 3000 3
persist 42309 3000 3
persist 43859 3000 3
persist 51048 3000 3
persist 39915 2000 2
persist 50383 3000 3
persist 47199 3000 3
persist 45684 3000 3
persist 45802 3000 3
write base data version: 76100, memory: 4656046080 bytes (4440.35 MB)
persist 54316 3000 3
persist 52785 3000 3
persist 38307 2000 2
persist 54173 3000 3
persist 55338 3000 3
persist 53255 3000 3
persist 54032 3000 3
persist 53217 3000 3
persist 53276 3000 3
persist 50287 3000 3
persist 43511 3000 3
persist 45747 3000 3
persist 53067 3000 3
persist 50236 3000 3
persist 48588 3000 3
persist 44116 3000 3
persist 44775 3000 3
persist 48337 3000 3
persist 50678 3000 3
persist 49632 3000 3
persist 48547 3000 3
persist 50990 3000 3
persist 50284 3000 3
persist 47549 3000 3
persist 44848 3000 3
persist 49653 3000 3
persist 51650 3000 3
persist 51540 3000 3
persist 47953 3000 3
persist 50562 3000 3
persist 50835 3000 3
persist 46270 3000 3
persist 43058 3000 3
persist 45659 3000 3
write base data version: 76200, memory: 4798636032 bytes (4576.34 MB)
persist 44841 3000 3
persist 44162 3000 3
persist 43587 3000 3
persist 47938 3000 3
persist 50744 3000 3
persist 50625 3000 3
persist 51776 3000 3
persist 51961 3000 3
persist 52369 3000 3
persist 51120 3000 3
persist 50231 3000 3
persist 48241 3000 3
persist 47772 3000 3
persist 44328 3000 3
persist 44623 3000 3
persist 42433 3000 3
persist 44404 3000 3
persist 42973 3000 3
persist 45485 3000 3
persist 51175 3000 3
persist 47934 3000 3
persist 50029 3000 3
persist 47608 3000 3
persist 47394 3000 3
persist 48823 3000 3
persist 47713 3000 3
persist 45011 3000 3
persist 44368 3000 3
persist 48014 3000 3
persist 47855 3000 3
persist 37414 2000 2
persist 50706 3000 3
persist 52739 3000 3
persist 53804 3000 3
write base data version: 76300, memory: 4949254144 bytes (4719.98 MB)
persist 50114 3000 3
persist 53319 3000 3
persist 52034 3000 3
persist 50955 3000 3
persist 52961 3000 3
persist 50164 3000 3
persist 45548 3000 3
persist 49540 3000 3
persist 51812 3000 3
persist 70035 4000 4
persist 104730 6000 6
persist 141646 8000 8
persist 162725 9000 9
persist 155320 9000 9
persist 157154 9000 9
persist 175374 10000 10
persist 173230 10000 10
write base data version: 76400, memory: 5100158976 bytes (4863.89 MB)
persist 179276 10000 10
persist 141984 8000 8
persist 165440 9000 9
persist 160438 9000 9
persist 162662 9000 9
persist 162843 9000 9
persist 164513 9000 9
persist 179850 10000 10
persist 164585 9000 9
persist 164425 9000 9
persist 166701 9000 9
write base data version: 76500, memory: 4723200000 bytes (4504.39 MB)
persist 184568 10000 10
persist 171538 10000 10
persist 172719 10000 10
persist 175771 10000 10
persist 182391 10000 10
persist 162188 9000 9
persist 163220 9000 9
persist 161301 9000 9
persist 183828 10000 10
persist 158651 9000 9
write base data version: 76600, memory: 4875149312 bytes (4649.30 MB)
persist 157608 9000 9
persist 160658 9000 9
persist 159512 9000 9
persist 160245 9000 9
persist 104354 6000 6
persist 65196 4000 4
persist 50455 3000 3
persist 50437 3000 3
persist 52047 3000 3
persist 52805 3000 3
persist 46114 3000 3
persist 43679 3000 3
persist 43348 3000 3
persist 48144 3000 3
persist 34793 2000 2
persist 50182 3000 3
persist 52168 3000 3
persist 53598 3000 3
persist 49262 3000 3
persist 47710 3000 3
persist 46372 3000 3
persist 44643 3000 3
persist 49016 3000 3
persist 38217 2000 2
persist 53222 3000 3
persist 49138 3000 3
persist 46575 3000 3
persist 48455 3000 3
persist 40482 2000 2
write base data version: 76700, memory: 5023637504 bytes (4790.91 MB)
persist 56070 3000 3
persist 37767 2000 2
persist 53131 3000 3
persist 59329 3000 3
persist 49604 3000 3
persist 55222 3000 3
persist 38304 2000 2
persist 54167 3000 3
persist 51528 3000 3
persist 54467 3000 3
persist 54047 3000 3
persist 51823 3000 3
persist 47383 3000 3
persist 52566 3000 3
persist 37248 2000 2
persist 52822 3000 3
persist 52226 3000 3
persist 76374 3000 3
persist 53881 3000 3
persist 53626 3000 3
persist 54644 3000 3
persist 62753 3000 3
persist 53037 3000 3
persist 46955 3000 3
persist 46868 3000 3
persist 43468 3000 3
persist 41289 3000 3
persist 47194 3000 3
persist 51114 3000 3
persist 46757 3000 3
persist 55256 3000 3
persist 36181 2000 2
persist 54654 3000 3
persist 51302 3000 3
write base data version: 76800, memory: 4670787584 bytes (4454.41 MB)
persist 48494 3000 3
persist 43020 3000 3
persist 49233 3000 3
persist 52836 3000 3
persist 50555 3000 3
persist 48219 3000 3
persist 49294 3000 3
persist 50654 3000 3
persist 47936 3000 3
persist 43931 3000 3
persist 46487 3000 3
persist 49986 3000 3
persist 52822 3000 3
persist 37321 2000 2
persist 50011 3000 3
persist 53942 3000 3
persist 53058 3000 3
persist 53058 3000 3
persist 54204 3000 3
persist 54969 3000 3
persist 55122 3000 3
persist 54853 3000 3
persist 52325 3000 3
persist 49181 3000 3
persist 49883 3000 3
persist 40774 3000 3
persist 47767 3000 3
persist 53726 3000 3
persist 36894 2000 2
persist 55447 3000 3
persist 51253 3000 3
persist 50689 3000 3
persist 43974 3000 3
persist 51357 3000 3
persist 37954 2000 2
write base data version: 76900, memory: 4793180160 bytes (4571.13 MB)
persist 52720 3000 3
persist 52758 3000 3
persist 44788 3000 3
persist 37750 2000 2
persist 53536 3000 3
persist 53973 3000 3
persist 53351 3000 3
persist 47377 3000 3
persist 39701 2000 2
persist 51837 3000 3
persist 52081 3000 3
persist 53717 3000 3
persist 49782 3000 3
persist 48367 3000 3
persist 50169 3000 3
persist 45267 3000 3
persist 43540 3000 3
persist 49715 3000 3
persist 50099 3000 3
persist 54116 3000 3
persist 34470 2000 2
persist 51472 3000 3
persist 52789 3000 3
persist 52746 3000 3
persist 52501 3000 3
persist 49614 3000 3
persist 53261 3000 3
persist 54016 3000 3
persist 51225 3000 3
persist 46665 3000 3
persist 51934 3000 3
persist 50570 3000 3
persist 49968 3000 3
persist 44527 3000 3
write base data version: 77000, memory: 4945186816 bytes (4716.10 MB)
persist 51635 3000 3
persist 52028 3000 3
persist 48019 3000 3
persist 43060 3000 3
persist 46367 3000 3
persist 46520 3000 3
persist 42728 3000 3
persist 43714 3000 3
persist 44224 3000 3
persist 43810 3000 3
persist 42832 3000 3
persist 42457 3000 3
persist 44796 3000 3
persist 49336 3000 3
persist 47525 3000 3
persist 46854 3000 3
persist 51024 3000 3
persist 53614 3000 3
persist 49233 3000 3
persist 42766 3000 3
persist 43634 3000 3
persist 48458 3000 3
persist 36112 2000 2
persist 53129 3000 3
persist 58969 3000 3
persist 49837 3000 3
persist 44637 3000 3
persist 43179 3000 3
persist 50946 3000 3
persist 37031 2000 2
persist 55191 3000 3
persist 52099 3000 3
persist 51661 3000 3
persist 36459 2000 2
write base data version: 77100, memory: 4577423360 bytes (4365.37 MB)
persist 51469 3000 3
persist 53973 3000 3
persist 44232 3000 3
persist 48151 3000 3
persist 37328 2000 2
persist 52179 3000 3
persist 50117 3000 3
persist 51031 3000 3
persist 53733 3000 3
persist 37670 2000 2
persist 49412 3000 3
persist 51030 3000 3
persist 51454 3000 3
persist 51733 3000 3
persist 43907 3000 3
persist 48978 3000 3
persist 36090 2000 2
persist 50052 3000 3
persist 51025 3000 3
persist 48176 3000 3
persist 46161 3000 3
persist 50451 3000 3
persist 37989 2000 2
persist 49716 3000 3
persist 50023 3000 3
persist 50384 3000 3
persist 49424 3000 3
persist 43858 3000 3
persist 41345 3000 3
persist 41293 3000 3
persist 42055 3000 3
persist 41009 3000 3
persist 47458 3000 3
persist 35584 2000 2
persist 51969 3000 3
write base data version: 77200, memory: 4720283648 bytes (4501.61 MB)
persist 52188 3000 3
persist 53308 3000 3
persist 47059 3000 3
persist 45852 3000 3
persist 50529 3000 3
persist 38136 2000 2
persist 53815 3000 3
persist 53486 3000 3
persist 53111 3000 3
persist 49102 3000 3
persist 38913 2000 2
persist 51942 3000 3
persist 53386 3000 3
persist 42446 3000 3
persist 35016 2000 2
persist 49796 3000 3
persist 51511 3000 3
persist 45496 3000 3
persist 49679 3000 3
persist 35450 2000 2
persist 49648 3000 3
persist 50707 3000 3
persist 51649 3000 3
persist 52111 3000 3
persist 50934 3000 3
persist 51747 3000 3
persist 50078 3000 3
persist 44185 3000 3
persist 48550 3000 3
persist 54221 3000 3
persist 37496 2000 2
persist 51775 3000 3
persist 56051 3000 3
persist 50874 3000 3
persist 52432 3000 3
write base data version: 77300, memory: 4863217664 bytes (4637.93 MB)
persist 46474 3000 3
persist 45954 3000 3
persist 51398 3000 3
persist 36596 2000 2
persist 51082 3000 3
persist 53057 3000 3
persist 52370 3000 3
persist 52468 3000 3
persist 53368 3000 3
persist 53028 3000 3
persist 51637 3000 3
persist 51009 3000 3
persist 46360 3000 3
persist 46303 3000 3
persist 51424 3000 3
persist 50387 3000 3
persist 51956 3000 3
persist 37178 2000 2
persist 50143 3000 3
persist 53331 3000 3
persist 51879 3000 3
persist 50963 3000 3
persist 52158 3000 3
persist 51392 3000 3
persist 50015 3000 3
persist 44280 3000 3
persist 38742 2000 2
persist 52455 3000 3
persist 54650 3000 3
persist 52658 3000 3
persist 49609 3000 3
persist 44596 3000 3
persist 46871 3000 3
persist 53189 3000 3
persist 37826 2000 2
write base data version: 77400, memory: 5006053376 bytes (4774.14 MB)
persist 51704 3000 3
persist 52997 3000 3
persist 53134 3000 3
persist 51122 3000 3
persist 54685 3000 3
persist 51459 3000 3
persist 45933 3000 3
persist 36671 2000 2
persist 50989 3000 3
persist 52671 3000 3
persist 50510 3000 3
persist 36825 2000 2
persist 56664 3000 3
persist 42200 2000 2
persist 52155 3000 3
persist 46421 3000 3
persist 37335 2000 2
persist 52336 3000 3
persist 48807 3000 3
persist 45963 3000 3
persist 36299 2000 2
persist 50569 3000 3
persist 67644 3000 3
persist 51642 3000 3
persist 44499 3000 3
persist 36696 2000 2
persist 51556 3000 3
persist 52476 3000 3
persist 45236 3000 3
persist 36053 2000 2
persist 51287 3000 3
persist 53110 3000 3
persist 44578 3000 3
persist 49877 3000 3
persist 37397 2000 2
persist 52447 3000 3
write base data version: 77500, memory: 4635615232 bytes (4420.87 MB)
persist 44360 3000 3
persist 54455 3000 3
persist 37894 2000 2
persist 53185 3000 3
persist 49046 3000 3
persist 48341 3000 3
persist 37835 2000 2
persist 52830 3000 3
persist 44213 3000 3
persist 51047 3000 3
persist 38987 2000 2
persist 51889 3000 3
persist 51621 3000 3
persist 53123 3000 3
persist 52691 3000 3
persist 52783 3000 3
persist 52976 3000 3
persist 53339 3000 3
persist 54116 3000 3
persist 54488 3000 3
persist 50810 3000 3
persist 52844 3000 3
persist 53723 3000 3
persist 48628 3000 3
persist 46457 3000 3
persist 51227 3000 3
persist 54325 3000 3
persist 51363 3000 3
persist 48981 3000 3
persist 55393 3000 3
persist 56751 3000 3
persist 55989 3000 3
persist 53844 3000 3
persist 57165 3000 3
write base data version: 77600, memory: 4763635712 bytes (4542.96 MB)
persist 50745 3000 3
persist 45883 3000 3
persist 45169 3000 3
persist 48453 3000 3
persist 51681 3000 3
persist 51493 3000 3
persist 50751 3000 3
persist 53771 3000 3
persist 58485 3000 3
persist 58202 3000 3
persist 57411 3000 3
persist 57801 3000 3
persist 57810 3000 3
persist 57576 3000 3
persist 58562 3000 3
persist 58554 3000 3
persist 74243 4000 4
persist 58666 3000 3
persist 59800 3000 3
persist 59588 3000 3
persist 59071 3000 3
persist 58655 3000 3
persist 87628 4000 4
persist 77557 4000 4
persist 58391 3000 3
persist 59641 3000 3
persist 59130 3000 3
persist 61122 3000 3
persist 59148 3000 3
persist 59643 3000 3
persist 58482 3000 3
persist 58595 3000 3
persist 58689 3000 3
write base data version: 77700, memory: 4906504192 bytes (4679.21 MB)
persist 59251 3000 3
persist 59259 3000 3
persist 59612 3000 3
persist 59364 3000 3
persist 59534 3000 3
persist 58520 3000 3
persist 58836 3000 3
persist 58833 3000 3
persist 60619 3000 3
persist 59292 3000 3
persist 60560 3000 3
persist 59565 3000 3
persist 59284 3000 3
persist 59900 3000 3
persist 59869 3000 3
persist 60918 3000 3
persist 61703 3000 3
persist 59509 3000 3
persist 59499 3000 3
persist 58883 3000 3
persist 60285 3000 3
persist 60590 3000 3
persist 60482 3000 3
persist 60607 3000 3
persist 61328 3000 3
persist 60866 3000 3
persist 61941 3000 3
persist 56574 3000 3
persist 57932 3000 3
persist 60121 3000 3
persist 59863 3000 3
persist 59015 3000 3
persist 60318 3000 3
write base data version: 77800, memory: 5053997056 bytes (4819.87 MB)
persist 62467 3000 3
persist 45032 2000 2
persist 59618 3000 3
persist 64429 3000 3
persist 63072 3000 3
persist 59992 3000 3
persist 57670 3000 3
persist 60717 3000 3
persist 61950 3000 3
persist 61727 3000 3
persist 60898 3000 3
persist 61980 3000 3
persist 59837 3000 3
persist 54500 3000 3
persist 61564 3000 3
persist 58578 3000 3
persist 60865 3000 3
persist 57910 3000 3
persist 60315 3000 3
persist 60125 3000 3
persist 60659 3000 3
persist 60221 3000 3
persist 59858 3000 3
persist 58059 3000 3
persist 59616 3000 3
persist 60773 3000 3
persist 59166 3000 3
persist 61236 3000 3
persist 58636 3000 3
persist 60609 3000 3
persist 59979 3000 3
persist 58948 3000 3
persist 60830 3000 3
persist 57532 3000 3
write base data version: 77900, memory: 4674166784 bytes (4457.63 MB)
persist 61451 3000 3
persist 57730 3000 3
persist 60876 3000 3
persist 59466 3000 3
persist 60094 3000 3
persist 60438 3000 3
persist 56980 3000 3
persist 60828 3000 3
persist 57261 3000 3
persist 59709 3000 3
persist 58635 3000 3
persist 61274 3000 3
persist 60428 3000 3
persist 58754 3000 3
persist 61964 3000 3
persist 62331 3000 3
persist 61591 3000 3
persist 60717 3000 3
persist 61827 3000 3
persist 62978 3000 3
persist 59042 3000 3
persist 57413 3000 3
persist 57865 3000 3
persist 57295 3000 3
persist 87029 4000 4
persist 57068 3000 3
persist 57695 3000 3
persist 58630 3000 3
persist 58345 3000 3
persist 58033 3000 3
persist 58414 3000 3
persist 57930 3000 3
persist 58692 3000 3
write base data version: 78000, memory: 4816904192 bytes (4593.76 MB)
persist 58361 3000 3
persist 58759 3000 3
persist 57841 3000 3
persist 56937 3000 3
persist 58700 3000 3
persist 59227 3000 3
persist 57255 3000 3
persist 58667 3000 3
persist 58855 3000 3
persist 60176 3000 3
persist 60588 3000 3
persist 90266 4000 4
persist 58978 3000 3
persist 59720 3000 3
persist 59944 3000 3
persist 60138 3000 3
persist 60491 3000 3
persist 61456 3000 3
persist 58889 3000 3
persist 58552 3000 3
persist 56808 3000 3
persist 55775 3000 3
persist 55229 3000 3
persist 57214 3000 3
persist 56398 3000 3
persist 56911 3000 3
persist 57013 3000 3
persist 58192 3000 3
persist 57767 3000 3
persist 57683 3000 3
persist 58511 3000 3
persist 83863 4000 4
write base data version: 78100, memory: 4959735808 bytes (4729.97 MB)
persist 59338 3000 3
persist 58039 3000 3
persist 58188 3000 3
persist 60072 3000 3
persist 58298 3000 3
persist 78622 4000 4
persist 54412 3000 3
persist 52736 3000 3
persist 53347 3000 3
persist 53785 3000 3
persist 50457 3000 3
persist 51908 3000 3
persist 52897 3000 3
persist 75447 4000 4
persist 51197 3000 3
persist 51010 3000 3
persist 52756 3000 3
persist 52227 3000 3
persist 51601 3000 3
persist 58176 3000 3
persist 50133 3000 3
persist 44864 2000 2
persist 57902 3000 3
persist 51935 3000 3
persist 51599 3000 3
persist 51960 3000 3
persist 49746 3000 3
persist 52703 3000 3
persist 52011 3000 3
persist 53526 3000 3
persist 37605 2000 2
persist 54037 3000 3
persist 53604 3000 3
persist 52505 3000 3
write base data version: 78200, memory: 4589109248 bytes (4376.52 MB)
persist 53559 3000 3
persist 51700 3000 3
persist 53027 3000 3
persist 52645 3000 3
persist 50485 3000 3
persist 48605 3000 3
persist 48288 3000 3
persist 46634 3000 3
persist 44894 3000 3
persist 48660 3000 3
persist 53592 3000 3
persist 54704 3000 3
persist 54337 3000 3
persist 53248 3000 3
persist 51401 3000 3
persist 51693 3000 3
persist 51718 3000 3
persist 51980 3000 3
persist 50740 3000 3
persist 52316 3000 3
persist 43855 3000 3
persist 44344 3000 3
persist 45642 3000 3
persist 45972 3000 3
persist 49873 3000 3
persist 37123 2000 2
persist 52148 3000 3
persist 52964 3000 3
persist 53253 3000 3
persist 53377 3000 3
persist 51731 3000 3
persist 48962 3000 3
persist 45479 3000 3
write base data version: 78300, memory: 4717236224 bytes (4498.71 MB)
persist 45558 3000 3
persist 49069 3000 3
persist 48609 3000 3
persist 47698 3000 3
persist 44880 3000 3
persist 40975 2000 2
persist 55223 3000 3
persist 55775 3000 3
persist 47098 3000 3
persist 50806 3000 3
persist 53404 3000 3
persist 48780 3000 3
persist 51502 3000 3
persist 47233 3000 3
persist 45494 3000 3
persist 43114 3000 3
persist 47370 3000 3
persist 37227 2000 2
persist 52565 3000 3
persist 50982 3000 3
persist 52134 3000 3
persist 50786 3000 3
persist 46830 3000 3
persist 46183 3000 3
persist 49448 3000 3
persist 36544 2000 2
persist 52104 3000 3
persist 50175 3000 3
persist 49531 3000 3
persist 48827 3000 3
persist 48934 3000 3
persist 49939 3000 3
persist 49986 3000 3
persist 50937 3000 3
persist 51222 3000 3
write base data version: 78400, memory: 4859977728 bytes (4634.84 MB)
persist 50285 3000 3
persist 50490 3000 3
persist 51319 3000 3
persist 51772 3000 3
persist 51165 3000 3
persist 51462 3000 3
persist 52341 3000 3
persist 53164 3000 3
persist 53394 3000 3
persist 53475 3000 3
persist 53943 3000 3
persist 54366 3000 3
persist 53378 3000 3
persist 54313 3000 3
persist 55060 3000 3
persist 54377 3000 3
persist 54701 3000 3
persist 50998 3000 3
persist 55550 3000 3
persist 51487 3000 3
persist 51659 3000 3
persist 51064 3000 3
persist 50815 3000 3
persist 51128 3000 3
persist 51157 3000 3
persist 50952 3000 3
persist 51646 3000 3
persist 50843 3000 3
persist 50097 3000 3
persist 52100 3000 3
persist 50231 3000 3
persist 52125 3000 3
persist 52883 3000 3
write base data version: 78500, memory: 5002891264 bytes (4771.13 MB)
persist 52555 3000 3
persist 52468 3000 3
persist 52540 3000 3
persist 49134 3000 3
persist 49528 3000 3
persist 56995 3000 3
persist 52048 3000 3
persist 52251 3000 3
persist 51982 3000 3
persist 56925 3000 3
persist 51158 3000 3
persist 37848 2000 2
persist 52816 3000 3
persist 51568 3000 3
persist 51740 3000 3
persist 52358 3000 3
persist 52338 3000 3
persist 50204 3000 3
persist 47646 3000 3
persist 46564 3000 3
persist 50742 3000 3
persist 49044 3000 3
persist 48627 3000 3
persist 51814 3000 3
persist 51834 3000 3
persist 50952 3000 3
persist 45210 3000 3
persist 45863 3000 3
persist 47227 3000 3
persist 48998 3000 3
persist 46529 3000 3
persist 48512 3000 3
persist 45644 3000 3
persist 42329 3000 3
write base data version: 78600, memory: 4634042368 bytes (4419.37 MB)
persist 44162 3000 3
persist 43943 3000 3
persist 42793 3000 3
persist 41380 3000 3
persist 41001 3000 3
persist 40795 3000 3
persist 43125 3000 3
persist 43354 3000 3
persist 45924 3000 3
persist 48333 3000 3
persist 49763 3000 3
persist 50689 3000 3
persist 48252 3000 3
persist 41629 3000 3
persist 47000 3000 3
persist 50665 3000 3
persist 49803 3000 3
persist 44522 3000 3
persist 50790 3000 3
persist 53348 3000 3
persist 51707 3000 3
persist 50918 3000 3
persist 52164 3000 3
persist 52988 3000 3
persist 51484 3000 3
persist 51769 3000 3
persist 51507 3000 3
persist 52425 3000 3
persist 52148 3000 3
persist 53204 3000 3
persist 50024 3000 3
persist 51001 3000 3
persist 50692 3000 3
write base data version: 78700, memory: 4776886272 bytes (4555.59 MB)
persist 49393 3000 3
persist 69727 4000 4
persist 49014 3000 3
persist 50627 3000 3
persist 50382 3000 3
persist 48222 3000 3
persist 47522 3000 3
persist 47855 3000 3
persist 50670 3000 3
persist 50431 3000 3
persist 69385 4000 4
persist 50784 3000 3
persist 51534 3000 3
persist 51398 3000 3
persist 51215 3000 3
persist 50653 3000 3
persist 51148 3000 3
persist 49070 3000 3
persist 49315 3000 3
persist 50454 3000 3
persist 50329 3000 3
persist 47298 3000 3
persist 47773 3000 3
persist 49805 3000 3
persist 49661 3000 3
persist 52074 3000 3
persist 50342 3000 3
persist 49200 3000 3
persist 49853 3000 3
persist 50204 3000 3
persist 49567 3000 3
persist 50313 3000 3
persist 51668 3000 3
write base data version: 78800, memory: 4919828480 bytes (4691.91 MB)
persist 51206 3000 3
persist 51751 3000 3
persist 51341 3000 3
persist 52322 3000 3
persist 52437 3000 3
persist 50309 3000 3
persist 49968 3000 3
persist 50562 3000 3
persist 51342 3000 3
persist 51730 3000 3
persist 50674 3000 3
persist 53152 3000 3
persist 53405 3000 3
persist 50318 3000 3
persist 43263 3000 3
persist 47945 3000 3
persist 52785 3000 3
persist 48207 3000 3
persist 45556 3000 3
persist 44209 3000 3
persist 49610 3000 3
persist 50672 3000 3
persist 50768 3000 3
persist 51466 3000 3
persist 48610 3000 3
persist 49564 3000 3
persist 50774 3000 3
persist 51803 3000 3
persist 46390 3000 3
persist 44362 3000 3
persist 45717 3000 3
persist 44382 3000 3
persist 46446 3000 3
write base data version: 78900, memory: 5066416128 bytes (4831.71 MB)
persist 48750 3000 3
persist 51737 3000 3
persist 43480 3000 3
persist 47305 3000 3
persist 46706 3000 3
persist 38736 2000 2
persist 53875 3000 3
persist 45152 3000 3
persist 57233 3000 3
persist 37089 2000 2
persist 52068 3000 3
persist 44442 3000 3
persist 47856 3000 3
persist 46103 3000 3
persist 49781 3000 3
persist 51129 3000 3
persist 51115 3000 3
persist 48611 3000 3
persist 48160 3000 3
persist 51280 3000 3
persist 55008 3000 3
persist 54572 3000 3
persist 52163 3000 3
persist 52859 3000 3
persist 53197 3000 3
persist 51209 3000 3
persist 52170 3000 3
persist 47184 3000 3
persist 37101 2000 2
persist 52519 3000 3
persist 54142 3000 3
persist 53480 3000 3
persist 53490 3000 3
persist 52903 3000 3
write base data version: 79000, memory: 4678500352 bytes (4461.77 MB)
persist 53105 3000 3
persist 52188 3000 3
persist 52880 3000 3
persist 52182 3000 3
persist 52933 3000 3
persist 54266 3000 3
persist 53130 3000 3
persist 53453 3000 3
persist 53806 3000 3
persist 53577 3000 3
persist 45553 3000 3
persist 46836 3000 3
persist 52696 3000 3
persist 39929 2000 2
persist 56280 3000 3
persist 55393 3000 3
persist 55466 3000 3
persist 54194 3000 3
persist 54356 3000 3
persist 53074 3000 3
persist 50907 3000 3
persist 51061 3000 3
persist 47004 3000 3
persist 45647 3000 3
persist 49706 3000 3
persist 51171 3000 3
persist 51607 3000 3
persist 50181 3000 3
persist 49530 3000 3
persist 51210 3000 3
persist 52149 3000 3
persist 49743 3000 3
persist 49710 3000 3
persist 50459 3000 3
write base data version: 79100, memory: 4821499904 bytes (4598.14 MB)
persist 50700 3000 3
persist 52717 3000 3
persist 54100 3000 3
persist 52303 3000 3
persist 52390 3000 3
persist 50620 3000 3
persist 53008 3000 3
persist 51661 3000 3
persist 53307 3000 3
persist 50580 3000 3
persist 52172 3000 3
persist 52817 3000 3
persist 48840 3000 3
persist 48852 3000 3
persist 52291 3000 3
persist 51566 3000 3
persist 53907 3000 3
persist 52425 3000 3
persist 52440 3000 3
persist 53121 3000 3
persist 49274 3000 3
persist 52071 3000 3
persist 54717 3000 3
persist 51559 3000 3
persist 52182 3000 3
persist 53378 3000 3
persist 53772 3000 3
persist 53852 3000 3
persist 52883 3000 3
persist 46194 3000 3
persist 50965 3000 3
persist 50006 3000 3
persist 51332 3000 3
write base data version: 79200, memory: 4964573184 bytes (4734.59 MB)
persist 45061 3000 3
persist 50160 3000 3
persist 51343 3000 3
persist 48261 3000 3
persist 47137 3000 3
persist 53604 3000 3
persist 51197 3000 3
persist 55244 3000 3
persist 54358 3000 3
persist 53565 3000 3
persist 52549 3000 3
persist 52521 3000 3
persist 49846 3000 3
persist 52867 3000 3
persist 53160 3000 3
persist 50006 3000 3
persist 51832 3000 3
persist 51487 3000 3
persist 52907 3000 3
persist 61191 3000 3
persist 59437 3000 3
persist 56993 3000 3
persist 57283 3000 3
persist 57460 3000 3
persist 59394 3000 3
persist 71130 3000 3
persist 65178 4000 4
persist 52971 3000 3
persist 52542 3000 3
persist 52182 3000 3
persist 50478 3000 3
persist 50318 3000 3
persist 51767 3000 3
write base data version: 79300, memory: 4595494912 bytes (4382.61 MB)
persist 51341 3000 3
persist 51865 3000 3
persist 51737 3000 3
persist 51909 3000 3
persist 47836 3000 3
persist 50231 3000 3
persist 48804 3000 3
persist 74255 4000 4
persist 52734 3000 3
persist 53249 3000 3
persist 53031 3000 3
persist 51338 3000 3
persist 51944 3000 3
persist 50999 3000 3
persist 50388 3000 3
persist 46329 3000 3
persist 50623 3000 3
persist 48565 3000 3
persist 50922 3000 3
persist 48739 3000 3
persist 49863 3000 3
persist 51053 3000 3
persist 50771 3000 3
persist 47131 3000 3
persist 47691 3000 3
persist 49791 3000 3
persist 50369 3000 3
persist 52347 3000 3
persist 51489 3000 3
persist 54079 3000 3
persist 51576 3000 3
persist 49236 3000 3
persist 54719 3000 3
write base data version: 79400, memory: 4738392064 bytes (4518.88 MB)
persist 51441 3000 3
persist 50654 3000 3
persist 51062 3000 3
persist 53311 3000 3
persist 50040 3000 3
persist 52415 3000 3
persist 47740 3000 3
persist 49300 3000 3
persist 49207 3000 3
persist 48922 3000 3
persist 51095 3000 3
persist 51451 3000 3
persist 50980 3000 3
persist 50473 3000 3
persist 50018 3000 3
persist 50025 3000 3
persist 50783 3000 3
persist 49403 3000 3
persist 49028 3000 3
persist 48900 3000 3
persist 51160 3000 3
persist 51737 3000 3
persist 51297 3000 3
persist 51065 3000 3
persist 50988 3000 3
persist 50665 3000 3
persist 45104 3000 3
persist 41778 3000 3
persist 43536 3000 3
persist 42560 3000 3
persist 41186 3000 3
persist 42952 3000 3
persist 49909 3000 3
persist 51443 3000 3
write base data version: 79500, memory: 4881588224 bytes (4655.45 MB)
persist 49157 3000 3
persist 51014 3000 3
persist 51594 3000 3
persist 51816 3000 3
persist 49080 3000 3
persist 51125 3000 3
persist 51399 3000 3
persist 47480 3000 3
persist 48647 3000 3
persist 49226 3000 3
persist 52090 3000 3
persist 52487 3000 3
persist 53368 3000 3
persist 51328 3000 3
persist 72291 4000 4
persist 53496 3000 3
persist 54017 3000 3
persist 55612 3000 3
persist 51749 3000 3
persist 51032 3000 3
persist 51643 3000 3
persist 52384 3000 3
persist 51400 3000 3
persist 52306 3000 3
persist 51818 3000 3
persist 52259 3000 3
persist 53408 3000 3
persist 54242 3000 3
persist 55853 3000 3
persist 53197 3000 3
persist 52237 3000 3
persist 53641 3000 3
persist 48091 3000 3
write base data version: 79600, memory: 5024411648 bytes (4791.65 MB)
persist 43378 3000 3
persist 44974 3000 3
persist 45769 3000 3
persist 48600 3000 3
persist 45505 3000 3
persist 51905 3000 3
persist 48629 3000 3
persist 44540 3000 3
persist 46348 3000 3
persist 52371 3000 3
persist 45736 3000 3
persist 46101 3000 3
persist 47788 3000 3
persist 56708 3000 3
persist 54213 3000 3
persist 54325 3000 3
persist 37589 2000 2
persist 54255 3000 3
persist 55141 3000 3
persist 53912 3000 3
persist 52335 3000 3
persist 54878 3000 3
persist 53200 3000 3
persist 53085 3000 3
persist 49122 3000 3
persist 48409 3000 3
persist 37697 2000 2
persist 53688 3000 3
persist 53673 3000 3
persist 54199 3000 3
persist 52586 3000 3
persist 49542 3000 3
persist 45196 3000 3
persist 50346 3000 3
write base data version: 79700, memory: 4662652928 bytes (4446.65 MB)
persist 37474 2000 2
persist 51965 3000 3
persist 52795 3000 3
persist 52211 3000 3
persist 53156 3000 3
persist 52913 3000 3
persist 48059 3000 3
persist 51202 3000 3
persist 37014 2000 2
persist 53414 3000 3
persist 53704 3000 3
persist 52276 3000 3
persist 48384 3000 3
persist 45535 3000 3
persist 37286 2000 2
persist 55260 3000 3
persist 52245 3000 3
persist 53937 3000 3
persist 53147 3000 3
persist 53783 3000 3
persist 53948 3000 3
persist 52953 3000 3
persist 46195 3000 3
persist 50568 3000 3
persist 39372 2000 2
persist 53733 3000 3
persist 56073 3000 3
persist 55788 3000 3
persist 50722 3000 3
persist 51768 3000 3
persist 51647 3000 3
persist 50508 3000 3
persist 50124 3000 3
persist 50845 3000 3
write base data version: 79800, memory: 4803063808 bytes (4580.56 MB)
persist 50659 3000 3
persist 49877 3000 3
persist 49895 3000 3
persist 51822 3000 3
persist 52316 3000 3
persist 50623 3000 3
persist 50791 3000 3
persist 51287 3000 3
persist 54073 3000 3
persist 51846 3000 3
persist 50855 3000 3
persist 51625 3000 3
persist 52886 3000 3
persist 52364 3000 3
persist 50584 3000 3
persist 52001 3000 3
persist 53068 3000 3
persist 51848 3000 3
persist 52952 3000 3
persist 52064 3000 3
persist 52128 3000 3
persist 53065 3000 3
persist 52479 3000 3
persist 52973 3000 3
persist 52673 3000 3
persist 51492 3000 3
persist 50842 3000 3
persist 49128 3000 3
persist 50296 3000 3
persist 50065 3000 3
persist 51232 3000 3
persist 50690 3000 3
persist 51452 3000 3
persist 51985 3000 3
write base data version: 79900, memory: 4957782016 bytes (4728.11 MB)
persist 51217 3000 3
persist 51807 3000 3
persist 51548 3000 3
persist 54525 3000 3
persist 52561 3000 3
persist 52040 3000 3
persist 51420 3000 3
persist 51079 3000 3
persist 51074 3000 3
persist 52490 3000 3
persist 51994 3000 3
persist 51512 3000 3
persist 51044 3000 3
persist 51395 3000 3
persist 51918 3000 3
persist 52076 3000 3
persist 52578 3000 3
persist 53017 3000 3
persist 52990 3000 3
persist 53176 3000 3
persist 51791 3000 3
persist 50090 3000 3
persist 50693 3000 3
persist 51338 3000 3
persist 43422 3000 3
persist 51292 3000 3
persist 36143 2000 2
persist 51583 3000 3
persist 52255 3000 3
persist 51438 3000 3
persist 43524 3000 3
persist 47426 3000 3
persist 36656 2000 2
persist 51358 3000 3
write base data version: 80000, memory: 5111865344 bytes (4875.05 MB)
persist 52506 3000 3
persist 115625 3000 3
persist 51102 3000 3
persist 50785 3000 3
persist 54333 3000 3
persist 49377 3000 3
persist 46909 3000 3
persist 46217 3000 3
persist 45185 3000 3
persist 44101 3000 3
persist 48314 3000 3
persist 49398 3000 3
persist 43584 3000 3
persist 50506 3000 3
persist 50571 3000 3
persist 53187 3000 3
persist 37053 2000 2
persist 51446 3000 3
persist 51293 3000 3
persist 52398 3000 3
persist 53316 3000 3
persist 53809 3000 3
persist 54256 3000 3
persist 52260 3000 3
persist 52521 3000 3
persist 51893 3000 3
persist 53100 3000 3
persist 54494 3000 3
persist 51545 3000 3
persist 52687 3000 3
persist 51684 3000 3
persist 52468 3000 3
persist 51469 3000 3
write base data version: 80100, memory: 4746371072 bytes (4526.49 MB)
persist 50271 3000 3
persist 50739 3000 3
persist 52427 3000 3
persist 52859 3000 3
persist 52826 3000 3
persist 53231 3000 3
persist 51589 3000 3
persist 52158 3000 3
persist 53400 3000 3
persist 52005 3000 3
persist 52001 3000 3
persist 51451 3000 3
persist 50589 3000 3
persist 52256 3000 3
persist 52162 3000 3
persist 48285 3000 3
persist 47282 3000 3
persist 48311 3000 3
persist 46996 3000 3
persist 47306 3000 3
persist 50341 3000 3
persist 49188 3000 3
persist 48951 3000 3
persist 48479 3000 3
persist 48988 3000 3
persist 47553 3000 3
persist 47427 3000 3
persist 48572 3000 3
persist 50937 3000 3
persist 49040 3000 3
persist 49999 3000 3
persist 53075 3000 3
persist 52182 3000 3
persist 49921 3000 3
write base data version: 80200, memory: 4889477120 bytes (4662.97 MB)
persist 50410 3000 3
persist 49209 3000 3
persist 49885 3000 3
persist 51497 3000 3
persist 49710 3000 3
persist 50432 3000 3
persist 51955 3000 3
persist 49873 3000 3
persist 50757 3000 3
persist 49616 3000 3
persist 52078 3000 3
persist 50351 3000 3
persist 51349 3000 3
persist 51164 3000 3
persist 51801 3000 3
persist 52782 3000 3
persist 50914 3000 3
persist 51335 3000 3
persist 51249 3000 3
persist 50174 3000 3
persist 49609 3000 3
persist 48572 3000 3
persist 50129 3000 3
persist 45656 3000 3
persist 47145 3000 3
persist 49005 3000 3
persist 49010 3000 3
persist 43915 3000 3
persist 45559 3000 3
persist 49547 3000 3
persist 46763 3000 3
persist 43034 3000 3
persist 46720 3000 3
write base data version: 80300, memory: 5032288256 bytes (4799.16 MB)
persist 48783 3000 3
persist 46876 3000 3
persist 47746 3000 3
persist 45826 3000 3
persist 47311 3000 3
persist 45516 3000 3
persist 42594 3000 3
persist 42973 3000 3
persist 44129 3000 3
persist 45150 3000 3
persist 34627 2000 2
persist 48957 3000 3
persist 49079 3000 3
persist 48469 3000 3
persist 51080 3000 3
persist 52652 3000 3
persist 76448 4000 4
persist 50023 3000 3
persist 49776 3000 3
persist 50521 3000 3
persist 52082 3000 3
persist 51515 3000 3
persist 51007 3000 3
persist 52604 3000 3
persist 51827 3000 3
persist 53070 3000 3
persist 49787 3000 3
persist 52306 3000 3
persist 51315 3000 3
persist 50401 3000 3
persist 48875 3000 3
persist 52767 3000 3
persist 51800 3000 3
write base data version: 80400, memory: 4662292480 bytes (4446.31 MB)
persist 51110 3000 3
persist 52613 3000 3
persist 54141 3000 3
persist 50479 3000 3
persist 53078 3000 3
persist 51275 3000 3
persist 54345 3000 3
persist 51375 3000 3
persist 51449 3000 3
persist 53386 3000 3
persist 50484 3000 3
persist 50932 3000 3
persist 53340 3000 3
persist 50592 3000 3
persist 52097 3000 3
persist 51058 3000 3
persist 52723 3000 3
persist 52661 3000 3
persist 51853 3000 3
persist 52010 3000 3
persist 52832 3000 3
persist 52076 3000 3
persist 52273 3000 3
persist 52870 3000 3
persist 58264 3000 3
persist 59018 3000 3
persist 56068 3000 3
persist 59590 3000 3
persist 59077 3000 3
persist 59197 3000 3
persist 61466 3000 3
persist 60984 3000 3
persist 61395 3000 3
persist 63265 3000 3
write base data version: 80500, memory: 4796293120 bytes (4574.10 MB)
persist 61638 3000 3
persist 61786 3000 3
persist 53013 3000 3
persist 50475 3000 3
persist 49602 3000 3
persist 49105 3000 3
persist 51693 3000 3
persist 50769 3000 3
persist 50767 3000 3
persist 48880 3000 3
persist 50588 3000 3
persist 48926 3000 3
persist 49563 3000 3
persist 50582 3000 3
persist 51410 3000 3
persist 53146 3000 3
persist 48866 3000 3
persist 44218 3000 3
persist 46406 3000 3
persist 44452 3000 3
persist 49080 3000 3
persist 37132 2000 2
persist 52087 3000 3
persist 52195 3000 3
persist 53881 3000 3
persist 47503 3000 3
persist 50014 3000 3
persist 48225 3000 3
persist 42868 3000 3
persist 41623 3000 3
persist 44583 3000 3
persist 45929 3000 3
persist 50308 3000 3
persist 35702 2000 2
write base data version: 80600, memory: 4947808256 bytes (4718.60 MB)
persist 51026 3000 3
persist 53518 3000 3
persist 52499 3000 3
persist 51802 3000 3
persist 53949 3000 3
persist 54331 3000 3
persist 53954 3000 3
persist 52003 3000 3
persist 52792 3000 3
persist 51698 3000 3
persist 49710 3000 3
persist 51683 3000 3
persist 51955 3000 3
persist 50519 3000 3
persist 51678 3000 3
persist 52520 3000 3
persist 50093 3000 3
persist 50972 3000 3
persist 51640 3000 3
persist 52692 3000 3
persist 51239 3000 3
persist 53619 3000 3
persist 50885 3000 3
persist 53247 3000 3
persist 53665 3000 3
persist 74957 4000 4
persist 53424 3000 3
persist 53882 3000 3
persist 55208 3000 3
persist 48444 3000 3
persist 48939 3000 3
persist 50535 3000 3
persist 54918 3000 3
write base data version: 80700, memory: 5090586624 bytes (4854.76 MB)
persist 51901 3000 3
persist 49359 3000 3
persist 49538 3000 3
persist 53914 3000 3
persist 52166 3000 3
persist 51389 3000 3
persist 35879 2000 2
persist 48632 3000 3
persist 50738 3000 3
persist 51528 3000 3
persist 49567 3000 3
persist 51608 3000 3
persist 52224 3000 3
persist 49566 3000 3
persist 49878 3000 3
persist 46855 3000 3
persist 45979 3000 3
persist 47466 3000 3
persist 47775 3000 3
persist 45261 3000 3
persist 49413 3000 3
persist 49476 3000 3
persist 48250 3000 3
persist 49045 3000 3
persist 53663 3000 3
persist 49416 3000 3
persist 48612 3000 3
persist 46489 3000 3
persist 50037 3000 3
persist 48388 3000 3
persist 47212 3000 3
persist 47222 3000 3
persist 44541 3000 3
write base data version: 80800, memory: 4721741824 bytes (4503.00 MB)
persist 48081 3000 3
persist 45456 3000 3
persist 43875 3000 3
persist 46479 3000 3
persist 48274 3000 3
persist 45719 3000 3
persist 43143 3000 3
persist 45009 3000 3
persist 48911 3000 3
persist 45572 3000 3
persist 44302 3000 3
persist 46918 3000 3
persist 51571 3000 3
persist 48578 3000 3
persist 44673 3000 3
persist 49774 3000 3
persist 52096 3000 3
persist 50433 3000 3
persist 52213 3000 3
persist 36141 2000 2
persist 51187 3000 3
persist 51309 3000 3
persist 52221 3000 3
persist 51906 3000 3
persist 52060 3000 3
persist 49053 3000 3
persist 49495 3000 3
persist 51074 3000 3
persist 51435 3000 3
persist 49608 3000 3
persist 49814 3000 3
persist 49829 3000 3
persist 48999 3000 3
persist 49383 3000 3
write base data version: 80900, memory: 4864585728 bytes (4639.23 MB)
persist 51062 3000 3
persist 52280 3000 3
persist 50009 3000 3
persist 50559 3000 3
persist 51372 3000 3
persist 51869 3000 3
persist 52005 3000 3
persist 52473 3000 3
persist 52628 3000 3
persist 51412 3000 3
persist 50583 3000 3
persist 73379 4000 4
persist 50777 3000 3
persist 44357 3000 3
persist 51002 3000 3
persist 51914 3000 3
persist 50836 3000 3
persist 49557 3000 3
persist 51434 3000 3
persist 52966 3000 3
persist 50945 3000 3
persist 51897 3000 3
persist 50306 3000 3
persist 52305 3000 3
persist 51337 3000 3
persist 50528 3000 3
persist 51324 3000 3
persist 53233 3000 3
persist 50228 3000 3
persist 50916 3000 3
persist 51788 3000 3
persist 50838 3000 3
persist 51130 3000 3
write base data version: 81000, memory: 5007699968 bytes (4775.71 MB)
persist 52222 3000 3
persist 51884 3000 3
persist 53660 3000 3
persist 52788 3000 3
persist 53817 3000 3
persist 50237 3000 3
persist 51157 3000 3
persist 51063 3000 3
persist 50844 3000 3
persist 51460 3000 3
persist 51492 3000 3
persist 51987 3000 3
persist 53049 3000 3
persist 51427 3000 3
persist 52814 3000 3
persist 53425 3000 3
persist 51475 3000 3
persist 52378 3000 3
persist 48821 3000 3
persist 51245 3000 3
persist 48289 3000 3
persist 56302 3000 3
persist 53980 3000 3
persist 39419 2000 2
persist 54218 3000 3
persist 53896 3000 3
persist 52286 3000 3
persist 35899 2000 2
persist 51369 3000 3
persist 51228 3000 3
persist 51353 3000 3
persist 52619 3000 3
persist 46586 3000 3
persist 43134 3000 3
write base data version: 81100, memory: 5156888576 bytes (4917.99 MB)
persist 76732 3000 3
persist 46926 3000 3
persist 59569 3000 3
persist 44095 2000 2
persist 59919 3000 3
persist 59228 3000 3
persist 51885 3000 3
persist 46570 3000 3
persist 45385 3000 3
persist 47178 3000 3
persist 49869 3000 3
persist 36611 2000 2
persist 54140 3000 3
persist 53927 3000 3
persist 51939 3000 3
persist 53775 3000 3
persist 46977 3000 3
persist 49964 3000 3
persist 48079 3000 3
persist 43341 3000 3
persist 41326 3000 3
persist 42100 3000 3
persist 45630 3000 3
persist 43298 3000 3
persist 47463 3000 3
persist 47096 3000 3
persist 47162 3000 3
persist 51073 3000 3
persist 53804 3000 3
persist 53863 3000 3
persist 54966 3000 3
persist 52563 3000 3
persist 51107 3000 3
persist 53284 3000 3
write base data version: 81200, memory: 4764864512 bytes (4544.13 MB)
persist 53863 3000 3
persist 54476 3000 3
persist 53435 3000 3
persist 53616 3000 3
persist 54366 3000 3
persist 52929 3000 3
persist 53336 3000 3
persist 53503 3000 3
persist 55609 3000 3
persist 54434 3000 3
persist 55382 3000 3
persist 55292 3000 3
persist 51230 3000 3
persist 51358 3000 3
persist 50598 3000 3
persist 50767 3000 3
persist 47484 3000 3
persist 48237 3000 3
persist 47412 3000 3
persist 46999 3000 3
persist 50198 3000 3
persist 47185 3000 3
persist 44112 3000 3
persist 46637 3000 3
persist 51534 3000 3
persist 54038 3000 3
persist 53908 3000 3
persist 56613 3000 3
persist 57669 3000 3
persist 58390 3000 3
persist 58675 3000 3
persist 56018 3000 3
persist 59415 3000 3
write base data version: 81300, memory: 4908056576 bytes (4680.69 MB)
persist 58179 3000 3
persist 58578 3000 3
persist 59354 3000 3
persist 58411 3000 3
persist 58884 3000 3
persist 59882 3000 3
persist 60720 3000 3
persist 59731 3000 3
persist 59286 3000 3
persist 45648 3000 3
persist 54453 3000 3
persist 51174 3000 3
persist 53705 3000 3
persist 43725 2000 2
persist 58459 3000 3
persist 58069 3000 3
persist 59614 3000 3
persist 55123 3000 3
persist 44173 3000 3
persist 56989 3000 3
persist 42634 2000 2
persist 54991 3000 3
persist 58794 3000 3
persist 58811 3000 3
persist 59034 3000 3
persist 57825 3000 3
persist 60768 3000 3
persist 58454 3000 3
persist 58510 3000 3
persist 58189 3000 3
persist 58633 3000 3
persist 58984 3000 3
persist 59386 3000 3
persist 59918 3000 3
write base data version: 81400, memory: 5054599168 bytes (4820.44 MB)
persist 59792 3000 3
persist 61917 3000 3
persist 60201 3000 3
persist 61363 3000 3
persist 61338 3000 3
persist 56081 3000 3
persist 46670 3000 3
persist 46802 3000 3
persist 49554 3000 3
persist 50744 3000 3
persist 43272 2000 2
persist 59799 3000 3
persist 62163 3000 3
persist 61837 3000 3
persist 56563 3000 3
persist 54710 3000 3
persist 43494 2000 2
persist 59467 3000 3
persist 56449 3000 3
persist 51869 3000 3
persist 48543 3000 3
persist 47837 3000 3
persist 48319 3000 3
persist 52536 3000 3
persist 49037 3000 3
persist 48949 3000 3
persist 46474 3000 3
persist 50336 3000 3
persist 52872 3000 3
persist 50340 3000 3
persist 43610 3000 3
persist 43952 3000 3
persist 50774 3000 3
persist 45607 3000 3
write base data version: 81500, memory: 4697534464 bytes (4479.92 MB)
persist 43470 3000 3
persist 45564 3000 3
persist 44254 3000 3
persist 45928 3000 3
persist 48722 3000 3
persist 52688 3000 3
persist 51786 3000 3
persist 36629 2000 2
persist 56294 3000 3
persist 54174 3000 3
persist 60827 3000 3
persist 60495 3000 3
persist 60679 3000 3
persist 56149 3000 3
persist 49451 3000 3
persist 55120 3000 3
persist 44464 2000 2
persist 62252 3000 3
persist 62252 3000 3
persist 62902 3000 3
persist 61939 3000 3
persist 60647 3000 3
persist 64254 3000 3
persist 48928 3000 3
persist 53232 3000 3
persist 45663 2000 2
persist 61012 3000 3
persist 61870 3000 3
persist 66408 3000 3
persist 64694 3000 3
persist 63113 3000 3
persist 56870 3000 3
persist 50773 3000 3
persist 65197 3000 3
persist 48934 2000 2
write base data version: 81600, memory: 4841177088 bytes (4616.91 MB)
persist 62850 3000 3
persist 58719 3000 3
persist 57278 3000 3
persist 60999 3000 3
persist 57358 3000 3
persist 60607 3000 3
persist 61036 3000 3
persist 60746 3000 3
persist 60137 3000 3
persist 53144 3000 3
persist 49649 3000 3
persist 60212 3000 3
persist 43919 2000 2
persist 60591 3000 3
persist 58602 3000 3
persist 53426 3000 3
persist 55012 3000 3
persist 41983 2000 2
persist 59195 3000 3
persist 58773 3000 3
persist 57651 3000 3
persist 59511 3000 3
persist 58649 3000 3
persist 58020 3000 3
persist 51432 3000 3
persist 52661 3000 3
persist 54337 3000 3
persist 51211 3000 3
persist 50522 3000 3
persist 50352 3000 3
persist 50387 3000 3
persist 50782 3000 3
persist 50571 3000 3
persist 50817 3000 3
write base data version: 81700, memory: 4987506688 bytes (4756.46 MB)
persist 50919 3000 3
persist 51334 3000 3
persist 51724 3000 3
persist 50664 3000 3
persist 49745 3000 3
persist 52399 3000 3
persist 52998 3000 3
persist 53372 3000 3
persist 51089 3000 3
persist 52159 3000 3
persist 52657 3000 3
persist 51175 3000 3
persist 55135 3000 3
persist 51642 3000 3
persist 52350 3000 3
persist 52498 3000 3
persist 50971 3000 3
persist 49811 3000 3
persist 54483 3000 3
persist 49086 3000 3
persist 68254 4000 4
persist 50441 3000 3
persist 49902 3000 3
persist 51275 3000 3
persist 50867 3000 3
persist 49812 3000 3
persist 51738 3000 3
persist 48889 3000 3
persist 49878 3000 3
persist 51110 3000 3
persist 50732 3000 3
persist 51604 3000 3
persist 50801 3000 3
write base data version: 81800, memory: 5131968512 bytes (4894.23 MB)
persist 52026 3000 3
persist 55316 3000 3
persist 58951 3000 3
persist 58748 3000 3
persist 57696 3000 3
persist 57743 3000 3
persist 55397 3000 3
persist 79937 3000 3
persist 59703 3000 3
persist 59826 3000 3
persist 55988 3000 3
persist 57971 3000 3
persist 58837 3000 3
persist 56973 3000 3
persist 57477 3000 3
persist 60417 3000 3
persist 59162 3000 3
persist 56959 3000 3
persist 60148 3000 3
persist 57373 3000 3
persist 59468 3000 3
persist 57652 3000 3
persist 60679 3000 3
persist 59953 3000 3
persist 58239 3000 3
persist 58631 3000 3
persist 58796 3000 3
persist 59319 3000 3
persist 59211 3000 3
persist 58722 3000 3
persist 60320 3000 3
persist 55002 3000 3
persist 47045 3000 3
persist 44763 2000 2
write base data version: 81900, memory: 4747370496 bytes (4527.45 MB)
persist 62224 3000 3
persist 60074 3000 3
persist 58495 3000 3
persist 60061 3000 3
persist 48334 3000 3
persist 51178 3000 3
persist 42995 2000 2
persist 58122 3000 3
persist 52815 3000 3
persist 53655 3000 3
persist 55186 3000 3
persist 46275 3000 3
persist 38852 2000 2
persist 53864 3000 3
persist 38850 2000 2
persist 56168 3000 3
persist 52786 3000 3
persist 47664 3000 3
persist 51335 3000 3
persist 38291 2000 2
persist 53010 3000 3
persist 54291 3000 3
persist 46633 3000 3
persist 43908 3000 3
persist 44240 3000 3
persist 50045 3000 3
persist 36990 2000 2
persist 58173 3000 3
persist 58692 3000 3
persist 58184 3000 3
persist 61051 3000 3
persist 61497 3000 3
persist 58436 3000 3
persist 58600 3000 3
persist 52051 3000 3
write base data version: 82000, memory: 4897533952 bytes (4670.65 MB)
persist 55032 3000 3
persist 55037 3000 3
persist 44239 3000 3
persist 57099 3000 3
persist 57286 3000 3
persist 47130 3000 3
persist 43525 3000 3
persist 47539 3000 3
persist 48340 3000 3
persist 50593 3000 3
persist 51478 3000 3
persist 49963 3000 3
persist 59967 3000 3
persist 56425 3000 3
persist 57502 3000 3
persist 56769 3000 3
persist 58529 3000 3
persist 60212 3000 3
persist 57432 3000 3
persist 58196 3000 3
persist 57305 3000 3
persist 58560 3000 3
persist 58443 3000 3
persist 58260 3000 3
persist 86734 4000 4
persist 57845 3000 3
persist 57900 3000 3
persist 58474 3000 3
persist 58548 3000 3
persist 56896 3000 3
persist 59297 3000 3
persist 57805 3000 3
write base data version: 82100, memory: 5040508928 bytes (4807.00 MB)
persist 88737 4000 4
persist 58135 3000 3
persist 58821 3000 3
persist 58814 3000 3
persist 59340 3000 3
persist 59037 3000 3
persist 58706 3000 3
persist 58518 3000 3
persist 89772 4000 4
persist 59374 3000 3
persist 60107 3000 3
persist 60901 3000 3
persist 60479 3000 3
persist 59018 3000 3
persist 58725 3000 3
persist 55556 3000 3
persist 56848 3000 3
persist 57725 3000 3
persist 58680 3000 3
persist 59183 3000 3
persist 58834 3000 3
persist 61596 3000 3
persist 58314 3000 3
persist 58645 3000 3
persist 58367 3000 3
persist 58492 3000 3
persist 58428 3000 3
persist 48858 3000 3
persist 64745 3000 3
persist 42005 2000 2
persist 58101 3000 3
persist 58834 3000 3
persist 59980 3000 3
persist 58382 3000 3
write base data version: 82200, memory: 4671954944 bytes (4455.52 MB)
persist 57641 3000 3
persist 58275 3000 3
persist 58089 3000 3
persist 57514 3000 3
persist 56786 3000 3
persist 57509 3000 3
persist 59764 3000 3
persist 58865 3000 3
persist 58991 3000 3
persist 58032 3000 3
persist 58899 3000 3
persist 57740 3000 3
persist 58671 3000 3
persist 58116 3000 3
persist 59728 3000 3
persist 87087 4000 4
persist 58873 3000 3
persist 58169 3000 3
persist 58320 3000 3
persist 59492 3000 3
persist 59264 3000 3
persist 58002 3000 3
persist 58111 3000 3
persist 59117 3000 3
persist 59076 3000 3
persist 58219 3000 3
persist 58240 3000 3
persist 60269 3000 3
persist 59837 3000 3
persist 58536 3000 3
persist 59026 3000 3
persist 59414 3000 3
write base data version: 82300, memory: 4815044608 bytes (4591.98 MB)
persist 58781 3000 3
persist 88435 4000 4
persist 58826 3000 3
persist 59690 3000 3
persist 59598 3000 3
persist 60971 3000 3
persist 60351 3000 3
persist 61071 3000 3
persist 60524 3000 3
persist 56066 3000 3
persist 84291 4000 4
persist 56197 3000 3
persist 57669 3000 3
persist 57165 3000 3
persist 58635 3000 3
persist 55877 3000 3
persist 57495 3000 3
persist 57263 3000 3
persist 56738 3000 3
persist 79135 4000 4
persist 48738 3000 3
persist 58962 3000 3
persist 58125 3000 3
persist 52424 3000 3
persist 52130 3000 3
persist 51272 3000 3
persist 50210 3000 3
persist 50169 3000 3
persist 50646 3000 3
persist 50355 3000 3
persist 51613 3000 3
persist 51013 3000 3
persist 51903 3000 3
write base data version: 82400, memory: 4957683712 bytes (4728.02 MB)
persist 53081 3000 3
persist 53791 3000 3
persist 54360 3000 3
persist 47964 3000 3
persist 45093 3000 3
persist 48018 3000 3
persist 49898 3000 3
persist 47164 3000 3
persist 44842 3000 3
persist 48992 3000 3
persist 52941 3000 3
persist 52345 3000 3
persist 48735 3000 3
persist 52892 3000 3
persist 49904 3000 3
persist 48005 3000 3
persist 47187 3000 3
persist 46453 3000 3
persist 46694 3000 3
persist 49665 3000 3
persist 48878 3000 3
persist 52710 3000 3
persist 51705 3000 3
persist 51491 3000 3
persist 50552 3000 3
persist 53558 3000 3
persist 51288 3000 3
persist 51439 3000 3
persist 48744 3000 3
persist 54904 3000 3
persist 54394 3000 3
persist 53990 3000 3
persist 48048 3000 3
write base data version: 82500, memory: 5100879872 bytes (4864.58 MB)
persist 53801 3000 3
persist 55536 3000 3
persist 52255 3000 3
persist 45154 3000 3
persist 44808 3000 3
persist 46793 3000 3
persist 45341 3000 3
persist 51719 3000 3
persist 37417 2000 2
persist 52275 3000 3
persist 53591 3000 3
persist 52510 3000 3
persist 50709 3000 3
persist 52642 3000 3
persist 51339 3000 3
persist 45655 3000 3
persist 44026 3000 3
persist 45127 3000 3
persist 51203 3000 3
persist 38197 2000 2
persist 52282 3000 3
persist 53104 3000 3
persist 52484 3000 3
persist 45888 3000 3
persist 37990 2000 2
persist 54665 3000 3
persist 55721 3000 3
persist 56263 3000 3
persist 54595 3000 3
persist 56370 3000 3
persist 53345 3000 3
persist 51744 3000 3
persist 47438 3000 3
persist 48216 3000 3
persist 47140 3000 3
write base data version: 82600, memory: 4732321792 bytes (4513.09 MB)
persist 49780 3000 3
persist 49458 3000 3
persist 47745 3000 3
persist 47473 3000 3
persist 54323 3000 3
persist 53420 3000 3
persist 52387 3000 3
persist 53474 3000 3
persist 53411 3000 3
persist 52530 3000 3
persist 52437 3000 3
persist 51866 3000 3
persist 53267 3000 3
persist 51969 3000 3
persist 51621 3000 3
persist 50868 3000 3
persist 51810 3000 3
persist 51917 3000 3
persist 53231 3000 3
persist 53058 3000 3
persist 52303 3000 3
persist 50857 3000 3
persist 50690 3000 3
persist 49542 3000 3
persist 45867 3000 3
persist 54567 3000 3
persist 36545 2000 2
persist 53034 3000 3
persist 55040 3000 3
persist 52985 3000 3
persist 44164 3000 3
persist 35862 2000 2
persist 51791 3000 3
persist 51437 3000 3
write base data version: 82700, memory: 4860153856 bytes (4635.00 MB)
persist 54016 3000 3
persist 44953 3000 3
persist 40874 3000 3
persist 41600 3000 3
persist 41434 3000 3
persist 46988 3000 3
persist 36572 2000 2
persist 51624 3000 3
persist 51672 3000 3
persist 60499 3000 3
persist 58656 3000 3
persist 55158 3000 3
persist 46302 3000 3
persist 45695 3000 3
persist 68138 3000 3
persist 124179 6000 6
persist 136604 8000 8
persist 160367 9000 9
persist 157389 9000 9
persist 94789 6000 6
persist 73758 4000 4
persist 44053 3000 3
persist 47797 3000 3
persist 36226 2000 2
persist 53027 3000 3
persist 50455 3000 3
write base data version: 82800, memory: 5003030528 bytes (4771.26 MB)
persist 50201 3000 3
persist 49529 3000 3
persist 50606 3000 3
persist 48823 3000 3
persist 43256 3000 3
persist 43747 3000 3
persist 47144 3000 3
persist 48789 3000 3
persist 43048 3000 3
persist 44855 3000 3
persist 45728 3000 3
persist 44299 3000 3
persist 41197 3000 3
persist 42147 3000 3
persist 44418 3000 3
persist 43235 3000 3
persist 41640 3000 3
persist 46510 3000 3
persist 50548 3000 3
persist 52340 3000 3
persist 52510 3000 3
persist 51973 3000 3
persist 54678 3000 3
persist 50386 3000 3
persist 50220 3000 3
persist 51687 3000 3
persist 51538 3000 3
persist 47481 3000 3
persist 46259 3000 3
persist 48225 3000 3
persist 48721 3000 3
persist 50243 3000 3
persist 37069 2000 2
write base data version: 82900, memory: 5151227904 bytes (4912.59 MB)
persist 52306 3000 3
persist 53451 3000 3
persist 52260 3000 3
persist 52931 3000 3
persist 46012 3000 3
persist 45600 3000 3
persist 48345 3000 3
persist 49035 3000 3
persist 51068 3000 3
persist 51752 3000 3
persist 53886 3000 3
persist 50362 3000 3
persist 48486 3000 3
persist 52748 3000 3
persist 51642 3000 3
persist 51613 3000 3
persist 45297 3000 3
persist 48467 3000 3
persist 50388 3000 3
persist 52015 3000 3
persist 47797 3000 3
persist 53763 3000 3
persist 51245 3000 3
persist 44937 3000 3
persist 44703 3000 3
persist 47605 3000 3
persist 50468 3000 3
persist 52062 3000 3
persist 49511 3000 3
persist 53387 3000 3
persist 50512 3000 3
persist 49395 3000 3
persist 45989 3000 3
persist 48591 3000 3
write base data version: 83000, memory: 4777340928 bytes (4556.03 MB)
persist 47505 3000 3
persist 46598 3000 3
persist 44542 3000 3
persist 43539 3000 3
persist 46324 3000 3
persist 46885 3000 3
persist 43091 3000 3
persist 44307 3000 3
persist 45201 3000 3
persist 45173 3000 3
persist 44974 3000 3
persist 48595 3000 3
persist 52843 3000 3
persist 47550 3000 3
persist 46763 3000 3
persist 46821 3000 3
persist 51298 3000 3
persist 43411 3000 3
persist 46526 3000 3
persist 35646 2000 2
persist 50428 3000 3
persist 51210 3000 3
persist 51203 3000 3
persist 45196 3000 3
persist 45957 3000 3
persist 46812 3000 3
persist 43704 3000 3
persist 42824 3000 3
persist 43321 3000 3
persist 47257 3000 3
persist 36759 2000 2
persist 52036 3000 3
persist 52300 3000 3
persist 50042 3000 3
write base data version: 83100, memory: 4920197120 bytes (4692.27 MB)
persist 44218 3000 3
persist 51248 3000 3
persist 39398 2000 2
persist 50540 3000 3
persist 51688 3000 3
persist 44844 3000 3
persist 43178 3000 3
persist 45368 3000 3
persist 42867 3000 3
persist 46193 3000 3
persist 36161 2000 2
persist 51968 3000 3
persist 52993 3000 3
persist 54185 3000 3
persist 54801 3000 3
persist 53634 3000 3
persist 53663 3000 3
persist 53299 3000 3
persist 43068 3000 3
persist 45810 3000 3
persist 43531 3000 3
persist 50082 3000 3
persist 36443 2000 2
persist 50453 3000 3
persist 52253 3000 3
persist 50611 3000 3
persist 53059 3000 3
persist 52048 3000 3
persist 51143 3000 3
persist 51179 3000 3
persist 52389 3000 3
persist 51530 3000 3
persist 52171 3000 3
persist 51188 3000 3
write base data version: 83200, memory: 5063032832 bytes (4828.48 MB)
persist 52381 3000 3
persist 52540 3000 3
persist 54627 3000 3
persist 53045 3000 3
persist 52911 3000 3
persist 53829 3000 3
persist 49168 3000 3
persist 49951 3000 3
persist 46744 3000 3
persist 47791 3000 3
persist 53981 3000 3
persist 49877 3000 3
persist 47241 3000 3
persist 44519 3000 3
persist 51343 3000 3
persist 37037 2000 2
persist 52642 3000 3
persist 53991 3000 3
persist 48524 3000 3
persist 42798 3000 3
persist 47604 3000 3
persist 36616 2000 2
persist 52186 3000 3
persist 69048 4000 4
persist 101998 6000 6
persist 123657 7000 7
persist 155622 8000 8
write base data version: 83300, memory: 4694220800 bytes (4476.76 MB)
persist 186780 9000 9
persist 177120 10000 10
persist 179394 10000 10
persist 184638 10000 10
persist 178413 10000 10
persist 179023 10000 10
persist 183144 10000 10
persist 167499 10000 10
persist 168685 10000 10
persist 185850 10000 10
write base data version: 83400, memory: 4836966400 bytes (4612.89 MB)
persist 181304 10000 10
persist 186182 10000 10
persist 173786 10000 10
persist 172808 10000 10
persist 173709 10000 10
persist 174877 10000 10
persist 175248 10000 10
persist 175516 10000 10
persist 175118 10000 10
persist 179953 10000 10
write base data version: 83500, memory: 4964950016 bytes (4734.95 MB)
persist 176422 10000 10
persist 177020 10000 10
persist 172587 10000 10
persist 173593 10000 10
persist 176102 10000 10
persist 68035 4000 4
persist 69774 4000 4
persist 54303 3000 3
persist 53782 3000 3
persist 49557 3000 3
persist 46314 3000 3
persist 46227 3000 3
persist 55000 3000 3
persist 39653 2000 2
persist 60381 3000 3
persist 60883 3000 3
persist 62223 3000 3
persist 51019 3000 3
persist 63286 3000 3
persist 45728 2000 2
persist 62762 3000 3
persist 61008 3000 3
persist 54216 3000 3
persist 50401 3000 3
persist 47331 3000 3
write base data version: 83600, memory: 5109080064 bytes (4872.40 MB)
persist 35768 2000 2
persist 57644 3000 3
persist 45526 3000 3
persist 36533 2000 2
persist 52947 3000 3
persist 50355 3000 3
persist 53972 3000 3
persist 38507 2000 2
persist 54605 3000 3
persist 44752 3000 3
persist 41518 3000 3
persist 44500 2000 2
persist 57804 3000 3
persist 65555 3000 3
persist 51426 3000 3
persist 43561 3000 3
persist 48470 3000 3
persist 37406 2000 2
persist 51188 3000 3
persist 56590 3000 3
persist 52578 3000 3
persist 49997 3000 3
persist 43835 2000 2
persist 60372 3000 3
persist 61010 3000 3
persist 51364 3000 3
persist 53914 3000 3
persist 43205 2000 2
persist 59815 3000 3
persist 59393 3000 3
persist 44070 3000 3
persist 42691 2000 2
persist 59152 3000 3
persist 53986 3000 3
persist 55017 3000 3
persist 58594 3000 3
write base data version: 83700, memory: 4748963840 bytes (4528.96 MB)
persist 58341 3000 3
persist 59056 3000 3
persist 58941 3000 3
persist 60005 3000 3
persist 58977 3000 3
persist 58164 3000 3
persist 59132 3000 3
persist 58942 3000 3
persist 58705 3000 3
persist 58577 3000 3
persist 59218 3000 3
persist 59932 3000 3
persist 59268 3000 3
persist 59839 3000 3
persist 59420 3000 3
persist 58835 3000 3
persist 58647 3000 3
persist 59911 3000 3
persist 59504 3000 3
persist 61646 3000 3
persist 62184 3000 3
persist 62496 3000 3
persist 62998 3000 3
persist 55102 3000 3
persist 49534 3000 3
persist 56054 3000 3
persist 48694 3000 3
persist 45540 3000 3
persist 51219 3000 3
persist 60476 3000 3
persist 42915 2000 2
persist 58011 3000 3
persist 60692 3000 3
write base data version: 83800, memory: 4896755712 bytes (4669.91 MB)
persist 60268 3000 3
persist 60344 3000 3
persist 53688 3000 3
persist 52412 3000 3
persist 51794 3000 3
persist 49636 3000 3
persist 46459 3000 3
persist 52649 3000 3
persist 37635 2000 2
persist 53290 3000 3
persist 52078 3000 3
persist 47696 3000 3
persist 46312 3000 3
persist 48788 3000 3
persist 53161 3000 3
persist 37300 2000 2
persist 53289 3000 3
persist 53593 3000 3
persist 51332 3000 3
persist 45563 3000 3
persist 54622 3000 3
persist 38769 2000 2
persist 53611 3000 3
persist 53927 3000 3
persist 51068 3000 3
persist 37307 2000 2
persist 52187 3000 3
persist 50726 3000 3
persist 46359 3000 3
persist 39432 2000 2
persist 52428 3000 3
persist 50463 3000 3
persist 43515 3000 3
persist 46761 3000 3
persist 36577 2000 2
persist 50407 3000 3
write base data version: 83900, memory: 5045559296 bytes (4811.82 MB)
persist 51392 3000 3
persist 46248 3000 3
persist 43426 3000 3
persist 48794 3000 3
persist 36427 2000 2
persist 51464 3000 3
persist 52250 3000 3
persist 45514 3000 3
persist 43632 3000 3
persist 46066 3000 3
persist 43426 3000 3
persist 42197 3000 3
persist 40990 3000 3
persist 41178 3000 3
persist 47746 3000 3
persist 38543 2000 2
persist 49841 3000 3
persist 54173 3000 3
persist 54213 3000 3
persist 54104 3000 3
persist 51708 3000 3
persist 43419 3000 3
persist 42715 3000 3
persist 51445 3000 3
persist 35637 2000 2
persist 51240 3000 3
persist 50808 3000 3
persist 51934 3000 3
persist 50479 3000 3
persist 50787 3000 3
persist 51227 3000 3
persist 50874 3000 3
persist 51412 3000 3
persist 52224 3000 3
write base data version: 84000, memory: 5194854400 bytes (4954.20 MB)
persist 52546 3000 3
persist 52101 3000 3
persist 50573 3000 3
persist 52679 3000 3
persist 51806 3000 3
persist 52972 3000 3
persist 53228 3000 3
persist 52405 3000 3
persist 52224 3000 3
persist 54111 3000 3
persist 59587 3000 3
persist 59222 3000 3
persist 60412 3000 3
persist 57643 3000 3
persist 60603 3000 3
persist 59322 3000 3
persist 60427 3000 3
persist 60017 3000 3
persist 57168 3000 3
persist 57634 3000 3
persist 57915 3000 3
persist 57103 3000 3
persist 57975 3000 3
persist 56369 3000 3
persist 56329 3000 3
persist 56817 3000 3
persist 59550 3000 3
persist 60389 3000 3
persist 60899 3000 3
persist 59029 3000 3
persist 53801 3000 3
persist 52682 3000 3
persist 54839 3000 3
write base data version: 84100, memory: 4827762688 bytes (4604.11 MB)
persist 54216 3000 3
persist 55415 3000 3
persist 52304 3000 3
persist 51175 3000 3
persist 52326 3000 3
persist 50815 3000 3
persist 50581 3000 3
persist 38526 2000 2
persist 54632 3000 3
persist 54057 3000 3
persist 53669 3000 3
persist 54325 3000 3
persist 53202 3000 3
persist 55017 3000 3
persist 50687 3000 3
persist 46926 3000 3
persist 45337 3000 3
persist 43070 3000 3
persist 45587 3000 3
persist 43611 3000 3
persist 47243 3000 3
persist 44734 3000 3
persist 47131 3000 3
persist 52103 3000 3
persist 36448 2000 2
persist 52809 3000 3
persist 52494 3000 3
persist 52689 3000 3
persist 53450 3000 3
persist 52146 3000 3
persist 45366 3000 3
persist 45909 3000 3
persist 51589 3000 3
persist 36646 2000 2
persist 51890 3000 3
write base data version: 84200, memory: 4974661632 bytes (4744.21 MB)
persist 53050 3000 3
persist 53265 3000 3
persist 51861 3000 3
persist 43811 3000 3
persist 51418 3000 3
persist 38178 2000 2
persist 51582 3000 3
persist 53783 3000 3
persist 51598 3000 3
persist 51363 3000 3
persist 50722 3000 3
persist 51053 3000 3
persist 50810 3000 3
persist 51294 3000 3
persist 50392 3000 3
persist 51290 3000 3
persist 50212 3000 3
persist 50224 3000 3
persist 48390 3000 3
persist 50833 3000 3
persist 49979 3000 3
persist 71708 4000 4
persist 50865 3000 3
persist 50428 3000 3
persist 51373 3000 3
persist 48851 3000 3
persist 52224 3000 3
persist 76097 4000 4
persist 52408 3000 3
persist 51081 3000 3
persist 51455 3000 3
persist 51493 3000 3
persist 49946 3000 3
write base data version: 84300, memory: 5117554688 bytes (4880.48 MB)
persist 49819 3000 3
persist 50255 3000 3
persist 74468 4000 4
persist 51183 3000 3
persist 52461 3000 3
persist 51290 3000 3
persist 52022 3000 3
persist 51485 3000 3
persist 49305 3000 3
persist 50307 3000 3
persist 52138 3000 3
persist 52173 3000 3
persist 60394 3000 3
persist 61335 3000 3
persist 63140 3000 3
persist 58687 3000 3
persist 58222 3000 3
persist 57633 3000 3
persist 58719 3000 3
persist 57641 3000 3
persist 57650 3000 3
persist 49226 3000 3
persist 46427 3000 3
persist 43684 3000 3
persist 52274 3000 3
persist 53036 3000 3
persist 50636 3000 3
persist 51663 3000 3
persist 54483 3000 3
persist 52478 3000 3
persist 51937 3000 3
persist 47699 3000 3
persist 52016 3000 3
write base data version: 84400, memory: 4748804096 bytes (4528.81 MB)
persist 55078 3000 3
persist 50271 3000 3
persist 46098 3000 3
persist 50951 3000 3
persist 51296 3000 3
persist 47606 3000 3
persist 48356 3000 3
persist 50801 3000 3
persist 51809 3000 3
persist 50077 3000 3
persist 52562 3000 3
persist 49877 3000 3
persist 49808 3000 3
persist 50511 3000 3
persist 52331 3000 3
persist 51713 3000 3
persist 51754 3000 3
persist 50232 3000 3
persist 52044 3000 3
persist 50179 3000 3
persist 51711 3000 3
persist 52806 3000 3
persist 51873 3000 3
persist 53168 3000 3
persist 52285 3000 3
persist 51280 3000 3
persist 53161 3000 3
persist 53712 3000 3
persist 51703 3000 3
persist 55015 3000 3
persist 53458 3000 3
persist 53334 3000 3
persist 53687 3000 3
write base data version: 84500, memory: 4891508736 bytes (4664.91 MB)
persist 55143 3000 3
persist 53509 3000 3
persist 49492 3000 3
persist 47093 3000 3
persist 49809 3000 3
persist 50155 3000 3
persist 50641 3000 3
persist 48579 3000 3
persist 49374 3000 3
persist 51007 3000 3
persist 52200 3000 3
persist 52826 3000 3
persist 52098 3000 3
persist 51656 3000 3
persist 51915 3000 3
persist 52459 3000 3
persist 50658 3000 3
persist 51203 3000 3
persist 50982 3000 3
persist 70953 4000 4
persist 50439 3000 3
persist 51289 3000 3
persist 51236 3000 3
persist 49178 3000 3
persist 51102 3000 3
persist 50271 3000 3
persist 50161 3000 3
persist 65907 4000 4
persist 52968 3000 3
persist 52391 3000 3
persist 49131 3000 3
persist 51475 3000 3
write base data version: 84600, memory: 5034430464 bytes (4801.21 MB)
persist 52513 3000 3
persist 51378 3000 3
persist 72788 4000 4
persist 51163 3000 3
persist 52938 3000 3
persist 50554 3000 3
persist 52065 3000 3
persist 51359 3000 3
persist 50014 3000 3
persist 49500 3000 3
persist 50534 3000 3
persist 51194 3000 3
persist 51255 3000 3
persist 51598 3000 3
persist 48714 3000 3
persist 48212 3000 3
persist 49372 3000 3
persist 51157 3000 3
persist 51041 3000 3
persist 49688 3000 3
persist 52090 3000 3
persist 74732 4000 4
persist 51331 3000 3
persist 52643 3000 3
persist 49523 3000 3
persist 50759 3000 3
persist 51894 3000 3
persist 52141 3000 3
persist 49330 3000 3
persist 50522 3000 3
persist 50393 3000 3
persist 50340 3000 3
persist 50503 3000 3
write base data version: 84700, memory: 5177556992 bytes (4937.70 MB)
persist 44732 3000 3
persist 43870 3000 3
persist 44404 3000 3
persist 49083 3000 3
persist 35635 2000 2
persist 51968 3000 3
persist 52826 3000 3
persist 51419 3000 3
persist 53352 3000 3
persist 49934 3000 3
persist 48465 3000 3
persist 39058 2000 2
persist 53761 3000 3
persist 49977 3000 3
persist 44838 3000 3
persist 50884 3000 3
persist 37519 2000 2
persist 53939 3000 3
persist 54046 3000 3
persist 53209 3000 3
persist 53377 3000 3
persist 59863 3000 3
persist 56953 3000 3
persist 56021 3000 3
persist 53149 3000 3
persist 54517 3000 3
persist 52543 3000 3
persist 48503 3000 3
persist 44054 3000 3
persist 37495 2000 2
persist 52247 3000 3
persist 51747 3000 3
persist 55314 3000 3
persist 59697 3000 3
persist 57970 3000 3
write base data version: 84800, memory: 4815405056 bytes (4592.33 MB)
persist 49721 3000 3
persist 51951 3000 3
persist 36874 2000 2
persist 53539 3000 3
persist 52233 3000 3
persist 53164 3000 3
persist 52766 3000 3
persist 48356 3000 3
persist 52671 3000 3
persist 52805 3000 3
persist 53429 3000 3
persist 60329 3000 3
persist 61263 3000 3
persist 61799 3000 3
persist 59101 3000 3
persist 61035 3000 3
persist 61607 3000 3
persist 63736 3000 3
persist 92693 4000 4
persist 62111 3000 3
persist 62130 3000 3
persist 63975 3000 3
persist 62593 3000 3
persist 62834 3000 3
persist 57449 3000 3
persist 81435 4000 4
persist 57231 3000 3
persist 58322 3000 3
persist 59381 3000 3
persist 58105 3000 3
persist 57786 3000 3
persist 58228 3000 3
persist 57934 3000 3
write base data version: 84900, memory: 4953673728 bytes (4724.19 MB)
persist 59675 3000 3
persist 88499 4000 4
persist 57570 3000 3
persist 57610 3000 3
persist 57325 3000 3
persist 57501 3000 3
persist 58120 3000 3
persist 56636 3000 3
persist 57391 3000 3
persist 58006 3000 3
persist 57933 3000 3
persist 86290 4000 4
persist 57810 3000 3
persist 57146 3000 3
persist 58015 3000 3
persist 57576 3000 3
persist 59312 3000 3
persist 58604 3000 3
persist 58212 3000 3
persist 58496 3000 3
persist 58397 3000 3
persist 59158 3000 3
persist 56347 3000 3
persist 59387 3000 3
persist 59231 3000 3
persist 60767 3000 3
persist 59674 3000 3
persist 59086 3000 3
persist 58567 3000 3
persist 60295 3000 3
persist 52337 3000 3
persist 50663 3000 3
persist 52298 3000 3
write base data version: 85000, memory: 5104316416 bytes (4867.86 MB)
persist 51386 3000 3
persist 49926 3000 3
persist 52663 3000 3
persist 52904 3000 3
persist 53341 3000 3
persist 52213 3000 3
persist 59031 3000 3
persist 56530 3000 3
persist 46561 3000 3
persist 53223 3000 3
persist 37255 2000 2
persist 55062 3000 3
persist 51409 3000 3
persist 61337 3000 3
persist 45157 2000 2
persist 61307 3000 3
persist 60806 3000 3
persist 58700 3000 3
persist 54854 3000 3
persist 57278 3000 3
persist 58838 3000 3
persist 54447 3000 3
persist 50963 3000 3
persist 58045 3000 3
persist 108071 5000 5
persist 147510 7000 7
persist 165162 9000 9
write base data version: 85100, memory: 5263458304 bytes (5019.62 MB)
persist 158229 9000 9
persist 175344 10000 10
persist 178410 9000 9
persist 122030 7000 7
persist 69051 4000 4
persist 66985 4000 4
persist 53475 3000 3
persist 54264 3000 3
persist 52626 3000 3
persist 53538 3000 3
persist 53587 3000 3
persist 55486 3000 3
persist 55923 3000 3
persist 56429 3000 3
persist 56248 3000 3
persist 61702 3000 3
persist 61988 3000 3
persist 63386 3000 3
persist 61565 3000 3
persist 59974 3000 3
persist 61232 3000 3
persist 60618 3000 3
persist 62123 3000 3
persist 59999 3000 3
persist 61346 3000 3
persist 63162 3000 3
persist 60935 3000 3
persist 62325 3000 3
write base data version: 85200, memory: 4890288128 bytes (4663.74 MB)
persist 59022 3000 3
persist 60877 3000 3
persist 58891 3000 3
persist 61640 3000 3
persist 61215 3000 3
persist 61803 3000 3
persist 63768 3000 3
persist 62053 3000 3
persist 62777 3000 3
persist 60784 3000 3
persist 63767 3000 3
persist 56629 3000 3
persist 59037 3000 3
persist 59738 3000 3
persist 60282 3000 3
persist 53768 3000 3
persist 52040 3000 3
persist 51498 3000 3
persist 51346 3000 3
persist 51582 3000 3
persist 50679 3000 3
persist 52667 3000 3
persist 50273 3000 3
persist 47035 3000 3
persist 45369 3000 3
persist 47909 3000 3
persist 48792 3000 3
persist 49913 3000 3
persist 52529 3000 3
persist 52285 3000 3
persist 49891 3000 3
persist 50799 3000 3
persist 51033 3000 3
write base data version: 85300, memory: 5017153536 bytes (4784.73 MB)
persist 51406 3000 3
persist 49127 3000 3
persist 51607 3000 3
persist 52447 3000 3
persist 48494 3000 3
persist 50904 3000 3
persist 51054 3000 3
persist 51953 3000 3
persist 51880 3000 3
persist 50646 3000 3
persist 50470 3000 3
persist 51038 3000 3
persist 50427 3000 3
persist 51798 3000 3
persist 52758 3000 3
persist 50345 3000 3
persist 51159 3000 3
persist 53617 3000 3
persist 49247 3000 3
persist 52362 3000 3
persist 50618 3000 3
persist 51492 3000 3
persist 51646 3000 3
persist 52149 3000 3
persist 50778 3000 3
persist 52851 3000 3
persist 51243 3000 3
persist 51736 3000 3
persist 51936 3000 3
persist 50620 3000 3
persist 50225 3000 3
persist 50036 3000 3
persist 55059 3000 3
write base data version: 85400, memory: 5159813120 bytes (4920.78 MB)
persist 77334 4000 4
persist 53461 3000 3
persist 52874 3000 3
persist 53736 3000 3
persist 54411 3000 3
persist 50215 3000 3
persist 49955 3000 3
persist 50707 3000 3
persist 52313 3000 3
persist 52555 3000 3
persist 53247 3000 3
persist 53405 3000 3
persist 52672 3000 3
persist 52588 3000 3
persist 52911 3000 3
persist 51915 3000 3
persist 52070 3000 3
persist 53076 3000 3
persist 49809 3000 3
persist 74611 3000 3
persist 56031 3000 3
persist 43590 3000 3
persist 49940 3000 3
persist 53111 3000 3
persist 52186 3000 3
persist 51741 3000 3
persist 50675 3000 3
persist 49676 3000 3
persist 47638 3000 3
persist 48680 3000 3
persist 50053 3000 3
persist 51826 3000 3
persist 37422 2000 2
persist 54188 3000 3
write base data version: 85500, memory: 4800724992 bytes (4578.33 MB)
persist 51942 3000 3
persist 53445 3000 3
persist 52763 3000 3
persist 52137 3000 3
persist 48663 3000 3
persist 46268 3000 3
persist 43439 3000 3
persist 43731 3000 3
persist 45931 3000 3
persist 51917 3000 3
persist 55363 3000 3
persist 51339 3000 3
persist 44899 3000 3
persist 50498 3000 3
persist 51368 3000 3
persist 40267 2000 2
persist 55162 3000 3
persist 53624 3000 3
persist 53774 3000 3
persist 61030 3000 3
persist 47120 3000 3
persist 59327 3000 3
persist 45508 2000 2
persist 59802 3000 3
persist 55923 3000 3
persist 53887 3000 3
persist 51484 3000 3
persist 49147 3000 3
persist 52388 3000 3
persist 44760 2000 2
persist 61960 3000 3
persist 60061 3000 3
persist 62511 3000 3
persist 57774 3000 3
write base data version: 85600, memory: 4940926976 bytes (4712.04 MB)
persist 49592 3000 3
persist 51458 3000 3
persist 49015 3000 3
persist 44119 3000 3
persist 48995 3000 3
persist 35261 2000 2
persist 50385 3000 3
persist 53145 3000 3
persist 57461 3000 3
persist 57808 3000 3
persist 53797 3000 3
persist 50387 3000 3
persist 39966 2000 2
persist 51930 3000 3
persist 51327 3000 3
persist 51620 3000 3
persist 52175 3000 3
persist 51779 3000 3
persist 51627 3000 3
persist 52961 3000 3
persist 52648 3000 3
persist 52954 3000 3
persist 53403 3000 3
persist 51826 3000 3
persist 52361 3000 3
persist 50734 3000 3
persist 51817 3000 3
persist 54377 3000 3
persist 50536 3000 3
persist 53113 3000 3
persist 52366 3000 3
persist 52045 3000 3
persist 51913 3000 3
persist 53422 3000 3
write base data version: 85700, memory: 5085888512 bytes (4850.28 MB)
persist 52290 3000 3
persist 52466 3000 3
persist 53565 3000 3
persist 53151 3000 3
persist 53633 3000 3
persist 52360 3000 3
persist 50965 3000 3
persist 51347 3000 3
persist 52954 3000 3
persist 52700 3000 3
persist 54162 3000 3
persist 52735 3000 3
persist 51619 3000 3
persist 51064 3000 3
persist 52880 3000 3
persist 51092 3000 3
persist 53675 3000 3
persist 52871 3000 3
persist 50788 3000 3
persist 49680 3000 3
persist 54140 3000 3
persist 53435 3000 3
persist 53952 3000 3
persist 54661 3000 3
persist 54028 3000 3
persist 53651 3000 3
persist 54115 3000 3
persist 46213 3000 3
persist 44495 3000 3
persist 49059 3000 3
persist 49101 3000 3
persist 52699 3000 3
persist 53434 3000 3
write base data version: 85800, memory: 5233168384 bytes (4990.74 MB)
persist 53967 3000 3
persist 59232 3000 3
persist 58026 3000 3
persist 58022 3000 3
persist 58736 3000 3
persist 54474 3000 3
persist 50693 3000 3
persist 47055 3000 3
persist 44829 3000 3
persist 43854 3000 3
persist 44735 3000 3
persist 50032 3000 3
persist 50189 3000 3
persist 52060 3000 3
persist 53014 3000 3
persist 51944 3000 3
persist 51972 3000 3
persist 46945 3000 3
persist 45472 3000 3
persist 45309 3000 3
persist 52074 3000 3
persist 50137 3000 3
persist 52009 3000 3
persist 46821 3000 3
persist 47020 3000 3
persist 50655 3000 3
persist 47100 3000 3
persist 44405 3000 3
persist 46689 3000 3
persist 48045 3000 3
persist 47788 3000 3
persist 42848 3000 3
persist 45730 3000 3
persist 50858 3000 3
write base data version: 85900, memory: 4860211200 bytes (4635.06 MB)
persist 52589 3000 3
persist 36261 2000 2
persist 50837 3000 3
persist 52543 3000 3
persist 52939 3000 3
persist 52421 3000 3
persist 52880 3000 3
persist 53207 3000 3
persist 47670 3000 3
persist 42451 3000 3
persist 43283 3000 3
persist 52773 3000 3
persist 52218 3000 3
persist 52656 3000 3
persist 51921 3000 3
persist 51900 3000 3
persist 49816 3000 3
persist 51578 3000 3
persist 51949 3000 3
persist 55175 3000 3
persist 54583 3000 3
persist 47435 3000 3
persist 48896 3000 3
persist 69487 4000 4
persist 50276 3000 3
persist 48539 3000 3
persist 50082 3000 3
persist 49655 3000 3
persist 52059 3000 3
persist 50355 3000 3
persist 49078 3000 3
persist 51022 3000 3
persist 50098 3000 3
write base data version: 86000, memory: 5002907648 bytes (4771.14 MB)
persist 49788 3000 3
persist 47595 3000 3
persist 51813 3000 3
persist 73441 4000 4
persist 51718 3000 3
persist 51992 3000 3
persist 52032 3000 3
persist 52080 3000 3
persist 52030 3000 3
persist 51308 3000 3
persist 51380 3000 3
persist 50016 3000 3
persist 51711 3000 3
persist 52599 3000 3
persist 52881 3000 3
persist 53310 3000 3
persist 53724 3000 3
persist 53738 3000 3
persist 54876 3000 3
persist 53159 3000 3
persist 49750 3000 3
persist 53595 3000 3
persist 53629 3000 3
persist 53224 3000 3
persist 50749 3000 3
persist 51469 3000 3
persist 53236 3000 3
persist 53108 3000 3
persist 47738 3000 3
persist 53085 3000 3
persist 53838 3000 3
persist 53707 3000 3
persist 50141 3000 3
write base data version: 86100, memory: 5145894912 bytes (4907.51 MB)
persist 51194 3000 3
persist 53988 3000 3
persist 55339 3000 3
persist 50660 3000 3
persist 48648 3000 3
persist 53812 3000 3
persist 54422 3000 3
persist 54217 3000 3
persist 51686 3000 3
persist 53680 3000 3
persist 54222 3000 3
persist 54496 3000 3
persist 55234 3000 3
persist 55366 3000 3
persist 56134 3000 3
persist 44405 3000 3
persist 46412 3000 3
persist 45858 3000 3
persist 45657 3000 3
persist 36432 2000 2
persist 51603 3000 3
persist 51118 3000 3
persist 51231 3000 3
persist 49632 3000 3
persist 43781 3000 3
persist 48560 3000 3
persist 48363 3000 3
persist 42750 3000 3
persist 44852 3000 3
persist 37755 2000 2
persist 53793 3000 3
persist 52072 3000 3
persist 43882 3000 3
persist 51953 3000 3
write base data version: 86200, memory: 4775104512 bytes (4553.89 MB)
persist 36963 2000 2
persist 51980 3000 3
persist 53109 3000 3
persist 49010 3000 3
persist 52056 3000 3
persist 52922 3000 3
persist 52685 3000 3
persist 51278 3000 3
persist 52255 3000 3
persist 53276 3000 3
persist 50264 3000 3
persist 48123 3000 3
persist 51808 3000 3
persist 54380 3000 3
persist 54631 3000 3
persist 50705 3000 3
persist 51563 3000 3
persist 52851 3000 3
persist 51688 3000 3
persist 53787 3000 3
persist 52811 3000 3
persist 51852 3000 3
persist 52680 3000 3
persist 53431 3000 3
persist 50862 3000 3
persist 51754 3000 3
persist 48525 3000 3
persist 46448 3000 3
persist 47043 3000 3
persist 51784 3000 3
persist 46951 3000 3
persist 48333 3000 3
persist 53466 3000 3
persist 47269 3000 3
write base data version: 86300, memory: 4908068864 bytes (4680.70 MB)
persist 56559 3000 3
persist 49778 3000 3
persist 61315 3000 3
persist 61524 3000 3
persist 61658 3000 3
persist 61834 3000 3
persist 61040 3000 3
persist 53128 3000 3
persist 49352 3000 3
persist 43532 3000 3
persist 49100 3000 3
persist 57697 3000 3
persist 59364 3000 3
persist 57933 3000 3
persist 57467 3000 3
persist 57656 3000 3
persist 57014 3000 3
persist 51696 3000 3
persist 53906 3000 3
persist 58343 3000 3
persist 58642 3000 3
persist 54683 3000 3
persist 45143 3000 3
persist 43904 2000 2
persist 41151 3000 3
persist 26056 3000 3
persist 24042 2000 2
persist 25843 3000 3
persist 24613 2000 2
persist 24233 3000 3
persist 22766 2000 2
persist 24888 3000 3
persist 21119 2000 2
persist 24008 3000 3
persist 22755 2000 2
write base data version: 86400, memory: 5062561792 bytes (4828.04 MB)
persist 24430 3000 3
persist 21658 2000 2
persist 23181 3000 3
persist 25062 2000 2
persist 25927 3000 3
persist 21569 2000 2
persist 23708 3000 3
persist 25253 2000 2
persist 25657 3000 3
persist 25084 2000 2
persist 26141 3000 3
persist 23553 2000 2
persist 24373 3000 3
persist 22119 2000 2
persist 23801 3000 3
persist 22401 2000 2
persist 26227 3000 3
persist 22704 2000 2
persist 23822 3000 3
persist 23571 2000 2
persist 24001 3000 3
persist 17392 2000 2
persist 25382 3000 3
persist 17350 2000 2
persist 31697 3000 3
persist 17349 2000 2
persist 24557 2000 2
persist 25248 3000 3
persist 26515 2000 2
persist 24483 3000 3
persist 17129 2000 2
persist 31262 3000 3
persist 17247 2000 2
persist 32593 3000 3
persist 17366 2000 2
persist 25216 2000 2
persist 26271 3000 3
persist 25784 2000 2
persist 26423 3000 3
persist 30325 3000 3
write base data version: 86500, memory: 5211344896 bytes (4969.93 MB)
persist 43455 2000 2
persist 25806 3000 3
persist 25482 2000 2
persist 25579 3000 3
persist 26119 3000 3
persist 17419 2000 2
persist 25289 3000 3
persist 21858 2000 2
persist 24542 3000 3
persist 22304 2000 2
persist 28973 3000 3
persist 22537 2000 2
persist 24962 3000 3
persist 22964 2000 2
persist 24546 3000 3
persist 26572 2000 2
persist 26301 3000 3
persist 26321 2000 2
persist 25334 3000 3
persist 26132 2000 2
persist 24952 3000 3
persist 28154 2000 2
persist 50958 3000 3
persist 38391 2000 2
persist 52723 3000 3
persist 54083 3000 3
persist 53367 3000 3
persist 55508 3000 3
persist 53397 3000 3
persist 54999 3000 3
persist 55156 3000 3
persist 51885 3000 3
persist 42874 3000 3
persist 45421 3000 3
persist 45758 3000 3
persist 48089 3000 3
persist 53443 3000 3
persist 37468 2000 2
write base data version: 86600, memory: 4851572736 bytes (4626.82 MB)
persist 57455 3000 3
persist 61350 3000 3
persist 54056 3000 3
persist 52912 3000 3
persist 52174 3000 3
persist 52687 3000 3
persist 50296 3000 3
persist 45581 3000 3
persist 46428 3000 3
persist 48622 3000 3
persist 51487 3000 3
persist 51454 3000 3
persist 52696 3000 3
persist 53281 3000 3
persist 50068 3000 3
persist 53379 3000 3
persist 52204 3000 3
persist 52236 3000 3
persist 51453 3000 3
persist 51978 3000 3
persist 52435 3000 3
persist 50518 3000 3
persist 51660 3000 3
persist 52785 3000 3
persist 52113 3000 3
persist 52761 3000 3
persist 53026 3000 3
persist 53107 3000 3
persist 53519 3000 3
persist 53852 3000 3
persist 49600 3000 3
persist 49377 3000 3
persist 50965 3000 3
write base data version: 86700, memory: 4994637824 bytes (4763.26 MB)
persist 50512 3000 3
persist 45844 3000 3
persist 43183 3000 3
persist 45120 3000 3
persist 47711 3000 3
persist 44101 3000 3
persist 47974 3000 3
persist 51908 3000 3
persist 50771 3000 3
persist 36650 2000 2
persist 50963 3000 3
persist 52390 3000 3
persist 50988 3000 3
persist 51603 3000 3
persist 48644 3000 3
persist 48171 3000 3
persist 47983 3000 3
persist 42959 3000 3
persist 44762 3000 3
persist 48843 3000 3
persist 47201 3000 3
persist 45380 3000 3
persist 46460 3000 3
persist 49356 3000 3
persist 45908 3000 3
persist 53340 3000 3
persist 51583 3000 3
persist 51554 3000 3
persist 53166 3000 3
persist 51529 3000 3
persist 51882 3000 3
persist 51916 3000 3
persist 50136 3000 3
persist 51708 3000 3
write base data version: 86800, memory: 5137604608 bytes (4899.60 MB)
persist 52036 3000 3
persist 53358 3000 3
persist 72416 4000 4
persist 50492 3000 3
persist 51611 3000 3
persist 51417 3000 3
persist 50177 3000 3
persist 51089 3000 3
persist 50484 3000 3
persist 50512 3000 3
persist 49827 3000 3
persist 50484 3000 3
persist 53066 3000 3
persist 51568 3000 3
persist 52060 3000 3
persist 52859 3000 3
persist 53949 3000 3
persist 54816 3000 3
persist 55035 3000 3
persist 55835 3000 3
persist 57146 3000 3
persist 54816 3000 3
persist 54077 3000 3
persist 50068 3000 3
persist 50607 3000 3
persist 51178 3000 3
persist 51262 3000 3
persist 50741 3000 3
persist 50561 3000 3
persist 45844 3000 3
persist 44265 3000 3
persist 45029 3000 3
persist 51322 3000 3
write base data version: 86900, memory: 5283950592 bytes (5039.17 MB)
persist 42453 2000 2
persist 57918 3000 3
persist 57016 3000 3
persist 58956 3000 3
persist 59584 3000 3
persist 59681 3000 3
persist 58971 3000 3
persist 58625 3000 3
persist 58628 3000 3
persist 59704 3000 3
persist 58506 3000 3
persist 53845 3000 3
persist 54775 3000 3
persist 53196 3000 3
persist 52557 3000 3
persist 52653 3000 3
persist 44952 3000 3
persist 36824 2000 2
persist 52702 3000 3
persist 53972 3000 3
persist 51041 3000 3
persist 48262 3000 3
persist 37965 2000 2
persist 53334 3000 3
persist 53717 3000 3
persist 50982 3000 3
persist 46179 3000 3
persist 45849 3000 3
persist 38330 2000 2
persist 52191 3000 3
persist 52898 3000 3
persist 54555 3000 3
persist 48607 3000 3
persist 47624 3000 3
write base data version: 87000, memory: 4908195840 bytes (4680.82 MB)
persist 54027 3000 3
persist 38552 2000 2
persist 54413 3000 3
persist 53537 3000 3
persist 52845 3000 3
persist 52773 3000 3
persist 52070 3000 3
persist 53550 3000 3
persist 54695 3000 3
persist 56877 3000 3
persist 53562 3000 3
persist 46307 3000 3
persist 46808 3000 3
persist 46854 3000 3
persist 48564 3000 3
persist 47354 3000 3
persist 39172 2000 2
persist 57162 3000 3
persist 54545 3000 3
persist 50210 3000 3
persist 52256 3000 3
persist 52812 3000 3
persist 51540 3000 3
persist 50817 3000 3
persist 51175 3000 3
persist 51764 3000 3
persist 51411 3000 3
persist 51371 3000 3
persist 52449 3000 3
persist 49741 3000 3
persist 51001 3000 3
persist 51010 3000 3
persist 52706 3000 3
persist 50639 3000 3
write base data version: 87100, memory: 5057687552 bytes (4823.39 MB)
persist 52795 3000 3
persist 52172 3000 3
persist 54168 3000 3
persist 51623 3000 3
persist 49477 3000 3
persist 48434 3000 3
persist 48386 3000 3
persist 46527 3000 3
persist 47036 3000 3
persist 44992 3000 3
persist 46776 3000 3
persist 47207 3000 3
persist 47118 3000 3
persist 45816 3000 3
persist 48855 3000 3
persist 50865 3000 3
persist 48410 3000 3
persist 50766 3000 3
persist 46190 3000 3
persist 45374 3000 3
persist 45317 3000 3
persist 48643 3000 3
persist 50901 3000 3
persist 35715 2000 2
persist 50415 3000 3
persist 51575 3000 3
persist 51626 3000 3
persist 51007 3000 3
persist 51117 3000 3
persist 51522 3000 3
persist 51118 3000 3
persist 51528 3000 3
persist 51785 3000 3
persist 52594 3000 3
write base data version: 87200, memory: 5205528576 bytes (4964.38 MB)
persist 50628 3000 3
persist 51013 3000 3
persist 51692 3000 3
persist 50690 3000 3
persist 52532 3000 3
persist 50927 3000 3
persist 45204 3000 3
persist 49369 3000 3
persist 47310 3000 3
persist 47762 3000 3
persist 45291 3000 3
persist 47080 3000 3
persist 44866 3000 3
persist 47878 3000 3
persist 36271 2000 2
persist 50941 3000 3
persist 51691 3000 3
persist 51029 3000 3
persist 47447 3000 3
persist 35546 2000 2
persist 50060 3000 3
persist 50219 3000 3
persist 49846 3000 3
persist 50075 3000 3
persist 51905 3000 3
persist 50711 3000 3
persist 36242 2000 2
persist 49434 3000 3
persist 49904 3000 3
persist 51546 3000 3
persist 49891 3000 3
persist 42175 3000 3
persist 50647 3000 3
persist 53338 3000 3
persist 37231 2000 2
write base data version: 87300, memory: 4838014976 bytes (4613.89 MB)
persist 50224 3000 3
persist 50925 3000 3
persist 49963 3000 3
persist 49581 3000 3
persist 46723 3000 3
persist 43846 3000 3
persist 42917 3000 3
persist 42030 3000 3
persist 41728 3000 3
persist 48725 3000 3
persist 45980 3000 3
persist 47156 3000 3
persist 46389 3000 3
persist 47378 3000 3
persist 45348 3000 3
persist 48287 3000 3
persist 47143 3000 3
persist 45509 3000 3
persist 49434 3000 3
persist 53329 3000 3
persist 51910 3000 3
persist 52899 3000 3
persist 48834 3000 3
persist 51156 3000 3
persist 50474 3000 3
persist 50536 3000 3
persist 53081 3000 3
persist 52712 3000 3
persist 52035 3000 3
persist 49099 3000 3
persist 50794 3000 3
persist 51441 3000 3
persist 52268 3000 3
write base data version: 87400, memory: 4980994048 bytes (4750.25 MB)
persist 52679 3000 3
persist 52317 3000 3
persist 52089 3000 3
persist 53704 3000 3
persist 52061 3000 3
persist 49199 3000 3
persist 48630 3000 3
persist 51503 3000 3
persist 47816 3000 3
persist 47815 3000 3
persist 50292 3000 3
persist 50846 3000 3
persist 53398 3000 3
persist 51909 3000 3
persist 52933 3000 3
persist 46900 3000 3
persist 45305 3000 3
persist 47575 3000 3
persist 45155 3000 3
persist 48779 3000 3
persist 51454 3000 3
persist 52404 3000 3
persist 48398 3000 3
persist 47984 3000 3
persist 51255 3000 3
persist 52626 3000 3
persist 52283 3000 3
persist 53232 3000 3
persist 37434 2000 2
persist 51173 3000 3
persist 52312 3000 3
persist 51741 3000 3
persist 51103 3000 3
persist 52023 3000 3
write base data version: 87500, memory: 5123973120 bytes (4886.60 MB)
persist 52086 3000 3
persist 52475 3000 3
persist 51280 3000 3
persist 54290 3000 3
persist 53291 3000 3
persist 54765 3000 3
persist 53012 3000 3
persist 46680 3000 3
persist 44247 3000 3
persist 43288 3000 3
persist 47198 3000 3
persist 37423 2000 2
persist 51648 3000 3
persist 52604 3000 3
persist 53607 3000 3
persist 51343 3000 3
persist 51515 3000 3
persist 48681 3000 3
persist 46736 3000 3
persist 44598 3000 3
persist 44596 3000 3
persist 43227 3000 3
persist 45392 3000 3
persist 35057 2000 2
persist 50663 3000 3
persist 51330 3000 3
persist 51590 3000 3
persist 54239 3000 3
persist 54274 3000 3
persist 53491 3000 3
persist 53120 3000 3
persist 50396 3000 3
persist 43955 3000 3
persist 45951 3000 3
write base data version: 87600, memory: 5267099648 bytes (5023.10 MB)
persist 42999 3000 3
persist 50878 3000 3
persist 38228 2000 2
persist 51442 3000 3
persist 53422 3000 3
persist 53621 3000 3
persist 47017 3000 3
persist 42351 2000 2
persist 53435 3000 3
persist 52653 3000 3
persist 53786 3000 3
persist 53307 3000 3
persist 53038 3000 3
persist 52300 3000 3
persist 53728 3000 3
persist 52859 3000 3
persist 45567 3000 3
persist 45112 3000 3
persist 51244 3000 3
persist 53381 3000 3
persist 53530 3000 3
persist 52220 3000 3
persist 53395 3000 3
persist 52995 3000 3
persist 50433 3000 3
persist 52469 3000 3
persist 52847 3000 3
persist 54525 3000 3
persist 51324 3000 3
persist 51447 3000 3
persist 54937 3000 3
persist 50590 3000 3
persist 52100 3000 3
persist 51453 3000 3
write base data version: 87700, memory: 4896550912 bytes (4669.71 MB)
persist 51424 3000 3
persist 51602 3000 3
persist 52440 3000 3
persist 50009 3000 3
persist 52639 3000 3
persist 52315 3000 3
persist 49556 3000 3
persist 52579 3000 3
persist 52188 3000 3
persist 51426 3000 3
persist 46673 3000 3
persist 47812 3000 3
persist 38521 2000 2
persist 53978 3000 3
persist 54354 3000 3
persist 47819 3000 3
persist 48339 3000 3
persist 53040 3000 3
persist 38740 2000 2
persist 53101 3000 3
persist 55813 3000 3
persist 56064 3000 3
persist 53407 3000 3
persist 53319 3000 3
persist 46093 3000 3
persist 48061 3000 3
persist 50699 3000 3
persist 49592 3000 3
persist 45566 3000 3
persist 49437 3000 3
persist 49101 3000 3
persist 37277 2000 2
persist 47643 3000 3
persist 49222 3000 3
write base data version: 87800, memory: 5027356672 bytes (4794.46 MB)
persist 51361 3000 3
persist 51745 3000 3
persist 52300 3000 3
persist 50489 3000 3
persist 51087 3000 3
persist 50781 3000 3
persist 49236 3000 3
persist 48984 3000 3
persist 47452 3000 3
persist 46648 3000 3
persist 47296 3000 3
persist 48994 3000 3
persist 46169 3000 3
persist 43543 3000 3
persist 45500 3000 3
persist 43965 3000 3
persist 45968 3000 3
persist 52578 3000 3
persist 36677 2000 2
persist 49679 3000 3
persist 52632 3000 3
persist 52162 3000 3
persist 52209 3000 3
persist 47965 3000 3
persist 44078 3000 3
persist 42632 3000 3
persist 46100 3000 3
persist 46488 3000 3
persist 46837 3000 3
persist 44818 3000 3
persist 50384 3000 3
persist 52308 3000 3
persist 52926 3000 3
persist 52871 3000 3
write base data version: 87900, memory: 5180219392 bytes (4940.24 MB)
persist 51278 3000 3
persist 51494 3000 3
persist 53073 3000 3
persist 47644 3000 3
persist 52210 3000 3
persist 52932 3000 3
persist 50035 3000 3
persist 45607 3000 3
persist 51847 3000 3
persist 52165 3000 3
persist 48480 3000 3
persist 48422 3000 3
persist 48003 3000 3
persist 45982 3000 3
persist 47028 3000 3
persist 48297 3000 3
persist 49889 3000 3
persist 52688 3000 3
persist 52383 3000 3
persist 53709 3000 3
persist 51710 3000 3
persist 51029 3000 3
persist 50260 3000 3
persist 48681 3000 3
persist 46422 3000 3
persist 44130 3000 3
persist 48605 3000 3
persist 48819 3000 3
persist 51921 3000 3
persist 35909 2000 2
persist 52562 3000 3
persist 51915 3000 3
persist 53420 3000 3
write base data version: 88000, memory: 5335998464 bytes (5088.80 MB)
persist 53203 3000 3
persist 47719 3000 3
persist 71996 3000 3
persist 36629 2000 2
persist 52889 3000 3
persist 51329 3000 3
persist 49481 3000 3
persist 43612 3000 3
persist 52444 3000 3
persist 36615 2000 2
persist 48855 3000 3
persist 50746 3000 3
persist 48942 3000 3
persist 47680 3000 3
persist 45807 3000 3
persist 43362 3000 3
persist 52908 3000 3
persist 37651 2000 2
persist 49190 3000 3
persist 50927 3000 3
persist 52348 3000 3
persist 51633 3000 3
persist 51118 3000 3
persist 44101 3000 3
persist 50102 3000 3
persist 37421 2000 2
persist 50192 3000 3
persist 52468 3000 3
persist 53234 3000 3
persist 53407 3000 3
persist 52166 3000 3
persist 52914 3000 3
persist 52606 3000 3
persist 45558 3000 3
persist 43341 3000 3
write base data version: 88100, memory: 4960743424 bytes (4730.93 MB)
persist 46957 3000 3
persist 43638 3000 3
persist 52480 3000 3
persist 38695 2000 2
persist 58319 3000 3
persist 41505 2000 2
persist 57036 3000 3
persist 55305 3000 3
persist 39838 2000 2
persist 57473 3000 3
persist 57147 3000 3
persist 41653 2000 2
persist 52585 3000 3
persist 59211 3000 3
persist 40819 2000 2
persist 48669 3000 3
persist 39918 2000 2
persist 52093 3000 3
persist 45878 3000 3
persist 50125 3000 3
persist 36937 2000 2
persist 51663 3000 3
persist 47057 3000 3
persist 48915 3000 3
persist 36548 2000 2
persist 51986 3000 3
persist 53499 3000 3
persist 52930 3000 3
persist 49334 3000 3
persist 48614 3000 3
persist 51110 3000 3
persist 51359 3000 3
persist 37531 2000 2
persist 52865 3000 3
persist 54653 3000 3
persist 53423 3000 3
write base data version: 88200, memory: 5103550464 bytes (4867.12 MB)
persist 53437 3000 3
persist 53794 3000 3
persist 50024 3000 3
persist 47887 3000 3
persist 44815 3000 3
persist 51160 3000 3
persist 38685 2000 2
persist 53909 3000 3
persist 53816 3000 3
persist 53582 3000 3
persist 50650 3000 3
persist 46134 3000 3
persist 46313 3000 3
persist 53667 3000 3
persist 37096 2000 2
persist 53157 3000 3
persist 53759 3000 3
persist 53044 3000 3
persist 43729 3000 3
persist 50639 3000 3
persist 37786 2000 2
persist 51890 3000 3
persist 52974 3000 3
persist 45479 3000 3
persist 47537 3000 3
persist 53558 3000 3
persist 39294 2000 2
persist 53155 3000 3
persist 54435 3000 3
persist 51931 3000 3
persist 43616 3000 3
persist 38360 2000 2
persist 53556 3000 3
persist 52725 3000 3
persist 50759 3000 3
write base data version: 88300, memory: 5246865408 bytes (5003.80 MB)
persist 47120 3000 3
persist 37304 2000 2
persist 53891 3000 3
persist 53607 3000 3
persist 47015 3000 3
persist 52927 3000 3
persist 38420 2000 2
persist 53265 3000 3
persist 54615 3000 3
persist 48965 3000 3
persist 47963 3000 3
persist 35444 2000 2
persist 55378 3000 3
persist 51775 3000 3
persist 49962 3000 3
persist 51353 3000 3
persist 38295 2000 2
persist 61739 3000 3
persist 55636 3000 3
persist 43453 3000 3
persist 56080 3000 3
persist 42346 2000 2
persist 57186 3000 3
persist 55176 3000 3
persist 68853 3000 3
persist 43975 3000 3
persist 38514 2000 2
persist 53443 3000 3
persist 53818 3000 3
persist 54655 3000 3
persist 48218 3000 3
persist 39020 2000 2
persist 59029 3000 3
persist 57373 3000 3
persist 48820 3000 3
persist 52391 3000 3
write base data version: 88400, memory: 4876832768 bytes (4650.91 MB)
persist 39099 2000 2
persist 56766 3000 3
persist 57707 3000 3
persist 44983 3000 3
persist 54209 3000 3
persist 37758 2000 2
persist 52395 3000 3
persist 48524 3000 3
persist 50430 3000 3
persist 37350 2000 2
persist 52959 3000 3
persist 52747 3000 3
persist 48111 3000 3
persist 39699 2000 2
persist 58170 3000 3
persist 52823 3000 3
persist 43441 3000 3
persist 37522 2000 2
persist 53695 3000 3
persist 54011 3000 3
persist 54296 3000 3
persist 53077 3000 3
persist 60204 3000 3
persist 58073 3000 3
persist 56353 3000 3
persist 47328 3000 3
persist 52874 3000 3
persist 49791 3000 3
persist 58576 3000 3
persist 42611 2000 2
persist 59445 3000 3
persist 63314 3000 3
persist 57776 3000 3
persist 62176 3000 3
persist 61807 3000 3
write base data version: 88500, memory: 5004685312 bytes (4772.84 MB)
persist 62478 3000 3
persist 61810 3000 3
persist 61031 3000 3
persist 56575 3000 3
persist 57109 3000 3
persist 58330 3000 3
persist 58607 3000 3
persist 61440 3000 3
persist 58782 3000 3
persist 58109 3000 3
persist 55493 3000 3
persist 55965 3000 3
persist 58154 3000 3
persist 57199 3000 3
persist 52505 3000 3
persist 52701 3000 3
persist 52308 3000 3
persist 51665 3000 3
persist 49566 3000 3
persist 44770 3000 3
persist 48222 3000 3
persist 54479 3000 3
persist 36862 2000 2
persist 51038 3000 3
persist 53975 3000 3
persist 53684 3000 3
persist 53017 3000 3
persist 50126 3000 3
persist 48599 3000 3
persist 50480 3000 3
persist 56039 3000 3
persist 38600 2000 2
persist 53458 3000 3
persist 53616 3000 3
write base data version: 88600, memory: 5148090368 bytes (4909.60 MB)
persist 45928 3000 3
persist 39430 2000 2
persist 54368 3000 3
persist 54976 3000 3
persist 53348 3000 3
persist 45184 3000 3
persist 39577 2000 2
persist 53766 3000 3
persist 54459 3000 3
persist 51652 3000 3
persist 48993 3000 3
persist 39715 2000 2
persist 55079 3000 3
persist 54947 3000 3
persist 48633 3000 3
persist 48904 3000 3
persist 47474 3000 3
persist 48149 3000 3
persist 50969 3000 3
persist 36229 2000 2
persist 52080 3000 3
persist 52722 3000 3
persist 44820 3000 3
persist 54012 3000 3
persist 36956 2000 2
persist 53632 3000 3
persist 50296 3000 3
persist 39705 2000 2
persist 55239 3000 3
persist 53626 3000 3
persist 61365 3000 3
persist 43130 2000 2
persist 49881 3000 3
persist 51474 3000 3
persist 58959 2000 2
persist 52611 3000 3
persist 35860 2000 2
write base data version: 88700, memory: 5272993792 bytes (5028.72 MB)
persist 34541 3000 3
persist 35776 2000 2
persist 50952 3000 3
persist 51329 3000 3
persist 35948 2000 2
persist 51046 3000 3
persist 52925 3000 3
persist 45656 3000 3
persist 51152 3000 3
persist 37188 2000 2
persist 50923 3000 3
persist 50044 3000 3
persist 50681 3000 3
persist 47726 3000 3
persist 45665 3000 3
persist 46232 3000 3
persist 50178 3000 3
persist 49423 3000 3
persist 51425 3000 3
persist 52503 3000 3
persist 51154 3000 3
persist 46351 3000 3
persist 45361 3000 3
persist 44862 3000 3
persist 47635 3000 3
persist 51867 3000 3
persist 37572 2000 2
persist 51981 3000 3
persist 51898 3000 3
persist 52164 3000 3
persist 52293 3000 3
persist 53379 3000 3
persist 53915 3000 3
persist 52902 3000 3
write base data version: 88800, memory: 4904185856 bytes (4677.00 MB)
persist 49796 3000 3
persist 47315 3000 3
persist 47396 3000 3
persist 46847 3000 3
persist 45032 3000 3
persist 43990 3000 3
persist 44117 3000 3
persist 48406 3000 3
persist 38431 2000 2
persist 52233 3000 3
persist 53425 3000 3
persist 51701 3000 3
persist 52091 3000 3
persist 52485 3000 3
persist 51447 3000 3
persist 45567 3000 3
persist 45285 3000 3
persist 48080 3000 3
persist 47654 3000 3
persist 46562 3000 3
persist 47729 3000 3
persist 49200 3000 3
persist 44067 3000 3
persist 47561 3000 3
persist 48312 3000 3
persist 43669 3000 3
persist 49379 3000 3
persist 50108 3000 3
persist 49201 3000 3
persist 42241 3000 3
persist 44758 3000 3
persist 47142 3000 3
persist 46943 3000 3
persist 44234 3000 3
write base data version: 88900, memory: 5046910976 bytes (4813.11 MB)
persist 46128 3000 3
persist 52530 3000 3
persist 47214 3000 3
persist 43423 3000 3
persist 47132 3000 3
persist 50379 3000 3
persist 48181 3000 3
persist 45493 3000 3
persist 45905 3000 3
persist 45936 3000 3
persist 44926 3000 3
persist 42932 3000 3
persist 48813 3000 3
persist 49885 3000 3
persist 44261 3000 3
persist 41318 3000 3
persist 44020 3000 3
persist 46011 3000 3
persist 43053 3000 3
persist 45453 3000 3
persist 51782 3000 3
persist 35743 2000 2
persist 50005 3000 3
persist 52018 3000 3
persist 52886 3000 3
persist 53539 3000 3
persist 53780 3000 3
persist 52664 3000 3
persist 53209 3000 3
persist 48765 3000 3
persist 45765 3000 3
persist 41803 3000 3
persist 42515 3000 3
persist 43236 3000 3
write base data version: 89000, memory: 5189947392 bytes (4949.52 MB)
persist 47925 3000 3
persist 37943 2000 2
persist 52640 3000 3
persist 52171 3000 3
persist 53703 3000 3
persist 51318 3000 3
persist 53797 3000 3
persist 50890 3000 3
persist 53156 3000 3
persist 51979 3000 3
persist 51444 3000 3
persist 54248 3000 3
persist 57269 3000 3
persist 54722 3000 3
persist 55392 3000 3
persist 80071 4000 4
persist 55629 3000 3
persist 53952 3000 3
persist 50576 3000 3
persist 51147 3000 3
persist 48930 3000 3
persist 43329 3000 3
persist 49457 3000 3
persist 36044 2000 2
persist 52920 3000 3
persist 51442 3000 3
persist 57307 3000 3
persist 52251 3000 3
persist 46032 3000 3
persist 58018 3000 3
persist 41798 2000 2
persist 66126 3000 3
persist 54181 3000 3
persist 54093 3000 3
write base data version: 89100, memory: 4819488768 bytes (4596.22 MB)
persist 51166 3000 3
persist 53263 3000 3
persist 54446 3000 3
persist 53423 3000 3
persist 51136 3000 3
persist 53111 3000 3
persist 52337 3000 3
persist 51942 3000 3
persist 51226 3000 3
persist 53183 3000 3
persist 53345 3000 3
persist 54905 3000 3
persist 52054 3000 3
persist 55764 3000 3
persist 48399 3000 3
persist 51256 3000 3
persist 50353 3000 3
persist 51726 3000 3
persist 51387 3000 3
persist 51307 3000 3
persist 49233 3000 3
persist 43583 3000 3
persist 47834 3000 3
persist 49484 3000 3
persist 43744 3000 3
persist 47860 3000 3
persist 52913 3000 3
persist 56632 3000 3
persist 49315 3000 3
persist 38884 2000 2
persist 53359 3000 3
persist 54252 3000 3
persist 51996 3000 3
write base data version: 89200, memory: 4964048896 bytes (4734.09 MB)
persist 50101 3000 3
persist 47153 3000 3
persist 48091 3000 3
persist 49562 3000 3
persist 44917 3000 3
persist 48678 3000 3
persist 43970 3000 3
persist 47587 3000 3
persist 48433 3000 3
persist 51683 3000 3
persist 52753 3000 3
persist 49446 3000 3
persist 37798 2000 2
persist 51559 3000 3
persist 50688 3000 3
persist 49667 3000 3
persist 51194 3000 3
persist 46621 3000 3
persist 44493 3000 3
persist 43210 3000 3
persist 43222 3000 3
persist 42156 3000 3
persist 41817 3000 3
persist 42262 3000 3
persist 43619 3000 3
persist 52076 3000 3
persist 34605 2000 2
persist 50751 3000 3
persist 51746 3000 3
persist 50572 3000 3
persist 47109 3000 3
persist 47632 3000 3
persist 52292 3000 3
persist 42811 2000 2
persist 57935 3000 3
write base data version: 89300, memory: 5110505472 bytes (4873.76 MB)
persist 55879 3000 3
persist 58666 3000 3
persist 57511 3000 3
persist 50930 3000 3
persist 50722 3000 3
persist 49855 3000 3
persist 53078 3000 3
persist 52851 3000 3
persist 51196 3000 3
persist 52741 3000 3
persist 51433 3000 3
persist 51480 3000 3
persist 52057 3000 3
persist 52611 3000 3
persist 53310 3000 3
persist 50347 3000 3
persist 51631 3000 3
persist 51088 3000 3
persist 50662 3000 3
persist 50779 3000 3
persist 50938 3000 3
persist 51096 3000 3
persist 51227 3000 3
persist 51122 3000 3
persist 50465 3000 3
persist 49249 3000 3
persist 50182 3000 3
persist 51804 3000 3
persist 49993 3000 3
persist 50771 3000 3
persist 50420 3000 3
persist 52485 3000 3
persist 52824 3000 3
write base data version: 89400, memory: 5261737984 bytes (5017.98 MB)
persist 52507 3000 3
persist 51287 3000 3
persist 51669 3000 3
persist 52432 3000 3
persist 52603 3000 3
persist 52961 3000 3
persist 45009 3000 3
persist 45292 3000 3
persist 45289 3000 3
persist 50957 3000 3
persist 37498 2000 2
persist 51812 3000 3
persist 52002 3000 3
persist 44215 3000 3
persist 36022 2000 2
persist 52014 3000 3
persist 57593 3000 3
persist 46129 3000 3
persist 45928 3000 3
persist 35297 2000 2
persist 50824 3000 3
persist 51869 3000 3
persist 36437 2000 2
persist 50111 3000 3
persist 50253 3000 3
persist 44072 3000 3
persist 45265 3000 3
persist 49050 3000 3
persist 35581 2000 2
persist 51513 3000 3
persist 50908 3000 3
persist 50469 3000 3
persist 49869 3000 3
persist 45370 3000 3
persist 40683 3000 3
write base data version: 89500, memory: 4892962816 bytes (4666.29 MB)
persist 40553 3000 3
persist 47818 3000 3
persist 37074 2000 2
persist 48654 3000 3
persist 49429 3000 3
persist 49554 3000 3
persist 50186 3000 3
persist 50320 3000 3
persist 45790 3000 3
persist 43292 3000 3
persist 46158 3000 3
persist 50557 3000 3
persist 51244 3000 3
persist 36231 2000 2
persist 49419 3000 3
persist 53037 3000 3
persist 52209 3000 3
persist 49864 3000 3
persist 46897 3000 3
persist 41778 3000 3
persist 41200 3000 3
persist 41608 3000 3
persist 48281 3000 3
persist 35807 2000 2
persist 49205 3000 3
persist 47689 3000 3
persist 49301 3000 3
persist 51513 3000 3
persist 51244 3000 3
persist 52271 3000 3
persist 53358 3000 3
persist 54188 3000 3
persist 53250 3000 3
persist 52524 3000 3
write base data version: 89600, memory: 5035974656 bytes (4802.68 MB)
persist 48330 3000 3
persist 50666 3000 3
persist 48676 3000 3
persist 50412 3000 3
persist 50006 3000 3
persist 49620 3000 3
persist 51803 3000 3
persist 50396 3000 3
persist 50189 3000 3
persist 51393 3000 3
persist 49818 3000 3
persist 49613 3000 3
persist 49879 3000 3
persist 50528 3000 3
persist 50131 3000 3
persist 51431 3000 3
persist 51305 3000 3
persist 46792 3000 3
persist 43475 3000 3
persist 43088 3000 3
persist 41368 3000 3
persist 41531 3000 3
persist 42258 3000 3
persist 46496 3000 3
persist 51922 3000 3
persist 49382 3000 3
persist 47425 3000 3
persist 47528 3000 3
persist 46034 3000 3
persist 44352 3000 3
persist 44257 3000 3
persist 48106 3000 3
persist 48368 3000 3
persist 49286 3000 3
write base data version: 89700, memory: 5179064320 bytes (4939.14 MB)
persist 49289 3000 3
persist 50060 3000 3
persist 52716 3000 3
persist 48969 3000 3
persist 50693 3000 3
persist 53012 3000 3
persist 51648 3000 3
persist 46678 3000 3
persist 44191 3000 3
persist 44104 3000 3
persist 45335 3000 3
persist 44601 3000 3
persist 43220 3000 3
persist 43152 3000 3
persist 44942 3000 3
persist 52109 3000 3
persist 36216 2000 2
persist 50544 3000 3
persist 51491 3000 3
persist 51319 3000 3
persist 44518 3000 3
persist 48534 3000 3
persist 49984 3000 3
persist 54232 3000 3
persist 39128 2000 2
persist 53395 3000 3
persist 52622 3000 3
persist 50241 3000 3
persist 43384 3000 3
persist 50621 3000 3
persist 36209 2000 2
persist 50904 3000 3
persist 44645 3000 3
persist 53388 3000 3
write base data version: 89800, memory: 5324988416 bytes (5078.30 MB)
persist 36909 2000 2
persist 51253 3000 3
persist 47449 3000 3
persist 35976 2000 2
persist 49625 3000 3
persist 51126 3000 3
persist 51081 3000 3
persist 49533 3000 3
persist 39503 2000 2
persist 44532 3000 3
persist 41294 2000 2
persist 50945 3000 3
persist 47402 3000 3
persist 48685 3000 3
persist 36870 2000 2
persist 51518 3000 3
persist 51027 3000 3
persist 46116 3000 3
persist 36987 2000 2
persist 53596 3000 3
persist 43996 3000 3
persist 36343 2000 2
persist 54140 3000 3
persist 54966 3000 3
persist 53838 3000 3
persist 51963 3000 3
persist 45029 3000 3
persist 46491 3000 3
persist 36363 2000 2
persist 51348 3000 3
persist 51651 3000 3
persist 51570 3000 3
persist 59169 3000 3
persist 59383 3000 3
persist 54713 3000 3
persist 43662 3000 3
write base data version: 89900, memory: 4948365312 bytes (4719.13 MB)
persist 49985 3000 3
persist 52201 3000 3
persist 45297 3000 3
persist 53359 3000 3
persist 53360 3000 3
persist 47621 3000 3
persist 45165 3000 3
persist 46926 3000 3
persist 45746 3000 3
persist 54788 3000 3
persist 53380 3000 3
persist 55122 3000 3
persist 44475 3000 3
persist 58105 3000 3
persist 44133 2000 2
persist 61874 3000 3
persist 53660 3000 3
persist 54509 3000 3
persist 49740 3000 3
persist 47580 3000 3
persist 50132 3000 3
persist 45269 3000 3
persist 42577 3000 3
persist 49248 3000 3
persist 37653 2000 2
persist 51429 3000 3
persist 50617 3000 3
persist 49268 3000 3
persist 50735 3000 3
persist 51827 3000 3
persist 46463 3000 3
persist 43641 3000 3
persist 44560 3000 3
persist 44440 3000 3
write base data version: 90000, memory: 5098950656 bytes (4862.74 MB)
persist 42443 3000 3
persist 48445 3000 3
persist 52358 3000 3
persist 36079 2000 2
persist 50821 3000 3
persist 51432 3000 3
persist 42968 3000 3
persist 42853 3000 3
persist 43949 3000 3
persist 36507 2000 2
persist 52275 3000 3
persist 59352 3000 3
persist 59539 3000 3
persist 59347 3000 3
persist 53754 3000 3
persist 56983 3000 3
persist 48362 3000 3
persist 45410 3000 3
persist 53638 3000 3
persist 44025 2000 2
persist 60553 3000 3
persist 59375 3000 3
persist 58803 3000 3
persist 58328 3000 3
persist 58653 3000 3
persist 59000 3000 3
persist 58262 3000 3
persist 54958 3000 3
persist 53047 3000 3
persist 43565 3000 3
persist 47427 3000 3
persist 37877 3000 3
persist 17167 2000 2
persist 32449 3000 3
persist 17211 2000 2
write base data version: 90100, memory: 5256081408 bytes (5012.59 MB)
persist 24483 2000 2
persist 25463 3000 3
persist 16970 2000 2
persist 25852 2000 2
persist 24947 3000 3
persist 24350 2000 2
persist 23807 3000 3
persist 17146 2000 2
persist 28992 3000 3
persist 16447 2000 2
persist 32098 3000 3
persist 17648 2000 2
persist 34210 3000 3
persist 17475 2000 2
persist 29112 3000 3
persist 17633 2000 2
persist 31734 3000 3
persist 20207 2000 2
persist 23428 3000 3
persist 19200 2000 2
persist 25574 3000 3
persist 19323 2000 2
persist 26851 2000 2
persist 26544 3000 3
persist 26141 2000 2
persist 48203 3000 3
persist 49328 3000 3
persist 43918 3000 3
persist 29429 2000 2
persist 38871 2000 2
persist 51093 3000 3
persist 37895 2000 2
persist 52800 3000 3
persist 52263 3000 3
persist 52720 3000 3
persist 59411 3000 3
persist 51361 3000 3
persist 45738 3000 3
persist 43881 3000 3
write base data version: 90200, memory: 4892356608 bytes (4665.71 MB)
persist 49163 3000 3
persist 47748 3000 3
persist 49517 3000 3
persist 52287 3000 3
persist 37749 2000 2
persist 58791 3000 3
persist 59176 3000 3
persist 58615 3000 3
persist 59378 3000 3
persist 58241 3000 3
persist 59618 3000 3
persist 60904 3000 3
persist 60283 3000 3
persist 54424 3000 3
persist 48774 3000 3
persist 55079 3000 3
persist 43597 2000 2
persist 59196 3000 3
persist 57905 3000 3
persist 57779 3000 3
persist 58158 3000 3
persist 57375 3000 3
persist 57601 3000 3
persist 57918 3000 3
persist 57916 3000 3
persist 59779 3000 3
persist 57564 3000 3
persist 58397 3000 3
persist 56331 3000 3
persist 57601 3000 3
persist 56613 3000 3
persist 58132 3000 3
persist 56596 3000 3
persist 58164 3000 3
write base data version: 90300, memory: 5017755648 bytes (4785.30 MB)
persist 56614 3000 3
persist 58658 3000 3
persist 58596 3000 3
persist 59657 3000 3
persist 59060 3000 3
persist 58173 3000 3
persist 56663 3000 3
persist 58940 3000 3
persist 57097 3000 3
persist 54440 3000 3
persist 57599 3000 3
persist 58302 3000 3
persist 56996 3000 3
persist 55814 3000 3
persist 59162 3000 3
persist 56456 3000 3
persist 57308 3000 3
persist 57346 3000 3
persist 58169 3000 3
persist 58111 3000 3
persist 58185 3000 3
persist 57772 3000 3
persist 58925 3000 3
persist 59395 3000 3
persist 60860 3000 3
persist 61463 3000 3
persist 59039 3000 3
persist 58757 3000 3
persist 57872 3000 3
persist 58759 3000 3
persist 59086 3000 3
persist 58891 3000 3
persist 59184 3000 3
write base data version: 90400, memory: 5160742912 bytes (4921.67 MB)
persist 58964 3000 3
persist 59333 3000 3
persist 59826 3000 3
persist 60636 3000 3
persist 59265 3000 3
persist 85321 4000 4
persist 57207 3000 3
persist 57553 3000 3
persist 56138 3000 3
persist 58802 3000 3
persist 59412 3000 3
persist 72746 4000 4
persist 57506 3000 3
persist 58441 3000 3
persist 84218 4000 4
persist 58573 3000 3
persist 57359 3000 3
persist 56133 3000 3
persist 57529 3000 3
persist 73542 4000 4
persist 58685 3000 3
persist 58916 3000 3
persist 58959 3000 3
persist 79592 4000 4
persist 57215 3000 3
persist 57086 3000 3
persist 56579 3000 3
persist 55464 3000 3
persist 58465 3000 3
persist 59059 3000 3
persist 85390 4000 4
persist 59588 3000 3
write base data version: 90500, memory: 5303541760 bytes (5057.85 MB)
persist 59602 3000 3
persist 59529 3000 3
persist 57462 3000 3
persist 56540 3000 3
persist 59137 3000 3
persist 59592 3000 3
persist 86542 4000 4
persist 61202 3000 3
persist 61739 3000 3
persist 58223 3000 3
persist 58220 3000 3
persist 59005 3000 3
persist 58922 3000 3
persist 56908 3000 3
persist 63260 3000 3
persist 54262 3000 3
persist 49798 3000 3
persist 46027 3000 3
persist 44581 3000 3
persist 49298 3000 3
persist 37642 2000 2
persist 57361 3000 3
persist 56124 3000 3
persist 52955 3000 3
persist 52792 3000 3
persist 53860 3000 3
persist 52378 3000 3
persist 50435 3000 3
persist 46372 3000 3
persist 48164 3000 3
persist 45705 3000 3
persist 45160 3000 3
persist 43654 3000 3
write base data version: 90600, memory: 4941512704 bytes (4712.59 MB)
persist 44002 3000 3
persist 44579 3000 3
persist 45154 3000 3
persist 48367 3000 3
persist 55642 3000 3
persist 37657 2000 2
persist 57698 3000 3
persist 54481 3000 3
persist 52024 3000 3
persist 46860 3000 3
persist 45679 3000 3
persist 46574 3000 3
persist 53781 3000 3
persist 39470 2000 2
persist 52575 3000 3
persist 60687 3000 3
persist 58492 3000 3
persist 57065 3000 3
persist 51405 3000 3
persist 51212 3000 3
persist 56611 3000 3
persist 44500 2000 2
persist 59640 3000 3
persist 60326 3000 3
persist 56600 3000 3
persist 48785 3000 3
persist 48420 3000 3
persist 52689 3000 3
persist 39671 2000 2
persist 55413 3000 3
persist 55426 3000 3
persist 49776 3000 3
persist 50560 3000 3
persist 50563 3000 3
persist 52362 3000 3
write base data version: 90700, memory: 5082882048 bytes (4847.41 MB)
persist 51744 3000 3
persist 58728 3000 3
persist 60361 3000 3
persist 59071 3000 3
persist 60660 3000 3
persist 53362 3000 3
persist 55249 3000 3
persist 53457 3000 3
persist 54113 3000 3
persist 54399 3000 3
persist 54327 3000 3
persist 53944 3000 3
persist 54034 3000 3
persist 52239 3000 3
persist 53088 3000 3
persist 53276 3000 3
persist 53568 3000 3
persist 54363 3000 3
persist 54975 3000 3
persist 53588 3000 3
persist 47490 3000 3
persist 48739 3000 3
persist 48196 3000 3
persist 48133 3000 3
persist 49544 3000 3
persist 50241 3000 3
persist 51384 3000 3
persist 47893 3000 3
persist 51480 3000 3
persist 52314 3000 3
persist 51840 3000 3
persist 50286 3000 3
persist 51203 3000 3
write base data version: 90800, memory: 5229625344 bytes (4987.36 MB)
persist 52319 3000 3
persist 52313 3000 3
persist 50422 3000 3
persist 50391 3000 3
persist 52279 3000 3
persist 50764 3000 3
persist 51594 3000 3
persist 51868 3000 3
persist 51863 3000 3
persist 54069 3000 3
persist 50667 3000 3
persist 48985 3000 3
persist 52365 3000 3
persist 51801 3000 3
persist 50437 3000 3
persist 49808 3000 3
persist 50685 3000 3
persist 53121 3000 3
persist 52821 3000 3
persist 50667 3000 3
persist 52581 3000 3
persist 53070 3000 3
persist 51723 3000 3
persist 52255 3000 3
persist 50724 3000 3
persist 51929 3000 3
persist 51317 3000 3
persist 48898 3000 3
persist 46019 3000 3
persist 46220 3000 3
persist 44132 3000 3
persist 44872 3000 3
persist 47062 3000 3
write base data version: 90900, memory: 5377724416 bytes (5128.60 MB)
persist 47722 3000 3
persist 49039 3000 3
persist 53217 3000 3
persist 37520 2000 2
persist 52913 3000 3
persist 48585 3000 3
persist 37791 2000 2
persist 52750 3000 3
persist 53862 3000 3
persist 53767 3000 3
persist 51413 3000 3
persist 52940 3000 3
persist 54239 3000 3
persist 52089 3000 3
persist 47536 3000 3
persist 45328 3000 3
persist 47588 3000 3
persist 42299 3000 3
persist 41844 3000 3
persist 44855 3000 3
persist 42217 3000 3
persist 45961 3000 3
persist 45634 3000 3
persist 50591 3000 3
persist 50714 3000 3
persist 52412 3000 3
persist 51539 3000 3
persist 51397 3000 3
persist 50007 3000 3
persist 52105 3000 3
persist 52197 3000 3
persist 70514 4000 4
persist 53735 3000 3
persist 53787 3000 3
write base data version: 91000, memory: 5004611584 bytes (4772.77 MB)
persist 52864 3000 3
persist 53114 3000 3
persist 53348 3000 3
persist 54325 3000 3
persist 53165 3000 3
persist 52767 3000 3
persist 49169 3000 3
persist 51824 3000 3
persist 73023 4000 4
persist 49613 3000 3
persist 52086 3000 3
persist 52635 3000 3
persist 51553 3000 3
persist 51110 3000 3
persist 50698 3000 3
persist 52768 3000 3
persist 52475 3000 3
persist 72014 4000 4
persist 48978 3000 3
persist 48904 3000 3
persist 48686 3000 3
persist 49603 3000 3
persist 49805 3000 3
persist 50404 3000 3
persist 51661 3000 3
persist 50363 3000 3
persist 50050 3000 3
persist 50729 3000 3
persist 55414 3000 3
persist 54177 3000 3
persist 48646 3000 3
persist 50673 3000 3
persist 51784 3000 3
write base data version: 91100, memory: 5147734016 bytes (4909.26 MB)
persist 49801 3000 3
persist 50261 3000 3
persist 51435 3000 3
persist 52134 3000 3
persist 50726 3000 3
persist 52863 3000 3
persist 50797 3000 3
persist 49928 3000 3
persist 51750 3000 3
persist 51359 3000 3
persist 50566 3000 3
persist 52306 3000 3
persist 52862 3000 3
persist 53204 3000 3
persist 51253 3000 3
persist 50717 3000 3
persist 51381 3000 3
persist 52017 3000 3
persist 50319 3000 3
persist 51011 3000 3
persist 50622 3000 3
persist 51577 3000 3
persist 51584 3000 3
persist 51515 3000 3
persist 50723 3000 3
persist 50537 3000 3
persist 51880 3000 3
persist 51667 3000 3
persist 51204 3000 3
persist 52174 3000 3
persist 52566 3000 3
persist 50843 3000 3
persist 52859 3000 3
write base data version: 91200, memory: 5290262528 bytes (5045.19 MB)
persist 51105 3000 3
persist 51164 3000 3
persist 51263 3000 3
persist 50475 3000 3
persist 51157 3000 3
persist 51685 3000 3
persist 51382 3000 3
persist 53115 3000 3
persist 53097 3000 3
persist 53272 3000 3
persist 52074 3000 3
persist 52636 3000 3
persist 49610 3000 3
persist 51412 3000 3
persist 48736 3000 3
persist 43271 3000 3
persist 47016 3000 3
persist 50184 3000 3
persist 52506 3000 3
persist 47730 3000 3
persist 50670 3000 3
persist 50029 3000 3
persist 51955 3000 3
persist 60549 3000 3
persist 57267 3000 3
persist 76032 3000 3
persist 61244 3000 3
persist 60020 3000 3
persist 57893 3000 3
persist 60391 3000 3
persist 54740 3000 3
persist 50562 3000 3
persist 51568 3000 3
write base data version: 91300, memory: 4919971840 bytes (4692.05 MB)
persist 52506 3000 3
persist 51301 3000 3
persist 50300 3000 3
persist 52947 3000 3
persist 51855 3000 3
persist 52619 3000 3
persist 50242 3000 3
persist 50898 3000 3
persist 50251 3000 3
persist 53270 3000 3
persist 53168 3000 3
persist 57886 3000 3
persist 58834 3000 3
persist 59640 3000 3
persist 58682 3000 3
persist 86413 4000 4
persist 51376 3000 3
persist 52246 3000 3
persist 51082 3000 3
persist 53925 3000 3
persist 52932 3000 3
persist 53052 3000 3
persist 51852 3000 3
persist 53728 3000 3
persist 52450 3000 3
persist 53217 3000 3
persist 52748 3000 3
persist 51739 3000 3
persist 55173 3000 3
persist 53804 3000 3
persist 54154 3000 3
persist 54011 3000 3
persist 56154 3000 3
write base data version: 91400, memory: 5051367424 bytes (4817.36 MB)
persist 57029 3000 3
persist 55457 3000 3
persist 56295 3000 3
persist 56716 3000 3
persist 57840 3000 3
persist 55249 3000 3
persist 47832 3000 3
persist 48007 3000 3
persist 52401 3000 3
persist 51936 3000 3
persist 52692 3000 3
persist 52105 3000 3
persist 50555 3000 3
persist 50575 3000 3
persist 51501 3000 3
persist 57848 3000 3
persist 57331 3000 3
persist 57961 3000 3
persist 58252 3000 3
persist 58198 3000 3
persist 57581 3000 3
persist 57745 3000 3
persist 57755 3000 3
persist 56058 3000 3
persist 55631 3000 3
persist 54903 3000 3
persist 57725 3000 3
persist 51112 3000 3
persist 51213 3000 3
persist 51325 3000 3
persist 50559 3000 3
persist 50754 3000 3
persist 51213 3000 3
persist 51820 3000 3
write base data version: 91500, memory: 5206208512 bytes (4965.03 MB)
persist 46022 3000 3
persist 46432 3000 3
persist 45387 3000 3
persist 48938 3000 3
persist 54980 3000 3
persist 56640 3000 3
persist 58276 3000 3
persist 63106 3000 3
persist 58226 3000 3
persist 57997 3000 3
persist 58534 3000 3
persist 57971 3000 3
persist 59464 3000 3
persist 87629 4000 4
persist 58521 3000 3
persist 59073 3000 3
persist 58320 3000 3
persist 54602 3000 3
persist 52669 3000 3
persist 52475 3000 3
persist 75136 4000 4
persist 53080 3000 3
persist 59723 3000 3
persist 60551 3000 3
persist 57817 3000 3
persist 61278 3000 3
persist 61836 3000 3
persist 62137 3000 3
persist 61874 3000 3
persist 62294 3000 3
persist 62803 3000 3
persist 62113 3000 3
write base data version: 91600, memory: 5349957632 bytes (5102.12 MB)
persist 56832 3000 3
persist 57478 3000 3
persist 53673 3000 3
persist 61819 3000 3
persist 61041 3000 3
persist 62223 3000 3
persist 62890 3000 3
persist 59729 3000 3
persist 59443 3000 3
persist 58536 3000 3
persist 59646 3000 3
persist 58890 3000 3
persist 60032 3000 3
persist 60097 3000 3
persist 61882 3000 3
persist 59049 3000 3
persist 47369 3000 3
persist 53028 3000 3
persist 53098 3000 3
persist 54514 3000 3
persist 61889 3000 3
persist 43650 2000 2
persist 58477 3000 3
persist 60731 3000 3
persist 61992 3000 3
persist 61271 3000 3
persist 61474 3000 3
persist 61021 3000 3
persist 61582 3000 3
persist 60218 3000 3
persist 61636 3000 3
persist 61807 3000 3
persist 47388 3000 3
persist 44666 2000 2
write base data version: 91700, memory: 4986957824 bytes (4755.93 MB)
persist 62768 3000 3
persist 55133 3000 3
persist 55934 3000 3
persist 51582 3000 3
persist 52629 3000 3
persist 43762 2000 2
persist 55005 3000 3
persist 56968 3000 3
persist 48325 3000 3
persist 45859 3000 3
persist 39173 2000 2
persist 54293 3000 3
persist 55539 3000 3
persist 46463 3000 3
persist 53037 3000 3
persist 39224 2000 2
persist 55602 3000 3
persist 54695 3000 3
persist 52479 3000 3
persist 53519 3000 3
persist 53897 3000 3
persist 53528 3000 3
persist 52975 3000 3
persist 46602 3000 3
persist 49475 3000 3
persist 54214 3000 3
persist 55049 3000 3
persist 50349 3000 3
persist 43152 3000 3
persist 42835 3000 3
persist 43642 3000 3
persist 45291 3000 3
persist 49892 3000 3
persist 50267 3000 3
persist 49472 3000 3
write base data version: 91800, memory: 5132750848 bytes (4894.97 MB)
persist 49007 3000 3
persist 50902 3000 3
persist 47836 3000 3
persist 49889 3000 3
persist 52567 3000 3
persist 53670 3000 3
persist 54076 3000 3
persist 55088 3000 3
persist 50719 3000 3
persist 53355 3000 3
persist 53644 3000 3
persist 63278 4000 4
persist 50639 3000 3
persist 49236 3000 3
persist 49244 3000 3
persist 47887 3000 3
persist 46532 3000 3
persist 50166 3000 3
persist 72275 4000 4
persist 50946 3000 3
persist 48185 3000 3
persist 50412 3000 3
persist 51685 3000 3
persist 48633 3000 3
persist 47792 3000 3
persist 48639 3000 3
persist 52392 3000 3
persist 73275 4000 4
persist 50954 3000 3
persist 52821 3000 3
persist 52070 3000 3
persist 51165 3000 3
write base data version: 91900, memory: 5275344896 bytes (5030.96 MB)
persist 51339 3000 3
persist 51661 3000 3
persist 51694 3000 3
persist 50623 3000 3
persist 52206 3000 3
persist 51680 3000 3
persist 52723 3000 3
persist 53034 3000 3
persist 52016 3000 3
persist 52710 3000 3
persist 54195 3000 3
persist 54870 3000 3
persist 78888 4000 4
persist 53200 3000 3
persist 56956 3000 3
persist 57380 3000 3
persist 54220 3000 3
persist 50407 3000 3
persist 51250 3000 3
persist 50643 3000 3
persist 49606 3000 3
persist 49381 3000 3
persist 50651 3000 3
persist 49578 3000 3
persist 43878 3000 3
persist 51912 3000 3
persist 36717 2000 2
persist 53651 3000 3
persist 51087 3000 3
persist 52966 3000 3
persist 51694 3000 3
persist 52015 3000 3
persist 48648 3000 3
write base data version: 92000, memory: 5425184768 bytes (5173.86 MB)
persist 44422 3000 3
persist 48642 3000 3
persist 46463 3000 3
persist 50249 3000 3
persist 52364 3000 3
persist 36537 2000 2
persist 53150 3000 3
persist 54100 3000 3
persist 53489 3000 3
persist 52604 3000 3
persist 52607 3000 3
persist 48824 3000 3
persist 47551 3000 3
persist 48650 3000 3
persist 48340 3000 3
persist 37537 2000 2
persist 52524 3000 3
persist 52839 3000 3
persist 54240 3000 3
persist 51122 3000 3
persist 50178 3000 3
persist 43380 3000 3
persist 43515 3000 3
persist 44575 3000 3
persist 50922 3000 3
persist 38065 2000 2
persist 53583 3000 3
persist 54264 3000 3
persist 54236 3000 3
persist 54425 3000 3
persist 53987 3000 3
persist 52081 3000 3
persist 53128 3000 3
persist 52106 3000 3
persist 52535 3000 3
write base data version: 92100, memory: 5037559808 bytes (4804.19 MB)
persist 52290 3000 3
persist 55042 3000 3
persist 53747 3000 3
persist 54523 3000 3
persist 54126 3000 3
persist 61291 3000 3
persist 59953 3000 3
persist 92324 4000 4
persist 60488 3000 3
persist 63558 3000 3
persist 60296 3000 3
persist 58245 3000 3
persist 55877 3000 3
persist 55767 3000 3
persist 70196 4000 4
persist 50467 3000 3
persist 49608 3000 3
persist 51806 3000 3
persist 49365 3000 3
persist 50025 3000 3
persist 50674 3000 3
persist 53139 3000 3
persist 47729 3000 3
persist 57979 3000 3
persist 57014 3000 3
persist 58344 3000 3
persist 57213 3000 3
persist 55715 3000 3
persist 58194 3000 3
persist 58221 3000 3
persist 58535 3000 3
persist 58266 3000 3
write base data version: 92200, memory: 5181956096 bytes (4941.90 MB)
persist 84545 4000 4
persist 56646 3000 3
persist 57889 3000 3
persist 58482 3000 3
persist 58201 3000 3
persist 52663 3000 3
persist 52373 3000 3
persist 52974 3000 3
persist 52216 3000 3
persist 52214 3000 3
persist 49159 3000 3
persist 52105 3000 3
persist 49870 3000 3
persist 45208 3000 3
persist 44746 3000 3
persist 52678 3000 3
persist 52396 3000 3
persist 45879 3000 3
persist 46366 3000 3
persist 45751 3000 3
persist 50026 3000 3
persist 53539 3000 3
persist 52705 3000 3
persist 50775 3000 3
persist 49838 3000 3
persist 57442 3000 3
persist 48263 3000 3
persist 47274 3000 3
persist 53020 3000 3
persist 48496 3000 3
persist 46027 3000 3
persist 49286 3000 3
persist 52720 3000 3
write base data version: 92300, memory: 5325115392 bytes (5078.43 MB)
persist 47462 3000 3
persist 44488 3000 3
persist 49536 3000 3
persist 52796 3000 3
persist 50353 3000 3
persist 44459 3000 3
persist 45386 3000 3
persist 44173 3000 3
persist 50609 3000 3
persist 49165 3000 3
persist 52300 3000 3
persist 54776 3000 3
persist 45473 3000 3
persist 37432 2000 2
persist 53117 3000 3
persist 53825 3000 3
persist 50895 3000 3
persist 44009 3000 3
persist 50466 3000 3
persist 36841 2000 2
persist 52361 3000 3
persist 54622 3000 3
persist 52456 3000 3
persist 52332 3000 3
persist 38242 2000 2
persist 52793 3000 3
persist 52402 3000 3
persist 53034 3000 3
persist 51090 3000 3
persist 48997 3000 3
persist 50604 3000 3
persist 49561 3000 3
persist 54271 3000 3
persist 72054 4000 4
write base data version: 92400, memory: 4956893184 bytes (4727.26 MB)
persist 51666 3000 3
persist 50591 3000 3
persist 52314 3000 3
persist 53236 3000 3
persist 52610 3000 3
persist 50462 3000 3
persist 51596 3000 3
persist 52127 3000 3
persist 74626 4000 4
persist 50108 3000 3
persist 52350 3000 3
persist 52481 3000 3
persist 53921 3000 3
persist 51414 3000 3
persist 48373 3000 3
persist 50140 3000 3
persist 52112 3000 3
persist 49570 3000 3
persist 51614 3000 3
persist 51514 3000 3
persist 73475 4000 4
persist 51057 3000 3
persist 51416 3000 3
persist 53062 3000 3
persist 53156 3000 3
persist 54744 3000 3
persist 53970 3000 3
persist 54328 3000 3
persist 54047 3000 3
persist 54024 3000 3
persist 53770 3000 3
persist 49125 3000 3
persist 47336 3000 3
write base data version: 92500, memory: 5099663360 bytes (4863.42 MB)
persist 51791 3000 3
persist 54309 3000 3
persist 51649 3000 3
persist 51582 3000 3
persist 48518 3000 3
persist 51169 3000 3
persist 47375 3000 3
persist 48789 3000 3
persist 50578 3000 3
persist 52170 3000 3
persist 57515 3000 3
persist 104490 6000 6
persist 145932 8000 8
persist 159281 9000 9
persist 172425 10000 10
persist 175575 10000 10
persist 188955 11000 11
write base data version: 92600, memory: 5241937920 bytes (4999.10 MB)
persist 186669 11000 11
persist 191426 11000 11
persist 194515 11000 11
persist 190321 11000 11
persist 187699 11000 11
persist 201442 12000 12
persist 207581 12000 12
persist 208376 12000 12
persist 198737 12000 12
write base data version: 92700, memory: 5384310784 bytes (5134.88 MB)
persist 206955 12000 12
persist 191317 11000 11
persist 207920 12000 12
persist 199801 11000 11
persist 142378 8000 8
persist 99936 5000 5
persist 57961 3000 3
persist 58265 3000 3
persist 57996 3000 3
persist 58145 3000 3
persist 57532 3000 3
persist 56342 3000 3
persist 57656 3000 3
persist 58650 3000 3
persist 88050 4000 4
persist 59514 3000 3
persist 58577 3000 3
persist 59282 3000 3
persist 59856 3000 3
persist 59708 3000 3
persist 56962 3000 3
persist 56817 3000 3
write base data version: 92800, memory: 5028147200 bytes (4795.21 MB)
persist 58167 3000 3
persist 58018 3000 3
persist 83727 4000 4
persist 57974 3000 3
persist 58601 3000 3
persist 58036 3000 3
persist 58613 3000 3
persist 58509 3000 3
persist 72688 3000 3
persist 51867 3000 3
persist 51333 3000 3
persist 51562 3000 3
persist 52407 3000 3
persist 52788 3000 3
persist 52136 3000 3
persist 52691 3000 3
persist 52438 3000 3
persist 56620 3000 3
persist 54156 3000 3
persist 54419 3000 3
persist 56580 3000 3
persist 55169 3000 3
persist 54506 3000 3
persist 47819 3000 3
persist 49046 3000 3
persist 72533 4000 4
persist 51352 3000 3
persist 52176 3000 3
persist 49182 3000 3
persist 49047 3000 3
persist 50689 3000 3
persist 52299 3000 3
persist 50536 3000 3
write base data version: 92900, memory: 5167886336 bytes (4928.48 MB)
persist 46807 3000 3
persist 49286 3000 3
persist 47442 3000 3
persist 46973 3000 3
persist 48711 3000 3
persist 49276 3000 3
persist 51839 3000 3
persist 48885 3000 3
persist 46818 3000 3
persist 50136 3000 3
persist 50977 3000 3
persist 50320 3000 3
persist 50294 3000 3
persist 49223 3000 3
persist 51062 3000 3
persist 51337 3000 3
persist 72496 4000 4
persist 50149 3000 3
persist 50356 3000 3
persist 51414 3000 3
persist 50623 3000 3
persist 52139 3000 3
persist 51167 3000 3
persist 51246 3000 3
persist 51488 3000 3
persist 50132 3000 3
persist 52587 3000 3
persist 51608 3000 3
persist 71426 4000 4
persist 50130 3000 3
persist 50194 3000 3
persist 51290 3000 3
persist 50643 3000 3
write base data version: 93000, memory: 5323395072 bytes (5076.79 MB)
persist 51171 3000 3
persist 49658 3000 3
persist 50990 3000 3
persist 51138 3000 3
persist 51472 3000 3
persist 74111 4000 4
persist 53896 3000 3
persist 51370 3000 3
persist 50635 3000 3
persist 51474 3000 3
persist 52387 3000 3
persist 52098 3000 3
persist 53419 3000 3
persist 51803 3000 3
persist 51616 3000 3
persist 51474 3000 3
persist 50168 3000 3
persist 51357 3000 3
persist 50519 3000 3
persist 50909 3000 3
persist 52414 3000 3
persist 52095 3000 3
persist 52655 3000 3
persist 52702 3000 3
persist 52474 3000 3
persist 53591 3000 3
persist 52987 3000 3
persist 43012 3000 3
persist 55033 3000 3
persist 39119 2000 2
persist 76084 3000 3
persist 53666 3000 3
persist 51320 3000 3
write base data version: 93100, memory: 4958916608 bytes (4729.19 MB)
persist 53862 3000 3
persist 54021 3000 3
persist 51639 3000 3
persist 52898 3000 3
persist 53714 3000 3
persist 53898 3000 3
persist 53073 3000 3
persist 53402 3000 3
persist 52390 3000 3
persist 54204 3000 3
persist 53584 3000 3
persist 52142 3000 3
persist 54413 3000 3
persist 58076 3000 3
persist 45679 3000 3
persist 48330 3000 3
persist 52103 3000 3
persist 50387 3000 3
persist 45138 3000 3
persist 48255 3000 3
persist 53062 3000 3
persist 51124 3000 3
persist 47697 3000 3
persist 46557 3000 3
persist 59218 3000 3
persist 61060 3000 3
persist 59620 3000 3
persist 58823 3000 3
persist 58709 3000 3
persist 58047 3000 3
persist 55404 3000 3
persist 57894 3000 3
persist 58132 3000 3
persist 59006 3000 3
write base data version: 93200, memory: 5108760576 bytes (4872.09 MB)
persist 54392 3000 3
persist 50187 3000 3
persist 60403 3000 3
persist 60373 3000 3
persist 60350 3000 3
persist 58910 3000 3
persist 57820 3000 3
persist 60077 3000 3
persist 60622 3000 3
persist 85889 4000 4
persist 56841 3000 3
persist 55794 3000 3
persist 57593 3000 3
persist 58472 3000 3
persist 57249 3000 3
persist 85458 4000 4
persist 56955 3000 3
persist 57570 3000 3
persist 57000 3000 3
persist 57565 3000 3
persist 57521 3000 3
persist 58628 3000 3
persist 57905 3000 3
persist 58122 3000 3
persist 57802 3000 3
persist 57008 3000 3
persist 55780 3000 3
persist 55208 3000 3
persist 56275 3000 3
persist 56129 3000 3
persist 55387 3000 3
persist 57941 3000 3
write base data version: 93300, memory: 5251223552 bytes (5007.96 MB)
persist 57895 3000 3
persist 57209 3000 3
persist 80136 4000 4
persist 56961 3000 3
persist 52966 3000 3
persist 50397 3000 3
persist 51487 3000 3
persist 51545 3000 3
persist 48498 3000 3
persist 49428 3000 3
persist 50542 3000 3
persist 51140 3000 3
persist 47959 3000 3
persist 50586 3000 3
persist 50155 3000 3
persist 51113 3000 3
persist 50378 3000 3
persist 49522 3000 3
persist 50833 3000 3
persist 50581 3000 3
persist 47136 3000 3
persist 46754 3000 3
persist 49522 3000 3
persist 50687 3000 3
persist 49185 3000 3
persist 46454 3000 3
persist 50592 3000 3
persist 48196 3000 3
persist 48417 3000 3
persist 49415 3000 3
persist 51517 3000 3
persist 52914 3000 3
persist 52352 3000 3
write base data version: 93400, memory: 5394345984 bytes (5144.45 MB)
persist 45432 3000 3
persist 47566 3000 3
persist 51030 3000 3
persist 49458 3000 3
persist 49111 3000 3
persist 48468 3000 3
persist 46682 3000 3
persist 46019 3000 3
persist 45523 3000 3
persist 46157 3000 3
persist 47024 3000 3
persist 37164 2000 2
persist 50482 3000 3
persist 51166 3000 3
persist 50052 3000 3
persist 42946 3000 3
persist 50625 3000 3
persist 38448 2000 2
persist 52212 3000 3
persist 49802 3000 3
persist 50963 3000 3
persist 43412 2000 2
persist 57086 3000 3
persist 59917 3000 3
persist 49578 3000 3
persist 52033 3000 3
persist 43041 2000 2
persist 58846 3000 3
persist 58054 3000 3
persist 58477 3000 3
persist 60666 3000 3
persist 57628 3000 3
persist 61052 3000 3
persist 57996 3000 3
persist 61274 3000 3
write base data version: 93500, memory: 5025845248 bytes (4793.02 MB)
persist 89215 4000 4
persist 57475 3000 3
persist 57631 3000 3
persist 57941 3000 3
persist 58629 3000 3
persist 57703 3000 3
persist 57727 3000 3
persist 58209 3000 3
persist 52201 3000 3
persist 54592 3000 3
persist 56289 3000 3
persist 56099 3000 3
persist 50803 3000 3
persist 60486 3000 3
persist 61011 3000 3
persist 58991 3000 3
persist 58772 3000 3
persist 60018 3000 3
persist 54875 3000 3
persist 54575 3000 3
persist 53064 3000 3
persist 52871 3000 3
persist 53896 3000 3
persist 53532 3000 3
persist 53131 3000 3
persist 52272 3000 3
persist 51075 3000 3
persist 47822 3000 3
persist 47095 3000 3
persist 46925 3000 3
persist 37326 2000 2
persist 50381 3000 3
persist 50468 3000 3
write base data version: 93600, memory: 5153648640 bytes (4914.90 MB)
persist 51099 3000 3
persist 51069 3000 3
persist 46496 3000 3
persist 47377 3000 3
persist 43496 3000 3
persist 48585 3000 3
persist 25701 2000 2
persist 25052 3000 3
persist 30695 2000 2
persist 26515 3000 3
persist 25199 2000 2
persist 25837 3000 3
persist 25415 2000 2
persist 26987 3000 3
persist 35776 2000 2
persist 50521 3000 3
persist 41567 3000 3
persist 50095 3000 3
persist 46443 3000 3
persist 36414 2000 2
persist 58385 3000 3
persist 57562 3000 3
persist 54885 3000 3
persist 48233 3000 3
persist 43254 2000 2
persist 58881 3000 3
persist 58151 3000 3
persist 56872 3000 3
persist 57525 3000 3
persist 57461 3000 3
persist 58534 3000 3
persist 52868 3000 3
persist 51997 3000 3
persist 51372 3000 3
persist 52242 3000 3
persist 51742 3000 3
write base data version: 93700, memory: 5296553984 bytes (5051.19 MB)
persist 44162 3000 3
persist 44743 3000 3
persist 44558 3000 3
persist 47938 3000 3
persist 51815 3000 3
persist 37402 2000 2
persist 52432 3000 3
persist 52768 3000 3
persist 52476 3000 3
persist 47701 3000 3
persist 45278 3000 3
persist 53062 3000 3
persist 36528 2000 2
persist 52168 3000 3
persist 51553 3000 3
persist 49133 3000 3
persist 43005 3000 3
persist 50445 3000 3
persist 38769 2000 2
persist 49737 3000 3
persist 51484 3000 3
persist 51755 3000 3
persist 54356 3000 3
persist 52639 3000 3
persist 52561 3000 3
persist 51812 3000 3
persist 50403 3000 3
persist 51330 3000 3
persist 50249 3000 3
persist 47931 3000 3
persist 44553 3000 3
persist 46914 3000 3
persist 50558 3000 3
persist 44793 2000 2
persist 47054 3000 3
write base data version: 93800, memory: 5444702208 bytes (5192.47 MB)
persist 45002 3000 3
persist 45759 3000 3
persist 56367 3000 3
persist 58131 3000 3
persist 55709 3000 3
persist 55760 3000 3
persist 75211 3000 3
persist 56527 3000 3
persist 56430 3000 3
persist 56344 3000 3
persist 56868 3000 3
persist 57113 3000 3
persist 56892 3000 3
persist 57006 3000 3
persist 56446 3000 3
persist 57623 3000 3
persist 56878 3000 3
persist 56134 3000 3
persist 57439 3000 3
persist 57959 3000 3
persist 57697 3000 3
persist 57907 3000 3
persist 87707 4000 4
persist 56297 3000 3
persist 57385 3000 3
persist 57375 3000 3
persist 57275 3000 3
persist 57331 3000 3
persist 56880 3000 3
persist 58283 3000 3
persist 57449 3000 3
persist 56996 3000 3
persist 56752 3000 3
write base data version: 93900, memory: 5071065088 bytes (4836.14 MB)
persist 55186 3000 3
persist 55831 3000 3
persist 56307 3000 3
persist 58525 3000 3
persist 60661 3000 3
persist 87655 4000 4
persist 59000 3000 3
persist 60441 3000 3
persist 55871 3000 3
persist 58151 3000 3
persist 57843 3000 3
persist 57967 3000 3
persist 58775 3000 3
persist 57996 3000 3
persist 57973 3000 3
persist 58569 3000 3
persist 57823 3000 3
persist 58298 3000 3
persist 53812 3000 3
persist 51049 3000 3
persist 51857 3000 3
persist 51928 3000 3
persist 52666 3000 3
persist 50800 3000 3
persist 52238 3000 3
persist 50381 3000 3
persist 46039 3000 3
persist 43062 3000 3
persist 43543 3000 3
persist 46231 3000 3
persist 48473 3000 3
persist 42336 3000 3
persist 46705 3000 3
write base data version: 94000, memory: 5214093312 bytes (4972.55 MB)
persist 47869 3000 3
persist 46055 3000 3
persist 44925 3000 3
persist 47309 3000 3
persist 49628 3000 3
persist 44693 3000 3
persist 44776 3000 3
persist 46160 3000 3
persist 46645 3000 3
persist 46596 3000 3
persist 44747 3000 3
persist 43174 3000 3
persist 45090 3000 3
persist 43165 3000 3
persist 44213 3000 3
persist 49107 3000 3
persist 54138 3000 3
persist 55246 3000 3
persist 54664 3000 3
persist 52039 3000 3
persist 52178 3000 3
persist 49946 3000 3
persist 51163 3000 3
persist 51260 3000 3
persist 51799 3000 3
persist 50557 3000 3
persist 51455 3000 3
persist 51978 3000 3
persist 51814 3000 3
persist 50749 3000 3
persist 50947 3000 3
persist 52808 3000 3
persist 51416 3000 3
write base data version: 94100, memory: 5356580864 bytes (5108.43 MB)
persist 52720 3000 3
persist 51561 3000 3
persist 52367 3000 3
persist 50764 3000 3
persist 52270 3000 3
persist 51394 3000 3
persist 52455 3000 3
persist 53546 3000 3
persist 52579 3000 3
persist 53682 3000 3
persist 52621 3000 3
persist 53456 3000 3
persist 53391 3000 3
persist 51901 3000 3
persist 51891 3000 3
persist 51724 3000 3
persist 52887 3000 3
persist 53156 3000 3
persist 53057 3000 3
persist 47353 3000 3
persist 44968 3000 3
persist 50285 3000 3
persist 37524 2000 2
persist 53598 3000 3
persist 54396 3000 3
persist 54361 3000 3
persist 54718 3000 3
persist 51083 3000 3
persist 52694 3000 3
persist 38708 2000 2
persist 54802 3000 3
persist 53193 3000 3
persist 53798 3000 3
persist 53314 3000 3
write base data version: 94200, memory: 4988100608 bytes (4757.02 MB)
persist 45860 3000 3
persist 52919 3000 3
persist 54075 3000 3
persist 38904 2000 2
persist 53506 3000 3
persist 53197 3000 3
persist 52634 3000 3
persist 46247 3000 3
persist 54390 3000 3
persist 39611 2000 2
persist 54674 3000 3
persist 52558 3000 3
persist 51340 3000 3
persist 45984 3000 3
persist 57559 3000 3
persist 37773 2000 2
persist 52477 3000 3
persist 52499 3000 3
persist 57201 3000 3
persist 57830 3000 3
persist 57997 3000 3
persist 58699 3000 3
persist 58133 3000 3
persist 58126 3000 3
persist 50916 3000 3
persist 48162 3000 3
persist 57292 3000 3
persist 41738 2000 2
persist 58490 3000 3
persist 58767 3000 3
persist 58900 3000 3
persist 59308 3000 3
persist 58441 3000 3
persist 43630 3000 3
persist 29609 3000 3
write base data version: 94300, memory: 5116350464 bytes (4879.33 MB)
persist 18334 2000 2
persist 27270 3000 3
persist 21029 2000 2
persist 28182 3000 3
persist 23055 2000 2
persist 24240 3000 3
persist 17936 2000 2
persist 25958 2000 2
persist 25071 3000 3
persist 24662 2000 2
persist 24825 3000 3
persist 24800 2000 2
persist 22829 3000 3
persist 24231 2000 2
persist 25187 3000 3
persist 24684 2000 2
persist 27578 3000 3
persist 48172 3000 3
persist 49572 3000 3
persist 50564 3000 3
persist 57786 3000 3
persist 58718 3000 3
persist 58387 3000 3
persist 56916 3000 3
persist 56561 3000 3
persist 49539 3000 3
persist 47743 3000 3
persist 51327 3000 3
persist 51126 3000 3
persist 55406 3000 3
persist 40775 2000 2
persist 58049 3000 3
persist 56182 3000 3
persist 56311 3000 3
persist 56548 3000 3
persist 57797 3000 3
write base data version: 94400, memory: 5270376448 bytes (5026.22 MB)
persist 56811 3000 3
persist 58757 3000 3
persist 58978 3000 3
persist 58966 3000 3
persist 59946 3000 3
persist 57728 3000 3
persist 54616 3000 3
persist 52080 3000 3
persist 52571 3000 3
persist 53391 3000 3
persist 52746 3000 3
persist 52081 3000 3
persist 47246 3000 3
persist 44554 3000 3
persist 43779 3000 3
persist 45568 3000 3
persist 35865 3000 3
persist 34938 3000 3
persist 46769 3000 3
persist 43344 2000 2
persist 59485 3000 3
persist 59083 3000 3
persist 57232 3000 3
persist 58491 3000 3
persist 58743 3000 3
persist 59389 3000 3
persist 57365 3000 3
persist 59309 3000 3
persist 60288 3000 3
persist 61341 3000 3
persist 58776 3000 3
persist 50991 3000 3
persist 44191 2000 2
persist 59841 3000 3
write base data version: 94500, memory: 5413031936 bytes (5162.27 MB)
persist 61900 3000 3
persist 57659 3000 3
persist 51115 3000 3
persist 51927 3000 3
persist 44848 3000 3
persist 37439 2000 2
persist 53012 3000 3
persist 49708 3000 3
persist 37702 2000 2
persist 61213 3000 3
persist 47678 3000 3
persist 52929 3000 3
persist 37946 2000 2
persist 53586 3000 3
persist 45116 3000 3
persist 51671 3000 3
persist 37886 2000 2
persist 64096 3000 3
persist 51945 3000 3
persist 36294 2000 2
persist 49996 3000 3
persist 44845 3000 3
persist 53951 3000 3
persist 37564 2000 2
persist 52163 3000 3
persist 48697 3000 3
persist 37645 2000 2
persist 54228 3000 3
persist 55324 3000 3
persist 44308 3000 3
persist 36865 2000 2
persist 54446 3000 3
persist 58570 3000 3
persist 44612 3000 3
persist 42919 2000 2
persist 55625 3000 3
persist 51784 3000 3
write base data version: 94600, memory: 5047291904 bytes (4813.47 MB)
persist 43215 3000 3
persist 36524 2000 2
persist 52432 3000 3
persist 53485 3000 3
persist 54113 3000 3
persist 52997 3000 3
persist 52753 3000 3
persist 53089 3000 3
persist 53046 3000 3
persist 54751 3000 3
persist 54260 3000 3
persist 51592 3000 3
persist 51049 3000 3
persist 43235 3000 3
persist 43196 3000 3
persist 43698 3000 3
persist 44329 3000 3
persist 45228 3000 3
persist 49043 3000 3
persist 48724 3000 3
persist 49014 3000 3
persist 47609 3000 3
persist 47875 3000 3
persist 49122 3000 3
persist 48693 3000 3
persist 49202 3000 3
persist 52895 3000 3
persist 51037 3000 3
persist 45843 3000 3
persist 41980 3000 3
persist 46140 3000 3
persist 44304 3000 3
persist 42070 3000 3
write base data version: 94700, memory: 5190082560 bytes (4949.65 MB)
persist 44675 3000 3
persist 47452 3000 3
persist 51862 3000 3
persist 50310 3000 3
persist 45411 3000 3
persist 44917 3000 3
persist 49892 3000 3
persist 46803 3000 3
persist 51583 3000 3
persist 36478 2000 2
persist 51848 3000 3
persist 48692 3000 3
persist 51192 3000 3
persist 43394 3000 3
persist 46609 3000 3
persist 45682 3000 3
persist 47914 3000 3
persist 49577 3000 3
persist 37030 2000 2
persist 50167 3000 3
persist 50807 3000 3
persist 53052 3000 3
persist 53291 3000 3
persist 51939 3000 3
persist 53353 3000 3
persist 51135 3000 3
persist 51666 3000 3
persist 50336 3000 3
persist 50204 3000 3
persist 46120 3000 3
persist 43529 3000 3
persist 43741 3000 3
persist 45846 3000 3
persist 48197 3000 3
write base data version: 94800, memory: 5333127168 bytes (5086.07 MB)
persist 51957 3000 3
persist 50571 3000 3
persist 50122 3000 3
persist 53111 3000 3
persist 38854 2000 2
persist 52347 3000 3
persist 55588 3000 3
persist 52930 3000 3
persist 54173 3000 3
persist 56257 3000 3
persist 53580 3000 3
persist 54186 3000 3
persist 50583 3000 3
persist 45057 3000 3
persist 42380 3000 3
persist 43363 3000 3
persist 47598 3000 3
persist 49988 3000 3
persist 53703 3000 3
persist 37545 2000 2
persist 50321 3000 3
persist 53382 3000 3
persist 52633 3000 3
persist 50735 3000 3
persist 47385 3000 3
persist 48100 3000 3
persist 35471 2000 2
persist 50209 3000 3
persist 47717 3000 3
persist 52595 3000 3
persist 42577 2000 2
persist 57576 3000 3
persist 53063 3000 3
persist 51247 3000 3
persist 56367 3000 3
write base data version: 94900, memory: 5482143744 bytes (5228.18 MB)
persist 56099 3000 3
persist 55979 3000 3
persist 44610 3000 3
persist 53168 3000 3
persist 50076 3000 3
persist 53008 3000 3
persist 37518 2000 2
persist 51730 3000 3
persist 51521 3000 3
persist 52053 3000 3
persist 51678 3000 3
persist 45031 3000 3
persist 46263 3000 3
persist 50301 3000 3
persist 47501 3000 3
persist 45111 3000 3
persist 46840 3000 3
persist 49023 3000 3
persist 37571 2000 2
persist 53522 3000 3
persist 53253 3000 3
persist 54227 3000 3
persist 52978 3000 3
persist 50990 3000 3
persist 57407 3000 3
persist 58204 3000 3
persist 57827 3000 3
persist 50094 3000 3
persist 50792 3000 3
persist 55766 3000 3
persist 39919 2000 2
persist 51476 3000 3
persist 53782 3000 3
persist 55385 3000 3
write base data version: 95000, memory: 5090435072 bytes (4854.62 MB)
persist 50739 3000 3
persist 45637 3000 3
persist 49871 3000 3
persist 59086 3000 3
persist 52712 3000 3
persist 37969 2000 2
persist 58551 3000 3
persist 55385 3000 3
persist 54153 3000 3
persist 57372 3000 3
persist 61258 3000 3
persist 60561 3000 3
persist 60437 3000 3
persist 57027 3000 3
persist 52105 3000 3
persist 43513 2000 2
persist 58046 3000 3
persist 55952 3000 3
persist 56155 3000 3
persist 56037 3000 3
persist 51155 3000 3
persist 53649 3000 3
persist 48570 3000 3
persist 49405 3000 3
persist 52457 3000 3
persist 42363 2000 2
persist 57834 3000 3
persist 59343 3000 3
persist 58487 3000 3
persist 51630 3000 3
persist 46409 3000 3
persist 35445 2000 2
persist 51163 3000 3
persist 53507 3000 3
persist 42664 3000 3
write base data version: 95100, memory: 5233496064 bytes (4991.05 MB)
persist 49484 3000 3
persist 38422 2000 2
persist 51483 3000 3
persist 52498 3000 3
persist 43385 3000 3
persist 51203 3000 3
persist 37750 2000 2
persist 52812 3000 3
persist 52542 3000 3
persist 45027 3000 3
persist 46415 3000 3
persist 46883 3000 3
persist 36751 2000 2
persist 51980 3000 3
persist 51178 3000 3
persist 44262 3000 3
persist 42929 3000 3
persist 46157 3000 3
persist 36988 2000 2
persist 49463 3000 3
persist 52410 3000 3
persist 52871 3000 3
persist 46281 3000 3
persist 51343 3000 3
persist 51965 3000 3
persist 51763 3000 3
persist 53715 3000 3
persist 51634 3000 3
persist 51894 3000 3
persist 51733 3000 3
persist 51722 3000 3
persist 52720 3000 3
persist 53454 3000 3
persist 49311 3000 3
persist 49936 3000 3
write base data version: 95200, memory: 5376663552 bytes (5127.59 MB)
persist 50834 3000 3
persist 50689 3000 3
persist 51823 3000 3
persist 47011 3000 3
persist 47618 3000 3
persist 49904 3000 3
persist 51894 3000 3
persist 53342 3000 3
persist 52796 3000 3
persist 51534 3000 3
persist 46000 3000 3
persist 43550 3000 3
persist 52534 3000 3
persist 35716 2000 2
persist 51257 3000 3
persist 51352 3000 3
persist 48371 3000 3
persist 49292 3000 3
persist 46265 3000 3
persist 43095 3000 3
persist 49112 3000 3
persist 37956 2000 2
persist 58662 3000 3
persist 58296 3000 3
persist 73805 3000 3
persist 57922 3000 3
persist 58102 3000 3
persist 59563 3000 3
persist 59517 3000 3
persist 59004 3000 3
persist 58121 3000 3
persist 57813 3000 3
persist 59468 3000 3
persist 58683 3000 3
write base data version: 95300, memory: 5008580608 bytes (4776.55 MB)
persist 59388 3000 3
persist 58599 3000 3
persist 58656 3000 3
persist 58989 3000 3
persist 59598 3000 3
persist 58957 3000 3
persist 59936 3000 3
persist 60211 3000 3
persist 56365 3000 3
persist 59235 3000 3
persist 62789 3000 3
persist 58971 3000 3
persist 57656 3000 3
persist 57648 3000 3
persist 57874 3000 3
persist 57573 3000 3
persist 58470 3000 3
persist 58639 3000 3
persist 55857 3000 3
persist 58955 3000 3
persist 58487 3000 3
persist 57683 3000 3
persist 57759 3000 3
persist 50565 3000 3
persist 50524 3000 3
persist 50394 3000 3
persist 46781 3000 3
persist 42697 3000 3
persist 42905 3000 3
persist 43468 3000 3
persist 42694 3000 3
persist 42142 3000 3
persist 43793 3000 3
write base data version: 95400, memory: 5151404032 bytes (4912.76 MB)
persist 42938 3000 3
persist 41503 3000 3
persist 43648 3000 3
persist 46302 3000 3
persist 44160 3000 3
persist 49054 3000 3
persist 35451 2000 2
persist 49617 3000 3
persist 50040 3000 3
persist 49709 3000 3
persist 44842 3000 3
persist 44917 3000 3
persist 48184 3000 3
persist 35632 2000 2
persist 50816 3000 3
persist 50060 3000 3
persist 48715 3000 3
persist 51702 3000 3
persist 51374 3000 3
persist 51208 3000 3
persist 50437 3000 3
persist 49437 3000 3
persist 50540 3000 3
persist 49428 3000 3
persist 49132 3000 3
persist 50063 3000 3
persist 50502 3000 3
persist 47519 3000 3
persist 49696 3000 3
persist 50073 3000 3
persist 50597 3000 3
persist 49548 3000 3
persist 49366 3000 3
persist 50235 3000 3
write base data version: 95500, memory: 5294227456 bytes (5048.97 MB)
persist 50067 3000 3
persist 50964 3000 3
persist 50540 3000 3
persist 51537 3000 3
persist 51574 3000 3
persist 49161 3000 3
persist 46943 3000 3
persist 47261 3000 3
persist 50405 3000 3
persist 49581 3000 3
persist 49812 3000 3
persist 50059 3000 3
persist 52671 3000 3
persist 50381 3000 3
persist 48869 3000 3
persist 49004 3000 3
persist 49977 3000 3
persist 49890 3000 3
persist 49970 3000 3
persist 51175 3000 3
persist 46124 3000 3
persist 44744 3000 3
persist 44990 3000 3
persist 49611 3000 3
persist 49775 3000 3
persist 53150 3000 3
persist 50570 3000 3
persist 48167 3000 3
persist 48757 3000 3
persist 49831 3000 3
persist 36054 2000 2
persist 49958 3000 3
persist 51258 3000 3
persist 50889 3000 3
write base data version: 95600, memory: 5437468672 bytes (5185.57 MB)
persist 43221 3000 3
persist 50935 3000 3
persist 36666 2000 2
persist 51693 3000 3
persist 47764 3000 3
persist 48313 3000 3
persist 46647 3000 3
persist 54189 3000 3
persist 42833 2000 2
persist 59318 3000 3
persist 58965 3000 3
persist 51961 3000 3
persist 55440 3000 3
persist 37044 2000 2
persist 58322 3000 3
persist 53983 3000 3
persist 43739 3000 3
persist 51697 3000 3
persist 36904 2000 2
persist 51954 3000 3
persist 53653 3000 3
persist 44016 3000 3
persist 55174 3000 3
persist 37181 2000 2
persist 52827 3000 3
persist 54717 3000 3
persist 44971 3000 3
persist 50528 3000 3
persist 37634 2000 2
persist 54999 3000 3
persist 56585 3000 3
persist 55285 3000 3
persist 47892 3000 3
persist 50129 3000 3
persist 38215 2000 2
write base data version: 95700, memory: 5066899456 bytes (4832.17 MB)
persist 52145 3000 3
persist 53312 3000 3
persist 39282 3000 3
persist 27560 2000 2
persist 40296 3000 3
persist 50336 3000 3
persist 90339 5000 5
persist 122908 7000 7
persist 153139 8000 8
persist 185310 9000 9
persist 176347 10000 10
persist 175395 10000 10
persist 174456 10000 10
persist 170925 10000 10
persist 176032 10000 10
write base data version: 95800, memory: 5196181504 bytes (4955.46 MB)
persist 167902 10000 10
persist 171008 10000 10
persist 169367 10000 10
persist 172014 10000 10
persist 170631 10000 10
persist 166031 10000 10
persist 172937 10000 10
persist 177511 10000 10
persist 171564 9000 9
persist 187856 10000 10
write base data version: 95900, memory: 5339230208 bytes (5091.89 MB)
persist 203349 10000 10
persist 202885 10000 10
persist 217559 11000 11
persist 188352 11000 11
persist 176670 10000 10
persist 175707 10000 10
persist 169208 10000 10
persist 117103 7000 7
persist 66528 4000 4
persist 50004 3000 3
persist 53360 3000 3
persist 52130 3000 3
persist 51076 3000 3
persist 60423 3000 3
persist 42186 2000 2
persist 40687 3000 3
persist 37068 3000 3
write base data version: 96000, memory: 5491200000 bytes (5236.82 MB)
persist 30262 2000 2
persist 29871 2000 2
persist 25423 3000 3
persist 24811 2000 2
persist 25412 3000 3
persist 35466 2000 2
persist 57505 3000 3
persist 57423 3000 3
persist 58295 3000 3
persist 58705 3000 3
persist 48828 3000 3
persist 48715 3000 3
persist 52950 3000 3
persist 36684 2000 2
persist 51154 3000 3
persist 51518 3000 3
persist 50316 3000 3
persist 46261 3000 3
persist 45185 3000 3
persist 45942 3000 3
persist 45390 3000 3
persist 48655 3000 3
persist 47256 3000 3
persist 45659 3000 3
persist 46163 3000 3
persist 51591 3000 3
persist 36810 2000 2
persist 53305 3000 3
persist 53167 3000 3
persist 52558 3000 3
persist 54058 3000 3
persist 43750 3000 3
persist 37017 2000 2
persist 52058 3000 3
persist 52787 3000 3
persist 53428 3000 3
write base data version: 96100, memory: 5125689344 bytes (4888.24 MB)
persist 53497 3000 3
persist 54170 3000 3
persist 52354 3000 3
persist 45641 3000 3
persist 54022 3000 3
persist 52129 3000 3
persist 106735 6000 6
persist 136094 8000 8
persist 151587 9000 9
persist 149585 9000 9
persist 116699 7000 7
persist 68454 4000 4
persist 51035 3000 3
persist 51166 3000 3
persist 52235 3000 3
persist 46136 3000 3
persist 44600 3000 3
persist 51176 3000 3
persist 35840 2000 2
persist 51647 3000 3
persist 52048 3000 3
persist 48360 3000 3
persist 42670 3000 3
persist 46842 3000 3
persist 36234 2000 2
write base data version: 96200, memory: 5268668416 bytes (5024.59 MB)
persist 52573 3000 3
persist 51234 3000 3
persist 50200 3000 3
persist 44728 3000 3
persist 46816 3000 3
persist 37779 2000 2
persist 52760 3000 3
persist 44700 3000 3
persist 46936 3000 3
persist 49872 3000 3
persist 35830 2000 2
persist 50356 3000 3
persist 48085 3000 3
persist 51516 3000 3
persist 36291 2000 2
persist 50968 3000 3
persist 46417 3000 3
persist 50278 3000 3
persist 35951 2000 2
persist 51977 3000 3
persist 47502 3000 3
persist 44680 3000 3
persist 46153 3000 3
persist 48963 3000 3
persist 35917 2000 2
persist 51544 3000 3
persist 52157 3000 3
persist 47252 3000 3
persist 43137 3000 3
persist 48118 3000 3
persist 36682 2000 2
persist 50644 3000 3
persist 52397 3000 3
persist 51695 3000 3
persist 51152 3000 3
persist 51036 3000 3
write base data version: 96300, memory: 5411758080 bytes (5161.05 MB)
persist 51836 3000 3
persist 50951 3000 3
persist 52474 3000 3
persist 53657 3000 3
persist 51908 3000 3
persist 53615 3000 3
persist 48900 3000 3
persist 43577 3000 3
persist 46024 3000 3
persist 36157 2000 2
persist 51805 3000 3
persist 51448 3000 3
persist 46700 3000 3
persist 48249 3000 3
persist 35718 2000 2
persist 50961 3000 3
persist 53311 3000 3
persist 46684 3000 3
persist 46955 3000 3
persist 36389 2000 2
persist 49212 3000 3
persist 68761 3000 3
persist 47182 3000 3
persist 50018 3000 3
persist 36260 2000 2
persist 51992 3000 3
persist 51966 3000 3
persist 50254 3000 3
persist 51035 3000 3
persist 38169 2000 2
persist 52396 3000 3
persist 58273 3000 3
persist 48458 3000 3
persist 51175 3000 3
persist 45082 2000 2
write base data version: 96400, memory: 5040959488 bytes (4807.43 MB)
persist 61037 3000 3
persist 59237 3000 3
persist 60293 3000 3
persist 46290 3000 3
persist 43192 2000 2
persist 41443 3000 3
persist 24699 3000 3
persist 25492 2000 2
persist 23860 3000 3
persist 22018 2000 2
persist 31848 3000 3
persist 17192 2000 2
persist 24974 2000 2
persist 25168 3000 3
persist 25542 2000 2
persist 24562 3000 3
persist 21979 2000 2
persist 29162 3000 3
persist 17893 2000 2
persist 24886 2000 2
persist 25334 3000 3
persist 24635 2000 2
persist 52130 3000 3
persist 53300 3000 3
persist 44807 2000 2
persist 52450 3000 3
persist 52238 3000 3
persist 46133 3000 3
persist 53534 3000 3
persist 38540 2000 2
persist 49161 3000 3
persist 51685 3000 3
persist 39346 2000 2
persist 54101 3000 3
persist 55008 3000 3
persist 45746 3000 3
persist 55395 3000 3
persist 38658 2000 2
write base data version: 96500, memory: 5169328128 bytes (4929.86 MB)
persist 54463 3000 3
persist 42744 3000 3
persist 48309 3000 3
persist 36422 2000 2
persist 49511 3000 3
persist 53823 3000 3
persist 46524 3000 3
persist 45862 3000 3
persist 37746 2000 2
persist 52981 3000 3
persist 48425 3000 3
persist 83703 5000 5
persist 52512 3000 3
persist 51804 3000 3
persist 45052 3000 3
persist 37794 2000 2
persist 52096 3000 3
persist 47938 3000 3
persist 50010 3000 3
persist 36643 2000 2
persist 53633 3000 3
persist 50222 3000 3
persist 37287 2000 2
persist 54054 3000 3
persist 53304 3000 3
persist 47314 3000 3
persist 53337 3000 3
persist 38039 2000 2
persist 53044 3000 3
persist 52816 3000 3
persist 46817 3000 3
persist 44510 3000 3
persist 46215 3000 3
persist 48465 3000 3
persist 47708 3000 3
write base data version: 96600, memory: 5312475136 bytes (5066.37 MB)
persist 51720 3000 3
persist 51500 3000 3
persist 53584 3000 3
persist 49317 3000 3
persist 49312 3000 3
persist 48437 3000 3
persist 49723 3000 3
persist 41710 3000 3
persist 42049 3000 3
persist 44017 3000 3
persist 48527 3000 3
persist 37156 2000 2
persist 51891 3000 3
persist 54484 3000 3
persist 52721 3000 3
persist 51030 3000 3
persist 49509 3000 3
persist 51068 3000 3
persist 50014 3000 3
persist 51053 3000 3
persist 51694 3000 3
persist 50067 3000 3
persist 50685 3000 3
persist 48374 3000 3
persist 47150 3000 3
persist 53327 3000 3
persist 49666 3000 3
persist 50317 3000 3
persist 43308 3000 3
persist 47312 3000 3
persist 51923 3000 3
persist 36720 2000 2
persist 52258 3000 3
persist 46907 3000 3
write base data version: 96700, memory: 5455187968 bytes (5202.47 MB)
persist 46247 3000 3
persist 37139 2000 2
persist 50440 3000 3
persist 53365 3000 3
persist 54143 3000 3
persist 46039 3000 3
persist 49428 3000 3
persist 36344 2000 2
persist 63858 3000 3
persist 52538 3000 3
persist 51810 3000 3
persist 49837 3000 3
persist 49641 3000 3
persist 46320 3000 3
persist 40846 3000 3
persist 43806 3000 3
persist 47676 3000 3
persist 52647 3000 3
persist 37736 2000 2
persist 53460 3000 3
persist 52241 3000 3
persist 44892 3000 3
persist 47983 3000 3
persist 37876 2000 2
persist 54237 3000 3
persist 50908 3000 3
persist 47666 3000 3
persist 36610 2000 2
persist 50701 3000 3
persist 49858 3000 3
persist 44484 3000 3
persist 36540 2000 2
persist 51392 3000 3
persist 52171 3000 3
persist 45590 3000 3
write base data version: 96800, memory: 5086273536 bytes (4850.65 MB)
persist 43511 3000 3
persist 51866 3000 3
persist 38770 2000 2
persist 52344 3000 3
persist 52566 3000 3
persist 46242 3000 3
persist 54556 3000 3
persist 39834 2000 2
persist 51780 3000 3
persist 54255 3000 3
persist 43021 3000 3
persist 51765 3000 3
persist 36874 2000 2
persist 52659 3000 3
persist 51484 3000 3
persist 46149 3000 3
persist 48814 3000 3
persist 53782 3000 3
persist 52416 3000 3
persist 53810 3000 3
persist 53944 3000 3
persist 54072 3000 3
persist 53951 3000 3
persist 49330 3000 3
persist 50705 3000 3
persist 48409 3000 3
persist 48947 3000 3
persist 50476 3000 3
persist 49437 3000 3
persist 50494 3000 3
persist 65896 4000 4
persist 50366 3000 3
persist 51675 3000 3
persist 49871 3000 3
write base data version: 96900, memory: 5229211648 bytes (4986.96 MB)
persist 50432 3000 3
persist 51642 3000 3
persist 51398 3000 3
persist 50795 3000 3
persist 51553 3000 3
persist 50610 3000 3
persist 50807 3000 3
persist 52886 3000 3
persist 50226 3000 3
persist 51799 3000 3
persist 52413 3000 3
persist 52084 3000 3
persist 75819 4000 4
persist 49517 3000 3
persist 50702 3000 3
persist 51840 3000 3
persist 52058 3000 3
persist 50654 3000 3
persist 50170 3000 3
persist 52556 3000 3
persist 50275 3000 3
persist 52042 3000 3
persist 51002 3000 3
persist 52378 3000 3
persist 53195 3000 3
persist 52520 3000 3
persist 53684 3000 3
persist 52034 3000 3
persist 52646 3000 3
persist 52813 3000 3
persist 51304 3000 3
persist 50195 3000 3
persist 51223 3000 3
write base data version: 97000, memory: 5372141568 bytes (5123.27 MB)
persist 52360 3000 3
persist 53728 3000 3
persist 52265 3000 3
persist 51660 3000 3
persist 52194 3000 3
persist 51367 3000 3
persist 52432 3000 3
persist 52278 3000 3
persist 54558 3000 3
persist 53610 3000 3
persist 55313 3000 3
persist 54200 3000 3
persist 54055 3000 3
persist 77356 4000 4
persist 55496 3000 3
persist 55112 3000 3
persist 46725 3000 3
persist 44614 3000 3
persist 45303 3000 3
persist 51338 3000 3
persist 36511 2000 2
persist 51788 3000 3
persist 54592 3000 3
persist 50587 3000 3
persist 50425 3000 3
persist 52554 3000 3
persist 51607 3000 3
persist 49845 3000 3
persist 51482 3000 3
persist 71531 3000 3
persist 53023 3000 3
persist 52826 3000 3
persist 43841 3000 3
write base data version: 97100, memory: 5002211328 bytes (4770.48 MB)
persist 46780 3000 3
persist 50798 3000 3
persist 52091 3000 3
persist 36047 2000 2
persist 51646 3000 3
persist 51242 3000 3
persist 52129 3000 3
persist 51993 3000 3
persist 53197 3000 3
persist 52888 3000 3
persist 53623 3000 3
persist 51679 3000 3
persist 54577 3000 3
persist 51942 3000 3
persist 50457 3000 3
persist 50884 3000 3
persist 49670 3000 3
persist 51583 3000 3
persist 52903 3000 3
persist 53842 3000 3
persist 51721 3000 3
persist 52806 3000 3
persist 53207 3000 3
persist 52501 3000 3
persist 54416 3000 3
persist 54342 3000 3
persist 60398 3000 3
persist 61134 3000 3
persist 59482 3000 3
persist 57675 3000 3
persist 53336 3000 3
persist 54670 3000 3
persist 61712 3000 3
persist 64864 3000 3
write base data version: 97200, memory: 5129957376 bytes (4892.31 MB)
persist 63734 3000 3
persist 52234 3000 3
persist 46435 2000 2
persist 64077 3000 3
persist 64641 3000 3
persist 64017 3000 3
persist 65769 3000 3
persist 63004 3000 3
persist 62184 3000 3
persist 63759 3000 3
persist 57974 3000 3
persist 59226 3000 3
persist 58914 3000 3
persist 57185 3000 3
persist 57055 3000 3
persist 57806 3000 3
persist 56361 3000 3
persist 57996 3000 3
persist 59062 3000 3
persist 60271 3000 3
persist 83027 4000 4
persist 53504 3000 3
persist 48425 3000 3
persist 46581 3000 3
persist 56163 3000 3
persist 57823 3000 3
persist 52574 3000 3
persist 52460 3000 3
persist 56880 3000 3
persist 58215 3000 3
persist 57733 3000 3
persist 57748 3000 3
persist 57789 3000 3
write base data version: 97300, memory: 5285621760 bytes (5040.76 MB)
persist 59114 3000 3
persist 59012 3000 3
persist 53336 3000 3
persist 52448 3000 3
persist 52298 3000 3
persist 48795 3000 3
persist 49517 3000 3
persist 44387 3000 3
persist 46130 3000 3
persist 48968 3000 3
persist 37337 2000 2
persist 52326 3000 3
persist 53726 3000 3
persist 58853 3000 3
persist 58716 3000 3
persist 57670 3000 3
persist 58650 3000 3
persist 59249 3000 3
persist 59032 3000 3
persist 58805 3000 3
persist 59436 3000 3
persist 59066 3000 3
persist 59220 3000 3
persist 58960 3000 3
persist 59390 3000 3
persist 58650 3000 3
persist 58968 3000 3
persist 59748 3000 3
persist 59624 3000 3
persist 60155 3000 3
persist 61649 3000 3
persist 62382 3000 3
persist 60093 3000 3
persist 62126 3000 3
write base data version: 97400, memory: 5434015744 bytes (5182.28 MB)
persist 54530 3000 3
persist 56159 3000 3
persist 54403 3000 3
persist 57332 3000 3
persist 51008 3000 3
persist 52041 3000 3
persist 59073 3000 3
persist 60043 3000 3
persist 59178 3000 3
persist 53325 3000 3
persist 54172 3000 3
persist 52818 3000 3
persist 46424 3000 3
persist 47743 3000 3
persist 48142 3000 3
persist 50219 3000 3
persist 54687 3000 3
persist 49331 3000 3
persist 49275 3000 3
persist 52369 3000 3
persist 39400 2000 2
persist 49905 3000 3
persist 51277 3000 3
persist 52382 3000 3
persist 50880 3000 3
persist 54552 3000 3
persist 54519 3000 3
persist 52836 3000 3
persist 52849 3000 3
persist 47625 3000 3
persist 49093 3000 3
persist 48404 3000 3
persist 44622 3000 3
persist 38774 2000 2
write base data version: 97500, memory: 5072293888 bytes (4837.32 MB)
persist 54244 3000 3
persist 52362 3000 3
persist 53180 3000 3
persist 52633 3000 3
persist 51903 3000 3
persist 50993 3000 3
persist 52419 3000 3
persist 51298 3000 3
persist 51725 3000 3
persist 51935 3000 3
persist 51019 3000 3
persist 52151 3000 3
persist 53239 3000 3
persist 51762 3000 3
persist 53730 3000 3
persist 47178 3000 3
persist 49694 3000 3
persist 58623 3000 3
persist 41832 2000 2
persist 58669 3000 3
persist 60757 3000 3
persist 58290 3000 3
persist 50527 3000 3
persist 51714 3000 3
persist 51925 3000 3
persist 54008 3000 3
persist 53326 3000 3
persist 53705 3000 3
persist 53831 3000 3
persist 49619 3000 3
persist 52587 3000 3
persist 52283 3000 3
persist 48288 3000 3
persist 49290 3000 3
write base data version: 97600, memory: 5214044160 bytes (4972.50 MB)
persist 49950 3000 3
persist 50180 3000 3
persist 50354 3000 3
persist 53027 3000 3
persist 51826 3000 3
persist 51643 3000 3
persist 50923 3000 3
persist 51122 3000 3
persist 51086 3000 3
persist 51332 3000 3
persist 49223 3000 3
persist 50034 3000 3
persist 48638 3000 3
persist 48300 3000 3
persist 50474 3000 3
persist 48293 3000 3
persist 49615 3000 3
persist 51288 3000 3
persist 49193 3000 3
persist 45540 3000 3
persist 49371 3000 3
persist 48517 3000 3
persist 45342 3000 3
persist 43962 3000 3
persist 49087 3000 3
persist 50330 3000 3
persist 49363 3000 3
persist 49129 3000 3
persist 50256 3000 3
persist 50660 3000 3
persist 51935 3000 3
persist 50929 3000 3
persist 50341 3000 3
write base data version: 97700, memory: 5356969984 bytes (5108.80 MB)
persist 49308 3000 3
persist 49274 3000 3
persist 53016 3000 3
persist 75483 4000 4
persist 50537 3000 3
persist 51406 3000 3
persist 52543 3000 3
persist 49994 3000 3
persist 51740 3000 3
persist 51202 3000 3
persist 47887 3000 3
persist 48581 3000 3
persist 50308 3000 3
persist 51063 3000 3
persist 52424 3000 3
persist 74483 4000 4
persist 51926 3000 3
persist 49870 3000 3
persist 52402 3000 3
persist 52320 3000 3
persist 51399 3000 3
persist 53035 3000 3
persist 50555 3000 3
persist 55117 3000 3
persist 51723 3000 3
persist 50515 3000 3
persist 50342 3000 3
persist 50699 3000 3
persist 51797 3000 3
persist 51050 3000 3
persist 55986 3000 3
persist 50636 3000 3
persist 47851 3000 3
write base data version: 97800, memory: 5503639552 bytes (5248.68 MB)
persist 45778 3000 3
persist 49969 3000 3
persist 45883 3000 3
persist 52309 3000 3
persist 42857 2000 2
persist 67815 3000 3
persist 54192 3000 3
persist 52930 3000 3
persist 51522 3000 3
persist 53671 3000 3
persist 53307 3000 3
persist 51514 3000 3
persist 50456 3000 3
persist 49420 3000 3
persist 49795 3000 3
persist 53711 3000 3
persist 51121 3000 3
persist 51746 3000 3
persist 50371 3000 3
persist 54981 3000 3
persist 47182 3000 3
persist 46978 3000 3
persist 44470 3000 3
persist 47170 3000 3
persist 50112 3000 3
persist 53767 3000 3
persist 36704 2000 2
persist 53387 3000 3
persist 51656 3000 3
persist 51297 3000 3
persist 52214 3000 3
persist 52554 3000 3
persist 53864 3000 3
persist 46924 3000 3
write base data version: 97900, memory: 5127757824 bytes (4890.21 MB)
persist 48518 3000 3
persist 45801 3000 3
persist 46263 3000 3
persist 44780 3000 3
persist 46764 3000 3
persist 49407 3000 3
persist 48880 3000 3
persist 49374 3000 3
persist 50803 3000 3
persist 53868 3000 3
persist 53097 3000 3
persist 50260 3000 3
persist 50124 3000 3
persist 49444 3000 3
persist 54871 3000 3
persist 53492 3000 3
persist 52124 3000 3
persist 53545 3000 3
persist 55954 3000 3
persist 49235 3000 3
persist 47261 3000 3
persist 51867 3000 3
persist 50151 3000 3
persist 51730 3000 3
persist 50898 3000 3
persist 51870 3000 3
persist 50293 3000 3
persist 49960 3000 3
persist 49232 3000 3
persist 51486 3000 3
persist 73273 4000 4
persist 52875 3000 3
persist 50975 3000 3
write base data version: 98000, memory: 5277601792 bytes (5033.11 MB)
persist 51019 3000 3
persist 50255 3000 3
persist 48994 3000 3
persist 49671 3000 3
persist 52165 3000 3
persist 77555 4000 4
persist 52551 3000 3
persist 50655 3000 3
persist 51590 3000 3
persist 50579 3000 3
persist 49645 3000 3
persist 49221 3000 3
persist 50987 3000 3
persist 52114 3000 3
persist 51314 3000 3
persist 73692 4000 4
persist 51242 3000 3
persist 52080 3000 3
persist 52230 3000 3
persist 53022 3000 3
persist 54246 3000 3
persist 54551 3000 3
persist 54879 3000 3
persist 52780 3000 3
persist 52113 3000 3
persist 51301 3000 3
persist 54356 3000 3
persist 50847 3000 3
persist 48966 3000 3
persist 50497 3000 3
persist 51492 3000 3
persist 51955 3000 3
write base data version: 98100, memory: 5420298240 bytes (5169.20 MB)
persist 52450 3000 3
persist 50184 3000 3
persist 51850 3000 3
persist 51769 3000 3
persist 51711 3000 3
persist 52598 3000 3
persist 49180 3000 3
persist 46109 3000 3
persist 49149 3000 3
persist 49575 3000 3
persist 46763 3000 3
persist 45544 3000 3
persist 51071 3000 3
persist 50057 3000 3
persist 43594 3000 3
persist 43771 3000 3
persist 46646 3000 3
persist 38335 2000 2
persist 60040 3000 3
persist 60826 3000 3
persist 61400 3000 3
persist 57671 3000 3
persist 53455 3000 3
persist 52907 3000 3
persist 51104 3000 3
persist 51028 3000 3
persist 47369 3000 3
persist 61079 3000 3
persist 35752 2000 2
persist 48493 3000 3
persist 50811 3000 3
persist 50805 3000 3
persist 50514 3000 3
persist 51229 3000 3
write base data version: 98200, memory: 5051670528 bytes (4817.65 MB)
persist 47528 3000 3
persist 45033 3000 3
persist 46836 3000 3
persist 47981 3000 3
persist 37357 2000 2
persist 52581 3000 3
persist 50727 3000 3
persist 50851 3000 3
persist 48496 3000 3
persist 46808 3000 3
persist 45727 3000 3
persist 44865 3000 3
persist 45946 3000 3
persist 49709 3000 3
persist 48005 3000 3
persist 48929 3000 3
persist 50012 3000 3
persist 50558 3000 3
persist 50269 3000 3
persist 51316 3000 3
persist 50738 3000 3
persist 50085 3000 3
persist 49710 3000 3
persist 52215 3000 3
persist 51063 3000 3
persist 50867 3000 3
persist 75234 4000 4
persist 52745 3000 3
persist 51781 3000 3
persist 50489 3000 3
persist 52073 3000 3
persist 50810 3000 3
persist 51780 3000 3
persist 52317 3000 3
write base data version: 98300, memory: 5194559488 bytes (4953.92 MB)
persist 53048 3000 3
persist 50596 3000 3
persist 50286 3000 3
persist 50178 3000 3
persist 50254 3000 3
persist 51257 3000 3
persist 74968 4000 4
persist 48149 3000 3
persist 49592 3000 3
persist 49385 3000 3
persist 48982 3000 3
persist 49484 3000 3
persist 51119 3000 3
persist 50940 3000 3
persist 49887 3000 3
persist 49750 3000 3
persist 49338 3000 3
persist 51658 3000 3
persist 49583 3000 3
persist 49387 3000 3
persist 51108 3000 3
persist 51121 3000 3
persist 49653 3000 3
persist 48891 3000 3
persist 49920 3000 3
persist 50330 3000 3
persist 51161 3000 3
persist 50413 3000 3
persist 49687 3000 3
persist 50575 3000 3
persist 50999 3000 3
persist 52279 3000 3
persist 51864 3000 3
write base data version: 98400, memory: 5337280512 bytes (5090.03 MB)
persist 51724 3000 3
persist 51122 3000 3
persist 50100 3000 3
persist 49841 3000 3
persist 51673 3000 3
persist 52485 3000 3
persist 51311 3000 3
persist 51252 3000 3
persist 50569 3000 3
persist 51356 3000 3
persist 52437 3000 3
persist 51422 3000 3
persist 51337 3000 3
persist 50738 3000 3
persist 51441 3000 3
persist 51169 3000 3
persist 50602 3000 3
persist 52893 3000 3
persist 52239 3000 3
persist 52315 3000 3
persist 51299 3000 3
persist 51757 3000 3
persist 51631 3000 3
persist 52345 3000 3
persist 51245 3000 3
persist 52253 3000 3
persist 53689 3000 3
persist 53164 3000 3
persist 51022 3000 3
persist 51486 3000 3
persist 54442 3000 3
persist 53824 3000 3
persist 54209 3000 3
write base data version: 98500, memory: 5480148992 bytes (5226.28 MB)
persist 50385 3000 3
persist 49540 3000 3
persist 43110 3000 3
persist 48381 3000 3
persist 50146 3000 3
persist 53234 3000 3
persist 54893 3000 3
persist 44131 2000 2
persist 59090 3000 3
persist 50208 3000 3
persist 50748 3000 3
persist 57611 3000 3
persist 52332 3000 3
persist 52687 3000 3
persist 52387 3000 3
persist 49155 3000 3
persist 49088 3000 3
persist 50327 3000 3
persist 48181 3000 3
persist 46609 3000 3
persist 49167 3000 3
persist 54050 3000 3
persist 53008 3000 3
persist 53335 3000 3
persist 52428 3000 3
persist 51567 3000 3
persist 56588 3000 3
persist 55219 3000 3
persist 52554 3000 3
persist 54659 3000 3
persist 55164 3000 3
persist 54373 3000 3
persist 53689 3000 3
persist 52986 3000 3
write base data version: 98600, memory: 5109669888 bytes (4872.96 MB)
persist 51360 3000 3
persist 50582 3000 3
persist 51200 3000 3
persist 52772 3000 3
persist 51192 3000 3
persist 51430 3000 3
persist 54407 3000 3
persist 53809 3000 3
persist 53487 3000 3
persist 53383 3000 3
persist 54256 3000 3
persist 51518 3000 3
persist 52925 3000 3
persist 53907 3000 3
persist 54677 3000 3
persist 52957 3000 3
persist 52641 3000 3
persist 52319 3000 3
persist 53586 3000 3
persist 52076 3000 3
persist 50875 3000 3
persist 46311 3000 3
persist 53473 3000 3
persist 57691 3000 3
persist 58643 3000 3
persist 63002 3000 3
persist 44935 2000 2
persist 61501 3000 3
persist 57093 3000 3
persist 57891 3000 3
persist 53351 3000 3
persist 55341 3000 3
persist 52538 3000 3
write base data version: 98700, memory: 5237694464 bytes (4995.05 MB)
persist 49981 3000 3
persist 50403 3000 3
persist 49849 3000 3
persist 48184 3000 3
persist 51197 3000 3
persist 51491 3000 3
persist 51400 3000 3
persist 52259 3000 3
persist 52534 3000 3
persist 50896 3000 3
persist 52021 3000 3
persist 50186 3000 3
persist 46230 3000 3
persist 44730 3000 3
persist 36023 2000 2
persist 50987 3000 3
persist 52362 3000 3
persist 51750 3000 3
persist 52970 3000 3
persist 51228 3000 3
persist 45042 3000 3
persist 37401 2000 2
persist 52828 3000 3
persist 53825 3000 3
persist 53783 3000 3
persist 50842 3000 3
persist 49105 3000 3
persist 43632 3000 3
persist 44469 3000 3
persist 51849 3000 3
persist 38135 2000 2
persist 52494 3000 3
persist 48226 3000 3
persist 23532 3000 3
persist 23442 2000 2
write base data version: 98800, memory: 5385125888 bytes (5135.66 MB)
persist 23462 3000 3
persist 21599 2000 2
persist 25431 3000 3
persist 25009 2000 2
persist 25024 3000 3
persist 26596 2000 2
persist 25120 3000 3
persist 24182 3000 3
persist 25603 2000 2
persist 26640 3000 3
persist 31240 2000 2
persist 25338 3000 3
persist 25589 2000 2
persist 25409 3000 3
persist 33629 3000 3
persist 25527 2000 2
persist 24461 3000 3
persist 24280 2000 2
persist 25689 3000 3
persist 26540 2000 2
persist 25695 3000 3
persist 47827 3000 3
persist 61333 3000 3
persist 52671 3000 3
persist 52608 3000 3
persist 49940 3000 3
persist 51189 3000 3
persist 50492 3000 3
persist 55158 3000 3
persist 53871 3000 3
persist 53688 3000 3
persist 55179 3000 3
persist 57605 3000 3
persist 51746 3000 3
persist 48085 3000 3
persist 45502 3000 3
write base data version: 98900, memory: 5547708416 bytes (5290.71 MB)
persist 51989 3000 3
persist 53593 3000 3
persist 52247 3000 3
persist 47251 3000 3
persist 31787 2000 2
persist 44596 2000 2
persist 52485 3000 3
persist 60373 3000 3
persist 60156 3000 3
persist 61670 3000 3
persist 61181 3000 3
persist 62180 3000 3
persist 61316 3000 3
persist 62042 3000 3
persist 60366 3000 3
persist 59882 3000 3
persist 59891 3000 3
persist 54085 3000 3
persist 53672 3000 3
persist 53337 3000 3
persist 54348 3000 3
persist 55178 3000 3
persist 53835 3000 3
persist 48715 3000 3
persist 46047 3000 3
persist 54189 3000 3
persist 38573 2000 2
persist 53449 3000 3
persist 52693 3000 3
persist 54701 3000 3
persist 53476 3000 3
persist 54091 3000 3
persist 48290 3000 3
persist 44445 3000 3
persist 46317 3000 3
write base data version: 99000, memory: 5177765888 bytes (4937.90 MB)
persist 43328 3000 3
persist 43723 3000 3
persist 43405 3000 3
persist 50506 3000 3
persist 51560 3000 3
persist 52826 3000 3
persist 54189 3000 3
persist 53088 3000 3
persist 51178 3000 3
persist 53347 3000 3
persist 53944 3000 3
persist 54387 3000 3
persist 54145 3000 3
persist 54247 3000 3
persist 53187 3000 3
persist 54296 3000 3
persist 50147 3000 3
persist 46390 3000 3
persist 44060 3000 3
persist 36911 2000 2
persist 51685 3000 3
persist 51027 3000 3
persist 49898 3000 3
persist 48906 3000 3
persist 49835 3000 3
persist 46300 3000 3
persist 41706 3000 3
persist 41058 3000 3
persist 50195 3000 3
persist 51177 3000 3
persist 52009 3000 3
persist 50623 3000 3
persist 52702 3000 3
write base data version: 99100, memory: 5320441856 bytes (5073.97 MB)
persist 48896 3000 3
persist 47975 3000 3
persist 45290 3000 3
persist 51961 3000 3
persist 51808 3000 3
persist 50971 3000 3
persist 54159 3000 3
persist 54112 3000 3
persist 53124 3000 3
persist 50272 3000 3
persist 51831 3000 3
persist 47615 3000 3
persist 48019 3000 3
persist 47077 3000 3
persist 48102 3000 3
persist 48169 3000 3
persist 48430 3000 3
persist 49838 3000 3
persist 50573 3000 3
persist 49340 3000 3
persist 52267 3000 3
persist 51234 3000 3
persist 50644 3000 3
persist 50147 3000 3
persist 49989 3000 3
persist 50164 3000 3
persist 52069 3000 3
persist 51660 3000 3
persist 52645 3000 3
persist 53175 3000 3
persist 53591 3000 3
persist 52834 3000 3
persist 53671 3000 3
persist 52896 3000 3
write base data version: 99200, memory: 5463724032 bytes (5210.61 MB)
persist 52765 3000 3
persist 54066 3000 3
persist 51773 3000 3
persist 53480 3000 3
persist 44892 3000 3
persist 45948 3000 3
persist 45766 3000 3
persist 49609 3000 3
persist 36874 2000 2
persist 52054 3000 3
persist 49031 3000 3
persist 49931 3000 3
persist 50525 3000 3
persist 49594 3000 3
persist 50924 3000 3
persist 50994 3000 3
persist 53259 3000 3
persist 55117 3000 3
persist 50753 3000 3
persist 50706 3000 3
persist 51212 3000 3
persist 52104 3000 3
persist 50177 3000 3
persist 49107 3000 3
persist 78628 3000 3
persist 59495 3000 3
persist 59991 3000 3
persist 58210 3000 3
persist 60483 3000 3
persist 61132 3000 3
persist 59429 3000 3
persist 58548 3000 3
persist 59629 3000 3
write base data version: 99300, memory: 5092945920 bytes (4857.01 MB)
persist 59149 3000 3
persist 60543 3000 3
persist 61409 3000 3
persist 58008 3000 3
persist 61888 3000 3
persist 57900 3000 3
persist 53904 3000 3
persist 45130 2000 2
persist 62271 3000 3
persist 57328 3000 3
persist 57136 3000 3
persist 58387 3000 3
persist 58277 3000 3
persist 59237 3000 3
persist 58348 3000 3
persist 58115 3000 3
persist 59316 3000 3
persist 50398 3000 3
persist 51336 3000 3
persist 51128 3000 3
persist 51674 3000 3
persist 50471 3000 3
persist 50956 3000 3
persist 52781 3000 3
persist 44811 3000 3
persist 50824 3000 3
persist 36270 2000 2
persist 51234 3000 3
persist 52806 3000 3
persist 53083 3000 3
persist 53682 3000 3
persist 55090 3000 3
persist 54546 3000 3
persist 52916 3000 3
write base data version: 99400, memory: 5221195776 bytes (4979.32 MB)
persist 54109 3000 3
persist 53927 3000 3
persist 52763 3000 3
persist 51713 3000 3
persist 48464 3000 3
persist 51213 3000 3
persist 50460 3000 3
persist 50875 3000 3
persist 50673 3000 3
persist 50980 3000 3
persist 48392 3000 3
persist 42687 3000 3
persist 45065 3000 3
persist 45396 3000 3
persist 50648 3000 3
persist 43005 2000 2
persist 58660 3000 3
persist 58877 3000 3
persist 58232 3000 3
persist 58513 3000 3
persist 58312 3000 3
persist 59403 3000 3
persist 60813 3000 3
persist 60542 3000 3
persist 59896 3000 3
persist 59782 3000 3
persist 60974 3000 3
persist 60521 3000 3
persist 58425 3000 3
persist 59880 3000 3
persist 61446 3000 3
persist 61290 3000 3
persist 60876 3000 3
persist 61775 3000 3
write base data version: 99500, memory: 5363859456 bytes (5115.38 MB)
persist 60433 3000 3
persist 62769 3000 3
persist 58306 3000 3
persist 58739 3000 3
persist 59565 3000 3
persist 51135 3000 3
persist 50965 3000 3
persist 50978 3000 3
persist 52583 3000 3
persist 52713 3000 3
persist 51180 3000 3
persist 51774 3000 3
persist 49914 3000 3
persist 51187 3000 3
persist 53506 3000 3
persist 52086 3000 3
persist 49778 3000 3
persist 51974 3000 3
persist 51523 3000 3
persist 52679 3000 3
persist 52387 3000 3
persist 49788 3000 3
persist 48984 3000 3
persist 51009 3000 3
persist 49033 3000 3
persist 52184 3000 3
persist 51581 3000 3
persist 48436 3000 3
persist 52309 3000 3
persist 50849 3000 3
persist 50200 3000 3
persist 48220 3000 3
persist 46658 3000 3
write base data version: 99600, memory: 5506928640 bytes (5251.82 MB)
persist 46548 3000 3
persist 44571 3000 3
persist 42294 3000 3
persist 45951 3000 3
persist 43009 3000 3
persist 51801 3000 3
persist 36927 2000 2
persist 51217 3000 3
persist 52520 3000 3
persist 48664 3000 3
persist 42855 3000 3
persist 41834 3000 3
persist 43621 3000 3
persist 43638 3000 3
persist 42790 3000 3
persist 44861 3000 3
persist 50698 3000 3
persist 52016 3000 3
persist 52170 3000 3
persist 52105 3000 3
persist 52953 3000 3
persist 51881 3000 3
persist 51359 3000 3
persist 52387 3000 3
persist 50392 3000 3
persist 52033 3000 3
persist 52081 3000 3
persist 49990 3000 3
persist 48465 3000 3
persist 50532 3000 3
persist 51479 3000 3
persist 50633 3000 3
persist 50302 3000 3
persist 50189 3000 3
write base data version: 99700, memory: 5138739200 bytes (4900.68 MB)
persist 51365 3000 3
persist 52110 3000 3
persist 50479 3000 3
persist 51942 3000 3
persist 52207 3000 3
persist 52384 3000 3
persist 52164 3000 3
persist 52857 3000 3
persist 50994 3000 3
persist 49597 3000 3
persist 48993 3000 3
persist 49814 3000 3
persist 47980 3000 3
persist 48814 3000 3
persist 50427 3000 3
persist 49966 3000 3
persist 49593 3000 3
persist 48073 3000 3
persist 48235 3000 3
persist 50675 3000 3
persist 49358 3000 3
persist 50171 3000 3
persist 51251 3000 3
persist 52259 3000 3
persist 50140 3000 3
persist 49495 3000 3
persist 50962 3000 3
persist 50641 3000 3
persist 50932 3000 3
persist 48307 3000 3
persist 50341 3000 3
persist 49129 3000 3
persist 50573 3000 3
write base data version: 99800, memory: 5281595392 bytes (5036.92 MB)
persist 49897 3000 3
persist 51406 3000 3
persist 52218 3000 3
persist 53499 3000 3
persist 51449 3000 3
persist 50116 3000 3
persist 51221 3000 3
persist 45372 3000 3
persist 43800 3000 3
persist 44970 3000 3
persist 44150 3000 3
persist 43529 3000 3
persist 40782 3000 3
persist 41371 3000 3
persist 44300 3000 3
persist 44705 3000 3
persist 40599 3000 3
persist 43250 3000 3
persist 47474 3000 3
persist 46101 3000 3
persist 42395 3000 3
persist 45793 3000 3
persist 47408 3000 3
persist 48056 3000 3
persist 44237 3000 3
persist 45225 3000 3
persist 49493 3000 3
persist 48152 3000 3
persist 44441 3000 3
persist 45638 3000 3
persist 46566 3000 3
persist 44146 3000 3
persist 41088 3000 3
persist 44174 3000 3
write base data version: 99900, memory: 5424467968 bytes (5173.18 MB)
persist 44803 3000 3
persist 41544 3000 3
persist 41310 3000 3
persist 42842 3000 3
persist 46977 3000 3
persist 44885 3000 3
persist 46715 3000 3
persist 48228 3000 3
persist 48541 3000 3
persist 52393 3000 3
persist 52377 3000 3
persist 52795 3000 3
persist 53535 3000 3
persist 54054 3000 3
persist 54143 3000 3
persist 52432 3000 3
persist 54831 3000 3
persist 53404 3000 3
persist 52687 3000 3
persist 47747 3000 3
persist 49693 3000 3
persist 52000 3000 3
persist 51717 3000 3
persist 51364 3000 3
persist 51322 3000 3
persist 52844 3000 3
persist 52141 3000 3
persist 50714 3000 3
persist 51915 3000 3
persist 49147 3000 3
persist 43862 3000 3
persist 54519 3000 3
persist 56410 2000 2
write base data version: 100000, memory: 5054894080 bytes (4820.72 MB)
persist 59386 3000 3
persist 59595 3000 3
tip block: 31624persist 28674 2000 2
----31625
tip block: 31625----31625
Test Results: 
  Total Disk Usage: 170214.78 MB
  Average Per Record: 1784.83 bytes
[test batch write] generate key value
[test batch write] write data
persist 238742 10000 1
[test batch write] flush
tip block: 31626----31626
  Write Throughput: 9050.89 records/sec
  Read Throughput:  28327.80 records/sec
  Current Memory:   5091.75 MB
  Peak Memory:      5315.41 MB
  Memory Per Record: 53.39 bytes

========== Testing at data scale: 200,000,000 ==========
Writing 100000000 incremental records (keys: 100000001-200000000, total: 200000000)
persist 11700 1000 1
persist 38224 2000 2
persist 50179 3000 3
persist 47884 3000 3
persist 46200 3000 3
persist 47413 3000 3
persist 49135 3000 3
persist 50048 3000 3
persist 45115 3000 3
persist 44494 3000 3
persist 49478 3000 3
persist 46343 3000 3
persist 45305 3000 3
persist 53335 3000 3
persist 51829 3000 3
persist 42024 2000 2
persist 51505 3000 3
persist 44147 3000 3
persist 53665 3000 3
persist 45076 2000 2
persist 61501 3000 3
persist 50930 3000 3
persist 41336 2000 2
persist 54314 3000 3
persist 54208 3000 3
persist 45649 3000 3
persist 36543 2000 2
persist 51346 3000 3
persist 51372 3000 3
persist 42855 3000 3
persist 37253 2000 2
persist 52533 3000 3
persist 52221 3000 3
write base data version: 100100, memory: 5479473152 bytes (5225.63 MB)
persist 43261 3000 3
persist 36221 2000 2
persist 50914 3000 3
persist 50361 3000 3
persist 44148 3000 3
persist 42066 2000 2
persist 57176 3000 3
persist 57224 3000 3
persist 44090 3000 3
persist 55034 3000 3
persist 38263 2000 2
persist 51703 3000 3
persist 44277 3000 3
persist 36903 2000 2
persist 51466 3000 3
persist 43595 3000 3
persist 49778 3000 3
persist 37258 2000 2
persist 51810 3000 3
persist 43823 3000 3
persist 36739 2000 2
persist 51530 3000 3
persist 50963 3000 3
persist 53703 3000 3
persist 37525 2000 2
persist 49209 3000 3
persist 51966 3000 3
persist 36220 2000 2
persist 47886 3000 3
persist 52742 3000 3
persist 36683 2000 2
persist 50885 3000 3
persist 44244 3000 3
persist 52671 3000 3
persist 37181 2000 2
persist 52649 3000 3
persist 43056 3000 3
write base data version: 100200, memory: 5624967168 bytes (5364.39 MB)
persist 37050 2000 2
persist 51806 3000 3
persist 53440 3000 3
persist 53612 3000 3
persist 48886 3000 3
persist 48809 3000 3
persist 48908 3000 3
persist 44510 3000 3
persist 51911 3000 3
persist 39132 2000 2
persist 54070 3000 3
persist 53782 3000 3
persist 54160 3000 3
persist 51620 3000 3
persist 50374 3000 3
persist 48004 3000 3
persist 47509 3000 3
persist 48292 3000 3
persist 51180 3000 3
persist 51844 3000 3
persist 44322 2000 2
persist 36672 2000 2
persist 50876 3000 3
persist 51283 3000 3
persist 44284 3000 3
persist 54601 3000 3
persist 38067 2000 2
persist 53626 3000 3
persist 44398 3000 3
persist 46336 3000 3
persist 36171 2000 2
persist 50233 3000 3
persist 51554 3000 3
persist 53655 3000 3
persist 50365 3000 3
write base data version: 100300, memory: 5781954560 bytes (5514.10 MB)
persist 51384 3000 3
persist 38135 2000 2
persist 51561 3000 3
persist 44388 3000 3
persist 47134 3000 3
persist 50145 3000 3
persist 52469 3000 3
persist 35877 2000 2
persist 51637 3000 3
persist 52739 3000 3
persist 51639 3000 3
persist 48452 3000 3
persist 45708 3000 3
persist 36678 2000 2
persist 51049 3000 3
persist 49759 3000 3
persist 49950 3000 3
persist 49149 3000 3
persist 50760 3000 3
persist 50744 3000 3
persist 47524 3000 3
persist 41082 3000 3
persist 42930 3000 3
persist 43112 3000 3
persist 43533 3000 3
persist 43102 3000 3
persist 44878 3000 3
persist 46692 3000 3
persist 47219 3000 3
persist 42548 3000 3
persist 41358 3000 3
persist 44172 3000 3
persist 43321 3000 3
persist 41585 3000 3
persist 43236 3000 3
write base data version: 100400, memory: 5406232576 bytes (5155.79 MB)
persist 41685 3000 3
persist 49700 3000 3
persist 35233 2000 2
persist 52843 3000 3
persist 53768 3000 3
persist 50191 3000 3
persist 51489 3000 3
persist 50489 3000 3
persist 49339 3000 3
persist 47838 3000 3
persist 44753 3000 3
persist 48310 3000 3
persist 51309 3000 3
persist 34307 2000 2
persist 47231 3000 3
persist 48488 3000 3
persist 48441 3000 3
persist 45114 3000 3
persist 42804 3000 3
persist 35085 2000 2
persist 49522 3000 3
persist 50705 3000 3
persist 44522 3000 3
persist 41860 3000 3
persist 49803 3000 3
persist 36621 2000 2
persist 50714 3000 3
persist 49818 3000 3
persist 53148 3000 3
persist 52640 3000 3
persist 49686 3000 3
persist 49845 3000 3
persist 50512 3000 3
persist 49816 3000 3
write base data version: 100500, memory: 5550424064 bytes (5293.30 MB)
persist 50730 3000 3
persist 48667 3000 3
persist 47866 3000 3
persist 49678 3000 3
persist 49422 3000 3
persist 49794 3000 3
persist 48070 3000 3
persist 46889 3000 3
persist 50172 3000 3
persist 49592 3000 3
persist 45732 3000 3
persist 48860 3000 3
persist 49872 3000 3
persist 49860 3000 3
persist 47240 3000 3
persist 46130 3000 3
persist 46862 3000 3
persist 43952 3000 3
persist 41600 3000 3
persist 43673 3000 3
persist 46870 3000 3
persist 45117 3000 3
persist 43998 3000 3
persist 44600 3000 3
persist 46569 3000 3
persist 43741 3000 3
persist 42915 3000 3
persist 43256 3000 3
persist 48075 3000 3
persist 46494 3000 3
persist 42871 3000 3
persist 40774 3000 3
persist 42861 3000 3
persist 41324 3000 3
write base data version: 100600, memory: 5694603264 bytes (5430.80 MB)
persist 53665 3000 3
persist 36714 2000 2
persist 52781 3000 3
persist 52814 3000 3
persist 49539 3000 3
persist 52881 3000 3
persist 50721 3000 3
persist 43136 3000 3
persist 35035 2000 2
persist 58079 3000 3
persist 53348 3000 3
persist 44392 3000 3
persist 46441 3000 3
persist 38652 2000 2
persist 44935 3000 3
persist 43582 3000 3
persist 50910 3000 3
persist 43262 2000 2
persist 52446 3000 3
persist 50864 3000 3
persist 43949 2000 2
persist 59370 3000 3
persist 45665 3000 3
persist 58832 3000 3
persist 43396 2000 2
persist 59968 3000 3
persist 47489 3000 3
persist 42043 2000 2
persist 58840 3000 3
persist 53874 3000 3
persist 44524 3000 3
persist 35848 2000 2
persist 52811 3000 3
persist 50319 3000 3
persist 51058 3000 3
persist 38908 2000 2
write base data version: 100700, memory: 5327749120 bytes (5080.94 MB)
persist 51682 3000 3
persist 47591 3000 3
persist 37258 2000 2
persist 52135 3000 3
persist 44874 3000 3
persist 36888 2000 2
persist 53100 3000 3
persist 54858 3000 3
persist 49415 3000 3
persist 39003 2000 2
persist 53208 3000 3
persist 44310 3000 3
persist 38298 2000 2
persist 54788 3000 3
persist 48686 3000 3
persist 47858 3000 3
persist 37355 2000 2
persist 52283 3000 3
persist 47558 3000 3
persist 37791 2000 2
persist 60135 3000 3
persist 46488 3000 3
persist 37812 2000 2
persist 52129 3000 3
persist 55780 3000 3
persist 53897 3000 3
persist 47225 3000 3
persist 45278 3000 3
persist 50355 3000 3
persist 39739 2000 2
persist 54206 3000 3
persist 53957 3000 3
persist 54698 3000 3
persist 52981 3000 3
persist 46946 3000 3
persist 36438 2000 2
write base data version: 100800, memory: 5487321088 bytes (5233.12 MB)
persist 50709 3000 3
persist 49996 3000 3
persist 51161 3000 3
persist 52085 3000 3
persist 45376 3000 3
persist 49738 3000 3
persist 37677 2000 2
persist 54035 3000 3
persist 54022 3000 3
persist 51985 3000 3
persist 53020 3000 3
persist 46965 3000 3
persist 47746 3000 3
persist 50537 3000 3
persist 51291 3000 3
persist 36930 2000 2
persist 48707 3000 3
persist 51345 3000 3
persist 53038 3000 3
persist 43945 3000 3
persist 49280 3000 3
persist 36347 2000 2
persist 52393 3000 3
persist 52154 3000 3
persist 60855 3000 3
persist 60660 3000 3
persist 61361 3000 3
persist 60780 3000 3
persist 59824 3000 3
persist 58450 3000 3
persist 59031 3000 3
persist 59017 3000 3
persist 58909 3000 3
persist 46329 3000 3
persist 45198 2000 2
write base data version: 100900, memory: 5632536576 bytes (5371.61 MB)
persist 59414 3000 3
persist 48668 3000 3
persist 44468 2000 2
persist 61506 3000 3
persist 60285 3000 3
persist 47471 3000 3
persist 43211 2000 2
persist 54634 3000 3
persist 54080 3000 3
persist 46776 3000 3
persist 60797 3000 3
persist 38340 2000 2
persist 55508 3000 3
persist 51157 3000 3
persist 48721 3000 3
persist 38622 2000 2
persist 52576 3000 3
persist 53350 3000 3
persist 48658 3000 3
persist 49980 3000 3
persist 37673 2000 2
persist 54134 3000 3
persist 48260 3000 3
persist 56698 3000 3
persist 39538 2000 2
persist 56005 3000 3
persist 53750 3000 3
persist 51896 3000 3
persist 36410 2000 2
persist 52135 3000 3
persist 45970 3000 3
persist 51811 3000 3
persist 37480 2000 2
persist 53892 3000 3
persist 58045 3000 3
persist 39577 2000 2
write base data version: 101000, memory: 5788979200 bytes (5520.80 MB)
persist 52744 3000 3
persist 49828 3000 3
persist 52803 3000 3
persist 38340 2000 2
persist 52989 3000 3
persist 44595 3000 3
persist 36814 2000 2
persist 46034 3000 3
persist 35785 2000 2
persist 53666 3000 3
persist 49842 3000 3
persist 49418 3000 3
persist 37816 2000 2
persist 51527 3000 3
persist 52070 3000 3
persist 43590 3000 3
persist 46404 3000 3
persist 46662 3000 3
persist 48508 3000 3
persist 53395 3000 3
persist 51951 3000 3
persist 38596 2000 2
persist 53497 3000 3
persist 52277 3000 3
persist 52758 3000 3
persist 52097 3000 3
persist 52788 3000 3
persist 44739 3000 3
persist 46255 3000 3
persist 52800 3000 3
persist 50606 3000 3
persist 52969 3000 3
persist 51872 3000 3
persist 51960 3000 3
persist 51880 3000 3
write base data version: 101100, memory: 5419642880 bytes (5168.57 MB)
persist 48606 3000 3
persist 46419 3000 3
persist 50941 3000 3
persist 51936 3000 3
persist 49738 3000 3
persist 46654 3000 3
persist 52726 3000 3
persist 53813 3000 3
persist 48344 3000 3
persist 46861 3000 3
persist 51690 3000 3
persist 53399 3000 3
persist 49249 3000 3
persist 51573 3000 3
persist 53255 3000 3
persist 53487 3000 3
persist 53613 3000 3
persist 49210 3000 3
persist 51681 3000 3
persist 46246 3000 3
persist 46396 3000 3
persist 43470 3000 3
persist 43496 3000 3
persist 45811 3000 3
persist 42971 3000 3
persist 40730 3000 3
persist 44766 3000 3
persist 42995 3000 3
persist 42963 3000 3
persist 46463 3000 3
persist 46229 3000 3
persist 47852 3000 3
persist 50361 3000 3
persist 37195 2000 2
write base data version: 101200, memory: 5563768832 bytes (5306.02 MB)
persist 51381 3000 3
persist 51228 3000 3
persist 51268 3000 3
persist 51081 3000 3
persist 48851 3000 3
persist 43471 3000 3
persist 49703 3000 3
persist 37859 2000 2
persist 50999 3000 3
persist 52491 3000 3
persist 47282 3000 3
persist 44732 3000 3
persist 52218 3000 3
persist 37403 2000 2
persist 52043 3000 3
persist 53290 3000 3
persist 47459 3000 3
persist 50525 3000 3
persist 37996 2000 2
persist 52929 3000 3
persist 51970 3000 3
persist 45082 3000 3
persist 47598 3000 3
persist 37830 2000 2
persist 53299 3000 3
persist 52747 3000 3
persist 45189 3000 3
persist 47399 3000 3
persist 37804 2000 2
persist 51738 3000 3
persist 52445 3000 3
persist 43244 3000 3
persist 52083 3000 3
persist 38585 2000 2
persist 54365 3000 3
write base data version: 101300, memory: 5708267520 bytes (5443.83 MB)
persist 50790 3000 3
persist 45744 3000 3
persist 37435 2000 2
persist 53550 3000 3
persist 51602 3000 3
persist 44642 3000 3
persist 53452 3000 3
persist 38563 2000 2
persist 53889 3000 3
persist 53762 3000 3
persist 52475 3000 3
persist 53219 3000 3
persist 53652 3000 3
persist 46537 3000 3
persist 43185 3000 3
persist 47477 3000 3
persist 36800 2000 2
persist 58607 3000 3
persist 60427 3000 3
persist 60948 3000 3
persist 58012 3000 3
persist 56425 3000 3
persist 49111 3000 3
persist 48135 3000 3
persist 42153 2000 2
persist 57349 3000 3
persist 58042 3000 3
persist 52408 3000 3
persist 59900 3000 3
persist 42818 2000 2
persist 58558 3000 3
persist 52401 3000 3
persist 51710 3000 3
persist 44942 3000 3
persist 47042 3000 3
write base data version: 101400, memory: 5340549120 bytes (5093.14 MB)
persist 50998 3000 3
persist 51060 3000 3
persist 43409 2000 2
persist 57973 3000 3
persist 55052 3000 3
persist 55027 3000 3
persist 45525 2000 2
persist 58734 3000 3
persist 57101 3000 3
persist 55260 3000 3
persist 50172 3000 3
persist 45362 3000 3
persist 44158 3000 3
persist 43921 3000 3
persist 46342 3000 3
persist 37786 2000 2
persist 53684 3000 3
persist 53009 3000 3
persist 44547 3000 3
persist 50959 3000 3
persist 37072 2000 2
persist 52902 3000 3
persist 54239 3000 3
persist 44281 3000 3
persist 53843 3000 3
persist 37059 2000 2
persist 58810 3000 3
persist 44796 3000 3
persist 36194 2000 2
persist 53024 3000 3
persist 56209 3000 3
persist 51180 3000 3
persist 36210 2000 2
persist 57086 3000 3
persist 52740 3000 3
persist 50373 3000 3
write base data version: 101500, memory: 5489594368 bytes (5235.29 MB)
persist 46935 3000 3
persist 38459 2000 2
persist 53781 3000 3
persist 53183 3000 3
persist 55847 3000 3
persist 50570 3000 3
persist 45850 3000 3
persist 47652 3000 3
persist 35619 2000 2
persist 50841 3000 3
persist 50162 3000 3
persist 44241 3000 3
persist 50682 3000 3
persist 36990 2000 2
persist 51338 3000 3
persist 50204 3000 3
persist 44688 3000 3
persist 49888 3000 3
persist 36471 2000 2
persist 52478 3000 3
persist 54328 3000 3
persist 44742 3000 3
persist 52174 3000 3
persist 37644 2000 2
persist 51810 3000 3
persist 44138 3000 3
persist 52719 3000 3
persist 36208 2000 2
persist 51550 3000 3
persist 52081 3000 3
persist 55168 3000 3
persist 44862 2000 2
persist 54326 3000 3
persist 58927 3000 3
persist 44146 3000 3
persist 38424 2000 2
write base data version: 101600, memory: 5633699840 bytes (5372.71 MB)
persist 51428 3000 3
persist 53327 3000 3
persist 49825 3000 3
persist 52844 3000 3
persist 37544 2000 2
persist 52050 3000 3
persist 51435 3000 3
persist 53567 3000 3
persist 43696 3000 3
persist 46271 3000 3
persist 47960 3000 3
persist 41814 2000 2
persist 58686 3000 3
persist 60049 3000 3
persist 51416 3000 3
persist 52019 3000 3
persist 39479 2000 2
persist 52773 3000 3
persist 51196 3000 3
persist 52648 3000 3
persist 47807 3000 3
persist 46701 3000 3
persist 36162 2000 2
persist 51973 3000 3
persist 47663 3000 3
persist 44948 3000 3
persist 54292 3000 3
persist 57424 3000 3
persist 53261 3000 3
persist 49866 3000 3
persist 54217 3000 3
persist 60963 3000 3
persist 57831 3000 3
persist 50567 3000 3
persist 39445 2000 2
write base data version: 101700, memory: 5795430400 bytes (5526.95 MB)
persist 55159 3000 3
persist 59595 3000 3
persist 63903 3000 3
persist 56215 3000 3
persist 51757 3000 3
persist 42332 2000 2
persist 62376 3000 3
persist 54175 3000 3
persist 51691 3000 3
persist 54728 3000 3
persist 42130 2000 2
persist 59463 3000 3
persist 46505 3000 3
persist 39492 2000 2
persist 50355 3000 3
persist 54437 3000 3
persist 36526 2000 2
persist 50004 3000 3
persist 46006 3000 3
persist 36778 2000 2
persist 54007 3000 3
persist 47082 3000 3
persist 58055 3000 3
persist 44618 2000 2
persist 55194 3000 3
persist 50410 3000 3
persist 37919 2000 2
persist 54197 3000 3
persist 46888 3000 3
persist 54884 3000 3
persist 38753 2000 2
persist 54507 3000 3
persist 47196 3000 3
persist 53862 3000 3
persist 44363 2000 2
persist 46917 3000 3
write base data version: 101800, memory: 5452509184 bytes (5199.92 MB)
persist 59940 3000 3
persist 57888 3000 3
persist 93483 5000 5
persist 122162 7000 7
persist 127379 7000 7
persist 145158 8000 8
persist 131493 7000 7
persist 68992 4000 4
persist 53901 3000 3
persist 56614 3000 3
persist 54900 3000 3
persist 48258 3000 3
persist 40686 2000 2
persist 57401 3000 3
persist 59493 3000 3
persist 47009 3000 3
persist 40420 2000 2
persist 55700 3000 3
persist 52660 3000 3
persist 47739 3000 3
persist 35617 2000 2
persist 52912 3000 3
persist 48066 3000 3
persist 46420 3000 3
persist 51627 3000 3
persist 37228 2000 2
persist 51559 3000 3
persist 52181 3000 3
write base data version: 101900, memory: 5594386432 bytes (5335.22 MB)
persist 52683 3000 3
persist 44037 3000 3
persist 46048 3000 3
persist 44619 3000 3
persist 47888 3000 3
persist 43501 3000 3
persist 49895 3000 3
persist 48583 3000 3
persist 46256 3000 3
persist 45960 3000 3
persist 50019 3000 3
persist 51329 3000 3
persist 52670 3000 3
persist 36782 2000 2
persist 51381 3000 3
persist 52919 3000 3
persist 52086 3000 3
persist 50185 3000 3
persist 43026 3000 3
persist 46147 3000 3
persist 49946 3000 3
persist 48293 3000 3
persist 45208 3000 3
persist 48327 3000 3
persist 48797 3000 3
persist 49583 3000 3
persist 46464 3000 3
persist 51845 3000 3
persist 49545 3000 3
persist 49908 3000 3
persist 47767 3000 3
persist 48566 3000 3
persist 50006 3000 3
persist 50762 3000 3
write base data version: 102000, memory: 5738754048 bytes (5472.90 MB)
persist 45977 3000 3
persist 46324 3000 3
persist 46045 3000 3
persist 46236 3000 3
persist 42285 3000 3
persist 42091 3000 3
persist 43938 3000 3
persist 43823 3000 3
persist 42253 3000 3
persist 45164 3000 3
persist 47833 3000 3
persist 49981 3000 3
persist 36460 2000 2
persist 52364 3000 3
persist 51727 3000 3
persist 51653 3000 3
persist 52639 3000 3
persist 51430 3000 3
persist 51083 3000 3
persist 49849 3000 3
persist 43182 3000 3
persist 36091 2000 2
persist 51569 3000 3
persist 54409 3000 3
persist 46194 3000 3
persist 52178 3000 3
persist 36352 2000 2
persist 51696 3000 3
persist 44127 3000 3
persist 47375 3000 3
persist 36045 2000 2
persist 52417 3000 3
persist 51978 3000 3
persist 75091 3000 3
persist 49597 3000 3
write base data version: 102100, memory: 5369409536 bytes (5120.67 MB)
persist 38293 2000 2
persist 54212 3000 3
persist 50319 3000 3
persist 48963 3000 3
persist 37656 2000 2
persist 52266 3000 3
persist 53006 3000 3
persist 47477 3000 3
persist 39699 2000 2
persist 51048 3000 3
persist 49665 3000 3
persist 48095 3000 3
persist 39684 2000 2
persist 51085 3000 3
persist 54198 3000 3
persist 52807 3000 3
persist 50779 3000 3
persist 43034 3000 3
persist 54823 3000 3
persist 37552 2000 2
persist 53039 3000 3
persist 43069 3000 3
persist 48491 3000 3
persist 49606 3000 3
persist 38450 2000 2
persist 52913 3000 3
persist 53210 3000 3
persist 54045 3000 3
persist 46934 3000 3
persist 48376 3000 3
persist 37959 2000 2
persist 54094 3000 3
persist 51991 3000 3
persist 52275 3000 3
persist 51668 3000 3
write base data version: 102200, memory: 5514133504 bytes (5258.69 MB)
persist 51405 3000 3
persist 56060 3000 3
persist 58809 3000 3
persist 59302 3000 3
persist 60065 3000 3
persist 54587 3000 3
persist 52642 3000 3
persist 46470 3000 3
persist 48202 3000 3
persist 48113 3000 3
persist 47665 3000 3
persist 37931 2000 2
persist 50006 3000 3
persist 50571 3000 3
persist 52777 3000 3
persist 49826 3000 3
persist 37853 2000 2
persist 52204 3000 3
persist 51727 3000 3
persist 46083 3000 3
persist 49340 3000 3
persist 36964 2000 2
persist 53413 3000 3
persist 54176 3000 3
persist 54856 3000 3
persist 37305 2000 2
persist 53448 3000 3
persist 56399 3000 3
persist 44400 3000 3
persist 38188 2000 2
persist 53823 3000 3
persist 53446 3000 3
persist 51419 3000 3
persist 42782 3000 3
persist 49466 3000 3
persist 36331 2000 2
write base data version: 102300, memory: 5646929920 bytes (5385.33 MB)
persist 52909 3000 3
persist 53551 3000 3
persist 44770 3000 3
persist 49641 3000 3
persist 37377 2000 2
persist 51732 3000 3
persist 44833 3000 3
persist 49406 3000 3
persist 38089 2000 2
persist 53334 3000 3
persist 52911 3000 3
persist 45263 3000 3
persist 54406 3000 3
persist 37042 2000 2
persist 50226 3000 3
persist 42545 3000 3
persist 43650 3000 3
persist 49300 3000 3
persist 37649 2000 2
persist 53234 3000 3
persist 44101 3000 3
persist 51615 3000 3
persist 39495 2000 2
persist 50388 3000 3
persist 53299 3000 3
persist 37751 2000 2
persist 53808 3000 3
persist 46534 3000 3
persist 37986 2000 2
persist 52258 3000 3
persist 52341 3000 3
persist 47837 3000 3
persist 38147 2000 2
persist 53419 3000 3
persist 47092 3000 3
persist 54174 3000 3
write base data version: 102400, memory: 5793034240 bytes (5524.67 MB)
persist 38841 2000 2
persist 52409 3000 3
persist 51120 3000 3
persist 38346 2000 2
persist 56683 3000 3
persist 44303 3000 3
persist 36011 2000 2
persist 52189 3000 3
persist 44177 3000 3
persist 36211 2000 2
persist 45011 3000 3
persist 38180 3000 3
persist 32114 2000 2
persist 24611 3000 3
persist 17612 2000 2
persist 37670 2000 2
persist 54428 3000 3
persist 53457 3000 3
persist 47309 3000 3
persist 47324 3000 3
persist 33379 2000 2
persist 36980 2000 2
persist 52303 3000 3
persist 48903 3000 3
persist 47041 3000 3
persist 50877 3000 3
persist 51598 3000 3
persist 38596 2000 2
persist 51764 3000 3
persist 50220 3000 3
persist 51565 3000 3
persist 51461 3000 3
persist 50671 3000 3
persist 50178 3000 3
persist 49836 3000 3
persist 46122 3000 3
write base data version: 102500, memory: 5445914624 bytes (5193.63 MB)
persist 42677 3000 3
persist 44847 3000 3
persist 49397 3000 3
persist 47000 3000 3
persist 43980 3000 3
persist 43806 3000 3
persist 50629 3000 3
persist 46814 3000 3
persist 44254 3000 3
persist 51103 3000 3
persist 36857 2000 2
persist 52534 3000 3
persist 52421 3000 3
persist 52707 3000 3
persist 48473 3000 3
persist 43298 3000 3
persist 49610 3000 3
persist 38209 2000 2
persist 52839 3000 3
persist 52970 3000 3
persist 45739 3000 3
persist 50955 3000 3
persist 37303 2000 2
persist 51832 3000 3
persist 53899 3000 3
persist 52042 3000 3
persist 49241 3000 3
persist 44982 3000 3
persist 41975 3000 3
persist 43598 3000 3
persist 53911 3000 3
persist 38054 2000 2
persist 52263 3000 3
persist 50670 3000 3
persist 50186 3000 3
write base data version: 102600, memory: 5589991424 bytes (5331.03 MB)
persist 48191 3000 3
persist 45045 3000 3
persist 35540 2000 2
persist 48496 3000 3
persist 51471 3000 3
persist 51925 3000 3
persist 43642 3000 3
persist 49829 3000 3
persist 35918 2000 2
persist 49797 3000 3
persist 52002 3000 3
persist 49489 3000 3
persist 47458 3000 3
persist 36907 2000 2
persist 52679 3000 3
persist 51210 3000 3
persist 50772 3000 3
persist 42395 3000 3
persist 41185 3000 3
persist 40908 3000 3
persist 44877 3000 3
persist 35084 2000 2
persist 50088 3000 3
persist 50726 3000 3
persist 49845 3000 3
persist 45008 3000 3
persist 35758 2000 2
persist 49331 3000 3
persist 50423 3000 3
persist 43721 3000 3
persist 43766 3000 3
persist 45413 3000 3
persist 51179 3000 3
persist 35039 2000 2
persist 49133 3000 3
write base data version: 102700, memory: 5734334464 bytes (5468.69 MB)
persist 50681 3000 3
persist 42594 3000 3
persist 51781 3000 3
persist 36543 2000 2
persist 51071 3000 3
persist 52645 3000 3
persist 49969 3000 3
persist 47911 3000 3
persist 37755 2000 2
persist 52819 3000 3
persist 53903 3000 3
persist 53202 3000 3
persist 52551 3000 3
persist 49962 3000 3
persist 42604 3000 3
persist 41478 3000 3
persist 41242 3000 3
persist 45119 3000 3
persist 46168 3000 3
persist 48862 3000 3
persist 45428 3000 3
persist 49878 3000 3
persist 48963 3000 3
persist 47160 3000 3
persist 44422 3000 3
persist 42187 3000 3
persist 43169 3000 3
persist 42711 3000 3
persist 52281 3000 3
persist 36172 2000 2
persist 59960 3000 3
persist 61337 3000 3
persist 61770 3000 3
persist 46285 3000 3
persist 52007 3000 3
write base data version: 102800, memory: 5882257408 bytes (5609.76 MB)
persist 42309 2000 2
persist 58715 3000 3
persist 58185 3000 3
persist 56510 3000 3
persist 65434 3000 3
persist 43489 2000 2
persist 60280 3000 3
persist 53602 3000 3
persist 52618 3000 3
persist 44409 2000 2
persist 59819 3000 3
persist 60747 3000 3
persist 57241 3000 3
persist 61241 3000 3
persist 44120 2000 2
persist 56093 3000 3
persist 53620 3000 3
persist 37106 2000 2
persist 52011 3000 3
persist 43689 3000 3
persist 36635 2000 2
persist 52615 3000 3
persist 53660 3000 3
persist 43533 3000 3
persist 52290 3000 3
persist 36489 2000 2
persist 52080 3000 3
persist 55421 3000 3
persist 48058 3000 3
persist 52812 3000 3
persist 35876 2000 2
persist 51161 3000 3
persist 43765 3000 3
persist 50032 3000 3
persist 43133 2000 2
persist 57908 3000 3
write base data version: 102900, memory: 5511180288 bytes (5255.87 MB)
persist 57860 3000 3
persist 49422 3000 3
persist 42610 2000 2
persist 58369 3000 3
persist 57820 3000 3
persist 58608 3000 3
persist 51960 3000 3
persist 47361 3000 3
persist 43559 2000 2
persist 59067 3000 3
persist 49449 3000 3
persist 52974 3000 3
persist 44383 2000 2
persist 60359 3000 3
persist 60675 3000 3
persist 61003 3000 3
persist 62202 3000 3
persist 60255 3000 3
persist 61279 3000 3
persist 57816 3000 3
persist 50861 3000 3
persist 45917 3000 3
persist 43293 2000 2
persist 58648 3000 3
persist 60000 3000 3
persist 47952 3000 3
persist 59656 3000 3
persist 43773 2000 2
persist 59510 3000 3
persist 60626 3000 3
persist 57803 3000 3
persist 47501 3000 3
persist 45713 3000 3
persist 47589 3000 3
persist 42507 2000 2
write base data version: 103000, memory: 5640683520 bytes (5379.38 MB)
persist 51645 3000 3
persist 51342 3000 3
persist 49802 3000 3
persist 51616 3000 3
persist 42079 3000 3
persist 47369 3000 3
persist 50077 3000 3
persist 27553 2000 2
persist 39623 3000 3
persist 36822 3000 3
persist 40786 3000 3
persist 26768 2000 2
persist 38270 3000 3
persist 38386 3000 3
persist 27271 2000 2
persist 39974 3000 3
persist 36662 3000 3
persist 26863 2000 2
persist 37661 3000 3
persist 39771 3000 3
persist 26091 2000 2
persist 38588 3000 3
persist 39788 3000 3
persist 27191 2000 2
persist 39889 3000 3
persist 37000 3000 3
persist 41755 3000 3
persist 34999 2000 2
persist 53473 3000 3
persist 44689 3000 3
persist 56284 3000 3
persist 38454 2000 2
persist 54365 3000 3
persist 60092 3000 3
persist 49329 3000 3
persist 43588 2000 2
persist 58554 3000 3
write base data version: 103100, memory: 5790949376 bytes (5522.68 MB)
persist 58335 3000 3
persist 52550 3000 3
persist 50099 3000 3
persist 43399 2000 2
persist 57901 3000 3
persist 60791 3000 3
persist 45266 3000 3
persist 44432 2000 2
persist 61743 3000 3
persist 59998 3000 3
persist 61819 3000 3
persist 44602 3000 3
persist 41873 2000 2
persist 58097 3000 3
persist 59985 3000 3
persist 50654 3000 3
persist 44503 2000 2
persist 62895 3000 3
persist 63184 3000 3
persist 44484 3000 3
persist 42510 2000 2
persist 51777 3000 3
persist 52470 3000 3
persist 46804 3000 3
persist 38365 2000 2
persist 44509 3000 3
persist 36401 2000 2
persist 52433 3000 3
persist 51027 3000 3
persist 51819 3000 3
persist 36032 2000 2
persist 51395 3000 3
persist 47695 3000 3
persist 51626 3000 3
persist 36530 2000 2
persist 51125 3000 3
write base data version: 103200, memory: 5413752832 bytes (5162.96 MB)
persist 49126 3000 3
persist 38493 2000 2
persist 54541 3000 3
persist 47138 3000 3
persist 38241 2000 2
persist 51335 3000 3
persist 46662 3000 3
persist 35652 2000 2
persist 51701 3000 3
persist 52638 3000 3
persist 44916 3000 3
persist 37521 2000 2
persist 51716 3000 3
persist 49198 3000 3
persist 49043 3000 3
persist 37562 2000 2
persist 52396 3000 3
persist 45008 3000 3
persist 38217 2000 2
persist 51914 3000 3
persist 44294 3000 3
persist 37838 2000 2
persist 59788 3000 3
persist 47752 3000 3
persist 37709 2000 2
persist 54083 3000 3
persist 46575 3000 3
persist 54622 3000 3
persist 37417 2000 2
persist 53884 3000 3
persist 48446 3000 3
persist 49469 3000 3
persist 48423 3000 3
persist 49230 3000 3
persist 50551 3000 3
persist 53844 3000 3
write base data version: 103300, memory: 5573017600 bytes (5314.84 MB)
persist 52841 3000 3
persist 51544 3000 3
persist 53886 3000 3
persist 54590 3000 3
persist 54044 3000 3
persist 45234 3000 3
persist 47444 3000 3
persist 49510 3000 3
persist 45364 3000 3
persist 55871 3000 3
persist 44404 2000 2
persist 59893 3000 3
persist 60034 3000 3
persist 59471 3000 3
persist 59200 3000 3
persist 58051 3000 3
persist 59464 3000 3
persist 61871 3000 3
persist 60991 3000 3
persist 58533 3000 3
persist 58766 3000 3
persist 59218 3000 3
persist 51716 3000 3
persist 44122 3000 3
persist 48164 3000 3
persist 50309 3000 3
persist 36581 2000 2
persist 52032 3000 3
persist 51828 3000 3
persist 51659 3000 3
persist 56465 3000 3
persist 58306 3000 3
persist 53523 3000 3
persist 52519 3000 3
write base data version: 103400, memory: 5735198720 bytes (5469.51 MB)
persist 46957 3000 3
persist 59844 3000 3
persist 43222 2000 2
persist 58449 3000 3
persist 59836 3000 3
persist 58695 3000 3
persist 58470 3000 3
persist 58499 3000 3
persist 59589 3000 3
persist 51653 3000 3
persist 50360 3000 3
persist 45777 3000 3
persist 60395 3000 3
persist 42358 2000 2
persist 59301 3000 3
persist 58116 3000 3
persist 59810 3000 3
persist 58715 3000 3
persist 59171 3000 3
persist 56410 3000 3
persist 59761 3000 3
persist 59242 3000 3
persist 57888 3000 3
persist 58056 3000 3
persist 57986 3000 3
persist 52341 3000 3
persist 53063 3000 3
persist 53815 3000 3
persist 53174 3000 3
persist 54280 3000 3
persist 54606 3000 3
persist 54094 3000 3
persist 50704 3000 3
persist 44445 3000 3
write base data version: 103500, memory: 5897814016 bytes (5624.59 MB)
persist 47803 3000 3
persist 37233 2000 2
persist 54433 3000 3
persist 59861 3000 3
persist 58697 3000 3
persist 54412 3000 3
persist 39387 2000 2
persist 54746 3000 3
persist 53767 3000 3
persist 53780 3000 3
persist 48552 3000 3
persist 44844 3000 3
persist 51137 2000 2
persist 53519 3000 3
persist 53571 3000 3
persist 46392 3000 3
persist 60337 2000 2
persist 48687 3000 3
persist 51845 3000 3
persist 38683 2000 2
persist 54286 3000 3
persist 58267 2000 2
persist 110582 3000 3
persist 39113 2000 2
persist 54523 3000 3
persist 54411 3000 3
persist 51858 3000 3
persist 53026 3000 3
persist 39596 2000 2
persist 54069 3000 3
persist 59467 3000 3
persist 54824 3000 3
persist 53337 3000 3
persist 55412 3000 3
persist 46666 3000 3
persist 51211 3000 3
persist 37673 2000 2
write base data version: 103600, memory: 5553131520 bytes (5295.88 MB)
persist 52551 3000 3
persist 55002 3000 3
persist 60880 3000 3
persist 61102 3000 3
persist 60651 3000 3
persist 47070 3000 3
persist 39337 2000 2
persist 55664 3000 3
persist 60076 3000 3
persist 53149 3000 3
persist 37952 2000 2
persist 54931 3000 3
persist 54318 3000 3
persist 50390 3000 3
persist 50501 2000 2
persist 11470 2000 2
persist 17165 3000 3
persist 11585 2000 2
persist 17386 3000 3
persist 16865 3000 3
persist 28098 2000 2
persist 19018 3000 3
persist 17261 3000 3
persist 11275 2000 2
persist 16794 3000 3
persist 11931 2000 2
persist 19606 3000 3
persist 19062 3000 3
persist 14058 2000 2
persist 21280 3000 3
persist 20462 3000 3
persist 20189 3000 3
persist 14031 2000 2
persist 20439 3000 3
persist 20375 3000 3
persist 20268 3000 3
persist 14348 2000 2
write base data version: 103700, memory: 5630255104 bytes (5369.43 MB)
persist 20354 3000 3
persist 21854 3000 3
persist 13993 2000 2
persist 19895 3000 3
persist 22236 3000 3
persist 13943 2000 2
persist 20839 3000 3
persist 20630 3000 3
persist 19541 3000 3
persist 20463 3000 3
persist 20321 3000 3
persist 19530 3000 3
persist 19647 3000 3
persist 10282 2000 2
persist 8347 3000 3
persist 9253 3000 3
persist 6143 2000 2
persist 7858 3000 3
persist 5367 2000 2
persist 7868 3000 3
persist 5512 2000 2
persist 7947 3000 3
persist 7848 3000 3
persist 11896 2000 2
persist 20407 3000 3
persist 20516 3000 3
persist 20323 3000 3
persist 20517 3000 3
persist 20778 3000 3
persist 20802 3000 3
persist 20843 3000 3
persist 20955 3000 3
persist 20902 3000 3
persist 20727 3000 3
persist 18815 3000 3
persist 19217 3000 3
write base data version: 103800, memory: 5583814656 bytes (5325.14 MB)
persist 12528 2000 2
persist 18045 3000 3
persist 18383 3000 3
persist 18155 3000 3
persist 18554 3000 3
persist 17757 3000 3
persist 17684 3000 3
persist 18214 3000 3
persist 12003 2000 2
persist 18485 3000 3
persist 18254 3000 3
persist 17902 3000 3
persist 18797 3000 3
persist 18763 3000 3
persist 12776 2000 2
persist 18845 3000 3
persist 18791 3000 3
persist 18728 3000 3
persist 12632 2000 2
persist 18826 3000 3
persist 18953 3000 3
persist 18711 3000 3
persist 12788 2000 2
persist 18966 3000 3
persist 18686 3000 3
persist 18732 3000 3
persist 12369 2000 2
persist 18713 3000 3
persist 19751 3000 3
persist 19857 3000 3
persist 20527 3000 3
persist 20682 3000 3
persist 20563 3000 3
persist 20741 3000 3
persist 20592 3000 3
write base data version: 103900, memory: 5583814656 bytes (5325.14 MB)
persist 13980 2000 2
persist 20409 3000 3
persist 20326 3000 3
persist 20511 3000 3
persist 20388 3000 3
persist 20785 3000 3
persist 20713 3000 3
persist 20882 3000 3
persist 21466 3000 3
persist 20876 3000 3
persist 20893 3000 3
persist 17969 3000 3
persist 12689 2000 2
persist 17910 3000 3
persist 18421 3000 3
persist 18166 3000 3
persist 18108 3000 3
persist 19184 3000 3
persist 18898 3000 3
persist 19473 3000 3
persist 12778 2000 2
persist 18911 3000 3
persist 18793 3000 3
persist 18658 3000 3
persist 18753 3000 3
persist 12674 2000 2
persist 18834 3000 3
persist 18487 3000 3
persist 18165 3000 3
persist 18063 3000 3
persist 18383 3000 3
persist 12311 2000 2
persist 18405 3000 3
persist 18103 3000 3
persist 18110 3000 3
write base data version: 104000, memory: 5583958016 bytes (5325.28 MB)
persist 19228 3000 3
persist 18828 3000 3
persist 19678 3000 3
persist 18922 3000 3
persist 20356 3000 3
persist 13264 2000 2
persist 19429 3000 3
persist 19740 3000 3
persist 19209 3000 3
persist 19666 3000 3
persist 20557 3000 3
persist 20859 3000 3
persist 20887 3000 3
persist 13613 2000 2
persist 18717 3000 3
persist 18214 3000 3
persist 18835 3000 3
persist 17941 3000 3
persist 17999 3000 3
persist 17834 3000 3
persist 18921 3000 3
persist 12405 2000 2
persist 17934 3000 3
persist 18175 3000 3
persist 18467 3000 3
persist 17867 3000 3
persist 18836 3000 3
persist 12653 2000 2
persist 18726 3000 3
persist 19063 3000 3
persist 18900 3000 3
persist 12694 2000 2
persist 18823 3000 3
persist 19267 3000 3
persist 18746 3000 3
write base data version: 104100, memory: 5583958016 bytes (5325.28 MB)
persist 12650 2000 2
persist 18987 3000 3
persist 19100 3000 3
persist 18771 3000 3
persist 22143 3000 3
persist 14096 2000 2
persist 19861 3000 3
persist 19861 3000 3
persist 20442 3000 3
persist 19596 3000 3
persist 19167 3000 3
persist 13502 2000 2
persist 19266 3000 3
persist 19367 3000 3
persist 19046 3000 3
persist 19137 3000 3
persist 19030 3000 3
persist 21480 3000 3
persist 13730 2000 2
persist 20079 3000 3
persist 19740 3000 3
persist 19155 3000 3
persist 19080 3000 3
persist 18962 3000 3
persist 21049 3000 3
persist 20979 3000 3
persist 21324 3000 3
persist 13554 2000 2
persist 20214 3000 3
persist 20158 3000 3
persist 19192 3000 3
persist 18140 3000 3
persist 19134 3000 3
persist 18662 3000 3
persist 18734 3000 3
write base data version: 104200, memory: 5583958016 bytes (5325.28 MB)
persist 12576 2000 2
persist 18188 3000 3
persist 18850 3000 3
persist 17750 3000 3
persist 18083 3000 3
persist 20270 3000 3
persist 12965 2000 2
persist 18883 3000 3
persist 18914 3000 3
persist 18911 3000 3
persist 12759 2000 2
persist 18830 3000 3
persist 18907 3000 3
persist 18816 3000 3
persist 12707 2000 2
persist 18057 3000 3
persist 18112 3000 3
persist 18038 3000 3
persist 18922 3000 3
persist 17944 3000 3
persist 19129 3000 3
persist 12118 2000 2
persist 18375 3000 3
persist 18837 3000 3
persist 17886 3000 3
persist 19408 3000 3
persist 20663 3000 3
persist 20094 3000 3
persist 19806 3000 3
persist 13435 2000 2
persist 19340 3000 3
persist 19708 3000 3
persist 19300 3000 3
persist 19972 3000 3
persist 20194 3000 3
write base data version: 104300, memory: 5583958016 bytes (5325.28 MB)
persist 20309 3000 3
persist 18650 3000 3
persist 17767 3000 3
persist 18224 3000 3
persist 19787 3000 3
persist 13362 2000 2
persist 20397 3000 3
persist 20263 3000 3
persist 20071 3000 3
persist 20351 3000 3
persist 20777 3000 3
persist 20685 3000 3
persist 20940 3000 3
persist 21009 3000 3
persist 21153 3000 3
persist 22190 3000 3
persist 20992 3000 3
persist 21031 3000 3
persist 13903 2000 2
persist 20285 3000 3
persist 19896 3000 3
persist 18501 3000 3
persist 18872 3000 3
persist 20372 3000 3
persist 20672 3000 3
persist 20804 3000 3
persist 21096 3000 3
persist 20917 3000 3
persist 20812 3000 3
persist 21097 3000 3
persist 20751 3000 3
persist 21681 3000 3
persist 21453 3000 3
persist 22009 3000 3
write base data version: 104400, memory: 5583958016 bytes (5325.28 MB)
persist 20777 3000 3
persist 14018 2000 2
persist 20139 3000 3
persist 20163 3000 3
persist 20120 3000 3
persist 20036 3000 3
persist 19192 3000 3
persist 19723 3000 3
persist 19306 3000 3
persist 20597 3000 3
persist 13281 2000 2
persist 19934 3000 3
persist 19305 3000 3
persist 19139 3000 3
persist 19972 3000 3
persist 19155 3000 3
persist 18019 3000 3
persist 18804 3000 3
persist 18197 3000 3
persist 18121 3000 3
persist 18662 3000 3
persist 12792 2000 2
persist 18110 3000 3
persist 18262 3000 3
persist 18039 3000 3
persist 17866 3000 3
persist 18243 3000 3
persist 17715 3000 3
persist 17892 3000 3
persist 13062 2000 2
persist 19352 3000 3
persist 18900 3000 3
persist 18796 3000 3
persist 19828 3000 3
persist 13099 2000 2
write base data version: 104500, memory: 5583958016 bytes (5325.28 MB)
persist 18742 3000 3
persist 19488 3000 3
persist 18822 3000 3
persist 19502 3000 3
persist 19053 3000 3
persist 20749 3000 3
persist 13208 2000 2
persist 17914 3000 3
persist 18937 3000 3
persist 18226 3000 3
persist 18237 3000 3
persist 18224 3000 3
persist 18061 3000 3
persist 17898 3000 3
persist 18010 3000 3
persist 12324 2000 2
persist 19162 3000 3
persist 18059 3000 3
persist 18718 3000 3
persist 18761 3000 3
persist 18895 3000 3
persist 12744 2000 2
persist 18696 3000 3
persist 18676 3000 3
persist 18667 3000 3
persist 19261 3000 3
persist 13664 2000 2
persist 20079 3000 3
persist 20543 3000 3
persist 20744 3000 3
persist 20490 3000 3
persist 18953 3000 3
persist 13578 2000 2
persist 19945 3000 3
persist 20263 3000 3
write base data version: 104600, memory: 5583958016 bytes (5325.28 MB)
persist 18665 3000 3
persist 19490 3000 3
persist 20777 3000 3
persist 13085 2000 2
persist 18878 3000 3
persist 19082 3000 3
persist 18799 3000 3
persist 12725 2000 2
persist 18858 3000 3
persist 18126 3000 3
persist 18446 3000 3
persist 18859 3000 3
persist 18048 3000 3
persist 18219 3000 3
persist 12250 2000 2
persist 17954 3000 3
persist 19841 3000 3
persist 20188 3000 3
persist 19825 3000 3
persist 18012 3000 3
persist 18455 3000 3
persist 18307 3000 3
persist 13557 2000 2
persist 19989 3000 3
persist 20347 3000 3
persist 20095 3000 3
persist 20277 3000 3
persist 20640 3000 3
persist 20888 3000 3
persist 20880 3000 3
persist 20649 3000 3
persist 20782 3000 3
persist 20755 3000 3
persist 19641 3000 3
persist 12702 2000 2
write base data version: 104700, memory: 5583958016 bytes (5325.28 MB)
persist 18752 3000 3
persist 18793 3000 3
persist 18857 3000 3
persist 17975 3000 3
persist 17718 3000 3
persist 12188 2000 2
persist 18709 3000 3
persist 18492 3000 3
persist 18128 3000 3
persist 18205 3000 3
persist 18949 3000 3
persist 17859 3000 3
persist 18371 3000 3
persist 12065 2000 2
persist 18813 3000 3
persist 18945 3000 3
persist 17872 3000 3
persist 18331 3000 3
persist 17909 3000 3
persist 18897 3000 3
persist 18002 3000 3
persist 17784 3000 3
persist 18201 3000 3
persist 18749 3000 3
persist 18295 3000 3
persist 19022 3000 3
persist 12009 2000 2
persist 18815 3000 3
persist 17979 3000 3
persist 18207 3000 3
persist 17992 3000 3
persist 18527 3000 3
persist 12657 2000 2
persist 18833 3000 3
persist 19071 3000 3
write base data version: 104800, memory: 5583958016 bytes (5325.28 MB)
persist 18739 3000 3
persist 18155 3000 3
persist 17963 3000 3
persist 17980 3000 3
persist 18125 3000 3
persist 18935 3000 3
persist 12301 2000 2
persist 18099 3000 3
persist 18148 3000 3
persist 18103 3000 3
persist 18548 3000 3
persist 18305 3000 3
persist 17980 3000 3
persist 18437 3000 3
persist 12730 2000 2
persist 18942 3000 3
persist 18334 3000 3
persist 18174 3000 3
persist 19058 3000 3
persist 19703 3000 3
persist 20657 3000 3
persist 18540 3000 3
persist 18965 3000 3
persist 17873 3000 3
persist 17921 3000 3
persist 12075 2000 2
persist 18877 3000 3
persist 18229 3000 3
persist 17900 3000 3
persist 18426 3000 3
persist 17875 3000 3
persist 20499 3000 3
persist 20048 3000 3
persist 20897 3000 3
write base data version: 104900, memory: 5583958016 bytes (5325.28 MB)
persist 20784 3000 3
persist 20806 3000 3
persist 20899 3000 3
persist 20845 3000 3
persist 20789 3000 3
persist 20825 3000 3
persist 20136 3000 3
persist 21926 3000 3
persist 21355 3000 3
persist 21493 3000 3
persist 13957 2000 2
persist 20394 3000 3
persist 19247 3000 3
persist 18021 3000 3
persist 18184 3000 3
persist 17917 3000 3
persist 19456 3000 3
persist 19907 3000 3
persist 20044 3000 3
persist 19781 3000 3
persist 19734 3000 3
persist 19874 3000 3
persist 19718 3000 3
persist 20412 3000 3
persist 21459 3000 3
persist 22296 3000 3
persist 13736 2000 2
persist 19960 3000 3
persist 20366 3000 3
persist 19968 3000 3
persist 19966 3000 3
persist 20050 3000 3
persist 20136 3000 3
persist 19591 3000 3
write base data version: 105000, memory: 5583958016 bytes (5325.28 MB)
persist 19732 3000 3
persist 20277 3000 3
persist 19758 3000 3
persist 19456 3000 3
persist 19498 3000 3
persist 21681 3000 3
persist 22529 3000 3
persist 21155 3000 3
persist 21657 3000 3
persist 22425 3000 3
persist 14765 2000 2
persist 21640 3000 3
persist 20184 3000 3
persist 19768 3000 3
persist 19677 3000 3
persist 20216 3000 3
persist 18725 3000 3
persist 19312 3000 3
persist 20371 3000 3
persist 19031 3000 3
persist 19520 3000 3
persist 20164 3000 3
persist 19119 3000 3
persist 17835 3000 3
persist 18760 3000 3
persist 12174 2000 2
persist 18227 3000 3
persist 18335 3000 3
persist 17913 3000 3
persist 18857 3000 3
persist 18709 3000 3
persist 13407 2000 2
persist 20352 3000 3
persist 19839 3000 3
persist 19660 3000 3
write base data version: 105100, memory: 5583958016 bytes (5325.28 MB)
persist 14017 2000 2
persist 20224 3000 3
persist 20105 3000 3
persist 19665 3000 3
persist 19703 3000 3
persist 14242 2000 2
persist 20391 3000 3
persist 20048 3000 3
persist 19632 3000 3
persist 18332 3000 3
persist 18399 3000 3
persist 18160 3000 3
persist 17931 3000 3
persist 18215 3000 3
persist 17999 3000 3
persist 17733 3000 3
persist 12391 2000 2
persist 18229 3000 3
persist 18245 3000 3
persist 18207 3000 3
persist 19629 3000 3
persist 19705 3000 3
persist 19913 3000 3
persist 21007 3000 3
persist 20700 3000 3
persist 20731 3000 3
persist 21043 3000 3
persist 19626 3000 3
persist 19432 3000 3
persist 19442 3000 3
persist 21318 3000 3
persist 21184 3000 3
persist 20902 3000 3
persist 21682 3000 3
write base data version: 105200, memory: 5583958016 bytes (5325.28 MB)
persist 14093 2000 2
persist 20202 3000 3
persist 20145 3000 3
persist 19939 3000 3
persist 19978 3000 3
persist 20219 3000 3
persist 20218 3000 3
persist 19763 3000 3
persist 19561 3000 3
persist 19642 3000 3
persist 20489 3000 3
persist 20428 3000 3
persist 19988 3000 3
persist 19768 3000 3
persist 19514 3000 3
persist 19417 3000 3
persist 19488 3000 3
persist 22028 3000 3
persist 21873 3000 3
persist 21291 3000 3
persist 21534 3000 3
persist 21755 3000 3
persist 13970 2000 2
persist 20666 3000 3
persist 20380 3000 3
persist 20620 3000 3
persist 20021 3000 3
persist 20379 3000 3
persist 20208 3000 3
persist 20285 3000 3
persist 20322 3000 3
persist 20355 3000 3
persist 20499 3000 3
persist 20555 3000 3
write base data version: 105300, memory: 5583958016 bytes (5325.28 MB)
persist 20064 3000 3
persist 19709 3000 3
persist 19496 3000 3
persist 19655 3000 3
persist 19625 3000 3
persist 14305 2000 2
persist 20516 3000 3
persist 20460 3000 3
persist 20423 3000 3
persist 20038 3000 3
persist 20230 3000 3
persist 19852 3000 3
persist 20109 3000 3
persist 19671 3000 3
persist 20093 3000 3
persist 19359 3000 3
persist 19773 3000 3
persist 19871 3000 3
persist 20988 3000 3
persist 20831 3000 3
persist 20851 3000 3
persist 13792 2000 2
persist 20067 3000 3
persist 19721 3000 3
persist 20259 3000 3
persist 20145 3000 3
persist 20048 3000 3
persist 19440 3000 3
persist 19684 3000 3
persist 19761 3000 3
persist 19674 3000 3
persist 19674 3000 3
persist 19735 3000 3
persist 19675 3000 3
write base data version: 105400, memory: 5583958016 bytes (5325.28 MB)
persist 19742 3000 3
persist 20924 3000 3
persist 19706 3000 3
persist 19531 3000 3
persist 19490 3000 3
persist 19626 3000 3
persist 20344 3000 3
persist 20564 3000 3
persist 14064 2000 2
persist 20670 3000 3
persist 20186 3000 3
persist 20325 3000 3
persist 20089 3000 3
persist 20093 3000 3
persist 19984 3000 3
persist 20439 3000 3
persist 20263 3000 3
persist 19847 3000 3
persist 19478 3000 3
persist 19661 3000 3
persist 20409 3000 3
persist 20489 3000 3
persist 20283 3000 3
persist 18208 3000 3
persist 17798 3000 3
persist 17927 3000 3
persist 12835 2000 2
persist 18005 3000 3
persist 17978 3000 3
persist 19043 3000 3
persist 20005 3000 3
persist 19746 3000 3
persist 19573 3000 3
persist 19876 3000 3
write base data version: 105500, memory: 5583958016 bytes (5325.28 MB)
persist 19582 3000 3
persist 20160 3000 3
persist 20092 3000 3
persist 19967 3000 3
persist 20066 3000 3
persist 19700 3000 3
persist 14111 2000 2
persist 20823 3000 3
persist 20811 3000 3
persist 20496 3000 3
persist 20201 3000 3
persist 20218 3000 3
persist 20022 3000 3
persist 20360 3000 3
persist 20166 3000 3
persist 20579 3000 3
persist 19944 3000 3
persist 22102 3000 3
persist 19941 3000 3
persist 22085 3000 3
persist 21901 3000 3
persist 21342 3000 3
persist 14198 2000 2
persist 20931 3000 3
persist 20652 3000 3
persist 20856 3000 3
persist 20460 3000 3
persist 20364 3000 3
persist 20047 3000 3
persist 20135 3000 3
persist 20146 3000 3
persist 20348 3000 3
persist 19838 3000 3
persist 20003 3000 3
write base data version: 105600, memory: 5583958016 bytes (5325.28 MB)
persist 20315 3000 3
persist 20191 3000 3
persist 19878 3000 3
persist 20612 3000 3
persist 20612 3000 3
persist 20710 3000 3
persist 20724 3000 3
persist 20061 3000 3
persist 20135 3000 3
persist 20135 3000 3
persist 19645 3000 3
persist 19522 3000 3
persist 19552 3000 3
persist 19617 3000 3
persist 22380 3000 3
persist 20997 3000 3
persist 20138 3000 3
persist 13271 2000 2
persist 20653 3000 3
persist 20158 3000 3
persist 20501 3000 3
persist 19815 3000 3
persist 19785 3000 3
persist 19700 3000 3
persist 19683 3000 3
persist 19859 3000 3
persist 19873 3000 3
persist 19809 3000 3
persist 20030 3000 3
persist 20967 3000 3
persist 20913 3000 3
persist 20873 3000 3
persist 20746 3000 3
persist 21061 3000 3
write base data version: 105700, memory: 5583958016 bytes (5325.28 MB)
persist 20836 3000 3
persist 20852 3000 3
persist 20772 3000 3
persist 20650 3000 3
persist 20699 3000 3
persist 20937 3000 3
persist 20722 3000 3
persist 20681 3000 3
persist 20743 3000 3
persist 20719 3000 3
persist 20905 3000 3
persist 20712 3000 3
persist 20692 3000 3
persist 20639 3000 3
persist 20254 3000 3
persist 13965 2000 2
persist 19293 3000 3
persist 18001 3000 3
persist 18292 3000 3
persist 18082 3000 3
persist 18145 3000 3
persist 18027 3000 3
persist 12708 2000 2
persist 19130 3000 3
persist 17999 3000 3
persist 17947 3000 3
persist 17959 3000 3
persist 17914 3000 3
persist 12525 2000 2
persist 18285 3000 3
persist 18698 3000 3
persist 18552 3000 3
persist 18207 3000 3
persist 18481 3000 3
write base data version: 105800, memory: 5583958016 bytes (5325.28 MB)
persist 18040 3000 3
persist 19097 3000 3
persist 12381 2000 2
persist 20301 3000 3
persist 20197 3000 3
persist 20457 3000 3
persist 19438 3000 3
persist 18960 3000 3
persist 18931 3000 3
persist 18980 3000 3
persist 20793 3000 3
persist 18843 3000 3
persist 19875 3000 3
persist 13940 2000 2
persist 19469 3000 3
persist 19008 3000 3
persist 17977 3000 3
persist 17871 3000 3
persist 17955 3000 3
persist 18402 3000 3
persist 18223 3000 3
persist 17884 3000 3
persist 12017 2000 2
persist 19233 3000 3
persist 18278 3000 3
persist 17937 3000 3
persist 17961 3000 3
persist 17885 3000 3
persist 19274 3000 3
persist 12417 2000 2
persist 18417 3000 3
persist 17827 3000 3
persist 18422 3000 3
persist 12069 2000 2
persist 18854 3000 3
write base data version: 105900, memory: 5583958016 bytes (5325.28 MB)
persist 17979 3000 3
persist 18270 3000 3
persist 17723 3000 3
persist 12626 2000 2
persist 18072 3000 3
persist 18067 3000 3
persist 18203 3000 3
persist 17817 3000 3
persist 18710 3000 3
persist 18013 3000 3
persist 12367 2000 2
persist 20532 3000 3
persist 20542 3000 3
persist 20188 3000 3
persist 20306 3000 3
persist 20502 3000 3
persist 19729 3000 3
persist 19960 3000 3
persist 19493 3000 3
persist 19435 3000 3
persist 21409 3000 3
persist 21611 3000 3
persist 20618 3000 3
persist 13326 2000 2
persist 20618 3000 3
persist 20091 3000 3
persist 20406 3000 3
persist 20272 3000 3
persist 20257 3000 3
persist 20405 3000 3
persist 19929 3000 3
persist 19833 3000 3
persist 21091 3000 3
persist 13326 2000 2
write base data version: 106000, memory: 5583958016 bytes (5325.28 MB)
persist 18552 3000 3
persist 18155 3000 3
persist 18242 3000 3
persist 18054 3000 3
persist 18370 3000 3
persist 18266 3000 3
persist 18006 3000 3
persist 12089 2000 2
persist 17988 3000 3
persist 18266 3000 3
persist 18820 3000 3
persist 18866 3000 3
persist 17737 3000 3
persist 12307 2000 2
persist 17887 3000 3
persist 18192 3000 3
persist 18280 3000 3
persist 18233 3000 3
persist 12048 2000 2
persist 18003 3000 3
persist 18005 3000 3
persist 18812 3000 3
persist 18360 3000 3
persist 17759 3000 3
persist 17734 3000 3
persist 12689 2000 2
persist 18515 3000 3
persist 18330 3000 3
persist 17936 3000 3
persist 18188 3000 3
persist 18974 3000 3
persist 17998 3000 3
persist 12091 2000 2
persist 17944 3000 3
persist 18731 3000 3
write base data version: 106100, memory: 5583958016 bytes (5325.28 MB)
persist 18087 3000 3
persist 17818 3000 3
persist 18717 3000 3
persist 12663 2000 2
persist 18464 3000 3
persist 17925 3000 3
persist 17760 3000 3
persist 17735 3000 3
persist 12518 2000 2
persist 18365 3000 3
persist 17841 3000 3
persist 18398 3000 3
persist 18059 3000 3
persist 17818 3000 3
persist 18186 3000 3
persist 17829 3000 3
persist 12083 2000 2
persist 18122 3000 3
persist 18002 3000 3
persist 17992 3000 3
persist 17977 3000 3
persist 19039 3000 3
persist 17836 3000 3
persist 12033 2000 2
persist 18033 3000 3
persist 18286 3000 3
persist 18221 3000 3
persist 17719 3000 3
persist 18109 3000 3
persist 18055 3000 3
persist 12353 2000 2
persist 18386 3000 3
persist 17838 3000 3
persist 19693 3000 3
persist 19684 3000 3
persist 19538 3000 3
write base data version: 106200, memory: 5583958016 bytes (5325.28 MB)
persist 19603 3000 3
persist 13971 2000 2
persist 20498 3000 3
persist 20168 3000 3
persist 20361 3000 3
persist 20223 3000 3
persist 19948 3000 3
persist 20568 3000 3
persist 19563 3000 3
persist 19524 3000 3
persist 19801 3000 3
persist 13595 2000 2
persist 20106 3000 3
persist 19969 3000 3
persist 18991 3000 3
persist 18669 3000 3
persist 18658 3000 3
persist 18440 3000 3
persist 12093 2000 2
persist 18887 3000 3
persist 18159 3000 3
persist 17859 3000 3
persist 18222 3000 3
persist 18271 3000 3
persist 17973 3000 3
persist 12409 2000 2
persist 18060 3000 3
persist 17951 3000 3
persist 18836 3000 3
persist 20378 3000 3
persist 20474 3000 3
persist 20437 3000 3
persist 20445 3000 3
persist 19774 3000 3
write base data version: 106300, memory: 5583958016 bytes (5325.28 MB)
persist 19672 3000 3
persist 19829 3000 3
persist 19416 3000 3
persist 21341 3000 3
persist 20530 3000 3
persist 13474 2000 2
persist 20337 3000 3
persist 19657 3000 3
persist 20023 3000 3
persist 19616 3000 3
persist 18079 3000 3
persist 18702 3000 3
persist 17915 3000 3
persist 19489 3000 3
persist 20790 3000 3
persist 20740 3000 3
persist 21007 3000 3
persist 19851 3000 3
persist 19726 3000 3
persist 19719 3000 3
persist 13588 2000 2
persist 20134 3000 3
persist 20046 3000 3
persist 20210 3000 3
persist 20038 3000 3
persist 19702 3000 3
persist 19628 3000 3
persist 19643 3000 3
persist 20076 3000 3
persist 19614 3000 3
persist 19657 3000 3
persist 21408 3000 3
persist 13246 2000 2
persist 20524 3000 3
write base data version: 106400, memory: 5583958016 bytes (5325.28 MB)
persist 19728 3000 3
persist 19891 3000 3
persist 19655 3000 3
persist 20071 3000 3
persist 19869 3000 3
persist 19357 3000 3
persist 18077 3000 3
persist 18259 3000 3
persist 18321 3000 3
persist 17807 3000 3
persist 12198 2000 2
persist 18085 3000 3
persist 19518 3000 3
persist 19670 3000 3
persist 19648 3000 3
persist 18540 3000 3
persist 18201 3000 3
persist 17941 3000 3
persist 18298 3000 3
persist 18694 3000 3
persist 12408 2000 2
persist 18565 3000 3
persist 17804 3000 3
persist 18155 3000 3
persist 18042 3000 3
persist 17849 3000 3
persist 12150 2000 2
persist 18183 3000 3
persist 18152 3000 3
persist 18735 3000 3
persist 18343 3000 3
persist 17932 3000 3
persist 18266 3000 3
persist 17955 3000 3
persist 12061 2000 2
write base data version: 106500, memory: 5583958016 bytes (5325.28 MB)
persist 18610 3000 3
persist 18063 3000 3
persist 19578 3000 3
persist 19794 3000 3
persist 19639 3000 3
persist 19647 3000 3
persist 20231 3000 3
persist 13427 2000 2
persist 20113 3000 3
persist 19716 3000 3
persist 20403 3000 3
persist 20317 3000 3
persist 19577 3000 3
persist 19611 3000 3
persist 19695 3000 3
persist 20538 3000 3
persist 20106 3000 3
persist 21004 3000 3
persist 19708 3000 3
persist 19800 3000 3
persist 19631 3000 3
persist 19588 3000 3
persist 19661 3000 3
persist 19646 3000 3
persist 19654 3000 3
persist 13325 2000 2
persist 20956 3000 3
persist 20055 3000 3
persist 19415 3000 3
persist 18007 3000 3
persist 18323 3000 3
persist 17874 3000 3
persist 17934 3000 3
persist 19414 3000 3
write base data version: 106600, memory: 5583958016 bytes (5325.28 MB)
persist 19572 3000 3
persist 19781 3000 3
persist 22306 3000 3
persist 13532 2000 2
persist 19859 3000 3
persist 19593 3000 3
persist 19764 3000 3
persist 14216 2000 2
persist 20762 3000 3
persist 20066 3000 3
persist 19974 3000 3
persist 19841 3000 3
persist 12779 2000 2
persist 18732 3000 3
persist 18848 3000 3
persist 18689 3000 3
persist 20136 3000 3
persist 12590 2000 2
persist 18118 3000 3
persist 18532 3000 3
persist 18652 3000 3
persist 18046 3000 3
persist 18941 3000 3
persist 11998 2000 2
persist 18419 3000 3
persist 18279 3000 3
persist 17885 3000 3
persist 17824 3000 3
persist 17997 3000 3
persist 12583 2000 2
persist 18185 3000 3
persist 17990 3000 3
persist 17993 3000 3
persist 18436 3000 3
persist 18142 3000 3
persist 17863 3000 3
write base data version: 106700, memory: 5583958016 bytes (5325.28 MB)
persist 20409 3000 3
persist 13521 2000 2
persist 19601 3000 3
persist 18789 3000 3
persist 18844 3000 3
persist 18903 3000 3
persist 17771 3000 3
persist 12179 2000 2
persist 18827 3000 3
persist 18888 3000 3
persist 19008 3000 3
persist 12787 2000 2
persist 20153 3000 3
persist 19968 3000 3
persist 19967 3000 3
persist 20064 3000 3
persist 20462 3000 3
persist 20663 3000 3
persist 20538 3000 3
persist 20319 3000 3
persist 20026 3000 3
persist 19925 3000 3
persist 19653 3000 3
persist 19924 3000 3
persist 19940 3000 3
persist 20053 3000 3
persist 21800 3000 3
persist 21801 3000 3
persist 21100 3000 3
persist 20153 3000 3
persist 20773 3000 3
persist 22335 3000 3
persist 13603 2000 2
persist 20157 3000 3
write base data version: 106800, memory: 5583958016 bytes (5325.28 MB)
persist 18756 3000 3
persist 18105 3000 3
persist 18494 3000 3
persist 17953 3000 3
persist 18002 3000 3
persist 17910 3000 3
persist 18172 3000 3
persist 17818 3000 3
persist 12112 2000 2
persist 18880 3000 3
persist 18044 3000 3
persist 18827 3000 3
persist 17897 3000 3
persist 17891 3000 3
persist 18535 3000 3
persist 18064 3000 3
persist 12224 2000 2
persist 18011 3000 3
persist 18012 3000 3
persist 18537 3000 3
persist 18562 3000 3
persist 12179 2000 2
persist 17996 3000 3
persist 18333 3000 3
persist 18784 3000 3
persist 17867 3000 3
persist 18019 3000 3
persist 12630 2000 2
persist 18108 3000 3
persist 18744 3000 3
persist 18418 3000 3
persist 18299 3000 3
persist 17845 3000 3
persist 17981 3000 3
persist 12033 2000 2
write base data version: 106900, memory: 5583958016 bytes (5325.28 MB)
persist 18077 3000 3
persist 18423 3000 3
persist 18130 3000 3
persist 18766 3000 3
persist 18041 3000 3
persist 19806 3000 3
persist 19745 3000 3
persist 19574 3000 3
persist 20223 3000 3
persist 19616 3000 3
persist 19599 3000 3
persist 20331 3000 3
persist 21805 3000 3
persist 19929 3000 3
persist 20589 3000 3
persist 13372 2000 2
persist 20359 3000 3
persist 20286 3000 3
persist 20609 3000 3
persist 20256 3000 3
persist 20238 3000 3
persist 19909 3000 3
persist 20333 3000 3
persist 20550 3000 3
persist 20235 3000 3
persist 19777 3000 3
persist 19565 3000 3
persist 19532 3000 3
persist 19555 3000 3
persist 19604 3000 3
persist 19510 3000 3
persist 21156 3000 3
persist 13899 2000 2
persist 20131 3000 3
write base data version: 107000, memory: 5583958016 bytes (5325.28 MB)
persist 19835 3000 3
persist 20123 3000 3
persist 19334 3000 3
persist 19830 3000 3
persist 19721 3000 3
persist 20004 3000 3
persist 19529 3000 3
persist 19999 3000 3
persist 20042 3000 3
persist 13380 2000 2
persist 19961 3000 3
persist 20016 3000 3
persist 20097 3000 3
persist 20169 3000 3
persist 20736 3000 3
persist 20344 3000 3
persist 19781 3000 3
persist 20122 3000 3
persist 21395 3000 3
persist 20910 3000 3
persist 18164 3000 3
persist 12313 2000 2
persist 18036 3000 3
persist 19269 3000 3
persist 17984 3000 3
persist 17927 3000 3
persist 18007 3000 3
persist 17775 3000 3
persist 12527 2000 2
persist 18082 3000 3
persist 18197 3000 3
persist 19644 3000 3
persist 19662 3000 3
persist 19733 3000 3
persist 19450 3000 3
write base data version: 107100, memory: 5583958016 bytes (5325.28 MB)
persist 19479 3000 3
persist 19827 3000 3
persist 14085 2000 2
persist 20448 3000 3
persist 20002 3000 3
persist 20132 3000 3
persist 20152 3000 3
persist 20544 3000 3
persist 20193 3000 3
persist 20276 3000 3
persist 19866 3000 3
persist 20250 3000 3
persist 19732 3000 3
persist 19976 3000 3
persist 19869 3000 3
persist 19617 3000 3
persist 19506 3000 3
persist 19606 3000 3
persist 19481 3000 3
persist 20135 3000 3
persist 20160 3000 3
persist 20954 3000 3
persist 14526 2000 2
persist 20513 3000 3
persist 20301 3000 3
persist 19990 3000 3
persist 19725 3000 3
persist 20156 3000 3
persist 20039 3000 3
persist 20568 3000 3
persist 20446 3000 3
persist 20515 3000 3
persist 19620 3000 3
write base data version: 107200, memory: 5583958016 bytes (5325.28 MB)
persist 19205 3000 3
persist 18423 3000 3
persist 18388 3000 3
persist 12132 2000 2
persist 18108 3000 3
persist 17970 3000 3
persist 20054 3000 3
persist 19646 3000 3
persist 19803 3000 3
persist 19700 3000 3
persist 19636 3000 3
persist 20948 3000 3
persist 20668 3000 3
persist 19601 3000 3
persist 19472 3000 3
persist 19579 3000 3
persist 20748 3000 3
persist 21714 3000 3
persist 14001 2000 2
persist 20459 3000 3
persist 19547 3000 3
persist 20847 3000 3
persist 19562 3000 3
persist 20141 3000 3
persist 19854 3000 3
persist 19637 3000 3
persist 19520 3000 3
persist 19695 3000 3
persist 19576 3000 3
persist 19678 3000 3
persist 19463 3000 3
persist 20548 3000 3
persist 13609 2000 2
persist 19876 3000 3
persist 19531 3000 3
write base data version: 107300, memory: 5583958016 bytes (5325.28 MB)
persist 19734 3000 3
persist 19972 3000 3
persist 19728 3000 3
persist 19651 3000 3
persist 19615 3000 3
persist 19551 3000 3
persist 13328 2000 2
persist 20065 3000 3
persist 19581 3000 3
persist 20326 3000 3
persist 19804 3000 3
persist 20121 3000 3
persist 19823 3000 3
persist 20196 3000 3
persist 20474 3000 3
persist 19774 3000 3
persist 19789 3000 3
persist 20288 3000 3
persist 20186 3000 3
persist 21606 3000 3
persist 22175 3000 3
persist 20973 3000 3
persist 21113 3000 3
persist 13270 2000 2
persist 20238 3000 3
persist 20043 3000 3
persist 20563 3000 3
persist 20067 3000 3
persist 19839 3000 3
persist 19681 3000 3
persist 19921 3000 3
persist 18233 3000 3
persist 18208 3000 3
persist 12057 2000 2
write base data version: 107400, memory: 5583958016 bytes (5325.28 MB)
persist 18078 3000 3
persist 19069 3000 3
persist 18021 3000 3
persist 18457 3000 3
persist 17961 3000 3
persist 18001 3000 3
persist 19021 3000 3
persist 12149 2000 2
persist 18416 3000 3
persist 17907 3000 3
persist 18289 3000 3
persist 17786 3000 3
persist 18418 3000 3
persist 12294 2000 2
persist 18794 3000 3
persist 18220 3000 3
persist 17832 3000 3
persist 17895 3000 3
persist 18371 3000 3
persist 14289 2000 2
persist 20477 3000 3
persist 20054 3000 3
persist 20345 3000 3
persist 20061 3000 3
persist 19777 3000 3
persist 19948 3000 3
persist 20697 3000 3
persist 22640 3000 3
persist 20166 3000 3
persist 19583 3000 3
persist 19433 3000 3
persist 13575 2000 2
persist 20137 3000 3
persist 19681 3000 3
persist 19833 3000 3
write base data version: 107500, memory: 5583958016 bytes (5325.28 MB)
persist 19913 3000 3
persist 19750 3000 3
persist 19776 3000 3
persist 19716 3000 3
persist 19776 3000 3
persist 14103 2000 2
persist 20071 3000 3
persist 19640 3000 3
persist 20457 3000 3
persist 20173 3000 3
persist 20858 3000 3
persist 19928 3000 3
persist 20010 3000 3
persist 19768 3000 3
persist 20923 3000 3
persist 20546 3000 3
persist 20125 3000 3
persist 19905 3000 3
persist 19572 3000 3
persist 19563 3000 3
persist 19487 3000 3
persist 19555 3000 3
persist 13229 2000 2
persist 20137 3000 3
persist 20072 3000 3
persist 20095 3000 3
persist 19308 3000 3
persist 20078 3000 3
persist 20005 3000 3
persist 19092 3000 3
persist 18971 3000 3
persist 12730 2000 2
persist 17901 3000 3
persist 17980 3000 3
write base data version: 107600, memory: 5583958016 bytes (5325.28 MB)
persist 18877 3000 3
persist 17983 3000 3
persist 12251 2000 2
persist 18015 3000 3
persist 19160 3000 3
persist 19591 3000 3
persist 20727 3000 3
persist 21006 3000 3
persist 20958 3000 3
persist 19551 3000 3
persist 19477 3000 3
persist 20760 3000 3
persist 20792 3000 3
persist 21712 3000 3
persist 13574 2000 2
persist 20977 3000 3
persist 19971 3000 3
persist 20133 3000 3
persist 19678 3000 3
persist 19797 3000 3
persist 18212 3000 3
persist 18139 3000 3
persist 17886 3000 3
persist 17999 3000 3
persist 17929 3000 3
persist 20252 3000 3
persist 12135 2000 2
persist 18177 3000 3
persist 17933 3000 3
persist 18700 3000 3
persist 19295 3000 3
persist 12655 2000 2
persist 18837 3000 3
persist 18951 3000 3
persist 19576 3000 3
write base data version: 107700, memory: 5583958016 bytes (5325.28 MB)
persist 12631 2000 2
persist 18773 3000 3
persist 18953 3000 3
persist 20380 3000 3
persist 13634 2000 2
persist 20098 3000 3
persist 19843 3000 3
persist 19587 3000 3
persist 19370 3000 3
persist 19626 3000 3
persist 19626 3000 3
persist 19628 3000 3
persist 13568 2000 2
persist 19812 3000 3
persist 19677 3000 3
persist 20170 3000 3
persist 19459 3000 3
persist 19548 3000 3
persist 19699 3000 3
persist 19597 3000 3
persist 19629 3000 3
persist 19519 3000 3
persist 19485 3000 3
persist 20284 3000 3
persist 20239 3000 3
persist 13481 2000 2
persist 20485 3000 3
persist 19906 3000 3
persist 20183 3000 3
persist 19699 3000 3
persist 19676 3000 3
persist 19276 3000 3
persist 19600 3000 3
persist 19620 3000 3
persist 21147 3000 3
write base data version: 107800, memory: 5583958016 bytes (5325.28 MB)
persist 19525 3000 3
persist 19591 3000 3
persist 20051 3000 3
persist 13416 2000 2
persist 19968 3000 3
persist 19676 3000 3
persist 19927 3000 3
persist 19767 3000 3
persist 19583 3000 3
persist 19644 3000 3
persist 19757 3000 3
persist 19718 3000 3
persist 19530 3000 3
persist 19994 3000 3
persist 14326 2000 2
persist 20092 3000 3
persist 19523 3000 3
persist 20080 3000 3
persist 19810 3000 3
persist 19679 3000 3
persist 19892 3000 3
persist 19889 3000 3
persist 19701 3000 3
persist 19554 3000 3
persist 19731 3000 3
persist 13233 2000 2
persist 19834 3000 3
persist 19572 3000 3
persist 20156 3000 3
persist 20274 3000 3
persist 19979 3000 3
persist 19425 3000 3
persist 18479 3000 3
persist 18287 3000 3
write base data version: 107900, memory: 5583958016 bytes (5325.28 MB)
persist 19182 3000 3
persist 12025 2000 2
persist 18689 3000 3
persist 17961 3000 3
persist 18495 3000 3
persist 18071 3000 3
persist 18804 3000 3
persist 12047 2000 2
persist 18294 3000 3
persist 18253 3000 3
persist 18578 3000 3
persist 18103 3000 3
persist 19476 3000 3
persist 19583 3000 3
persist 19464 3000 3
persist 19533 3000 3
persist 20762 3000 3
persist 13325 2000 2
persist 20010 3000 3
persist 19480 3000 3
persist 19414 3000 3
persist 19621 3000 3
persist 20521 3000 3
persist 19932 3000 3
persist 12667 2000 2
persist 17933 3000 3
persist 18004 3000 3
persist 18465 3000 3
persist 18153 3000 3
persist 18183 3000 3
persist 17963 3000 3
persist 17817 3000 3
persist 12934 2000 2
persist 18404 3000 3
persist 18377 3000 3
write base data version: 108000, memory: 5583958016 bytes (5325.28 MB)
persist 17892 3000 3
persist 18896 3000 3
persist 19579 3000 3
persist 19715 3000 3
persist 19700 3000 3
persist 19596 3000 3
persist 13970 2000 2
persist 19931 3000 3
persist 19076 3000 3
persist 18549 3000 3
persist 18759 3000 3
persist 17983 3000 3
persist 17902 3000 3
persist 17788 3000 3
persist 18293 3000 3
persist 13298 2000 2
persist 19948 3000 3
persist 19141 3000 3
persist 18902 3000 3
persist 18959 3000 3
persist 12659 2000 2
persist 18802 3000 3
persist 19443 3000 3
persist 19906 3000 3
persist 13393 2000 2
persist 19472 3000 3
persist 19744 3000 3
persist 20298 3000 3
persist 13410 2000 2
persist 19904 3000 3
persist 19185 3000 3
persist 19050 3000 3
persist 18320 3000 3
persist 17859 3000 3
persist 18445 3000 3
write base data version: 108100, memory: 5583958016 bytes (5325.28 MB)
persist 13342 2000 2
persist 19979 3000 3
persist 19232 3000 3
persist 19832 3000 3
persist 19698 3000 3
persist 19750 3000 3
persist 19506 3000 3
persist 19699 3000 3
persist 19522 3000 3
persist 19503 3000 3
persist 12835 2000 2
persist 18135 3000 3
persist 19793 3000 3
persist 19539 3000 3
persist 20219 3000 3
persist 19727 3000 3
persist 19595 3000 3
persist 21205 3000 3
persist 13398 2000 2
persist 20048 3000 3
persist 19314 3000 3
persist 18072 3000 3
persist 18616 3000 3
persist 17817 3000 3
persist 17969 3000 3
persist 12102 2000 2
persist 18945 3000 3
persist 19438 3000 3
persist 19721 3000 3
persist 19618 3000 3
persist 19820 3000 3
persist 19566 3000 3
persist 19464 3000 3
persist 19746 3000 3
persist 13423 2000 2
write base data version: 108200, memory: 5583958016 bytes (5325.28 MB)
persist 19989 3000 3
persist 19450 3000 3
persist 20141 3000 3
persist 19415 3000 3
persist 19645 3000 3
persist 19608 3000 3
persist 21534 3000 3
persist 13017 2000 2
persist 19620 3000 3
persist 19285 3000 3
persist 19583 3000 3
persist 18670 3000 3
persist 19143 3000 3
persist 19805 3000 3
persist 18815 3000 3
persist 18905 3000 3
persist 19725 3000 3
persist 13225 2000 2
persist 19431 3000 3
persist 19679 3000 3
persist 20003 3000 3
persist 19338 3000 3
persist 19760 3000 3
persist 19708 3000 3
persist 19788 3000 3
persist 18937 3000 3
persist 19625 3000 3
persist 13165 2000 2
persist 19255 3000 3
persist 19337 3000 3
persist 19548 3000 3
persist 18691 3000 3
persist 19408 3000 3
persist 19078 3000 3
write base data version: 108300, memory: 5583958016 bytes (5325.28 MB)
persist 19581 3000 3
persist 19479 3000 3
persist 20033 3000 3
persist 13527 2000 2
persist 19352 3000 3
persist 19782 3000 3
persist 19417 3000 3
persist 18854 3000 3
persist 19009 3000 3
persist 19690 3000 3
persist 18965 3000 3
persist 18793 3000 3
persist 21243 3000 3
persist 13370 2000 2
persist 19434 3000 3
persist 20015 3000 3
persist 19116 3000 3
persist 18648 3000 3
persist 19183 3000 3
persist 19108 3000 3
persist 18994 3000 3
persist 18860 3000 3
persist 19310 3000 3
persist 13070 2000 2
persist 19487 3000 3
persist 18385 3000 3
persist 18279 3000 3
persist 17955 3000 3
persist 17777 3000 3
persist 19239 3000 3
persist 12111 2000 2
persist 17875 3000 3
persist 17976 3000 3
persist 18809 3000 3
persist 18337 3000 3
write base data version: 108400, memory: 5583958016 bytes (5325.28 MB)
persist 17896 3000 3
persist 18214 3000 3
persist 18379 3000 3
persist 12030 2000 2
persist 18086 3000 3
persist 19571 3000 3
persist 20213 3000 3
persist 19858 3000 3
persist 20174 3000 3
persist 19903 3000 3
persist 19712 3000 3
persist 19922 3000 3
persist 19902 3000 3
persist 19714 3000 3
persist 20232 3000 3
persist 21482 3000 3
persist 13670 2000 2
persist 20125 3000 3
persist 19663 3000 3
persist 20013 3000 3
persist 19537 3000 3
persist 20039 3000 3
persist 19710 3000 3
persist 19771 3000 3
persist 19374 3000 3
persist 19728 3000 3
persist 19716 3000 3
persist 19706 3000 3
persist 19512 3000 3
persist 19580 3000 3
persist 19589 3000 3
persist 19645 3000 3
persist 20211 3000 3
persist 13427 2000 2
write base data version: 108500, memory: 5583958016 bytes (5325.28 MB)
persist 19935 3000 3
persist 19835 3000 3
persist 20414 3000 3
persist 19812 3000 3
persist 20029 3000 3
persist 20235 3000 3
persist 18526 3000 3
persist 18452 3000 3
persist 18232 3000 3
persist 18199 3000 3
persist 12118 2000 2
persist 18755 3000 3
persist 17820 3000 3
persist 18254 3000 3
persist 17979 3000 3
persist 18375 3000 3
persist 12174 2000 2
persist 17953 3000 3
persist 18390 3000 3
persist 18026 3000 3
persist 18808 3000 3
persist 18028 3000 3
persist 17752 3000 3
persist 12161 2000 2
persist 19131 3000 3
persist 18225 3000 3
persist 18515 3000 3
persist 19247 3000 3
persist 19616 3000 3
persist 19628 3000 3
persist 20247 3000 3
persist 19816 3000 3
persist 13943 2000 2
persist 19738 3000 3
persist 19380 3000 3
write base data version: 108600, memory: 5583958016 bytes (5325.28 MB)
persist 19780 3000 3
persist 18086 3000 3
persist 18358 3000 3
persist 12354 2000 2
persist 17995 3000 3
persist 18402 3000 3
persist 18042 3000 3
persist 18013 3000 3
persist 18859 3000 3
persist 12652 2000 2
persist 18849 3000 3
persist 18920 3000 3
persist 18730 3000 3
persist 18998 3000 3
persist 12662 2000 2
persist 19079 3000 3
persist 18923 3000 3
persist 18707 3000 3
persist 12620 2000 2
persist 19073 3000 3
persist 18264 3000 3
persist 18100 3000 3
persist 12736 2000 2
persist 18870 3000 3
persist 18617 3000 3
persist 18504 3000 3
persist 17812 3000 3
persist 17770 3000 3
persist 12567 2000 2
persist 18021 3000 3
persist 17889 3000 3
persist 17896 3000 3
persist 18617 3000 3
persist 17928 3000 3
persist 18771 3000 3
write base data version: 108700, memory: 5583958016 bytes (5325.28 MB)
persist 12275 2000 2
persist 17878 3000 3
persist 19130 3000 3
persist 18748 3000 3
persist 12044 2000 2
persist 18173 3000 3
persist 18124 3000 3
persist 18413 3000 3
persist 17870 3000 3
persist 17829 3000 3
persist 17714 3000 3
persist 12015 2000 2
persist 18467 3000 3
persist 17785 3000 3
persist 19033 3000 3
persist 19816 3000 3
persist 13523 2000 2
persist 19790 3000 3
persist 19311 3000 3
persist 19641 3000 3
persist 13482 2000 2
persist 19803 3000 3
persist 19087 3000 3
persist 19693 3000 3
persist 19119 3000 3
persist 19866 3000 3
persist 19592 3000 3
persist 19541 3000 3
persist 13757 2000 2
persist 20206 3000 3
persist 19739 3000 3
persist 19985 3000 3
persist 19609 3000 3
persist 19560 3000 3
persist 19790 3000 3
persist 13384 2000 2
write base data version: 108800, memory: 5583958016 bytes (5325.28 MB)
persist 19944 3000 3
persist 19200 3000 3
persist 19856 3000 3
persist 19664 3000 3
persist 20051 3000 3
persist 19466 3000 3
persist 19510 3000 3
persist 19742 3000 3
persist 13701 2000 2
persist 20537 3000 3
persist 19797 3000 3
persist 19869 3000 3
persist 20110 3000 3
persist 18341 3000 3
persist 18109 3000 3
persist 17875 3000 3
persist 12153 2000 2
persist 19657 3000 3
persist 18783 3000 3
persist 18742 3000 3
persist 20176 3000 3
persist 12701 2000 2
persist 18139 3000 3
persist 17893 3000 3
persist 18302 3000 3
persist 19568 3000 3
persist 20120 3000 3
persist 13398 2000 2
persist 19775 3000 3
persist 19564 3000 3
persist 20303 3000 3
persist 20057 3000 3
persist 19915 3000 3
persist 19549 3000 3
write base data version: 108900, memory: 5583958016 bytes (5325.28 MB)
persist 19727 3000 3
persist 19725 3000 3
persist 19631 3000 3
persist 20018 3000 3
persist 19941 3000 3
persist 19986 3000 3
persist 13336 2000 2
persist 19772 3000 3
persist 19995 3000 3
persist 19949 3000 3
persist 19764 3000 3
persist 19247 3000 3
persist 18782 3000 3
persist 18821 3000 3
persist 18989 3000 3
persist 18745 3000 3
persist 19248 3000 3
persist 13247 2000 2
persist 19226 3000 3
persist 19661 3000 3
persist 19275 3000 3
persist 18785 3000 3
persist 18857 3000 3
persist 19471 3000 3
persist 19667 3000 3
persist 19639 3000 3
persist 21316 3000 3
persist 20868 3000 3
persist 13572 2000 2
persist 19832 3000 3
persist 19202 3000 3
persist 19651 3000 3
persist 19692 3000 3
persist 19886 3000 3
persist 19659 3000 3
write base data version: 109000, memory: 5583958016 bytes (5325.28 MB)
persist 19447 3000 3
persist 19522 3000 3
persist 21016 3000 3
persist 13326 2000 2
persist 18981 3000 3
persist 18107 3000 3
persist 18284 3000 3
persist 18121 3000 3
persist 19031 3000 3
persist 12007 2000 2
persist 18050 3000 3
persist 18714 3000 3
persist 18154 3000 3
persist 18311 3000 3
persist 12100 2000 2
persist 18315 3000 3
persist 18667 3000 3
persist 18214 3000 3
persist 18080 3000 3
persist 19338 3000 3
persist 19628 3000 3
persist 13455 2000 2
persist 19867 3000 3
persist 19578 3000 3
persist 18407 3000 3
persist 18586 3000 3
persist 18069 3000 3
persist 17829 3000 3
persist 19496 3000 3
persist 19820 3000 3
persist 19962 3000 3
persist 21490 3000 3
persist 13482 2000 2
persist 20434 3000 3
persist 19615 3000 3
write base data version: 109100, memory: 5583958016 bytes (5325.28 MB)
persist 19737 3000 3
persist 18977 3000 3
persist 18830 3000 3
persist 18495 3000 3
persist 17989 3000 3
persist 17759 3000 3
persist 12032 2000 2
persist 18666 3000 3
persist 18280 3000 3
persist 17873 3000 3
persist 19612 3000 3
persist 19672 3000 3
persist 19553 3000 3
persist 19940 3000 3
persist 20837 3000 3
persist 13590 2000 2
persist 20156 3000 3
persist 19704 3000 3
persist 20091 3000 3
persist 19870 3000 3
persist 19587 3000 3
persist 19610 3000 3
persist 19965 3000 3
persist 19887 3000 3
persist 19667 3000 3
persist 19522 3000 3
persist 19603 3000 3
persist 20518 3000 3
persist 13611 2000 2
persist 19957 3000 3
persist 19514 3000 3
persist 19838 3000 3
persist 19878 3000 3
persist 19474 3000 3
write base data version: 109200, memory: 5583958016 bytes (5325.28 MB)
persist 19389 3000 3
persist 19697 3000 3
persist 19780 3000 3
persist 19849 3000 3
persist 19839 3000 3
persist 19629 3000 3
persist 18778 3000 3
persist 12280 2000 2
persist 18395 3000 3
persist 17807 3000 3
persist 18097 3000 3
persist 18835 3000 3
persist 18225 3000 3
persist 12330 2000 2
persist 18047 3000 3
persist 18866 3000 3
persist 19458 3000 3
persist 19744 3000 3
persist 19874 3000 3
persist 19648 3000 3
persist 19659 3000 3
persist 19636 3000 3
persist 20452 3000 3
persist 13285 2000 2
persist 19976 3000 3
persist 19651 3000 3
persist 19779 3000 3
persist 19726 3000 3
persist 20140 3000 3
persist 19597 3000 3
persist 19612 3000 3
persist 19723 3000 3
persist 19791 3000 3
persist 19619 3000 3
persist 19532 3000 3
write base data version: 109300, memory: 5583958016 bytes (5325.28 MB)
persist 20304 3000 3
persist 12111 2000 2
persist 18441 3000 3
persist 17886 3000 3
persist 18290 3000 3
persist 18247 3000 3
persist 18737 3000 3
persist 18314 3000 3
persist 12012 2000 2
persist 18246 3000 3
persist 18873 3000 3
persist 17923 3000 3
persist 17768 3000 3
persist 17918 3000 3
persist 12023 2000 2
persist 18963 3000 3
persist 17985 3000 3
persist 18233 3000 3
persist 17992 3000 3
persist 18155 3000 3
persist 18031 3000 3
persist 13912 2000 2
persist 19239 3000 3
persist 18306 3000 3
persist 18265 3000 3
persist 18071 3000 3
persist 17759 3000 3
persist 12729 2000 2
persist 19864 3000 3
persist 19357 3000 3
persist 19577 3000 3
persist 19627 3000 3
persist 19590 3000 3
persist 19594 3000 3
persist 20262 3000 3
write base data version: 109400, memory: 5583958016 bytes (5325.28 MB)
persist 13162 2000 2
persist 18942 3000 3
persist 18629 3000 3
persist 18223 3000 3
persist 17948 3000 3
persist 18011 3000 3
persist 18058 3000 3
persist 18375 3000 3
persist 12188 2000 2
persist 18769 3000 3
persist 18954 3000 3
persist 18740 3000 3
persist 19222 3000 3
persist 12480 2000 2
persist 17994 3000 3
persist 18285 3000 3
persist 18055 3000 3
persist 12042 2000 2
persist 18211 3000 3
persist 18983 3000 3
persist 18270 3000 3
persist 17839 3000 3
persist 17987 3000 3
persist 17766 3000 3
persist 12500 2000 2
persist 18282 3000 3
persist 19808 3000 3
persist 17964 3000 3
persist 18803 3000 3
persist 18268 3000 3
persist 18237 3000 3
persist 11940 2000 2
persist 18184 3000 3
persist 18454 3000 3
persist 18420 3000 3
write base data version: 109500, memory: 5583958016 bytes (5325.28 MB)
persist 19656 3000 3
persist 13571 2000 2
persist 19880 3000 3
persist 19710 3000 3
persist 19468 3000 3
persist 19492 3000 3
persist 19702 3000 3
persist 19658 3000 3
persist 19718 3000 3
persist 19451 3000 3
persist 13371 2000 2
persist 19774 3000 3
persist 19514 3000 3
persist 20011 3000 3
persist 19201 3000 3
persist 19435 3000 3
persist 19575 3000 3
persist 19609 3000 3
persist 19676 3000 3
persist 19438 3000 3
persist 20025 3000 3
persist 13997 2000 2
persist 19041 3000 3
persist 18788 3000 3
persist 18415 3000 3
persist 17942 3000 3
persist 18130 3000 3
persist 13038 2000 2
persist 18875 3000 3
persist 19590 3000 3
persist 19728 3000 3
persist 20098 3000 3
persist 13573 2000 2
persist 19754 3000 3
persist 19615 3000 3
write base data version: 109600, memory: 5583958016 bytes (5325.28 MB)
persist 20112 3000 3
persist 19226 3000 3
persist 19538 3000 3
persist 19521 3000 3
persist 18251 3000 3
persist 19431 3000 3
persist 19440 3000 3
persist 19646 3000 3
persist 12320 2000 2
persist 18472 3000 3
persist 18021 3000 3
persist 17912 3000 3
persist 19525 3000 3
persist 19677 3000 3
persist 19635 3000 3
persist 19552 3000 3
persist 19855 3000 3
persist 20226 3000 3
persist 13662 2000 2
persist 20276 3000 3
persist 19239 3000 3
persist 18286 3000 3
persist 18637 3000 3
persist 19204 3000 3
persist 19703 3000 3
persist 19708 3000 3
persist 20553 3000 3
persist 13724 2000 2
persist 19814 3000 3
persist 19837 3000 3
persist 19888 3000 3
persist 19425 3000 3
persist 19636 3000 3
persist 13483 2000 2
write base data version: 109700, memory: 5583958016 bytes (5325.28 MB)
persist 20295 3000 3
persist 19298 3000 3
persist 19648 3000 3
persist 19787 3000 3
persist 19702 3000 3
persist 19626 3000 3
persist 19579 3000 3
persist 19651 3000 3
persist 19617 3000 3
persist 19498 3000 3
persist 19559 3000 3
persist 19535 3000 3
persist 19603 3000 3
persist 19618 3000 3
persist 13485 2000 2
persist 20103 3000 3
persist 19644 3000 3
persist 20213 3000 3
persist 19792 3000 3
persist 19909 3000 3
persist 19247 3000 3
persist 19586 3000 3
persist 20003 3000 3
persist 19719 3000 3
persist 19780 3000 3
persist 19600 3000 3
persist 19660 3000 3
persist 19512 3000 3
persist 19512 3000 3
persist 19535 3000 3
persist 19848 3000 3
persist 21286 3000 3
persist 20345 3000 3
persist 13238 2000 2
write base data version: 109800, memory: 5583958016 bytes (5325.28 MB)
persist 19978 3000 3
persist 19434 3000 3
persist 19807 3000 3
persist 19954 3000 3
persist 18121 3000 3
persist 19145 3000 3
persist 18231 3000 3
persist 18748 3000 3
persist 12034 2000 2
persist 17960 3000 3
persist 18805 3000 3
persist 17917 3000 3
persist 18110 3000 3
persist 19421 3000 3
persist 12229 2000 2
persist 18058 3000 3
persist 17963 3000 3
persist 18282 3000 3
persist 18249 3000 3
persist 17795 3000 3
persist 19558 3000 3
persist 19605 3000 3
persist 20041 3000 3
persist 20697 3000 3
persist 13524 2000 2
persist 20246 3000 3
persist 19636 3000 3
persist 20197 3000 3
persist 19925 3000 3
persist 20150 3000 3
persist 19973 3000 3
persist 19665 3000 3
persist 19329 3000 3
persist 18498 3000 3
persist 12574 2000 2
write base data version: 109900, memory: 5583958016 bytes (5325.28 MB)
persist 18504 3000 3
persist 18838 3000 3
persist 18802 3000 3
persist 19426 3000 3
persist 13513 2000 2
persist 20176 3000 3
persist 19636 3000 3
persist 19267 3000 3
persist 18916 3000 3
persist 18709 3000 3
persist 18802 3000 3
persist 12603 2000 2
persist 18799 3000 3
persist 18180 3000 3
persist 17935 3000 3
persist 17879 3000 3
persist 18736 3000 3
persist 12334 2000 2
persist 18277 3000 3
persist 17839 3000 3
persist 19520 3000 3
persist 19945 3000 3
persist 19736 3000 3
persist 19762 3000 3
persist 19629 3000 3
persist 19957 3000 3
persist 13809 2000 2
persist 20073 3000 3
persist 18715 3000 3
persist 18954 3000 3
persist 18815 3000 3
persist 18813 3000 3
persist 12801 2000 2
persist 18826 3000 3
persist 19159 3000 3
write base data version: 110000, memory: 5583958016 bytes (5325.28 MB)
persist 18255 3000 3
persist 13136 2000 2
persist 19407 3000 3
persist 19592 3000 3
persist 12977 2000 2
persist 18975 3000 3
persist 19054 3000 3
persist 19483 3000 3
persist 13258 2000 2
persist 19730 3000 3
persist 21154 3000 3
persist 13407 2000 2
persist 20017 3000 3
persist 13593 2000 2
persist 19895 3000 3
persist 19467 3000 3
persist 13339 2000 2
persist 19800 3000 3
persist 19698 3000 3
persist 13050 2000 2
persist 19504 3000 3
persist 19566 3000 3
persist 13643 2000 2
persist 19913 3000 3
persist 19804 3000 3
persist 13134 2000 2
persist 19180 3000 3
persist 19275 3000 3
persist 13183 2000 2
persist 20052 3000 3
persist 21027 3000 3
persist 13298 2000 2
persist 19165 3000 3
persist 12956 2000 2
persist 19041 3000 3
persist 18839 3000 3
persist 18899 3000 3
persist 12608 2000 2
write base data version: 110100, memory: 5583958016 bytes (5325.28 MB)
persist 18967 3000 3
persist 18791 3000 3
persist 18803 3000 3
persist 12674 2000 2
persist 19086 3000 3
persist 18720 3000 3
persist 19046 3000 3
persist 18745 3000 3
persist 12853 2000 2
persist 19372 3000 3
persist 18969 3000 3
persist 20581 3000 3
persist 12933 2000 2
persist 19010 3000 3
persist 18921 3000 3
persist 12901 2000 2
persist 19064 3000 3
persist 19084 3000 3
persist 19026 3000 3
persist 20053 3000 3
persist 12715 2000 2
persist 18776 3000 3
persist 19005 3000 3
persist 18964 3000 3
persist 12595 2000 2
persist 19013 3000 3
persist 19023 3000 3
persist 18676 3000 3
persist 12903 2000 2
persist 18905 3000 3
persist 19088 3000 3
persist 18742 3000 3
persist 18985 3000 3
persist 12688 2000 2
persist 18868 3000 3
persist 18994 3000 3
write base data version: 110200, memory: 5583958016 bytes (5325.28 MB)
persist 18932 3000 3
persist 18720 3000 3
persist 12740 2000 2
persist 18842 3000 3
persist 19064 3000 3
persist 18948 3000 3
persist 20208 3000 3
persist 12889 2000 2
persist 18763 3000 3
persist 18997 3000 3
persist 18725 3000 3
persist 18118 3000 3
persist 12105 2000 2
persist 17922 3000 3
persist 18220 3000 3
persist 18047 3000 3
persist 18316 3000 3
persist 18025 3000 3
persist 18168 3000 3
persist 18343 3000 3
persist 17738 3000 3
persist 12794 2000 2
persist 18896 3000 3
persist 18818 3000 3
persist 18888 3000 3
persist 12724 2000 2
persist 18907 3000 3
persist 18952 3000 3
persist 18935 3000 3
persist 12189 2000 2
persist 18089 3000 3
persist 18310 3000 3
persist 17880 3000 3
persist 17870 3000 3
persist 19087 3000 3
write base data version: 110300, memory: 5583958016 bytes (5325.28 MB)
persist 18798 3000 3
persist 12614 2000 2
persist 18062 3000 3
persist 18473 3000 3
persist 17907 3000 3
persist 17746 3000 3
persist 19654 3000 3
persist 13648 2000 2
persist 20090 3000 3
persist 19685 3000 3
persist 19611 3000 3
persist 19728 3000 3
persist 19822 3000 3
persist 19732 3000 3
persist 19697 3000 3
persist 19660 3000 3
persist 19607 3000 3
persist 19499 3000 3
persist 19495 3000 3
persist 19527 3000 3
persist 20329 3000 3
persist 19931 3000 3
persist 20308 3000 3
persist 13107 2000 2
persist 19386 3000 3
persist 19218 3000 3
persist 19660 3000 3
persist 19876 3000 3
persist 20070 3000 3
persist 19118 3000 3
persist 19678 3000 3
persist 19702 3000 3
persist 19360 3000 3
persist 19216 3000 3
write base data version: 110400, memory: 5583958016 bytes (5325.28 MB)
persist 19133 3000 3
persist 19002 3000 3
persist 19190 3000 3
persist 20949 3000 3
persist 13409 2000 2
persist 19874 3000 3
persist 19654 3000 3
persist 20514 3000 3
persist 20045 3000 3
persist 20285 3000 3
persist 19723 3000 3
persist 19941 3000 3
persist 19486 3000 3
persist 19698 3000 3
persist 19689 3000 3
persist 19714 3000 3
persist 19808 3000 3
persist 19283 3000 3
persist 18908 3000 3
persist 19049 3000 3
persist 13940 2000 2
persist 19917 3000 3
persist 19783 3000 3
persist 20404 3000 3
persist 19730 3000 3
persist 19118 3000 3
persist 19117 3000 3
persist 20003 3000 3
persist 19582 3000 3
persist 20486 3000 3
persist 20584 3000 3
persist 18373 3000 3
persist 17847 3000 3
persist 18655 3000 3
persist 12074 2000 2
write base data version: 110500, memory: 5583958016 bytes (5325.28 MB)
persist 20451 3000 3
persist 20127 3000 3
persist 20373 3000 3
persist 20049 3000 3
persist 20311 3000 3
persist 19841 3000 3
persist 20412 3000 3
persist 19765 3000 3
persist 20212 3000 3
persist 19448 3000 3
persist 19884 3000 3
persist 20137 3000 3
persist 19953 3000 3
persist 19826 3000 3
persist 19792 3000 3
persist 19920 3000 3
persist 19924 3000 3
persist 19773 3000 3
persist 19783 3000 3
persist 19715 3000 3
persist 20732 3000 3
persist 21020 3000 3
persist 13492 2000 2
persist 20070 3000 3
persist 18873 3000 3
persist 18906 3000 3
persist 17789 3000 3
persist 18171 3000 3
persist 18761 3000 3
persist 18484 3000 3
persist 12216 2000 2
persist 20082 3000 3
persist 19906 3000 3
persist 19928 3000 3
write base data version: 110600, memory: 5583958016 bytes (5325.28 MB)
persist 19549 3000 3
persist 18311 3000 3
persist 18433 3000 3
persist 19028 3000 3
persist 17932 3000 3
persist 12063 2000 2
persist 18355 3000 3
persist 18753 3000 3
persist 18755 3000 3
persist 17893 3000 3
persist 17944 3000 3
persist 19066 3000 3
persist 12024 2000 2
persist 20148 3000 3
persist 19679 3000 3
persist 19659 3000 3
persist 19634 3000 3
persist 19762 3000 3
persist 19996 3000 3
persist 13580 2000 2
persist 20173 3000 3
persist 19898 3000 3
persist 19678 3000 3
persist 19697 3000 3
persist 19703 3000 3
persist 19567 3000 3
persist 19473 3000 3
persist 19456 3000 3
persist 13407 2000 2
persist 19645 3000 3
persist 19162 3000 3
persist 19696 3000 3
persist 19658 3000 3
persist 13550 2000 2
persist 19942 3000 3
write base data version: 110700, memory: 5583958016 bytes (5325.28 MB)
persist 19298 3000 3
persist 19884 3000 3
persist 19910 3000 3
persist 13226 2000 2
persist 19522 3000 3
persist 19516 3000 3
persist 19924 3000 3
persist 19575 3000 3
persist 19537 3000 3
persist 20204 3000 3
persist 13432 2000 2
persist 19944 3000 3
persist 20079 3000 3
persist 19909 3000 3
persist 19638 3000 3
persist 20056 3000 3
persist 19248 3000 3
persist 19581 3000 3
persist 20108 3000 3
persist 20056 3000 3
persist 19754 3000 3
persist 19797 3000 3
persist 20308 3000 3
persist 13343 2000 2
persist 19967 3000 3
persist 19551 3000 3
persist 20107 3000 3
persist 18879 3000 3
persist 17768 3000 3
persist 18436 3000 3
persist 18101 3000 3
persist 18150 3000 3
persist 17868 3000 3
persist 12286 2000 2
write base data version: 110800, memory: 5583958016 bytes (5325.28 MB)
persist 18757 3000 3
persist 18745 3000 3
persist 19001 3000 3
persist 18787 3000 3
persist 18713 3000 3
persist 18913 3000 3
persist 12779 2000 2
persist 18923 3000 3
persist 18543 3000 3
persist 18673 3000 3
persist 18207 3000 3
persist 17920 3000 3
persist 12637 2000 2
persist 19119 3000 3
persist 18713 3000 3
persist 18686 3000 3
persist 18742 3000 3
persist 12643 2000 2
persist 18772 3000 3
persist 18858 3000 3
persist 18338 3000 3
persist 17806 3000 3
persist 18877 3000 3
persist 12134 2000 2
persist 18377 3000 3
persist 19955 3000 3
persist 20284 3000 3
persist 19685 3000 3
persist 20006 3000 3
persist 19856 3000 3
persist 19748 3000 3
persist 19903 3000 3
persist 19768 3000 3
persist 19662 3000 3
persist 19476 3000 3
write base data version: 110900, memory: 5583958016 bytes (5325.28 MB)
persist 19500 3000 3
persist 19749 3000 3
persist 20634 3000 3
persist 19878 3000 3
persist 13702 2000 2
persist 20314 3000 3
persist 19879 3000 3
persist 20302 3000 3
persist 20004 3000 3
persist 20067 3000 3
persist 19542 3000 3
persist 19850 3000 3
persist 19789 3000 3
persist 19803 3000 3
persist 19310 3000 3
persist 19218 3000 3
persist 12930 2000 2
persist 19212 3000 3
persist 18914 3000 3
persist 19739 3000 3
persist 12749 2000 2
persist 17846 3000 3
persist 18625 3000 3
persist 18796 3000 3
persist 18478 3000 3
persist 12124 2000 2
persist 18337 3000 3
persist 18156 3000 3
persist 18658 3000 3
persist 17907 3000 3
persist 17931 3000 3
persist 18075 3000 3
persist 18461 3000 3
persist 12043 2000 2
persist 18175 3000 3
write base data version: 111000, memory: 5583958016 bytes (5325.28 MB)
persist 18141 3000 3
persist 18547 3000 3
persist 18763 3000 3
persist 18218 3000 3
persist 17965 3000 3
persist 12119 2000 2
persist 18779 3000 3
persist 18078 3000 3
persist 18014 3000 3
persist 19206 3000 3
persist 12476 2000 2
persist 18165 3000 3
persist 17855 3000 3
persist 17871 3000 3
persist 18484 3000 3
persist 18163 3000 3
persist 12198 2000 2
persist 18603 3000 3
persist 17868 3000 3
persist 18629 3000 3
persist 17955 3000 3
persist 18471 3000 3
persist 18094 3000 3
persist 18020 3000 3
persist 12525 2000 2
persist 18956 3000 3
persist 18665 3000 3
persist 18683 3000 3
persist 18842 3000 3
persist 12627 2000 2
persist 19096 3000 3
persist 18793 3000 3
persist 18933 3000 3
persist 19787 3000 3
persist 12746 2000 2
write base data version: 111100, memory: 5583958016 bytes (5325.28 MB)
persist 18782 3000 3
persist 18975 3000 3
persist 18767 3000 3
persist 18805 3000 3
persist 12622 2000 2
persist 18947 3000 3
persist 19059 3000 3
persist 18831 3000 3
persist 18781 3000 3
persist 18665 3000 3
persist 12867 2000 2
persist 18559 3000 3
persist 17871 3000 3
persist 18131 3000 3
persist 18215 3000 3
persist 18393 3000 3
persist 18057 3000 3
persist 19394 3000 3
persist 12073 2000 2
persist 18530 3000 3
persist 18047 3000 3
persist 18102 3000 3
persist 18026 3000 3
persist 18945 3000 3
persist 18034 3000 3
persist 12471 2000 2
persist 17976 3000 3
persist 18596 3000 3
persist 18528 3000 3
persist 17772 3000 3
persist 18032 3000 3
persist 19043 3000 3
persist 12792 2000 2
persist 18254 3000 3
persist 18307 3000 3
write base data version: 111200, memory: 5583958016 bytes (5325.28 MB)
persist 18478 3000 3
persist 18687 3000 3
persist 17933 3000 3
persist 19441 3000 3
persist 12048 2000 2
persist 18518 3000 3
persist 17924 3000 3
persist 18004 3000 3
persist 17894 3000 3
persist 17986 3000 3
persist 18161 3000 3
persist 12136 2000 2
persist 18043 3000 3
persist 18399 3000 3
persist 18680 3000 3
persist 18308 3000 3
persist 17801 3000 3
persist 17972 3000 3
persist 17826 3000 3
persist 12129 2000 2
persist 18383 3000 3
persist 17792 3000 3
persist 18443 3000 3
persist 18215 3000 3
persist 18855 3000 3
persist 18430 3000 3
persist 12458 2000 2
persist 18360 3000 3
persist 18280 3000 3
persist 18130 3000 3
persist 17974 3000 3
persist 18223 3000 3
persist 12783 2000 2
persist 18884 3000 3
persist 18683 3000 3
persist 18753 3000 3
write base data version: 111300, memory: 5583958016 bytes (5325.28 MB)
persist 19099 3000 3
persist 12836 2000 2
persist 19170 3000 3
persist 18556 3000 3
persist 12651 2000 2
persist 18445 3000 3
persist 19004 3000 3
persist 13296 2000 2
persist 19679 3000 3
persist 20225 3000 3
persist 13407 2000 2
persist 19460 3000 3
persist 19555 3000 3
persist 13048 2000 2
persist 19497 3000 3
persist 13198 2000 2
persist 18619 3000 3
persist 18500 3000 3
persist 18729 3000 3
persist 13294 2000 2
persist 19793 3000 3
persist 13480 2000 2
persist 19442 3000 3
persist 19856 3000 3
persist 13535 2000 2
persist 19547 3000 3
persist 19134 3000 3
persist 18979 3000 3
persist 12737 2000 2
persist 19058 3000 3
persist 19156 3000 3
persist 12924 2000 2
persist 19117 3000 3
persist 18812 3000 3
persist 18793 3000 3
persist 12963 2000 2
persist 18761 3000 3
write base data version: 111400, memory: 5583958016 bytes (5325.28 MB)
persist 18897 3000 3
persist 18522 3000 3
persist 19471 3000 3
persist 13370 2000 2
persist 20643 3000 3
persist 13711 2000 2
persist 19997 3000 3
persist 20516 3000 3
persist 13531 2000 2
persist 20505 3000 3
persist 13686 2000 2
persist 19295 3000 3
persist 13524 2000 2
persist 19480 3000 3
persist 18795 3000 3
persist 18689 3000 3
persist 12707 2000 2
persist 19149 3000 3
persist 20213 3000 3
persist 13311 2000 2
persist 19346 3000 3
persist 19386 3000 3
persist 13017 2000 2
persist 19560 3000 3
persist 19523 3000 3
persist 19119 3000 3
persist 13018 2000 2
persist 20303 3000 3
persist 20067 3000 3
persist 12986 2000 2
persist 20033 3000 3
persist 13311 2000 2
persist 20248 3000 3
persist 19492 3000 3
persist 13149 2000 2
persist 19248 3000 3
persist 19209 3000 3
write base data version: 111500, memory: 5583958016 bytes (5325.28 MB)
persist 12691 2000 2
persist 18674 3000 3
persist 19006 3000 3
persist 18542 3000 3
persist 18698 3000 3
persist 13312 2000 2
persist 19893 3000 3
persist 19782 3000 3
persist 12985 2000 2
persist 19558 3000 3
persist 19839 3000 3
persist 13394 2000 2
persist 18736 3000 3
persist 19132 3000 3
persist 12573 2000 2
persist 19243 3000 3
persist 18182 3000 3
persist 19047 3000 3
persist 19525 3000 3
persist 12783 2000 2
persist 19268 3000 3
persist 18974 3000 3
persist 12533 2000 2
persist 19293 3000 3
persist 19017 3000 3
persist 19195 3000 3
persist 12811 2000 2
persist 18999 3000 3
persist 19027 3000 3
persist 18687 3000 3
persist 12467 2000 2
persist 18962 3000 3
persist 18422 3000 3
persist 19069 3000 3
persist 18468 3000 3
persist 12330 2000 2
persist 18353 3000 3
write base data version: 111600, memory: 5583958016 bytes (5325.28 MB)
persist 18995 3000 3
persist 18482 3000 3
persist 18885 3000 3
persist 12360 2000 2
persist 18309 3000 3
persist 18512 3000 3
persist 18641 3000 3
persist 19504 3000 3
persist 13239 2000 2
persist 20020 3000 3
persist 19931 3000 3
persist 13395 2000 2
persist 19568 3000 3
persist 19337 3000 3
persist 12926 2000 2
persist 19178 3000 3
persist 19039 3000 3
persist 19655 3000 3
persist 12446 2000 2
persist 18675 3000 3
persist 18447 3000 3
persist 19273 3000 3
persist 19106 3000 3
persist 12326 2000 2
persist 18367 3000 3
persist 18448 3000 3
persist 19057 3000 3
persist 18590 3000 3
persist 18415 3000 3
persist 18661 3000 3
persist 18314 3000 3
persist 12538 2000 2
persist 18757 3000 3
persist 18421 3000 3
persist 18551 3000 3
persist 18476 3000 3
write base data version: 111700, memory: 5583958016 bytes (5325.28 MB)
persist 12438 2000 2
persist 18552 3000 3
persist 18273 3000 3
persist 18835 3000 3
persist 18416 3000 3
persist 18169 3000 3
persist 18461 3000 3
persist 19126 3000 3
persist 12792 2000 2
persist 18523 3000 3
persist 18601 3000 3
persist 18703 3000 3
persist 18468 3000 3
persist 12546 2000 2
persist 18445 3000 3
persist 18221 3000 3
persist 18738 3000 3
persist 18500 3000 3
persist 18289 3000 3
persist 12786 2000 2
persist 18427 3000 3
persist 18902 3000 3
persist 19032 3000 3
persist 18329 3000 3
persist 18241 3000 3
persist 19204 3000 3
persist 12341 2000 2
persist 18605 3000 3
persist 18371 3000 3
persist 19160 3000 3
persist 13084 2000 2
persist 19243 3000 3
persist 19120 3000 3
persist 12907 2000 2
persist 19156 3000 3
write base data version: 111800, memory: 5583958016 bytes (5325.28 MB)
persist 19016 3000 3
persist 18240 3000 3
persist 18144 3000 3
persist 19797 3000 3
persist 12795 2000 2
persist 18750 3000 3
persist 18283 3000 3
persist 18572 3000 3
persist 19119 3000 3
persist 18167 3000 3
persist 12355 2000 2
persist 18368 3000 3
persist 18983 3000 3
persist 18945 3000 3
persist 18664 3000 3
persist 18209 3000 3
persist 19131 3000 3
persist 12395 2000 2
persist 18386 3000 3
persist 18268 3000 3
persist 18570 3000 3
persist 18455 3000 3
persist 18172 3000 3
persist 18643 3000 3
persist 12316 2000 2
persist 19193 3000 3
persist 18189 3000 3
persist 18615 3000 3
persist 18439 3000 3
persist 18269 3000 3
persist 19146 3000 3
persist 12375 2000 2
persist 18582 3000 3
persist 18549 3000 3
persist 19107 3000 3
write base data version: 111900, memory: 5583958016 bytes (5325.28 MB)
persist 18347 3000 3
persist 18153 3000 3
persist 12275 2000 2
persist 19106 3000 3
persist 18199 3000 3
persist 18286 3000 3
persist 18328 3000 3
persist 18677 3000 3
persist 18412 3000 3
persist 18219 3000 3
persist 12552 2000 2
persist 18845 3000 3
persist 18761 3000 3
persist 18265 3000 3
persist 18560 3000 3
persist 18299 3000 3
persist 12846 2000 2
persist 18322 3000 3
persist 18182 3000 3
persist 18441 3000 3
persist 19171 3000 3
persist 13007 2000 2
persist 19128 3000 3
persist 19308 3000 3
persist 12925 2000 2
persist 19199 3000 3
persist 19525 3000 3
persist 19620 3000 3
persist 12895 2000 2
persist 19224 3000 3
persist 19069 3000 3
persist 13053 2000 2
persist 18961 3000 3
persist 19311 3000 3
persist 19095 3000 3
persist 18575 3000 3
write base data version: 112000, memory: 5583958016 bytes (5325.28 MB)
persist 12448 2000 2
persist 18488 3000 3
persist 18641 3000 3
persist 18746 3000 3
persist 18514 3000 3
persist 18897 3000 3
persist 12945 2000 2
persist 18616 3000 3
persist 18500 3000 3
persist 18693 3000 3
persist 12631 2000 2
persist 18707 3000 3
persist 18931 3000 3
persist 18513 3000 3
persist 19464 3000 3
persist 12747 2000 2
persist 18459 3000 3
persist 19004 3000 3
persist 18582 3000 3
persist 19559 3000 3
persist 12538 2000 2
persist 18516 3000 3
persist 18822 3000 3
persist 18626 3000 3
persist 12590 2000 2
persist 18697 3000 3
persist 18700 3000 3
persist 19765 3000 3
persist 13394 2000 2
persist 19369 3000 3
persist 19175 3000 3
persist 19128 3000 3
persist 13028 2000 2
persist 19168 3000 3
persist 20188 3000 3
persist 13462 2000 2
write base data version: 112100, memory: 5583958016 bytes (5325.28 MB)
persist 19350 3000 3
persist 19195 3000 3
persist 12824 2000 2
persist 19222 3000 3
persist 19254 3000 3
persist 20819 3000 3
persist 12812 2000 2
persist 18968 3000 3
persist 19239 3000 3
persist 12747 2000 2
persist 19182 3000 3
persist 18960 3000 3
persist 19057 3000 3
persist 13053 2000 2
persist 19341 3000 3
persist 19041 3000 3
persist 19059 3000 3
persist 12801 2000 2
persist 19518 3000 3
persist 18933 3000 3
persist 12881 2000 2
persist 19127 3000 3
persist 19312 3000 3
persist 19633 3000 3
persist 12997 2000 2
persist 19229 3000 3
persist 19097 3000 3
persist 19196 3000 3
persist 13002 2000 2
persist 18454 3000 3
persist 19057 3000 3
persist 12934 2000 2
persist 19300 3000 3
persist 19041 3000 3
persist 19320 3000 3
persist 12826 2000 2
persist 19001 3000 3
write base data version: 112200, memory: 5583958016 bytes (5325.28 MB)
persist 19010 3000 3
persist 19147 3000 3
persist 12729 2000 2
persist 19176 3000 3
persist 18937 3000 3
persist 19025 3000 3
persist 18995 3000 3
persist 12889 2000 2
persist 19308 3000 3
persist 18891 3000 3
persist 18995 3000 3
persist 12711 2000 2
persist 19182 3000 3
persist 19209 3000 3
persist 19586 3000 3
persist 12971 2000 2
persist 19275 3000 3
persist 18994 3000 3
persist 18975 3000 3
persist 13050 2000 2
persist 19307 3000 3
persist 19131 3000 3
persist 12955 2000 2
persist 19118 3000 3
persist 18893 3000 3
persist 19020 3000 3
persist 12683 2000 2
persist 19302 3000 3
persist 18811 3000 3
persist 19360 3000 3
persist 12782 2000 2
persist 18954 3000 3
persist 18488 3000 3
persist 18703 3000 3
persist 12863 2000 2
persist 18884 3000 3
write base data version: 112300, memory: 5583958016 bytes (5325.28 MB)
persist 18704 3000 3
persist 12748 2000 2
persist 19191 3000 3
persist 19132 3000 3
persist 18875 3000 3
persist 18867 3000 3
persist 12789 2000 2
persist 19175 3000 3
persist 19212 3000 3
persist 19215 3000 3
persist 12704 2000 2
persist 18829 3000 3
persist 18969 3000 3
persist 18879 3000 3
persist 12674 2000 2
persist 19126 3000 3
persist 18752 3000 3
persist 19019 3000 3
persist 18985 3000 3
persist 12952 2000 2
persist 19114 3000 3
persist 19465 3000 3
persist 12664 2000 2
persist 19179 3000 3
persist 19031 3000 3
persist 18769 3000 3
persist 12919 2000 2
persist 18740 3000 3
persist 19096 3000 3
persist 18633 3000 3
persist 18442 3000 3
persist 12677 2000 2
persist 18723 3000 3
persist 19153 3000 3
persist 18818 3000 3
persist 12541 2000 2
write base data version: 112400, memory: 5583958016 bytes (5325.28 MB)
persist 18741 3000 3
persist 19297 3000 3
persist 18686 3000 3
persist 18668 3000 3
persist 18925 3000 3
persist 13101 2000 2
persist 19142 3000 3
persist 19061 3000 3
persist 12821 2000 2
persist 19176 3000 3
persist 19012 3000 3
persist 19101 3000 3
persist 12888 2000 2
persist 19071 3000 3
persist 19306 3000 3
persist 19083 3000 3
persist 12805 2000 2
persist 19164 3000 3
persist 19057 3000 3
persist 20549 3000 3
persist 12504 2000 2
persist 18916 3000 3
persist 18749 3000 3
persist 18844 3000 3
persist 12625 2000 2
persist 19064 3000 3
persist 18904 3000 3
persist 18928 3000 3
persist 18694 3000 3
persist 12765 2000 2
persist 18453 3000 3
persist 19059 3000 3
persist 18576 3000 3
persist 20108 3000 3
persist 12545 2000 2
persist 19180 3000 3
write base data version: 112500, memory: 5583958016 bytes (5325.28 MB)
persist 18850 3000 3
persist 18723 3000 3
persist 20133 3000 3
persist 12325 2000 2
persist 18985 3000 3
persist 18443 3000 3
persist 18431 3000 3
persist 18708 3000 3
persist 12689 2000 2
persist 18650 3000 3
persist 18619 3000 3
persist 18562 3000 3
persist 19468 3000 3
persist 12573 2000 2
persist 18562 3000 3
persist 18836 3000 3
persist 18582 3000 3
persist 19067 3000 3
persist 12872 2000 2
persist 18943 3000 3
persist 18455 3000 3
persist 18771 3000 3
persist 12593 2000 2
persist 18531 3000 3
persist 18683 3000 3
persist 19030 3000 3
persist 19008 3000 3
persist 12877 2000 2
persist 19031 3000 3
persist 18973 3000 3
persist 19187 3000 3
persist 12934 2000 2
persist 19296 3000 3
persist 19374 3000 3
persist 19102 3000 3
persist 13010 2000 2
write base data version: 112600, memory: 5583958016 bytes (5325.28 MB)
persist 18937 3000 3
persist 18986 3000 3
persist 19344 3000 3
persist 12947 2000 2
persist 18789 3000 3
persist 18899 3000 3
persist 19084 3000 3
persist 12832 2000 2
persist 19278 3000 3
persist 18490 3000 3
persist 18725 3000 3
persist 18991 3000 3
persist 12802 2000 2
persist 19224 3000 3
persist 19006 3000 3
persist 18817 3000 3
persist 19572 3000 3
persist 12954 2000 2
persist 18900 3000 3
persist 18942 3000 3
persist 18755 3000 3
persist 19958 3000 3
persist 12560 2000 2
persist 19102 3000 3
persist 19002 3000 3
persist 12924 2000 2
persist 19294 3000 3
persist 18776 3000 3
persist 19165 3000 3
persist 18791 3000 3
persist 19617 3000 3
persist 12544 2000 2
persist 18753 3000 3
persist 18393 3000 3
persist 18397 3000 3
persist 12457 2000 2
write base data version: 112700, memory: 5583958016 bytes (5325.28 MB)
persist 18697 3000 3
persist 18930 3000 3
persist 18738 3000 3
persist 18852 3000 3
persist 12888 2000 2
persist 19194 3000 3
persist 18680 3000 3
persist 19070 3000 3
persist 18467 3000 3
persist 12616 2000 2
persist 18815 3000 3
persist 18855 3000 3
persist 18762 3000 3
persist 18875 3000 3
persist 12920 2000 2
persist 18395 3000 3
persist 18821 3000 3
persist 18496 3000 3
persist 19217 3000 3
persist 12634 2000 2
persist 18657 3000 3
persist 19173 3000 3
persist 19109 3000 3
persist 12712 2000 2
persist 19183 3000 3
persist 18754 3000 3
persist 18944 3000 3
persist 18394 3000 3
persist 18723 3000 3
persist 12867 2000 2
persist 18308 3000 3
persist 19071 3000 3
persist 18510 3000 3
persist 18767 3000 3
persist 12689 2000 2
persist 18564 3000 3
write base data version: 112800, memory: 5583958016 bytes (5325.28 MB)
persist 18975 3000 3
persist 18783 3000 3
persist 19293 3000 3
persist 12807 2000 2
persist 19075 3000 3
persist 18938 3000 3
persist 19017 3000 3
persist 13010 2000 2
persist 18682 3000 3
persist 18780 3000 3
persist 18578 3000 3
persist 19072 3000 3
persist 12864 2000 2
persist 19125 3000 3
persist 19278 3000 3
persist 18530 3000 3
persist 12917 2000 2
persist 18900 3000 3
persist 18489 3000 3
persist 18920 3000 3
persist 18650 3000 3
persist 19403 3000 3
persist 12922 2000 2
persist 19288 3000 3
persist 18602 3000 3
persist 12874 2000 2
persist 19017 3000 3
persist 18884 3000 3
persist 18738 3000 3
persist 12900 2000 2
persist 19226 3000 3
persist 19042 3000 3
persist 18997 3000 3
persist 12392 2000 2
persist 19460 3000 3
persist 18885 3000 3
write base data version: 112900, memory: 5583958016 bytes (5325.28 MB)
persist 19527 3000 3
persist 13102 2000 2
persist 18792 3000 3
persist 19035 3000 3
persist 18745 3000 3
persist 12303 2000 2
persist 19250 3000 3
persist 18223 3000 3
persist 18998 3000 3
persist 18970 3000 3
persist 12835 2000 2
persist 18907 3000 3
persist 19084 3000 3
persist 12719 2000 2
persist 19245 3000 3
persist 19096 3000 3
persist 19222 3000 3
persist 12930 2000 2
persist 19277 3000 3
persist 19154 3000 3
persist 13076 2000 2
persist 18392 3000 3
persist 19377 3000 3
persist 19544 3000 3
persist 12904 2000 2
persist 18998 3000 3
persist 19062 3000 3
persist 19273 3000 3
persist 13052 2000 2
persist 19283 3000 3
persist 19281 3000 3
persist 12831 2000 2
persist 18822 3000 3
persist 19200 3000 3
persist 12767 2000 2
persist 18963 3000 3
persist 18011 3000 3
write base data version: 113000, memory: 5583958016 bytes (5325.28 MB)
persist 18878 3000 3
persist 18177 3000 3
persist 18734 3000 3
persist 18000 3000 3
persist 12734 2000 2
persist 18548 3000 3
persist 17806 3000 3
persist 18172 3000 3
persist 18630 3000 3
persist 18799 3000 3
persist 18090 3000 3
persist 17804 3000 3
persist 12000 2000 2
persist 18814 3000 3
persist 18254 3000 3
persist 18597 3000 3
persist 19495 3000 3
persist 20043 3000 3
persist 20595 3000 3
persist 19872 3000 3
persist 19677 3000 3
persist 19655 3000 3
persist 19602 3000 3
persist 21157 3000 3
persist 20933 3000 3
persist 13531 2000 2
persist 20681 3000 3
persist 19678 3000 3
persist 20098 3000 3
persist 20119 3000 3
persist 20144 3000 3
persist 19955 3000 3
persist 19853 3000 3
persist 19575 3000 3
write base data version: 113100, memory: 5583958016 bytes (5325.28 MB)
persist 19634 3000 3
persist 20112 3000 3
persist 19910 3000 3
persist 19920 3000 3
persist 21628 3000 3
persist 13667 2000 2
persist 20089 3000 3
persist 19934 3000 3
persist 20132 3000 3
persist 19803 3000 3
persist 20120 3000 3
persist 19692 3000 3
persist 19835 3000 3
persist 19992 3000 3
persist 19754 3000 3
persist 19731 3000 3
persist 19718 3000 3
persist 20242 3000 3
persist 13621 2000 2
persist 20130 3000 3
persist 20149 3000 3
persist 20685 3000 3
persist 19994 3000 3
persist 20085 3000 3
persist 19314 3000 3
persist 19648 3000 3
persist 19637 3000 3
persist 19865 3000 3
persist 19802 3000 3
persist 19795 3000 3
persist 19783 3000 3
persist 20595 3000 3
persist 19978 3000 3
persist 19950 3000 3
write base data version: 113200, memory: 5583958016 bytes (5325.28 MB)
persist 20048 3000 3
persist 20455 3000 3
persist 14064 2000 2
persist 20266 3000 3
persist 19548 3000 3
persist 19896 3000 3
persist 19726 3000 3
persist 19603 3000 3
persist 19654 3000 3
persist 19884 3000 3
persist 19842 3000 3
persist 19832 3000 3
persist 19612 3000 3
persist 19595 3000 3
persist 19595 3000 3
persist 20188 3000 3
persist 13384 2000 2
persist 20094 3000 3
persist 19651 3000 3
persist 20124 3000 3
persist 19874 3000 3
persist 20032 3000 3
persist 19322 3000 3
persist 19692 3000 3
persist 19611 3000 3
persist 19721 3000 3
persist 19763 3000 3
persist 20289 3000 3
persist 19733 3000 3
persist 19519 3000 3
persist 19497 3000 3
persist 19725 3000 3
persist 13511 2000 2
persist 20120 3000 3
write base data version: 113300, memory: 5583958016 bytes (5325.28 MB)
persist 19642 3000 3
persist 19932 3000 3
persist 19488 3000 3
persist 19677 3000 3
persist 19672 3000 3
persist 19821 3000 3
persist 19651 3000 3
persist 13384 2000 2
persist 19924 3000 3
persist 20048 3000 3
persist 19632 3000 3
persist 19610 3000 3
persist 19662 3000 3
persist 19756 3000 3
persist 19756 3000 3
persist 19601 3000 3
persist 19562 3000 3
persist 20668 3000 3
persist 20793 3000 3
persist 13420 2000 2
persist 19966 3000 3
persist 19547 3000 3
persist 19862 3000 3
persist 19397 3000 3
persist 19656 3000 3
persist 19703 3000 3
persist 19815 3000 3
persist 19808 3000 3
persist 19538 3000 3
persist 19585 3000 3
persist 19529 3000 3
persist 20002 3000 3
persist 20358 3000 3
persist 13236 2000 2
persist 19845 3000 3
write base data version: 113400, memory: 5583958016 bytes (5325.28 MB)
persist 19755 3000 3
persist 19921 3000 3
persist 19702 3000 3
persist 20087 3000 3
persist 19247 3000 3
persist 19691 3000 3
persist 19747 3000 3
persist 19715 3000 3
persist 19729 3000 3
persist 19716 3000 3
persist 19657 3000 3
persist 19518 3000 3
persist 21066 3000 3
persist 13452 2000 2
persist 20260 3000 3
persist 20032 3000 3
persist 19942 3000 3
persist 20084 3000 3
persist 20282 3000 3
persist 19875 3000 3
persist 19660 3000 3
persist 19633 3000 3
persist 18263 3000 3
persist 17840 3000 3
persist 18108 3000 3
persist 18405 3000 3
persist 12635 2000 2
persist 17996 3000 3
persist 19575 3000 3
persist 19512 3000 3
persist 19077 3000 3
persist 18839 3000 3
persist 19841 3000 3
persist 12899 2000 2
write base data version: 113500, memory: 5583958016 bytes (5325.28 MB)
persist 19962 3000 3
persist 19317 3000 3
persist 12900 2000 2
persist 19142 3000 3
persist 19114 3000 3
persist 12936 2000 2
persist 19171 3000 3
persist 19134 3000 3
persist 20549 3000 3
persist 12913 2000 2
persist 19154 3000 3
persist 19197 3000 3
persist 13124 2000 2
persist 20124 3000 3
persist 19464 3000 3
persist 12681 2000 2
persist 18194 3000 3
persist 18180 3000 3
persist 18638 3000 3
persist 17783 3000 3
persist 12701 2000 2
persist 18233 3000 3
persist 19114 3000 3
persist 17969 3000 3
persist 18000 3000 3
persist 18876 3000 3
persist 17868 3000 3
persist 20087 3000 3
persist 21119 3000 3
persist 21268 3000 3
persist 19946 3000 3
persist 21534 3000 3
persist 13901 2000 2
persist 20576 3000 3
persist 19624 3000 3
persist 20024 3000 3
write base data version: 113600, memory: 5583958016 bytes (5325.28 MB)
persist 19528 3000 3
persist 20020 3000 3
persist 20079 3000 3
persist 19776 3000 3
persist 19851 3000 3
persist 19620 3000 3
persist 19545 3000 3
persist 19569 3000 3
persist 19917 3000 3
persist 21174 3000 3
persist 13582 2000 2
persist 19875 3000 3
persist 19804 3000 3
persist 20376 3000 3
persist 19999 3000 3
persist 20047 3000 3
persist 20077 3000 3
persist 19821 3000 3
persist 19714 3000 3
persist 19595 3000 3
persist 19703 3000 3
persist 20265 3000 3
persist 21084 3000 3
persist 13592 2000 2
persist 20377 3000 3
persist 19110 3000 3
persist 18775 3000 3
persist 18188 3000 3
persist 17906 3000 3
persist 18376 3000 3
persist 12515 2000 2
persist 18586 3000 3
persist 18226 3000 3
persist 18700 3000 3
write base data version: 113700, memory: 5583958016 bytes (5325.28 MB)
persist 18686 3000 3
persist 17986 3000 3
persist 12106 2000 2
persist 18300 3000 3
persist 17906 3000 3
persist 18846 3000 3
persist 18022 3000 3
persist 18535 3000 3
persist 19960 3000 3
persist 13885 2000 2
persist 21683 3000 3
persist 20035 3000 3
persist 20310 3000 3
persist 13769 2000 2
persist 20018 3000 3
persist 20009 3000 3
persist 13791 2000 2
persist 20138 3000 3
persist 20220 3000 3
persist 20497 3000 3
persist 13618 2000 2
persist 20177 3000 3
persist 20530 3000 3
persist 20456 3000 3
persist 13633 2000 2
persist 20501 3000 3
persist 19910 3000 3
persist 20521 3000 3
persist 20019 3000 3
persist 20112 3000 3
persist 13655 2000 2
persist 20039 3000 3
persist 20101 3000 3
persist 20130 3000 3
persist 20019 3000 3
persist 13536 2000 2
write base data version: 113800, memory: 5583958016 bytes (5325.28 MB)
persist 20398 3000 3
persist 20097 3000 3
persist 20469 3000 3
persist 19646 3000 3
persist 20010 3000 3
persist 20121 3000 3
persist 20068 3000 3
persist 20028 3000 3
persist 13735 2000 2
persist 20382 3000 3
persist 19870 3000 3
persist 19958 3000 3
persist 20004 3000 3
persist 20231 3000 3
persist 19947 3000 3
persist 13701 2000 2
persist 20389 3000 3
persist 20367 3000 3
persist 20263 3000 3
persist 19636 3000 3
persist 19978 3000 3
persist 20098 3000 3
persist 19965 3000 3
persist 19936 3000 3
persist 21434 3000 3
persist 13692 2000 2
persist 20737 3000 3
persist 20069 3000 3
persist 20074 3000 3
persist 19351 3000 3
persist 19660 3000 3
persist 20013 3000 3
persist 19759 3000 3
persist 19730 3000 3
persist 19785 3000 3
write base data version: 113900, memory: 5583958016 bytes (5325.28 MB)
persist 19619 3000 3
persist 20328 3000 3
persist 21113 3000 3
persist 13566 2000 2
persist 20061 3000 3
persist 19563 3000 3
persist 20056 3000 3
persist 19635 3000 3
persist 19546 3000 3
persist 19598 3000 3
persist 19675 3000 3
persist 19801 3000 3
persist 19813 3000 3
persist 20063 3000 3
persist 19476 3000 3
persist 19438 3000 3
persist 20772 3000 3
persist 13438 2000 2
persist 19949 3000 3
persist 19659 3000 3
persist 20165 3000 3
persist 19452 3000 3
persist 19596 3000 3
persist 19615 3000 3
persist 19953 3000 3
persist 20159 3000 3
persist 19926 3000 3
persist 19903 3000 3
persist 20328 3000 3
persist 14328 2000 2
persist 19978 3000 3
persist 19448 3000 3
persist 19892 3000 3
persist 19652 3000 3
write base data version: 114000, memory: 5583958016 bytes (5325.28 MB)
persist 20056 3000 3
persist 19951 3000 3
persist 19544 3000 3
persist 19570 3000 3
persist 19803 3000 3
persist 19773 3000 3
persist 19802 3000 3
persist 19651 3000 3
persist 20008 3000 3
persist 12922 2000 2
persist 19079 3000 3
persist 19061 3000 3
persist 12874 2000 2
persist 19111 3000 3
persist 19242 3000 3
persist 18822 3000 3
persist 13690 2000 2
persist 20069 3000 3
persist 19580 3000 3
persist 19966 3000 3
persist 19882 3000 3
persist 19045 3000 3
persist 18715 3000 3
persist 12764 2000 2
persist 18862 3000 3
persist 18934 3000 3
persist 19076 3000 3
persist 18823 3000 3
persist 12018 2000 2
persist 18854 3000 3
persist 17804 3000 3
persist 18150 3000 3
persist 18282 3000 3
persist 19421 3000 3
persist 20580 3000 3
write base data version: 114100, memory: 5583958016 bytes (5325.28 MB)
persist 13362 2000 2
persist 19982 3000 3
persist 19488 3000 3
persist 20789 3000 3
persist 19515 3000 3
persist 19992 3000 3
persist 20133 3000 3
persist 19678 3000 3
persist 18838 3000 3
persist 12076 2000 2
persist 18012 3000 3
persist 18717 3000 3
persist 18002 3000 3
persist 18499 3000 3
persist 18093 3000 3
persist 12383 2000 2
persist 19057 3000 3
persist 18698 3000 3
persist 18834 3000 3
persist 18883 3000 3
persist 17984 3000 3
persist 17947 3000 3
persist 19250 3000 3
persist 12325 2000 2
persist 18645 3000 3
persist 18817 3000 3
persist 18099 3000 3
persist 17905 3000 3
persist 18249 3000 3
persist 17903 3000 3
persist 13425 2000 2
persist 20237 3000 3
persist 19849 3000 3
persist 18839 3000 3
persist 18197 3000 3
write base data version: 114200, memory: 5583958016 bytes (5325.28 MB)
persist 18244 3000 3
persist 18472 3000 3
persist 18034 3000 3
persist 12655 2000 2
persist 18106 3000 3
persist 17892 3000 3
persist 18110 3000 3
persist 18414 3000 3
persist 17795 3000 3
persist 18908 3000 3
persist 12278 2000 2
persist 18242 3000 3
persist 18691 3000 3
persist 18382 3000 3
persist 19466 3000 3
persist 19787 3000 3
persist 19908 3000 3
persist 18481 3000 3
persist 18907 3000 3
persist 18533 3000 3
persist 12481 2000 2
persist 19215 3000 3
persist 18218 3000 3
persist 21876 3000 3
persist 13808 2000 2
persist 20001 3000 3
persist 18076 3000 3
persist 17905 3000 3
persist 17967 3000 3
persist 17861 3000 3
persist 12710 2000 2
persist 18097 3000 3
persist 18210 3000 3
persist 18100 3000 3
persist 18548 3000 3
write base data version: 114300, memory: 5583958016 bytes (5325.28 MB)
persist 18522 3000 3
persist 18033 3000 3
persist 18210 3000 3
persist 12710 2000 2
persist 17952 3000 3
persist 17868 3000 3
persist 17862 3000 3
persist 18291 3000 3
persist 18344 3000 3
persist 18298 3000 3
persist 12063 2000 2
persist 18114 3000 3
persist 18927 3000 3
persist 18492 3000 3
persist 19214 3000 3
persist 12636 2000 2
persist 18759 3000 3
persist 19115 3000 3
persist 17898 3000 3
persist 18235 3000 3
persist 12361 2000 2
persist 19107 3000 3
persist 17949 3000 3
persist 18180 3000 3
persist 18420 3000 3
persist 18691 3000 3
persist 18057 3000 3
persist 17798 3000 3
persist 12119 2000 2
persist 18412 3000 3
persist 18533 3000 3
persist 18194 3000 3
persist 19376 3000 3
persist 19876 3000 3
persist 19690 3000 3
write base data version: 114400, memory: 5583958016 bytes (5325.28 MB)
persist 19411 3000 3
persist 19621 3000 3
persist 19551 3000 3
persist 20332 3000 3
persist 20004 3000 3
persist 19994 3000 3
persist 12998 2000 2
persist 18892 3000 3
persist 17890 3000 3
persist 18356 3000 3
persist 18400 3000 3
persist 17976 3000 3
persist 18717 3000 3
persist 17777 3000 3
persist 18784 3000 3
persist 12579 2000 2
persist 18583 3000 3
persist 17899 3000 3
persist 18229 3000 3
persist 18186 3000 3
persist 18376 3000 3
persist 12714 2000 2
persist 18603 3000 3
persist 18001 3000 3
persist 19234 3000 3
persist 18203 3000 3
persist 18911 3000 3
persist 13679 2000 2
persist 19976 3000 3
persist 20180 3000 3
persist 19767 3000 3
persist 19561 3000 3
persist 19963 3000 3
persist 19990 3000 3
persist 19623 3000 3
write base data version: 114500, memory: 5583958016 bytes (5325.28 MB)
persist 19661 3000 3
persist 19668 3000 3
persist 20636 3000 3
persist 14305 2000 2
persist 19953 3000 3
persist 19524 3000 3
persist 19568 3000 3
persist 19694 3000 3
persist 19866 3000 3
persist 19547 3000 3
persist 19196 3000 3
persist 12990 2000 2
persist 18144 3000 3
persist 18401 3000 3
persist 18443 3000 3
persist 18175 3000 3
persist 18655 3000 3
persist 12186 2000 2
persist 19815 3000 3
persist 19894 3000 3
persist 19837 3000 3
persist 19703 3000 3
persist 19725 3000 3
persist 19686 3000 3
persist 19639 3000 3
persist 19920 3000 3
persist 13307 2000 2
persist 20114 3000 3
persist 19502 3000 3
persist 19673 3000 3
persist 19732 3000 3
persist 19661 3000 3
persist 19812 3000 3
persist 21491 3000 3
write base data version: 114600, memory: 5583958016 bytes (5325.28 MB)
persist 13898 2000 2
persist 20350 3000 3
persist 19920 3000 3
persist 20296 3000 3
persist 19743 3000 3
persist 19510 3000 3
persist 19807 3000 3
persist 19702 3000 3
persist 19739 3000 3
persist 19695 3000 3
persist 19790 3000 3
persist 20383 3000 3
persist 13504 2000 2
persist 20128 3000 3
persist 19855 3000 3
persist 20115 3000 3
persist 19671 3000 3
persist 19615 3000 3
persist 19726 3000 3
persist 19798 3000 3
persist 20269 3000 3
persist 20419 3000 3
persist 20456 3000 3
persist 21986 3000 3
persist 13996 2000 2
persist 19948 3000 3
persist 19909 3000 3
persist 19707 3000 3
persist 19675 3000 3
persist 19704 3000 3
persist 19752 3000 3
persist 19853 3000 3
persist 19733 3000 3
persist 19557 3000 3
persist 19562 3000 3
write base data version: 114700, memory: 5583958016 bytes (5325.28 MB)
persist 14361 2000 2
persist 19997 3000 3
persist 19736 3000 3
persist 20057 3000 3
persist 19522 3000 3
persist 20036 3000 3
persist 19692 3000 3
persist 19579 3000 3
persist 19653 3000 3
persist 19759 3000 3
persist 19555 3000 3
persist 19573 3000 3
persist 19539 3000 3
persist 13584 2000 2
persist 19992 3000 3
persist 19614 3000 3
persist 20027 3000 3
persist 19815 3000 3
persist 19662 3000 3
persist 19435 3000 3
persist 19789 3000 3
persist 19868 3000 3
persist 19745 3000 3
persist 19569 3000 3
persist 19508 3000 3
persist 13399 2000 2
persist 20127 3000 3
persist 19586 3000 3
persist 20110 3000 3
persist 19715 3000 3
persist 19586 3000 3
persist 19697 3000 3
persist 19596 3000 3
persist 19667 3000 3
write base data version: 114800, memory: 5583958016 bytes (5325.28 MB)
persist 19548 3000 3
persist 19645 3000 3
persist 20897 3000 3
persist 13174 2000 2
persist 20025 3000 3
persist 19570 3000 3
persist 19673 3000 3
persist 20197 3000 3
persist 19884 3000 3
persist 19927 3000 3
persist 19753 3000 3
persist 19557 3000 3
persist 19720 3000 3
persist 13717 2000 2
persist 19990 3000 3
persist 19536 3000 3
persist 20361 3000 3
persist 20228 3000 3
persist 20558 3000 3
persist 19389 3000 3
persist 19713 3000 3
persist 20189 3000 3
persist 19997 3000 3
persist 19830 3000 3
persist 19609 3000 3
persist 19588 3000 3
persist 20605 3000 3
persist 13367 2000 2
persist 19874 3000 3
persist 19653 3000 3
persist 20080 3000 3
persist 19404 3000 3
persist 19962 3000 3
persist 19744 3000 3
write base data version: 114900, memory: 5583958016 bytes (5325.28 MB)
persist 19696 3000 3
persist 19826 3000 3
persist 19859 3000 3
persist 19803 3000 3
persist 17944 3000 3
persist 18939 3000 3
persist 12453 2000 2
persist 18253 3000 3
persist 19769 3000 3
persist 19788 3000 3
persist 19644 3000 3
persist 19827 3000 3
persist 19692 3000 3
persist 19464 3000 3
persist 13495 2000 2
persist 20050 3000 3
persist 19766 3000 3
persist 20343 3000 3
persist 19294 3000 3
persist 19687 3000 3
persist 19807 3000 3
persist 19664 3000 3
persist 19831 3000 3
persist 19897 3000 3
persist 19798 3000 3
persist 13350 2000 2
persist 19890 3000 3
persist 19597 3000 3
persist 20376 3000 3
persist 20044 3000 3
persist 20252 3000 3
persist 19459 3000 3
persist 19628 3000 3
persist 19877 3000 3
write base data version: 115000, memory: 5583958016 bytes (5325.28 MB)
persist 19789 3000 3
persist 19726 3000 3
persist 18162 3000 3
persist 18449 3000 3
persist 18134 3000 3
persist 17897 3000 3
persist 17837 3000 3
persist 18077 3000 3
persist 12246 2000 2
persist 18879 3000 3
persist 18238 3000 3
persist 18352 3000 3
persist 18443 3000 3
persist 18233 3000 3
persist 17805 3000 3
persist 19403 3000 3
persist 20652 3000 3
persist 21208 3000 3
persist 21081 3000 3
persist 13324 2000 2
persist 19874 3000 3
persist 19619 3000 3
persist 20325 3000 3
persist 19560 3000 3
persist 19672 3000 3
persist 19764 3000 3
persist 20258 3000 3
persist 19681 3000 3
persist 20487 3000 3
persist 20219 3000 3
persist 19821 3000 3
persist 20573 3000 3
persist 21150 3000 3
persist 13360 2000 2
persist 19909 3000 3
write base data version: 115100, memory: 5583958016 bytes (5325.28 MB)
persist 19626 3000 3
persist 19810 3000 3
persist 19703 3000 3
persist 19914 3000 3
persist 21151 3000 3
persist 19717 3000 3
persist 19708 3000 3
persist 19658 3000 3
persist 19758 3000 3
persist 19781 3000 3
persist 19459 3000 3
persist 19455 3000 3
persist 19873 3000 3
persist 21153 3000 3
persist 13272 2000 2
persist 19885 3000 3
persist 19825 3000 3
persist 19975 3000 3
persist 19792 3000 3
persist 19889 3000 3
persist 19459 3000 3
persist 18782 3000 3
persist 17872 3000 3
persist 17848 3000 3
persist 17930 3000 3
persist 12189 2000 2
persist 18101 3000 3
persist 17812 3000 3
persist 18025 3000 3
persist 18738 3000 3
persist 18229 3000 3
persist 17772 3000 3
persist 12117 2000 2
persist 17882 3000 3
write base data version: 115200, memory: 5583958016 bytes (5325.28 MB)
persist 18572 3000 3
persist 18355 3000 3
persist 18632 3000 3
persist 18069 3000 3
persist 18235 3000 3
persist 17765 3000 3
persist 12713 2000 2
persist 18361 3000 3
persist 18908 3000 3
persist 18595 3000 3
persist 18258 3000 3
persist 17866 3000 3
persist 18369 3000 3
persist 12452 2000 2
persist 18028 3000 3
persist 18455 3000 3
persist 18018 3000 3
persist 18798 3000 3
persist 12274 2000 2
persist 18278 3000 3
persist 17914 3000 3
persist 18550 3000 3
persist 18137 3000 3
persist 18259 3000 3
persist 12113 2000 2
persist 18492 3000 3
persist 20007 3000 3
persist 19400 3000 3
persist 19206 3000 3
persist 18818 3000 3
persist 12711 2000 2
persist 18147 3000 3
persist 17933 3000 3
persist 18309 3000 3
persist 18237 3000 3
write base data version: 115300, memory: 5583958016 bytes (5325.28 MB)
persist 12353 2000 2
persist 18813 3000 3
persist 18600 3000 3
persist 18014 3000 3
persist 18428 3000 3
persist 18235 3000 3
persist 18294 3000 3
persist 12452 2000 2
persist 18802 3000 3
persist 19119 3000 3
persist 19344 3000 3
persist 12634 2000 2
persist 19111 3000 3
persist 18782 3000 3
persist 20107 3000 3
persist 12699 2000 2
persist 18933 3000 3
persist 18946 3000 3
persist 12630 2000 2
persist 18952 3000 3
persist 18706 3000 3
persist 18839 3000 3
persist 12808 2000 2
persist 18749 3000 3
persist 18888 3000 3
persist 18836 3000 3
persist 12677 2000 2
persist 19171 3000 3
persist 18813 3000 3
persist 20564 3000 3
persist 13931 2000 2
persist 20685 3000 3
persist 22177 3000 3
persist 12942 2000 2
persist 18926 3000 3
persist 18770 3000 3
persist 12629 2000 2
write base data version: 115400, memory: 5583958016 bytes (5325.28 MB)
persist 18993 3000 3
persist 18903 3000 3
persist 18747 3000 3
persist 12848 2000 2
persist 18702 3000 3
persist 18951 3000 3
persist 18695 3000 3
persist 12609 2000 2
persist 18926 3000 3
persist 18627 3000 3
persist 19669 3000 3
persist 12704 2000 2
persist 19053 3000 3
persist 18690 3000 3
persist 12677 2000 2
persist 18970 3000 3
persist 18756 3000 3
persist 12740 2000 2
persist 18925 3000 3
persist 19081 3000 3
persist 12752 2000 2
persist 19029 3000 3
persist 19094 3000 3
persist 18966 3000 3
persist 12752 2000 2
persist 18844 3000 3
persist 18958 3000 3
persist 18824 3000 3
persist 19055 3000 3
persist 12802 2000 2
persist 19664 3000 3
persist 19361 3000 3
persist 12724 2000 2
persist 18706 3000 3
persist 18718 3000 3
persist 12553 2000 2
write base data version: 115500, memory: 5583958016 bytes (5325.28 MB)
persist 18666 3000 3
persist 18992 3000 3
persist 18685 3000 3
persist 18527 3000 3
persist 13067 2000 2
persist 18453 3000 3
persist 18640 3000 3
persist 18540 3000 3
persist 12655 2000 2
persist 19011 3000 3
persist 18334 3000 3
persist 17807 3000 3
persist 17842 3000 3
persist 18529 3000 3
persist 12669 2000 2
persist 19794 3000 3
persist 19074 3000 3
persist 17985 3000 3
persist 12358 2000 2
persist 18604 3000 3
persist 18663 3000 3
persist 17961 3000 3
persist 19252 3000 3
persist 19337 3000 3
persist 12615 2000 2
persist 18969 3000 3
persist 18758 3000 3
persist 18715 3000 3
persist 18714 3000 3
persist 12099 2000 2
persist 18626 3000 3
persist 19020 3000 3
persist 19814 3000 3
persist 19990 3000 3
persist 20058 3000 3
persist 14233 2000 2
write base data version: 115600, memory: 5583958016 bytes (5325.28 MB)
persist 20360 3000 3
persist 20139 3000 3
persist 20317 3000 3
persist 20297 3000 3
persist 20009 3000 3
persist 20571 3000 3
persist 21931 3000 3
persist 20344 3000 3
persist 15999 2000 2
persist 23004 3000 3
persist 16773 2000 2
persist 18797 3000 3
persist 15305 2000 2
persist 17928 3000 3
persist 24705 3000 3
persist 12378 2000 2
persist 22100 3000 3
persist 11251 2000 2
persist 21321 3000 3
persist 18069 3000 3
persist 18603 3000 3
persist 17423 3000 3
persist 22835 3000 3
persist 22687 3000 3
persist 17813 3000 3
persist 18504 3000 3
persist 11469 2000 2
persist 17897 3000 3
persist 11976 2000 2
persist 17588 3000 3
persist 19194 3000 3
persist 16372 2000 2
persist 20086 3000 3
persist 15115 2000 2
persist 23216 3000 3
persist 21043 3000 3
persist 15383 2000 2
write base data version: 115700, memory: 5583958016 bytes (5325.28 MB)
persist 19289 3000 3
persist 20492 3000 3
persist 11925 2000 2
persist 11826 2000 2
persist 17598 3000 3
persist 12317 2000 2
persist 14736 2000 2
persist 23171 3000 3
persist 14813 2000 2
persist 14868 2000 2
persist 21851 3000 3
persist 14721 2000 2
persist 21599 3000 3
persist 14094 2000 2
persist 21437 3000 3
persist 13921 2000 2
persist 15417 2000 2
persist 18840 3000 3
persist 12736 2000 2
persist 22291 3000 3
persist 23356 3000 3
persist 19635 3000 3
persist 21200 3000 3
persist 14894 2000 2
persist 24152 3000 3
persist 15211 2000 2
persist 11724 2000 2
persist 23274 3000 3
persist 14558 2000 2
persist 15121 2000 2
persist 17779 3000 3
persist 17578 3000 3
persist 11850 2000 2
persist 13947 2000 2
persist 19348 3000 3
persist 12002 2000 2
persist 11749 2000 2
persist 11921 2000 2
persist 16995 3000 3
persist 13044 2000 2
persist 12014 2000 2
write base data version: 115800, memory: 5583958016 bytes (5325.28 MB)
persist 19488 3000 3
persist 11936 2000 2
persist 11651 2000 2
persist 14838 2000 2
persist 21551 3000 3
persist 11853 2000 2
persist 15552 2000 2
persist 22632 3000 3
persist 14356 2000 2
persist 17470 3000 3
persist 12104 2000 2
persist 18010 3000 3
persist 13166 2000 2
persist 17788 3000 3
persist 16385 3000 3
persist 17861 3000 3
persist 23405 3000 3
persist 19191 3000 3
persist 24939 3000 3
persist 21091 3000 3
persist 20201 3000 3
persist 15066 2000 2
persist 22665 3000 3
persist 11665 2000 2
persist 23483 3000 3
persist 11892 2000 2
persist 22609 3000 3
persist 22719 3000 3
persist 15055 2000 2
persist 17574 3000 3
persist 12007 2000 2
persist 18631 3000 3
persist 15269 2000 2
persist 22638 3000 3
persist 22342 3000 3
persist 21228 3000 3
persist 12784 2000 2
persist 15756 3000 3
write base data version: 115900, memory: 5583958016 bytes (5325.28 MB)
persist 14463 2000 2
persist 21557 3000 3
persist 14192 2000 2
persist 14054 2000 2
persist 20349 3000 3
persist 12060 2000 2
persist 18222 3000 3
persist 12910 2000 2
persist 13970 2000 2
persist 20250 3000 3
persist 12515 2000 2
persist 13960 2000 2
persist 22354 3000 3
persist 14663 2000 2
persist 20443 3000 3
persist 13772 2000 2
persist 17875 3000 3
persist 12878 2000 2
persist 17371 3000 3
persist 11121 2000 2
persist 13767 2000 2
persist 19870 3000 3
persist 19678 3000 3
persist 13488 2000 2
persist 20600 3000 3
persist 14140 2000 2
persist 22073 3000 3
persist 13663 2000 2
persist 21409 3000 3
persist 14388 2000 2
persist 20410 3000 3
persist 20473 3000 3
persist 12956 2000 2
persist 19250 3000 3
persist 19224 3000 3
persist 13386 2000 2
persist 19637 3000 3
persist 19077 3000 3
persist 13726 2000 2
persist 19525 3000 3
write base data version: 116000, memory: 5583958016 bytes (5325.28 MB)
persist 18832 3000 3
persist 12607 2000 2
persist 18939 3000 3
persist 19000 3000 3
persist 18527 3000 3
persist 12684 2000 2
persist 18817 3000 3
persist 20684 3000 3
persist 13817 2000 2
persist 19842 3000 3
persist 19447 3000 3
persist 13054 2000 2
persist 19307 3000 3
persist 19135 3000 3
persist 13120 2000 2
persist 19383 3000 3
persist 19139 3000 3
persist 19824 3000 3
persist 13447 2000 2
persist 20221 3000 3
persist 13651 2000 2
persist 21506 3000 3
persist 13759 2000 2
persist 20720 3000 3
persist 14121 2000 2
persist 20446 3000 3
persist 14604 2000 2
persist 13621 2000 2
persist 19841 3000 3
persist 13398 2000 2
persist 19868 3000 3
persist 20357 3000 3
persist 13587 2000 2
persist 19857 3000 3
persist 19855 3000 3
persist 13089 2000 2
persist 19308 3000 3
persist 20116 3000 3
write base data version: 116100, memory: 5583958016 bytes (5325.28 MB)
persist 13650 2000 2
persist 19844 3000 3
persist 13366 2000 2
persist 19332 3000 3
persist 19932 3000 3
persist 19905 3000 3
persist 13078 2000 2
persist 18684 3000 3
persist 19314 3000 3
persist 12980 2000 2
persist 19105 3000 3
persist 19350 3000 3
persist 13139 2000 2
persist 19884 3000 3
persist 19521 3000 3
persist 22681 3000 3
persist 14499 2000 2
persist 20149 3000 3
persist 13189 2000 2
persist 19208 3000 3
persist 13349 2000 2
persist 15205 3000 3
persist 14914 3000 3
persist 9736 2000 2
persist 14354 3000 3
persist 9521 2000 2
persist 13756 3000 3
persist 15032 3000 3
persist 15106 3000 3
persist 9816 2000 2
persist 14676 3000 3
persist 15304 3000 3
persist 10246 3000 3
persist 6354 2000 2
persist 5868 2000 2
persist 6469 2000 2
persist 9503 3000 3
persist 6336 2000 2
persist 10881 3000 3
write base data version: 116200, memory: 5583958016 bytes (5325.28 MB)
persist 6293 2000 2
persist 6211 2000 2
persist 9360 3000 3
persist 6170 2000 2
persist 6291 2000 2
persist 6142 2000 2
persist 10241 3000 3
persist 6088 2000 2
persist 6102 2000 2
persist 20436 3000 3
persist 13283 2000 2
persist 19222 3000 3
persist 19285 3000 3
persist 12611 2000 2
persist 19777 3000 3
persist 19960 3000 3
persist 13227 2000 2
persist 13516 2000 2
persist 20133 3000 3
persist 19973 3000 3
persist 13367 2000 2
persist 19704 3000 3
persist 13867 2000 2
persist 19903 3000 3
persist 19293 3000 3
persist 13365 2000 2
persist 19657 3000 3
persist 12956 2000 2
persist 19580 3000 3
persist 19126 3000 3
persist 12507 2000 2
persist 18629 3000 3
persist 18494 3000 3
persist 18382 3000 3
persist 13253 2000 2
persist 19200 3000 3
persist 19021 3000 3
persist 19241 3000 3
persist 12670 2000 2
write base data version: 116300, memory: 5583958016 bytes (5325.28 MB)
persist 18137 3000 3
persist 18239 3000 3
persist 18994 3000 3
persist 18335 3000 3
persist 18771 3000 3
persist 12265 2000 2
persist 18946 3000 3
persist 18057 3000 3
persist 18483 3000 3
persist 18054 3000 3
persist 18340 3000 3
persist 12149 2000 2
persist 18376 3000 3
persist 18176 3000 3
persist 18283 3000 3
persist 18259 3000 3
persist 18481 3000 3
persist 17742 3000 3
persist 12308 2000 2
persist 18944 3000 3
persist 18466 3000 3
persist 18156 3000 3
persist 17832 3000 3
persist 19707 3000 3
persist 21471 3000 3
persist 13531 2000 2
persist 20113 3000 3
persist 18110 3000 3
persist 18270 3000 3
persist 18550 3000 3
persist 18241 3000 3
persist 19198 3000 3
persist 12972 2000 2
persist 18123 3000 3
persist 18179 3000 3
write base data version: 116400, memory: 5583958016 bytes (5325.28 MB)
persist 18515 3000 3
persist 19045 3000 3
persist 19558 3000 3
persist 12918 2000 2
persist 17929 3000 3
persist 18192 3000 3
persist 18449 3000 3
persist 17870 3000 3
persist 19393 3000 3
persist 12087 2000 2
persist 18432 3000 3
persist 18150 3000 3
persist 20541 3000 3
persist 19721 3000 3
persist 19836 3000 3
persist 13652 2000 2
persist 19930 3000 3
persist 19379 3000 3
persist 18811 3000 3
persist 18920 3000 3
persist 18683 3000 3
persist 18109 3000 3
persist 12545 2000 2
persist 19190 3000 3
persist 17779 3000 3
persist 18081 3000 3
persist 18197 3000 3
persist 18118 3000 3
persist 12213 2000 2
persist 18001 3000 3
persist 19608 3000 3
persist 19669 3000 3
persist 19809 3000 3
persist 19825 3000 3
persist 19319 3000 3
write base data version: 116500, memory: 5583958016 bytes (5325.28 MB)
persist 18179 3000 3
persist 19106 3000 3
persist 12162 2000 2
persist 20000 3000 3
persist 19467 3000 3
persist 19160 3000 3
persist 18688 3000 3
persist 18225 3000 3
persist 12160 2000 2
persist 18472 3000 3
persist 18422 3000 3
persist 17896 3000 3
persist 17746 3000 3
persist 18028 3000 3
persist 18857 3000 3
persist 12398 2000 2
persist 18091 3000 3
persist 19657 3000 3
persist 18985 3000 3
persist 18141 3000 3
persist 17804 3000 3
persist 18681 3000 3
persist 11999 2000 2
persist 18890 3000 3
persist 18020 3000 3
persist 18346 3000 3
persist 18036 3000 3
persist 17920 3000 3
persist 18428 3000 3
persist 12310 2000 2
persist 18335 3000 3
persist 17860 3000 3
persist 18762 3000 3
persist 19662 3000 3
persist 19891 3000 3
write base data version: 116600, memory: 5583958016 bytes (5325.28 MB)
persist 19493 3000 3
persist 20623 3000 3
persist 13622 2000 2
persist 20009 3000 3
persist 19616 3000 3
persist 19758 3000 3
persist 19636 3000 3
persist 18491 3000 3
persist 17974 3000 3
persist 12086 2000 2
persist 18978 3000 3
persist 18143 3000 3
persist 18287 3000 3
persist 18297 3000 3
persist 18811 3000 3
persist 18675 3000 3
persist 12439 2000 2
persist 18063 3000 3
persist 19094 3000 3
persist 18051 3000 3
persist 18138 3000 3
persist 18302 3000 3
persist 12604 2000 2
persist 19475 3000 3
persist 18103 3000 3
persist 18013 3000 3
persist 18135 3000 3
persist 18590 3000 3
persist 12397 2000 2
persist 18597 3000 3
persist 18028 3000 3
persist 19020 3000 3
persist 18838 3000 3
persist 12807 2000 2
persist 18174 3000 3
write base data version: 116700, memory: 5583958016 bytes (5325.28 MB)
persist 18102 3000 3
persist 19117 3000 3
persist 18952 3000 3
persist 18362 3000 3
persist 9679 2000 2
persist 8386 3000 3
persist 7793 3000 3
persist 5198 2000 2
persist 18280 3000 3
persist 18081 3000 3
persist 18479 3000 3
persist 12103 2000 2
persist 17946 3000 3
persist 18797 3000 3
persist 18923 3000 3
persist 18061 3000 3
persist 18082 3000 3
persist 19901 3000 3
persist 19489 3000 3
persist 18274 3000 3
persist 18242 3000 3
persist 12704 2000 2
persist 18360 3000 3
persist 18836 3000 3
persist 18175 3000 3
persist 17914 3000 3
persist 17969 3000 3
persist 19387 3000 3
persist 13993 2000 2
persist 19998 3000 3
persist 19507 3000 3
persist 19794 3000 3
persist 19783 3000 3
persist 19795 3000 3
persist 19573 3000 3
write base data version: 116800, memory: 5583958016 bytes (5325.28 MB)
persist 19675 3000 3
persist 14006 2000 2
persist 20083 3000 3
persist 19576 3000 3
persist 19734 3000 3
persist 19863 3000 3
persist 19792 3000 3
persist 19567 3000 3
persist 19467 3000 3
persist 13448 2000 2
persist 20038 3000 3
persist 19486 3000 3
persist 20298 3000 3
persist 19785 3000 3
persist 19840 3000 3
persist 19644 3000 3
persist 19382 3000 3
persist 19783 3000 3
persist 20298 3000 3
persist 20015 3000 3
persist 20245 3000 3
persist 20126 3000 3
persist 20421 3000 3
persist 21170 3000 3
persist 13683 2000 2
persist 20487 3000 3
persist 19442 3000 3
persist 19953 3000 3
persist 19960 3000 3
persist 19842 3000 3
persist 19744 3000 3
persist 19579 3000 3
persist 17943 3000 3
persist 12318 2000 2
persist 18063 3000 3
write base data version: 116900, memory: 5583958016 bytes (5325.28 MB)
persist 19047 3000 3
persist 18569 3000 3
persist 19732 3000 3
persist 19578 3000 3
persist 19846 3000 3
persist 14312 2000 2
persist 19798 3000 3
persist 19598 3000 3
persist 20085 3000 3
persist 19521 3000 3
persist 20043 3000 3
persist 19872 3000 3
persist 19720 3000 3
persist 19742 3000 3
persist 19589 3000 3
persist 19542 3000 3
persist 13584 2000 2
persist 19953 3000 3
persist 18790 3000 3
persist 18167 3000 3
persist 17843 3000 3
persist 17744 3000 3
persist 18949 3000 3
persist 12372 2000 2
persist 18440 3000 3
persist 18071 3000 3
persist 18422 3000 3
persist 18324 3000 3
persist 18731 3000 3
persist 18821 3000 3
persist 12634 2000 2
persist 19178 3000 3
persist 18247 3000 3
persist 17855 3000 3
persist 18400 3000 3
write base data version: 117000, memory: 5583958016 bytes (5325.28 MB)
persist 12408 2000 2
persist 18069 3000 3
persist 18800 3000 3
persist 18656 3000 3
persist 13715 2000 2
persist 20297 3000 3
persist 20268 3000 3
persist 19830 3000 3
persist 19806 3000 3
persist 19043 3000 3
persist 13071 2000 2
persist 19384 3000 3
persist 19606 3000 3
persist 19955 3000 3
persist 19860 3000 3
persist 19842 3000 3
persist 19642 3000 3
persist 13727 2000 2
persist 19719 3000 3
persist 19354 3000 3
persist 19708 3000 3
persist 19764 3000 3
persist 19208 3000 3
persist 13053 2000 2
persist 20301 3000 3
persist 19569 3000 3
persist 19293 3000 3
persist 19886 3000 3
persist 19762 3000 3
persist 12677 2000 2
persist 18981 3000 3
persist 18627 3000 3
persist 18883 3000 3
persist 12926 2000 2
persist 19548 3000 3
write base data version: 117100, memory: 5583958016 bytes (5325.28 MB)
persist 18785 3000 3
persist 12759 2000 2
persist 18989 3000 3
persist 18913 3000 3
persist 19011 3000 3
persist 12587 2000 2
persist 18776 3000 3
persist 18763 3000 3
persist 12640 2000 2
persist 18858 3000 3
persist 18961 3000 3
persist 18884 3000 3
persist 13203 2000 2
persist 18800 3000 3
persist 18695 3000 3
persist 19157 3000 3
persist 12287 2000 2
persist 18435 3000 3
persist 18228 3000 3
persist 12196 2000 2
persist 18813 3000 3
persist 18671 3000 3
persist 18358 3000 3
persist 17997 3000 3
persist 18693 3000 3
persist 12238 2000 2
persist 18567 3000 3
persist 18295 3000 3
persist 18692 3000 3
persist 12832 2000 2
persist 18438 3000 3
persist 18191 3000 3
persist 18331 3000 3
persist 12666 2000 2
persist 18785 3000 3
persist 18809 3000 3
persist 18160 3000 3
write base data version: 117200, memory: 5583958016 bytes (5325.28 MB)
persist 12646 2000 2
persist 18283 3000 3
persist 17947 3000 3
persist 18590 3000 3
persist 12377 2000 2
persist 18598 3000 3
persist 18854 3000 3
persist 18254 3000 3
persist 12060 2000 2
persist 18803 3000 3
persist 18455 3000 3
persist 18580 3000 3
persist 18948 3000 3
persist 12958 2000 2
persist 19430 3000 3
persist 18188 3000 3
persist 18694 3000 3
persist 12465 2000 2
persist 18887 3000 3
persist 18537 3000 3
persist 18364 3000 3
persist 18362 3000 3
persist 12739 2000 2
persist 18298 3000 3
persist 18489 3000 3
persist 17900 3000 3
persist 18502 3000 3
persist 12306 2000 2
persist 18342 3000 3
persist 18273 3000 3
persist 18676 3000 3
persist 17815 3000 3
persist 17752 3000 3
persist 18986 3000 3
persist 12120 2000 2
write base data version: 117300, memory: 5583958016 bytes (5325.28 MB)
persist 19058 3000 3
persist 18350 3000 3
persist 18756 3000 3
persist 18358 3000 3
persist 18205 3000 3
persist 18182 3000 3
persist 12017 2000 2
persist 17983 3000 3
persist 18325 3000 3
persist 19387 3000 3
persist 19001 3000 3
persist 20157 3000 3
persist 12664 2000 2
persist 19023 3000 3
persist 18938 3000 3
persist 12827 2000 2
persist 18384 3000 3
persist 17954 3000 3
persist 19096 3000 3
persist 18229 3000 3
persist 18800 3000 3
persist 19833 3000 3
persist 12756 2000 2
persist 19157 3000 3
persist 18997 3000 3
persist 19829 3000 3
persist 19509 3000 3
persist 19336 3000 3
persist 18181 3000 3
persist 12080 2000 2
persist 18260 3000 3
persist 18074 3000 3
persist 18342 3000 3
persist 18408 3000 3
persist 18019 3000 3
persist 17917 3000 3
write base data version: 117400, memory: 5583958016 bytes (5325.28 MB)
persist 18970 3000 3
persist 12975 2000 2
persist 19496 3000 3
persist 19896 3000 3
persist 20498 3000 3
persist 19889 3000 3
persist 19844 3000 3
persist 19567 3000 3
persist 13503 2000 2
persist 20154 3000 3
persist 19663 3000 3
persist 20029 3000 3
persist 19303 3000 3
persist 19909 3000 3
persist 20076 3000 3
persist 19779 3000 3
persist 19685 3000 3
persist 19693 3000 3
persist 20558 3000 3
persist 21708 3000 3
persist 13600 2000 2
persist 19843 3000 3
persist 19673 3000 3
persist 19882 3000 3
persist 19254 3000 3
persist 19841 3000 3
persist 19698 3000 3
persist 19622 3000 3
persist 20356 3000 3
persist 19628 3000 3
persist 20010 3000 3
persist 13565 2000 2
persist 19938 3000 3
persist 20053 3000 3
write base data version: 117500, memory: 5583958016 bytes (5325.28 MB)
persist 20115 3000 3
persist 19747 3000 3
persist 19707 3000 3
persist 20000 3000 3
persist 19605 3000 3
persist 20393 3000 3
persist 13877 2000 2
persist 19994 3000 3
persist 20175 3000 3
persist 19962 3000 3
persist 19277 3000 3
persist 19849 3000 3
persist 19930 3000 3
persist 19722 3000 3
persist 19905 3000 3
persist 18537 3000 3
persist 12802 2000 2
persist 17944 3000 3
persist 18739 3000 3
persist 18762 3000 3
persist 18395 3000 3
persist 19097 3000 3
persist 13215 2000 2
persist 19825 3000 3
persist 19445 3000 3
persist 19957 3000 3
persist 19677 3000 3
persist 19022 3000 3
persist 18985 3000 3
persist 19594 3000 3
persist 18821 3000 3
persist 12337 2000 2
persist 18466 3000 3
persist 18400 3000 3
persist 17930 3000 3
write base data version: 117600, memory: 5583958016 bytes (5325.28 MB)
persist 18452 3000 3
persist 18017 3000 3
persist 12036 2000 2
persist 19781 3000 3
persist 18963 3000 3
persist 19098 3000 3
persist 18819 3000 3
persist 12468 2000 2
persist 18026 3000 3
persist 18258 3000 3
persist 18316 3000 3
persist 18751 3000 3
persist 18202 3000 3
persist 17744 3000 3
persist 19209 3000 3
persist 12232 2000 2
persist 18622 3000 3
persist 18133 3000 3
persist 17890 3000 3
persist 18047 3000 3
persist 18678 3000 3
persist 17994 3000 3
persist 18429 3000 3
persist 12264 2000 2
persist 17980 3000 3
persist 19924 3000 3
persist 19919 3000 3
persist 19794 3000 3
persist 19823 3000 3
persist 19819 3000 3
persist 19716 3000 3
persist 19922 3000 3
persist 19882 3000 3
persist 13656 2000 2
persist 20191 3000 3
write base data version: 117700, memory: 5583958016 bytes (5325.28 MB)
persist 20008 3000 3
persist 20510 3000 3
persist 19982 3000 3
persist 20394 3000 3
persist 19554 3000 3
persist 19795 3000 3
persist 20083 3000 3
persist 19975 3000 3
persist 19749 3000 3
persist 19922 3000 3
persist 19499 3000 3
persist 19915 3000 3
persist 19495 3000 3
persist 19731 3000 3
persist 20060 3000 3
persist 13445 2000 2
persist 20097 3000 3
persist 19877 3000 3
persist 20316 3000 3
persist 19885 3000 3
persist 20215 3000 3
persist 19673 3000 3
persist 19658 3000 3
persist 19796 3000 3
persist 19909 3000 3
persist 19811 3000 3
persist 19916 3000 3
persist 19679 3000 3
persist 20371 3000 3
persist 13650 2000 2
persist 19800 3000 3
persist 20039 3000 3
persist 20323 3000 3
persist 20033 3000 3
write base data version: 117800, memory: 5583958016 bytes (5325.28 MB)
persist 19772 3000 3
persist 19716 3000 3
persist 19814 3000 3
persist 20624 3000 3
persist 20886 3000 3
persist 21521 3000 3
persist 20580 3000 3
persist 13412 2000 2
persist 19856 3000 3
persist 19838 3000 3
persist 19863 3000 3
persist 19834 3000 3
persist 19872 3000 3
persist 19484 3000 3
persist 19605 3000 3
persist 19743 3000 3
persist 19855 3000 3
persist 19827 3000 3
persist 19603 3000 3
persist 19568 3000 3
persist 19598 3000 3
persist 20589 3000 3
persist 13506 2000 2
persist 20311 3000 3
persist 19650 3000 3
persist 19966 3000 3
persist 19618 3000 3
persist 19880 3000 3
persist 19673 3000 3
persist 19866 3000 3
persist 20724 3000 3
persist 19732 3000 3
persist 20196 3000 3
persist 13388 2000 2
write base data version: 117900, memory: 5583958016 bytes (5325.28 MB)
persist 20145 3000 3
persist 19770 3000 3
persist 20242 3000 3
persist 19445 3000 3
persist 19776 3000 3
persist 19772 3000 3
persist 19535 3000 3
persist 13718 2000 2
persist 20265 3000 3
persist 19566 3000 3
persist 19838 3000 3
persist 19466 3000 3
persist 19728 3000 3
persist 19957 3000 3
persist 19770 3000 3
persist 19794 3000 3
persist 19517 3000 3
persist 19779 3000 3
persist 19864 3000 3
persist 13554 2000 2
persist 19772 3000 3
persist 18393 3000 3
persist 18058 3000 3
persist 18651 3000 3
persist 18169 3000 3
persist 17795 3000 3
persist 18132 3000 3
persist 12366 2000 2
persist 18908 3000 3
persist 17976 3000 3
persist 18304 3000 3
persist 12376 2000 2
persist 18327 3000 3
persist 19249 3000 3
persist 19647 3000 3
write base data version: 118000, memory: 5583958016 bytes (5325.28 MB)
persist 19654 3000 3
persist 19629 3000 3
persist 19594 3000 3
persist 14013 2000 2
persist 19983 3000 3
persist 19798 3000 3
persist 19860 3000 3
persist 19782 3000 3
persist 19754 3000 3
persist 19836 3000 3
persist 19859 3000 3
persist 19622 3000 3
persist 21002 3000 3
persist 13481 2000 2
persist 19969 3000 3
persist 19936 3000 3
persist 19621 3000 3
persist 19669 3000 3
persist 19931 3000 3
persist 19682 3000 3
persist 19567 3000 3
persist 19518 3000 3
persist 20425 3000 3
persist 13377 2000 2
persist 19516 3000 3
persist 18735 3000 3
persist 18287 3000 3
persist 18842 3000 3
persist 18659 3000 3
persist 12080 2000 2
persist 18761 3000 3
persist 18300 3000 3
persist 17860 3000 3
persist 12697 2000 2
persist 19053 3000 3
write base data version: 118100, memory: 5583958016 bytes (5325.28 MB)
persist 18621 3000 3
persist 18185 3000 3
persist 17964 3000 3
persist 20293 3000 3
persist 12490 2000 2
persist 18032 3000 3
persist 18144 3000 3
persist 18585 3000 3
persist 18279 3000 3
persist 18652 3000 3
persist 12332 2000 2
persist 18175 3000 3
persist 18510 3000 3
persist 18276 3000 3
persist 18068 3000 3
persist 18117 3000 3
persist 19667 3000 3
persist 12019 2000 2
persist 18334 3000 3
persist 18293 3000 3
persist 18280 3000 3
persist 17893 3000 3
persist 12646 2000 2
persist 18909 3000 3
persist 18178 3000 3
persist 18901 3000 3
persist 17966 3000 3
persist 18106 3000 3
persist 21208 3000 3
persist 13707 2000 2
persist 20025 3000 3
persist 19397 3000 3
persist 19710 3000 3
persist 19686 3000 3
persist 20145 3000 3
write base data version: 118200, memory: 5583958016 bytes (5325.28 MB)
persist 13446 2000 2
persist 20812 3000 3
persist 19919 3000 3
persist 19953 3000 3
persist 19547 3000 3
persist 19666 3000 3
persist 19693 3000 3
persist 19930 3000 3
persist 19736 3000 3
persist 19596 3000 3
persist 19661 3000 3
persist 19753 3000 3
persist 13556 2000 2
persist 20380 3000 3
persist 19584 3000 3
persist 19456 3000 3
persist 19239 3000 3
persist 19612 3000 3
persist 19834 3000 3
persist 19264 3000 3
persist 18785 3000 3
persist 19773 3000 3
persist 19990 3000 3
persist 19959 3000 3
persist 21285 3000 3
persist 13624 2000 2
persist 19925 3000 3
persist 19482 3000 3
persist 20294 3000 3
persist 19788 3000 3
persist 19723 3000 3
persist 19854 3000 3
persist 19999 3000 3
persist 19564 3000 3
write base data version: 118300, memory: 5583958016 bytes (5325.28 MB)
persist 19766 3000 3
persist 21088 3000 3
persist 13162 2000 2
persist 19245 3000 3
persist 18296 3000 3
persist 18116 3000 3
persist 18059 3000 3
persist 18898 3000 3
persist 18632 3000 3
persist 12259 2000 2
persist 18334 3000 3
persist 19498 3000 3
persist 18551 3000 3
persist 19745 3000 3
persist 12359 2000 2
persist 18099 3000 3
persist 18313 3000 3
persist 17874 3000 3
persist 18251 3000 3
persist 18222 3000 3
persist 12596 2000 2
persist 18472 3000 3
persist 19490 3000 3
persist 19498 3000 3
persist 18824 3000 3
persist 19222 3000 3
persist 12819 2000 2
persist 18959 3000 3
persist 19029 3000 3
persist 19199 3000 3
persist 13148 2000 2
persist 19900 3000 3
persist 19389 3000 3
persist 13495 2000 2
persist 19337 3000 3
persist 19167 3000 3
write base data version: 118400, memory: 5583958016 bytes (5325.28 MB)
persist 18949 3000 3
persist 19024 3000 3
persist 12647 2000 2
persist 19776 3000 3
persist 19713 3000 3
persist 19622 3000 3
persist 12896 2000 2
