entry_count,batch_size,value_size,load_latency,get_latency,put_latency,load_throughput,get_throughput,put_throughput
1000000,500,1024,0.1782220099009901,0.0092160775,0.023161864999999997,57620.42871287128,55506.994999999995,25043.201999999997
1000000,1000,1024,0.1821322574257426,0.018177795000000004,0.040706155,56523.21782178218,55144.93500000001,25013.79
1000000,2000,1024,0.19183114851485142,0.037478584999999995,0.08150466,53796.477227722775,53692.875,25123.795
1000000,3000,1024,0.1740774554455445,0.05408313,0.12604555,58826.0,56316.384999999995,24494.36
1000000,4000,1024,0.17982676237623757,0.07640334,0.16456224999999997,57076.55742574256,52562.95,24613.370000000003
1000000,5000,1024,0.186609198019802,0.10665431,0.25089295,55253.255445544564,47244.28000000001,20227.799999999996
