entry_count,batch_size,value_size,load_latency,get_latency,put_latency,load_throughput,get_throughput,put_throughput
1000000,500,1024,0.18392431683168314,0.0081678055,0.020109319999999997,59084.16435643563,61377.605,26636.934999999998
1000000,1000,1024,0.17399652475247523,0.020016525,0.038778789999999994,61485.4504950495,50595.674999999996,28233.264999999996
1000000,2000,1024,0.18286174257425744,0.03401772,0.06970722,58150.80099009901,59105.375000000015,29618.355
1000000,3000,1024,0.16633162376237623,0.06002804000000002,0.12026440500000002,62675.04455445545,50097.265,25633.29
1000000,4000,1024,0.1800377920792079,0.079693555,0.15450145,59849.21584158416,50638.060000000005,26525.115
1000000,5000,1024,0.16562563366336638,0.098505555,0.2040676,62576.484158415835,50835.96000000001,24872.665
