entry_count,batch_size,value_size,load_latency,get_latency,put_latency,load_throughput,get_throughput,put_throughput
1000000,500,1024,0.18169998019801983,0.010302067,0.0185284,56457.92475247525,55277.240000000005,27701.454999999998
1000000,1000,1024,0.6309456435643565,0.0050083305,0.04054093500000001,17592.440396039605,202628.2,27385.189000000002
1000000,2000,1024,0.17686184158415846,0.013936719999999996,0.07506853,57647.52574257426,159617.26499999998,27217.675
1000000,3000,1024,0.17408543564356432,0.019098949999999996,0.111943245,59067.54356435644,172152.85,27511.575000000004
1000000,4000,1024,0.17605044554455443,0.020892614999999996,0.14701360000000002,58354.55841584159,204700.41499999998,27500.315000000002
1000000,5000,1024,0.17972763366336636,0.02085998,0.17526410000000003,57702.602970297026,272145.645,29016.080000000005
